{
"type": "FeatureCollection",
"name": "Tier_2_VTA_parcels",
"crs": { "type": "name", "properties": { "name": "urn:ogc:def:crs:EPSG::2227" } },
"features": [
{ "type": "Feature", "properties": { "stop_name": "Alder Station", "stop_id": "64803", "stop_desc": "Eastbound", "route_info": { "route_id": [ "SC:Event-Orange", "SC:Orange Line" ], "route_type": [ "0" ] } }, "geometry": { "type": "MultiPolygon", "coordinates": [ [ [ [ 6141507.191208563745022, 1925039.463339046342298 ], [ 6141272.988084786571562, 1924928.693511096062139 ], [ 6141029.055371294729412, 1924841.412990592885762 ], [ 6140777.74227346573025, 1924778.462336661526933 ], [ 6140521.469073813408613, 1924740.44779851147905 ], [ 6140262.70382334291935, 1924727.735476925969124 ], [ 6140003.938572872430086, 1924740.44779851147905 ], [ 6139747.665373220108449, 1924778.462336661526933 ], [ 6139496.352275391109288, 1924841.412990592885762 ], [ 6139252.419561899267137, 1924928.693511096062139 ], [ 6139018.216438122093678, 1925039.463339046342298 ], [ 6138795.998408171348274, 1925172.655700447270647 ], [ 6138587.90555315092206, 1925326.987880048342049 ], [ 6138395.941921010613441, 1925500.973574593430385 ], [ 6138221.956226465292275, 1925692.937206733971834 ], [ 6138067.624046863988042, 1925901.030061754165217 ], [ 6137934.431685463525355, 1926123.248091705376282 ], [ 6137823.661857512779534, 1926357.451215482084081 ], [ 6137736.38133701030165, 1926601.383928974159062 ], [ 6137673.430683078244328, 1926852.697026803391054 ], [ 6137635.416144927963614, 1927108.970226455945522 ], [ 6137622.70382334291935, 1927367.735476925969124 ], [ 6137635.416144927963614, 1927626.500727395992726 ], [ 6137673.430683078244328, 1927882.773927048547193 ], [ 6137736.38133701030165, 1928134.087024877779186 ], [ 6137823.661857512779534, 1928378.019738369854167 ], [ 6137934.431685463525355, 1928612.222862146561965 ], [ 6138067.624046863988042, 1928834.44089209777303 ], [ 6138098.003512568771839, 1928875.402859775815159 ], [ 6138206.888860197737813, 1929057.067087260307744 ], [ 6138361.221039799042046, 1929265.159942280501127 ], [ 6138535.206734344363213, 1929457.123574421042576 ], [ 6138727.170366484671831, 1929631.109268966130912 ], [ 6138935.263221505098045, 1929785.441448567202315 ], [ 6139107.832777603529394, 1929888.875659948447719 ], [ 6139108.526715761050582, 1929903.00109564838931 ], [ 6139146.541253911331296, 1930159.274295300943777 ], [ 6139209.491907843388617, 1930410.587393130175769 ], [ 6139296.772428345866501, 1930654.520106622250751 ], [ 6139296.929869629442692, 1930654.852988249156624 ], [ 6139296.965013262815773, 1930654.951208123238757 ], [ 6139407.734841213561594, 1930889.154331899946555 ], [ 6139540.927202614024282, 1931111.372361851157621 ], [ 6139670.88892903085798, 1931286.605464651016518 ], [ 6139694.431816862896085, 1931325.884400007547811 ], [ 6139848.763996464200318, 1931533.977255027741194 ], [ 6140022.749691009521484, 1931725.940887168282643 ], [ 6140214.713323149830103, 1931899.926581713370979 ], [ 6140422.806178170256317, 1932054.258761314442381 ], [ 6140645.02420812100172, 1932187.45112271537073 ], [ 6140879.22733189817518, 1932298.220950665650889 ], [ 6141123.160045390017331, 1932385.501471168827266 ], [ 6141296.597161877900362, 1932428.945207262178883 ], [ 6141287.75693734548986, 1932488.541160200256854 ], [ 6141275.044615760445595, 1932747.306410670280457 ], [ 6141287.75693734548986, 1933006.071661140304059 ], [ 6141325.771475495770574, 1933262.344860792858526 ], [ 6141388.722129427827895, 1933513.657958622090518 ], [ 6141476.002649930305779, 1933757.5906721141655 ], [ 6141586.7724778810516, 1933991.793795890873298 ], [ 6141719.964839281514287, 1934214.011825842084363 ], [ 6141874.29701888281852, 1934422.104680862277746 ], [ 6142048.282713428139687, 1934614.068313002819195 ], [ 6142240.246345568448305, 1934788.054007547907531 ], [ 6142448.339200588874519, 1934942.386187148978934 ], [ 6142670.557230539619923, 1935075.578548549907282 ], [ 6142904.760354316793382, 1935186.348376500187442 ], [ 6143028.203718711622059, 1935230.517118538962677 ], [ 6143084.092426338233054, 1935453.637346367351711 ], [ 6143171.372946840710938, 1935697.570059859426692 ], [ 6143282.142774791456759, 1935931.77318363613449 ], [ 6143415.335136191919446, 1936153.991213587345555 ], [ 6143569.667315793223679, 1936362.084068607538939 ], [ 6143743.653010338544846, 1936554.047700748080388 ], [ 6143935.616642478853464, 1936728.033395293168724 ], [ 6144143.709497499279678, 1936882.365574894240126 ], [ 6144356.564814373850822, 1937009.946142040425912 ], [ 6144373.790074083022773, 1937022.721265313914046 ], [ 6144596.008104033768177, 1937155.913626714842394 ], [ 6144830.211227810941637, 1937266.683454665122554 ], [ 6145074.143941302783787, 1937353.96397516829893 ], [ 6145325.457039131782949, 1937416.914629099657759 ], [ 6145581.730238784104586, 1937454.929167249705642 ], [ 6145840.495489254593849, 1937467.641488835215569 ], [ 6146099.260739725083113, 1937454.929167249705642 ], [ 6146355.533939377404749, 1937416.914629099657759 ], [ 6146606.847037206403911, 1937353.96397516829893 ], [ 6146798.325203970074654, 1937285.451991593465209 ], [ 6146719.543672007508576, 1937452.021545982686803 ], [ 6146632.263151505030692, 1937695.954259474761784 ], [ 6146569.312497572973371, 1937947.267357303993776 ], [ 6146531.297959422692657, 1938203.540556956548244 ], [ 6146518.585637837648392, 1938462.305807426571846 ], [ 6146531.297959422692657, 1938721.071057896595448 ], [ 6146569.312497572973371, 1938977.344257549149916 ], [ 6146632.263151505030692, 1939228.657355378381908 ], [ 6146719.543672007508576, 1939472.590068870456889 ], [ 6146830.313499958254397, 1939706.793192647164688 ], [ 6146963.505861358717084, 1939929.011222598375753 ], [ 6147026.962589605711401, 1940014.572715900372714 ], [ 6147107.292319195345044, 1940148.594772932352498 ], [ 6147261.624498796649277, 1940356.687627952545881 ], [ 6147435.610193341970444, 1940548.65126009308733 ], [ 6147627.573825482279062, 1940722.636954638175666 ], [ 6147835.666680502705276, 1940876.969134239247069 ], [ 6148057.88471045345068, 1941010.161495640175417 ], [ 6148292.087834230624139, 1941120.931323590455577 ], [ 6148536.02054772246629, 1941208.211844093631953 ], [ 6148782.128021099604666, 1941269.858556980267167 ], [ 6148782.326593836769462, 1941273.900597895961255 ], [ 6148820.341131987050176, 1941530.173797548515722 ], [ 6148883.291785919107497, 1941781.486895377747715 ], [ 6148970.572306421585381, 1942025.419608869822696 ], [ 6149081.342134372331202, 1942259.622732646530494 ], [ 6149214.534495772793889, 1942481.840762597741559 ], [ 6149342.790711621753871, 1942654.774250604677945 ], [ 6149368.018112691119313, 1942696.863626507343724 ], [ 6149522.350292292423546, 1942904.956481527537107 ], [ 6149696.335986837744713, 1943096.920113668078557 ], [ 6149888.299618978053331, 1943270.905808213166893 ], [ 6150096.392473998479545, 1943425.237987814238295 ], [ 6150318.610503949224949, 1943558.430349215166643 ], [ 6150552.813627726398408, 1943669.200177165446803 ], [ 6150796.746341218240559, 1943756.480697668623179 ], [ 6151048.059439047239721, 1943819.431351599982008 ], [ 6151203.083205812610686, 1943842.426955135073513 ], [ 6151132.730711755342782, 1943991.17480622860603 ], [ 6151045.450191252864897, 1944235.107519720681012 ], [ 6150982.499537320807576, 1944486.420617549913004 ], [ 6150944.484999170526862, 1944742.693817202467471 ], [ 6150931.772677585482597, 1945001.459067672491074 ], [ 6150932.773128871805966, 1945021.823721441207454 ], [ 6150923.526707759127021, 1945084.158029292244464 ], [ 6150910.814386174082756, 1945342.923279762268066 ], [ 6150923.526707759127021, 1945601.688530232291669 ], [ 6150961.541245909407735, 1945857.961729884846136 ], [ 6151024.491899841465056, 1946109.274827714078128 ], [ 6151111.77242034394294, 1946353.20754120615311 ], [ 6151222.542248294688761, 1946587.410664982860908 ], [ 6151355.734609695151448, 1946809.628694934071973 ], [ 6151510.066789296455681, 1947017.721549954265356 ], [ 6151684.052483841776848, 1947209.685182094806805 ], [ 6151876.016115982085466, 1947383.670876639895141 ], [ 6152084.10897100251168, 1947538.003056240966544 ], [ 6152306.327000953257084, 1947671.195417641894892 ], [ 6152540.530124730430543, 1947781.965245592175052 ], [ 6152784.462838222272694, 1947869.245766095351428 ], [ 6153035.775936051271856, 1947932.196420026710257 ], [ 6153273.202614301815629, 1947967.415340812876821 ], [ 6153390.348783038556576, 1948037.630052223103121 ], [ 6153624.551906815730035, 1948148.399880173383281 ], [ 6153868.484620307572186, 1948235.680400676559657 ], [ 6154119.797718136571348, 1948298.631054607918486 ], [ 6154317.558254805393517, 1948327.966059110825881 ], [ 6154295.829346349462867, 1948474.450461287517101 ], [ 6154283.95547166466713, 1948716.148733017966151 ], [ 6154137.670480671338737, 1948803.828582363435999 ], [ 6153929.577625650912523, 1948958.160761964507401 ], [ 6153737.613993510603905, 1949132.146456509595737 ], [ 6153563.628298965282738, 1949324.110088650137186 ], [ 6153409.296119363978505, 1949532.202943670330569 ], [ 6153276.103757963515818, 1949754.420973621541634 ], [ 6153192.989860359579325, 1949930.150545547017828 ], [ 6153138.303879188373685, 1950003.886055412469432 ], [ 6153005.111517787910998, 1950226.104085363680497 ], [ 6152894.341689837165177, 1950460.307209140388295 ], [ 6152807.061169334687293, 1950704.239922632463276 ], [ 6152744.110515402629972, 1950955.553020461695269 ], [ 6152706.095977252349257, 1951211.826220114249736 ], [ 6152704.093746870756149, 1951252.582555823493749 ], [ 6152512.088990811258554, 1951394.982988041825593 ], [ 6152320.125358670949936, 1951568.968682586913928 ], [ 6152146.139664125628769, 1951760.932314727455378 ], [ 6151991.807484524324536, 1951969.025169747648761 ], [ 6151858.615123123861849, 1952191.243199698859826 ], [ 6151747.845295173116028, 1952425.446323475567624 ], [ 6151660.564774670638144, 1952669.379036967642605 ], [ 6151597.614120738580823, 1952920.692134796874598 ], [ 6151559.599582588300109, 1953176.965334449429065 ], [ 6151546.887261003255844, 1953435.730584919452667 ], [ 6151546.888200680725276, 1953435.749712499091402 ], [ 6151546.881355509161949, 1953435.889049172401428 ], [ 6151559.593677094206214, 1953694.65429964242503 ], [ 6151597.608215244486928, 1953950.927499294979498 ], [ 6151660.558869176544249, 1954202.24059712421149 ], [ 6151747.839389679022133, 1954446.173310616286471 ], [ 6151809.60438631568104, 1954576.764423918910325 ], [ 6151760.578773457556963, 1954579.172897836659104 ], [ 6151504.305573805235326, 1954617.187435986706987 ], [ 6151252.992475976236165, 1954680.138089918065816 ], [ 6151009.059762484394014, 1954767.418610421242192 ], [ 6150774.856638707220554, 1954878.188438371522352 ], [ 6150552.638608756475151, 1955011.3807997724507 ], [ 6150344.545753736048937, 1955165.712979373522103 ], [ 6150152.582121595740318, 1955339.698673918610439 ], [ 6149978.596427050419152, 1955531.662306059151888 ], [ 6149824.264247449114919, 1955739.755161079345271 ], [ 6149691.071886048652232, 1955961.973191030556336 ], [ 6149580.302058097906411, 1956196.176314807264134 ], [ 6149493.021537595428526, 1956440.109028299339116 ], [ 6149464.20804631896317, 1956555.138933466281742 ], [ 6149461.178425424732268, 1956563.606156636960804 ], [ 6149398.227771492674947, 1956814.919254466192797 ], [ 6149360.213233342394233, 1957071.192454118747264 ], [ 6149347.500911757349968, 1957329.957704588770866 ], [ 6149360.213233342394233, 1957588.722955058794469 ], [ 6149364.220056449063122, 1957615.734762331005186 ], [ 6149132.829082868993282, 1957725.174542293651029 ], [ 6148910.611052918247879, 1957858.366903694579378 ], [ 6148702.518197897821665, 1958012.69908329565078 ], [ 6148510.554565757513046, 1958186.684777840739116 ], [ 6148336.56887121219188, 1958378.648409981280565 ], [ 6148182.236691610887647, 1958586.741265001473948 ], [ 6148049.04433021042496, 1958808.959294952685013 ], [ 6147938.274502259679139, 1959043.162418729392812 ], [ 6147850.993981757201254, 1959287.095132221467793 ], [ 6147828.547732823528349, 1959376.705581068526953 ], [ 6147810.234548845328391, 1959427.887501557357609 ], [ 6147747.28389491327107, 1959679.200599386589602 ], [ 6147709.269356762990355, 1959935.473799039144069 ], [ 6147705.903557607904077, 1960003.986214767210186 ], [ 6147661.005612495355308, 1960030.897007437655702 ], [ 6147452.912757474929094, 1960185.229187038727105 ], [ 6147260.949125334620476, 1960359.214881583815441 ], [ 6147086.963430789299309, 1960551.17851372435689 ], [ 6146932.631251187995076, 1960759.271368744550273 ], [ 6146799.438889787532389, 1960981.489398695761338 ], [ 6146688.669061836786568, 1961215.692522472469136 ], [ 6146601.388541334308684, 1961459.625235964544117 ], [ 6146575.265063126571476, 1961563.916006981162354 ], [ 6146560.790853508748114, 1961604.368712891824543 ], [ 6146497.840199576690793, 1961855.681810721056536 ], [ 6146459.825661426410079, 1962111.955010373611003 ], [ 6146447.113339841365814, 1962370.720260843634605 ], [ 6146455.343103425577283, 1962538.24094703886658 ], [ 6146337.235920779407024, 1962594.101484209997579 ], [ 6146115.017890828661621, 1962727.293845610925928 ], [ 6145906.925035808235407, 1962881.62602521199733 ], [ 6145714.961403667926788, 1963055.611719757085666 ], [ 6145540.975709122605622, 1963247.575351897627115 ], [ 6145386.643529521301389, 1963455.668206917820498 ], [ 6145253.451168120838702, 1963677.886236869031563 ], [ 6145142.681340170092881, 1963912.089360645739362 ], [ 6145055.400819667614996, 1964156.022074137814343 ], [ 6145034.360023933462799, 1964240.02163929794915 ], [ 6145011.890408002771437, 1964302.820008893497288 ], [ 6144948.939754070714116, 1964554.133106722729281 ], [ 6144925.228120042011142, 1964713.983958983793855 ], [ 6144787.187773976475, 1964816.361657050438225 ], [ 6144595.224141836166382, 1964990.347351595526561 ], [ 6144421.238447290845215, 1965182.31098373606801 ], [ 6144266.906267689540982, 1965390.403838756261393 ], [ 6144133.713906289078295, 1965612.621868707472458 ], [ 6144022.944078338332474, 1965846.824992484180257 ], [ 6143935.66355783585459, 1966090.757705976255238 ], [ 6143915.740982035174966, 1966170.293086919933558 ], [ 6143891.329985090531409, 1966238.517252971418202 ], [ 6143828.379331158474088, 1966489.830350800650194 ], [ 6143790.364793008193374, 1966746.103550453204662 ], [ 6143777.652471423149109, 1967004.868800923228264 ], [ 6143780.241262599825859, 1967057.564855901291594 ], [ 6143560.981004166416824, 1967188.984397279331461 ], [ 6143352.88814914599061, 1967343.316576880402863 ], [ 6143160.924517005681992, 1967517.302271425491199 ], [ 6142986.938822460360825, 1967709.265903566032648 ], [ 6142832.606642859056592, 1967917.358758586226031 ], [ 6142699.414281458593905, 1968139.576788537437096 ], [ 6142588.644453507848084, 1968373.779912314144894 ], [ 6142501.3639330053702, 1968617.712625806219876 ], [ 6142474.934008861891925, 1968723.226797572569922 ], [ 6142460.16913350764662, 1968764.491859798319638 ], [ 6142397.218479575589299, 1969015.80495762755163 ], [ 6142359.203941425308585, 1969272.078157280106097 ], [ 6142346.49161984026432, 1969530.8434077501297 ], [ 6142352.211641615256667, 1969647.277125809108838 ], [ 6142328.041511364281178, 1969658.708746046526358 ], [ 6142105.823481413535774, 1969791.901107447454706 ], [ 6141897.73062639310956, 1969946.233287048526108 ], [ 6141705.766994252800941, 1970120.218981593614444 ], [ 6141531.781299707479775, 1970312.182613734155893 ], [ 6141377.449120106175542, 1970520.275468754349276 ], [ 6141244.256758705712855, 1970742.493498705560341 ], [ 6141133.486930754967034, 1970976.69662248226814 ], [ 6141046.20641025248915, 1971220.629335974343121 ], [ 6141027.419084265828133, 1971295.632545609492809 ], [ 6141001.90695817116648, 1971366.934161473996937 ], [ 6140938.956304239109159, 1971618.24725930322893 ], [ 6140900.941766088828444, 1971874.520458955783397 ], [ 6140888.22944450378418, 1972133.285709425806999 ], [ 6140895.494118149392307, 1972281.161538620246574 ], [ 6140824.253180362284184, 1972314.855992794735357 ], [ 6140728.559891426004469, 1972372.212342891609296 ], [ 6140499.868765632621944, 1972290.385349669028074 ], [ 6140248.555667803622782, 1972227.434695737669244 ], [ 6139992.282468151301146, 1972189.420157587621361 ], [ 6139733.517217680811882, 1972176.707836002111435 ], [ 6139474.751967210322618, 1972189.420157587621361 ], [ 6139218.478767558000982, 1972227.434695737669244 ], [ 6138967.16566972900182, 1972290.385349669028074 ], [ 6138723.232956237159669, 1972377.66587017220445 ], [ 6138712.266898452304304, 1972382.852429234888405 ], [ 6138568.887344342656434, 1972276.514904605457559 ], [ 6138346.66931439191103, 1972143.322543204529211 ], [ 6138112.46619061473757, 1972032.552715254249051 ], [ 6138034.302348674274981, 1972004.585245407884941 ], [ 6137982.728411671705544, 1971966.335406856844202 ], [ 6137760.51038172096014, 1971833.143045455915853 ], [ 6137526.307257943786681, 1971722.373217505635694 ], [ 6137282.37454445194453, 1971635.092697002459317 ], [ 6137031.061446622945368, 1971572.142043071100488 ], [ 6136774.788246970623732, 1971534.127504921052605 ], [ 6136516.022996500134468, 1971521.415183335542679 ], [ 6136257.257746029645205, 1971534.127504921052605 ], [ 6136000.984546377323568, 1971572.142043071100488 ], [ 6135749.671448548324406, 1971635.092697002459317 ], [ 6135646.241761717945337, 1971672.100430703954771 ], [ 6135552.149487718008459, 1971473.159032114082947 ], [ 6135418.957126317545772, 1971250.941002162871882 ], [ 6135264.624946716241539, 1971042.848147142678499 ], [ 6135090.639252170920372, 1970850.88451500213705 ], [ 6134898.675620030611753, 1970676.898820457048714 ], [ 6134690.58276501018554, 1970522.566640855977312 ], [ 6134468.364735059440136, 1970389.374279455048963 ], [ 6134234.161611282266676, 1970278.604451504768804 ], [ 6133990.228897790424526, 1970191.323931001592427 ], [ 6133738.915799961425364, 1970128.373277070233598 ], [ 6133482.642600309103727, 1970090.358738920185715 ], [ 6133223.877349838614464, 1970077.646417334675789 ], [ 6132965.1120993681252, 1970090.358738920185715 ], [ 6132708.838899715803564, 1970128.373277070233598 ], [ 6132507.35084758233279, 1970178.843406763859093 ], [ 6132320.972441629506648, 1970132.1580464115832 ], [ 6132064.699241977185011, 1970094.143508261535317 ], [ 6131805.933991506695747, 1970081.431186676025391 ], [ 6131547.168741036206484, 1970094.143508261535317 ], [ 6131290.895541383884847, 1970132.1580464115832 ], [ 6131039.582443554885685, 1970195.108700342942029 ], [ 6130795.649730063043535, 1970282.389220846118405 ], [ 6130561.446606285870075, 1970393.159048796398565 ], [ 6130486.194824106059968, 1970438.263231253251433 ], [ 6130369.169997447170317, 1970382.914610338630155 ], [ 6130125.237283955328166, 1970295.634089835453779 ], [ 6129873.924186126329005, 1970232.683435904094949 ], [ 6129617.650986474007368, 1970194.668897754047066 ], [ 6129358.885736003518105, 1970181.95657616853714 ], [ 6129100.120485533028841, 1970194.668897754047066 ], [ 6128843.847285880707204, 1970232.683435904094949 ], [ 6128592.534188051708043, 1970295.634089835453779 ], [ 6128348.601474559865892, 1970382.914610338630155 ], [ 6128114.398350782692432, 1970493.684438288910314 ], [ 6128094.276206702925265, 1970505.745187306776643 ], [ 6128032.142609782516956, 1970535.132190049393103 ], [ 6127809.924579831771553, 1970668.324551450321451 ], [ 6127758.017015484161675, 1970706.82182490453124 ], [ 6127641.016155508346856, 1970620.048073189565912 ], [ 6127418.798125557601452, 1970486.855711788637564 ], [ 6127184.595001780427992, 1970376.085883838357404 ], [ 6126940.662288288585842, 1970288.805363335181028 ], [ 6126689.34919045958668, 1970225.854709403822199 ], [ 6126433.075990807265043, 1970187.840171253774315 ], [ 6126174.31074033677578, 1970175.127849668264389 ], [ 6125915.545489866286516, 1970187.840171253774315 ], [ 6125659.27229021396488, 1970225.854709403822199 ], [ 6125563.394107693806291, 1970249.870943891815841 ], [ 6125527.1580531289801, 1970255.246054830262437 ], [ 6125275.844955299980938, 1970318.196708761621267 ], [ 6125031.912241808138788, 1970405.477229264797643 ], [ 6124797.709118030965328, 1970516.247057215077803 ], [ 6124628.851486262865365, 1970617.45642677298747 ], [ 6124492.475864675827324, 1970516.31337252468802 ], [ 6124270.257834725081921, 1970383.121011123759672 ], [ 6124036.054710947908461, 1970272.351183173479512 ], [ 6123792.12199745606631, 1970185.070662670303136 ], [ 6123540.808899627067149, 1970122.120008738944307 ], [ 6123284.535699974745512, 1970084.105470588896424 ], [ 6123025.770449504256248, 1970071.393149003386497 ], [ 6122767.005199033766985, 1970084.105470588896424 ], [ 6122510.731999381445348, 1970122.120008738944307 ], [ 6122259.418901552446187, 1970185.070662670303136 ], [ 6122015.486188060604036, 1970272.351183173479512 ], [ 6121781.283064283430576, 1970383.121011123759672 ], [ 6121559.065034332685173, 1970516.31337252468802 ], [ 6121350.972179312258959, 1970670.645552125759423 ], [ 6121159.00854717195034, 1970844.631246670847759 ], [ 6120985.022852626629174, 1971036.594878811389208 ], [ 6120830.690673025324941, 1971244.687733831582591 ], [ 6120697.498311624862254, 1971466.905763782793656 ], [ 6120586.728483674116433, 1971701.108887559501454 ], [ 6120499.447963171638548, 1971945.041601051576436 ], [ 6120436.497309239581227, 1972196.354698880808428 ], [ 6120398.482771089300513, 1972452.627898533362895 ], [ 6120385.770449504256248, 1972711.393149003386497 ], [ 6120398.482771089300513, 1972970.1583994734101 ], [ 6120436.497309239581227, 1973226.431599125964567 ], [ 6120453.36500418651849, 1973293.771212070481852 ], [ 6120347.590328305028379, 1973309.461403073975816 ], [ 6120103.174119184724987, 1973370.684476318070665 ], [ 6120000.034919008612633, 1973256.887905090814456 ], [ 6119808.071286868304014, 1973082.90221054572612 ], [ 6119599.9784318478778, 1972928.570030944654718 ], [ 6119377.760401897132397, 1972795.37766954372637 ], [ 6119143.557278119958937, 1972684.60784159344621 ], [ 6118940.609224818646908, 1972611.991866992553696 ], [ 6118928.396708512678742, 1972363.400386695284396 ], [ 6118890.382170362398028, 1972107.127187042729929 ], [ 6118827.431516430340707, 1971855.814089213497937 ], [ 6118740.150995927862823, 1971611.881375721422955 ], [ 6118629.381167977117002, 1971377.678251944715157 ], [ 6118496.188806576654315, 1971155.460221993504092 ], [ 6118341.856626975350082, 1970947.367366973310709 ], [ 6118167.870932430028915, 1970755.40373483276926 ], [ 6117975.907300289720297, 1970581.418040287680924 ], [ 6117767.814445269294083, 1970427.085860686609522 ], [ 6117545.596415318548679, 1970293.893499285681173 ], [ 6117311.39329154137522, 1970183.123671335401013 ], [ 6117067.460578049533069, 1970095.843150832224637 ], [ 6116816.147480220533907, 1970032.892496900865808 ], [ 6116559.874280568212271, 1969994.877958750817925 ], [ 6116301.109030097723007, 1969982.165637165307999 ], [ 6116193.522506956011057, 1969987.451024124864489 ], [ 6115954.213398426771164, 1969975.694521501660347 ], [ 6115695.4481479562819, 1969988.406843087170273 ], [ 6115439.174948303960264, 1970026.421381237218156 ], [ 6115187.861850474961102, 1970089.372035168576986 ], [ 6114943.929136983118951, 1970176.652555671753362 ], [ 6114709.726013205945492, 1970287.422383622033522 ], [ 6114487.507983255200088, 1970420.61474502296187 ], [ 6114279.415128234773874, 1970574.946924624033272 ], [ 6114087.451496094465256, 1970748.932619169121608 ], [ 6113913.465801549144089, 1970940.896251309663057 ], [ 6113759.133621947839856, 1971148.98910632985644 ], [ 6113625.941260547377169, 1971371.207136281067505 ], [ 6113565.575288698077202, 1971498.840260196244344 ], [ 6113415.804871942847967, 1971363.096266967244446 ], [ 6113349.423691492527723, 1971313.864628224400803 ], [ 6113383.433874255977571, 1971218.812535042874515 ], [ 6113446.384528188034892, 1970967.499437213642523 ], [ 6113484.399066338315606, 1970711.226237561088055 ], [ 6113497.111387923359871, 1970452.460987091064453 ], [ 6113484.399066338315606, 1970193.695736621040851 ], [ 6113446.384528188034892, 1969937.422536968486384 ], [ 6113383.433874255977571, 1969686.109439139254391 ], [ 6113311.889872065745294, 1969486.15734802139923 ], [ 6113269.869140750728548, 1969318.40118505526334 ], [ 6113182.588620248250663, 1969074.468471563188359 ], [ 6113071.818792297504842, 1968840.265347786480561 ], [ 6112938.626430897042155, 1968618.047317835269496 ], [ 6112784.294251295737922, 1968409.954462815076113 ], [ 6112610.308556750416756, 1968217.990830674534664 ], [ 6112418.344924610108137, 1968044.005136129446328 ], [ 6112210.252069589681923, 1967889.672956528374925 ], [ 6111988.03403963893652, 1967756.480595127446577 ], [ 6111753.83091586176306, 1967645.710767177166417 ], [ 6111509.898202369920909, 1967558.430246673990041 ], [ 6111258.585104540921748, 1967495.479592742631212 ], [ 6111132.674563589505851, 1967476.802528308937326 ], [ 6111069.61657829862088, 1967391.778677646070719 ], [ 6110895.630883753299713, 1967199.81504550552927 ], [ 6110703.667251612991095, 1967025.829350960440934 ], [ 6110495.574396592564881, 1966871.497171359369531 ], [ 6110489.33488067984581, 1966867.757349444087595 ], [ 6110437.396458696573973, 1966820.683107716031373 ], [ 6110229.303603676147759, 1966666.35092811495997 ], [ 6110007.085573725402355, 1966533.158566714031622 ], [ 6109772.882449948228896, 1966422.388738763751462 ], [ 6109528.949736456386745, 1966335.108218260575086 ], [ 6109277.636638627387583, 1966272.157564329216257 ], [ 6109021.363438975065947, 1966234.143026179168373 ], [ 6108762.598188504576683, 1966221.430704593658447 ], [ 6108503.83293803408742, 1966234.143026179168373 ], [ 6108247.559738381765783, 1966272.157564329216257 ], [ 6107996.246640552766621, 1966335.108218260575086 ], [ 6107752.31392706092447, 1966422.388738763751462 ], [ 6107518.110803283751011, 1966533.158566714031622 ], [ 6107295.892773333005607, 1966666.35092811495997 ], [ 6107087.799918312579393, 1966820.683107716031373 ], [ 6106895.836286172270775, 1966994.668802261119708 ], [ 6106721.850591626949608, 1967186.632434401661158 ], [ 6106567.518412025645375, 1967394.725289421854541 ], [ 6106434.326050625182688, 1967616.943319373065606 ], [ 6106323.556222674436867, 1967851.146443149773404 ], [ 6106236.275702171958983, 1968095.079156641848385 ], [ 6106173.325048239901662, 1968346.392254471080378 ], [ 6106135.310510089620948, 1968602.665454123634845 ], [ 6106122.598188504576683, 1968861.430704593658447 ], [ 6106135.310510089620948, 1969120.19595506368205 ], [ 6106149.382740201428533, 1969215.063224597135559 ], [ 6106109.926912593655288, 1969104.791573649970815 ], [ 6105999.157084642909467, 1968870.588449873263016 ], [ 6105865.96472324244678, 1968648.370419922051951 ], [ 6105711.632543641142547, 1968440.277564901858568 ], [ 6105537.646849095821381, 1968248.313932761317119 ], [ 6105345.683216955512762, 1968074.328238216228783 ], [ 6105137.590361935086548, 1967919.996058615157381 ], [ 6104915.372331984341145, 1967786.803697214229032 ], [ 6104681.169208207167685, 1967676.033869263948873 ], [ 6104437.236494715325534, 1967588.753348760772496 ], [ 6104185.923396886326373, 1967525.802694829413667 ], [ 6103929.650197234004736, 1967487.788156679365784 ], [ 6103670.884946763515472, 1967475.075835093855858 ], [ 6103412.119696293026209, 1967487.788156679365784 ], [ 6103155.846496640704572, 1967525.802694829413667 ], [ 6102904.53339881170541, 1967588.753348760772496 ], [ 6102660.60068531986326, 1967676.033869263948873 ], [ 6102426.3975615426898, 1967786.803697214229032 ], [ 6102302.056927731260657, 1967861.330605040304363 ], [ 6102106.592426873743534, 1967953.77842888305895 ], [ 6101884.37439692299813, 1968086.970790283987299 ], [ 6101676.281541902571917, 1968241.302969885058701 ], [ 6101484.317909762263298, 1968415.288664430147037 ], [ 6101310.332215216942132, 1968607.252296570688486 ], [ 6101156.000035615637898, 1968815.345151590881869 ], [ 6101022.807674215175211, 1969037.563181542092934 ], [ 6100912.03784626442939, 1969271.766305318800732 ], [ 6100824.757325761951506, 1969515.699018810875714 ], [ 6100761.806671829894185, 1969767.012116640107706 ], [ 6100723.792133679613471, 1970023.285316292662174 ], [ 6100711.079812094569206, 1970282.050566762685776 ], [ 6100723.792133679613471, 1970540.815817232709378 ], [ 6100761.806671829894185, 1970797.089016885263845 ], [ 6100824.757325761951506, 1971048.402114714495838 ], [ 6100912.03784626442939, 1971292.334828206570819 ], [ 6101022.807674215175211, 1971526.537951983278617 ], [ 6101156.000035615637898, 1971748.755981934489682 ], [ 6101310.332215216942132, 1971956.848836954683065 ], [ 6101484.317909762263298, 1972148.812469095224515 ], [ 6101676.281541902571917, 1972322.79816364031285 ], [ 6101884.37439692299813, 1972477.130343241384253 ], [ 6102106.592426873743534, 1972610.322704642312601 ], [ 6102340.795550650916994, 1972721.092532592592761 ], [ 6102584.728264142759144, 1972808.373053095769137 ], [ 6102836.041361971758306, 1972871.323707027127966 ], [ 6103092.314561624079943, 1972909.33824517717585 ], [ 6103351.079812094569206, 1972922.050566762685776 ], [ 6103609.84506256505847, 1972909.33824517717585 ], [ 6103866.118262217380106, 1972871.323707027127966 ], [ 6104117.431360046379268, 1972808.373053095769137 ], [ 6104361.364073538221419, 1972721.092532592592761 ], [ 6104595.567197315394878, 1972610.322704642312601 ], [ 6104719.907831126824021, 1972535.795796816237271 ], [ 6104915.372331984341145, 1972443.347972973482683 ], [ 6105137.590361935086548, 1972310.155611572554335 ], [ 6105345.683216955512762, 1972155.823431971482933 ], [ 6105537.646849095821381, 1971981.837737426394597 ], [ 6105711.632543641142547, 1971789.874105285853148 ], [ 6105865.96472324244678, 1971581.781250265659764 ], [ 6105999.157084642909467, 1971359.563220314448699 ], [ 6106109.926912593655288, 1971125.360096537740901 ], [ 6106197.207433096133173, 1970881.42738304566592 ], [ 6106260.158087028190494, 1970630.114285216433927 ], [ 6106298.172625178471208, 1970373.84108556387946 ], [ 6106310.884946763515472, 1970115.075835093855858 ], [ 6106298.172625178471208, 1969856.310584623832256 ], [ 6106284.100395066663623, 1969761.443315090378746 ], [ 6106323.556222674436867, 1969871.714966037543491 ], [ 6106434.326050625182688, 1970105.918089814251289 ], [ 6106567.518412025645375, 1970328.136119765462354 ], [ 6106721.850591626949608, 1970536.228974785655737 ], [ 6106895.836286172270775, 1970728.192606926197186 ], [ 6107087.799918312579393, 1970902.178301471285522 ], [ 6107295.892773333005607, 1971056.510481072356924 ], [ 6107302.132289245724678, 1971060.250302987638861 ], [ 6107354.070711228996515, 1971107.324544715695083 ], [ 6107562.163566249422729, 1971261.656724316766486 ], [ 6107784.381596200168133, 1971394.849085717694834 ], [ 6108018.584719977341592, 1971505.618913667974994 ], [ 6108262.517433469183743, 1971592.89943417115137 ], [ 6108508.805938128381968, 1971654.591493033338338 ], [ 6108528.839250043965876, 1971696.948372311657295 ], [ 6108662.031611444428563, 1971919.16640226286836 ], [ 6108816.363791045732796, 1972127.259257283061743 ], [ 6108990.349485591053963, 1972319.222889423603192 ], [ 6109070.468217568472028, 1972391.838275336427614 ], [ 6108991.902592015452683, 1972557.951333976117894 ], [ 6108904.622071512974799, 1972801.884047468192875 ], [ 6108841.671417580917478, 1973053.197145297424868 ], [ 6108803.656879430636764, 1973309.470344949979335 ], [ 6108790.944557845592499, 1973568.235595420002937 ], [ 6108803.656879430636764, 1973827.00084589002654 ], [ 6108841.671417580917478, 1974083.274045542581007 ], [ 6108904.622071512974799, 1974334.587143371812999 ], [ 6108991.902592015452683, 1974578.519856863887981 ], [ 6109102.672419966198504, 1974812.722980640595779 ], [ 6109235.864781366661191, 1975034.941010591806844 ], [ 6109390.196960967965424, 1975243.033865612000227 ], [ 6109564.182655513286591, 1975434.997497752541676 ], [ 6109756.146287653595209, 1975608.983192297630012 ], [ 6109964.239142674021423, 1975763.315371898701414 ], [ 6110186.457172624766827, 1975896.507733299629763 ], [ 6110420.660296401940286, 1976007.277561249909922 ], [ 6110664.593009893782437, 1976094.558081753086299 ], [ 6110915.906107722781599, 1976157.508735684445128 ], [ 6111172.179307375103235, 1976195.523273834493011 ], [ 6111430.944557845592499, 1976208.235595420002937 ], [ 6111689.709808316081762, 1976195.523273834493011 ], [ 6111945.983007968403399, 1976157.508735684445128 ], [ 6112197.296105797402561, 1976094.558081753086299 ], [ 6112441.228819289244711, 1976007.277561249909922 ], [ 6112675.431943066418171, 1975896.507733299629763 ], [ 6112815.792702483013272, 1975812.378731711069122 ], [ 6112985.49398697167635, 1975732.116001724498346 ], [ 6113207.712016922421753, 1975598.923640323569998 ], [ 6113415.804871942847967, 1975444.591460722498596 ], [ 6113607.768504083156586, 1975270.60576617741026 ], [ 6113781.754198628477752, 1975078.642134036868811 ], [ 6113936.086378229781985, 1974870.549279016675428 ], [ 6114069.278739630244672, 1974648.331249065464363 ], [ 6114115.892326340079308, 1974549.775100520811975 ], [ 6114281.721882153302431, 1974700.074248972348869 ], [ 6114489.814737173728645, 1974854.406428573420271 ], [ 6114712.032767124474049, 1974987.59878997434862 ], [ 6114946.235890901647508, 1975098.368617924628779 ], [ 6115190.168604393489659, 1975185.649138427805156 ], [ 6115441.481702222488821, 1975248.599792359163985 ], [ 6115499.836664753034711, 1975257.255933353910223 ], [ 6115505.985338261350989, 1975382.415057893376797 ], [ 6115543.999876411631703, 1975638.688257545931265 ], [ 6115606.950530343689024, 1975890.001355375163257 ], [ 6115637.920550728216767, 1975976.556763911386952 ], [ 6115698.429021918214858, 1976218.12012171279639 ], [ 6115785.709542420692742, 1976462.052835204871371 ], [ 6115896.479370371438563, 1976696.25595898157917 ], [ 6116029.67173177190125, 1976918.473988932790235 ], [ 6116184.003911373205483, 1977126.566843952983618 ], [ 6116357.989605918526649, 1977318.530476093525067 ], [ 6116549.953238058835268, 1977492.516170638613403 ], [ 6116758.046093079261482, 1977646.848350239684805 ], [ 6116980.264123030006886, 1977780.040711640613154 ], [ 6117214.467246807180345, 1977890.810539590893313 ], [ 6117458.399960299022496, 1977978.09106009406969 ], [ 6117709.713058128021657, 1978041.041714025428519 ], [ 6117965.986257780343294, 1978079.056252175476402 ], [ 6118224.751508250832558, 1978091.768573760986328 ], [ 6118483.516758721321821, 1978079.056252175476402 ], [ 6118739.789958373643458, 1978041.041714025428519 ], [ 6118991.10305620264262, 1977978.09106009406969 ], [ 6119017.675956124439836, 1977968.583124469965696 ], [ 6119063.624063733965158, 1978010.228061723522842 ], [ 6119271.716918754391372, 1978164.560241324594244 ], [ 6119493.934948705136776, 1978297.752602725522593 ], [ 6119728.138072482310236, 1978408.522430675802752 ], [ 6119972.070785974152386, 1978495.802951178979129 ], [ 6120223.383883803151548, 1978558.753605110337958 ], [ 6120479.657083455473185, 1978596.768143260385841 ], [ 6120738.422333925962448, 1978609.480464845895767 ], [ 6120997.187584396451712, 1978596.768143260385841 ], [ 6121253.460784048773348, 1978558.753605110337958 ], [ 6121504.77388187777251, 1978495.802951178979129 ], [ 6121748.706595369614661, 1978408.522430675802752 ], [ 6121982.90971914678812, 1978297.752602725522593 ], [ 6122077.842426008544862, 1978240.852127980440855 ], [ 6122107.116163648664951, 1978227.006681218044832 ], [ 6122329.334193599410355, 1978093.814319817116484 ], [ 6122537.427048619836569, 1977939.482140216045082 ], [ 6122729.390680760145187, 1977765.496445670956746 ], [ 6122903.376375305466354, 1977573.532813530415297 ], [ 6122971.28960614092648, 1977481.962422088719904 ], [ 6123049.100803401321173, 1977478.139803090598434 ], [ 6123305.374003053642809, 1977440.125264940550551 ], [ 6123556.687100882641971, 1977377.174611009191722 ], [ 6123800.619814374484122, 1977289.894090506015345 ], [ 6124034.822938151657581, 1977179.124262555735186 ], [ 6124257.040968102402985, 1977045.931901154806837 ], [ 6124465.133823122829199, 1976891.599721553735435 ], [ 6124657.097455263137817, 1976717.614027008647099 ], [ 6124831.083149808458984, 1976525.65039486810565 ], [ 6124985.415329409763217, 1976317.557539847912267 ], [ 6125118.607690810225904, 1976095.339509896701202 ], [ 6125229.377518760971725, 1975861.136386119993404 ], [ 6125316.658039263449609, 1975617.203672627918422 ], [ 6125372.315579952672124, 1975395.00631494470872 ], [ 6125527.1580531289801, 1975433.792335359146819 ], [ 6125783.431252781301737, 1975471.806873509194702 ], [ 6126042.196503251791, 1975484.519195094704628 ], [ 6126300.961753722280264, 1975471.806873509194702 ], [ 6126557.234953374601901, 1975433.792335359146819 ], [ 6126653.113135894760489, 1975409.776100871153176 ], [ 6126689.34919045958668, 1975404.40098993270658 ], [ 6126940.662288288585842, 1975341.45033600134775 ], [ 6127184.595001780427992, 1975254.169815498171374 ], [ 6127418.798125557601452, 1975143.399987547891214 ], [ 6127641.016155508346856, 1975010.207626146962866 ], [ 6127692.923719855956733, 1974971.710352692753077 ], [ 6127809.924579831771553, 1975058.484104407718405 ], [ 6128032.142609782516956, 1975191.676465808646753 ], [ 6128266.345733559690416, 1975302.446293758926913 ], [ 6128510.278447051532567, 1975389.726814262103289 ], [ 6128761.591544880531728, 1975452.677468193462119 ], [ 6129017.864744532853365, 1975490.692006343510002 ], [ 6129276.629995003342628, 1975503.404327929019928 ], [ 6129535.395245473831892, 1975490.692006343510002 ], [ 6129791.668445126153529, 1975452.677468193462119 ], [ 6130042.98154295515269, 1975389.726814262103289 ], [ 6130286.914256446994841, 1975302.446293758926913 ], [ 6130521.117380224168301, 1975191.676465808646753 ], [ 6130541.239524303935468, 1975179.615716790780425 ], [ 6130603.373121224343777, 1975150.228714048163965 ], [ 6130678.624903404153883, 1975105.124531591311097 ], [ 6130795.649730063043535, 1975160.473152505932376 ], [ 6131039.582443554885685, 1975247.753673009108752 ], [ 6131290.895541383884847, 1975310.704326940467581 ], [ 6131547.168741036206484, 1975348.718865090515465 ], [ 6131805.933991506695747, 1975361.431186676025391 ], [ 6132064.699241977185011, 1975348.718865090515465 ], [ 6132320.972441629506648, 1975310.704326940467581 ], [ 6132475.157620552927256, 1975272.082950165495276 ], [ 6132707.058719544671476, 1975330.171151516726241 ], [ 6132963.331919196993113, 1975368.185689666774124 ], [ 6133222.097169667482376, 1975380.89801125228405 ], [ 6133480.86242013797164, 1975368.185689666774124 ], [ 6133737.135619790293276, 1975330.171151516726241 ], [ 6133988.448717619292438, 1975267.220497585367411 ], [ 6134081.253642894327641, 1975234.014364355709404 ], [ 6134175.457904205657542, 1975433.192540220683441 ], [ 6134308.650265606120229, 1975655.410570171894506 ], [ 6134462.982445207424462, 1975863.503425192087889 ], [ 6134636.968139752745628, 1976055.467057332629338 ], [ 6134828.931771893054247, 1976229.452751877717674 ], [ 6135037.024626913480461, 1976383.784931478789076 ], [ 6135259.242656864225864, 1976516.977292879717425 ], [ 6135493.445780641399324, 1976627.747120829997584 ], [ 6135684.704533135518432, 1976696.180596723919734 ], [ 6135857.694543950259686, 1976799.866818963782862 ], [ 6136091.897667727433145, 1976910.636646914063022 ], [ 6136335.830381219275296, 1976997.917167417239398 ], [ 6136587.143479048274457, 1977060.867821348598227 ], [ 6136843.416678700596094, 1977098.88235949864611 ], [ 6137102.181929171085358, 1977111.594681084156036 ], [ 6137360.947179641574621, 1977098.88235949864611 ], [ 6137617.220379293896258, 1977060.867821348598227 ], [ 6137868.53347712289542, 1976997.917167417239398 ], [ 6138112.46619061473757, 1976910.636646914063022 ], [ 6138113.207073844969273, 1976910.286235243082047 ], [ 6138288.1162218330428, 1977040.007700396468863 ], [ 6138510.334251783788204, 1977173.200061797397211 ], [ 6138744.537375560961664, 1977283.969889747677371 ], [ 6138988.470089052803814, 1977371.250410250853747 ], [ 6139239.783186881802976, 1977434.201064182212576 ], [ 6139496.056386534124613, 1977472.21560233226046 ], [ 6139754.821637004613876, 1977484.927923917770386 ], [ 6140013.58688747510314, 1977472.21560233226046 ], [ 6140269.860087127424777, 1977434.201064182212576 ], [ 6140521.173184956423938, 1977371.250410250853747 ], [ 6140765.105898448266089, 1977283.969889747677371 ], [ 6140999.309022225439548, 1977173.200061797397211 ], [ 6141099.327045097015798, 1977113.251565935555845 ], [ 6141169.756255254149437, 1977190.958224669331685 ], [ 6141361.719887394458055, 1977364.943919214420021 ], [ 6141569.812742414884269, 1977519.276098815491423 ], [ 6141792.030772365629673, 1977652.468460216419771 ], [ 6142026.233896142803133, 1977763.238288166699931 ], [ 6142270.166609634645283, 1977850.518808669876307 ], [ 6142521.479707463644445, 1977913.469462601235136 ], [ 6142777.752907115966082, 1977951.48400075128302 ], [ 6143036.518157586455345, 1977964.196322336792946 ], [ 6143295.283408056944609, 1977951.48400075128302 ], [ 6143551.556607709266245, 1977913.469462601235136 ], [ 6143802.869705538265407, 1977850.518808669876307 ], [ 6144046.802419030107558, 1977763.238288166699931 ], [ 6144281.005542807281017, 1977652.468460216419771 ], [ 6144503.223572758026421, 1977519.276098815491423 ], [ 6144711.316427778452635, 1977364.943919214420021 ], [ 6144762.856392937712371, 1977318.230817700969055 ], [ 6144854.833052542991936, 1977442.246986862272024 ], [ 6145028.818747088313103, 1977634.210619002813473 ], [ 6145220.782379228621721, 1977808.196313547901809 ], [ 6145428.875234249047935, 1977962.528493148973212 ], [ 6145651.093264199793339, 1978095.72085454990156 ], [ 6145885.296387976966798, 1978206.49068250018172 ], [ 6146129.229101468808949, 1978293.771203003358096 ], [ 6146380.542199297808111, 1978356.721856934716925 ], [ 6146636.815398950129747, 1978394.736395084764808 ], [ 6146895.580649420619011, 1978407.448716670274734 ], [ 6147154.345899891108274, 1978394.736395084764808 ], [ 6147410.619099543429911, 1978356.721856934716925 ], [ 6147661.932197372429073, 1978293.771203003358096 ], [ 6147905.864910864271224, 1978206.49068250018172 ], [ 6148140.068034641444683, 1978095.72085454990156 ], [ 6148234.404054511338472, 1978039.178020224673674 ], [ 6148268.760101839900017, 1978077.084077090257779 ], [ 6148460.723733980208635, 1978251.069771635346115 ], [ 6148668.816589000634849, 1978405.401951236417517 ], [ 6148891.034618951380253, 1978538.594312637345865 ], [ 6149125.237742728553712, 1978649.364140587626025 ], [ 6149369.170456220395863, 1978736.644661090802401 ], [ 6149620.483554049395025, 1978799.59531502216123 ], [ 6149876.756753701716661, 1978837.609853172209114 ], [ 6150135.522004172205925, 1978850.32217475771904 ], [ 6150394.287254642695189, 1978837.609853172209114 ], [ 6150650.560454295016825, 1978799.59531502216123 ], [ 6150901.873552124015987, 1978736.644661090802401 ], [ 6151145.806265615858138, 1978649.364140587626025 ], [ 6151380.009389393031597, 1978538.594312637345865 ], [ 6151602.227419343777001, 1978405.401951236417517 ], [ 6151810.320274364203215, 1978251.069771635346115 ], [ 6152002.283906504511833, 1978077.084077090257779 ], [ 6152176.269601049833, 1977885.12044494971633 ], [ 6152186.340557485818863, 1977871.541332135908306 ], [ 6152207.217814864590764, 1977906.37293176096864 ], [ 6152361.549994465894997, 1978114.465786781162024 ], [ 6152535.535689011216164, 1978306.429418921703473 ], [ 6152727.499321151524782, 1978480.415113466791809 ], [ 6152935.592176171950996, 1978634.747293067863211 ], [ 6153157.8102061226964, 1978767.939654468791559 ], [ 6153392.013329899869859, 1978878.709482419071719 ], [ 6153635.94604339171201, 1978965.990002922248095 ], [ 6153887.259141220711172, 1979028.940656853606924 ], [ 6154143.532340873032808, 1979066.955195003654808 ], [ 6154402.297591343522072, 1979079.667516589164734 ], [ 6154661.062841814011335, 1979066.955195003654808 ], [ 6154917.336041466332972, 1979028.940656853606924 ], [ 6155168.649139295332134, 1978965.990002922248095 ], [ 6155304.366928472183645, 1978917.42940147058107 ], [ 6155312.41333529446274, 1978916.235829768469557 ], [ 6155563.726433123461902, 1978853.285175837110728 ], [ 6155807.659146615304053, 1978766.004655333934352 ], [ 6156041.862270392477512, 1978655.234827383654192 ], [ 6156264.080300343222916, 1978522.042465982725844 ], [ 6156472.17315536364913, 1978367.710286381654441 ], [ 6156664.136787503957748, 1978193.724591836566105 ], [ 6156838.122482049278915, 1978001.760959696024656 ], [ 6156992.454661650583148, 1977793.668104675831273 ], [ 6157125.647023051045835, 1977571.450074724620208 ], [ 6157213.938298427499831, 1977384.773857219843194 ], [ 6157256.899711637757719, 1977395.535131020238623 ], [ 6157513.172911290079355, 1977433.549669170286506 ], [ 6157771.938161760568619, 1977446.261990755796432 ], [ 6158030.703412231057882, 1977433.549669170286506 ], [ 6158286.976611883379519, 1977395.535131020238623 ], [ 6158538.289709712378681, 1977332.584477088879794 ], [ 6158782.222423204220831, 1977245.303956585703418 ], [ 6159016.425546981394291, 1977134.534128635423258 ], [ 6159238.643576932139695, 1977001.34176723449491 ], [ 6159446.736431952565908, 1976847.009587633423507 ], [ 6159638.700064092874527, 1976673.023893088335171 ], [ 6159812.685758638195693, 1976481.060260947793722 ], [ 6159967.017938239499927, 1976272.967405927600339 ], [ 6160100.210299639962614, 1976050.749375976389274 ], [ 6160210.980127590708435, 1975816.546252199681476 ], [ 6160298.260648093186319, 1975572.613538707606494 ], [ 6160361.21130202524364, 1975321.300440878374502 ], [ 6160399.225840175524354, 1975065.027241225820035 ], [ 6160403.250081454403698, 1974983.11192816006951 ], [ 6160450.457759063690901, 1974980.792763674166054 ], [ 6160706.730958716012537, 1974942.77822552411817 ], [ 6160958.044056545011699, 1974879.827571592759341 ], [ 6161201.97677003685385, 1974792.547051089582965 ], [ 6161436.179893814027309, 1974681.777223139302805 ], [ 6161658.397923764772713, 1974548.584861738374457 ], [ 6161866.490778785198927, 1974394.252682137303054 ], [ 6162058.454410925507545, 1974220.266987592214718 ], [ 6162232.440105470828712, 1974028.303355451673269 ], [ 6162386.772285072132945, 1973820.210500431479886 ], [ 6162391.705293849110603, 1973811.980272506130859 ], [ 6162472.087403146550059, 1973703.597544682445005 ], [ 6162605.279764547012746, 1973481.37951473123394 ], [ 6162716.049592497758567, 1973247.176390954526141 ], [ 6162803.330113000236452, 1973003.24367746245116 ], [ 6162866.280766932293773, 1972751.930579633219168 ], [ 6162904.295305082574487, 1972495.6573799806647 ], [ 6162917.007626667618752, 1972236.892129510641098 ], [ 6162904.295305082574487, 1971978.126879040617496 ], [ 6162866.280766932293773, 1971721.853679388063028 ], [ 6162858.74262232426554, 1971691.759719197172672 ], [ 6163066.955068473704159, 1971766.259323678445071 ], [ 6163318.268166302703321, 1971829.2099776098039 ], [ 6163574.541365955024958, 1971867.224515759851784 ], [ 6163833.306616425514221, 1971879.93683734536171 ], [ 6164092.071866896003485, 1971867.224515759851784 ], [ 6164348.345066548325121, 1971829.2099776098039 ], [ 6164599.658164377324283, 1971766.259323678445071 ], [ 6164843.590877869166434, 1971678.978803175268695 ], [ 6165077.794001646339893, 1971568.208975224988535 ], [ 6165300.012031597085297, 1971435.016613824060187 ], [ 6165508.104886617511511, 1971280.684434222988784 ], [ 6165700.068518757820129, 1971106.698739677900448 ], [ 6165874.054213303141296, 1970914.735107537358999 ], [ 6166028.386392904445529, 1970706.642252517165616 ], [ 6166161.578754304908216, 1970484.424222565954551 ], [ 6166272.348582255654037, 1970250.221098789246753 ], [ 6166359.629102758131921, 1970006.288385297171772 ], [ 6166422.579756690189242, 1969754.975287467939779 ], [ 6166460.594294840469956, 1969498.702087815385312 ], [ 6166473.306616425514221, 1969239.93683734536171 ], [ 6166460.594294840469956, 1968981.171586875338107 ], [ 6166422.579756690189242, 1968724.89838722278364 ], [ 6166359.629102758131921, 1968473.585289393551648 ], [ 6166272.348582255654037, 1968229.652575901476666 ], [ 6166161.578754304908216, 1967995.449452124768868 ], [ 6166028.386392904445529, 1967773.231422173557803 ], [ 6165874.054213303141296, 1967565.13856715336442 ], [ 6165700.068518757820129, 1967373.174935012822971 ], [ 6165508.104886617511511, 1967199.189240467734635 ], [ 6165300.012031597085297, 1967044.857060866663232 ], [ 6165077.794001646339893, 1966911.664699465734884 ], [ 6164843.590877869166434, 1966800.894871515454724 ], [ 6164599.658164377324283, 1966713.614351012278348 ], [ 6164348.345066548325121, 1966650.663697080919519 ], [ 6164092.071866896003485, 1966612.649158930871636 ], [ 6163833.306616425514221, 1966599.93683734536171 ], [ 6163574.541365955024958, 1966612.649158930871636 ], [ 6163318.268166302703321, 1966650.663697080919519 ], [ 6163066.955068473704159, 1966713.614351012278348 ], [ 6162823.022354981862009, 1966800.894871515454724 ], [ 6162588.819231204688549, 1966911.664699465734884 ], [ 6162366.601201253943145, 1967044.857060866663232 ], [ 6162158.508346233516932, 1967199.189240467734635 ], [ 6161966.544714093208313, 1967373.174935012822971 ], [ 6161792.559019547887146, 1967565.13856715336442 ], [ 6161638.226839946582913, 1967773.231422173557803 ], [ 6161505.034478546120226, 1967995.449452124768868 ], [ 6161394.264650595374405, 1968229.652575901476666 ], [ 6161306.984130092896521, 1968473.585289393551648 ], [ 6161244.0334761608392, 1968724.89838722278364 ], [ 6161206.018938010558486, 1968981.171586875338107 ], [ 6161193.306616425514221, 1969239.93683734536171 ], [ 6161206.018938010558486, 1969498.702087815385312 ], [ 6161244.0334761608392, 1969754.975287467939779 ], [ 6161251.571620768867433, 1969785.069247658830136 ], [ 6161043.359174619428813, 1969710.569643177557737 ], [ 6160792.046076790429652, 1969647.618989246198907 ], [ 6160535.772877138108015, 1969609.604451096151024 ], [ 6160277.007626667618752, 1969596.892129510641098 ], [ 6160018.242376197129488, 1969609.604451096151024 ], [ 6159761.969176544807851, 1969647.618989246198907 ], [ 6159510.65607871580869, 1969710.569643177557737 ], [ 6159266.723365223966539, 1969797.850163680734113 ], [ 6159032.520241446793079, 1969908.619991631014273 ], [ 6158810.302211496047676, 1970041.812353031942621 ], [ 6158602.209356475621462, 1970196.144532633014023 ], [ 6158410.245724335312843, 1970370.130227178102359 ], [ 6158236.260029789991677, 1970562.093859318643808 ], [ 6158081.927850188687444, 1970770.186714338837191 ], [ 6158076.994841411709785, 1970778.416942264186218 ], [ 6157996.612732114270329, 1970886.799670087872073 ], [ 6157863.420370713807642, 1971109.017700039083138 ], [ 6157752.650542763061821, 1971343.220823815790936 ], [ 6157665.370022260583937, 1971587.153537307865918 ], [ 6157634.17449264973402, 1971711.693072567228228 ], [ 6157576.813552007079124, 1971708.875110253691673 ], [ 6157318.048301536589861, 1971721.587431839201599 ], [ 6157061.775101884268224, 1971759.601969989249483 ], [ 6156810.462004055269063, 1971822.552623920608312 ], [ 6156566.529290563426912, 1971909.833144423784688 ], [ 6156332.326166786253452, 1972020.602972374064848 ], [ 6156110.108136835508049, 1972153.795333774993196 ], [ 6155902.015281815081835, 1972308.127513376064599 ], [ 6155901.808495937846601, 1972308.314933170331642 ], [ 6155785.722535405308008, 1972394.410149213857949 ], [ 6155593.75890326499939, 1972568.395843758946285 ], [ 6155419.773208719678223, 1972760.359475899487734 ], [ 6155265.44102911837399, 1972968.452330919681117 ], [ 6155132.248667717911303, 1973190.670360870892182 ], [ 6155021.478839767165482, 1973424.87348464759998 ], [ 6154934.198319264687598, 1973668.806198139674962 ], [ 6154928.095007837750018, 1973693.171983177540824 ], [ 6154759.301470503211021, 1973684.879688426852226 ], [ 6154500.536220032721758, 1973697.592010012362152 ], [ 6154244.263020380400121, 1973735.606548162410036 ], [ 6154006.827009172178805, 1973795.081172849982977 ], [ 6153942.905027299188077, 1973804.563103156397119 ], [ 6153691.591929470188916, 1973867.513757087755948 ], [ 6153447.659215978346765, 1973954.794277590932325 ], [ 6153213.456092201173306, 1974065.564105541212484 ], [ 6152991.238062250427902, 1974198.756466942140833 ], [ 6152783.145207230001688, 1974353.088646543212235 ], [ 6152755.449002631008625, 1974378.191023174440488 ], [ 6152727.499321151524782, 1974398.919919711537659 ], [ 6152535.535689011216164, 1974572.905614256625995 ], [ 6152361.549994465894997, 1974764.869246397167444 ], [ 6152351.479038029909134, 1974778.448359210975468 ], [ 6152330.601780651137233, 1974743.616759585915133 ], [ 6152176.269601049833, 1974535.52390456572175 ], [ 6152002.283906504511833, 1974343.560272425180301 ], [ 6151810.320274364203215, 1974169.574577880091965 ], [ 6151602.227419343777001, 1974015.242398279020563 ], [ 6151380.009389393031597, 1973882.050036878092214 ], [ 6151145.806265615858138, 1973771.280208927812055 ], [ 6150901.873552124015987, 1973683.999688424635679 ], [ 6150650.560454295016825, 1973621.049034493276849 ], [ 6150394.287254642695189, 1973583.034496343228966 ], [ 6150135.522004172205925, 1973570.32217475771904 ], [ 6149876.756753701716661, 1973583.034496343228966 ], [ 6149620.483554049395025, 1973621.049034493276849 ], [ 6149369.170456220395863, 1973683.999688424635679 ], [ 6149125.237742728553712, 1973771.280208927812055 ], [ 6148891.034618951380253, 1973882.050036878092214 ], [ 6148796.698599081486464, 1973938.592871203320101 ], [ 6148762.342551752924919, 1973900.686814337735996 ], [ 6148570.378919612616301, 1973726.70111979264766 ], [ 6148362.286064592190087, 1973572.368940191576257 ], [ 6148140.068034641444683, 1973439.176578790647909 ], [ 6147905.864910864271224, 1973328.406750840367749 ], [ 6147661.932197372429073, 1973241.126230337191373 ], [ 6147410.619099543429911, 1973178.175576405832544 ], [ 6147154.345899891108274, 1973140.161038255784661 ], [ 6146895.580649420619011, 1973127.448716670274734 ], [ 6146636.815398950129747, 1973140.161038255784661 ], [ 6146380.542199297808111, 1973178.175576405832544 ], [ 6146129.229101468808949, 1973241.126230337191373 ], [ 6145885.296387976966798, 1973328.406750840367749 ], [ 6145878.280758006498218, 1973331.724896697094664 ], [ 6145967.271410333923995, 1973143.569970869692042 ], [ 6146054.55193083640188, 1972899.637257377617061 ], [ 6146073.339256823062897, 1972824.634047742467374 ], [ 6146098.85138291772455, 1972753.332431877963245 ], [ 6146161.802036849781871, 1972502.019334048731253 ], [ 6146199.816575, 1972245.746134396176785 ], [ 6146212.52889658510685, 1971986.980883926153183 ], [ 6146206.808874810114503, 1971870.547165867174044 ], [ 6146230.979005061089993, 1971859.115545629756525 ], [ 6146453.197035011835396, 1971725.923184228828177 ], [ 6146661.28989003226161, 1971571.591004627756774 ], [ 6146853.253522172570229, 1971397.605310082668439 ], [ 6147027.239216717891395, 1971205.641677942126989 ], [ 6147181.571396319195628, 1970997.548822921933606 ], [ 6147314.763757719658315, 1970775.330792970722541 ], [ 6147425.533585670404136, 1970541.127669194014743 ], [ 6147512.81410617288202, 1970297.194955701939762 ], [ 6147539.244030316360295, 1970191.680783935589716 ], [ 6147554.0089056706056, 1970150.41572170984 ], [ 6147616.959559602662921, 1969899.102623880608007 ], [ 6147654.974097752943635, 1969642.82942422805354 ], [ 6147667.6864193379879, 1969384.064173758029938 ], [ 6147665.09762816131115, 1969331.368118779966608 ], [ 6147884.357886594720185, 1969199.948577401926741 ], [ 6148092.450741615146399, 1969045.616397800855339 ], [ 6148284.414373755455017, 1968871.630703255767003 ], [ 6148458.400068300776184, 1968679.667071115225554 ], [ 6148612.732247902080417, 1968471.57421609503217 ], [ 6148745.924609302543104, 1968249.356186143821105 ], [ 6148856.694437253288925, 1968015.153062367113307 ], [ 6148943.974957755766809, 1967771.220348875038326 ], [ 6148963.897533556446433, 1967691.684967931360006 ], [ 6148988.30853050108999, 1967623.460801879875362 ], [ 6149051.259184433147311, 1967372.14770405064337 ], [ 6149074.970818461850286, 1967212.296851789578795 ], [ 6149213.011164527386427, 1967109.919153722934425 ], [ 6149404.974796667695045, 1966935.933459177846089 ], [ 6149578.960491213016212, 1966743.96982703730464 ], [ 6149733.292670814320445, 1966535.876972017111257 ], [ 6149866.485032214783132, 1966313.658942065900192 ], [ 6149977.254860165528953, 1966079.455818289192393 ], [ 6150064.535380668006837, 1965835.523104797117412 ], [ 6150085.576176402159035, 1965751.523539636982605 ], [ 6150108.045792332850397, 1965688.725170041434467 ], [ 6150170.996446264907718, 1965437.412072212202474 ], [ 6150209.010984415188432, 1965181.138872559648007 ], [ 6150221.723306000232697, 1964922.373622089624405 ], [ 6150213.493542416021228, 1964754.852935894392431 ], [ 6150331.600725062191486, 1964698.992398723261431 ], [ 6150553.81875501293689, 1964565.800037322333083 ], [ 6150761.911610033363104, 1964411.46785772126168 ], [ 6150953.875242173671722, 1964237.482163176173344 ], [ 6151127.860936718992889, 1964045.518531035631895 ], [ 6151282.193116320297122, 1963837.425676015438512 ], [ 6151415.385477720759809, 1963615.207646064227447 ], [ 6151526.15530567150563, 1963381.004522287519649 ], [ 6151613.435826173983514, 1963137.071808795444667 ], [ 6151639.559304381720722, 1963032.78103777882643 ], [ 6151654.033513999544084, 1962992.328331868164241 ], [ 6151716.984167931601405, 1962741.015234038932249 ], [ 6151754.998706081882119, 1962484.742034386377782 ], [ 6151758.364505236968398, 1962416.229618658311665 ], [ 6151803.262450349517167, 1962389.318825987866148 ], [ 6152011.35530536994338, 1962234.986646386794746 ], [ 6152203.318937510251999, 1962061.00095184170641 ], [ 6152377.304632055573165, 1961869.037319701164961 ], [ 6152531.636811656877398, 1961660.944464680971578 ], [ 6152664.829173057340086, 1961438.726434729760513 ], [ 6152775.599001008085907, 1961204.523310953052714 ], [ 6152862.879521510563791, 1960960.590597460977733 ], [ 6152885.325770444236696, 1960870.980148613918573 ], [ 6152903.638954422436655, 1960819.798228125087917 ], [ 6152966.589608354493976, 1960568.485130295855924 ], [ 6153004.60414650477469, 1960312.211930643301457 ], [ 6153017.316468089818954, 1960053.446680173277855 ], [ 6153004.60414650477469, 1959794.681429703254253 ], [ 6153000.5973233981058, 1959767.669622431043535 ], [ 6153231.98829697817564, 1959658.229842468397692 ], [ 6153454.206326928921044, 1959525.037481067469344 ], [ 6153662.299181949347258, 1959370.705301466397941 ], [ 6153854.262814089655876, 1959196.719606921309605 ], [ 6154028.248508634977043, 1959004.755974780768156 ], [ 6154182.580688236281276, 1958796.663119760574773 ], [ 6154315.773049636743963, 1958574.445089809363708 ], [ 6154426.542877587489784, 1958340.24196603265591 ], [ 6154513.823398089967668, 1958096.309252540580928 ], [ 6154542.636889366433024, 1957981.279347373638302 ], [ 6154545.666510260663927, 1957972.812124202959239 ], [ 6154608.617164192721248, 1957721.499026373727247 ], [ 6154646.631702343001962, 1957465.22582672117278 ], [ 6154659.344023928046227, 1957206.460576251149178 ], [ 6154646.631702343001962, 1956947.695325781125575 ], [ 6154608.617164192721248, 1956691.422126128571108 ], [ 6154545.666510260663927, 1956440.109028299339116 ], [ 6154458.385989758186042, 1956196.176314807264134 ], [ 6154396.620993121527135, 1956065.585201504640281 ], [ 6154445.646605979651213, 1956063.176727586891502 ], [ 6154701.919805631972849, 1956025.162189436843619 ], [ 6154953.232903460972011, 1955962.21153550548479 ], [ 6155197.165616952814162, 1955874.931015002308413 ], [ 6155431.368740729987621, 1955764.161187052028254 ], [ 6155653.586770680733025, 1955630.968825651099905 ], [ 6155861.679625701159239, 1955476.636646050028503 ], [ 6156053.643257841467857, 1955302.650951504940167 ], [ 6156227.628952386789024, 1955110.687319364398718 ], [ 6156381.961131988093257, 1954902.594464344205335 ], [ 6156515.153493388555944, 1954680.37643439299427 ], [ 6156625.923321339301765, 1954446.173310616286471 ], [ 6156713.203841841779649, 1954202.24059712421149 ], [ 6156776.15449577383697, 1953950.927499294979498 ], [ 6156814.169033924117684, 1953694.65429964242503 ], [ 6156816.179120218381286, 1953653.738053150940686 ], [ 6157008.181925859302282, 1953511.339067461900413 ], [ 6157200.145557999610901, 1953337.353372916812077 ], [ 6157374.131252544932067, 1953145.389740776270628 ], [ 6157528.4634321462363, 1952937.296885756077245 ], [ 6157661.655793546698987, 1952715.07885580486618 ], [ 6157744.039016243070364, 1952540.894166172016412 ], [ 6157799.978309063240886, 1952465.468761173309758 ], [ 6157933.170670463703573, 1952243.250731222098693 ], [ 6158043.940498414449394, 1952009.047607445390895 ], [ 6158131.221018916927278, 1951765.114893953315914 ], [ 6158194.171672848984599, 1951513.801796124083921 ], [ 6158196.835315726697445, 1951495.844974437262863 ], [ 6158350.758899308741093, 1951423.044541224138811 ], [ 6158572.976929259486496, 1951289.852179823210463 ], [ 6158781.06978427991271, 1951135.52000022213906 ], [ 6158973.033416420221329, 1950961.534305677050725 ], [ 6159147.019110965542495, 1950769.570673536509275 ], [ 6159301.351290566846728, 1950561.477818516315892 ], [ 6159434.543651967309415, 1950339.259788565104827 ], [ 6159511.817531816661358, 1950175.877896745922044 ], [ 6159558.757271824404597, 1950112.586984005989507 ], [ 6159691.949633224867284, 1949890.368954054778442 ], [ 6159802.719461175613105, 1949656.165830278070644 ], [ 6159814.498481244780123, 1949623.24567454168573 ], [ 6159927.659749237820506, 1949470.665367600740865 ], [ 6160060.852110638283193, 1949248.4473376495298 ], [ 6160077.708712798543274, 1949212.807046829955652 ], [ 6160129.257813720963895, 1949126.802567802136764 ], [ 6160138.850053928792477, 1949106.521479872521013 ], [ 6160234.378338380716741, 1948947.142165981000289 ], [ 6160338.677110929973423, 1948726.620939316460863 ], [ 6160418.431405482813716, 1948619.084721681894735 ], [ 6160551.623766883276403, 1948396.866691730683669 ], [ 6160584.065594578161836, 1948328.274210116127506 ], [ 6160586.618733150884509, 1948324.831701261224225 ], [ 6160719.811094551347196, 1948102.61367131001316 ], [ 6160830.580922502093017, 1947868.410547533305362 ], [ 6160917.861443004570901, 1947624.477834041230381 ], [ 6160980.812096936628222, 1947373.164736211998388 ], [ 6161018.826635086908937, 1947116.891536559443921 ], [ 6161031.538956671953201, 1946858.126286089420319 ], [ 6161018.826635086908937, 1946599.361035619396716 ], [ 6160980.812096936628222, 1946343.087835966842249 ], [ 6160917.861443004570901, 1946091.774738137610257 ], [ 6160830.580922502093017, 1945847.842024645535275 ], [ 6160766.547876172699034, 1945712.455523170763627 ], [ 6160759.646208263002336, 1945684.902520393021405 ], [ 6160672.365687760524452, 1945440.969806900946423 ], [ 6160561.595859809778631, 1945206.766683124238625 ], [ 6160428.403498409315944, 1944984.54865317302756 ], [ 6160274.071318808011711, 1944776.455798152834177 ], [ 6160100.085624262690544, 1944584.492166012292728 ], [ 6159926.73135007545352, 1944427.373010365758091 ], [ 6159809.22593098692596, 1944231.327062505064532 ], [ 6159654.893751385621727, 1944023.234207484871149 ], [ 6159480.90805684030056, 1943831.2705753443297 ], [ 6159391.798644218593836, 1943750.50651148147881 ], [ 6159472.126072305254638, 1943661.87885219976306 ], [ 6159626.458251906558871, 1943453.785997179569677 ], [ 6159759.650613307021558, 1943231.567967228358611 ], [ 6159870.420441257767379, 1942997.364843451650813 ], [ 6159957.700961760245264, 1942753.432129959575832 ], [ 6160020.651615692302585, 1942502.11903213034384 ], [ 6160026.768722854554653, 1942460.880845336709172 ], [ 6160032.309400765225291, 1942438.761219204170629 ], [ 6160070.323938915506005, 1942182.488019551616162 ], [ 6160083.03626050055027, 1941923.72276908159256 ], [ 6160070.323938915506005, 1941664.957518611568958 ], [ 6160041.924731956794858, 1941473.505616551730782 ], [ 6160149.540406726300716, 1941422.607193052070215 ], [ 6160371.75843667704612, 1941289.414831651141867 ], [ 6160579.851291697472334, 1941135.082652050070465 ], [ 6160579.866769994609058, 1941135.068623339291662 ], [ 6160579.920845370739698, 1941135.02851830702275 ], [ 6160771.884477511048317, 1940961.042823761934415 ], [ 6160945.870172056369483, 1940769.079191621392965 ], [ 6161100.202351657673717, 1940560.986336601199582 ], [ 6161233.394713058136404, 1940338.768306649988517 ], [ 6161269.454950255341828, 1940262.525340924970806 ], [ 6161324.439435986801982, 1940188.387344253482297 ], [ 6161335.344059123657644, 1940170.194079674547538 ], [ 6161338.840325815603137, 1940165.479909760178998 ], [ 6161472.032687216065824, 1939943.261879808967933 ], [ 6161582.802515166811645, 1939709.058756032260135 ], [ 6161670.083035669289529, 1939465.126042540185153 ], [ 6161733.03368960134685, 1939213.812944710953161 ], [ 6161771.048227751627564, 1938957.539745058398694 ], [ 6161783.760549336671829, 1938698.774494588375092 ], [ 6161771.048227751627564, 1938440.009244118351489 ], [ 6161733.03368960134685, 1938183.736044465797022 ], [ 6161670.083035669289529, 1937932.42294663656503 ], [ 6161582.802515166811645, 1937688.490233144490048 ], [ 6161472.032687216065824, 1937454.28710936778225 ], [ 6161338.840325815603137, 1937232.069079416571185 ], [ 6161184.508146214298904, 1937023.976224396377802 ], [ 6161010.522451668977737, 1936832.012592255836353 ], [ 6160818.558819528669119, 1936658.026897710748017 ], [ 6160610.465964508242905, 1936503.694718109676614 ], [ 6160388.247934557497501, 1936370.502356708748266 ], [ 6160154.044810780324042, 1936259.732528758468106 ], [ 6159910.112097288481891, 1936172.45200825529173 ], [ 6159658.798999459482729, 1936109.501354323932901 ], [ 6159402.525799807161093, 1936071.486816173885018 ], [ 6159143.760549336671829, 1936058.774494588375092 ], [ 6158884.995298866182566, 1936071.486816173885018 ], [ 6158628.722099213860929, 1936109.501354323932901 ], [ 6158377.409001384861767, 1936172.45200825529173 ], [ 6158133.476287893019617, 1936259.732528758468106 ], [ 6157899.273164115846157, 1936370.502356708748266 ], [ 6157677.055134165100753, 1936503.694718109676614 ], [ 6157468.96227914467454, 1936658.026897710748017 ], [ 6157276.998647004365921, 1936832.012592255836353 ], [ 6157103.012952459044755, 1937023.976224396377802 ], [ 6156948.680772857740521, 1937232.069079416571185 ], [ 6156938.784213619306684, 1937248.580490987282246 ], [ 6156934.110920118167996, 1937254.881697836099193 ], [ 6156800.918558717705309, 1937477.099727787310258 ], [ 6156764.488875539042056, 1937554.123821409419179 ], [ 6156709.973245026543736, 1937627.629640000639483 ], [ 6156576.780883626081049, 1937849.847669951850548 ], [ 6156466.011055675335228, 1938084.050793728558347 ], [ 6156378.730535172857344, 1938327.983507220633328 ], [ 6156315.779881240800023, 1938579.29660504986532 ], [ 6156277.765343090519309, 1938835.569804702419788 ], [ 6156265.053021505475044, 1939094.33505517244339 ], [ 6156277.765343090519309, 1939353.100305642466992 ], [ 6156306.164550049230456, 1939544.552207702305168 ], [ 6156198.548875279724598, 1939595.450631201965734 ], [ 6155976.330845328979194, 1939728.642992602894083 ], [ 6155768.23799030855298, 1939882.975172203965485 ], [ 6155576.274358168244362, 1940056.960866749053821 ], [ 6155402.288663622923195, 1940248.92449888959527 ], [ 6155247.956484021618962, 1940457.017353909788653 ], [ 6155114.764122621156275, 1940679.235383860999718 ], [ 6155114.75642869155854, 1940679.251651307567954 ], [ 6155114.535120458342135, 1940679.620881788665429 ], [ 6155003.765292507596314, 1940913.824005565373227 ], [ 6154916.48477200511843, 1941157.756719057448208 ], [ 6154853.534118073061109, 1941409.069816886680201 ], [ 6154847.224691526964307, 1941451.604515649843961 ], [ 6154842.105335162952542, 1941472.0421318851877 ], [ 6154804.090797012671828, 1941728.315331537742168 ], [ 6154791.378475427627563, 1941987.08058200776577 ], [ 6154804.090797012671828, 1942245.845832477789372 ], [ 6154842.105335162952542, 1942502.11903213034384 ], [ 6154876.017808239907026, 1942637.505213713739067 ], [ 6154828.532926931045949, 1942680.543001459445804 ], [ 6154816.26006280630827, 1942673.186929792864248 ], [ 6154582.05693902913481, 1942562.417101842584088 ], [ 6154338.124225537292659, 1942475.136581339407712 ], [ 6154086.811127708293498, 1942412.185927408048883 ], [ 6153951.925343526527286, 1942392.17751140659675 ], [ 6154054.288700836710632, 1942175.748376452596858 ], [ 6154141.569221339188516, 1941931.815662960521877 ], [ 6154204.519875271245837, 1941680.502565131289884 ], [ 6154242.534413421526551, 1941424.229365478735417 ], [ 6154255.246735006570816, 1941165.464115008711815 ], [ 6154242.534413421526551, 1940906.698864538688213 ], [ 6154204.519875271245837, 1940650.425664886133745 ], [ 6154141.569221339188516, 1940399.112567056901753 ], [ 6154054.288700836710632, 1940155.179853564826772 ], [ 6153943.518872885964811, 1939920.976729788118973 ], [ 6153810.326511485502124, 1939698.758699836907908 ], [ 6153655.994331884197891, 1939490.665844816714525 ], [ 6153482.008637338876724, 1939298.702212676173076 ], [ 6153290.045005198568106, 1939124.71651813108474 ], [ 6153081.952150178141892, 1938970.384338530013338 ], [ 6153066.638975015841424, 1938961.205974556272849 ], [ 6152876.319687423296273, 1938820.055570947239175 ], [ 6152654.101657472550869, 1938686.863209546310827 ], [ 6152419.898533695377409, 1938576.093381596030667 ], [ 6152175.965820203535259, 1938488.812861092854291 ], [ 6151929.858346826396883, 1938427.166148206219077 ], [ 6151929.659774089232087, 1938423.124107290524989 ], [ 6151891.645235938951373, 1938166.850907637970522 ], [ 6151828.694582006894052, 1937915.53780980873853 ], [ 6151741.414061504416168, 1937671.605096316663548 ], [ 6151630.644233553670347, 1937437.40197253995575 ], [ 6151497.45187215320766, 1937215.183942588744685 ], [ 6151433.995143906213343, 1937129.622449286747724 ], [ 6151353.6654143165797, 1936995.600392254767939 ], [ 6151199.333234715275466, 1936787.507537234574556 ], [ 6151025.3475401699543, 1936595.543905094033107 ], [ 6150833.383908029645681, 1936421.558210548944771 ], [ 6150625.291053009219468, 1936267.226030947873369 ], [ 6150403.073023058474064, 1936134.033669546945021 ], [ 6150168.869899281300604, 1936023.263841596664861 ], [ 6149924.937185789458454, 1935935.983321093488485 ], [ 6149673.624087960459292, 1935873.032667162129655 ], [ 6149417.350888308137655, 1935835.018129012081772 ], [ 6149158.585637837648392, 1935822.305807426571846 ], [ 6148899.820387367159128, 1935835.018129012081772 ], [ 6148643.547187714837492, 1935873.032667162129655 ], [ 6148392.23408988583833, 1935935.983321093488485 ], [ 6148200.755923122167587, 1936004.495304668322206 ], [ 6148279.537455084733665, 1935837.925750279100612 ], [ 6148366.817975587211549, 1935593.99303678702563 ], [ 6148429.76862951926887, 1935342.679938957793638 ], [ 6148467.783167669549584, 1935086.406739305239171 ], [ 6148480.495489254593849, 1934827.641488835215569 ], [ 6148467.783167669549584, 1934568.876238365191966 ], [ 6148429.76862951926887, 1934312.603038712637499 ], [ 6148366.817975587211549, 1934061.289940883405507 ], [ 6148279.537455084733665, 1933817.357227391330525 ], [ 6148168.767627133987844, 1933583.154103614622727 ], [ 6148035.575265733525157, 1933360.936073663411662 ], [ 6147881.243086132220924, 1933152.843218643218279 ], [ 6147781.348166462033987, 1933042.626159347593784 ], [ 6147717.828714805655181, 1932956.980093318969011 ], [ 6147543.843020260334015, 1932765.016461178427562 ], [ 6147351.879388120025396, 1932591.030766633339226 ], [ 6147143.786533099599183, 1932436.698587032267824 ], [ 6146921.568503148853779, 1932303.506225631339476 ], [ 6146687.365379371680319, 1932192.736397681059316 ], [ 6146616.661292889155447, 1932167.438071017386392 ], [ 6146615.588530851528049, 1932160.206096797483042 ], [ 6146552.637876919470727, 1931908.89299896825105 ], [ 6146465.357356416992843, 1931664.960285476176068 ], [ 6146354.587528466247022, 1931430.75716169946827 ], [ 6146221.395167065784335, 1931208.539131748257205 ], [ 6146067.062987464480102, 1931000.446276728063822 ], [ 6145893.077292919158936, 1930808.482644587522373 ], [ 6145701.113660778850317, 1930634.496950042434037 ], [ 6145493.020805758424103, 1930480.164770441362634 ], [ 6145270.802775807678699, 1930346.972409040434286 ], [ 6145036.59965203050524, 1930236.202581090154126 ], [ 6144792.666938538663089, 1930148.92206058697775 ], [ 6144541.353840709663928, 1930085.971406655618921 ], [ 6144518.536274097859859, 1930082.586740378988907 ], [ 6144529.511593341827393, 1929859.178984835743904 ], [ 6144516.799271756783128, 1929600.413734365720302 ], [ 6144478.784733606502414, 1929344.140534713165835 ], [ 6144415.834079674445093, 1929092.827436883933842 ], [ 6144328.553559171967208, 1928848.894723391858861 ], [ 6144254.117668070830405, 1928691.513254632707685 ], [ 6144222.48487367015332, 1928603.105516812531278 ], [ 6144111.715045719407499, 1928368.902393035823479 ], [ 6143978.522684318944812, 1928146.684363084612414 ], [ 6143824.190504717640579, 1927938.591508064419031 ], [ 6143650.204810172319412, 1927746.627875923877582 ], [ 6143458.241178032010794, 1927572.642181378789246 ], [ 6143250.14832301158458, 1927418.310001777717844 ], [ 6143027.930293060839176, 1927285.117640376789495 ], [ 6143021.94169277139008, 1927282.285243382910267 ], [ 6142991.241776941344142, 1927075.323221965925768 ], [ 6142991.239601615816355, 1927075.314537579659373 ], [ 6142991.221763862296939, 1927075.194285213248804 ], [ 6142928.271109930239618, 1926823.881187384016812 ], [ 6142840.990589427761734, 1926579.948473891941831 ], [ 6142730.220761477015913, 1926345.745350115234032 ], [ 6142597.028400076553226, 1926123.527320164022967 ], [ 6142566.35040174331516, 1926082.1628278340213 ], [ 6142457.783599821850657, 1925901.030061754165217 ], [ 6142303.451420220546424, 1925692.937206733971834 ], [ 6142129.465725675225258, 1925500.973574593430385 ], [ 6141937.502093534916639, 1925326.987880048342049 ], [ 6141729.409238514490426, 1925172.655700447270647 ], [ 6141507.191208563745022, 1925039.463339046342298 ] ] ], [ [ [ 6187736.500951183028519, 1908739.677083524176851 ], [ 6187514.282921232283115, 1908606.484722123248503 ], [ 6187280.079797455109656, 1908495.714894172968343 ], [ 6187036.147083963267505, 1908408.434373669791967 ], [ 6186784.833986134268343, 1908345.483719738433138 ], [ 6186528.560786481946707, 1908307.469181588385254 ], [ 6186269.795536011457443, 1908294.756860002875328 ], [ 6186011.03028554096818, 1908307.469181588385254 ], [ 6185754.757085888646543, 1908345.483719738433138 ], [ 6185503.443988059647381, 1908408.434373669791967 ], [ 6185259.511274567805231, 1908495.714894172968343 ], [ 6185025.308150790631771, 1908606.484722123248503 ], [ 6184803.090120839886367, 1908739.677083524176851 ], [ 6184594.997265819460154, 1908894.009263125248253 ], [ 6184403.033633679151535, 1909067.994957670336589 ], [ 6184229.047939133830369, 1909259.958589810878038 ], [ 6184074.715759532526135, 1909468.051444831071422 ], [ 6183941.523398132063448, 1909690.269474782282487 ], [ 6183830.753570181317627, 1909924.472598558990285 ], [ 6183743.473049678839743, 1910168.405312051065266 ], [ 6183680.522395746782422, 1910419.718409880297258 ], [ 6183642.507857596501708, 1910675.991609532851726 ], [ 6183629.795536011457443, 1910934.756860002875328 ], [ 6183642.507857596501708, 1911193.52211047289893 ], [ 6183650.859756740741432, 1911249.826041050022468 ], [ 6183541.054647229611874, 1911184.01139120827429 ], [ 6183306.851523452438414, 1911073.24156325799413 ], [ 6183062.918809960596263, 1910985.961042754817754 ], [ 6182811.605712131597102, 1910923.010388823458925 ], [ 6182555.332512479275465, 1910884.995850673411041 ], [ 6182296.567262008786201, 1910872.283529087901115 ], [ 6182037.802011538296938, 1910884.995850673411041 ], [ 6182035.349872049875557, 1910885.359591206070036 ], [ 6181921.977111954241991, 1910890.929237759206444 ], [ 6181665.703912301920354, 1910928.943775909254327 ], [ 6181414.390814472921193, 1910991.894429840613157 ], [ 6181170.458100981079042, 1911079.174950343789533 ], [ 6180936.254977203905582, 1911189.944778294069692 ], [ 6180714.036947253160179, 1911323.137139694998041 ], [ 6180505.944092232733965, 1911477.469319296069443 ], [ 6180313.980460092425346, 1911651.455013841157779 ], [ 6180139.99476554710418, 1911843.418645981699228 ], [ 6179985.662585945799947, 1912051.511501001892611 ], [ 6179852.47022454533726, 1912273.729530953103676 ], [ 6179741.700396594591439, 1912507.932654729811475 ], [ 6179654.419876092113554, 1912751.865368221886456 ], [ 6179591.469222160056233, 1913003.178466051118448 ], [ 6179553.454684009775519, 1913259.451665703672916 ], [ 6179540.742362424731255, 1913518.216916173696518 ], [ 6179553.454684009775519, 1913776.98216664372012 ], [ 6179591.469222160056233, 1914033.255366296274588 ], [ 6179654.419876092113554, 1914284.56846412550658 ], [ 6179741.700396594591439, 1914528.501177617581561 ], [ 6179852.47022454533726, 1914762.704301394289359 ], [ 6179985.662585945799947, 1914984.922331345500425 ], [ 6180139.99476554710418, 1915193.015186365693808 ], [ 6180313.980460092425346, 1915384.978818506235257 ], [ 6180505.944092232733965, 1915558.964513051323593 ], [ 6180714.036947253160179, 1915713.296692652394995 ], [ 6180936.254977203905582, 1915846.489054053323343 ], [ 6181170.458100981079042, 1915957.258882003603503 ], [ 6181414.390814472921193, 1916044.539402506779879 ], [ 6181665.703912301920354, 1916107.490056438138708 ], [ 6181921.977111954241991, 1916145.504594588186592 ], [ 6182180.742362424731255, 1916158.216916173696518 ], [ 6182439.507612895220518, 1916145.504594588186592 ], [ 6182441.959752383641899, 1916145.140854055527598 ], [ 6182555.332512479275465, 1916139.571207502391189 ], [ 6182811.605712131597102, 1916101.556669352343306 ], [ 6183062.918809960596263, 1916038.606015420984477 ], [ 6183306.851523452438414, 1915951.325494917808101 ], [ 6183541.054647229611874, 1915840.555666967527941 ], [ 6183763.272677180357277, 1915707.363305566599593 ], [ 6183971.365532200783491, 1915553.03112596552819 ], [ 6184163.32916434109211, 1915379.045431420439854 ], [ 6184337.314858886413276, 1915187.081799279898405 ], [ 6184491.647038487717509, 1914978.988944259705022 ], [ 6184624.839399888180196, 1914756.770914308493957 ], [ 6184735.609227838926017, 1914522.567790531786159 ], [ 6184822.889748341403902, 1914278.635077039711177 ], [ 6184885.840402273461223, 1914027.321979210479185 ], [ 6184923.854940423741937, 1913771.048779557924718 ], [ 6184936.567262008786201, 1913512.283529087901115 ], [ 6184934.091499181464314, 1913461.888219012646005 ], [ 6185153.596608124673367, 1913593.454518138663843 ], [ 6185387.799731901846826, 1913704.224346088944003 ], [ 6185631.732445393688977, 1913791.504866592120379 ], [ 6185883.045543222688138, 1913854.455520523479208 ], [ 6186139.318742875009775, 1913892.470058673527092 ], [ 6186398.083993345499039, 1913905.182380259037018 ], [ 6186656.849243815988302, 1913892.470058673527092 ], [ 6186913.122443468309939, 1913854.455520523479208 ], [ 6187164.435541297309101, 1913791.504866592120379 ], [ 6187408.368254789151251, 1913704.224346088944003 ], [ 6187642.571378566324711, 1913593.454518138663843 ], [ 6187864.789408517070115, 1913460.262156737735495 ], [ 6188072.882263537496328, 1913305.929977136664093 ], [ 6188264.845895677804947, 1913131.944282591575757 ], [ 6188438.831590223126113, 1912939.980650451034307 ], [ 6188593.163769824430346, 1912731.887795430840924 ], [ 6188726.356131224893034, 1912509.669765479629859 ], [ 6188837.125959175638855, 1912275.466641702922061 ], [ 6188924.406479678116739, 1912031.53392821084708 ], [ 6188987.35713361017406, 1911780.220830381615087 ], [ 6189025.371671760454774, 1911523.94763072906062 ], [ 6189038.083993345499039, 1911265.182380259037018 ], [ 6189025.371671760454774, 1911006.417129789013416 ], [ 6188987.35713361017406, 1910750.143930136458948 ], [ 6188924.406479678116739, 1910498.830832307226956 ], [ 6188837.125959175638855, 1910254.898118815151975 ], [ 6188795.807671293616295, 1910167.537938970373943 ], [ 6188708.837501841597259, 1909924.472598558990285 ], [ 6188598.067673890851438, 1909690.269474782282487 ], [ 6188464.875312490388751, 1909468.051444831071422 ], [ 6188310.543132889084518, 1909259.958589810878038 ], [ 6188136.557438343763351, 1909067.994957670336589 ], [ 6187944.593806203454733, 1908894.009263125248253 ], [ 6187736.500951183028519, 1908739.677083524176851 ] ] ], [ [ [ 6175904.782160592265427, 1912962.208664687583223 ], [ 6175682.564130641520023, 1912829.016303286654875 ], [ 6175448.361006864346564, 1912718.246475336374715 ], [ 6175204.428293372504413, 1912630.965954833198339 ], [ 6174953.115195543505251, 1912568.01530090183951 ], [ 6174696.841995891183615, 1912530.000762751791626 ], [ 6174438.076745420694351, 1912517.2884411662817 ], [ 6174179.311494950205088, 1912530.000762751791626 ], [ 6173923.038295297883451, 1912568.01530090183951 ], [ 6173671.725197468884289, 1912630.965954833198339 ], [ 6173427.792483977042139, 1912718.246475336374715 ], [ 6173193.589360199868679, 1912829.016303286654875 ], [ 6172971.371330249123275, 1912962.208664687583223 ], [ 6172763.278475228697062, 1913116.540844288654625 ], [ 6172571.314843088388443, 1913290.526538833742961 ], [ 6172397.329148543067276, 1913482.49017097428441 ], [ 6172242.996968941763043, 1913690.583025994477794 ], [ 6172109.804607541300356, 1913912.801055945688859 ], [ 6171999.034779590554535, 1914147.004179722396657 ], [ 6171911.754259088076651, 1914390.936893214471638 ], [ 6171855.91315440274775, 1914613.867079447954893 ], [ 6171757.449580725282431, 1914599.261388009879738 ], [ 6171498.684330254793167, 1914586.549066424369812 ], [ 6171239.919079784303904, 1914599.261388009879738 ], [ 6170983.645880131982267, 1914637.275926159927621 ], [ 6170969.973879058845341, 1914640.700584148289636 ], [ 6170958.966795637272298, 1914642.333330737659708 ], [ 6170707.653697808273137, 1914705.283984669018537 ], [ 6170463.720984316430986, 1914792.564505172194913 ], [ 6170229.517860539257526, 1914903.334333122475073 ], [ 6170007.299830588512123, 1915036.526694523403421 ], [ 6169802.990203452296555, 1915188.053041097475216 ], [ 6169751.610023699700832, 1915212.354056299431249 ], [ 6169529.391993748955429, 1915345.546417700359598 ], [ 6169321.299138728529215, 1915499.878597301431 ], [ 6169129.335506588220596, 1915673.864291846519336 ], [ 6168955.34981204289943, 1915865.827923987060785 ], [ 6168801.017632441595197, 1916073.920779007254168 ], [ 6168667.82527104113251, 1916296.138808958465233 ], [ 6168557.055443090386689, 1916530.341932735173032 ], [ 6168469.774922587908804, 1916774.274646227248013 ], [ 6168406.824268655851483, 1917025.587744056480005 ], [ 6168368.809730505570769, 1917281.860943709034473 ], [ 6168356.097408920526505, 1917540.626194179058075 ], [ 6168368.809730505570769, 1917799.391444649081677 ], [ 6168406.824268655851483, 1918055.664644301636145 ], [ 6168469.774922587908804, 1918306.977742130868137 ], [ 6168557.055443090386689, 1918550.910455622943118 ], [ 6168667.82527104113251, 1918785.113579399650916 ], [ 6168801.017632441595197, 1919007.331609350861982 ], [ 6168955.34981204289943, 1919215.424464371055365 ], [ 6169129.335506588220596, 1919407.388096511596814 ], [ 6169321.299138728529215, 1919581.37379105668515 ], [ 6169529.391993748955429, 1919735.705970657756552 ], [ 6169751.610023699700832, 1919868.8983320586849 ], [ 6169985.813147476874292, 1919979.66816000896506 ], [ 6170229.745860968716443, 1920066.948680512141436 ], [ 6170481.058958797715604, 1920129.899334443500265 ], [ 6170737.332158450037241, 1920167.913872593548149 ], [ 6170996.097408920526505, 1920180.626194179058075 ], [ 6171254.862659391015768, 1920167.913872593548149 ], [ 6171511.135859043337405, 1920129.899334443500265 ], [ 6171762.448956872336566, 1920066.948680512141436 ], [ 6172006.381670364178717, 1919979.66816000896506 ], [ 6172240.584794141352177, 1919868.8983320586849 ], [ 6172462.80282409209758, 1919735.705970657756552 ], [ 6172642.492862776853144, 1919602.438755307579413 ], [ 6172743.171715475618839, 1919554.821204303996637 ], [ 6172965.389745426364243, 1919421.628842903068289 ], [ 6173173.482600446790457, 1919267.296663301996887 ], [ 6173365.446232587099075, 1919093.310968756908551 ], [ 6173539.431927132420242, 1918901.347336616367102 ], [ 6173693.764106733724475, 1918693.254481596173719 ], [ 6173826.956468134187162, 1918471.036451644962654 ], [ 6173937.726296084932983, 1918236.833327868254855 ], [ 6173970.470632706768811, 1918145.319037648849189 ], [ 6174207.658223036676645, 1918180.502493092324585 ], [ 6174466.423473507165909, 1918193.214814677834511 ], [ 6174725.188723977655172, 1918180.502493092324585 ], [ 6174981.461923629976809, 1918142.487954942276701 ], [ 6174995.090776567347348, 1918139.074104999192059 ], [ 6175029.153101206757128, 1918134.021436435868964 ], [ 6175280.46619903575629, 1918071.070782504510134 ], [ 6175524.398912527598441, 1917983.790262001333758 ], [ 6175758.6020363047719, 1917873.020434051053599 ], [ 6175980.820066255517304, 1917739.82807265012525 ], [ 6176188.912921275943518, 1917585.495893049053848 ], [ 6176380.876553416252136, 1917411.510198503965512 ], [ 6176554.862247961573303, 1917219.546566363424063 ], [ 6176709.194427562877536, 1917011.45371134323068 ], [ 6176842.386788963340223, 1916789.235681392019615 ], [ 6176953.156616914086044, 1916555.032557615311816 ], [ 6177040.437137416563928, 1916311.099844123236835 ], [ 6177103.387791348621249, 1916059.786746294004843 ], [ 6177141.402329498901963, 1915803.513546641450375 ], [ 6177154.114651083946228, 1915544.748296171426773 ], [ 6177141.402329498901963, 1915285.983045701403171 ], [ 6177103.387791348621249, 1915029.709846048848704 ], [ 6177057.867362075485289, 1914847.982105657225475 ], [ 6177027.349885685369372, 1914642.249991043703631 ], [ 6176964.399231753312051, 1914390.936893214471638 ], [ 6176877.118711250834167, 1914147.004179722396657 ], [ 6176766.348883300088346, 1913912.801055945688859 ], [ 6176633.156521899625659, 1913690.583025994477794 ], [ 6176478.824342298321426, 1913482.49017097428441 ], [ 6176304.838647753000259, 1913290.526538833742961 ], [ 6176112.875015612691641, 1913116.540844288654625 ], [ 6175904.782160592265427, 1912962.208664687583223 ] ] ], [ [ [ 6167286.274463263340294, 1916827.656314360210672 ], [ 6167064.056433312594891, 1916694.463952959282324 ], [ 6166829.853309535421431, 1916583.694125009002164 ], [ 6166585.92059604357928, 1916496.413604505825788 ], [ 6166334.607498214580119, 1916433.462950574466959 ], [ 6166078.334298562258482, 1916395.448412424419075 ], [ 6165819.569048091769218, 1916382.736090838909149 ], [ 6165560.803797621279955, 1916395.448412424419075 ], [ 6165304.530597968958318, 1916433.462950574466959 ], [ 6165053.217500139959157, 1916496.413604505825788 ], [ 6164809.284786648117006, 1916583.694125009002164 ], [ 6164575.081662870943546, 1916694.463952959282324 ], [ 6164544.088004807941616, 1916713.040836692554876 ], [ 6164524.288785450160503, 1916722.405170039040968 ], [ 6164302.0707554994151, 1916855.597531439969316 ], [ 6164093.977900478988886, 1917009.929711041040719 ], [ 6163902.014268338680267, 1917183.915405586129054 ], [ 6163728.028573793359101, 1917375.879037726670504 ], [ 6163573.696394192054868, 1917583.971892746863887 ], [ 6163440.504032791592181, 1917806.189922698074952 ], [ 6163329.73420484084636, 1918040.39304647478275 ], [ 6163242.453684338368475, 1918284.325759966857731 ], [ 6163179.503030406311154, 1918535.638857796089724 ], [ 6163141.48849225603044, 1918791.912057448644191 ], [ 6163128.776170670986176, 1919050.677307918667793 ], [ 6163141.48849225603044, 1919309.442558388691396 ], [ 6163179.503030406311154, 1919565.715758041245863 ], [ 6163242.453684338368475, 1919817.028855870477855 ], [ 6163329.73420484084636, 1920060.961569362552837 ], [ 6163440.504032791592181, 1920295.164693139260635 ], [ 6163573.696394192054868, 1920517.3827230904717 ], [ 6163586.627954583615065, 1920534.818913836264983 ], [ 6163607.433160872198641, 1920578.807826645439491 ], [ 6163740.625522272661328, 1920801.025856596650556 ], [ 6163875.169723712839186, 1920982.437711702892557 ], [ 6163857.574392870999873, 1921011.793747700983658 ], [ 6163746.804564920254052, 1921245.996871477691457 ], [ 6163659.524044417776167, 1921489.929584969766438 ], [ 6163645.250512362457812, 1921546.912719119107351 ], [ 6163631.698640757240355, 1921584.787662972696126 ], [ 6163568.747986825183034, 1921836.100760801928118 ], [ 6163530.73344867490232, 1922092.373960454482585 ], [ 6163518.021127089858055, 1922351.139210924506187 ], [ 6163530.73344867490232, 1922609.90446139452979 ], [ 6163568.747986825183034, 1922866.177661047084257 ], [ 6163608.263189337216318, 1923023.931192334042862 ], [ 6163404.82343890145421, 1923174.81239437777549 ], [ 6163212.859806761145592, 1923348.798088922863826 ], [ 6163038.874112215824425, 1923540.761721063405275 ], [ 6162884.541932614520192, 1923748.854576083598658 ], [ 6162751.349571214057505, 1923971.072606034809723 ], [ 6162640.579743263311684, 1924205.275729811517522 ], [ 6162553.2992227608338, 1924449.208443303592503 ], [ 6162490.348568828776479, 1924700.521541132824495 ], [ 6162470.922009137459099, 1924831.484768690774217 ], [ 6162451.951992081478238, 1924907.217321961419657 ], [ 6162413.937453931197524, 1925163.490521613974124 ], [ 6162401.225132346153259, 1925422.255772083997726 ], [ 6162401.22934032138437, 1925422.341427380451933 ], [ 6162401.222507670521736, 1925422.480509176850319 ], [ 6162413.934829255566001, 1925681.245759646873921 ], [ 6162451.949367405846715, 1925937.518959299428388 ], [ 6162514.900021337904036, 1926188.832057128660381 ], [ 6162602.18054184038192, 1926432.764770620735362 ], [ 6162712.950369791127741, 1926666.96789439744316 ], [ 6162846.142731191590428, 1926889.185924348654225 ], [ 6163000.474910792894661, 1927097.278779368847609 ], [ 6163174.460605338215828, 1927289.242411509389058 ], [ 6163366.424237478524446, 1927463.228106054477394 ], [ 6163574.51709249895066, 1927617.560285655548796 ], [ 6163796.735122449696064, 1927750.752647056477144 ], [ 6164030.938246226869524, 1927861.522475006757304 ], [ 6164274.870959718711674, 1927948.80299550993368 ], [ 6164526.184057547710836, 1928011.753649441292509 ], [ 6164782.457257200032473, 1928049.768187591340393 ], [ 6165041.222507670521736, 1928062.480509176850319 ], [ 6165299.987758141011, 1928049.768187591340393 ], [ 6165556.260957793332636, 1928011.753649441292509 ], [ 6165807.574055622331798, 1927948.80299550993368 ], [ 6166051.506769114173949, 1927861.522475006757304 ], [ 6166285.709892891347408, 1927750.752647056477144 ], [ 6166507.927922842092812, 1927617.560285655548796 ], [ 6166716.020777862519026, 1927463.228106054477394 ], [ 6166907.984410002827644, 1927289.242411509389058 ], [ 6167081.970104548148811, 1927097.278779368847609 ], [ 6167236.302284149453044, 1926889.185924348654225 ], [ 6167369.494645549915731, 1926666.96789439744316 ], [ 6167480.264473500661552, 1926432.764770620735362 ], [ 6167567.544994003139436, 1926188.832057128660381 ], [ 6167630.495647935196757, 1925937.518959299428388 ], [ 6167636.020224542357028, 1925900.275289044249803 ], [ 6167665.011983109638095, 1925784.533700958592817 ], [ 6167703.026521259918809, 1925528.26050130603835 ], [ 6167705.065530407242477, 1925486.755516614299268 ], [ 6167706.909387508407235, 1925474.325241725426167 ], [ 6167719.6217090934515, 1925215.559991255402565 ], [ 6167706.909387508407235, 1924956.794740785378963 ], [ 6167668.894849358126521, 1924700.521541132824495 ], [ 6167629.379646846093237, 1924542.76800984586589 ], [ 6167832.819397281855345, 1924391.886807802133262 ], [ 6168024.783029422163963, 1924217.901113257044926 ], [ 6168198.76872396748513, 1924025.937481116503477 ], [ 6168353.100903568789363, 1923817.844626096310094 ], [ 6168486.29326496925205, 1923595.626596145099029 ], [ 6168597.063092919997871, 1923361.423472368391231 ], [ 6168684.343613422475755, 1923117.490758876316249 ], [ 6168698.275292817503214, 1923061.872377049410716 ], [ 6168712.177547252736986, 1923023.018178786151111 ], [ 6168775.128201184794307, 1922771.705080956919119 ], [ 6168813.142739335075021, 1922515.431881304364651 ], [ 6168825.855060920119286, 1922256.666630834341049 ], [ 6168825.841326686553657, 1922256.387064081151038 ], [ 6168825.846530750393867, 1922256.2811329215765 ], [ 6168813.134209165349603, 1921997.515882451552898 ], [ 6168775.119671015068889, 1921741.24268279899843 ], [ 6168712.169017083011568, 1921489.929584969766438 ], [ 6168624.888496580533683, 1921245.996871477691457 ], [ 6168514.118668629787862, 1921011.793747700983658 ], [ 6168380.926307229325175, 1920789.575717749772593 ], [ 6168263.571891894564033, 1920631.341606112662703 ], [ 6168312.448796390555799, 1920549.795417479937896 ], [ 6168423.21862434130162, 1920315.592293703230098 ], [ 6168510.499144843779504, 1920071.659580211155117 ], [ 6168573.449798775836825, 1919820.346482381923124 ], [ 6168611.464336926117539, 1919564.073282729368657 ], [ 6168624.176658511161804, 1919305.308032259345055 ], [ 6168611.464336926117539, 1919046.542781789321452 ], [ 6168573.449798775836825, 1918790.269582136766985 ], [ 6168510.499144843779504, 1918538.956484307534993 ], [ 6168423.21862434130162, 1918295.023770815460011 ], [ 6168312.448796390555799, 1918060.820647038752213 ], [ 6168179.256434990093112, 1917838.602617087541148 ], [ 6168171.334473286755383, 1917827.92108824243769 ], [ 6168147.841185971163213, 1917778.248705618316308 ], [ 6168014.648824570700526, 1917556.030675667105243 ], [ 6167860.316644969396293, 1917347.93782064691186 ], [ 6167686.330950424075127, 1917155.97418850637041 ], [ 6167494.367318283766508, 1916981.988493961282074 ], [ 6167286.274463263340294, 1916827.656314360210672 ] ] ], [ [ [ 6164384.090835750102997, 1930085.544786005979404 ], [ 6164192.127203609794378, 1929911.559091460891068 ], [ 6163984.034348589368165, 1929757.226911859819666 ], [ 6163761.816318638622761, 1929624.034550458891317 ], [ 6163527.613194861449301, 1929513.264722508611158 ], [ 6163283.680481369607151, 1929425.984202005434781 ], [ 6163032.367383540607989, 1929363.033548074075952 ], [ 6162776.094183888286352, 1929325.019009924028069 ], [ 6162517.328933417797089, 1929312.306688338518143 ], [ 6162258.563682947307825, 1929325.019009924028069 ], [ 6162002.290483294986188, 1929363.033548074075952 ], [ 6161750.977385465987027, 1929425.984202005434781 ], [ 6161507.044671974144876, 1929513.264722508611158 ], [ 6161272.841548196971416, 1929624.034550458891317 ], [ 6161050.623518246226013, 1929757.226911859819666 ], [ 6160842.530663225799799, 1929911.559091460891068 ], [ 6160650.56703108549118, 1930085.544786005979404 ], [ 6160476.581336540170014, 1930277.508418146520853 ], [ 6160322.249156938865781, 1930485.601273166714236 ], [ 6160189.056795538403094, 1930707.819303117925301 ], [ 6160078.286967587657273, 1930942.022426894633099 ], [ 6160072.581810012459755, 1930957.967274154769257 ], [ 6160068.599322927184403, 1930966.387535637943074 ], [ 6159981.318802424706519, 1931210.320249130018055 ], [ 6159918.368148492649198, 1931461.633346959250048 ], [ 6159918.303494276478887, 1931462.069210282061249 ], [ 6159918.293017404153943, 1931462.111036299960688 ], [ 6159912.740703175775707, 1931499.541698407614604 ], [ 6159890.261753094382584, 1931547.069445139495656 ], [ 6159802.9812325919047, 1931791.002158631570637 ], [ 6159740.030578659847379, 1932042.31525646080263 ], [ 6159702.016040509566665, 1932298.588456113357097 ], [ 6159689.3037189245224, 1932557.353706583380699 ], [ 6159702.016040509566665, 1932816.118957053404301 ], [ 6159740.030578659847379, 1933072.392156705958769 ], [ 6159802.9812325919047, 1933323.705254535190761 ], [ 6159890.261753094382584, 1933567.637968027265742 ], [ 6160001.031581045128405, 1933801.841091803973541 ], [ 6160134.223942445591092, 1934024.059121755184606 ], [ 6160288.556122046895325, 1934232.151976775377989 ], [ 6160462.541816592216492, 1934424.115608915919438 ], [ 6160462.779068217612803, 1934424.330641255248338 ], [ 6160462.832170337438583, 1934424.38923041545786 ], [ 6160654.795802477747202, 1934598.374924960546196 ], [ 6160862.888657498173416, 1934752.707104561617598 ], [ 6161085.106687448918819, 1934885.899465962545946 ], [ 6161319.309811226092279, 1934996.669293912826106 ], [ 6161563.24252471793443, 1935083.949814416002482 ], [ 6161814.555622546933591, 1935146.900468347361311 ], [ 6162070.828822199255228, 1935184.915006497409195 ], [ 6162329.594072669744492, 1935197.627328082919121 ], [ 6162588.359323140233755, 1935184.915006497409195 ], [ 6162844.632522792555392, 1935146.900468347361311 ], [ 6163095.945620621554554, 1935083.949814416002482 ], [ 6163339.878334113396704, 1934996.669293912826106 ], [ 6163574.081457890570164, 1934885.899465962545946 ], [ 6163796.299487841315567, 1934752.707104561617598 ], [ 6164004.392342861741781, 1934598.374924960546196 ], [ 6164196.3559750020504, 1934424.38923041545786 ], [ 6164370.341669547371566, 1934232.42559827491641 ], [ 6164524.673849148675799, 1934024.332743254723027 ], [ 6164657.866210549138486, 1933802.114713303511962 ], [ 6164768.636038499884307, 1933567.911589526804164 ], [ 6164855.916559002362192, 1933323.978876034729183 ], [ 6164918.867212934419513, 1933072.66577820549719 ], [ 6164924.611335671506822, 1933033.942048164550215 ], [ 6164946.60812349896878, 1932987.433747866423801 ], [ 6164952.781822575256228, 1932970.179414835060015 ], [ 6164956.370899247936904, 1932962.590949782403186 ], [ 6165043.651419750414789, 1932718.658236290328205 ], [ 6165106.60207368247211, 1932467.345138461096212 ], [ 6165144.616611832752824, 1932211.071938808541745 ], [ 6165157.328933417797089, 1931952.306688338518143 ], [ 6165144.616611832752824, 1931693.54143786849454 ], [ 6165106.60207368247211, 1931437.268238215940073 ], [ 6165043.651419750414789, 1931185.955140386708081 ], [ 6164956.370899247936904, 1930942.022426894633099 ], [ 6164845.601071297191083, 1930707.819303117925301 ], [ 6164712.408709896728396, 1930485.601273166714236 ], [ 6164558.076530295424163, 1930277.508418146520853 ], [ 6164384.090835750102997, 1930085.544786005979404 ] ] ], [ [ [ 6166842.532162969000638, 1951237.724043004680425 ], [ 6166598.599449477158487, 1951325.004563507856801 ], [ 6166364.396325699985027, 1951435.774391458136961 ], [ 6166142.178295749239624, 1951568.966752859065309 ], [ 6165934.08544072881341, 1951723.298932460136712 ], [ 6165742.121808588504791, 1951897.284627005225047 ], [ 6165568.136114043183625, 1952089.248259145766497 ], [ 6165413.803934441879392, 1952297.34111416595988 ], [ 6165280.611573041416705, 1952519.559144117170945 ], [ 6165169.841745090670884, 1952753.762267893878743 ], [ 6165082.561224588192999, 1952997.694981385953724 ], [ 6165019.610570656135678, 1953249.008079215185717 ], [ 6164981.596032505854964, 1953505.281278867740184 ], [ 6164968.883710920810699, 1953764.046529337763786 ], [ 6164981.596032505854964, 1954022.811779807787389 ], [ 6165019.610570656135678, 1954279.084979460341856 ], [ 6165082.561224588192999, 1954530.398077289573848 ], [ 6165169.841745090670884, 1954774.33079078164883 ], [ 6165280.611573041416705, 1955008.533914558356628 ], [ 6165413.803934441879392, 1955230.751944509567693 ], [ 6165568.136114043183625, 1955438.844799529761076 ], [ 6165742.121808588504791, 1955630.808431670302525 ], [ 6165934.08544072881341, 1955804.794126215390861 ], [ 6166142.178295749239624, 1955959.126305816462263 ], [ 6166364.396325699985027, 1956092.318667217390612 ], [ 6166598.599449477158487, 1956203.088495167670771 ], [ 6166842.532162969000638, 1956290.369015670847148 ], [ 6166849.46365800127387, 1956292.105264791054651 ], [ 6166963.649046723730862, 1956332.961450166534632 ], [ 6167214.962144552730024, 1956395.912104097893462 ], [ 6167471.235344205051661, 1956433.926642247941345 ], [ 6167730.000594675540924, 1956446.638963833451271 ], [ 6167988.765845146030188, 1956433.926642247941345 ], [ 6168245.039044798351824, 1956395.912104097893462 ], [ 6168496.352142627350986, 1956332.961450166534632 ], [ 6168553.886762965470552, 1956312.375233835773543 ], [ 6168616.144380503334105, 1956560.921575288288295 ], [ 6168703.424901005811989, 1956804.854288780363277 ], [ 6168814.19472895655781, 1957039.057412557071075 ], [ 6168947.387090357020497, 1957261.27544250828214 ], [ 6169101.71926995832473, 1957469.368297528475523 ], [ 6169275.704964503645897, 1957661.331929669016972 ], [ 6169467.668596643954515, 1957835.317624214105308 ], [ 6169675.761451664380729, 1957989.64980381517671 ], [ 6169897.979481615126133, 1958122.842165216105059 ], [ 6170132.182605392299592, 1958233.611993166385219 ], [ 6170376.115318884141743, 1958320.892513669561595 ], [ 6170483.942926027812064, 1958347.901923207798973 ], [ 6170497.030431394465268, 1958352.584707505535334 ], [ 6170748.343529223464429, 1958415.535361436894163 ], [ 6171004.616728875786066, 1958453.549899586942047 ], [ 6171263.38197934627533, 1958466.262221172451973 ], [ 6171522.147229816764593, 1958453.549899586942047 ], [ 6171778.42042946908623, 1958415.535361436894163 ], [ 6172029.733527298085392, 1958352.584707505535334 ], [ 6172273.666240789927542, 1958265.304187002358958 ], [ 6172507.869364567101002, 1958154.534359052078798 ], [ 6172730.087394517846406, 1958021.34199765115045 ], [ 6172938.180249538272619, 1957867.009818050079048 ], [ 6173130.143881678581238, 1957693.024123504990712 ], [ 6173304.129576223902404, 1957501.060491364449263 ], [ 6173458.461755825206637, 1957292.96763634425588 ], [ 6173591.654117225669324, 1957070.749606393044814 ], [ 6173702.423945176415145, 1956836.546482616337016 ], [ 6173789.70446567889303, 1956592.613769124262035 ], [ 6173852.655119610950351, 1956341.300671295030043 ], [ 6173890.669657761231065, 1956085.027471642475575 ], [ 6173903.38197934627533, 1955826.262221172451973 ], [ 6173890.669657761231065, 1955567.496970702428371 ], [ 6173852.655119610950351, 1955311.223771049873903 ], [ 6173789.70446567889303, 1955059.910673220641911 ], [ 6173702.423945176415145, 1954815.97795972856693 ], [ 6173591.654117225669324, 1954581.774835951859131 ], [ 6173458.461755825206637, 1954359.556806000648066 ], [ 6173304.129576223902404, 1954151.463950980454683 ], [ 6173130.143881678581238, 1953959.500318839913234 ], [ 6172938.180249538272619, 1953785.514624294824898 ], [ 6172730.087394517846406, 1953631.182444693753496 ], [ 6172507.869364567101002, 1953497.990083292825148 ], [ 6172273.666240789927542, 1953387.220255342544988 ], [ 6172029.733527298085392, 1953299.939734839368612 ], [ 6171921.905920154415071, 1953272.930325301131234 ], [ 6171908.818414787761867, 1953268.247541003394872 ], [ 6171657.505316958762705, 1953205.296887072036043 ], [ 6171401.232117306441069, 1953167.282348921988159 ], [ 6171142.466866835951805, 1953154.570027336478233 ], [ 6170883.701616365462542, 1953167.282348921988159 ], [ 6170627.428416713140905, 1953205.296887072036043 ], [ 6170376.115318884141743, 1953268.247541003394872 ], [ 6170318.580698546022177, 1953288.833757334155962 ], [ 6170256.323081008158624, 1953040.287415881641209 ], [ 6170169.04256050568074, 1952796.354702389566228 ], [ 6170058.272732554934919, 1952562.15157861285843 ], [ 6169925.080371154472232, 1952339.933548661647364 ], [ 6169770.748191553167999, 1952131.840693641453981 ], [ 6169596.762497007846832, 1951939.877061500912532 ], [ 6169404.798864867538214, 1951765.891366955824196 ], [ 6169196.706009847112, 1951611.559187354752794 ], [ 6168974.487979896366596, 1951478.366825953824446 ], [ 6168740.284856119193137, 1951367.596998003544286 ], [ 6168496.352142627350986, 1951280.31647750036791 ], [ 6168489.420647595077753, 1951278.580228380160406 ], [ 6168375.235258872620761, 1951237.724043004680425 ], [ 6168123.9221610436216, 1951174.773389073321596 ], [ 6167867.648961391299963, 1951136.758850923273712 ], [ 6167608.883710920810699, 1951124.046529337763786 ], [ 6167350.118460450321436, 1951136.758850923273712 ], [ 6167093.845260797999799, 1951174.773389073321596 ], [ 6166842.532162969000638, 1951237.724043004680425 ] ] ] ] } }
]
}
