{
"type": "FeatureCollection",
"name": "Tier1_BART_buffers_quartermile",
"crs": { "type": "name", "properties": { "name": "urn:ogc:def:crs:EPSG::2227" } },
"features": [
{ "type": "Feature", "properties": { "parent_sta": "901109", "stop_id": "WOAK_1", "stop_name": "North Station Entrance / Exit", "stop_code": "WOAK_1", "stop_desc": "Pedestrian Access Point", "stop_lat": 37.80503, "stop_lon": -122.2953, "zone_id": "BA:79542", "stop_url": null, "tts_stop_n": null, "platform_c": null, "location_t": "2", "stop_timez": "America/Los_Angeles", "wheelchair": null, "level_id": null, "route_info": "{'route_id': None, 'route_type': None}" }, "geometry": { "type": "Polygon", "coordinates": [ [ [ 6044169.028732776641846, 2119891.770027094054967 ], [ 6044102.432552075944841, 2119780.661012118682265 ], [ 6044025.266462274827063, 2119676.614584608469158 ], [ 6043938.273615002632141, 2119580.632768538314849 ], [ 6043842.291798932477832, 2119493.639921265654266 ], [ 6043738.245371422730386, 2119416.473831465002149 ], [ 6043627.136356446892023, 2119349.877650764770806 ], [ 6043510.034794558770955, 2119294.492736789397895 ], [ 6043388.068437811918557, 2119250.852476538158953 ], [ 6043262.411888897418976, 2119219.377149572130293 ], [ 6043134.275289071723819, 2119200.369880496989936 ], [ 6043004.892663836479187, 2119194.013719704467803 ], [ 6042875.510038601234555, 2119200.369880496989936 ], [ 6042747.373438775539398, 2119219.377149572130293 ], [ 6042621.716889861039817, 2119250.852476538158953 ], [ 6042499.750533114187419, 2119294.492736789397895 ], [ 6042382.648971226066351, 2119349.877650764770806 ], [ 6042271.539956250227988, 2119416.473831465002149 ], [ 6042167.493528740480542, 2119493.639921265654266 ], [ 6042071.511712670326233, 2119580.632768538314849 ], [ 6041984.518865398131311, 2119676.614584608469158 ], [ 6041907.352775597013533, 2119780.661012118682265 ], [ 6041840.756594896316528, 2119891.770027094054967 ], [ 6041785.37168092187494, 2120008.871588982641697 ], [ 6041741.731420669704676, 2120130.837945728562772 ], [ 6041710.256093704141676, 2120256.494494643062353 ], [ 6041691.248824629001319, 2120384.631094469223171 ], [ 6041684.892663836479187, 2120514.013719704467803 ], [ 6041691.248824629001319, 2120643.396344939712435 ], [ 6041710.256093704141676, 2120771.532944765873253 ], [ 6041741.731420669704676, 2120897.189493680372834 ], [ 6041785.37168092187494, 2121019.15585042629391 ], [ 6041840.756594896316528, 2121136.257412314880639 ], [ 6041855.47603256534785, 2121160.81531042791903 ], [ 6041867.731068130582571, 2121186.726406116969883 ], [ 6041934.327248831279576, 2121297.835421092342585 ], [ 6042011.493338632397354, 2121401.881848602555692 ], [ 6042098.486185904592276, 2121497.863664672710001 ], [ 6042194.468001974746585, 2121584.856511945370585 ], [ 6042298.51442948449403, 2121662.022601746022701 ], [ 6042409.623444460332394, 2121728.618782446254045 ], [ 6042526.725006348453462, 2121784.003696421626955 ], [ 6042648.69136309530586, 2121827.643956672865897 ], [ 6042774.347912009805441, 2121859.119283638894558 ], [ 6042902.484511835500598, 2121878.126552714034915 ], [ 6043031.86713707074523, 2121884.482713506557047 ], [ 6043161.249762305989861, 2121878.126552714034915 ], [ 6043289.386362131685019, 2121859.119283638894558 ], [ 6043415.042911046184599, 2121827.643956672865897 ], [ 6043537.009267793036997, 2121784.003696421626955 ], [ 6043654.110829681158066, 2121728.618782446254045 ], [ 6043765.219844656996429, 2121662.022601746022701 ], [ 6043869.266272166743875, 2121584.856511945370585 ], [ 6043965.248088236898184, 2121497.863664672710001 ], [ 6044052.240935509093106, 2121401.881848602555692 ], [ 6044129.407025310210884, 2121297.835421092342585 ], [ 6044196.003206010907888, 2121186.726406116969883 ], [ 6044251.388119985349476, 2121069.624844228383154 ], [ 6044295.028380237519741, 2120947.658487482462078 ], [ 6044326.50370720308274, 2120822.001938567962497 ], [ 6044345.510976278223097, 2120693.865338741801679 ], [ 6044351.86713707074523, 2120564.482713506557047 ], [ 6044345.510976278223097, 2120435.100088271312416 ], [ 6044326.50370720308274, 2120306.963488445151597 ], [ 6044295.028380237519741, 2120181.306939530652016 ], [ 6044251.388119985349476, 2120059.340582784730941 ], [ 6044196.003206010907888, 2119942.239020896144211 ], [ 6044181.283768341876566, 2119917.68112278310582 ], [ 6044169.028732776641846, 2119891.770027094054967 ] ] ] } },
{ "type": "Feature", "properties": { "parent_sta": "901509", "stop_id": "16TH_1", "stop_name": "A 16TH & Mission SW Entrance / Exit", "stop_code": "16TH_1", "stop_desc": "Pedestrian Access Point", "stop_lat": 37.76474, "stop_lon": -122.42004, "zone_id": "BA:79542", "stop_url": null, "tts_stop_n": null, "platform_c": null, "location_t": "2", "stop_timez": "America/Los_Angeles", "wheelchair": null, "level_id": null, "route_info": "{'route_id': None, 'route_type': None}" }, "geometry": { "type": "Polygon", "coordinates": [ [ [ 6007633.431185992434621, 2105679.026862658560276 ], [ 6007537.449369922280312, 2105592.034015385899693 ], [ 6007433.402942412532866, 2105514.867925585247576 ], [ 6007322.293927436694503, 2105448.271744885016233 ], [ 6007205.192365548573434, 2105392.886830909643322 ], [ 6007083.226008801721036, 2105349.24657065840438 ], [ 6006957.569459887221456, 2105317.77124369237572 ], [ 6006829.432860061526299, 2105298.763974617235363 ], [ 6006700.050234826281667, 2105292.40781382471323 ], [ 6006570.667609591037035, 2105298.763974617235363 ], [ 6006442.531009765341878, 2105317.77124369237572 ], [ 6006316.874460850842297, 2105349.24657065840438 ], [ 6006194.908104103989899, 2105392.886830909643322 ], [ 6006077.806542215868831, 2105448.271744885016233 ], [ 6005966.697527240030468, 2105514.867925585247576 ], [ 6005862.651099730283022, 2105592.034015385899693 ], [ 6005766.669283660128713, 2105679.026862658560276 ], [ 6005679.676436387933791, 2105775.008678728714585 ], [ 6005602.510346586816013, 2105879.055106238927692 ], [ 6005535.914165886119008, 2105990.164121214300394 ], [ 6005480.52925191167742, 2106107.265683102887124 ], [ 6005436.888991659507155, 2106229.232039848808199 ], [ 6005405.413664693944156, 2106354.88858876330778 ], [ 6005386.406395618803799, 2106483.025188589468598 ], [ 6005380.050234826281667, 2106612.40781382471323 ], [ 6005386.406395618803799, 2106741.790439059957862 ], [ 6005405.413664693944156, 2106869.92703888611868 ], [ 6005436.888991659507155, 2106995.583587800618261 ], [ 6005480.52925191167742, 2107117.549944546539336 ], [ 6005535.914165886119008, 2107234.651506435126066 ], [ 6005602.510346586816013, 2107345.760521410498768 ], [ 6005679.676436387933791, 2107449.806948920711875 ], [ 6005680.739825275726616, 2107450.980217756703496 ], [ 6005682.079776871018112, 2107453.813307372387499 ], [ 6005748.675957571715117, 2107564.922322347760201 ], [ 6005825.842047372832894, 2107668.968749857973307 ], [ 6005912.834894645027816, 2107764.950565928127617 ], [ 6006008.816710715182126, 2107851.9434132007882 ], [ 6006112.863138224929571, 2107929.109503001440316 ], [ 6006223.972153200767934, 2107995.70568370167166 ], [ 6006341.073715088889003, 2108051.09059767704457 ], [ 6006463.040071835741401, 2108094.730857928283513 ], [ 6006588.696620750240982, 2108126.206184894312173 ], [ 6006716.833220575936139, 2108145.21345396945253 ], [ 6006846.21584581118077, 2108151.569614761974663 ], [ 6006975.598471046425402, 2108145.21345396945253 ], [ 6007103.735070872120559, 2108126.206184894312173 ], [ 6007229.39161978662014, 2108094.730857928283513 ], [ 6007351.357976533472538, 2108051.09059767704457 ], [ 6007396.513943984173238, 2108029.733415651600808 ], [ 6007411.525068819522858, 2108024.362349302042276 ], [ 6007528.626630707643926, 2107968.977435326669365 ], [ 6007639.735645683482289, 2107902.381254626438022 ], [ 6007743.782073193229735, 2107825.215164825785905 ], [ 6007839.763889263384044, 2107738.222317553125322 ], [ 6007926.756736535578966, 2107642.240501482971013 ], [ 6008003.922826336696744, 2107538.194073972757906 ], [ 6008070.519007037393749, 2107427.085058997385204 ], [ 6008125.903921011835337, 2107309.983497108798474 ], [ 6008169.544181264005601, 2107188.017140362877399 ], [ 6008201.019508229568601, 2107062.360591448377818 ], [ 6008220.026777304708958, 2106934.223991622217 ], [ 6008226.38293809723109, 2106804.841366386972368 ], [ 6008220.026777304708958, 2106675.458741151727736 ], [ 6008201.019508229568601, 2106547.322141325566918 ], [ 6008169.544181264005601, 2106421.665592411067337 ], [ 6008125.903921011835337, 2106299.699235665146261 ], [ 6008070.519007037393749, 2106182.597673776559532 ], [ 6008003.922826336696744, 2106071.48865880118683 ], [ 6007926.756736535578966, 2105967.442231290973723 ], [ 6007839.763889263384044, 2105871.460415220819414 ], [ 6007743.782073193229735, 2105784.46756794815883 ], [ 6007698.679324517026544, 2105751.017089754343033 ], [ 6007633.431185992434621, 2105679.026862658560276 ] ] ] } },
{ "type": "Feature", "properties": { "parent_sta": "901609", "stop_id": "24TH_3", "stop_name": "A 24TH & Mission SW Entrance / Exit", "stop_code": "24TH_3", "stop_desc": "Pedestrian Access Point", "stop_lat": 37.75194, "stop_lon": -122.41883, "zone_id": "BA:79542", "stop_url": null, "tts_stop_n": null, "platform_c": null, "location_t": "2", "stop_timez": "America/Los_Angeles", "wheelchair": null, "level_id": null, "route_info": "{'route_id': None, 'route_type': None}" }, "geometry": { "type": "Polygon", "coordinates": [ [ [ 6007887.566887781955302, 2101012.095752412453294 ], [ 6007791.585071711800992, 2100925.102905139792711 ], [ 6007687.538644202053547, 2100847.936815339140594 ], [ 6007576.429629226215184, 2100781.34063463890925 ], [ 6007459.328067338094115, 2100725.95572066353634 ], [ 6007337.361710591241717, 2100682.315460412297398 ], [ 6007211.705161676742136, 2100650.840133446268737 ], [ 6007083.568561851046979, 2100631.83286437112838 ], [ 6006954.185936615802348, 2100625.476703578606248 ], [ 6006824.803311380557716, 2100631.83286437112838 ], [ 6006696.666711554862559, 2100650.840133446268737 ], [ 6006571.010162640362978, 2100682.315460412297398 ], [ 6006449.04380589351058, 2100725.95572066353634 ], [ 6006331.942244005389512, 2100781.34063463890925 ], [ 6006220.833229029551148, 2100847.936815339140594 ], [ 6006116.786801519803703, 2100925.102905139792711 ], [ 6006020.804985449649394, 2101012.095752412453294 ], [ 6005933.812138177454472, 2101108.077568482607603 ], [ 6005856.646048376336694, 2101212.12399599282071 ], [ 6005790.049867675639689, 2101323.233010968193412 ], [ 6005734.664953701198101, 2101440.334572856780142 ], [ 6005691.024693449027836, 2101562.300929602701217 ], [ 6005659.549366483464837, 2101687.957478517200798 ], [ 6005640.54209740832448, 2101816.094078343361616 ], [ 6005634.185936615802348, 2101945.476703578606248 ], [ 6005640.54209740832448, 2102074.85932881385088 ], [ 6005659.549366483464837, 2102202.995928640011698 ], [ 6005691.024693449027836, 2102328.652477554511279 ], [ 6005734.664953701198101, 2102450.618834300432354 ], [ 6005790.049867675639689, 2102567.720396189019084 ], [ 6005856.646048376336694, 2102678.829411164391786 ], [ 6005929.690638779662549, 2102777.318640047218651 ], [ 6005939.351422033272684, 2102797.744650071952492 ], [ 6006005.947602733969688, 2102908.853665047325194 ], [ 6006083.113692535087466, 2103012.900092557538301 ], [ 6006170.106539807282388, 2103108.88190862769261 ], [ 6006266.088355877436697, 2103195.874755900353193 ], [ 6006370.134783387184143, 2103273.04084570100531 ], [ 6006481.243798363022506, 2103339.637026401236653 ], [ 6006598.345360251143575, 2103395.021940376609564 ], [ 6006720.311716997995973, 2103438.662200627848506 ], [ 6006845.968265912495553, 2103470.137527593877167 ], [ 6006974.104865738190711, 2103489.144796669017524 ], [ 6007103.487490973435342, 2103495.500957461539656 ], [ 6007232.870116208679974, 2103489.144796669017524 ], [ 6007361.006716034375131, 2103470.137527593877167 ], [ 6007486.663264948874712, 2103438.662200627848506 ], [ 6007608.62962169572711, 2103395.021940376609564 ], [ 6007725.731183583848178, 2103339.637026401236653 ], [ 6007836.840198559686542, 2103273.04084570100531 ], [ 6007837.122714139521122, 2103272.831317867152393 ], [ 6007899.684849304147065, 2103235.333017127588391 ], [ 6008003.73127681389451, 2103158.166927326936275 ], [ 6008099.71309288404882, 2103071.174080054275692 ], [ 6008186.705940156243742, 2102975.192263984121382 ], [ 6008263.872029957361519, 2102871.145836473908275 ], [ 6008330.468210658058524, 2102760.036821498535573 ], [ 6008385.853124632500112, 2102642.935259609948844 ], [ 6008429.493384884670377, 2102520.968902864027768 ], [ 6008460.968711850233376, 2102395.312353949528188 ], [ 6008479.975980925373733, 2102267.175754123367369 ], [ 6008486.332141717895865, 2102137.793128888122737 ], [ 6008479.975980925373733, 2102008.410503652878106 ], [ 6008460.968711850233376, 2101880.273903826717287 ], [ 6008429.493384884670377, 2101754.617354912217706 ], [ 6008385.853124632500112, 2101632.650998166296631 ], [ 6008330.468210658058524, 2101515.549436277709901 ], [ 6008263.872029957361519, 2101404.440421302337199 ], [ 6008186.705940156243742, 2101300.393993792124093 ], [ 6008099.71309288404882, 2101204.412177721969783 ], [ 6008003.73127681389451, 2101117.4193304493092 ], [ 6007940.570166077464819, 2101070.575858168303967 ], [ 6007887.566887781955302, 2101012.095752412453294 ] ] ] } },
{ "type": "Feature", "properties": { "parent_sta": "901709", "stop_id": "GLEN_1", "stop_name": "Main Entrance / Exit", "stop_code": "GLEN_1", "stop_desc": "Pedestrian Access Point", "stop_lat": 37.73318, "stop_lon": -122.43388, "zone_id": "BA:79542", "stop_url": null, "tts_stop_n": null, "platform_c": null, "location_t": "2", "stop_timez": "America/Los_Angeles", "wheelchair": null, "level_id": null, "route_info": "{'route_id': None, 'route_type': None}" }, "geometry": { "type": "Polygon", "coordinates": [ [ [ 6003782.613331752829254, 2095203.853077739942819 ], [ 6003776.257170960307121, 2095074.470452504931018 ], [ 6003757.249901885166764, 2094946.333852678537369 ], [ 6003725.774574919603765, 2094820.677303764037788 ], [ 6003682.1343146674335, 2094698.710947018116713 ], [ 6003626.749400692991912, 2094581.609385129529983 ], [ 6003560.153219992294908, 2094470.500370154157281 ], [ 6003482.98713019117713, 2094366.453942643944174 ], [ 6003395.994282918982208, 2094270.472126573789865 ], [ 6003300.012466848827899, 2094183.479279301129282 ], [ 6003195.966039339080453, 2094106.313189500477165 ], [ 6003084.85702436324209, 2094039.717008800012991 ], [ 6002967.755462475121021, 2093984.332094825105742 ], [ 6002845.789105728268623, 2093940.691834573401138 ], [ 6002720.132556813769042, 2093909.216507607605308 ], [ 6002591.995956988073885, 2093890.209238532697782 ], [ 6002462.613331752829254, 2093883.853077739942819 ], [ 6002333.230706517584622, 2093890.209238532697782 ], [ 6002205.094106691889465, 2093909.216507607605308 ], [ 6002079.437557777389884, 2093940.691834573401138 ], [ 6001957.471201030537486, 2093984.332094825105742 ], [ 6001840.369639142416418, 2094039.717008800012991 ], [ 6001729.260624166578054, 2094106.313189500477165 ], [ 6001625.214196656830609, 2094183.479279301129282 ], [ 6001529.2323805866763, 2094270.472126573789865 ], [ 6001442.239533314481378, 2094366.453942643944174 ], [ 6001365.0734435133636, 2094470.500370154157281 ], [ 6001298.477262812666595, 2094581.609385129529983 ], [ 6001243.092348838225007, 2094698.710947018116713 ], [ 6001199.452088586054742, 2094820.677303764037788 ], [ 6001167.976761620491743, 2094946.333852678537369 ], [ 6001148.969492545351386, 2095074.470452504931018 ], [ 6001142.613331752829254, 2095203.853077739942819 ], [ 6001148.969492545351386, 2095333.23570297495462 ], [ 6001167.976761620491743, 2095461.372302801348269 ], [ 6001199.452088586054742, 2095587.02885171584785 ], [ 6001243.092348838225007, 2095708.995208461768925 ], [ 6001298.477262812666595, 2095826.096770350355655 ], [ 6001365.0734435133636, 2095937.205785325728357 ], [ 6001442.239533314481378, 2096041.252212835941464 ], [ 6001529.2323805866763, 2096137.234028906095773 ], [ 6001625.214196656830609, 2096224.226876178756356 ], [ 6001729.260624166578054, 2096301.392965979408473 ], [ 6001840.369639142416418, 2096367.989146679872647 ], [ 6001957.471201030537486, 2096423.374060654779896 ], [ 6002079.437557777389884, 2096467.0143209064845 ], [ 6002205.094106691889465, 2096498.489647872280329 ], [ 6002333.230706517584622, 2096517.496916947187856 ], [ 6002462.613331752829254, 2096523.853077739942819 ], [ 6002591.995956988073885, 2096517.496916947187856 ], [ 6002720.132556813769042, 2096498.489647872280329 ], [ 6002845.789105728268623, 2096467.0143209064845 ], [ 6002967.755462475121021, 2096423.374060654779896 ], [ 6003084.85702436324209, 2096367.989146679872647 ], [ 6003195.966039339080453, 2096301.392965979408473 ], [ 6003300.012466848827899, 2096224.226876178756356 ], [ 6003395.994282918982208, 2096137.234028906095773 ], [ 6003482.98713019117713, 2096041.252212835941464 ], [ 6003560.153219992294908, 2095937.205785325728357 ], [ 6003626.749400692991912, 2095826.096770350355655 ], [ 6003682.1343146674335, 2095708.995208461768925 ], [ 6003725.774574919603765, 2095587.02885171584785 ], [ 6003757.249901885166764, 2095461.372302801348269 ], [ 6003776.257170960307121, 2095333.23570297495462 ], [ 6003782.613331752829254, 2095203.853077739942819 ] ] ] } },
{ "type": "Feature", "properties": { "parent_sta": "901809", "stop_id": "BALB_2", "stop_name": "A1 Geneva Ave Entrance / Exit", "stop_code": "BALB_2", "stop_desc": "Pedestrian Access Point", "stop_lat": 37.72082, "stop_lon": -122.44763, "zone_id": "BA:79542", "stop_url": null, "tts_stop_n": null, "platform_c": null, "location_t": "2", "stop_timez": "America/Los_Angeles", "wheelchair": null, "level_id": null, "route_info": "{'route_id': None, 'route_type': None}" }, "geometry": { "type": "Polygon", "coordinates": [ [ [ 5999414.132585771381855, 2089951.144240570720285 ], [ 5999327.139738499186933, 2089855.162424500565976 ], [ 5999231.157922429032624, 2089768.169577227905393 ], [ 5999127.111494919285178, 2089691.003487427253276 ], [ 5999016.002479943446815, 2089624.407306726789102 ], [ 5998898.900918055325747, 2089569.022392751881853 ], [ 5998776.934561308473349, 2089525.382132500177249 ], [ 5998651.278012393973768, 2089493.906805534381419 ], [ 5998523.141412568278611, 2089474.899536459473893 ], [ 5998393.758787333033979, 2089468.54337566671893 ], [ 5998264.376162097789347, 2089474.899536459473893 ], [ 5998136.23956227209419, 2089493.906805534381419 ], [ 5998010.583013357594609, 2089525.382132500177249 ], [ 5997888.616656610742211, 2089569.022392751881853 ], [ 5997771.515094722621143, 2089624.407306726789102 ], [ 5997660.40607974678278, 2089691.003487427253276 ], [ 5997556.359652237035334, 2089768.169577227905393 ], [ 5997460.377836166881025, 2089855.162424500565976 ], [ 5997373.384988894686103, 2089951.144240570720285 ], [ 5997296.218899093568325, 2090055.190668080933392 ], [ 5997229.62271839287132, 2090166.299683056306094 ], [ 5997174.237804418429732, 2090283.401244944892824 ], [ 5997130.597544166259468, 2090405.367601690813899 ], [ 5997099.122217200696468, 2090531.02415060531348 ], [ 5997080.114948125556111, 2090659.160750431707129 ], [ 5997073.758787333033979, 2090788.54337566671893 ], [ 5997080.114948125556111, 2090917.926000901730731 ], [ 5997095.282772985287011, 2091020.179170285817236 ], [ 5997097.755929818376899, 2091070.521434137830511 ], [ 5997116.763198893517256, 2091198.65803396422416 ], [ 5997117.638722265139222, 2091202.15331919095479 ], [ 5997117.2480154838413, 2091210.106338424375281 ], [ 5997123.604176276363432, 2091339.488963659387082 ], [ 5997142.611445351503789, 2091467.625563485780731 ], [ 5997174.086772317066789, 2091593.282112400280312 ], [ 5997217.727032569237053, 2091715.248469146201387 ], [ 5997273.111946543678641, 2091832.350031034788117 ], [ 5997339.708127244375646, 2091943.459046010160819 ], [ 5997416.874217045493424, 2092047.505473520373926 ], [ 5997503.867064317688346, 2092143.487289590528235 ], [ 5997599.848880387842655, 2092230.480136863188818 ], [ 5997703.895307897590101, 2092307.646226663840935 ], [ 5997815.004322873428464, 2092374.242407364305109 ], [ 5997932.105884761549532, 2092429.627321339212358 ], [ 5998054.07224150840193, 2092473.267581590916961 ], [ 5998179.728790422901511, 2092504.742908556712791 ], [ 5998307.865390248596668, 2092523.750177631620318 ], [ 5998437.2480154838413, 2092530.106338424375281 ], [ 5998566.630640719085932, 2092523.750177631620318 ], [ 5998694.767240544781089, 2092504.742908556712791 ], [ 5998701.280918297357857, 2092503.111317216651514 ], [ 5998746.66551864054054, 2092496.379147705854848 ], [ 5998872.322067555040121, 2092464.903820740059018 ], [ 5998994.288424301892519, 2092421.263560488354415 ], [ 5999111.389986190013587, 2092365.878646513447165 ], [ 5999222.499001165851951, 2092299.282465812982991 ], [ 5999326.545428675599396, 2092222.116376012330875 ], [ 5999422.527244745753706, 2092135.123528739670292 ], [ 5999509.520092017948627, 2092039.141712669515982 ], [ 5999586.686181819066405, 2091935.095285159302875 ], [ 5999653.28236251976341, 2091823.986270183930174 ], [ 5999708.667276494204998, 2091706.884708295343444 ], [ 5999752.307536746375263, 2091584.918351549422368 ], [ 5999783.782863711938262, 2091459.261802634922788 ], [ 5999802.790132787078619, 2091331.125202808529139 ], [ 5999809.146293579600751, 2091201.742577573517337 ], [ 5999802.790132787078619, 2091072.359952338505536 ], [ 5999795.25152575969696, 2091021.53879185882397 ], [ 5999800.345329134725034, 2090917.852042159531265 ], [ 5999793.989168342202902, 2090788.469416924519464 ], [ 5999774.981899267062545, 2090660.332817098125815 ], [ 5999743.506572301499546, 2090534.676268183626235 ], [ 5999699.866312049329281, 2090412.709911437705159 ], [ 5999644.481398074887693, 2090295.608349549118429 ], [ 5999577.885217374190688, 2090184.499334573745728 ], [ 5999530.542613028548658, 2090120.665222155628726 ], [ 5999491.298675572499633, 2090055.190668080933392 ], [ 5999414.132585771381855, 2089951.144240570720285 ] ] ] } },
{ "type": "Feature", "properties": { "parent_sta": "902109", "stop_id": "LAKE_4", "stop_name": "A1 NE Chinatown Entrance / Exit", "stop_code": "LAKE_4", "stop_desc": "Pedestrian Access Point", "stop_lat": 37.7976, "stop_lon": -122.26553, "zone_id": "BA:79542", "stop_url": null, "tts_stop_n": null, "platform_c": null, "location_t": "2", "stop_timez": "America/Los_Angeles", "wheelchair": null, "level_id": null, "route_info": "{'route_id': None, 'route_type': None}" }, "geometry": { "type": "Polygon", "coordinates": [ [ [ 6052703.583596366457641, 2116663.550436554476619 ], [ 6052616.590749094262719, 2116567.568620484322309 ], [ 6052520.60893302410841, 2116480.575773211661726 ], [ 6052416.562505514360964, 2116403.40968341100961 ], [ 6052305.453490538522601, 2116336.813502710778266 ], [ 6052188.351928650401533, 2116281.428588735405356 ], [ 6052066.385571903549135, 2116237.788328484166414 ], [ 6051940.729022989049554, 2116206.313001518137753 ], [ 6051812.592423163354397, 2116187.305732442997396 ], [ 6051683.209797928109765, 2116180.949571650475264 ], [ 6051553.827172692865133, 2116187.305732442997396 ], [ 6051444.799016426317394, 2116203.478531672619283 ], [ 6051429.881944796070457, 2116204.211360409390181 ], [ 6051301.745344970375299, 2116223.218629484530538 ], [ 6051176.088796055875719, 2116254.693956450559199 ], [ 6051054.122439309023321, 2116298.334216701798141 ], [ 6050937.020877420902252, 2116353.719130677171052 ], [ 6050825.911862445063889, 2116420.315311377402395 ], [ 6050721.865434935316443, 2116497.481401178054512 ], [ 6050625.883618865162134, 2116584.474248450715095 ], [ 6050538.890771592967212, 2116680.456064520869404 ], [ 6050461.724681791849434, 2116784.502492031082511 ], [ 6050395.12850109115243, 2116895.611507006455213 ], [ 6050339.743587116710842, 2117012.713068895041943 ], [ 6050296.103326864540577, 2117134.679425640963018 ], [ 6050264.627999898977578, 2117260.335974555462599 ], [ 6050245.620730823837221, 2117388.472574381623417 ], [ 6050239.264570031315088, 2117517.855199616868049 ], [ 6050245.620730823837221, 2117647.237824852112681 ], [ 6050263.489763149060309, 2117767.701055802870542 ], [ 6050266.319387963041663, 2117825.299392096232623 ], [ 6050285.32665703818202, 2117953.435991922393441 ], [ 6050316.801984003745019, 2118079.092540836893022 ], [ 6050360.442244255915284, 2118201.058897582814097 ], [ 6050415.827158230356872, 2118318.160459471400827 ], [ 6050482.423338931053877, 2118429.269474446773529 ], [ 6050559.589428732171655, 2118533.315901956986636 ], [ 6050646.582276004366577, 2118629.297718027140945 ], [ 6050742.564092074520886, 2118716.290565299801528 ], [ 6050846.610519584268332, 2118793.456655100453645 ], [ 6050957.719534560106695, 2118860.052835800684988 ], [ 6051074.821096448227763, 2118915.437749776057899 ], [ 6051196.787453195080161, 2118959.078010027296841 ], [ 6051322.444002109579742, 2118990.553336993325502 ], [ 6051450.580601935274899, 2119009.560606068465859 ], [ 6051579.963227170519531, 2119015.916766860987991 ], [ 6051709.345852405764163, 2119009.560606068465859 ], [ 6051837.48245223145932, 2118990.553336993325502 ], [ 6051963.1390011459589, 2118959.078010027296841 ], [ 6052085.105357892811298, 2118915.437749776057899 ], [ 6052161.005070279352367, 2118879.539859316777438 ], [ 6052163.914440090768039, 2118878.811100116465241 ], [ 6052285.880796837620437, 2118835.170839865226299 ], [ 6052402.982358725741506, 2118779.785925889853388 ], [ 6052514.091373701579869, 2118713.189745189622045 ], [ 6052618.137801211327314, 2118636.023655388969928 ], [ 6052714.119617281481624, 2118549.030808116309345 ], [ 6052801.112464553676546, 2118453.048992046155035 ], [ 6052878.278554354794323, 2118349.002564535941929 ], [ 6052944.874735055491328, 2118237.893549560569227 ], [ 6053000.259649029932916, 2118120.791987671982497 ], [ 6053043.899909282103181, 2117998.825630926061422 ], [ 6053075.37523624766618, 2117873.169082011561841 ], [ 6053094.382505322806537, 2117745.032482185401022 ], [ 6053100.73866611532867, 2117615.649856950156391 ], [ 6053094.382505322806537, 2117486.267231714911759 ], [ 6053075.37523624766618, 2117358.130631888750941 ], [ 6053043.899909282103181, 2117232.47408297425136 ], [ 6053000.259649029932916, 2117110.507726228330284 ], [ 6052944.874735055491328, 2116993.406164339743555 ], [ 6052878.278554354794323, 2116882.297149364370853 ], [ 6052801.112464553676546, 2116778.250721854157746 ], [ 6052732.536077986471355, 2116702.588338926434517 ], [ 6052703.583596366457641, 2116663.550436554476619 ] ] ] } },
{ "type": "Feature", "properties": { "parent_sta": "902409", "stop_id": "SANL_2", "stop_name": "East Entrance / Exit", "stop_code": "SANL_2", "stop_desc": "Pedestrian Access Point", "stop_lat": 37.72152, "stop_lon": -122.16045, "zone_id": "BA:79542", "stop_url": null, "tts_stop_n": null, "platform_c": null, "location_t": "2", "stop_timez": "America/Los_Angeles", "wheelchair": null, "level_id": null, "route_info": "{'route_id': None, 'route_type': None}" }, "geometry": { "type": "Polygon", "coordinates": [ [ [ 6081899.982672180980444, 2088194.535071971360594 ], [ 6081778.016315434128046, 2088150.894811719655991 ], [ 6081652.359766519628465, 2088119.419484753860161 ], [ 6081524.223166693933308, 2088100.412215678952634 ], [ 6081394.840541458688676, 2088094.056054886197671 ], [ 6081265.457916223444045, 2088100.412215678952634 ], [ 6081137.321316397748888, 2088119.419484753860161 ], [ 6081011.664767483249307, 2088150.894811719655991 ], [ 6080889.698410736396909, 2088194.535071971360594 ], [ 6080772.59684884827584, 2088249.919985946267843 ], [ 6080661.487833872437477, 2088316.516166646732017 ], [ 6080557.441406362690032, 2088393.682256447384134 ], [ 6080461.459590292535722, 2088480.675103720044717 ], [ 6080374.4667430203408, 2088576.656919790199026 ], [ 6080353.120350009761751, 2088605.439198880689219 ], [ 6080347.12535822018981, 2088612.053653026465327 ], [ 6080269.959268419072032, 2088716.100080536678433 ], [ 6080203.363087718375027, 2088827.209095512051135 ], [ 6080147.978173743933439, 2088944.310657400637865 ], [ 6080104.337913491763175, 2089066.27701414655894 ], [ 6080072.862586526200175, 2089191.933563061058521 ], [ 6080053.855317451059818, 2089320.07016288745217 ], [ 6080047.499156658537686, 2089449.452788122463971 ], [ 6080053.855317451059818, 2089578.835413357475773 ], [ 6080072.862586526200175, 2089706.972013183869421 ], [ 6080104.337913491763175, 2089832.628562098369002 ], [ 6080147.978173743933439, 2089954.594918844290078 ], [ 6080203.363087718375027, 2090071.696480732876807 ], [ 6080269.959268419072032, 2090182.805495708249509 ], [ 6080347.12535822018981, 2090286.851923218462616 ], [ 6080434.118205492384732, 2090382.833739288616925 ], [ 6080530.100021562539041, 2090469.826586561277509 ], [ 6080634.146449072286487, 2090546.992676361929625 ], [ 6080745.25546404812485, 2090613.588857062393799 ], [ 6080788.700433174148202, 2090634.1367971485015 ], [ 6080805.468287641182542, 2090644.187062343582511 ], [ 6080922.56984952930361, 2090699.57197631848976 ], [ 6081044.536206276156008, 2090743.212236570194364 ], [ 6081170.192755190655589, 2090774.687563535990193 ], [ 6081298.329355016350746, 2090793.69483261089772 ], [ 6081427.711980251595378, 2090800.050993403652683 ], [ 6081557.09460548684001, 2090793.69483261089772 ], [ 6081685.231205312535167, 2090774.687563535990193 ], [ 6081810.887754227034748, 2090743.212236570194364 ], [ 6081932.854110973887146, 2090699.57197631848976 ], [ 6082049.955672862008214, 2090644.187062343582511 ], [ 6082161.064687837846577, 2090577.590881643118337 ], [ 6082265.111115347594023, 2090500.42479184246622 ], [ 6082361.092931417748332, 2090413.431944569805637 ], [ 6082448.085778689943254, 2090317.450128499651328 ], [ 6082525.251868491061032, 2090213.403700989438221 ], [ 6082591.848049191758037, 2090102.294686014065519 ], [ 6082647.232963166199625, 2089985.193124125478789 ], [ 6082650.477094197645783, 2089976.126385283423588 ], [ 6082664.039622840471566, 2089947.450827748514712 ], [ 6082707.67988309264183, 2089825.484471002593637 ], [ 6082739.15521005820483, 2089699.827922088094056 ], [ 6082758.162479133345187, 2089571.691322261700407 ], [ 6082764.518639925867319, 2089442.308697026688606 ], [ 6082758.162479133345187, 2089312.926071791676804 ], [ 6082739.15521005820483, 2089184.789471965283155 ], [ 6082707.67988309264183, 2089059.132923050783575 ], [ 6082664.039622840471566, 2088937.166566304862499 ], [ 6082608.654708866029978, 2088820.065004416275769 ], [ 6082542.058528165332973, 2088708.955989440903068 ], [ 6082464.892438364215195, 2088604.909561930689961 ], [ 6082377.899591092020273, 2088508.927745860535651 ], [ 6082281.917775021865964, 2088421.934898587875068 ], [ 6082177.871347512118518, 2088344.768808787222952 ], [ 6082066.762332536280155, 2088278.172628086758777 ], [ 6082054.71235082205385, 2088272.473411185666919 ], [ 6082017.084234069101512, 2088249.919985946267843 ], [ 6081899.982672180980444, 2088194.535071971360594 ] ] ] } },
{ "type": "Feature", "properties": { "parent_sta": "902509", "stop_id": "BAYF_2", "stop_name": "West Entrance / Exit", "stop_code": "BAYF_2", "stop_desc": "Pedestrian Access Point", "stop_lat": 37.69687, "stop_lon": -122.12699, "zone_id": "BA:79542", "stop_url": null, "tts_stop_n": null, "platform_c": null, "location_t": "2", "stop_timez": "America/Los_Angeles", "wheelchair": null, "level_id": null, "route_info": "{'route_id': None, 'route_type': None}" }, "geometry": { "type": "Polygon", "coordinates": [ [ [ 6091093.994911876507103, 2078984.564677604474127 ], [ 6090964.612286641262472, 2078978.208516811719164 ], [ 6090835.22966140601784, 2078984.564677604474127 ], [ 6090707.093061580322683, 2079003.571946679381654 ], [ 6090581.436512665823102, 2079035.047273645177484 ], [ 6090459.470155918970704, 2079078.687533896882087 ], [ 6090342.368594030849636, 2079134.072447871789336 ], [ 6090231.259579055011272, 2079200.66862857225351 ], [ 6090127.213151545263827, 2079277.834718372905627 ], [ 6090031.231335475109518, 2079364.82756564556621 ], [ 6089944.238488202914596, 2079460.809381715720519 ], [ 6089867.072398401796818, 2079564.855809225933626 ], [ 6089800.476217701099813, 2079675.964824201306328 ], [ 6089745.091303726658225, 2079793.066386089893058 ], [ 6089701.45104347448796, 2079915.032742835814133 ], [ 6089669.975716508924961, 2080040.689291750313714 ], [ 6089650.968447433784604, 2080168.825891576707363 ], [ 6089644.612286641262472, 2080298.208516811719164 ], [ 6089650.968447433784604, 2080427.591142046730965 ], [ 6089669.975716508924961, 2080555.727741873124614 ], [ 6089701.45104347448796, 2080681.384290787624195 ], [ 6089745.091303726658225, 2080803.350647533545271 ], [ 6089800.476217701099813, 2080920.452209422132 ], [ 6089867.072398401796818, 2081031.561224397504702 ], [ 6089944.238488202914596, 2081135.607651907717809 ], [ 6090031.231335475109518, 2081231.589467977872118 ], [ 6090127.213151545263827, 2081318.582315250532702 ], [ 6090231.259579055011272, 2081395.748405051184818 ], [ 6090342.368594030849636, 2081462.344585751648992 ], [ 6090459.470155918970704, 2081517.729499726556242 ], [ 6090469.064419301226735, 2081521.16238205647096 ], [ 6090494.123784106224775, 2081536.182387293316424 ], [ 6090611.225345994345844, 2081591.567301268223673 ], [ 6090733.191702741198242, 2081635.207561519928277 ], [ 6090858.848251655697823, 2081666.682888485724106 ], [ 6090986.98485148139298, 2081685.690157560631633 ], [ 6090991.197986103594303, 2081685.897135592298582 ], [ 6091001.182237163186073, 2081687.378159333020449 ], [ 6091130.564862398430705, 2081693.734320125775412 ], [ 6091259.947487633675337, 2081687.378159333020449 ], [ 6091388.084087459370494, 2081668.370890258112922 ], [ 6091513.740636373870075, 2081636.895563292317092 ], [ 6091635.706993120722473, 2081593.255303040612489 ], [ 6091752.808555008843541, 2081537.87038906570524 ], [ 6091863.917569984681904, 2081471.274208365241066 ], [ 6091967.96399749442935, 2081394.108118564588949 ], [ 6092063.945813564583659, 2081307.115271291928366 ], [ 6092150.938660836778581, 2081211.133455221774057 ], [ 6092228.104750637896359, 2081107.08702771156095 ], [ 6092294.700931338593364, 2080995.978012736188248 ], [ 6092318.985854043625295, 2080944.631857708562165 ], [ 6092320.210563510656357, 2080942.588553406996652 ], [ 6092375.595477485097945, 2080825.486991518409923 ], [ 6092419.235737737268209, 2080703.520634772488847 ], [ 6092450.711064702831209, 2080577.864085857989267 ], [ 6092469.718333777971566, 2080449.727486031595618 ], [ 6092476.074494570493698, 2080320.344860796583816 ], [ 6092469.718333777971566, 2080190.962235561572015 ], [ 6092450.711064702831209, 2080062.825635735178366 ], [ 6092419.235737737268209, 2079937.169086820678785 ], [ 6092375.595477485097945, 2079815.20273007475771 ], [ 6092320.210563510656357, 2079698.10116818617098 ], [ 6092253.614382809959352, 2079586.992153210798278 ], [ 6092176.448293008841574, 2079482.945725700585172 ], [ 6092089.455445736646652, 2079386.963909630430862 ], [ 6091993.473629666492343, 2079299.971062357770279 ], [ 6091889.427202156744897, 2079222.804972557118163 ], [ 6091778.318187180906534, 2079156.208791856653988 ], [ 6091661.216625292785466, 2079100.823877881746739 ], [ 6091539.250268545933068, 2079057.183617630042136 ], [ 6091413.593719631433487, 2079025.708290664246306 ], [ 6091285.45711980573833, 2079006.701021589338779 ], [ 6091222.221337209455669, 2079003.594446797622368 ], [ 6091222.13151170220226, 2079003.571946679381654 ], [ 6091093.994911876507103, 2078984.564677604474127 ] ] ] } },
{ "type": "Feature", "properties": { "parent_sta": "902609", "stop_id": "HAYW_1", "stop_name": "Main Entrance / Exit", "stop_code": "HAYW_1", "stop_desc": "Pedestrian Access Point", "stop_lat": 37.66958, "stop_lon": -122.0866, "zone_id": "BA:79542", "stop_url": null, "tts_stop_n": null, "platform_c": null, "location_t": "2", "stop_timez": "America/Los_Angeles", "wheelchair": null, "level_id": null, "route_info": "{'route_id': None, 'route_type': None}" }, "geometry": { "type": "Polygon", "coordinates": [ [ [ 6103793.931475250981748, 2070032.907480692723766 ], [ 6103774.924206175841391, 2069904.770880866330117 ], [ 6103743.448879210278392, 2069779.114331951830536 ], [ 6103699.808618958108127, 2069657.147975205909461 ], [ 6103644.423704983666539, 2069540.046413317322731 ], [ 6103577.827524282969534, 2069428.937398341950029 ], [ 6103500.661434481851757, 2069324.890970831736922 ], [ 6103413.668587209656835, 2069228.909154761582613 ], [ 6103317.686771139502525, 2069141.91630748892203 ], [ 6103213.64034362975508, 2069064.750217688269913 ], [ 6103102.531328653916717, 2068998.154036987805739 ], [ 6102985.429766765795648, 2068942.76912301289849 ], [ 6102863.46341001894325, 2068899.128862761193886 ], [ 6102737.806861104443669, 2068867.653535795398057 ], [ 6102609.670261278748512, 2068848.64626672049053 ], [ 6102480.287636043503881, 2068842.290105927735567 ], [ 6102350.905010808259249, 2068848.64626672049053 ], [ 6102222.768410982564092, 2068867.653535795398057 ], [ 6102097.111862068064511, 2068899.128862761193886 ], [ 6101975.145505321212113, 2068942.76912301289849 ], [ 6101862.110467556864023, 2068996.230714316945523 ], [ 6101775.56201218534261, 2069027.198246819665655 ], [ 6101658.460450297221541, 2069082.583160794572905 ], [ 6101547.351435321383178, 2069149.179341495037079 ], [ 6101443.305007811635733, 2069226.345431295689195 ], [ 6101347.323191741481423, 2069313.338278568349779 ], [ 6101260.330344469286501, 2069409.320094638504088 ], [ 6101183.164254668168724, 2069513.366522148717195 ], [ 6101116.568073967471719, 2069624.475537124089897 ], [ 6101061.183159993030131, 2069741.577099012676626 ], [ 6101017.542899740859866, 2069863.543455758597702 ], [ 6100986.067572775296867, 2069989.200004673097283 ], [ 6100967.06030370015651, 2070117.336604499490932 ], [ 6100960.704142907634377, 2070246.719229734502733 ], [ 6100967.06030370015651, 2070376.101854969514534 ], [ 6100986.067572775296867, 2070504.238454795908183 ], [ 6101017.542899740859866, 2070629.895003710407764 ], [ 6101061.183159993030131, 2070751.861360456328839 ], [ 6101116.568073967471719, 2070868.962922344915569 ], [ 6101183.164254668168724, 2070980.071937320288271 ], [ 6101260.330344469286501, 2071084.118364830501378 ], [ 6101347.323191741481423, 2071180.100180900655687 ], [ 6101362.087674871087074, 2071193.481928387191147 ], [ 6101391.002260469831526, 2071225.384257414378226 ], [ 6101486.984076539985836, 2071312.377104687038809 ], [ 6101591.030504049733281, 2071389.543194487690926 ], [ 6101702.139519025571644, 2071456.1393751881551 ], [ 6101819.241080913692713, 2071511.524289163062349 ], [ 6101941.207437660545111, 2071555.164549414766952 ], [ 6102066.863986575044692, 2071586.639876380562782 ], [ 6102195.000586400739849, 2071605.647145455470309 ], [ 6102324.38321163598448, 2071612.003306248225272 ], [ 6102453.765836871229112, 2071605.647145455470309 ], [ 6102581.902436696924269, 2071586.639876380562782 ], [ 6102707.55898561142385, 2071555.164549414766952 ], [ 6102829.525342358276248, 2071511.524289163062349 ], [ 6102946.626904246397316, 2071456.1393751881551 ], [ 6103057.73591922223568, 2071389.543194487690926 ], [ 6103161.782346731983125, 2071312.377104687038809 ], [ 6103247.312933559529483, 2071234.85669945157133 ], [ 6103317.686771139502525, 2071182.663904366549104 ], [ 6103413.668587209656835, 2071095.671057093888521 ], [ 6103500.661434481851757, 2070999.689241023734212 ], [ 6103577.827524282969534, 2070895.642813513521105 ], [ 6103644.423704983666539, 2070784.533798538148403 ], [ 6103699.808618958108127, 2070667.432236649561673 ], [ 6103743.448879210278392, 2070545.465879903640598 ], [ 6103774.924206175841391, 2070419.809330989141017 ], [ 6103793.931475250981748, 2070291.672731162747368 ], [ 6103800.287636043503881, 2070162.290105927735567 ], [ 6103793.931475250981748, 2070032.907480692723766 ] ] ] } },
{ "type": "Feature", "properties": { "parent_sta": "902709", "stop_id": "SHAY_1", "stop_name": "Main Entrance / Exit", "stop_code": "SHAY_1", "stop_desc": "Pedestrian Access Point", "stop_lat": 37.63451, "stop_lon": -122.05686, "zone_id": "BA:79542", "stop_url": null, "tts_stop_n": null, "platform_c": null, "location_t": "2", "stop_timez": "America/Los_Angeles", "wheelchair": null, "level_id": null, "route_info": "{'route_id': None, 'route_type': None}" }, "geometry": { "type": "Polygon", "coordinates": [ [ [ 6112194.34868629463017, 2057250.019319295883179 ], [ 6112187.992525502108037, 2057120.636694060871378 ], [ 6112168.98525642696768, 2056992.500094234477729 ], [ 6112137.509929461404681, 2056866.843545319978148 ], [ 6112093.869669209234416, 2056744.877188574057072 ], [ 6112038.484755234792829, 2056627.775626685470343 ], [ 6111971.888574534095824, 2056516.666611710097641 ], [ 6111894.722484732978046, 2056412.620184199884534 ], [ 6111807.729637460783124, 2056316.638368129730225 ], [ 6111711.747821390628815, 2056229.645520857069641 ], [ 6111607.701393880881369, 2056152.479431056417525 ], [ 6111496.592378905043006, 2056085.883250355953351 ], [ 6111379.490817016921937, 2056030.498336381046101 ], [ 6111257.52446027006954, 2055986.858076129341498 ], [ 6111131.867911355569959, 2055955.382749163545668 ], [ 6111003.731311529874802, 2055936.375480088638142 ], [ 6110874.34868629463017, 2055930.019319295883179 ], [ 6110744.966061059385538, 2055936.375480088638142 ], [ 6110616.829461233690381, 2055955.382749163545668 ], [ 6110491.1729123191908, 2055986.858076129341498 ], [ 6110369.206555572338402, 2056030.498336381046101 ], [ 6110252.104993684217334, 2056085.883250355953351 ], [ 6110140.995978708378971, 2056152.479431056417525 ], [ 6110036.949551198631525, 2056229.645520857069641 ], [ 6109940.967735128477216, 2056316.638368129730225 ], [ 6109853.974887856282294, 2056412.620184199884534 ], [ 6109776.808798055164516, 2056516.666611710097641 ], [ 6109710.212617354467511, 2056627.775626685470343 ], [ 6109654.827703380025923, 2056744.877188574057072 ], [ 6109611.187443127855659, 2056866.843545319978148 ], [ 6109579.712116162292659, 2056992.500094234477729 ], [ 6109560.704847087152302, 2057120.636694060871378 ], [ 6109554.34868629463017, 2057250.019319295883179 ], [ 6109560.704847087152302, 2057379.40194453089498 ], [ 6109579.712116162292659, 2057507.538544357288629 ], [ 6109611.187443127855659, 2057633.19509327178821 ], [ 6109654.827703380025923, 2057755.161450017709285 ], [ 6109710.212617354467511, 2057872.263011906296015 ], [ 6109776.808798055164516, 2057983.372026881668717 ], [ 6109853.974887856282294, 2058087.418454391881824 ], [ 6109940.967735128477216, 2058183.400270462036133 ], [ 6110036.949551198631525, 2058270.393117734696716 ], [ 6110140.995978708378971, 2058347.559207535348833 ], [ 6110252.104993684217334, 2058414.155388235813007 ], [ 6110369.206555572338402, 2058469.540302210720256 ], [ 6110491.1729123191908, 2058513.180562462424859 ], [ 6110616.829461233690381, 2058544.655889428220689 ], [ 6110744.966061059385538, 2058563.663158503128216 ], [ 6110874.34868629463017, 2058570.019319295883179 ], [ 6111003.731311529874802, 2058563.663158503128216 ], [ 6111131.867911355569959, 2058544.655889428220689 ], [ 6111257.52446027006954, 2058513.180562462424859 ], [ 6111379.490817016921937, 2058469.540302210720256 ], [ 6111496.592378905043006, 2058414.155388235813007 ], [ 6111607.701393880881369, 2058347.559207535348833 ], [ 6111711.747821390628815, 2058270.393117734696716 ], [ 6111807.729637460783124, 2058183.400270462036133 ], [ 6111894.722484732978046, 2058087.418454391881824 ], [ 6111971.888574534095824, 2057983.372026881668717 ], [ 6112038.484755234792829, 2057872.263011906296015 ], [ 6112093.869669209234416, 2057755.161450017709285 ], [ 6112137.509929461404681, 2057633.19509327178821 ], [ 6112168.98525642696768, 2057507.538544357288629 ], [ 6112187.992525502108037, 2057379.40194453089498 ], [ 6112194.34868629463017, 2057250.019319295883179 ] ] ] } },
{ "type": "Feature", "properties": { "parent_sta": "902909", "stop_id": "FRMT_1", "stop_name": "East Plaza Entrance / Exit", "stop_code": "FRMT_1", "stop_desc": "Pedestrian Access Point", "stop_lat": 37.55751, "stop_lon": -121.97643, "zone_id": "BA:79542", "stop_url": null, "tts_stop_n": null, "platform_c": null, "location_t": "2", "stop_timez": "America/Los_Angeles", "wheelchair": null, "level_id": null, "route_info": "{'route_id': None, 'route_type': None}" }, "geometry": { "type": "Polygon", "coordinates": [ [ [ 6134142.30715970043093, 2027581.219277122989297 ], [ 6134020.340802953578532, 2027537.579016871284693 ], [ 6133894.684254039078951, 2027506.103689905488864 ], [ 6133766.547654213383794, 2027487.096420830581337 ], [ 6133637.165028978139162, 2027480.740260037826374 ], [ 6133507.78240374289453, 2027487.096420830581337 ], [ 6133379.645803917199373, 2027506.103689905488864 ], [ 6133253.989255002699792, 2027537.579016871284693 ], [ 6133132.022898255847394, 2027581.219277122989297 ], [ 6133014.921336367726326, 2027636.604191097896546 ], [ 6132903.812321391887963, 2027703.20037179836072 ], [ 6132799.765893882140517, 2027780.366461599012837 ], [ 6132703.784077811986208, 2027867.35930887167342 ], [ 6132616.791230539791286, 2027963.341124941827729 ], [ 6132539.625140738673508, 2028067.387552452040836 ], [ 6132473.028960037976503, 2028178.496567427413538 ], [ 6132417.644046063534915, 2028295.598129316000268 ], [ 6132374.003785811364651, 2028417.564486061921343 ], [ 6132342.528458845801651, 2028543.221034976420924 ], [ 6132323.521189770661294, 2028671.357634802814573 ], [ 6132317.165028978139162, 2028800.740260037826374 ], [ 6132323.521189770661294, 2028930.122885272838175 ], [ 6132342.528458845801651, 2029058.259485099231824 ], [ 6132374.003785811364651, 2029183.916034013731405 ], [ 6132417.644046063534915, 2029305.88239075965248 ], [ 6132473.028960037976503, 2029422.98395264823921 ], [ 6132539.625140738673508, 2029534.092967623611912 ], [ 6132545.890279379673302, 2029542.540529177291319 ], [ 6132599.175606771372259, 2029631.441727066412568 ], [ 6132676.341696572490036, 2029735.488154576625675 ], [ 6132763.334543844684958, 2029831.469970646779984 ], [ 6132859.316359914839268, 2029918.462817919440567 ], [ 6132963.362787424586713, 2029995.628907720092684 ], [ 6133074.471802400425076, 2030062.225088420556858 ], [ 6133191.573364288546145, 2030117.610002395464107 ], [ 6133313.539721035398543, 2030161.250262647168711 ], [ 6133439.196269949898124, 2030192.725589612964541 ], [ 6133567.332869775593281, 2030211.732858687872067 ], [ 6133696.715495010837913, 2030218.08901948062703 ], [ 6133826.098120246082544, 2030211.732858687872067 ], [ 6133954.234720071777701, 2030192.725589612964541 ], [ 6134079.891268986277282, 2030161.250262647168711 ], [ 6134201.85762573312968, 2030117.610002395464107 ], [ 6134318.959187621250749, 2030062.225088420556858 ], [ 6134430.068202597089112, 2029995.628907720092684 ], [ 6134534.114630106836557, 2029918.462817919440567 ], [ 6134561.598378577269614, 2029893.553000299492851 ], [ 6134565.319224212318659, 2029890.793433101382107 ], [ 6134661.301040282472968, 2029803.800585828721523 ], [ 6134748.29388755466789, 2029707.818769758567214 ], [ 6134825.459977355785668, 2029603.772342248354107 ], [ 6134892.056158056482673, 2029492.663327272981405 ], [ 6134947.441072030924261, 2029375.561765384394675 ], [ 6134991.081332283094525, 2029253.5954086384736 ], [ 6135022.556659248657525, 2029127.938859723974019 ], [ 6135041.563928323797882, 2028999.80225989758037 ], [ 6135047.920089116320014, 2028870.419634662568569 ], [ 6135041.563928323797882, 2028741.037009427556768 ], [ 6135022.556659248657525, 2028612.900409601163119 ], [ 6134991.081332283094525, 2028487.243860686663538 ], [ 6134986.990280667319894, 2028475.810137378284708 ], [ 6134982.110978304408491, 2028456.330870436504483 ], [ 6134938.470718052238226, 2028334.364513690583408 ], [ 6134883.085804077796638, 2028217.262951801996678 ], [ 6134816.489623377099633, 2028106.153936826623976 ], [ 6134739.323533575981855, 2028002.107509316410869 ], [ 6134652.330686303786933, 2027906.12569324625656 ], [ 6134556.348870233632624, 2027819.132845973595977 ], [ 6134452.302442723885179, 2027741.96675617294386 ], [ 6134341.193427748046815, 2027675.370575472479686 ], [ 6134260.08190964255482, 2027637.007684489712119 ], [ 6134259.408721588551998, 2027636.604191097896546 ], [ 6134142.30715970043093, 2027581.219277122989297 ] ] ] } },
{ "type": "Feature", "properties": { "parent_sta": "903109", "stop_id": "ROCK_2", "stop_name": "Main (South) Entrance / Exit", "stop_code": "ROCK_2", "stop_desc": "Pedestrian Access Point", "stop_lat": 37.8445, "stop_lon": -122.25144, "zone_id": "BA:79542", "stop_url": null, "tts_stop_n": null, "platform_c": null, "location_t": "2", "stop_timez": "America/Los_Angeles", "wheelchair": null, "level_id": null, "route_info": "{'route_id': None, 'route_type': None}" }, "geometry": { "type": "Polygon", "coordinates": [ [ [ 6057283.544468775391579, 2134564.481567629147321 ], [ 6057264.537199700251222, 2134436.344967802986503 ], [ 6057233.061872734688222, 2134310.688418888486922 ], [ 6057189.421612482517958, 2134188.722062142565846 ], [ 6057134.03669850807637, 2134071.620500253979117 ], [ 6057067.440517807379365, 2133960.511485278606415 ], [ 6056990.274428006261587, 2133856.465057768393308 ], [ 6056903.281580734066665, 2133760.483241698238999 ], [ 6056807.299764663912356, 2133673.490394425578415 ], [ 6056703.25333715416491, 2133596.324304624926299 ], [ 6056592.144322178326547, 2133529.728123924694955 ], [ 6056475.042760290205479, 2133474.343209949322045 ], [ 6056353.076403543353081, 2133430.702949698083103 ], [ 6056227.4198546288535, 2133399.227622732054442 ], [ 6056099.283254803158343, 2133380.220353656914085 ], [ 6055969.900629567913711, 2133373.864192864391953 ], [ 6055840.518004332669079, 2133380.220353656914085 ], [ 6055712.381404506973922, 2133399.227622732054442 ], [ 6055586.724855592474341, 2133430.702949698083103 ], [ 6055514.229775920510292, 2133456.642103971447796 ], [ 6055447.080546640790999, 2133473.462110293097794 ], [ 6055325.114189893938601, 2133517.102370544336736 ], [ 6055208.012628005817533, 2133572.487284519709647 ], [ 6055096.903613029979169, 2133639.08346521994099 ], [ 6054992.857185520231724, 2133716.249555020593107 ], [ 6054896.875369450077415, 2133803.24240229325369 ], [ 6054809.882522177882493, 2133899.224218363407999 ], [ 6054732.716432376764715, 2134003.270645873621106 ], [ 6054666.12025167606771, 2134114.379660848993808 ], [ 6054610.735337701626122, 2134231.481222737580538 ], [ 6054567.095077449455857, 2134353.447579483501613 ], [ 6054535.619750483892858, 2134479.104128398001194 ], [ 6054516.612481408752501, 2134607.240728224162012 ], [ 6054510.256320616230369, 2134736.623353459406644 ], [ 6054516.612481408752501, 2134866.005978694651276 ], [ 6054535.619750483892858, 2134994.142578520812094 ], [ 6054567.095077449455857, 2135119.799127435311675 ], [ 6054610.735337701626122, 2135241.76548418123275 ], [ 6054666.12025167606771, 2135358.86704606981948 ], [ 6054732.716432376764715, 2135469.976061045192182 ], [ 6054809.882522177882493, 2135574.022488555405289 ], [ 6054896.875369450077415, 2135670.004304625559598 ], [ 6054992.857185520231724, 2135756.997151898220181 ], [ 6055096.903613029979169, 2135834.163241698872298 ], [ 6055208.012628005817533, 2135900.759422399103642 ], [ 6055325.114189893938601, 2135956.144336374476552 ], [ 6055447.080546640790999, 2135999.784596625715494 ], [ 6055572.73709555529058, 2136031.259923591744155 ], [ 6055700.873695380985737, 2136050.267192666884512 ], [ 6055830.256320616230369, 2136056.623353459406644 ], [ 6055959.638945851475, 2136050.267192666884512 ], [ 6056087.775545677170157, 2136031.259923591744155 ], [ 6056213.432094591669738, 2135999.784596625715494 ], [ 6056285.927174263633788, 2135973.845442352350801 ], [ 6056353.076403543353081, 2135957.025436030700803 ], [ 6056475.042760290205479, 2135913.385175779461861 ], [ 6056592.144322178326547, 2135858.00026180408895 ], [ 6056703.25333715416491, 2135791.404081103857607 ], [ 6056807.299764663912356, 2135714.23799130320549 ], [ 6056903.281580734066665, 2135627.245144030544907 ], [ 6056990.274428006261587, 2135531.263327960390598 ], [ 6057067.440517807379365, 2135427.216900450177491 ], [ 6057134.03669850807637, 2135316.107885474804789 ], [ 6057189.421612482517958, 2135199.006323586218059 ], [ 6057233.061872734688222, 2135077.039966840296984 ], [ 6057264.537199700251222, 2134951.383417925797403 ], [ 6057283.544468775391579, 2134823.246818099636585 ], [ 6057289.900629567913711, 2134693.864192864391953 ], [ 6057283.544468775391579, 2134564.481567629147321 ] ] ] } },
{ "type": "Feature", "properties": { "parent_sta": "904109", "stop_id": "ASHB_2", "stop_name": "Adeline Street East Entrance / Exit Elevator", "stop_code": "ASHB_2", "stop_desc": "Pedestrian Access Point", "stop_lat": 37.85276, "stop_lon": -122.26957, "zone_id": "BA:79542", "stop_url": null, "tts_stop_n": null, "platform_c": null, "location_t": "2", "stop_timez": "America/Los_Angeles", "wheelchair": null, "level_id": null, "route_info": "{'route_id': None, 'route_type': None}" }, "geometry": { "type": "Polygon", "coordinates": [ [ [ 6051972.154800085350871, 2137163.989452322479337 ], [ 6051916.769886110909283, 2137046.887890433892608 ], [ 6051850.173705410212278, 2136935.778875458519906 ], [ 6051773.007615609094501, 2136831.732447948306799 ], [ 6051686.014768336899579, 2136735.75063187815249 ], [ 6051590.032952266745269, 2136648.757784605491906 ], [ 6051485.986524756997824, 2136571.59169480483979 ], [ 6051374.877509781159461, 2136504.995514104608446 ], [ 6051257.775947893038392, 2136449.610600129235536 ], [ 6051135.809591146185994, 2136405.970339877996594 ], [ 6051010.153042231686413, 2136374.495012911967933 ], [ 6050882.016442405991256, 2136355.487743836827576 ], [ 6050752.633817170746624, 2136349.131583044305444 ], [ 6050623.251191935501993, 2136355.487743836827576 ], [ 6050495.114592109806836, 2136374.495012911967933 ], [ 6050369.458043195307255, 2136405.970339877996594 ], [ 6050247.491686448454857, 2136449.610600129235536 ], [ 6050130.390124560333788, 2136504.995514104608446 ], [ 6050019.281109584495425, 2136571.59169480483979 ], [ 6049915.23468207474798, 2136648.757784605491906 ], [ 6049819.25286600459367, 2136735.75063187815249 ], [ 6049732.260018732398748, 2136831.732447948306799 ], [ 6049655.093928931280971, 2136935.778875458519906 ], [ 6049637.788471669889987, 2136964.651286604814231 ], [ 6049566.357816530391574, 2137060.964375698473305 ], [ 6049499.761635829694569, 2137172.073390673846006 ], [ 6049494.773533540777862, 2137182.61984686460346 ], [ 6049482.971029862761497, 2137202.311134625226259 ], [ 6049427.58611588831991, 2137319.412696513812989 ], [ 6049383.945855636149645, 2137441.379053259734064 ], [ 6049352.470528670586646, 2137567.035602174233645 ], [ 6049333.463259595446289, 2137695.172202000394464 ], [ 6049327.107098802924156, 2137824.554827235639095 ], [ 6049333.463259595446289, 2137953.937452470883727 ], [ 6049352.470528670586646, 2138082.074052297044545 ], [ 6049383.945855636149645, 2138207.730601211544126 ], [ 6049405.252170514315367, 2138267.277762165758759 ], [ 6049417.820766891352832, 2138317.454411552753299 ], [ 6049451.043554835952818, 2138410.305883635766804 ], [ 6049454.4629200194031, 2138423.956754648126662 ], [ 6049498.103180271573365, 2138545.923111394047737 ], [ 6049553.488094246014953, 2138663.024673282634467 ], [ 6049620.084274946711957, 2138774.133688258007169 ], [ 6049697.250364747829735, 2138878.180115768220276 ], [ 6049784.243212020024657, 2138974.161931838374585 ], [ 6049880.225028090178967, 2139061.154779111035168 ], [ 6049984.271455599926412, 2139138.320868911687285 ], [ 6050095.380470575764775, 2139204.917049611918628 ], [ 6050212.482032463885844, 2139260.301963587291539 ], [ 6050334.448389210738242, 2139303.942223838530481 ], [ 6050460.104938125237823, 2139335.417550804559141 ], [ 6050588.24153795093298, 2139354.424819879699498 ], [ 6050717.624163186177611, 2139360.780980672221631 ], [ 6050847.006788421422243, 2139354.424819879699498 ], [ 6050975.1433882471174, 2139335.417550804559141 ], [ 6051100.799937161616981, 2139303.942223838530481 ], [ 6051222.766293908469379, 2139260.301963587291539 ], [ 6051339.867855796590447, 2139204.917049611918628 ], [ 6051450.976870772428811, 2139138.320868911687285 ], [ 6051555.023298282176256, 2139061.154779111035168 ], [ 6051651.005114352330565, 2138974.161931838374585 ], [ 6051737.997961624525487, 2138878.180115768220276 ], [ 6051815.164051425643265, 2138774.133688258007169 ], [ 6051823.660759736783803, 2138759.957786862272769 ], [ 6051830.336386204697192, 2138750.956746545154601 ], [ 6051896.932566905394197, 2138639.847731569781899 ], [ 6051952.317480879835784, 2138522.74616968119517 ], [ 6051995.957741132006049, 2138400.779812935274094 ], [ 6052027.433068097569048, 2138275.123264020774513 ], [ 6052030.772968132048845, 2138252.607486899010837 ], [ 6052055.800622697919607, 2138182.659878253936768 ], [ 6052087.275949663482606, 2138057.003329339437187 ], [ 6052106.283218738622963, 2137928.866729513276368 ], [ 6052112.639379531145096, 2137799.484104278031737 ], [ 6052106.283218738622963, 2137670.101479042787105 ], [ 6052087.275949663482606, 2137541.964879216626287 ], [ 6052055.800622697919607, 2137416.308330302126706 ], [ 6052031.282194165512919, 2137347.783913079183549 ], [ 6052015.795060337521136, 2137285.955809068400413 ], [ 6051972.154800085350871, 2137163.989452322479337 ] ] ] } },
{ "type": "Feature", "properties": { "parent_sta": "904209", "stop_id": "DBRK_4", "stop_name": "A1 Shattuck Ave & Addison Street (East) Entrance / Exit", "stop_code": "DBRK_4", "stop_desc": "Pedestrian Access Point", "stop_lat": 37.87101, "stop_lon": -122.26814, "zone_id": "BA:79542", "stop_url": null, "tts_stop_n": null, "platform_c": null, "location_t": "2", "stop_timez": "America/Los_Angeles", "wheelchair": null, "level_id": null, "route_info": "{'route_id': None, 'route_type': None}" }, "geometry": { "type": "Polygon", "coordinates": [ [ [ 6051928.404737945646048, 2142722.218596712686121 ], [ 6051811.303176057524979, 2142666.833682737313211 ], [ 6051689.336819310672581, 2142623.193422486074269 ], [ 6051563.680270396173, 2142591.718095520045608 ], [ 6051435.543670570477843, 2142572.710826444905251 ], [ 6051306.161045335233212, 2142566.354665652383119 ], [ 6051176.77842009998858, 2142572.710826444905251 ], [ 6051048.641820274293423, 2142591.718095520045608 ], [ 6050922.985271359793842, 2142623.193422486074269 ], [ 6050801.018914612941444, 2142666.833682737313211 ], [ 6050683.917352724820375, 2142722.218596712686121 ], [ 6050572.808337748982012, 2142788.814777412917465 ], [ 6050468.761910239234567, 2142865.980867213569582 ], [ 6050372.780094169080257, 2142952.973714486230165 ], [ 6050285.787246896885335, 2143048.955530556384474 ], [ 6050208.621157095767558, 2143153.001958066597581 ], [ 6050142.024976395070553, 2143264.110973041970283 ], [ 6050086.640062420628965, 2143381.212534930557013 ], [ 6050042.9998021684587, 2143503.178891676478088 ], [ 6050011.524475202895701, 2143628.835440590977669 ], [ 6049992.517206127755344, 2143756.972040417138487 ], [ 6049986.161045335233212, 2143886.354665652383119 ], [ 6049989.907891196198761, 2143962.623465274460614 ], [ 6049987.986955343745649, 2143975.573362898081541 ], [ 6049981.630794551223516, 2144104.955988133326173 ], [ 6049982.781737301498652, 2144128.383966028224677 ], [ 6049969.964814720675349, 2144179.551989190746099 ], [ 6049950.957545645534992, 2144307.688589016906917 ], [ 6049944.60138485301286, 2144437.071214252151549 ], [ 6049950.957545645534992, 2144566.453839487396181 ], [ 6049969.964814720675349, 2144694.590439313556999 ], [ 6050001.440141686238348, 2144820.24698822805658 ], [ 6050045.080401938408613, 2144942.213344973977655 ], [ 6050100.465315912850201, 2145059.314906862564385 ], [ 6050167.061496613547206, 2145170.423921837937087 ], [ 6050244.227586414664984, 2145274.470349348150194 ], [ 6050331.220433686859906, 2145370.452165418304503 ], [ 6050427.202249757014215, 2145457.445012690965086 ], [ 6050531.248677266761661, 2145534.611102491617203 ], [ 6050642.357692242600024, 2145601.207283191848546 ], [ 6050759.459254130721092, 2145656.592197167221457 ], [ 6050881.42561087757349, 2145700.232457418460399 ], [ 6051007.082159792073071, 2145731.707784384489059 ], [ 6051135.218759617768228, 2145750.715053459629416 ], [ 6051264.60138485301286, 2145757.071214252151549 ], [ 6051310.55350892432034, 2145754.813731156289577 ], [ 6051330.978347865864635, 2145755.817139150574803 ], [ 6051460.360973101109266, 2145749.460978358052671 ], [ 6051588.497572926804423, 2145730.453709282912314 ], [ 6051714.154121841304004, 2145698.978382316883653 ], [ 6051836.120478588156402, 2145655.338122065644711 ], [ 6051953.222040476277471, 2145599.953208090271801 ], [ 6052064.331055452115834, 2145533.357027390040457 ], [ 6052168.377482961863279, 2145456.190937589388341 ], [ 6052264.359299032017589, 2145369.198090316727757 ], [ 6052351.352146304212511, 2145273.216274246573448 ], [ 6052428.518236105330288, 2145169.169846736360341 ], [ 6052495.114416806027293, 2145058.060831760987639 ], [ 6052550.499330780468881, 2144940.95926987240091 ], [ 6052594.139591032639146, 2144818.992913126479834 ], [ 6052625.614917998202145, 2144693.336364211980253 ], [ 6052644.622187073342502, 2144565.199764385819435 ], [ 6052649.698996054008603, 2144461.858943538740277 ], [ 6052691.97930861916393, 2144343.693385958205909 ], [ 6052723.45463558472693, 2144218.036837043706328 ], [ 6052742.461904659867287, 2144089.900237217545509 ], [ 6052748.818065452389419, 2143960.517611982300878 ], [ 6052742.461904659867287, 2143831.134986747056246 ], [ 6052723.45463558472693, 2143702.998386920895427 ], [ 6052691.97930861916393, 2143577.341838006395847 ], [ 6052648.339048366993666, 2143455.375481260474771 ], [ 6052592.954134392552078, 2143338.273919371888041 ], [ 6052526.357953691855073, 2143227.16490439651534 ], [ 6052449.191863890737295, 2143123.118476886302233 ], [ 6052362.199016618542373, 2143027.136660816147923 ], [ 6052266.217200548388064, 2142940.14381354348734 ], [ 6052162.170773038640618, 2142862.977723742835224 ], [ 6052051.061758062802255, 2142796.38154304260388 ], [ 6052047.348056773655117, 2142794.625093144830316 ], [ 6052039.513752921484411, 2142788.814777412917465 ], [ 6051928.404737945646048, 2142722.218596712686121 ] ] ] } },
{ "type": "Feature", "properties": { "parent_sta": "904309", "stop_id": "NBRK_1", "stop_name": "North Entrance / Exit", "stop_code": "NBRK_1", "stop_desc": "Pedestrian Access Point", "stop_lat": 37.87409, "stop_lon": -122.28336, "zone_id": "BA:79542", "stop_url": null, "tts_stop_n": null, "platform_c": null, "location_t": "2", "stop_timez": "America/Los_Angeles", "wheelchair": null, "level_id": null, "route_info": "{'route_id': None, 'route_type': None}" }, "geometry": { "type": "Polygon", "coordinates": [ [ [ 6048291.721401668153703, 2145489.300405900459737 ], [ 6048272.714132593013346, 2145361.163806074298918 ], [ 6048241.238805627450347, 2145235.507257159799337 ], [ 6048197.598545375280082, 2145113.540900413878262 ], [ 6048142.213631400838494, 2144996.439338525291532 ], [ 6048075.61745070014149, 2144885.33032354991883 ], [ 6047998.451360899023712, 2144781.283896039705724 ], [ 6047911.45851362682879, 2144685.302079969551414 ], [ 6047815.47669755667448, 2144598.309232696890831 ], [ 6047711.430270046927035, 2144521.143142896238714 ], [ 6047600.321255071088672, 2144454.546962196007371 ], [ 6047483.219693182967603, 2144399.16204822063446 ], [ 6047361.253336436115205, 2144355.521787969395518 ], [ 6047235.596787521615624, 2144324.046461003366858 ], [ 6047107.460187695920467, 2144305.039191928226501 ], [ 6046978.077562460675836, 2144298.683031135704368 ], [ 6046848.694937225431204, 2144305.039191928226501 ], [ 6046720.558337399736047, 2144324.046461003366858 ], [ 6046594.901788485236466, 2144355.521787969395518 ], [ 6046472.935431738384068, 2144399.16204822063446 ], [ 6046355.833869850263, 2144454.546962196007371 ], [ 6046327.933381476439536, 2144471.269871365278959 ], [ 6046309.353101266548038, 2144480.057689431123435 ], [ 6046198.244086290709674, 2144546.653870131354779 ], [ 6046094.197658780962229, 2144623.819959932006896 ], [ 6045998.21584271080792, 2144710.812807204667479 ], [ 6045911.222995438612998, 2144806.794623274821788 ], [ 6045834.05690563749522, 2144910.841050785034895 ], [ 6045767.460724936798215, 2145021.950065760407597 ], [ 6045712.075810962356627, 2145139.051627648994327 ], [ 6045668.435550710186362, 2145261.017984394915402 ], [ 6045636.960223744623363, 2145386.674533309414983 ], [ 6045617.952954669483006, 2145514.811133135575801 ], [ 6045611.596793876960874, 2145644.193758370820433 ], [ 6045617.952954669483006, 2145773.576383606065065 ], [ 6045636.960223744623363, 2145901.712983432225883 ], [ 6045668.435550710186362, 2146027.369532346725464 ], [ 6045712.075810962356627, 2146149.335889092646539 ], [ 6045767.460724936798215, 2146266.437450981233269 ], [ 6045834.05690563749522, 2146377.546465956605971 ], [ 6045911.222995438612998, 2146481.592893466819078 ], [ 6045998.21584271080792, 2146577.574709536973387 ], [ 6046094.197658780962229, 2146664.56755680963397 ], [ 6046198.244086290709674, 2146741.733646610286087 ], [ 6046309.353101266548038, 2146808.32982731051743 ], [ 6046426.454663154669106, 2146863.714741285890341 ], [ 6046548.421019901521504, 2146907.355001537129283 ], [ 6046674.077568816021085, 2146938.830328503157943 ], [ 6046802.214168641716242, 2146957.837597578298301 ], [ 6046931.596793876960874, 2146964.193758370820433 ], [ 6047060.979419112205505, 2146957.837597578298301 ], [ 6047189.116018937900662, 2146938.830328503157943 ], [ 6047314.772567852400243, 2146907.355001537129283 ], [ 6047436.738924599252641, 2146863.714741285890341 ], [ 6047553.84048648737371, 2146808.32982731051743 ], [ 6047581.740974861197174, 2146791.606918141245842 ], [ 6047600.321255071088672, 2146782.819100075401366 ], [ 6047711.430270046927035, 2146716.222919375170022 ], [ 6047815.47669755667448, 2146639.056829574517906 ], [ 6047911.45851362682879, 2146552.063982301857322 ], [ 6047998.451360899023712, 2146456.082166231703013 ], [ 6048075.61745070014149, 2146352.035738721489906 ], [ 6048142.213631400838494, 2146240.926723746117204 ], [ 6048197.598545375280082, 2146123.825161857530475 ], [ 6048241.238805627450347, 2146001.858805111609399 ], [ 6048272.714132593013346, 2145876.202256197109818 ], [ 6048291.721401668153703, 2145748.065656370949 ], [ 6048298.077562460675836, 2145618.683031135704368 ], [ 6048291.721401668153703, 2145489.300405900459737 ] ] ] } },
{ "type": "Feature", "properties": { "parent_sta": "905109", "stop_id": "CAST_1", "stop_name": "Main Entrance / Exit", "stop_code": "CAST_1", "stop_desc": "Pedestrian Access Point", "stop_lat": 37.69131, "stop_lon": -122.07593, "zone_id": "BA:79542", "stop_url": null, "tts_stop_n": null, "platform_c": null, "location_t": "2", "stop_timez": "America/Los_Angeles", "wheelchair": null, "level_id": null, "route_info": "{'route_id': None, 'route_type': None}" }, "geometry": { "type": "Polygon", "coordinates": [ [ [ 6107021.313448904082179, 2078021.221928321756423 ], [ 6107014.957288111560047, 2077891.839303086744621 ], [ 6106995.95001903641969, 2077763.702703260350972 ], [ 6106964.47469207085669, 2077638.046154345851392 ], [ 6106920.834431818686426, 2077516.079797599930316 ], [ 6106865.449517844244838, 2077398.978235711343586 ], [ 6106798.853337143547833, 2077287.869220735970885 ], [ 6106721.687247342430055, 2077183.822793225757778 ], [ 6106634.694400070235133, 2077087.840977155603468 ], [ 6106538.712584, 2077000.848129882942885 ], [ 6106434.666156490333378, 2076923.682040082290769 ], [ 6106323.557141514495015, 2076857.085859381826594 ], [ 6106206.455579626373947, 2076801.700945406919345 ], [ 6106084.489222879521549, 2076758.060685155214742 ], [ 6105958.832673965021968, 2076726.585358189418912 ], [ 6105830.696074139326811, 2076707.578089114511386 ], [ 6105701.313448904082179, 2076701.221928321756423 ], [ 6105571.930823668837547, 2076707.578089114511386 ], [ 6105443.79422384314239, 2076726.585358189418912 ], [ 6105318.137674928642809, 2076758.060685155214742 ], [ 6105196.171318181790411, 2076801.700945406919345 ], [ 6105079.069756293669343, 2076857.085859381826594 ], [ 6104967.96074131783098, 2076923.682040082290769 ], [ 6104863.914313808083534, 2077000.848129882942885 ], [ 6104767.932497737929225, 2077087.840977155603468 ], [ 6104680.939650465734303, 2077183.822793225757778 ], [ 6104603.773560664616525, 2077287.869220735970885 ], [ 6104537.17737996391952, 2077398.978235711343586 ], [ 6104481.792465989477932, 2077516.079797599930316 ], [ 6104438.152205737307668, 2077638.046154345851392 ], [ 6104406.676878771744668, 2077763.702703260350972 ], [ 6104387.669609696604311, 2077891.839303086744621 ], [ 6104381.313448904082179, 2078021.221928321756423 ], [ 6104387.669609696604311, 2078150.604553556768224 ], [ 6104406.676878771744668, 2078278.741153383161873 ], [ 6104438.152205737307668, 2078404.397702297661453 ], [ 6104481.792465989477932, 2078526.364059043582529 ], [ 6104537.17737996391952, 2078643.465620932169259 ], [ 6104603.773560664616525, 2078754.57463590754196 ], [ 6104680.939650465734303, 2078858.621063417755067 ], [ 6104767.932497737929225, 2078954.602879487909377 ], [ 6104863.914313808083534, 2079041.59572676056996 ], [ 6104967.96074131783098, 2079118.761816561222076 ], [ 6105079.069756293669343, 2079185.357997261686251 ], [ 6105196.171318181790411, 2079240.7429112365935 ], [ 6105318.137674928642809, 2079284.383171488298103 ], [ 6105443.79422384314239, 2079315.858498454093933 ], [ 6105571.930823668837547, 2079334.865767529001459 ], [ 6105701.313448904082179, 2079341.221928321756423 ], [ 6105830.696074139326811, 2079334.865767529001459 ], [ 6105958.832673965021968, 2079315.858498454093933 ], [ 6106084.489222879521549, 2079284.383171488298103 ], [ 6106206.455579626373947, 2079240.7429112365935 ], [ 6106323.557141514495015, 2079185.357997261686251 ], [ 6106434.666156490333378, 2079118.761816561222076 ], [ 6106538.712584, 2079041.59572676056996 ], [ 6106634.694400070235133, 2078954.602879487909377 ], [ 6106721.687247342430055, 2078858.621063417755067 ], [ 6106798.853337143547833, 2078754.57463590754196 ], [ 6106865.449517844244838, 2078643.465620932169259 ], [ 6106920.834431818686426, 2078526.364059043582529 ], [ 6106964.47469207085669, 2078404.397702297661453 ], [ 6106995.95001903641969, 2078278.741153383161873 ], [ 6107014.957288111560047, 2078150.604553556768224 ], [ 6107021.313448904082179, 2078021.221928321756423 ] ] ] } },
{ "type": "Feature", "properties": { "parent_sta": "905209", "stop_id": "WDUB_1", "stop_name": "TBD Pedestrian Access Point", "stop_code": "WDUB_1", "stop_desc": "Pedestrian Access Point", "stop_lat": 37.69992, "stop_lon": -121.92789, "zone_id": "BA:79542", "stop_url": null, "tts_stop_n": null, "platform_c": null, "location_t": "2", "stop_timez": "America/Los_Angeles", "wheelchair": null, "level_id": null, "route_info": "{'route_id': None, 'route_type': None}" }, "geometry": { "type": "Polygon", "coordinates": [ [ [ 6149878.967773546464741, 2080100.814290057169273 ], [ 6149859.960504471324384, 2079972.677690230775625 ], [ 6149828.485177505761385, 2079847.021141316276044 ], [ 6149784.84491725359112, 2079725.054784570354968 ], [ 6149729.460003279149532, 2079607.953222681768239 ], [ 6149662.863822578452528, 2079496.844207706395537 ], [ 6149585.69773277733475, 2079392.79778019618243 ], [ 6149498.704885505139828, 2079296.815964126028121 ], [ 6149402.723069434985518, 2079209.823116853367537 ], [ 6149298.676641925238073, 2079132.657027052715421 ], [ 6149187.56762694939971, 2079066.060846352251247 ], [ 6149070.466065061278641, 2079010.675932377343997 ], [ 6148948.499708314426243, 2078967.035672125639394 ], [ 6148822.843159399926662, 2078935.560345159843564 ], [ 6148694.706559574231505, 2078916.553076084936038 ], [ 6148565.323934338986874, 2078910.196915292181075 ], [ 6148435.941309103742242, 2078916.553076084936038 ], [ 6148307.804709278047085, 2078935.560345159843564 ], [ 6148182.148160363547504, 2078967.035672125639394 ], [ 6148060.181803616695106, 2079010.675932377343997 ], [ 6147943.080241728574038, 2079066.060846352251247 ], [ 6147831.971226752735674, 2079132.657027052715421 ], [ 6147727.924799242988229, 2079209.823116853367537 ], [ 6147631.94298317283392, 2079296.815964126028121 ], [ 6147544.950135900638998, 2079392.79778019618243 ], [ 6147467.78404609952122, 2079496.844207706395537 ], [ 6147401.187865398824215, 2079607.953222681768239 ], [ 6147345.802951424382627, 2079725.054784570354968 ], [ 6147302.162691172212362, 2079847.021141316276044 ], [ 6147270.687364206649363, 2079972.677690230775625 ], [ 6147251.680095131509006, 2080100.814290057169273 ], [ 6147245.323934338986874, 2080230.196915292181075 ], [ 6147251.680095131509006, 2080359.579540527192876 ], [ 6147270.687364206649363, 2080487.716140353586525 ], [ 6147284.965315980836749, 2080544.716919009806588 ], [ 6147283.237136818468571, 2080556.367356579750776 ], [ 6147276.880976025946438, 2080685.749981814762577 ], [ 6147283.237136818468571, 2080815.132607049774379 ], [ 6147302.244405893608928, 2080943.269206876168028 ], [ 6147333.719732859171927, 2081068.925755790667608 ], [ 6147377.359993111342192, 2081190.892112536588684 ], [ 6147432.74490708578378, 2081307.993674425175413 ], [ 6147499.341087786480784, 2081419.102689400548115 ], [ 6147576.507177587598562, 2081523.149116910761222 ], [ 6147663.500024859793484, 2081619.130932980915532 ], [ 6147759.481840929947793, 2081706.123780253576115 ], [ 6147863.528268439695239, 2081783.289870054228231 ], [ 6147974.637283415533602, 2081849.886050754692405 ], [ 6148091.738845303654671, 2081905.270964729599655 ], [ 6148213.705202050507069, 2081948.911224981304258 ], [ 6148339.361750965006649, 2081980.386551947100088 ], [ 6148467.498350790701807, 2081999.393821022007614 ], [ 6148596.880976025946438, 2082005.749981814762577 ], [ 6148726.26360126119107, 2081999.393821022007614 ], [ 6148854.400201086886227, 2081980.386551947100088 ], [ 6148980.056750001385808, 2081948.911224981304258 ], [ 6149102.023106748238206, 2081905.270964729599655 ], [ 6149219.124668636359274, 2081849.886050754692405 ], [ 6149330.233683612197638, 2081783.289870054228231 ], [ 6149434.280111121945083, 2081706.123780253576115 ], [ 6149530.261927192099392, 2081619.130932980915532 ], [ 6149617.254774464294314, 2081523.149116910761222 ], [ 6149694.420864265412092, 2081419.102689400548115 ], [ 6149761.017044966109097, 2081307.993674425175413 ], [ 6149816.401958940550685, 2081190.892112536588684 ], [ 6149860.04221919272095, 2081068.925755790667608 ], [ 6149891.517546158283949, 2080943.269206876168028 ], [ 6149910.524815233424306, 2080815.132607049774379 ], [ 6149916.880976025946438, 2080685.749981814762577 ], [ 6149910.524815233424306, 2080556.367356579750776 ], [ 6149891.517546158283949, 2080428.230756753357127 ], [ 6149877.239594384096563, 2080371.229978097137064 ], [ 6149878.967773546464741, 2080359.579540527192876 ], [ 6149885.323934338986874, 2080230.196915292181075 ], [ 6149878.967773546464741, 2080100.814290057169273 ] ] ] } },
{ "type": "Feature", "properties": { "parent_sta": "906109", "stop_id": "COLM_1", "stop_name": "West Entrance / Exit to Parking Garage", "stop_code": "COLM_1", "stop_desc": "Pedestrian Access Point", "stop_lat": 37.68448, "stop_lon": -122.46636, "zone_id": "BA:79542", "stop_url": null, "tts_stop_n": null, "platform_c": null, "location_t": "2", "stop_timez": "America/Los_Angeles", "wheelchair": null, "level_id": null, "route_info": "{'route_id': None, 'route_type': None}" }, "geometry": { "type": "Polygon", "coordinates": [ [ [ 5993252.742554354481399, 2076419.777804723009467 ], [ 5993165.749707082286477, 2076323.795988652855158 ], [ 5993069.767891012132168, 2076236.803141380194575 ], [ 5992965.721463502384722, 2076159.637051579542458 ], [ 5992854.612448526546359, 2076093.040870879078284 ], [ 5992737.510886638425291, 2076037.655956904171035 ], [ 5992615.544529891572893, 2075994.015696652466431 ], [ 5992489.887980977073312, 2075962.540369686670601 ], [ 5992361.751381151378155, 2075943.533100611763075 ], [ 5992232.368755916133523, 2075937.176939819008112 ], [ 5992102.986130680888891, 2075943.533100611763075 ], [ 5991974.849530855193734, 2075962.540369686670601 ], [ 5991849.192981940694153, 2075994.015696652466431 ], [ 5991727.226625193841755, 2076037.655956904171035 ], [ 5991610.125063305720687, 2076093.040870879078284 ], [ 5991499.016048329882324, 2076159.637051579542458 ], [ 5991394.969620820134878, 2076236.803141380194575 ], [ 5991298.987804749980569, 2076323.795988652855158 ], [ 5991211.994957477785647, 2076419.777804723009467 ], [ 5991134.828867676667869, 2076523.824232233222574 ], [ 5991068.232686975970864, 2076634.933247208595276 ], [ 5991012.847773001529276, 2076752.034809097182006 ], [ 5990969.207512749359012, 2076874.001165843103081 ], [ 5990937.732185783796012, 2076999.657714757602662 ], [ 5990918.724916708655655, 2077127.794314583996311 ], [ 5990912.368755916133523, 2077257.176939819008112 ], [ 5990918.724916708655655, 2077386.559565054019913 ], [ 5990937.732185783796012, 2077514.696164880413562 ], [ 5990969.207512749359012, 2077640.352713794913143 ], [ 5991012.847773001529276, 2077762.319070540834218 ], [ 5991068.232686975970864, 2077879.420632429420948 ], [ 5991134.828867676667869, 2077990.52964740479365 ], [ 5991211.994957477785647, 2078094.576074915006757 ], [ 5991298.987804749980569, 2078190.557890985161066 ], [ 5991394.969620820134878, 2078277.550738257821649 ], [ 5991499.016048329882324, 2078354.716828058473766 ], [ 5991610.125063305720687, 2078421.31300875893794 ], [ 5991615.129707405343652, 2078423.680029134033248 ], [ 5991679.247651076875627, 2078510.133068228140473 ], [ 5991766.240498349070549, 2078606.114884298294783 ], [ 5991772.754717546515167, 2078612.019028426380828 ], [ 5991774.044641726650298, 2078613.758289843332022 ], [ 5991861.03748899884522, 2078709.740105913486332 ], [ 5991957.019305068999529, 2078796.732953186146915 ], [ 5992061.065732578746974, 2078873.899042986799031 ], [ 5992172.174747554585338, 2078940.495223687263206 ], [ 5992289.276309442706406, 2078995.880137662170455 ], [ 5992411.242666189558804, 2079039.520397913875058 ], [ 5992536.899215104058385, 2079070.995724879670888 ], [ 5992665.035814929753542, 2079090.002993954578415 ], [ 5992794.418440164998174, 2079096.359154747333378 ], [ 5992923.801065400242805, 2079090.002993954578415 ], [ 5993051.937665225937963, 2079070.995724879670888 ], [ 5993177.594214140437543, 2079039.520397913875058 ], [ 5993299.560570887289941, 2078995.880137662170455 ], [ 5993416.66213277541101, 2078940.495223687263206 ], [ 5993527.771147751249373, 2078873.899042986799031 ], [ 5993631.817575260996819, 2078796.732953186146915 ], [ 5993727.799391331151128, 2078709.740105913486332 ], [ 5993814.79223860334605, 2078613.758289843332022 ], [ 5993891.958328404463828, 2078509.711862333118916 ], [ 5993958.554509105160832, 2078398.602847357746214 ], [ 5994013.93942307960242, 2078281.501285469159484 ], [ 5994057.579683331772685, 2078159.534928723238409 ], [ 5994089.055010297335684, 2078033.878379808738828 ], [ 5994108.062279372476041, 2077905.741779982345179 ], [ 5994114.418440164998174, 2077776.359154747333378 ], [ 5994108.062279372476041, 2077646.976529512321576 ], [ 5994089.055010297335684, 2077518.839929685927927 ], [ 5994057.579683331772685, 2077393.183380771428347 ], [ 5994013.93942307960242, 2077271.217024025507271 ], [ 5993958.554509105160832, 2077154.115462136920542 ], [ 5993891.958328404463828, 2077043.00644716154784 ], [ 5993814.79223860334605, 2076938.960019651334733 ], [ 5993727.799391331151128, 2076842.978203581180423 ], [ 5993721.28517213370651, 2076837.074059453094378 ], [ 5993719.995247953571379, 2076835.334798036143184 ], [ 5993633.002400681376457, 2076739.352981965988874 ], [ 5993537.020584611222148, 2076652.360134693328291 ], [ 5993432.974157101474702, 2076575.194044892676175 ], [ 5993321.865142125636339, 2076508.597864192212 ], [ 5993316.860498026013374, 2076506.230843817116693 ], [ 5993252.742554354481399, 2076419.777804723009467 ] ] ] } },
{ "type": "Feature", "properties": { "parent_sta": "906209", "stop_id": "SSAN_1", "stop_name": "East Concourse Entrance / Exit", "stop_code": "SSAN_1", "stop_desc": "Pedestrian Access Point", "stop_lat": 37.66432, "stop_lon": -122.44384, "zone_id": "BA:79542", "stop_url": null, "tts_stop_n": null, "platform_c": null, "location_t": "2", "stop_timez": "America/Los_Angeles", "wheelchair": null, "level_id": null, "route_info": "{'route_id': None, 'route_type': None}" }, "geometry": { "type": "Polygon", "coordinates": [ [ [ 5999502.24660390149802, 2068899.336542263859883 ], [ 5999380.280247154645622, 2068855.69628201215528 ], [ 5999254.623698240146041, 2068824.22095504635945 ], [ 5999126.487098414450884, 2068805.213685971451923 ], [ 5998997.104473179206252, 2068798.85752517869696 ], [ 5998867.72184794396162, 2068805.213685971451923 ], [ 5998739.585248118266463, 2068824.22095504635945 ], [ 5998613.928699203766882, 2068855.69628201215528 ], [ 5998491.962342456914485, 2068899.336542263859883 ], [ 5998374.860780568793416, 2068954.721456238767132 ], [ 5998263.751765592955053, 2069021.317636939231306 ], [ 5998159.705338083207607, 2069098.483726739883423 ], [ 5998063.723522013053298, 2069185.476574012544006 ], [ 5997976.730674740858376, 2069281.458390082698315 ], [ 5997899.564584939740598, 2069385.504817592911422 ], [ 5997832.968404239043593, 2069496.613832568284124 ], [ 5997777.583490264602005, 2069613.715394456870854 ], [ 5997733.943230012431741, 2069735.681751202791929 ], [ 5997702.467903046868742, 2069861.33830011729151 ], [ 5997683.460633971728384, 2069989.474899943685159 ], [ 5997677.104473179206252, 2070118.85752517869696 ], [ 5997683.460633971728384, 2070248.240150413708761 ], [ 5997702.467903046868742, 2070376.37675024010241 ], [ 5997733.943230012431741, 2070502.033299154601991 ], [ 5997777.583490264602005, 2070623.999655900523067 ], [ 5997787.239611931145191, 2070644.415809827623889 ], [ 5997815.526736092753708, 2070723.473025730345398 ], [ 5997870.911650067195296, 2070840.574587618932128 ], [ 5997937.507830767892301, 2070951.68360259430483 ], [ 5998014.673920569010079, 2071055.730030104517937 ], [ 5998101.666767841205001, 2071151.711846174672246 ], [ 5998197.64858391135931, 2071238.704693447332829 ], [ 5998301.695011421106756, 2071315.870783247984946 ], [ 5998412.804026396945119, 2071382.46696394844912 ], [ 5998529.905588285066187, 2071437.851877923356369 ], [ 5998651.871945031918585, 2071481.492138175060973 ], [ 5998777.528493946418166, 2071512.967465140856802 ], [ 5998905.665093772113323, 2071531.974734215764329 ], [ 5999035.047719007357955, 2071538.330895008519292 ], [ 5999164.430344242602587, 2071531.974734215764329 ], [ 5999292.566944068297744, 2071512.967465140856802 ], [ 5999418.223492982797325, 2071481.492138175060973 ], [ 5999540.189849729649723, 2071437.851877923356369 ], [ 5999657.291411617770791, 2071382.46696394844912 ], [ 5999768.400426593609154, 2071315.870783247984946 ], [ 5999872.4468541033566, 2071238.704693447332829 ], [ 5999874.857086597941816, 2071236.520186049165204 ], [ 5999899.83346782438457, 2071217.996439268579707 ], [ 5999995.815283894538879, 2071131.003591995919123 ], [ 6000003.02045419998467, 2071123.053911617491394 ], [ 6000022.038871778175235, 2071105.816622686339542 ], [ 6000109.031719050370157, 2071009.834806616185233 ], [ 6000186.197808851487935, 2070905.788379105972126 ], [ 6000252.793989552184939, 2070794.679364130599424 ], [ 6000308.178903526626527, 2070677.577802242012694 ], [ 6000351.819163778796792, 2070555.611445496091619 ], [ 6000383.294490744359791, 2070429.954896581592038 ], [ 6000402.301759819500148, 2070301.818296755198389 ], [ 6000408.657920612022281, 2070172.435671520186588 ], [ 6000402.301759819500148, 2070043.053046285174787 ], [ 6000383.294490744359791, 2069914.916446458781138 ], [ 6000351.819163778796792, 2069789.259897544281557 ], [ 6000308.178903526626527, 2069667.293540798360482 ], [ 6000252.793989552184939, 2069550.191978909773752 ], [ 6000186.197808851487935, 2069439.08296393440105 ], [ 6000109.031719050370157, 2069335.036536424187943 ], [ 6000022.038871778175235, 2069239.054720354033634 ], [ 5999926.057055708020926, 2069152.061873081373051 ], [ 5999822.01062819827348, 2069074.895783280720934 ], [ 5999710.901613222435117, 2069008.29960258025676 ], [ 5999700.642487269826233, 2069003.447397373383865 ], [ 5999619.348165789619088, 2068954.721456238767132 ], [ 5999502.24660390149802, 2068899.336542263859883 ] ] ] } },
{ "type": "Feature", "properties": { "parent_sta": "906309", "stop_id": "SBRN_1", "stop_name": "Huntington Ave Entrance / Exit", "stop_code": "SBRN_1", "stop_desc": "Pedestrian Access Point", "stop_lat": 37.63779, "stop_lon": -122.41617, "zone_id": "BA:79542", "stop_url": null, "tts_stop_n": null, "platform_c": null, "location_t": "2", "stop_timez": "America/Los_Angeles", "wheelchair": null, "level_id": null, "route_info": "{'route_id': None, 'route_type': None}" }, "geometry": { "type": "Polygon", "coordinates": [ [ [ 6008185.443653663620353, 2060060.713687674375251 ], [ 6008153.968326698057353, 2059935.05713875987567 ], [ 6008110.328066445887089, 2059813.090782013954595 ], [ 6008054.943152471445501, 2059695.989220125367865 ], [ 6007988.346971770748496, 2059584.880205149995163 ], [ 6007911.180881969630718, 2059480.833777639782056 ], [ 6007824.188034697435796, 2059384.851961569627747 ], [ 6007728.206218627281487, 2059297.859114296967164 ], [ 6007624.159791117534041, 2059220.693024496315047 ], [ 6007513.050776141695678, 2059154.096843795850873 ], [ 6007395.94921425357461, 2059098.711929820943624 ], [ 6007273.982857506722212, 2059055.07166956923902 ], [ 6007148.326308592222631, 2059023.59634260344319 ], [ 6007020.189708766527474, 2059004.589073528535664 ], [ 6006890.807083531282842, 2058998.232912735780701 ], [ 6006761.42445829603821, 2059004.589073528535664 ], [ 6006633.287858470343053, 2059023.59634260344319 ], [ 6006507.631309555843472, 2059055.07166956923902 ], [ 6006483.889535403810441, 2059063.566612194990739 ], [ 6006394.453575662337244, 2059085.969153882469982 ], [ 6006272.487218915484846, 2059129.609414134174585 ], [ 6006155.385657027363777, 2059184.994328109081835 ], [ 6006044.276642051525414, 2059251.590508809546009 ], [ 6005940.230214541777968, 2059328.756598610198125 ], [ 6005844.248398471623659, 2059415.749445882858709 ], [ 6005757.255551199428737, 2059511.731261953013018 ], [ 6005680.089461398310959, 2059615.777689463226125 ], [ 6005613.493280697613955, 2059726.886704438598827 ], [ 6005558.108366723172367, 2059843.988266327185556 ], [ 6005514.468106471002102, 2059965.954623073106632 ], [ 6005482.992779505439103, 2060091.611171987606212 ], [ 6005463.985510430298746, 2060219.747771813999861 ], [ 6005457.629349637776613, 2060349.130397049011663 ], [ 6005463.985510430298746, 2060478.513022284023464 ], [ 6005482.992779505439103, 2060606.649622110417113 ], [ 6005514.468106471002102, 2060732.306171024916694 ], [ 6005558.108366723172367, 2060854.272527770837769 ], [ 6005613.493280697613955, 2060971.374089659424499 ], [ 6005680.089461398310959, 2061082.483104634797201 ], [ 6005757.255551199428737, 2061186.529532145010307 ], [ 6005844.248398471623659, 2061282.511348215164617 ], [ 6005882.381691110320389, 2061317.073350043967366 ], [ 6005912.380782387219369, 2061350.172246694331989 ], [ 6006008.362598457373679, 2061437.165093966992572 ], [ 6006112.409025967121124, 2061514.331183767644688 ], [ 6006223.518040942959487, 2061580.927364468108863 ], [ 6006340.619602831080556, 2061636.312278443016112 ], [ 6006462.585959577932954, 2061679.952538694720715 ], [ 6006588.242508492432535, 2061711.427865660516545 ], [ 6006716.379108318127692, 2061730.435134735424072 ], [ 6006845.761733553372324, 2061736.791295528179035 ], [ 6006975.144358788616955, 2061730.435134735424072 ], [ 6007103.280958614312112, 2061711.427865660516545 ], [ 6007228.937507528811693, 2061679.952538694720715 ], [ 6007350.903864275664091, 2061636.312278443016112 ], [ 6007468.00542616378516, 2061580.927364468108863 ], [ 6007579.114441139623523, 2061514.331183767644688 ], [ 6007683.160868649370968, 2061437.165093966992572 ], [ 6007779.142684719525278, 2061350.172246694331989 ], [ 6007866.1355319917202, 2061254.190430624177679 ], [ 6007869.93695068359375, 2061249.064810868585482 ], [ 6007901.691293735057116, 2061214.029292319901288 ], [ 6007978.857383536174893, 2061109.982864809688181 ], [ 6008045.453564236871898, 2060998.873849834315479 ], [ 6008100.838478211313486, 2060881.772287945728749 ], [ 6008144.478738463483751, 2060759.805931199807674 ], [ 6008175.95406542904675, 2060634.149382285308093 ], [ 6008183.41531637031585, 2060583.849714182550088 ], [ 6008185.443653663620353, 2060575.752137797186151 ], [ 6008204.45092273876071, 2060447.615537970792502 ], [ 6008210.807083531282842, 2060318.232912735780701 ], [ 6008204.45092273876071, 2060188.8502875007689 ], [ 6008185.443653663620353, 2060060.713687674375251 ] ] ] } },
{ "type": "Feature", "properties": { "parent_sta": "909509", "stop_id": "BERY_1", "stop_name": "Main Entrance / Exit", "stop_code": "BERY_1", "stop_desc": "Pedestrian Access Point", "stop_lat": 37.36847, "stop_lon": -121.87457, "zone_id": "BA:79542", "stop_url": null, "tts_stop_n": null, "platform_c": null, "location_t": "2", "stop_timez": "America/Los_Angeles", "wheelchair": null, "level_id": null, "route_info": "{'route_id': None, 'route_type': None}" }, "geometry": { "type": "Polygon", "coordinates": [ [ [ 6163569.205715318210423, 1958851.216527842916548 ], [ 6163525.565455066040158, 1958729.250171096995473 ], [ 6163470.18054109159857, 1958612.148609208408743 ], [ 6163403.584360390901566, 1958501.039594233036041 ], [ 6163326.418270589783788, 1958396.993166722822934 ], [ 6163239.425423317588866, 1958301.011350652668625 ], [ 6163143.443607247434556, 1958214.018503380008042 ], [ 6163039.397179737687111, 1958136.852413579355925 ], [ 6162928.288164761848748, 1958070.256232878891751 ], [ 6162811.186602873727679, 1958014.871318903984502 ], [ 6162689.220246126875281, 1957971.231058652279899 ], [ 6162563.5636972123757, 1957939.755731686484069 ], [ 6162435.427097386680543, 1957920.748462611576542 ], [ 6162306.044472151435912, 1957914.392301818821579 ], [ 6162176.66184691619128, 1957920.748462611576542 ], [ 6162048.525247090496123, 1957939.755731686484069 ], [ 6161922.868698175996542, 1957971.231058652279899 ], [ 6161800.902341429144144, 1958014.871318903984502 ], [ 6161683.800779541023076, 1958070.256232878891751 ], [ 6161572.691764565184712, 1958136.852413579355925 ], [ 6161468.645337055437267, 1958214.018503380008042 ], [ 6161372.663520985282958, 1958301.011350652668625 ], [ 6161285.670673713088036, 1958396.993166722822934 ], [ 6161260.118599670939147, 1958431.446150234900415 ], [ 6161250.074175960384309, 1958440.549885228974745 ], [ 6161163.081328688189387, 1958536.531701299129054 ], [ 6161085.915238887071609, 1958640.578128809342161 ], [ 6161019.319058186374605, 1958751.687143784714863 ], [ 6160963.934144211933017, 1958868.788705673301592 ], [ 6160920.293883959762752, 1958990.755062419222668 ], [ 6160888.818556994199753, 1959116.411611333722249 ], [ 6160869.811287919059396, 1959244.548211160115898 ], [ 6160868.219652239233255, 1959276.946699706139043 ], [ 6160836.909872421063483, 1959364.45167224551551 ], [ 6160805.434545455500484, 1959490.108221160015091 ], [ 6160786.427276380360126, 1959618.24482098640874 ], [ 6160780.071115587837994, 1959747.627446221420541 ], [ 6160786.427276380360126, 1959877.010071456432343 ], [ 6160805.434545455500484, 1960005.146671282825992 ], [ 6160831.576216261833906, 1960109.510071222903207 ], [ 6160842.324263325892389, 1960181.967518957797438 ], [ 6160873.799590291455388, 1960307.624067872297019 ], [ 6160917.439850543625653, 1960429.590424618218094 ], [ 6160972.824764518067241, 1960546.691986506804824 ], [ 6161039.420945218764246, 1960657.801001482177526 ], [ 6161116.587035019882023, 1960761.847428992390633 ], [ 6161203.579882292076945, 1960857.829245062544942 ], [ 6161299.561698362231255, 1960944.822092335205525 ], [ 6161403.6081258719787, 1961021.988182135857642 ], [ 6161514.717140847817063, 1961088.584362836321816 ], [ 6161631.818702735938132, 1961143.969276811229065 ], [ 6161753.78505948279053, 1961187.609537062933668 ], [ 6161879.441608397290111, 1961219.084864028729498 ], [ 6162007.578208222985268, 1961238.092133103637025 ], [ 6162136.960833458229899, 1961244.448293896391988 ], [ 6162266.343458693474531, 1961238.092133103637025 ], [ 6162394.480058519169688, 1961219.084864028729498 ], [ 6162520.136607433669269, 1961187.609537062933668 ], [ 6162642.102964180521667, 1961143.969276811229065 ], [ 6162759.204526068642735, 1961088.584362836321816 ], [ 6162870.313541044481099, 1961021.988182135857642 ], [ 6162974.359968554228544, 1960944.822092335205525 ], [ 6163070.341784624382854, 1960857.829245062544942 ], [ 6163157.334631896577775, 1960761.847428992390633 ], [ 6163234.500721697695553, 1960657.801001482177526 ], [ 6163301.096902398392558, 1960546.691986506804824 ], [ 6163356.481816372834146, 1960429.590424618218094 ], [ 6163367.413216997869313, 1960399.039206529268995 ], [ 6163428.345235261134803, 1960297.380275665549561 ], [ 6163483.730149235576391, 1960180.278713776962832 ], [ 6163527.370409487746656, 1960058.312357031041756 ], [ 6163558.845736453309655, 1959932.655808116542175 ], [ 6163559.163072933442891, 1959930.516499338671565 ], [ 6163582.475238760001957, 1959865.363360533257946 ], [ 6163613.950565725564957, 1959739.706811618758366 ], [ 6163632.957834800705314, 1959611.570211792364717 ], [ 6163639.313995593227446, 1959482.187586557352915 ], [ 6163632.957834800705314, 1959352.804961322341114 ], [ 6163623.394482626579702, 1959288.33407780341804 ], [ 6163626.044472151435912, 1959234.392301818821579 ], [ 6163619.688311358913779, 1959105.009676583809778 ], [ 6163600.681042283773422, 1958976.873076757416129 ], [ 6163569.205715318210423, 1958851.216527842916548 ] ] ] } },
{ "type": "Feature", "properties": { "parent_sta": "mtc:12th-st-oakland-city-center-bart", "stop_id": "12TH_2", "stop_name": "A2 13th St and Broadway Entrance / Exit", "stop_code": "12TH_2", "stop_desc": "Pedestrian Access Point", "stop_lat": 37.80337, "stop_lon": -122.27196, "zone_id": "BA:79542", "stop_url": null, "tts_stop_n": null, "platform_c": null, "location_t": "2", "stop_timez": "America/Los_Angeles", "wheelchair": "0", "level_id": "mtc:12th-st-oakland-city-center-bart-street", "route_info": "{'route_id': None, 'route_type': None}" }, "geometry": { "type": "Polygon", "coordinates": [ [ [ 6050830.063159199431539, 2118854.315347329713404 ], [ 6050763.466978498734534, 2118743.206332354340702 ], [ 6050686.300888697616756, 2118639.159904844127595 ], [ 6050599.308041425421834, 2118543.178088773973286 ], [ 6050503.326225355267525, 2118456.185241501312703 ], [ 6050399.279797845520079, 2118379.019151700660586 ], [ 6050288.170782869681716, 2118312.422971000429243 ], [ 6050171.069220981560647, 2118257.038057025056332 ], [ 6050049.10286423470825, 2118213.39779677381739 ], [ 6049923.446315320208669, 2118181.92246980778873 ], [ 6049795.309715494513512, 2118162.915200732648373 ], [ 6049665.92709025926888, 2118156.55903994012624 ], [ 6049536.544465024024248, 2118162.915200732648373 ], [ 6049408.407865198329091, 2118181.92246980778873 ], [ 6049282.75131628382951, 2118213.39779677381739 ], [ 6049160.784959536977112, 2118257.038057025056332 ], [ 6049043.683397648856044, 2118312.422971000429243 ], [ 6049020.788809073157609, 2118326.145459298510104 ], [ 6048977.865658843889832, 2118346.446597427595407 ], [ 6048866.756643868051469, 2118413.04277812782675 ], [ 6048762.710216358304024, 2118490.208867928478867 ], [ 6048666.728400288149714, 2118577.20171520113945 ], [ 6048579.735553015954792, 2118673.183531271293759 ], [ 6048502.569463214837015, 2118777.229958781506866 ], [ 6048435.97328251414001, 2118888.338973756879568 ], [ 6048380.588368539698422, 2119005.440535645466298 ], [ 6048336.948108287528157, 2119127.406892391387373 ], [ 6048305.472781321965158, 2119253.063441305886954 ], [ 6048286.465512246824801, 2119381.200041132047772 ], [ 6048280.109351454302669, 2119510.582666367292404 ], [ 6048286.465512246824801, 2119639.965291602537036 ], [ 6048305.472781321965158, 2119768.101891428697854 ], [ 6048336.948108287528157, 2119893.758440343197435 ], [ 6048380.588368539698422, 2120015.72479708911851 ], [ 6048435.97328251414001, 2120132.82635897770524 ], [ 6048496.297670922242105, 2120233.471520674880594 ], [ 6048499.651092007756233, 2120256.078449317254126 ], [ 6048531.126418973319232, 2120381.734998231753707 ], [ 6048574.766679225489497, 2120503.701354977674782 ], [ 6048630.151593199931085, 2120620.802916866261512 ], [ 6048689.581834244541824, 2120719.956283812876791 ], [ 6048690.768069550395012, 2120724.692000612616539 ], [ 6048734.408329802565277, 2120846.658357358537614 ], [ 6048789.793243777006865, 2120963.759919247124344 ], [ 6048856.389424477703869, 2121074.868934222497046 ], [ 6048933.555514278821647, 2121178.915361732710153 ], [ 6049020.548361551016569, 2121274.897177802864462 ], [ 6049116.530177621170878, 2121361.890025075525045 ], [ 6049220.576605130918324, 2121439.056114876177162 ], [ 6049331.685620106756687, 2121505.652295576408505 ], [ 6049448.787181994877756, 2121561.037209551781416 ], [ 6049570.753538741730154, 2121604.677469803020358 ], [ 6049696.410087656229734, 2121636.152796769049019 ], [ 6049824.546687481924891, 2121655.160065844189376 ], [ 6049953.929312717169523, 2121661.516226636711508 ], [ 6050083.311937952414155, 2121655.160065844189376 ], [ 6050211.448537778109312, 2121636.152796769049019 ], [ 6050337.105086692608893, 2121604.677469803020358 ], [ 6050459.071443439461291, 2121561.037209551781416 ], [ 6050576.173005327582359, 2121505.652295576408505 ], [ 6050687.282020303420722, 2121439.056114876177162 ], [ 6050791.328447813168168, 2121361.890025075525045 ], [ 6050887.310263883322477, 2121274.897177802864462 ], [ 6050974.303111155517399, 2121178.915361732710153 ], [ 6051051.469200956635177, 2121074.868934222497046 ], [ 6051073.844253200106323, 2121037.538414834067225 ], [ 6051126.563581650145352, 2120979.371599454898387 ], [ 6051203.72967145126313, 2120875.32517194468528 ], [ 6051270.325852151960135, 2120764.216156969312578 ], [ 6051325.710766126401722, 2120647.114595080725849 ], [ 6051369.351026378571987, 2120525.148238334804773 ], [ 6051400.826353344134986, 2120399.491689420305192 ], [ 6051419.833622419275343, 2120271.355089594144374 ], [ 6051426.189783211797476, 2120141.972464358899742 ], [ 6051419.833622419275343, 2120012.589839123655111 ], [ 6051400.826353344134986, 2119884.453239297494292 ], [ 6051369.351026378571987, 2119758.796690382994711 ], [ 6051325.710766126401722, 2119636.830333637073636 ], [ 6051270.325852151960135, 2119519.728771748486906 ], [ 6051203.72967145126313, 2119408.619756773114204 ], [ 6051126.563581650145352, 2119304.573329262901098 ], [ 6051039.57073437795043, 2119208.591513192746788 ], [ 6050979.415604192763567, 2119154.070081247482449 ], [ 6050925.587979705072939, 2119064.264115313999355 ], [ 6050912.220033867284656, 2119046.239526907913387 ], [ 6050885.448073173873127, 2118971.416909218300134 ], [ 6050830.063159199431539, 2118854.315347329713404 ] ] ] } },
{ "type": "Feature", "properties": { "parent_sta": "mtc:19th-st-oakland-bart", "stop_id": "19TH_3", "stop_name": "A2 20th and Broadway Entrance / Exit", "stop_code": "19TH_3", "stop_desc": "Pedestrian Access Point", "stop_lat": 37.80881, "stop_lon": -122.26854, "zone_id": "BA:79542", "stop_url": null, "tts_stop_n": null, "platform_c": null, "location_t": "2", "stop_timez": "America/Los_Angeles", "wheelchair": "1", "level_id": "mtc:19th-st-oakland-bart-street", "route_info": "{'route_id': None, 'route_type': None}" }, "geometry": { "type": "Polygon", "coordinates": [ [ [ 6051660.849628316238523, 2120459.231076896190643 ], [ 6051594.253447615541518, 2120348.122061920817941 ], [ 6051517.08735781442374, 2120244.075634410604835 ], [ 6051430.094510542228818, 2120148.093818340450525 ], [ 6051334.112694472074509, 2120061.100971067789942 ], [ 6051230.066266962327063, 2119983.934881267137825 ], [ 6051118.9572519864887, 2119917.338700566906482 ], [ 6051001.855690098367631, 2119861.953786591533571 ], [ 6050879.889333351515234, 2119818.313526340294629 ], [ 6050754.232784437015653, 2119786.838199374265969 ], [ 6050626.096184611320496, 2119767.830930299125612 ], [ 6050496.713559376075864, 2119761.474769506603479 ], [ 6050367.330934140831232, 2119767.830930299125612 ], [ 6050239.194334315136075, 2119786.838199374265969 ], [ 6050113.537785400636494, 2119818.313526340294629 ], [ 6049991.571428653784096, 2119861.953786591533571 ], [ 6049874.469866765663028, 2119917.338700566906482 ], [ 6049763.360851789824665, 2119983.934881267137825 ], [ 6049659.314424280077219, 2120061.100971067789942 ], [ 6049563.33260820992291, 2120148.093818340450525 ], [ 6049476.339760937727988, 2120244.075634410604835 ], [ 6049399.17367113661021, 2120348.122061920817941 ], [ 6049332.577490435913205, 2120459.231076896190643 ], [ 6049303.923544717021286, 2120519.814754963386804 ], [ 6049243.176660348661244, 2120621.164808583911508 ], [ 6049187.791746374219656, 2120738.266370472498238 ], [ 6049144.151486122049391, 2120860.232727218419313 ], [ 6049112.676159156486392, 2120985.889276132918894 ], [ 6049093.668890081346035, 2121114.025875959079713 ], [ 6049087.312729288823903, 2121243.408501194324344 ], [ 6049093.668890081346035, 2121372.791126429568976 ], [ 6049112.676159156486392, 2121500.927726255729795 ], [ 6049144.151486122049391, 2121626.584275170229375 ], [ 6049187.791746374219656, 2121748.550631916150451 ], [ 6049243.176660348661244, 2121865.65219380473718 ], [ 6049309.772841049358249, 2121976.761208780109882 ], [ 6049386.938930850476027, 2122080.807636290322989 ], [ 6049473.931778122670949, 2122176.789452360477298 ], [ 6049548.719329239800572, 2122244.572937593329698 ], [ 6049568.039629348553717, 2122298.569559105671942 ], [ 6049623.424543322995305, 2122415.671120994258672 ], [ 6049690.02072402369231, 2122526.780135969631374 ], [ 6049767.186813824810088, 2122630.826563479844481 ], [ 6049854.17966109700501, 2122726.80837954999879 ], [ 6049950.161477167159319, 2122813.801226822659373 ], [ 6050054.207904676906765, 2122890.96731662331149 ], [ 6050165.316919652745128, 2122957.563497323542833 ], [ 6050282.418481540866196, 2123012.948411298915744 ], [ 6050404.384838287718594, 2123056.588671550154686 ], [ 6050530.041387202218175, 2123088.063998516183347 ], [ 6050553.066384530626237, 2123091.479434233158827 ], [ 6050607.671893863007426, 2123111.017597887199372 ], [ 6050733.328442777507007, 2123142.492924853228033 ], [ 6050861.465042603202164, 2123161.50019392836839 ], [ 6050990.847667838446796, 2123167.856354720890522 ], [ 6051120.230293073691428, 2123161.50019392836839 ], [ 6051248.366892899386585, 2123142.492924853228033 ], [ 6051374.023441813886166, 2123111.017597887199372 ], [ 6051495.989798560738564, 2123067.37733763596043 ], [ 6051613.091360448859632, 2123011.992423660587519 ], [ 6051724.200375424697995, 2122945.396242960356176 ], [ 6051828.246802934445441, 2122868.230153159704059 ], [ 6051924.22861900459975, 2122781.237305887043476 ], [ 6052011.221466276794672, 2122685.255489816889167 ], [ 6052088.38755607791245, 2122581.20906230667606 ], [ 6052154.983736778609455, 2122470.100047331303358 ], [ 6052210.368650753051043, 2122352.998485442716628 ], [ 6052254.008911005221307, 2122231.032128696795553 ], [ 6052285.484237970784307, 2122105.375579782295972 ], [ 6052304.491507045924664, 2121977.238979956135154 ], [ 6052310.847667838446796, 2121847.856354720890522 ], [ 6052304.491507045924664, 2121718.47372948564589 ], [ 6052285.484237970784307, 2121590.337129659485072 ], [ 6052254.008911005221307, 2121464.680580744985491 ], [ 6052210.368650753051043, 2121342.714223999064416 ], [ 6052154.983736778609455, 2121225.612662110477686 ], [ 6052088.38755607791245, 2121114.503647135104984 ], [ 6052011.221466276794672, 2121010.457219624891877 ], [ 6051924.22861900459975, 2120914.475403554737568 ], [ 6051848.927641935646534, 2120846.226576163433492 ], [ 6051836.246797787025571, 2120810.785990972071886 ], [ 6051780.861883812583983, 2120693.684429083485156 ], [ 6051724.692878842353821, 2120599.972105813212693 ], [ 6051716.23454229068011, 2120576.332638784777373 ], [ 6051660.849628316238523, 2120459.231076896190643 ] ] ] } },
{ "type": "Feature", "properties": { "parent_sta": "mtc:civic-center-bart", "stop_id": "CIVC_2", "stop_name": "A3 1150 Market Street - UN Plaza Stairs Entrance / Exit", "stop_code": "CIVC_2", "stop_desc": "Pedestrian Access Point", "stop_lat": 37.77976, "stop_lon": -122.41425, "zone_id": "BA:79542", "stop_url": null, "tts_stop_n": null, "platform_c": null, "location_t": "2", "stop_timez": "America/Los_Angeles", "wheelchair": "0", "level_id": "mtc:civic-center-bart-street", "route_info": "{'route_id': None, 'route_type': None}" }, "geometry": { "type": "Polygon", "coordinates": [ [ [ 6009339.21928789280355, 2110764.691625070758164 ], [ 6009243.23747182264924, 2110677.698777798097581 ], [ 6009139.191044312901795, 2110600.532687997445464 ], [ 6009028.082029337063432, 2110533.936507297214121 ], [ 6008910.980467448942363, 2110478.55159332184121 ], [ 6008789.014110702089965, 2110434.911333070602268 ], [ 6008663.357561787590384, 2110403.436006104573607 ], [ 6008535.220961961895227, 2110384.42873702943325 ], [ 6008405.838336726650596, 2110378.072576236911118 ], [ 6008276.455711491405964, 2110384.42873702943325 ], [ 6008148.319111665710807, 2110403.436006104573607 ], [ 6008022.662562751211226, 2110434.911333070602268 ], [ 6007900.696206004358828, 2110478.55159332184121 ], [ 6007783.59464411623776, 2110533.936507297214121 ], [ 6007672.485629140399396, 2110600.532687997445464 ], [ 6007568.439201630651951, 2110677.698777798097581 ], [ 6007472.457385560497642, 2110764.691625070758164 ], [ 6007385.46453828830272, 2110860.673441140912473 ], [ 6007372.233550869859755, 2110878.513362495694309 ], [ 6007334.646167915314436, 2110919.984648819081485 ], [ 6007257.480078114196658, 2111024.031076329294592 ], [ 6007190.883897413499653, 2111135.140091304667294 ], [ 6007135.498983439058065, 2111252.241653193254024 ], [ 6007091.858723186887801, 2111374.208009939175099 ], [ 6007060.383396221324801, 2111499.86455885367468 ], [ 6007041.376127146184444, 2111628.001158679835498 ], [ 6007035.019966353662312, 2111757.38378391508013 ], [ 6007041.376127146184444, 2111886.766409150324762 ], [ 6007060.383396221324801, 2112014.90300897648558 ], [ 6007091.858723186887801, 2112140.559557890985161 ], [ 6007135.498983439058065, 2112262.525914636906236 ], [ 6007190.883897413499653, 2112379.627476525492966 ], [ 6007224.188388159498572, 2112435.192662427667528 ], [ 6007265.703741835430264, 2112551.220303134992719 ], [ 6007321.088655809871852, 2112668.321865023579448 ], [ 6007387.684836510568857, 2112779.43087999895215 ], [ 6007464.850926311686635, 2112883.477307509165257 ], [ 6007551.843773583881557, 2112979.459123579319566 ], [ 6007647.825589654035866, 2113066.45197085198015 ], [ 6007751.872017163783312, 2113143.618060652632266 ], [ 6007862.981032139621675, 2113210.21424135286361 ], [ 6007980.082594027742743, 2113265.59915532823652 ], [ 6008070.972215140238404, 2113298.119981769938022 ], [ 6008146.409468277357519, 2113354.068061768542975 ], [ 6008257.518483253195882, 2113420.664242468774319 ], [ 6008374.62004514131695, 2113476.049156444147229 ], [ 6008496.586401888169348, 2113519.689416695386171 ], [ 6008622.242950802668929, 2113551.164743661414832 ], [ 6008750.379550628364086, 2113570.172012736555189 ], [ 6008879.762175863608718, 2113576.528173529077321 ], [ 6009009.14480109885335, 2113570.172012736555189 ], [ 6009137.281400924548507, 2113551.164743661414832 ], [ 6009262.937949839048088, 2113519.689416695386171 ], [ 6009384.904306585900486, 2113476.049156444147229 ], [ 6009502.005868474021554, 2113420.664242468774319 ], [ 6009613.114883449859917, 2113354.068061768542975 ], [ 6009615.846681906841695, 2113352.042021950241178 ], [ 6009681.641902895644307, 2113312.605884143617004 ], [ 6009785.688330405391753, 2113235.439794342964888 ], [ 6009881.670146475546062, 2113148.446947070304304 ], [ 6009968.662993747740984, 2113052.465131000149995 ], [ 6010045.829083548858762, 2112948.418703489936888 ], [ 6010112.425264249555767, 2112837.309688514564186 ], [ 6010167.810178223997355, 2112720.208126625977457 ], [ 6010211.450438476167619, 2112598.241769880056381 ], [ 6010242.925765441730618, 2112472.5852209655568 ], [ 6010261.933034516870975, 2112344.448621139395982 ], [ 6010268.289195309393108, 2112215.06599590415135 ], [ 6010261.933034516870975, 2112085.683370668906718 ], [ 6010242.925765441730618, 2111957.5467708427459 ], [ 6010211.450438476167619, 2111831.890221928246319 ], [ 6010167.810178223997355, 2111709.923865182325244 ], [ 6010112.425264249555767, 2111592.822303293738514 ], [ 6010045.829083548858762, 2111481.713288318365812 ], [ 6009968.662993747740984, 2111377.666860808152705 ], [ 6009881.670146475546062, 2111281.685044737998396 ], [ 6009785.688330405391753, 2111194.692197465337813 ], [ 6009724.1651870906353, 2111149.063524617813528 ], [ 6009703.256121910177171, 2111120.870913844555616 ], [ 6009616.263274637982249, 2111024.889097774401307 ], [ 6009520.28145856782794, 2110937.896250501740724 ], [ 6009438.502106795087457, 2110877.24454958550632 ], [ 6009426.212135164998472, 2110860.673441140912473 ], [ 6009339.21928789280355, 2110764.691625070758164 ] ] ] } },
{ "type": "Feature", "properties": { "parent_sta": "mtc:daly-city-bart", "stop_id": "DALY_1", "stop_name": "TBD Pedestrian Access Point", "stop_code": "DALY_1", "stop_desc": "Pedestrian Access Point", "stop_lat": 37.70613, "stop_lon": -122.46902, "zone_id": "BA:79542", "stop_url": null, "tts_stop_n": null, "platform_c": null, "location_t": "2", "stop_timez": "America/Los_Angeles", "wheelchair": "0", "level_id": "mtc:daly-city-bart-ground", "route_info": "{'route_id': None, 'route_type': None}" }, "geometry": { "type": "Polygon", "coordinates": [ [ [ 5993104.540052556432784, 2084662.093523061601445 ], [ 5993017.547205284237862, 2084566.111706991447136 ], [ 5992921.565389214083552, 2084479.118859718786553 ], [ 5992817.518961704336107, 2084401.952769918134436 ], [ 5992706.409946728497744, 2084335.356589217670262 ], [ 5992589.308384840376675, 2084279.971675242763013 ], [ 5992467.342028093524277, 2084236.331414991058409 ], [ 5992341.685479179024696, 2084204.856088025262579 ], [ 5992213.548879353329539, 2084185.848818950355053 ], [ 5992084.166254118084908, 2084179.49265815760009 ], [ 5991954.783628882840276, 2084185.848818950355053 ], [ 5991826.647029057145119, 2084204.856088025262579 ], [ 5991700.990480142645538, 2084236.331414991058409 ], [ 5991579.02412339579314, 2084279.971675242763013 ], [ 5991461.922561507672071, 2084335.356589217670262 ], [ 5991350.813546531833708, 2084401.952769918134436 ], [ 5991326.825859436765313, 2084419.743251156294718 ], [ 5991283.53400968387723, 2084445.691387314349413 ], [ 5991179.487582174129784, 2084522.857477115001529 ], [ 5991083.505766103975475, 2084609.850324387662113 ], [ 5990996.512918831780553, 2084705.832140457816422 ], [ 5990919.346829030662775, 2084809.878567968029529 ], [ 5990852.75064832996577, 2084920.987582943402231 ], [ 5990797.365734355524182, 2085038.089144831988961 ], [ 5990753.725474103353918, 2085160.055501577910036 ], [ 5990722.250147137790918, 2085285.712050492409617 ], [ 5990703.242878062650561, 2085413.848650318803266 ], [ 5990696.886717270128429, 2085543.231275553815067 ], [ 5990703.242878062650561, 2085672.613900788826868 ], [ 5990722.250147137790918, 2085800.750500615220517 ], [ 5990753.725474103353918, 2085926.407049529720098 ], [ 5990797.365734355524182, 2086048.373406275641173 ], [ 5990852.75064832996577, 2086165.474968164227903 ], [ 5990919.346829030662775, 2086276.583983139600605 ], [ 5990996.512918831780553, 2086380.630410649813712 ], [ 5991014.100091536529362, 2086400.034865483641624 ], [ 5991033.770670951344073, 2086426.557571511948481 ], [ 5991038.388167225755751, 2086431.652193564455956 ], [ 5991055.559199410490692, 2086460.300330020254478 ], [ 5991132.725289211608469, 2086564.346757530467585 ], [ 5991219.718136483803391, 2086660.328573600621894 ], [ 5991315.699952553957701, 2086747.321420873282477 ], [ 5991419.746380063705146, 2086824.487510673934594 ], [ 5991530.855395039543509, 2086891.083691374398768 ], [ 5991647.956956927664578, 2086946.468605349306017 ], [ 5991769.923313674516976, 2086990.108865601010621 ], [ 5991895.579862589016557, 2087021.58419256680645 ], [ 5992023.716462414711714, 2087040.591461641713977 ], [ 5992153.099087649956346, 2087046.94762243446894 ], [ 5992282.481712885200977, 2087040.591461641713977 ], [ 5992410.618312710896134, 2087021.58419256680645 ], [ 5992536.274861625395715, 2086990.108865601010621 ], [ 5992658.241218372248113, 2086946.468605349306017 ], [ 5992775.342780260369182, 2086891.083691374398768 ], [ 5992886.451795236207545, 2086824.487510673934594 ], [ 5992917.066319977864623, 2086801.782231675460935 ], [ 5992944.793036431074142, 2086785.16347738658078 ], [ 5993048.839463940821588, 2086707.997387585928664 ], [ 5993144.821280010975897, 2086621.00454031326808 ], [ 5993231.814127283170819, 2086525.022724243113771 ], [ 5993308.980217084288597, 2086420.976296732900664 ], [ 5993375.576397784985602, 2086309.867281757527962 ], [ 5993430.96131175942719, 2086192.765719868941233 ], [ 5993474.601572011597455, 2086070.799363123020157 ], [ 5993506.076898977160454, 2085945.142814208520576 ], [ 5993525.084168052300811, 2085817.006214382126927 ], [ 5993531.440328844822943, 2085687.623589147115126 ], [ 5993525.084168052300811, 2085558.240963912103325 ], [ 5993506.076898977160454, 2085430.104364085709676 ], [ 5993474.601572011597455, 2085304.447815171210095 ], [ 5993430.96131175942719, 2085182.48145842528902 ], [ 5993375.576397784985602, 2085065.37989653670229 ], [ 5993308.980217084288597, 2084954.270881561329588 ], [ 5993269.801525932736695, 2084901.444531809538603 ], [ 5993235.932453945279121, 2084844.93739901157096 ], [ 5993199.458485157229006, 2084795.757945195538923 ], [ 5993181.706142357550561, 2084766.139950571814552 ], [ 5993104.540052556432784, 2084662.093523061601445 ] ] ] } },
{ "type": "Feature", "properties": { "parent_sta": "mtc:dublin-pleasanton-bart", "stop_id": "DUBL_1", "stop_name": "Main Entrance / Exit", "stop_code": "DUBL_1", "stop_desc": "Pedestrian Access Point", "stop_lat": 37.70165, "stop_lon": -121.89819, "zone_id": "BA:79542", "stop_url": null, "tts_stop_n": null, "platform_c": null, "location_t": "2", "stop_timez": "America/Los_Angeles", "wheelchair": "0", "level_id": "mtc:dublin/-pleasanton-bart-street", "route_info": "{'route_id': None, 'route_type': None}" }, "geometry": { "type": "Polygon", "coordinates": [ [ [ 6158499.598949257284403, 2080968.607527544954792 ], [ 6158493.24278846476227, 2080839.224902309942991 ], [ 6158474.235519389621913, 2080711.088302483549342 ], [ 6158442.760192424058914, 2080585.431753569049761 ], [ 6158399.119932171888649, 2080463.465396823128685 ], [ 6158343.735018197447062, 2080346.363834934541956 ], [ 6158277.138837496750057, 2080235.254819959169254 ], [ 6158199.972747695632279, 2080131.208392448956147 ], [ 6158112.979900423437357, 2080035.226576378801838 ], [ 6158016.998084353283048, 2079948.233729106141254 ], [ 6157912.951656843535602, 2079871.067639305489138 ], [ 6157801.842641867697239, 2079804.471458605024964 ], [ 6157684.74107997957617, 2079749.086544630117714 ], [ 6157562.774723232723773, 2079705.446284378413111 ], [ 6157437.118174318224192, 2079673.970957412617281 ], [ 6157308.981574492529035, 2079654.963688337709755 ], [ 6157179.598949257284403, 2079648.607527544954792 ], [ 6157050.216324022039771, 2079654.963688337709755 ], [ 6156922.079724196344614, 2079673.970957412617281 ], [ 6156796.423175281845033, 2079705.446284378413111 ], [ 6156674.456818534992635, 2079749.086544630117714 ], [ 6156557.355256646871567, 2079804.471458605024964 ], [ 6156446.246241671033204, 2079871.067639305489138 ], [ 6156342.199814161285758, 2079948.233729106141254 ], [ 6156246.217998091131449, 2080035.226576378801838 ], [ 6156159.225150818936527, 2080131.208392448956147 ], [ 6156082.059061017818749, 2080235.254819959169254 ], [ 6156015.462880317121744, 2080346.363834934541956 ], [ 6155960.077966342680156, 2080463.465396823128685 ], [ 6155916.437706090509892, 2080585.431753569049761 ], [ 6155884.962379124946892, 2080711.088302483549342 ], [ 6155865.955110049806535, 2080839.224902309942991 ], [ 6155859.598949257284403, 2080968.607527544954792 ], [ 6155865.955110049806535, 2081097.990152779966593 ], [ 6155884.962379124946892, 2081226.126752606360242 ], [ 6155916.437706090509892, 2081351.783301520859823 ], [ 6155960.077966342680156, 2081473.749658266780898 ], [ 6156015.462880317121744, 2081590.851220155367628 ], [ 6156082.059061017818749, 2081701.96023513074033 ], [ 6156159.225150818936527, 2081806.006662640953436 ], [ 6156246.217998091131449, 2081901.988478711107746 ], [ 6156342.199814161285758, 2081988.981325983768329 ], [ 6156446.246241671033204, 2082066.147415784420446 ], [ 6156557.355256646871567, 2082132.74359648488462 ], [ 6156674.456818534992635, 2082188.128510459791869 ], [ 6156796.423175281845033, 2082231.768770711496472 ], [ 6156922.079724196344614, 2082263.244097677292302 ], [ 6157050.216324022039771, 2082282.251366752199829 ], [ 6157179.598949257284403, 2082288.607527544954792 ], [ 6157308.981574492529035, 2082282.251366752199829 ], [ 6157437.118174318224192, 2082263.244097677292302 ], [ 6157562.774723232723773, 2082231.768770711496472 ], [ 6157684.74107997957617, 2082188.128510459791869 ], [ 6157801.842641867697239, 2082132.74359648488462 ], [ 6157912.951656843535602, 2082066.147415784420446 ], [ 6158016.998084353283048, 2081988.981325983768329 ], [ 6158112.979900423437357, 2081901.988478711107746 ], [ 6158199.972747695632279, 2081806.006662640953436 ], [ 6158277.138837496750057, 2081701.96023513074033 ], [ 6158343.735018197447062, 2081590.851220155367628 ], [ 6158399.119932171888649, 2081473.749658266780898 ], [ 6158442.760192424058914, 2081351.783301520859823 ], [ 6158474.235519389621913, 2081226.126752606360242 ], [ 6158493.24278846476227, 2081097.990152779966593 ], [ 6158499.598949257284403, 2080968.607527544954792 ] ] ] } },
{ "type": "Feature", "properties": { "parent_sta": "mtc:embarcadero-bart", "stop_id": "EMBR_2", "stop_name": "A1 Market & Drumm Street (NE) Entrance / Exit", "stop_code": "EMBR_2", "stop_desc": "Pedestrian Access Point", "stop_lat": 37.79368, "stop_lon": -122.39603, "zone_id": "BA:79542", "stop_url": null, "tts_stop_n": null, "platform_c": null, "location_t": "2", "stop_timez": "America/Los_Angeles", "wheelchair": "1", "level_id": "mtc:embarcadero-bart-street", "route_info": "{'route_id': None, 'route_type': None}" }, "geometry": { "type": "Polygon", "coordinates": [ [ [ 6014282.681878002360463, 2115489.60673857294023 ], [ 6014186.700061932206154, 2115402.613891300279647 ], [ 6014082.653634422458708, 2115325.447801499627531 ], [ 6013971.544619446620345, 2115258.851620799396187 ], [ 6013854.443057558499277, 2115203.466706824023277 ], [ 6013732.476700811646879, 2115159.826446572784334 ], [ 6013606.820151897147298, 2115128.351119606755674 ], [ 6013478.683552071452141, 2115109.343850531615317 ], [ 6013349.300926836207509, 2115102.987689739093184 ], [ 6013219.918301600962877, 2115109.343850531615317 ], [ 6013091.78170177526772, 2115128.351119606755674 ], [ 6012966.125152860768139, 2115159.826446572784334 ], [ 6012844.158796113915741, 2115203.466706824023277 ], [ 6012727.057234225794673, 2115258.851620799396187 ], [ 6012615.94821924995631, 2115325.447801499627531 ], [ 6012511.901791740208864, 2115402.613891300279647 ], [ 6012415.919975670054555, 2115489.60673857294023 ], [ 6012328.927128397859633, 2115585.58855464309454 ], [ 6012290.198183651082218, 2115637.80849156761542 ], [ 6012283.885639228858054, 2115644.773311052005738 ], [ 6012206.719549427740276, 2115748.819738562218845 ], [ 6012140.123368727043271, 2115859.928753537591547 ], [ 6012084.738454752601683, 2115977.030315426178277 ], [ 6012041.098194500431418, 2116098.996672172099352 ], [ 6012009.622867534868419, 2116224.653221086598933 ], [ 6011990.615598459728062, 2116352.789820912759751 ], [ 6011984.25943766720593, 2116482.172446148004383 ], [ 6011990.615598459728062, 2116611.555071383249015 ], [ 6012009.622867534868419, 2116739.691671209409833 ], [ 6012041.098194500431418, 2116865.348220123909414 ], [ 6012084.738454752601683, 2116987.314576869830489 ], [ 6012140.123368727043271, 2117104.416138758417219 ], [ 6012206.719549427740276, 2117215.525153733789921 ], [ 6012283.885639228858054, 2117319.571581244003028 ], [ 6012370.878486501052976, 2117415.553397314157337 ], [ 6012466.860302571207285, 2117502.54624458681792 ], [ 6012532.58865422103554, 2117551.29371249396354 ], [ 6012543.205823544412851, 2117565.609308129176497 ], [ 6012630.198670816607773, 2117661.591124199330807 ], [ 6012726.180486886762083, 2117748.58397147199139 ], [ 6012804.533926420845091, 2117806.694842705037445 ], [ 6012832.07393086515367, 2117843.828240074682981 ], [ 6012919.066778137348592, 2117939.81005614483729 ], [ 6013015.048594207502902, 2118026.802903417497873 ], [ 6013119.095021717250347, 2118103.96899321814999 ], [ 6013230.20403669308871, 2118170.565173918381333 ], [ 6013347.305598581209779, 2118225.950087893754244 ], [ 6013469.271955328062177, 2118269.590348144993186 ], [ 6013594.928504242561758, 2118301.065675111021847 ], [ 6013723.065104068256915, 2118320.072944186162204 ], [ 6013852.447729303501546, 2118326.429104978684336 ], [ 6013981.830354538746178, 2118320.072944186162204 ], [ 6014109.966954364441335, 2118301.065675111021847 ], [ 6014235.623503278940916, 2118269.590348144993186 ], [ 6014357.589860025793314, 2118225.950087893754244 ], [ 6014474.691421913914382, 2118170.565173918381333 ], [ 6014585.800436889752746, 2118103.96899321814999 ], [ 6014689.846864399500191, 2118026.802903417497873 ], [ 6014741.097179325297475, 2117980.352325573097914 ], [ 6014743.777171815745533, 2117978.364707678556442 ], [ 6014839.758987885899842, 2117891.371860405895859 ], [ 6014926.751835158094764, 2117795.39004433574155 ], [ 6015003.917924959212542, 2117691.343616825528443 ], [ 6015070.514105659909546, 2117580.234601850155741 ], [ 6015125.899019634351134, 2117463.133039961569011 ], [ 6015169.539279886521399, 2117341.166683215647936 ], [ 6015201.014606852084398, 2117215.510134301148355 ], [ 6015220.021875927224755, 2117087.373534474987537 ], [ 6015226.378036719746888, 2116957.990909239742905 ], [ 6015220.021875927224755, 2116828.608284004498273 ], [ 6015201.014606852084398, 2116700.471684178337455 ], [ 6015169.539279886521399, 2116574.815135263837874 ], [ 6015125.899019634351134, 2116452.848778517916799 ], [ 6015070.514105659909546, 2116335.747216629330069 ], [ 6015003.917924959212542, 2116224.638201653957367 ], [ 6014926.751835158094764, 2116120.59177414374426 ], [ 6014839.758987885899842, 2116024.609958073589951 ], [ 6014743.777171815745533, 2115937.617110800929368 ], [ 6014673.982794845476747, 2115885.85407299362123 ], [ 6014649.660531394183636, 2115853.059297107625753 ], [ 6014562.667684121988714, 2115757.077481037471443 ], [ 6014466.685868051834404, 2115670.08463376481086 ], [ 6014390.356856915168464, 2115613.475180958863348 ], [ 6014369.674725274555385, 2115585.58855464309454 ], [ 6014282.681878002360463, 2115489.60673857294023 ] ] ] } },
{ "type": "Feature", "properties": { "parent_sta": "mtc:great-mall-milpitas-bart", "stop_id": "MLPT_1", "stop_name": "West Station Entrance / Exit", "stop_code": "MLPT_1", "stop_desc": "Pedestrian Access Point", "stop_lat": 37.40996, "stop_lon": -121.89122, "zone_id": "BA:79542", "stop_url": null, "tts_stop_n": null, "platform_c": null, "location_t": "2", "stop_timez": "America/Los_Angeles", "wheelchair": "0", "level_id": "mtc:great-mall/milpitas-bart-street", "route_info": "{'route_id': None, 'route_type': None}" }, "geometry": { "type": "Polygon", "coordinates": [ [ [ 6158572.183309959247708, 1973537.261618617689237 ], [ 6158485.190462687052786, 1973441.279802547534928 ], [ 6158389.208646616898477, 1973354.286955274874344 ], [ 6158285.162219107151031, 1973277.120865474222228 ], [ 6158174.053204131312668, 1973210.524684773758054 ], [ 6158056.9516422431916, 1973155.139770798850805 ], [ 6157934.985285496339202, 1973111.499510547146201 ], [ 6157809.328736581839621, 1973080.024183581350371 ], [ 6157681.192136756144464, 1973061.016914506442845 ], [ 6157551.809511520899832, 1973054.660753713687882 ], [ 6157422.4268862856552, 1973061.016914506442845 ], [ 6157294.290286459960043, 1973080.024183581350371 ], [ 6157168.633737545460463, 1973111.499510547146201 ], [ 6157046.667380798608065, 1973155.139770798850805 ], [ 6156929.565818910486996, 1973210.524684773758054 ], [ 6156818.456803934648633, 1973277.120865474222228 ], [ 6156714.410376424901187, 1973354.286955274874344 ], [ 6156618.428560354746878, 1973441.279802547534928 ], [ 6156531.435713082551956, 1973537.261618617689237 ], [ 6156454.269623281434178, 1973641.308046127902344 ], [ 6156387.673442580737174, 1973752.417061103275046 ], [ 6156332.288528606295586, 1973869.518622991861776 ], [ 6156288.648268354125321, 1973991.484979737782851 ], [ 6156257.172941388562322, 1974117.141528652282432 ], [ 6156238.165672313421965, 1974245.278128478676081 ], [ 6156231.809511520899832, 1974374.660753713687882 ], [ 6156238.165672313421965, 1974504.043378948699683 ], [ 6156257.172941388562322, 1974632.179978775093332 ], [ 6156286.04208985157311, 1974747.432079888181761 ], [ 6156292.042119472287595, 1974869.565488578751683 ], [ 6156311.049388547427952, 1974997.702088405145332 ], [ 6156342.524715512990952, 1975123.358637319644913 ], [ 6156348.297080395743251, 1975139.491316420724615 ], [ 6156350.975254038348794, 1975194.006793302483857 ], [ 6156369.982523113489151, 1975322.143393128877506 ], [ 6156401.45785007905215, 1975447.799942043377087 ], [ 6156445.098110331222415, 1975569.766298789298162 ], [ 6156500.483024305664003, 1975686.867860677884892 ], [ 6156567.079205006361008, 1975797.976875653257594 ], [ 6156644.245294807478786, 1975902.0233031634707 ], [ 6156731.238142079673707, 1975998.00511923362501 ], [ 6156827.219958149828017, 1976084.997966506285593 ], [ 6156931.266385659575462, 1976162.164056306937709 ], [ 6157042.375400635413826, 1976228.760237007401884 ], [ 6157159.476962523534894, 1976284.145150982309133 ], [ 6157281.443319270387292, 1976327.785411234013736 ], [ 6157407.099868184886873, 1976359.260738199809566 ], [ 6157535.23646801058203, 1976378.268007274717093 ], [ 6157664.619093245826662, 1976384.624168067472056 ], [ 6157794.001718481071293, 1976378.268007274717093 ], [ 6157922.13831830676645, 1976359.260738199809566 ], [ 6158047.794867221266031, 1976327.785411234013736 ], [ 6158169.761223968118429, 1976284.145150982309133 ], [ 6158286.862785856239498, 1976228.760237007401884 ], [ 6158397.971800832077861, 1976162.164056306937709 ], [ 6158502.018228341825306, 1976084.997966506285593 ], [ 6158598.000044411979616, 1975998.00511923362501 ], [ 6158684.992891684174538, 1975902.0233031634707 ], [ 6158762.158981485292315, 1975797.976875653257594 ], [ 6158828.75516218598932, 1975686.867860677884892 ], [ 6158884.140076160430908, 1975569.766298789298162 ], [ 6158927.780336412601173, 1975447.799942043377087 ], [ 6158930.128243017010391, 1975438.42657345556654 ], [ 6158936.074469084851444, 1975428.50589460763149 ], [ 6158991.459383059293032, 1975311.40433271904476 ], [ 6159035.099643311463296, 1975189.437975973123685 ], [ 6159040.92808416672051, 1975166.169535770080984 ], [ 6159074.413166385143995, 1975072.585000298218802 ], [ 6159105.888493350706995, 1974946.928451383719221 ], [ 6159124.895762425847352, 1974818.791851557325572 ], [ 6159131.251923218369484, 1974689.409226322313771 ], [ 6159124.895762425847352, 1974560.02660108730197 ], [ 6159105.888493350706995, 1974431.890001260908321 ], [ 6159074.413166385143995, 1974306.23345234640874 ], [ 6159030.772906132973731, 1974184.267095600487664 ], [ 6158975.387992158532143, 1974067.165533711900935 ], [ 6158908.791811457835138, 1973956.056518736528233 ], [ 6158831.62572165671736, 1973852.010091226315126 ], [ 6158744.632874384522438, 1973756.028275156160817 ], [ 6158686.56512806750834, 1973703.398737670155242 ], [ 6158649.349399760365486, 1973641.308046127902344 ], [ 6158572.183309959247708, 1973537.261618617689237 ] ] ] } },
{ "type": "Feature", "properties": { "parent_sta": "mtc:macarthur-bart", "stop_id": "MCAR_1", "stop_name": "Main Entrance / Exit", "stop_code": "MCAR_1", "stop_desc": "Pedestrian Access Point", "stop_lat": 37.82907, "stop_lon": -122.26686, "zone_id": "BA:79542", "stop_url": null, "tts_stop_n": null, "platform_c": null, "location_t": "2", "stop_timez": "America/Los_Angeles", "wheelchair": "0", "level_id": "mtc:macarthur-bart-street", "route_info": "{'route_id': None, 'route_type': None}" }, "geometry": { "type": "Polygon", "coordinates": [ [ [ 6052732.078970406204462, 2129160.101020466070622 ], [ 6052725.72280961368233, 2129030.71839523082599 ], [ 6052706.715540538541973, 2128902.581795404665172 ], [ 6052675.240213572978973, 2128776.925246490165591 ], [ 6052631.599953320808709, 2128654.958889744244516 ], [ 6052576.215039346367121, 2128537.857327855657786 ], [ 6052509.618858645670116, 2128426.748312880285084 ], [ 6052432.452768844552338, 2128322.701885370071977 ], [ 6052345.459921572357416, 2128226.720069299917668 ], [ 6052249.478105502203107, 2128139.727222027257085 ], [ 6052145.431677992455661, 2128062.561132226604968 ], [ 6052034.322663016617298, 2127995.964951526373625 ], [ 6051917.22110112849623, 2127940.580037551000714 ], [ 6051795.254744381643832, 2127896.939777299761772 ], [ 6051669.598195467144251, 2127865.464450333733112 ], [ 6051541.461595641449094, 2127846.457181258592755 ], [ 6051412.078970406204462, 2127840.101020466070622 ], [ 6051282.69634517095983, 2127846.457181258592755 ], [ 6051154.559745345264673, 2127865.464450333733112 ], [ 6051028.903196430765092, 2127896.939777299761772 ], [ 6050906.936839683912694, 2127940.580037551000714 ], [ 6050789.835277795791626, 2127995.964951526373625 ], [ 6050678.726262819953263, 2128062.561132226604968 ], [ 6050574.679835310205817, 2128139.727222027257085 ], [ 6050478.698019240051508, 2128226.720069299917668 ], [ 6050391.705171967856586, 2128322.701885370071977 ], [ 6050314.539082166738808, 2128426.748312880285084 ], [ 6050247.942901466041803, 2128537.857327855657786 ], [ 6050192.557987491600215, 2128654.958889744244516 ], [ 6050148.917727239429951, 2128776.925246490165591 ], [ 6050117.442400273866951, 2128902.581795404665172 ], [ 6050098.435131198726594, 2129030.71839523082599 ], [ 6050092.078970406204462, 2129160.101020466070622 ], [ 6050098.435131198726594, 2129289.483645701315254 ], [ 6050117.442400273866951, 2129417.620245527476072 ], [ 6050148.917727239429951, 2129543.276794441975653 ], [ 6050192.557987491600215, 2129665.243151187896729 ], [ 6050247.942901466041803, 2129782.344713076483458 ], [ 6050314.539082166738808, 2129893.45372805185616 ], [ 6050391.705171967856586, 2129997.500155562069267 ], [ 6050478.698019240051508, 2130093.481971632223576 ], [ 6050574.679835310205817, 2130180.47481890488416 ], [ 6050678.726262819953263, 2130257.640908705536276 ], [ 6050789.835277795791626, 2130324.23708940576762 ], [ 6050906.936839683912694, 2130379.62200338114053 ], [ 6051028.903196430765092, 2130423.262263632379472 ], [ 6051154.559745345264673, 2130454.737590598408133 ], [ 6051282.69634517095983, 2130473.74485967354849 ], [ 6051412.078970406204462, 2130480.101020466070622 ], [ 6051541.461595641449094, 2130473.74485967354849 ], [ 6051669.598195467144251, 2130454.737590598408133 ], [ 6051795.254744381643832, 2130423.262263632379472 ], [ 6051917.22110112849623, 2130379.62200338114053 ], [ 6052034.322663016617298, 2130324.23708940576762 ], [ 6052145.431677992455661, 2130257.640908705536276 ], [ 6052249.478105502203107, 2130180.47481890488416 ], [ 6052345.459921572357416, 2130093.481971632223576 ], [ 6052432.452768844552338, 2129997.500155562069267 ], [ 6052509.618858645670116, 2129893.45372805185616 ], [ 6052576.215039346367121, 2129782.344713076483458 ], [ 6052631.599953320808709, 2129665.243151187896729 ], [ 6052675.240213572978973, 2129543.276794441975653 ], [ 6052706.715540538541973, 2129417.620245527476072 ], [ 6052725.72280961368233, 2129289.483645701315254 ], [ 6052732.078970406204462, 2129160.101020466070622 ] ] ] } },
{ "type": "Feature", "properties": { "parent_sta": "mtc:millbrae-bart", "stop_id": "MLBR_1", "stop_name": "Main Entrance / Exit", "stop_code": "MLBR_1", "stop_desc": "Pedestrian Access Point", "stop_lat": 37.60046, "stop_lon": -122.38645, "zone_id": "BA:79542", "stop_url": null, "tts_stop_n": null, "platform_c": null, "location_t": "2", "stop_timez": "America/Los_Angeles", "wheelchair": "0", "level_id": "mtc:millbrae-bart-east-plaza", "route_info": "{'route_id': None, 'route_type': None}" }, "geometry": { "type": "Polygon", "coordinates": [ [ [ 6016305.802405989728868, 2045859.45918934722431 ], [ 6016250.41749201528728, 2045742.35762745863758 ], [ 6016183.821311314590275, 2045631.248612483264878 ], [ 6016106.655221513472497, 2045527.202184973051772 ], [ 6016019.662374241277575, 2045431.220368902897462 ], [ 6015923.680558171123266, 2045344.227521630236879 ], [ 6015819.634130661375821, 2045267.061431829584762 ], [ 6015708.525115685537457, 2045200.465251129120588 ], [ 6015591.423553797416389, 2045145.080337154213339 ], [ 6015469.457197050563991, 2045101.440076902508736 ], [ 6015343.80064813606441, 2045069.964749936712906 ], [ 6015215.664048310369253, 2045050.957480861805379 ], [ 6015086.281423075124621, 2045044.601320069050416 ], [ 6014956.89879783987999, 2045050.957480861805379 ], [ 6014828.762198014184833, 2045069.964749936712906 ], [ 6014703.105649099685252, 2045101.440076902508736 ], [ 6014581.139292352832854, 2045145.080337154213339 ], [ 6014464.037730464711785, 2045200.465251129120588 ], [ 6014352.928715488873422, 2045267.061431829584762 ], [ 6014248.882287979125977, 2045344.227521630236879 ], [ 6014152.900471908971667, 2045431.220368902897462 ], [ 6014065.907624636776745, 2045527.202184973051772 ], [ 6014004.546607887372375, 2045609.937938431743532 ], [ 6014003.196858749724925, 2045611.161279741674662 ], [ 6013916.204011477530003, 2045707.143095811828971 ], [ 6013839.037921676412225, 2045811.189523322042078 ], [ 6013772.44174097571522, 2045922.29853829741478 ], [ 6013717.056827001273632, 2046039.400100186001509 ], [ 6013673.416566749103367, 2046161.366456931922585 ], [ 6013641.941239783540368, 2046287.023005846422166 ], [ 6013622.933970708400011, 2046415.159605672815815 ], [ 6013616.577809915877879, 2046544.542230907827616 ], [ 6013622.933970708400011, 2046673.924856142839417 ], [ 6013641.941239783540368, 2046802.061455969233066 ], [ 6013673.416566749103367, 2046927.718004883732647 ], [ 6013717.056827001273632, 2047049.684361629653722 ], [ 6013772.44174097571522, 2047166.785923518240452 ], [ 6013839.037921676412225, 2047277.894938493613154 ], [ 6013916.204011477530003, 2047381.941366003826261 ], [ 6014003.196858749724925, 2047477.92318207398057 ], [ 6014099.178674819879234, 2047564.916029346641153 ], [ 6014203.225102329626679, 2047642.08211914729327 ], [ 6014314.334117305465043, 2047708.678299847757444 ], [ 6014431.435679193586111, 2047764.063213822664693 ], [ 6014553.402035940438509, 2047807.703474074369296 ], [ 6014679.05858485493809, 2047839.178801040165126 ], [ 6014754.67647491209209, 2047850.395655437372625 ], [ 6014818.754793173633516, 2047873.323244323488325 ], [ 6014944.411342088133097, 2047904.798571289284155 ], [ 6015072.547941913828254, 2047923.805840364191681 ], [ 6015201.930567149072886, 2047930.162001156946644 ], [ 6015331.313192384317517, 2047923.805840364191681 ], [ 6015459.449792210012674, 2047904.798571289284155 ], [ 6015585.106341124512255, 2047873.323244323488325 ], [ 6015707.072697871364653, 2047829.682984071783721 ], [ 6015824.174259759485722, 2047774.298070096876472 ], [ 6015935.283274735324085, 2047707.701889396412298 ], [ 6016039.32970224507153, 2047630.535799595760182 ], [ 6016135.31151831522584, 2047543.542952323099598 ], [ 6016222.304365587420762, 2047447.561136252945289 ], [ 6016299.470455388538539, 2047343.514708742732182 ], [ 6016366.066636089235544, 2047232.40569376735948 ], [ 6016421.451550063677132, 2047115.30413187877275 ], [ 6016465.091810315847397, 2046993.337775132851675 ], [ 6016496.567137281410396, 2046867.681226218352094 ], [ 6016515.574406356550753, 2046739.544626391958445 ], [ 6016521.930567149072886, 2046610.162001156946644 ], [ 6016515.574406356550753, 2046480.779375921934843 ], [ 6016496.567137281410396, 2046352.642776095541194 ], [ 6016465.091810315847397, 2046226.986227181041613 ], [ 6016421.451550063677132, 2046105.019870435120538 ], [ 6016366.066636089235544, 2045987.918308546533808 ], [ 6016330.584001664072275, 2045928.719109460245818 ], [ 6016305.802405989728868, 2045859.45918934722431 ] ] ] } },
{ "type": "Feature", "properties": { "parent_sta": "mtc:montgomery-bart", "stop_id": "MONT_4", "stop_name": "B2 Market & 2nd Street (South) Entrance / Exit", "stop_code": "MONT_4", "stop_desc": "Pedestrian Access Point", "stop_lat": 37.78941, "stop_lon": -122.40105, "zone_id": "BA:79542", "stop_url": null, "tts_stop_n": null, "platform_c": null, "location_t": "2", "stop_timez": "America/Los_Angeles", "wheelchair": "1", "level_id": "mtc:montgomery-bart-street", "route_info": "{'route_id': None, 'route_type': None}" }, "geometry": { "type": "Polygon", "coordinates": [ [ [ 6013046.335854795761406, 2114323.200072949752212 ], [ 6012959.343007523566484, 2114227.218256879597902 ], [ 6012863.361191453412175, 2114140.225409606937319 ], [ 6012759.31476394366473, 2114063.059319806285203 ], [ 6012648.205748967826366, 2113996.463139106053859 ], [ 6012531.104187079705298, 2113941.078225130680948 ], [ 6012409.1378303328529, 2113897.437964879442006 ], [ 6012283.481281418353319, 2113865.962637913413346 ], [ 6012155.344681592658162, 2113846.955368838272989 ], [ 6012025.96205635741353, 2113840.599208045750856 ], [ 6011896.579431122168899, 2113846.955368838272989 ], [ 6011768.442831296473742, 2113865.962637913413346 ], [ 6011642.786282381974161, 2113897.437964879442006 ], [ 6011520.819925635121763, 2113941.078225130680948 ], [ 6011403.718363747000694, 2113996.463139106053859 ], [ 6011292.609348771162331, 2114063.059319806285203 ], [ 6011188.562921261414886, 2114140.225409606937319 ], [ 6011092.581105191260576, 2114227.218256879597902 ], [ 6011005.588257919065654, 2114323.200072949752212 ], [ 6010928.422168117947876, 2114427.246500459965318 ], [ 6010861.825987417250872, 2114538.35551543533802 ], [ 6010806.441073442809284, 2114655.45707732392475 ], [ 6010762.800813190639019, 2114777.423434069845825 ], [ 6010731.32548622507602, 2114903.079982984345406 ], [ 6010712.318217149935663, 2115031.216582810506225 ], [ 6010705.96205635741353, 2115160.599208045750856 ], [ 6010712.318217149935663, 2115289.981833280995488 ], [ 6010718.863062680698931, 2115334.10359792644158 ], [ 6010724.019487737677991, 2115439.065041239373386 ], [ 6010743.026756812818348, 2115567.201641065534204 ], [ 6010774.502083778381348, 2115692.858189980033785 ], [ 6010818.142344030551612, 2115814.82454672595486 ], [ 6010873.5272580049932, 2115931.92610861454159 ], [ 6010940.123438705690205, 2116043.035123589914292 ], [ 6011017.289528506807983, 2116147.081551100127399 ], [ 6011104.282375779002905, 2116243.063367170281708 ], [ 6011200.264191849157214, 2116330.056214442942291 ], [ 6011255.367392001673579, 2116370.923532937653363 ], [ 6011260.37262202706188, 2116384.912213741801679 ], [ 6011315.757536001503468, 2116502.013775630388409 ], [ 6011382.353716702200472, 2116613.122790605761111 ], [ 6011459.51980650331825, 2116717.169218115974218 ], [ 6011546.512653775513172, 2116813.151034186128527 ], [ 6011642.494469845667481, 2116900.14388145878911 ], [ 6011746.540897355414927, 2116977.309971259441227 ], [ 6011857.64991233125329, 2117043.90615195967257 ], [ 6011974.751474219374359, 2117099.291065935045481 ], [ 6012096.717830966226757, 2117142.931326186284423 ], [ 6012222.374379880726337, 2117174.406653152313083 ], [ 6012350.510979706421494, 2117193.41392222745344 ], [ 6012479.893604941666126, 2117199.770083019975573 ], [ 6012609.276230176910758, 2117193.41392222745344 ], [ 6012737.412830002605915, 2117174.406653152313083 ], [ 6012863.069378917105496, 2117142.931326186284423 ], [ 6012985.035735663957894, 2117099.291065935045481 ], [ 6013102.137297552078962, 2117043.90615195967257 ], [ 6013213.246312527917325, 2116977.309971259441227 ], [ 6013317.292740037664771, 2116900.14388145878911 ], [ 6013413.27455610781908, 2116813.151034186128527 ], [ 6013500.267403380014002, 2116717.169218115974218 ], [ 6013577.43349318113178, 2116613.122790605761111 ], [ 6013644.029673881828785, 2116502.013775630388409 ], [ 6013699.414587856270373, 2116384.912213741801679 ], [ 6013743.054848108440638, 2116262.945856995880604 ], [ 6013774.530175074003637, 2116137.289308081381023 ], [ 6013793.537444149143994, 2116009.152708255220205 ], [ 6013794.317052736878395, 2115993.283410884439945 ], [ 6013821.43058152217418, 2115885.040136405732483 ], [ 6013840.437850597314537, 2115756.903536579571664 ], [ 6013846.794011389836669, 2115627.520911344327033 ], [ 6013840.437850597314537, 2115498.138286109082401 ], [ 6013821.43058152217418, 2115370.001686282921582 ], [ 6013789.95525455661118, 2115244.345137368422002 ], [ 6013746.314994304440916, 2115122.378780622500926 ], [ 6013690.930080329999328, 2115005.277218733914196 ], [ 6013624.333899629302323, 2114894.168203758541495 ], [ 6013547.167809828184545, 2114790.121776248328388 ], [ 6013460.174962555989623, 2114694.139960178174078 ], [ 6013364.193146485835314, 2114607.147112905513495 ], [ 6013344.198918648995459, 2114592.318382907658815 ], [ 6013304.023252598010004, 2114547.991366258822381 ], [ 6013208.041436527855694, 2114460.998518986161798 ], [ 6013103.995009018108249, 2114383.832429185509682 ], [ 6013081.147521909326315, 2114370.13817241974175 ], [ 6013046.335854795761406, 2114323.200072949752212 ] ] ] } },
{ "type": "Feature", "properties": { "parent_sta": "mtc:oakland-coliseum-bart", "stop_id": "COLS_5", "stop_name": "Snell St Entrance / Exit", "stop_code": "COLS_5", "stop_desc": "Pedestrian Access Point", "stop_lat": 37.754, "stop_lon": -122.19679, "zone_id": "BA:79542", "stop_url": null, "tts_stop_n": null, "platform_c": null, "location_t": "2", "stop_timez": "America/Los_Angeles", "wheelchair": "1", "level_id": "mtc:oakland-coliseum-bart-ground", "route_info": "{'route_id': None, 'route_type': None}" }, "geometry": { "type": "Polygon", "coordinates": [ [ [ 6071772.320828324183822, 2100290.089499617461115 ], [ 6071661.211813348345459, 2100223.493318917229772 ], [ 6071544.11025146022439, 2100168.108404941856861 ], [ 6071422.143894713371992, 2100124.468144690617919 ], [ 6071296.487345798872411, 2100092.992817724589258 ], [ 6071168.350745973177254, 2100073.985548649448901 ], [ 6071038.968120737932622, 2100067.629387856926769 ], [ 6070909.585495502687991, 2100073.985548649448901 ], [ 6070781.448895676992834, 2100092.992817724589258 ], [ 6070655.792346762493253, 2100124.468144690617919 ], [ 6070533.825990015640855, 2100168.108404941856861 ], [ 6070416.724428127519786, 2100223.493318917229772 ], [ 6070305.615413151681423, 2100290.089499617461115 ], [ 6070201.568985641933978, 2100367.255589418113232 ], [ 6070105.587169571779668, 2100454.248436690773815 ], [ 6070018.594322299584746, 2100550.230252760928124 ], [ 6069941.428232498466969, 2100654.276680271141231 ], [ 6069920.569342476315796, 2100689.077635813504457 ], [ 6069907.627626797184348, 2100706.527519379276782 ], [ 6069841.031446096487343, 2100817.636534354649484 ], [ 6069785.646532122045755, 2100934.738096243236214 ], [ 6069779.106992495246232, 2100953.014885117765516 ], [ 6069763.446617227979004, 2100986.125966673716903 ], [ 6069719.80635697580874, 2101108.092323419637978 ], [ 6069688.33103001024574, 2101233.748872334137559 ], [ 6069669.323760935105383, 2101361.885472160298377 ], [ 6069662.967600142583251, 2101491.268097395543009 ], [ 6069669.323760935105383, 2101620.650722630787641 ], [ 6069688.33103001024574, 2101748.787322456948459 ], [ 6069719.80635697580874, 2101874.44387137144804 ], [ 6069763.446617227979004, 2101996.410228117369115 ], [ 6069818.831531202420592, 2102113.511790005955845 ], [ 6069885.427711903117597, 2102224.620804981328547 ], [ 6069962.593801704235375, 2102328.667232491541654 ], [ 6070049.586648976430297, 2102424.649048561695963 ], [ 6070145.568465046584606, 2102511.641895834356546 ], [ 6070249.614892556332052, 2102588.807985635008663 ], [ 6070360.723907532170415, 2102655.404166335240006 ], [ 6070477.825469420291483, 2102710.789080310612917 ], [ 6070599.791826167143881, 2102754.429340561851859 ], [ 6070681.683592518791556, 2102774.942160180304199 ], [ 6070797.537644471973181, 2102816.395402805879712 ], [ 6070923.194193386472762, 2102847.870729771908373 ], [ 6071051.330793212167919, 2102866.87799884704873 ], [ 6071180.71341844741255, 2102873.234159639570862 ], [ 6071310.096043682657182, 2102866.87799884704873 ], [ 6071438.232643508352339, 2102847.870729771908373 ], [ 6071563.88919242285192, 2102816.395402805879712 ], [ 6071685.855549169704318, 2102772.75514255464077 ], [ 6071802.957111057825387, 2102717.370228579267859 ], [ 6071914.06612603366375, 2102650.774047879036516 ], [ 6072018.112553543411195, 2102573.607958078384399 ], [ 6072114.094369613565505, 2102486.615110805723816 ], [ 6072201.087216885760427, 2102390.633294735569507 ], [ 6072278.253306686878204, 2102286.5868672253564 ], [ 6072344.849487387575209, 2102175.477852249983698 ], [ 6072400.234401362016797, 2102058.376290361396968 ], [ 6072443.874661614187062, 2101936.409933615475893 ], [ 6072475.349988579750061, 2101810.753384700976312 ], [ 6072494.357257654890418, 2101682.616784874815494 ], [ 6072500.71341844741255, 2101553.234159639570862 ], [ 6072494.357257654890418, 2101423.85153440432623 ], [ 6072475.349988579750061, 2101295.714934578165412 ], [ 6072443.874661614187062, 2101170.058385663665831 ], [ 6072423.213377709500492, 2101112.313965512439609 ], [ 6072413.186991507187486, 2101072.286388048902154 ], [ 6072369.546731255017221, 2100950.320031302981079 ], [ 6072314.161817280575633, 2100833.218469414394349 ], [ 6072247.565636579878628, 2100722.109454439021647 ], [ 6072170.39954677876085, 2100618.06302692880854 ], [ 6072083.406699506565928, 2100522.081210858654231 ], [ 6071987.424883436411619, 2100435.088363585993648 ], [ 6071883.378455926664174, 2100357.922273785341531 ], [ 6071781.228972643613815, 2100296.696229718625546 ], [ 6071772.320828324183822, 2100290.089499617461115 ] ] ] } },
{ "type": "Feature", "properties": { "parent_sta": "mtc:powell", "stop_id": "POWL_8", "stop_name": "B1 Market Street & 5th Street Entrance / Exit", "stop_code": "POWL_8", "stop_desc": "Pedestrian Access Point", "stop_lat": 37.78371, "stop_lon": -122.40829, "zone_id": "BA:79542", "stop_url": null, "tts_stop_n": null, "platform_c": null, "location_t": "2", "stop_timez": "America/Los_Angeles", "wheelchair": "0", "level_id": "mtc:powell-street", "route_info": "{'route_id': None, 'route_type': None}" }, "geometry": { "type": "Polygon", "coordinates": [ [ [ 6011074.04728236887604, 2112428.510616011917591 ], [ 6010970.000854859128594, 2112351.344526211265475 ], [ 6010858.891839883290231, 2112284.748345511034131 ], [ 6010741.790277995169163, 2112229.363431535661221 ], [ 6010619.823921248316765, 2112185.723171284422278 ], [ 6010494.167372333817184, 2112154.247844318393618 ], [ 6010366.030772508122027, 2112135.240575243253261 ], [ 6010236.648147272877395, 2112128.884414450731128 ], [ 6010107.265522037632763, 2112135.240575243253261 ], [ 6009979.128922211937606, 2112154.247844318393618 ], [ 6009853.472373297438025, 2112185.723171284422278 ], [ 6009731.506016550585628, 2112229.363431535661221 ], [ 6009614.404454662464559, 2112284.748345511034131 ], [ 6009503.295439686626196, 2112351.344526211265475 ], [ 6009399.24901217687875, 2112428.510616011917591 ], [ 6009303.267196106724441, 2112515.503463284578174 ], [ 6009216.274348834529519, 2112611.485279354732484 ], [ 6009139.108259033411741, 2112715.53170686494559 ], [ 6009072.512078332714736, 2112826.640721840318292 ], [ 6009017.127164358273149, 2112943.742283728905022 ], [ 6008973.486904106102884, 2113065.708640474826097 ], [ 6008942.011577140539885, 2113191.365189389325678 ], [ 6008923.004308065399528, 2113319.501789215486497 ], [ 6008916.648147272877395, 2113448.884414450731128 ], [ 6008923.004308065399528, 2113578.26703968597576 ], [ 6008942.011577140539885, 2113706.403639512136579 ], [ 6008973.486904106102884, 2113832.060188426636159 ], [ 6009017.127164358273149, 2113954.026545172557235 ], [ 6009072.512078332714736, 2114071.128107061143965 ], [ 6009139.108259033411741, 2114182.237122036516666 ], [ 6009141.494619205594063, 2114185.454756249673665 ], [ 6009170.937561643309891, 2114267.742267834022641 ], [ 6009226.322475617751479, 2114384.843829722609371 ], [ 6009292.918656318448484, 2114495.952844697982073 ], [ 6009370.084746119566262, 2114599.99927220819518 ], [ 6009457.077593391761184, 2114695.981088278349489 ], [ 6009553.059409461915493, 2114782.973935551010072 ], [ 6009657.105836971662939, 2114860.140025351662189 ], [ 6009661.753103065304458, 2114862.925489452667534 ], [ 6009709.572779746726155, 2114942.707800039090216 ], [ 6009786.738869547843933, 2115046.754227549303323 ], [ 6009873.731716820038855, 2115142.736043619457632 ], [ 6009969.713532890193164, 2115229.728890892118216 ], [ 6010073.75996039994061, 2115306.894980692770332 ], [ 6010184.868975375778973, 2115373.491161393001676 ], [ 6010301.970537263900042, 2115428.876075368374586 ], [ 6010364.724589136429131, 2115451.329834163654596 ], [ 6010421.26583621557802, 2115485.219353464432061 ], [ 6010538.367398103699088, 2115540.604267439804971 ], [ 6010660.333754850551486, 2115584.244527691043913 ], [ 6010785.990303765051067, 2115615.719854657072574 ], [ 6010914.126903590746224, 2115634.727123732212931 ], [ 6011043.509528825990856, 2115641.083284524735063 ], [ 6011172.892154061235487, 2115634.727123732212931 ], [ 6011301.028753886930645, 2115615.719854657072574 ], [ 6011426.685302801430225, 2115584.244527691043913 ], [ 6011548.651659548282623, 2115540.604267439804971 ], [ 6011665.753221436403692, 2115485.219353464432061 ], [ 6011776.862236412242055, 2115418.623172764200717 ], [ 6011880.908663921989501, 2115341.457082963548601 ], [ 6011976.89047999214381, 2115254.464235690888017 ], [ 6012063.883327264338732, 2115158.482419620733708 ], [ 6012141.04941706545651, 2115054.435992110520601 ], [ 6012159.907103232108057, 2115022.973843490704894 ], [ 6012183.126919304020703, 2114991.665545818395913 ], [ 6012249.723100004717708, 2114880.556530843023211 ], [ 6012305.108013979159296, 2114763.454968954436481 ], [ 6012348.74827423132956, 2114641.488612208515406 ], [ 6012380.22360119689256, 2114515.832063294015825 ], [ 6012399.230870272032917, 2114387.695463467855006 ], [ 6012405.587031064555049, 2114258.312838232610375 ], [ 6012399.230870272032917, 2114128.930212997365743 ], [ 6012380.22360119689256, 2114000.793613171204925 ], [ 6012348.74827423132956, 2113875.137064256705344 ], [ 6012305.108013979159296, 2113753.170707510784268 ], [ 6012249.723100004717708, 2113636.069145622197539 ], [ 6012183.126919304020703, 2113524.960130646824837 ], [ 6012105.960829502902925, 2113420.91370313661173 ], [ 6012018.967982230708003, 2113324.931887066457421 ], [ 6011922.986166160553694, 2113237.939039793796837 ], [ 6011869.469944469630718, 2113198.248704742174596 ], [ 6011849.410079261288047, 2113171.201107583008707 ], [ 6011762.417231989093125, 2113075.219291512854397 ], [ 6011666.435415918938816, 2112988.226444240193814 ], [ 6011562.38898840919137, 2112911.060354439541698 ], [ 6011551.114870203658938, 2112904.302908039651811 ], [ 6011516.398604399524629, 2112857.493442344013602 ], [ 6011429.405757127329707, 2112761.511626273859292 ], [ 6011333.423941057175398, 2112674.518779001198709 ], [ 6011267.521348549984396, 2112625.642085266765207 ], [ 6011257.021945711225271, 2112611.485279354732484 ], [ 6011170.029098439030349, 2112515.503463284578174 ], [ 6011074.04728236887604, 2112428.510616011917591 ] ] ] } },
{ "type": "Feature", "properties": { "parent_sta": "mtc:union-city-bart", "stop_id": "UCTY_1", "stop_name": "TBD Pedestrian Access Point", "stop_code": "UCTY_1", "stop_desc": "Pedestrian Access Point", "stop_lat": 37.5906, "stop_lon": -122.01742, "zone_id": "BA:79542", "stop_url": null, "tts_stop_n": null, "platform_c": null, "location_t": "2", "stop_timez": "America/Los_Angeles", "wheelchair": "0", "level_id": "mtc:union-city-bart-street", "route_info": "{'route_id': None, 'route_type': None}" }, "geometry": { "type": "Polygon", "coordinates": [ [ [ 6123216.01216733828187, 2040420.016536998795345 ], [ 6123149.415986637584865, 2040308.907522023422644 ], [ 6123072.249896836467087, 2040204.861094513209537 ], [ 6122985.257049564272165, 2040108.879278443055227 ], [ 6122889.275233494117856, 2040021.886431170394644 ], [ 6122785.22880598437041, 2039944.720341369742528 ], [ 6122674.119791008532047, 2039878.124160669278353 ], [ 6122557.018229120410979, 2039822.739246694371104 ], [ 6122435.051872373558581, 2039779.098986442666501 ], [ 6122309.395323459059, 2039747.623659476870671 ], [ 6122181.258723633363843, 2039728.616390401963145 ], [ 6122051.876098398119211, 2039722.260229609208182 ], [ 6121922.493473162874579, 2039728.616390401963145 ], [ 6121794.356873337179422, 2039747.623659476870671 ], [ 6121668.700324422679842, 2039779.098986442666501 ], [ 6121546.733967675827444, 2039822.739246694371104 ], [ 6121429.632405787706375, 2039878.124160669278353 ], [ 6121318.523390811868012, 2039944.720341369742528 ], [ 6121308.395302864722908, 2039952.231843328336254 ], [ 6121281.877417041920125, 2039968.126052420586348 ], [ 6121177.83098953217268, 2040045.292142221238464 ], [ 6121081.849173462018371, 2040132.284989493899047 ], [ 6120994.856326189823449, 2040228.266805564053357 ], [ 6120917.690236388705671, 2040332.313233074266464 ], [ 6120851.094055688008666, 2040443.422248049639165 ], [ 6120850.403802170418203, 2040444.881666494067758 ], [ 6120835.122335788793862, 2040470.377252865349874 ], [ 6120779.737421814352274, 2040587.478814753936604 ], [ 6120736.097161562182009, 2040709.445171499857679 ], [ 6120704.62183459661901, 2040835.10172041435726 ], [ 6120685.614565521478653, 2040963.238320240750909 ], [ 6120679.258404728956521, 2041092.62094547576271 ], [ 6120685.614565521478653, 2041222.003570710774511 ], [ 6120704.62183459661901, 2041350.14017053716816 ], [ 6120736.097161562182009, 2041475.796719451667741 ], [ 6120779.737421814352274, 2041597.763076197588816 ], [ 6120835.122335788793862, 2041714.864638086175546 ], [ 6120901.718516489490867, 2041825.973653061548248 ], [ 6120978.884606290608644, 2041930.020080571761355 ], [ 6121065.877453562803566, 2042026.001896641915664 ], [ 6121161.859269632957876, 2042112.994743914576247 ], [ 6121265.905697142705321, 2042190.160833715228364 ], [ 6121377.014712118543684, 2042256.757014415692538 ], [ 6121382.868478126823902, 2042259.5256395440083 ], [ 6121385.812115461565554, 2042261.708789781201631 ], [ 6121496.921130437403917, 2042328.304970481665805 ], [ 6121614.022692325524986, 2042383.689884456573054 ], [ 6121735.989049072377384, 2042427.330144708277658 ], [ 6121861.645597986876965, 2042458.805471674073488 ], [ 6121989.782197812572122, 2042477.812740748981014 ], [ 6122119.164823047816753, 2042484.168901541735977 ], [ 6122248.547448283061385, 2042477.812740748981014 ], [ 6122376.684048108756542, 2042458.805471674073488 ], [ 6122502.340597023256123, 2042427.330144708277658 ], [ 6122624.306953770108521, 2042383.689884456573054 ], [ 6122741.408515658229589, 2042328.304970481665805 ], [ 6122852.517530634067953, 2042261.708789781201631 ], [ 6122956.563958143815398, 2042184.542699980549514 ], [ 6123052.545774213969707, 2042097.549852707888931 ], [ 6123139.538621486164629, 2042001.568036637734622 ], [ 6123216.704711287282407, 2041897.521609127521515 ], [ 6123283.300891987979412, 2041786.412594152148813 ], [ 6123338.685805962421, 2041669.311032263562083 ], [ 6123382.326066214591265, 2041547.344675517641008 ], [ 6123413.801393180154264, 2041421.688126603141427 ], [ 6123432.808662255294621, 2041293.551526776747778 ], [ 6123439.164823047816753, 2041164.168901541735977 ], [ 6123432.808662255294621, 2041034.786276306724176 ], [ 6123413.801393180154264, 2040906.649676480330527 ], [ 6123382.326066214591265, 2040780.993127565830946 ], [ 6123338.685805962421, 2040659.026770819909871 ], [ 6123283.300891987979412, 2040541.925208931323141 ], [ 6123237.639699211344123, 2040465.744111177045852 ], [ 6123216.01216733828187, 2040420.016536998795345 ] ] ] } },
{ "type": "Feature", "properties": { "parent_sta": "mtc:warm-springs-south-fremont-bart", "stop_id": "WARM_1", "stop_name": "Main (East) Entrance / Exit", "stop_code": "WARM_1", "stop_desc": "Pedestrian Access Point", "stop_lat": 37.50225, "stop_lon": -121.93843, "zone_id": "BA:79542", "stop_url": null, "tts_stop_n": null, "platform_c": null, "location_t": "2", "stop_timez": "America/Los_Angeles", "wheelchair": "0", "level_id": "mtc:ground", "route_info": "{'route_id': None, 'route_type': None}" }, "geometry": { "type": "Polygon", "coordinates": [ [ [ 6144429.304985014721751, 2007172.063404428772628 ], [ 6144307.338628267869353, 2007128.423144177068025 ], [ 6144181.682079353369772, 2007096.947817211272195 ], [ 6144053.545479527674615, 2007077.940548136364669 ], [ 6143924.162854292429984, 2007071.584387343609706 ], [ 6143794.780229057185352, 2007077.940548136364669 ], [ 6143710.202608264051378, 2007090.486453040270135 ], [ 6143706.007188028655946, 2007090.692560819908977 ], [ 6143577.870588202960789, 2007109.699829894816503 ], [ 6143452.214039288461208, 2007141.175156860612333 ], [ 6143330.24768254160881, 2007184.815417112316936 ], [ 6143213.146120653487742, 2007240.200331087224185 ], [ 6143102.037105677649379, 2007306.79651178768836 ], [ 6142997.990678167901933, 2007383.962601588340476 ], [ 6142902.008862097747624, 2007470.955448861001059 ], [ 6142815.016014825552702, 2007566.937264931155369 ], [ 6142737.849925024434924, 2007670.983692441368476 ], [ 6142671.253744323737919, 2007782.092707416741177 ], [ 6142615.868830349296331, 2007899.194269305327907 ], [ 6142572.228570097126067, 2008021.160626051248983 ], [ 6142540.753243131563067, 2008146.817174965748563 ], [ 6142521.74597405642271, 2008274.953774792142212 ], [ 6142515.389813263900578, 2008404.336400027154014 ], [ 6142521.74597405642271, 2008533.719025262165815 ], [ 6142540.753243131563067, 2008661.855625088559464 ], [ 6142572.228570097126067, 2008787.512174003059044 ], [ 6142580.226732812821865, 2008809.865541316801682 ], [ 6142585.139646146446466, 2008829.47899077530019 ], [ 6142628.779906398616731, 2008951.445347521221265 ], [ 6142684.164820373058319, 2009068.546909409807995 ], [ 6142750.761001073755324, 2009179.655924385180697 ], [ 6142827.927090874873102, 2009283.702351895393804 ], [ 6142914.919938147068024, 2009379.684167965548113 ], [ 6143010.901754217222333, 2009466.677015238208696 ], [ 6143114.948181726969779, 2009543.843105038860813 ], [ 6143226.057196702808142, 2009610.439285739324987 ], [ 6143343.15875859092921, 2009665.824199714232236 ], [ 6143465.125115337781608, 2009709.46445996593684 ], [ 6143590.781664252281189, 2009740.939786931732669 ], [ 6143718.918264077976346, 2009759.947056006640196 ], [ 6143848.300889313220978, 2009766.303216799395159 ], [ 6143906.02018925268203, 2009763.467649422585964 ], [ 6143918.193280871026218, 2009769.22509297193028 ], [ 6144040.159637617878616, 2009812.865353223634884 ], [ 6144165.816186532378197, 2009844.340680189430714 ], [ 6144293.952786358073354, 2009863.34794926433824 ], [ 6144423.335411593317986, 2009869.704110057093203 ], [ 6144552.718036828562617, 2009863.34794926433824 ], [ 6144680.854636654257774, 2009844.340680189430714 ], [ 6144806.511185568757355, 2009812.865353223634884 ], [ 6144928.477542315609753, 2009769.22509297193028 ], [ 6145045.579104203730822, 2009713.840178997023031 ], [ 6145156.688119179569185, 2009647.243998296558857 ], [ 6145260.73454668931663, 2009570.07790849590674 ], [ 6145356.71636275947094, 2009483.085061223246157 ], [ 6145443.709210031665862, 2009387.103245153091848 ], [ 6145520.875299832783639, 2009283.056817642878741 ], [ 6145587.471480533480644, 2009171.947802667506039 ], [ 6145642.856394507922232, 2009054.846240778919309 ], [ 6145686.496654760092497, 2008932.879884032998234 ], [ 6145717.971981725655496, 2008807.223335118498653 ], [ 6145736.979250800795853, 2008679.086735292105004 ], [ 6145743.335411593317986, 2008549.704110057093203 ], [ 6145736.979250800795853, 2008420.321484822081402 ], [ 6145717.971981725655496, 2008292.184884995687753 ], [ 6145686.496654760092497, 2008166.528336081188172 ], [ 6145642.856394507922232, 2008044.561979335267097 ], [ 6145587.471480533480644, 2007927.460417446680367 ], [ 6145520.875299832783639, 2007816.351402471307665 ], [ 6145443.709210031665862, 2007712.304974961094558 ], [ 6145356.71636275947094, 2007616.323158890940249 ], [ 6145260.73454668931663, 2007529.330311618279666 ], [ 6145156.688119179569185, 2007452.164221817627549 ], [ 6145045.579104203730822, 2007385.568041117163375 ], [ 6144928.477542315609753, 2007330.183127142256126 ], [ 6144902.958643844351172, 2007321.052319267764688 ], [ 6144874.971959125250578, 2007307.815603201510385 ], [ 6144753.00560237839818, 2007264.175342949805781 ], [ 6144627.349053463898599, 2007232.700015984009951 ], [ 6144525.598198085092008, 2007217.606702368706465 ], [ 6144429.304985014721751, 2007172.063404428772628 ] ] ] } },
{ "type": "Feature", "properties": { "parent_sta": "901109", "stop_id": "WOAK_1", "stop_name": "North Station Entrance / Exit", "stop_code": "WOAK_1", "stop_desc": "Pedestrian Access Point", "stop_lat": 37.80503, "stop_lon": -122.2953, "zone_id": "BA:79542", "stop_url": null, "tts_stop_n": null, "platform_c": null, "location_t": "2", "stop_timez": "America/Los_Angeles", "wheelchair": null, "level_id": null, "route_info": "{'route_id': None, 'route_type': None}" }, "geometry": { "type": "Polygon", "coordinates": [ [ [ 6043189.668570338748395, 2120437.477033231407404 ], [ 6043181.276916706003249, 2120419.734372339211404 ], [ 6043171.186586297117174, 2120402.899673100560904 ], [ 6043159.494754509069026, 2120387.135062871966511 ], [ 6043146.314020073972642, 2120372.592363466974348 ], [ 6043131.771320668980479, 2120359.411629031877965 ], [ 6043116.006710440851748, 2120347.719797243829817 ], [ 6043099.172011201269925, 2120337.629466834943742 ], [ 6043081.429350309073925, 2120329.237813202198595 ], [ 6043062.949599287472665, 2120322.625652558170259 ], [ 6043043.910728239454329, 2120317.856663623824716 ], [ 6043024.496091902256012, 2120314.976774369832128 ], [ 6043004.892663836479187, 2120314.013719704467803 ], [ 6042985.289235770702362, 2120314.976774369832128 ], [ 6042965.874599433504045, 2120317.856663623824716 ], [ 6042946.835728385485709, 2120322.625652558170259 ], [ 6042928.355977363884449, 2120329.237813202198595 ], [ 6042910.613316471688449, 2120337.629466834943742 ], [ 6042893.778617232106626, 2120347.719797243829817 ], [ 6042878.014007003977895, 2120359.411629031877965 ], [ 6042863.471307598985732, 2120372.592363466974348 ], [ 6042850.290573163889349, 2120387.135062871966511 ], [ 6042838.5987413758412, 2120402.899673100560904 ], [ 6042828.508410966955125, 2120419.734372339211404 ], [ 6042820.116757334209979, 2120437.477033231407404 ], [ 6042813.504596689715981, 2120455.956784253474325 ], [ 6042808.735607755370438, 2120474.995655301027 ], [ 6042805.855718501843512, 2120494.410291638690978 ], [ 6042804.892663836479187, 2120514.013719704467803 ], [ 6042805.855718501843512, 2120533.617147770244628 ], [ 6042808.735607755370438, 2120553.031784107908607 ], [ 6042813.504596689715981, 2120572.070655155461282 ], [ 6042820.116757334209979, 2120590.550406177528203 ], [ 6042828.508410966955125, 2120608.293067069724202 ], [ 6042838.5987413758412, 2120625.127766308374703 ], [ 6042844.02110739890486, 2120632.438980531878769 ], [ 6042847.091230568476021, 2120641.019399979617447 ], [ 6042855.482884201221168, 2120658.762060871813446 ], [ 6042865.573214610107243, 2120675.596760110463947 ], [ 6042877.265046398155391, 2120691.36137033905834 ], [ 6042890.445780833251774, 2120705.904069744050503 ], [ 6042904.988480238243937, 2120719.084804179146886 ], [ 6042920.753090466372669, 2120730.776635967195034 ], [ 6042937.587789705954492, 2120740.866966376081109 ], [ 6042955.330450598150492, 2120749.258620008826256 ], [ 6042973.810201619751751, 2120755.870780652854592 ], [ 6042992.849072667770088, 2120760.639769587200135 ], [ 6043012.263709004968405, 2120763.519658841192722 ], [ 6043031.86713707074523, 2120764.482713506557047 ], [ 6043051.470565136522055, 2120763.519658841192722 ], [ 6043070.885201473720372, 2120760.639769587200135 ], [ 6043089.924072521738708, 2120755.870780652854592 ], [ 6043108.403823543339968, 2120749.258620008826256 ], [ 6043126.146484435535967, 2120740.866966376081109 ], [ 6043142.981183675117791, 2120730.776635967195034 ], [ 6043158.745793903246522, 2120719.084804179146886 ], [ 6043173.288493308238685, 2120705.904069744050503 ], [ 6043186.469227743335068, 2120691.36137033905834 ], [ 6043198.161059531383216, 2120675.596760110463947 ], [ 6043208.251389940269291, 2120658.762060871813446 ], [ 6043216.643043573014438, 2120641.019399979617447 ], [ 6043223.255204217508435, 2120622.539648957550526 ], [ 6043228.024193151853979, 2120603.500777909997851 ], [ 6043230.904082405380905, 2120584.086141572333872 ], [ 6043231.86713707074523, 2120564.482713506557047 ], [ 6043230.904082405380905, 2120544.879285440780222 ], [ 6043228.024193151853979, 2120525.464649103116244 ], [ 6043223.255204217508435, 2120506.425778055563569 ], [ 6043216.643043573014438, 2120487.946027033496648 ], [ 6043208.251389940269291, 2120470.203366141300648 ], [ 6043198.161059531383216, 2120453.368666902650148 ], [ 6043192.738693508319557, 2120446.057452679146081 ], [ 6043189.668570338748395, 2120437.477033231407404 ] ] ] } },
{ "type": "Feature", "properties": { "parent_sta": "901509", "stop_id": "16TH_1", "stop_name": "A 16TH & Mission SW Entrance / Exit", "stop_code": "16TH_1", "stop_desc": "Pedestrian Access Point", "stop_lat": 37.76474, "stop_lon": -122.42004, "zone_id": "BA:79542", "stop_url": null, "tts_stop_n": null, "platform_c": null, "location_t": "2", "stop_timez": "America/Los_Angeles", "wheelchair": null, "level_id": null, "route_info": "{'route_id': None, 'route_type': None}" }, "geometry": { "type": "Polygon", "coordinates": [ [ [ 6006899.087180160917342, 2106592.804385758936405 ], [ 6006896.207290907390416, 2106573.389749421272427 ], [ 6006891.438301973044872, 2106554.350878373719752 ], [ 6006884.826141328550875, 2106535.871127351652831 ], [ 6006876.434487695805728, 2106518.128466459456831 ], [ 6006866.344157286919653, 2106501.29376722080633 ], [ 6006854.652325498871505, 2106485.529156992211938 ], [ 6006841.471591063775122, 2106470.986457587219775 ], [ 6006826.928891658782959, 2106457.805723152123392 ], [ 6006811.164281430654228, 2106446.113891364075243 ], [ 6006794.329582191072404, 2106436.023560955189168 ], [ 6006776.586921298876405, 2106427.631907322444022 ], [ 6006758.107170277275145, 2106421.019746678415686 ], [ 6006739.068299229256809, 2106416.250757744070143 ], [ 6006719.653662892058492, 2106413.370868490077555 ], [ 6006700.050234826281667, 2106412.40781382471323 ], [ 6006680.446806760504842, 2106413.370868490077555 ], [ 6006661.032170423306525, 2106416.250757744070143 ], [ 6006641.993299375288188, 2106421.019746678415686 ], [ 6006623.513548353686929, 2106427.631907322444022 ], [ 6006605.770887461490929, 2106436.023560955189168 ], [ 6006588.936188221909106, 2106446.113891364075243 ], [ 6006573.171577993780375, 2106457.805723152123392 ], [ 6006558.628878588788211, 2106470.986457587219775 ], [ 6006545.448144153691828, 2106485.529156992211938 ], [ 6006533.75631236564368, 2106501.29376722080633 ], [ 6006523.665981956757605, 2106518.128466459456831 ], [ 6006515.274328324012458, 2106535.871127351652831 ], [ 6006508.662167679518461, 2106554.350878373719752 ], [ 6006503.893178745172918, 2106573.389749421272427 ], [ 6006501.013289491645992, 2106592.804385758936405 ], [ 6006500.050234826281667, 2106612.40781382471323 ], [ 6006501.013289491645992, 2106632.011241890490055 ], [ 6006503.893178745172918, 2106651.425878228154033 ], [ 6006508.662167679518461, 2106670.464749275706708 ], [ 6006515.274328324012458, 2106688.944500297773629 ], [ 6006523.665981956757605, 2106706.687161189969629 ], [ 6006533.75631236564368, 2106723.52186042862013 ], [ 6006545.448144153691828, 2106739.286470657214522 ], [ 6006558.628878588788211, 2106753.829170062206686 ], [ 6006573.171577993780375, 2106767.009904497303069 ], [ 6006588.936188221909106, 2106778.701736285351217 ], [ 6006605.770887461490929, 2106788.792066694237292 ], [ 6006623.513548353686929, 2106797.183720326982439 ], [ 6006641.993299375288188, 2106803.795880971010774 ], [ 6006648.161657893098891, 2106805.3409743453376 ], [ 6006647.178900476545095, 2106811.966186696197838 ], [ 6006646.21584581118077, 2106831.569614761974663 ], [ 6006647.178900476545095, 2106851.173042827751487 ], [ 6006650.058789730072021, 2106870.587679165415466 ], [ 6006654.827778664417565, 2106889.626550212968141 ], [ 6006661.439939308911562, 2106908.106301235035062 ], [ 6006669.831592941656709, 2106925.848962127231061 ], [ 6006679.921923350542784, 2106942.683661365881562 ], [ 6006691.613755138590932, 2106958.448271594475955 ], [ 6006704.794489573687315, 2106972.990970999468118 ], [ 6006719.337188978679478, 2106986.171705434564501 ], [ 6006735.101799206808209, 2106997.863537222612649 ], [ 6006751.936498446390033, 2107007.953867631498724 ], [ 6006769.679159338586032, 2107016.345521264243871 ], [ 6006788.158910360187292, 2107022.957681908272207 ], [ 6006807.197781408205628, 2107027.72667084261775 ], [ 6006826.612417745403945, 2107030.606560096610337 ], [ 6006846.21584581118077, 2107031.569614761974663 ], [ 6006865.819273876957595, 2107030.606560096610337 ], [ 6006885.233910214155912, 2107027.72667084261775 ], [ 6006904.272781262174249, 2107022.957681908272207 ], [ 6006922.752532283775508, 2107016.345521264243871 ], [ 6006940.495193175971508, 2107007.953867631498724 ], [ 6006956.908974983729422, 2106998.115825422108173 ], [ 6006964.439873548224568, 2106996.229433533269912 ], [ 6006982.919624569825828, 2106989.617272889241576 ], [ 6007000.662285462021828, 2106981.225619256496429 ], [ 6007017.496984701603651, 2106971.135288847610354 ], [ 6007033.261594929732382, 2106959.443457059562206 ], [ 6007047.804294334724545, 2106946.262722624465823 ], [ 6007060.985028769820929, 2106931.72002321947366 ], [ 6007072.676860557869077, 2106915.955412990879267 ], [ 6007082.767190966755152, 2106899.120713752228767 ], [ 6007091.158844599500299, 2106881.378052860032767 ], [ 6007097.771005243994296, 2106862.898301837965846 ], [ 6007102.539994178339839, 2106843.859430790413171 ], [ 6007105.419883431866765, 2106824.444794452749193 ], [ 6007106.38293809723109, 2106804.841366386972368 ], [ 6007105.419883431866765, 2106785.237938321195543 ], [ 6007102.539994178339839, 2106765.823301983531564 ], [ 6007097.771005243994296, 2106746.784430935978889 ], [ 6007091.158844599500299, 2106728.304679913911968 ], [ 6007082.767190966755152, 2106710.562019021715969 ], [ 6007072.676860557869077, 2106693.727319783065468 ], [ 6007060.985028769820929, 2106677.962709554471076 ], [ 6007047.804294334724545, 2106663.420010149478912 ], [ 6007033.261594929732382, 2106650.239275714382529 ], [ 6007017.496984701603651, 2106638.547443926334381 ], [ 6007000.662285462021828, 2106628.457113517448306 ], [ 6006982.919624569825828, 2106620.065459884703159 ], [ 6006964.439873548224568, 2106613.453299240674824 ], [ 6006945.401002500206232, 2106608.68431030632928 ], [ 6006925.986366163007915, 2106605.804421052336693 ], [ 6006906.38293809723109, 2106604.841366386972368 ], [ 6006899.694660904817283, 2106605.169940375722945 ], [ 6006899.087180160917342, 2106592.804385758936405 ] ] ] } },
{ "type": "Feature", "properties": { "parent_sta": "901609", "stop_id": "24TH_3", "stop_name": "A 24TH & Mission SW Entrance / Exit", "stop_code": "24TH_3", "stop_desc": "Pedestrian Access Point", "stop_lat": 37.75194, "stop_lon": -122.41883, "zone_id": "BA:79542", "stop_url": null, "tts_stop_n": null, "platform_c": null, "location_t": "2", "stop_timez": "America/Los_Angeles", "wheelchair": null, "level_id": null, "route_info": "{'route_id': None, 'route_type': None}" }, "geometry": { "type": "Polygon", "coordinates": [ [ [ 6007153.222881950438023, 2101925.873275512829423 ], [ 6007150.342992696911097, 2101906.458639175165445 ], [ 6007145.574003762565553, 2101887.41976812761277 ], [ 6007138.961843118071556, 2101868.940017105545849 ], [ 6007130.570189485326409, 2101851.197356213349849 ], [ 6007120.479859076440334, 2101834.362656974699348 ], [ 6007108.788027288392186, 2101818.598046746104956 ], [ 6007095.607292853295803, 2101804.055347341112792 ], [ 6007081.06459344830364, 2101790.874612906016409 ], [ 6007065.299983220174909, 2101779.182781117968261 ], [ 6007048.465283980593085, 2101769.092450709082186 ], [ 6007030.722623088397086, 2101760.700797076337039 ], [ 6007012.242872066795826, 2101754.088636432308704 ], [ 6006993.20400101877749, 2101749.31964749796316 ], [ 6006973.789364681579173, 2101746.439758243970573 ], [ 6006954.185936615802348, 2101745.476703578606248 ], [ 6006934.582508550025523, 2101746.439758243970573 ], [ 6006915.167872212827206, 2101749.31964749796316 ], [ 6006896.129001164808869, 2101754.088636432308704 ], [ 6006877.64925014320761, 2101760.700797076337039 ], [ 6006859.90658925101161, 2101769.092450709082186 ], [ 6006843.071890011429787, 2101779.182781117968261 ], [ 6006827.307279783301055, 2101790.874612906016409 ], [ 6006812.764580378308892, 2101804.055347341112792 ], [ 6006799.583845943212509, 2101818.598046746104956 ], [ 6006787.892014155164361, 2101834.362656974699348 ], [ 6006777.801683746278286, 2101851.197356213349849 ], [ 6006769.410030113533139, 2101868.940017105545849 ], [ 6006762.797869469039142, 2101887.41976812761277 ], [ 6006758.028880534693599, 2101906.458639175165445 ], [ 6006755.148991281166673, 2101925.873275512829423 ], [ 6006754.185936615802348, 2101945.476703578606248 ], [ 6006755.148991281166673, 2101965.080131644383073 ], [ 6006758.028880534693599, 2101984.494767982047051 ], [ 6006762.797869469039142, 2102003.533639029599726 ], [ 6006769.410030113533139, 2102022.013390051666647 ], [ 6006777.801683746278286, 2102039.756050943862647 ], [ 6006787.892014155164361, 2102056.590750182513148 ], [ 6006799.583845943212509, 2102072.35536041110754 ], [ 6006812.764580378308892, 2102086.898059816099703 ], [ 6006827.307279783301055, 2102100.078794251196086 ], [ 6006843.071890011429787, 2102111.770626039244235 ], [ 6006859.90658925101161, 2102121.86095644813031 ], [ 6006877.64925014320761, 2102130.252610080875456 ], [ 6006896.129001164808869, 2102136.864770724903792 ], [ 6006906.874525510706007, 2102139.556384454015642 ], [ 6006904.450545638799667, 2102155.897529395762831 ], [ 6006903.487490973435342, 2102175.500957461539656 ], [ 6006904.450545638799667, 2102195.104385527316481 ], [ 6006907.330434892326593, 2102214.519021864980459 ], [ 6006912.099423826672137, 2102233.557892912533134 ], [ 6006918.711584471166134, 2102252.037643934600055 ], [ 6006927.103238103911281, 2102269.780304826796055 ], [ 6006937.193568512797356, 2102286.615004065446556 ], [ 6006948.885400300845504, 2102302.379614294040948 ], [ 6006962.066134735941887, 2102316.922313699033111 ], [ 6006976.60883414093405, 2102330.103048134129494 ], [ 6006992.373444369062781, 2102341.794879922177643 ], [ 6007009.208143608644605, 2102351.885210331063718 ], [ 6007026.950804500840604, 2102360.276863963808864 ], [ 6007045.430555522441864, 2102366.8890246078372 ], [ 6007064.4694265704602, 2102371.658013542182744 ], [ 6007083.884062907658517, 2102374.537902796175331 ], [ 6007103.487490973435342, 2102375.500957461539656 ], [ 6007123.090919039212167, 2102374.537902796175331 ], [ 6007142.505555376410484, 2102371.658013542182744 ], [ 6007161.544426424428821, 2102366.8890246078372 ], [ 6007180.02417744603008, 2102360.276863963808864 ], [ 6007197.76683833822608, 2102351.885210331063718 ], [ 6007214.601537577807903, 2102341.794879922177643 ], [ 6007230.366147805936635, 2102330.103048134129494 ], [ 6007235.945456686429679, 2102325.046257325448096 ], [ 6007242.868828190490603, 2102322.569035390391946 ], [ 6007260.611489082686603, 2102314.177381757646799 ], [ 6007277.446188322268426, 2102304.087051348760724 ], [ 6007293.210798550397158, 2102292.395219560712576 ], [ 6007307.753497955389321, 2102279.214485125616193 ], [ 6007320.934232390485704, 2102264.67178572062403 ], [ 6007332.626064178533852, 2102248.907175492029637 ], [ 6007342.716394587419927, 2102232.072476253379136 ], [ 6007351.108048220165074, 2102214.329815361183137 ], [ 6007357.720208864659071, 2102195.850064339116216 ], [ 6007362.489197799004614, 2102176.811193291563541 ], [ 6007365.36908705253154, 2102157.396556953899562 ], [ 6007366.332141717895865, 2102137.793128888122737 ], [ 6007365.36908705253154, 2102118.189700822345912 ], [ 6007362.489197799004614, 2102098.775064484681934 ], [ 6007357.720208864659071, 2102079.736193437129259 ], [ 6007351.108048220165074, 2102061.256442415062338 ], [ 6007342.716394587419927, 2102043.513781522866338 ], [ 6007332.626064178533852, 2102026.679082284215838 ], [ 6007320.934232390485704, 2102010.914472055621445 ], [ 6007307.753497955389321, 2101996.371772650629282 ], [ 6007293.210798550397158, 2101983.191038215532899 ], [ 6007277.446188322268426, 2101971.499206427484751 ], [ 6007260.611489082686603, 2101961.408876018598676 ], [ 6007242.868828190490603, 2101953.017222385853529 ], [ 6007224.389077168889344, 2101946.405061741825193 ], [ 6007205.350206120871007, 2101941.63607280747965 ], [ 6007185.93556978367269, 2101938.756183553487062 ], [ 6007166.332141717895865, 2101937.793128888122737 ], [ 6007153.838619255460799, 2101938.406896288972348 ], [ 6007153.222881950438023, 2101925.873275512829423 ] ] ] } },
{ "type": "Feature", "properties": { "parent_sta": "901709", "stop_id": "GLEN_1", "stop_name": "Main Entrance / Exit", "stop_code": "GLEN_1", "stop_desc": "Pedestrian Access Point", "stop_lat": 37.73318, "stop_lon": -122.43388, "zone_id": "BA:79542", "stop_url": null, "tts_stop_n": null, "platform_c": null, "location_t": "2", "stop_timez": "America/Los_Angeles", "wheelchair": null, "level_id": null, "route_info": "{'route_id': None, 'route_type': None}" }, "geometry": { "type": "Polygon", "coordinates": [ [ [ 6002662.613331752829254, 2095203.853077739942819 ], [ 6002661.650277087464929, 2095184.249649673933163 ], [ 6002658.770387833938003, 2095164.835013336734846 ], [ 6002654.001398899592459, 2095145.796142288949341 ], [ 6002647.389238255098462, 2095127.31639126688242 ], [ 6002638.997584622353315, 2095109.57373037468642 ], [ 6002628.90725421346724, 2095092.739031136035919 ], [ 6002617.215422425419092, 2095076.974420907208696 ], [ 6002604.034687990322709, 2095062.431721502682194 ], [ 6002589.491988585330546, 2095049.25098706735298 ], [ 6002573.727378357201815, 2095037.559155279537663 ], [ 6002556.892679117619991, 2095027.468824870185927 ], [ 6002539.150018225423992, 2095019.07717123767361 ], [ 6002520.670267203822732, 2095012.465010593412444 ], [ 6002501.631396155804396, 2095007.696021659299731 ], [ 6002482.216759818606079, 2095004.816132405539975 ], [ 6002462.613331752829254, 2095003.853077739942819 ], [ 6002443.009903687052429, 2095004.816132405539975 ], [ 6002423.595267349854112, 2095007.696021659299731 ], [ 6002404.556396301835775, 2095012.465010593412444 ], [ 6002386.076645280234516, 2095019.07717123767361 ], [ 6002368.333984388038516, 2095027.468824870185927 ], [ 6002351.499285148456693, 2095037.559155279537663 ], [ 6002335.734674920327961, 2095049.25098706735298 ], [ 6002321.191975515335798, 2095062.431721502682194 ], [ 6002308.011241080239415, 2095076.974420907208696 ], [ 6002296.319409292191267, 2095092.739031136035919 ], [ 6002286.229078883305192, 2095109.57373037468642 ], [ 6002277.837425250560045, 2095127.31639126688242 ], [ 6002271.225264606066048, 2095145.796142288949341 ], [ 6002266.456275671720505, 2095164.835013336734846 ], [ 6002263.576386418193579, 2095184.249649673933163 ], [ 6002262.613331752829254, 2095203.853077739942819 ], [ 6002263.576386418193579, 2095223.456505805952474 ], [ 6002266.456275671720505, 2095242.871142143150792 ], [ 6002271.225264606066048, 2095261.910013190936297 ], [ 6002277.837425250560045, 2095280.389764213003218 ], [ 6002286.229078883305192, 2095298.132425105199218 ], [ 6002296.319409292191267, 2095314.967124343849719 ], [ 6002308.011241080239415, 2095330.731734572676942 ], [ 6002321.191975515335798, 2095345.274433977203444 ], [ 6002335.734674920327961, 2095358.455168412532657 ], [ 6002351.499285148456693, 2095370.147000200347975 ], [ 6002368.333984388038516, 2095380.237330609699711 ], [ 6002386.076645280234516, 2095388.628984242212027 ], [ 6002404.556396301835775, 2095395.241144886473194 ], [ 6002423.595267349854112, 2095400.010133820585907 ], [ 6002443.009903687052429, 2095402.890023074345663 ], [ 6002462.613331752829254, 2095403.853077739942819 ], [ 6002482.216759818606079, 2095402.890023074345663 ], [ 6002501.631396155804396, 2095400.010133820585907 ], [ 6002520.670267203822732, 2095395.241144886473194 ], [ 6002539.150018225423992, 2095388.628984242212027 ], [ 6002556.892679117619991, 2095380.237330609699711 ], [ 6002573.727378357201815, 2095370.147000200347975 ], [ 6002589.491988585330546, 2095358.455168412532657 ], [ 6002604.034687990322709, 2095345.274433977203444 ], [ 6002617.215422425419092, 2095330.731734572676942 ], [ 6002628.90725421346724, 2095314.967124343849719 ], [ 6002638.997584622353315, 2095298.132425105199218 ], [ 6002647.389238255098462, 2095280.389764213003218 ], [ 6002654.001398899592459, 2095261.910013190936297 ], [ 6002658.770387833938003, 2095242.871142143150792 ], [ 6002661.650277087464929, 2095223.456505805952474 ], [ 6002662.613331752829254, 2095203.853077739942819 ] ] ] } },
{ "type": "Feature", "properties": { "parent_sta": "901809", "stop_id": "BALB_2", "stop_name": "A1 Geneva Ave Entrance / Exit", "stop_code": "BALB_2", "stop_desc": "Pedestrian Access Point", "stop_lat": 37.72082, "stop_lon": -122.44763, "zone_id": "BA:79542", "stop_url": null, "tts_stop_n": null, "platform_c": null, "location_t": "2", "stop_timez": "America/Los_Angeles", "wheelchair": null, "level_id": null, "route_info": "{'route_id': None, 'route_type': None}" }, "geometry": { "type": "Polygon", "coordinates": [ [ [ 5998585.146854479797184, 2090730.486440215725452 ], [ 5998578.534693835303187, 2090712.006689193658531 ], [ 5998570.143040202558041, 2090694.264028301462531 ], [ 5998560.052709793671966, 2090677.42932906281203 ], [ 5998548.360878005623817, 2090661.664718833984807 ], [ 5998535.180143570527434, 2090647.122019429458305 ], [ 5998520.637444165535271, 2090633.941284994129092 ], [ 5998504.87283393740654, 2090622.249453206313774 ], [ 5998488.038134697824717, 2090612.159122796962038 ], [ 5998470.295473805628717, 2090603.767469164449722 ], [ 5998451.815722784027457, 2090597.155308520188555 ], [ 5998432.776851736009121, 2090592.386319586075842 ], [ 5998413.362215398810804, 2090589.506430332316086 ], [ 5998393.758787333033979, 2090588.54337566671893 ], [ 5998374.155359267257154, 2090589.506430332316086 ], [ 5998354.740722930058837, 2090592.386319586075842 ], [ 5998335.701851882040501, 2090597.155308520188555 ], [ 5998317.222100860439241, 2090603.767469164449722 ], [ 5998299.479439968243241, 2090612.159122796962038 ], [ 5998282.644740728661418, 2090622.249453206313774 ], [ 5998266.880130500532687, 2090633.941284994129092 ], [ 5998252.337431095540524, 2090647.122019429458305 ], [ 5998239.15669666044414, 2090661.664718833984807 ], [ 5998227.464864872395992, 2090677.42932906281203 ], [ 5998217.374534463509917, 2090694.264028301462531 ], [ 5998208.982880830764771, 2090712.006689193658531 ], [ 5998202.370720186270773, 2090730.486440215725452 ], [ 5998197.60173125192523, 2090749.525311263510957 ], [ 5998194.721841998398304, 2090768.939947600709274 ], [ 5998193.758787333033979, 2090788.54337566671893 ], [ 5998194.721841998398304, 2090808.146803732728586 ], [ 5998197.60173125192523, 2090827.561440069926903 ], [ 5998202.370720186270773, 2090846.600311117712408 ], [ 5998208.982880830764771, 2090865.080062139779329 ], [ 5998217.374534463509917, 2090882.822723031975329 ], [ 5998219.280210379511118, 2090886.002151215681806 ], [ 5998215.242712944746017, 2090902.120744499610737 ], [ 5998212.362823691219091, 2090921.535380836809054 ], [ 5998211.399769025854766, 2090941.13880890281871 ], [ 5998212.362823691219091, 2090960.742236968828365 ], [ 5998215.242712944746017, 2090980.156873306026682 ], [ 5998220.011701879091561, 2090999.195744353812188 ], [ 5998226.623862523585558, 2091017.675495375879109 ], [ 5998235.015516156330705, 2091035.418156268075109 ], [ 5998245.10584656521678, 2091052.252855506725609 ], [ 5998256.797678353264928, 2091068.017465735552832 ], [ 5998269.978412788361311, 2091082.560165140079334 ], [ 5998277.84985882602632, 2091089.694427971960977 ], [ 5998270.954093023203313, 2091098.992291820468381 ], [ 5998260.863762614317238, 2091115.826991059118882 ], [ 5998252.472108981572092, 2091133.569651951314881 ], [ 5998245.859948337078094, 2091152.049402973381802 ], [ 5998241.090959402732551, 2091171.088274021167308 ], [ 5998238.211070149205625, 2091190.502910358365625 ], [ 5998237.2480154838413, 2091210.106338424375281 ], [ 5998238.211070149205625, 2091229.709766490384936 ], [ 5998241.090959402732551, 2091249.124402827583253 ], [ 5998245.859948337078094, 2091268.163273875368759 ], [ 5998252.472108981572092, 2091286.64302489743568 ], [ 5998260.863762614317238, 2091304.38568578963168 ], [ 5998270.954093023203313, 2091321.22038502828218 ], [ 5998282.645924811251462, 2091336.984995257109404 ], [ 5998295.826659246347845, 2091351.527694661635906 ], [ 5998310.369358651340008, 2091364.708429096965119 ], [ 5998326.133968879468739, 2091376.400260884780437 ], [ 5998342.968668119050562, 2091386.490591294132173 ], [ 5998360.711329011246562, 2091394.882244926644489 ], [ 5998379.191080032847822, 2091401.494405570905656 ], [ 5998398.229951080866158, 2091406.263394505018368 ], [ 5998417.644587418064475, 2091409.143283758778125 ], [ 5998437.2480154838413, 2091410.106338424375281 ], [ 5998456.851443549618125, 2091409.143283758778125 ], [ 5998476.266079886816442, 2091406.263394505018368 ], [ 5998495.304950934834778, 2091401.494405570905656 ], [ 5998495.481132193468511, 2091401.431366908596829 ], [ 5998508.749721645377576, 2091400.779522907920182 ], [ 5998528.164357982575893, 2091397.899633654160425 ], [ 5998547.20322903059423, 2091393.130644720047712 ], [ 5998565.682980052195489, 2091386.518484075786546 ], [ 5998583.425640944391489, 2091378.12683044327423 ], [ 5998600.260340183973312, 2091368.036500033922493 ], [ 5998616.024950412102044, 2091356.344668246107176 ], [ 5998630.567649817094207, 2091343.163933810777962 ], [ 5998643.74838425219059, 2091328.62123440625146 ], [ 5998655.440216040238738, 2091312.856624177424237 ], [ 5998665.530546449124813, 2091296.021924938773736 ], [ 5998673.92220008186996, 2091278.279264046577737 ], [ 5998680.534360726363957, 2091259.799513024510816 ], [ 5998685.3033496607095, 2091240.76064197672531 ], [ 5998688.183238914236426, 2091221.346005639526993 ], [ 5998689.146293579600751, 2091201.742577573517337 ], [ 5998688.183238914236426, 2091182.139149507507682 ], [ 5998685.3033496607095, 2091162.724513170309365 ], [ 5998680.534360726363957, 2091143.685642122523859 ], [ 5998673.92220008186996, 2091125.205891100456938 ], [ 5998665.530546449124813, 2091107.463230208260939 ], [ 5998655.440216040238738, 2091090.628530969610438 ], [ 5998643.74838425219059, 2091074.863920740783215 ], [ 5998640.719962529838085, 2091071.52257227525115 ], [ 5998643.407800913788378, 2091067.038184850709513 ], [ 5998651.799454546533525, 2091049.295523958513513 ], [ 5998658.411615191027522, 2091030.815772936446592 ], [ 5998663.180604125373065, 2091011.776901888661087 ], [ 5998666.060493378899992, 2090992.36226555146277 ], [ 5998666.094580174423754, 2090991.668412887258455 ], [ 5998671.73339628148824, 2090975.908977610524744 ], [ 5998676.502385215833783, 2090956.870106562739238 ], [ 5998679.382274469360709, 2090937.455470225540921 ], [ 5998680.345329134725034, 2090917.852042159531265 ], [ 5998679.382274469360709, 2090898.24861409352161 ], [ 5998676.502385215833783, 2090878.833977756323293 ], [ 5998671.73339628148824, 2090859.795106708537787 ], [ 5998665.121235636994243, 2090841.315355686470866 ], [ 5998656.729582004249096, 2090823.572694794274867 ], [ 5998646.639251595363021, 2090806.737995555624366 ], [ 5998634.947419807314873, 2090790.973385326797143 ], [ 5998621.76668537221849, 2090776.430685922270641 ], [ 5998607.223985967226326, 2090763.249951486941427 ], [ 5998591.459375739097595, 2090751.558119699126109 ], [ 5998590.096181602217257, 2090750.741052577504888 ], [ 5998589.915843414142728, 2090749.525311263510957 ], [ 5998585.146854479797184, 2090730.486440215725452 ] ] ] } },
{ "type": "Feature", "properties": { "parent_sta": "902109", "stop_id": "LAKE_4", "stop_name": "A1 NE Chinatown Entrance / Exit", "stop_code": "LAKE_4", "stop_desc": "Pedestrian Access Point", "stop_lat": 37.7976, "stop_lon": -122.26553, "zone_id": "BA:79542", "stop_url": null, "tts_stop_n": null, "platform_c": null, "location_t": "2", "stop_timez": "America/Los_Angeles", "wheelchair": null, "level_id": null, "route_info": "{'route_id': None, 'route_type': None}" }, "geometry": { "type": "Polygon", "coordinates": [ [ [ 6051867.985704430378973, 2117424.412885177414864 ], [ 6051859.594050797633827, 2117406.670224285218865 ], [ 6051849.503720388747752, 2117389.835525046568364 ], [ 6051837.811888600699604, 2117374.070914817973971 ], [ 6051824.63115416560322, 2117359.528215412981808 ], [ 6051810.088454760611057, 2117346.347480977885425 ], [ 6051794.323844532482326, 2117334.655649189837277 ], [ 6051777.489145292900503, 2117324.565318780951202 ], [ 6051759.746484400704503, 2117316.173665148206055 ], [ 6051741.266733379103243, 2117309.561504504177719 ], [ 6051722.227862331084907, 2117304.792515569832176 ], [ 6051702.81322599388659, 2117301.912626315839589 ], [ 6051683.209797928109765, 2117300.949571650475264 ], [ 6051663.60636986233294, 2117301.912626315839589 ], [ 6051644.191733525134623, 2117304.792515569832176 ], [ 6051625.152862477116287, 2117309.561504504177719 ], [ 6051606.673111455515027, 2117316.173665148206055 ], [ 6051595.778085276484489, 2117321.326628763694316 ], [ 6051578.867998097091913, 2117318.818254282232374 ], [ 6051559.264570031315088, 2117317.855199616868049 ], [ 6051539.661141965538263, 2117318.818254282232374 ], [ 6051520.246505628339946, 2117321.698143536224961 ], [ 6051501.20763458032161, 2117326.467132470570505 ], [ 6051482.72788355872035, 2117333.07929311459884 ], [ 6051464.985222666524351, 2117341.470946747343987 ], [ 6051448.150523426942527, 2117351.561277156230062 ], [ 6051432.385913198813796, 2117363.25310894427821 ], [ 6051417.843213793821633, 2117376.433843379374593 ], [ 6051404.66247935872525, 2117390.976542784366757 ], [ 6051392.970647570677102, 2117406.741153012961149 ], [ 6051382.880317161791027, 2117423.57585225161165 ], [ 6051374.48866352904588, 2117441.31851314380765 ], [ 6051367.876502884551883, 2117459.798264165874571 ], [ 6051363.107513950206339, 2117478.837135213427246 ], [ 6051360.227624696679413, 2117498.251771551091224 ], [ 6051359.264570031315088, 2117517.855199616868049 ], [ 6051360.227624696679413, 2117537.458627682644874 ], [ 6051363.107513950206339, 2117556.873264020308852 ], [ 6051367.876502884551883, 2117575.912135067861527 ], [ 6051374.48866352904588, 2117594.391886089928448 ], [ 6051382.880317161791027, 2117612.134546982124448 ], [ 6051392.210213255137205, 2117627.700538211967796 ], [ 6051388.575160023756325, 2117637.859831409994513 ], [ 6051383.806171089410782, 2117656.898702457547188 ], [ 6051380.926281835883856, 2117676.313338795211166 ], [ 6051379.963227170519531, 2117695.916766860987991 ], [ 6051380.926281835883856, 2117715.520194926764816 ], [ 6051383.806171089410782, 2117734.934831264428794 ], [ 6051388.575160023756325, 2117753.973702311981469 ], [ 6051395.187320668250322, 2117772.45345333404839 ], [ 6051403.578974300995469, 2117790.19611422624439 ], [ 6051413.669304709881544, 2117807.030813464894891 ], [ 6051425.361136497929692, 2117822.795423693489283 ], [ 6051438.541870933026075, 2117837.338123098481447 ], [ 6051453.084570338018239, 2117850.51885753357783 ], [ 6051468.84918056614697, 2117862.210689321625978 ], [ 6051485.683879805728793, 2117872.301019730512053 ], [ 6051503.426540697924793, 2117880.6926733632572 ], [ 6051521.906291719526052, 2117887.304834007285535 ], [ 6051540.945162767544389, 2117892.073822941631079 ], [ 6051560.359799104742706, 2117894.953712195623666 ], [ 6051579.963227170519531, 2117895.916766860987991 ], [ 6051599.566655236296356, 2117894.953712195623666 ], [ 6051618.981291573494673, 2117892.073822941631079 ], [ 6051638.020162621513009, 2117887.304834007285535 ], [ 6051656.499913643114269, 2117880.6926733632572 ], [ 6051674.242574535310268, 2117872.301019730512053 ], [ 6051691.077273774892092, 2117862.210689321625978 ], [ 6051706.841884003020823, 2117850.51885753357783 ], [ 6051721.384583408012986, 2117837.338123098481447 ], [ 6051734.565317843109369, 2117822.795423693489283 ], [ 6051742.616402616724372, 2117811.939792542718351 ], [ 6051761.135238049551845, 2117814.686802284792066 ], [ 6051780.73866611532867, 2117815.649856950156391 ], [ 6051800.342094181105494, 2117814.686802284792066 ], [ 6051819.756730518303812, 2117811.806913030799478 ], [ 6051838.795601566322148, 2117807.037924096453935 ], [ 6051857.275352587923408, 2117800.425763452425599 ], [ 6051875.018013480119407, 2117792.034109819680452 ], [ 6051891.852712719701231, 2117781.943779410794377 ], [ 6051907.617322947829962, 2117770.251947622746229 ], [ 6051922.160022352822125, 2117757.071213187649846 ], [ 6051935.340756787918508, 2117742.528513782657683 ], [ 6051947.032588575966656, 2117726.76390355406329 ], [ 6051957.122918984852731, 2117709.92920431541279 ], [ 6051965.514572617597878, 2117692.18654342321679 ], [ 6051972.126733262091875, 2117673.706792401149869 ], [ 6051976.895722196437418, 2117654.667921353597194 ], [ 6051979.775611449964345, 2117635.253285015933216 ], [ 6051980.73866611532867, 2117615.649856950156391 ], [ 6051979.775611449964345, 2117596.046428884379566 ], [ 6051976.895722196437418, 2117576.631792546715587 ], [ 6051972.126733262091875, 2117557.592921499162912 ], [ 6051965.514572617597878, 2117539.113170477095991 ], [ 6051957.122918984852731, 2117521.370509584899992 ], [ 6051947.032588575966656, 2117504.535810346249491 ], [ 6051935.340756787918508, 2117488.771200117655098 ], [ 6051922.160022352822125, 2117474.228500712662935 ], [ 6051907.617322947829962, 2117461.047766277566552 ], [ 6051891.852712719701231, 2117449.355934489518404 ], [ 6051875.018013480119407, 2117439.265604080632329 ], [ 6051872.950148462317884, 2117438.287576765753329 ], [ 6051867.985704430378973, 2117424.412885177414864 ] ] ] } },
{ "type": "Feature", "properties": { "parent_sta": "902409", "stop_id": "SANL_2", "stop_name": "East Entrance / Exit", "stop_code": "SANL_2", "stop_desc": "Pedestrian Access Point", "stop_lat": 37.72152, "stop_lon": -122.16045, "zone_id": "BA:79542", "stop_url": null, "tts_stop_n": null, "platform_c": null, "location_t": "2", "stop_timez": "America/Los_Angeles", "wheelchair": null, "level_id": null, "route_info": "{'route_id': None, 'route_type': None}" }, "geometry": { "type": "Polygon", "coordinates": [ [ [ 6081489.119888823479414, 2089237.671802016440779 ], [ 6081471.377227931283414, 2089229.280148383928463 ], [ 6081452.897476909682155, 2089222.667987739667296 ], [ 6081433.858605861663818, 2089217.898998805554584 ], [ 6081414.443969524465501, 2089215.019109551794827 ], [ 6081394.840541458688676, 2089214.056054886197671 ], [ 6081375.237113392911851, 2089215.019109551794827 ], [ 6081355.822477055713534, 2089217.898998805554584 ], [ 6081336.783606007695198, 2089222.667987739667296 ], [ 6081318.303854986093938, 2089229.280148383928463 ], [ 6081300.561194093897939, 2089237.671802016440779 ], [ 6081283.726494854316115, 2089247.762132425792515 ], [ 6081267.961884626187384, 2089259.453964213607833 ], [ 6081253.419185221195221, 2089272.634698648937047 ], [ 6081240.238450786098838, 2089287.177398053463548 ], [ 6081228.54661899805069, 2089302.942008282290772 ], [ 6081224.360402625054121, 2089309.926288354210556 ], [ 6081212.897065985947847, 2089322.574131289729849 ], [ 6081201.205234197899699, 2089338.338741518557072 ], [ 6081191.114903789013624, 2089355.173440757207572 ], [ 6081182.723250156268477, 2089372.916101649403572 ], [ 6081176.11108951177448, 2089391.395852671470493 ], [ 6081171.342100577428937, 2089410.434723719255999 ], [ 6081168.462211323902011, 2089429.849360056454316 ], [ 6081167.499156658537686, 2089449.452788122463971 ], [ 6081168.462211323902011, 2089469.056216188473627 ], [ 6081171.342100577428937, 2089488.470852525671944 ], [ 6081176.11108951177448, 2089507.50972357345745 ], [ 6081182.723250156268477, 2089525.989474595524371 ], [ 6081191.114903789013624, 2089543.73213548772037 ], [ 6081201.205234197899699, 2089560.566834726370871 ], [ 6081212.897065985947847, 2089576.331444955198094 ], [ 6081226.07780042104423, 2089590.874144359724596 ], [ 6081240.620499826036394, 2089604.05487879505381 ], [ 6081256.385110054165125, 2089615.746710582869127 ], [ 6081273.219809293746948, 2089625.837040992220864 ], [ 6081290.962470185942948, 2089634.22869462473318 ], [ 6081308.928934217430651, 2089640.657198247034103 ], [ 6081316.597933647222817, 2089646.344915864057839 ], [ 6081333.43263288680464, 2089656.435246273409575 ], [ 6081351.17529377900064, 2089664.826899905921891 ], [ 6081369.6550448006019, 2089671.439060550183058 ], [ 6081388.693915848620236, 2089676.208049484295771 ], [ 6081408.108552185818553, 2089679.087938738055527 ], [ 6081427.711980251595378, 2089680.050993403652683 ], [ 6081447.315408317372203, 2089679.087938738055527 ], [ 6081466.73004465457052, 2089676.208049484295771 ], [ 6081485.768915702588856, 2089671.439060550183058 ], [ 6081504.248666724190116, 2089664.826899905921891 ], [ 6081521.991327616386116, 2089656.435246273409575 ], [ 6081538.826026855967939, 2089646.344915864057839 ], [ 6081554.59063708409667, 2089634.653084076242521 ], [ 6081569.133336489088833, 2089621.472349640913308 ], [ 6081582.314070924185216, 2089606.929650236386806 ], [ 6081594.005902712233365, 2089591.165040007559583 ], [ 6081604.09623312111944, 2089574.330340768909082 ], [ 6081612.487886753864586, 2089556.587679876713082 ], [ 6081617.779057124629617, 2089541.799849344417453 ], [ 6081620.902892795391381, 2089536.588044391945004 ], [ 6081629.294546428136528, 2089518.845383499749005 ], [ 6081635.906707072630525, 2089500.365632477682084 ], [ 6081640.675696006976068, 2089481.326761429896578 ], [ 6081643.555585260502994, 2089461.912125092698261 ], [ 6081644.518639925867319, 2089442.308697026688606 ], [ 6081643.555585260502994, 2089422.70526896067895 ], [ 6081640.675696006976068, 2089403.290632623480633 ], [ 6081635.906707072630525, 2089384.251761575695127 ], [ 6081629.294546428136528, 2089365.772010553628206 ], [ 6081620.902892795391381, 2089348.029349661432207 ], [ 6081610.812562386505306, 2089331.194650422781706 ], [ 6081599.120730598457158, 2089315.430040193954483 ], [ 6081585.939996163360775, 2089300.887340789427981 ], [ 6081571.397296758368611, 2089287.706606354098767 ], [ 6081555.63268653023988, 2089276.01477456628345 ], [ 6081538.797987290658057, 2089265.924444156931713 ], [ 6081521.055326398462057, 2089257.532790524419397 ], [ 6081517.332955678924918, 2089256.200904984027147 ], [ 6081505.954588063061237, 2089247.762132425792515 ], [ 6081489.119888823479414, 2089237.671802016440779 ] ] ] } },
{ "type": "Feature", "properties": { "parent_sta": "902509", "stop_id": "BAYF_2", "stop_name": "West Entrance / Exit", "stop_code": "BAYF_2", "stop_desc": "Pedestrian Access Point", "stop_lat": 37.69687, "stop_lon": -122.12699, "zone_id": "BA:79542", "stop_url": null, "tts_stop_n": null, "platform_c": null, "location_t": "2", "stop_timez": "America/Los_Angeles", "wheelchair": null, "level_id": null, "route_info": "{'route_id': None, 'route_type': None}" }, "geometry": { "type": "Polygon", "coordinates": [ [ [ 6091058.891634006053209, 2080121.824263941962272 ], [ 6091041.14897311385721, 2080113.432610309449956 ], [ 6091022.66922209225595, 2080106.820449665188789 ], [ 6091003.630351044237614, 2080102.051460731076077 ], [ 6090984.215714707039297, 2080099.17157147731632 ], [ 6090964.612286641262472, 2080098.208516811719164 ], [ 6090945.008858575485647, 2080099.17157147731632 ], [ 6090925.59422223828733, 2080102.051460731076077 ], [ 6090906.555351190268993, 2080106.820449665188789 ], [ 6090888.075600168667734, 2080113.432610309449956 ], [ 6090870.332939276471734, 2080121.824263941962272 ], [ 6090853.498240036889911, 2080131.914594351314008 ], [ 6090837.733629808761179, 2080143.606426139129326 ], [ 6090823.190930403769016, 2080156.787160574458539 ], [ 6090810.010195968672633, 2080171.329859978985041 ], [ 6090798.318364180624485, 2080187.094470207812265 ], [ 6090788.22803377173841, 2080203.929169446462765 ], [ 6090779.836380138993263, 2080221.671830338658765 ], [ 6090773.224219494499266, 2080240.151581360725686 ], [ 6090768.455230560153723, 2080259.190452408511192 ], [ 6090765.575341306626797, 2080278.605088745709509 ], [ 6090764.612286641262472, 2080298.208516811719164 ], [ 6090765.575341306626797, 2080317.81194487772882 ], [ 6090768.455230560153723, 2080337.226581214927137 ], [ 6090773.224219494499266, 2080356.265452262712643 ], [ 6090779.836380138993263, 2080374.745203284779564 ], [ 6090788.22803377173841, 2080392.487864176975563 ], [ 6090798.318364180624485, 2080409.322563415626064 ], [ 6090810.010195968672633, 2080425.087173644453287 ], [ 6090823.190930403769016, 2080439.629873048979789 ], [ 6090837.733629808761179, 2080452.810607484309003 ], [ 6090853.498240036889911, 2080464.50243927212432 ], [ 6090870.332939276471734, 2080474.592769681476057 ], [ 6090888.075600168667734, 2080482.984423313988373 ], [ 6090906.555351190268993, 2080489.596583958249539 ], [ 6090925.59422223828733, 2080494.365572892362252 ], [ 6090945.008858575485647, 2080497.245462146122009 ], [ 6090961.106283222325146, 2080498.036277908366174 ], [ 6090961.765386044047773, 2080498.924975186120719 ], [ 6090974.946120479144156, 2080513.467674590647221 ], [ 6090989.488819884136319, 2080526.648409025976434 ], [ 6091005.25343011226505, 2080538.340240813791752 ], [ 6091022.088129351846874, 2080548.430571223143488 ], [ 6091039.830790244042873, 2080556.822224855655804 ], [ 6091058.310541265644133, 2080563.434385499916971 ], [ 6091077.349412313662469, 2080568.203374434029683 ], [ 6091096.764048650860786, 2080571.08326368778944 ], [ 6091100.97718327306211, 2080571.29024171945639 ], [ 6091110.96143433265388, 2080572.771265460178256 ], [ 6091130.564862398430705, 2080573.734320125775412 ], [ 6091150.16829046420753, 2080572.771265460178256 ], [ 6091169.582926801405847, 2080569.891376206418499 ], [ 6091188.621797849424183, 2080565.122387272305787 ], [ 6091207.101548871025443, 2080558.51022662804462 ], [ 6091224.844209763221443, 2080550.118572995532304 ], [ 6091241.678909002803266, 2080540.028242586180568 ], [ 6091257.443519230931997, 2080528.33641079836525 ], [ 6091271.98621863592416, 2080515.155676363036036 ], [ 6091285.166953071020544, 2080500.612976958509535 ], [ 6091296.858784859068692, 2080484.848366729682311 ], [ 6091306.949115267954767, 2080468.013667491031811 ], [ 6091315.340768900699914, 2080450.271006598835811 ], [ 6091321.795392903499305, 2080432.231540995417163 ], [ 6091322.368417031131685, 2080431.458907400490716 ], [ 6091332.45874744001776, 2080414.624208161840215 ], [ 6091340.850401072762907, 2080396.881547269644216 ], [ 6091347.462561717256904, 2080378.401796247577295 ], [ 6091352.231550651602447, 2080359.362925199791789 ], [ 6091355.111439905129373, 2080339.948288862593472 ], [ 6091356.074494570493698, 2080320.344860796583816 ], [ 6091355.111439905129373, 2080300.741432730574161 ], [ 6091352.231550651602447, 2080281.326796393375844 ], [ 6091347.462561717256904, 2080262.287925345590338 ], [ 6091340.850401072762907, 2080243.808174323523417 ], [ 6091332.45874744001776, 2080226.065513431327417 ], [ 6091322.368417031131685, 2080209.230814192676917 ], [ 6091310.676585243083537, 2080193.466203963849694 ], [ 6091297.495850807987154, 2080178.923504559323192 ], [ 6091282.95315140299499, 2080165.742770123993978 ], [ 6091267.188541174866259, 2080154.05093833617866 ], [ 6091250.353841935284436, 2080143.960607926826924 ], [ 6091232.611181043088436, 2080135.568954294314608 ], [ 6091214.131430021487176, 2080128.956793650053442 ], [ 6091195.09255897346884, 2080124.187804715940729 ], [ 6091175.677922636270523, 2080121.307915462180972 ], [ 6091156.074494570493698, 2080120.344860796583816 ], [ 6091136.471066504716873, 2080121.307915462180972 ], [ 6091117.056430167518556, 2080124.187804715940729 ], [ 6091098.01755911950022, 2080128.956793650053442 ], [ 6091080.290523381903768, 2080135.299628459149972 ], [ 6091075.726333245635033, 2080131.914594351314008 ], [ 6091058.891634006053209, 2080121.824263941962272 ] ] ] } },
{ "type": "Feature", "properties": { "parent_sta": "902609", "stop_id": "HAYW_1", "stop_name": "Main Entrance / Exit", "stop_code": "HAYW_1", "stop_desc": "Pedestrian Access Point", "stop_lat": 37.66958, "stop_lon": -122.0866, "zone_id": "BA:79542", "stop_url": null, "tts_stop_n": null, "platform_c": null, "location_t": "2", "stop_timez": "America/Los_Angeles", "wheelchair": null, "level_id": null, "route_info": "{'route_id': None, 'route_type': None}" }, "geometry": { "type": "Polygon", "coordinates": [ [ [ 6102679.324581378139555, 2070142.686677861725911 ], [ 6102676.444692124612629, 2070123.272041524527594 ], [ 6102671.675703190267086, 2070104.233170476742089 ], [ 6102665.063542545773089, 2070085.753419454675168 ], [ 6102656.671888913027942, 2070068.010758562479168 ], [ 6102646.581558504141867, 2070051.176059323828667 ], [ 6102634.889726716093719, 2070035.411449095001444 ], [ 6102621.708992280997336, 2070020.868749690474942 ], [ 6102607.166292876005173, 2070007.688015255145729 ], [ 6102591.401682647876441, 2069995.996183467330411 ], [ 6102574.566983408294618, 2069985.905853057978675 ], [ 6102556.824322516098619, 2069977.514199425466359 ], [ 6102538.344571494497359, 2069970.902038781205192 ], [ 6102519.305700446479023, 2069966.133049847092479 ], [ 6102499.891064109280705, 2069963.253160593332723 ], [ 6102480.287636043503881, 2069962.290105927735567 ], [ 6102460.684207977727056, 2069963.253160593332723 ], [ 6102441.269571640528738, 2069966.133049847092479 ], [ 6102422.230700592510402, 2069970.902038781205192 ], [ 6102403.750949570909142, 2069977.514199425466359 ], [ 6102386.008288678713143, 2069985.905853057978675 ], [ 6102369.17358943913132, 2069995.996183467330411 ], [ 6102353.408979211002588, 2070007.688015255145729 ], [ 6102338.866279806010425, 2070020.868749690474942 ], [ 6102325.685545370914042, 2070035.411449095001444 ], [ 6102314.971629731357098, 2070049.857492037350312 ], [ 6102300.307570973411202, 2070047.682284400099888 ], [ 6102280.704142907634377, 2070046.719229734502733 ], [ 6102261.100714841857553, 2070047.682284400099888 ], [ 6102241.686078504659235, 2070050.562173653859645 ], [ 6102222.647207456640899, 2070055.331162587972358 ], [ 6102204.167456435039639, 2070061.943323232233524 ], [ 6102186.42479554284364, 2070070.33497686474584 ], [ 6102169.590096303261817, 2070080.425307274097577 ], [ 6102153.825486075133085, 2070092.117139061912894 ], [ 6102139.282786670140922, 2070105.297873497242108 ], [ 6102126.102052235044539, 2070119.84057290176861 ], [ 6102114.410220446996391, 2070135.605183130595833 ], [ 6102104.319890038110316, 2070152.439882369246334 ], [ 6102095.928236405365169, 2070170.182543261442333 ], [ 6102089.316075760871172, 2070188.662294283509254 ], [ 6102084.547086826525629, 2070207.70116533129476 ], [ 6102081.667197572998703, 2070227.115801668493077 ], [ 6102080.704142907634377, 2070246.719229734502733 ], [ 6102081.667197572998703, 2070266.322657800512388 ], [ 6102084.547086826525629, 2070285.737294137710705 ], [ 6102089.316075760871172, 2070304.776165185496211 ], [ 6102095.928236405365169, 2070323.255916207563132 ], [ 6102104.319890038110316, 2070340.998577099759132 ], [ 6102114.410220446996391, 2070357.833276338409632 ], [ 6102126.102052235044539, 2070373.597886567236856 ], [ 6102139.282786670140922, 2070388.140585971763358 ], [ 6102153.825486075133085, 2070401.321320407092571 ], [ 6102160.341200152412057, 2070406.153703312389553 ], [ 6102169.781120963394642, 2070418.881963080959395 ], [ 6102182.961855398491025, 2070433.424662485485896 ], [ 6102197.504554803483188, 2070446.60539692081511 ], [ 6102213.269165031611919, 2070458.297228708630428 ], [ 6102230.103864271193743, 2070468.387559117982164 ], [ 6102247.846525163389742, 2070476.77921275049448 ], [ 6102266.326276184991002, 2070483.391373394755647 ], [ 6102285.365147233009338, 2070488.160362328868359 ], [ 6102304.779783570207655, 2070491.040251582628116 ], [ 6102324.38321163598448, 2070492.003306248225272 ], [ 6102343.986639701761305, 2070491.040251582628116 ], [ 6102363.401276038959622, 2070488.160362328868359 ], [ 6102382.440147086977959, 2070483.391373394755647 ], [ 6102400.919898108579218, 2070476.77921275049448 ], [ 6102418.662559000775218, 2070468.387559117982164 ], [ 6102435.497258240357041, 2070458.297228708630428 ], [ 6102451.261868468485773, 2070446.60539692081511 ], [ 6102465.804567873477936, 2070433.424662485485896 ], [ 6102478.985302308574319, 2070418.881963080959395 ], [ 6102490.677134096622467, 2070403.117352852132171 ], [ 6102500.767464505508542, 2070386.282653613481671 ], [ 6102509.159118138253689, 2070368.539992721285671 ], [ 6102512.404084221459925, 2070359.47092006681487 ], [ 6102519.305700446479023, 2070358.447162008378655 ], [ 6102538.344571494497359, 2070353.678173074265942 ], [ 6102556.824322516098619, 2070347.066012430004776 ], [ 6102574.566983408294618, 2070338.674358797492459 ], [ 6102591.401682647876441, 2070328.584028388140723 ], [ 6102607.166292876005173, 2070316.892196600325406 ], [ 6102621.708992280997336, 2070303.711462164996192 ], [ 6102634.889726716093719, 2070289.16876276046969 ], [ 6102646.581558504141867, 2070273.404152531642467 ], [ 6102656.671888913027942, 2070256.569453292991966 ], [ 6102665.063542545773089, 2070238.826792400795966 ], [ 6102671.675703190267086, 2070220.347041378729045 ], [ 6102676.444692124612629, 2070201.30817033094354 ], [ 6102679.324581378139555, 2070181.893533993745223 ], [ 6102680.287636043503881, 2070162.290105927735567 ], [ 6102679.324581378139555, 2070142.686677861725911 ] ] ] } },
{ "type": "Feature", "properties": { "parent_sta": "902709", "stop_id": "SHAY_1", "stop_name": "Main Entrance / Exit", "stop_code": "SHAY_1", "stop_desc": "Pedestrian Access Point", "stop_lat": 37.63451, "stop_lon": -122.05686, "zone_id": "BA:79542", "stop_url": null, "tts_stop_n": null, "platform_c": null, "location_t": "2", "stop_timez": "America/Los_Angeles", "wheelchair": null, "level_id": null, "route_info": "{'route_id': None, 'route_type': None}" }, "geometry": { "type": "Polygon", "coordinates": [ [ [ 6111074.34868629463017, 2057250.019319295883179 ], [ 6111073.385631629265845, 2057230.415891229873523 ], [ 6111070.505742375738919, 2057211.001254892675206 ], [ 6111065.736753441393375, 2057191.9623838448897 ], [ 6111059.124592796899378, 2057173.482632822822779 ], [ 6111050.732939164154232, 2057155.73997193062678 ], [ 6111040.642608755268157, 2057138.905272691976279 ], [ 6111028.950776967220008, 2057123.140662463149056 ], [ 6111015.770042532123625, 2057108.597963058622554 ], [ 6111001.227343127131462, 2057095.41722862329334 ], [ 6110985.462732899002731, 2057083.725396835478023 ], [ 6110968.628033659420907, 2057073.635066426126286 ], [ 6110950.885372767224908, 2057065.24341279361397 ], [ 6110932.405621745623648, 2057058.631252149352804 ], [ 6110913.366750697605312, 2057053.862263215240091 ], [ 6110893.952114360406995, 2057050.982373961480334 ], [ 6110874.34868629463017, 2057050.019319295883179 ], [ 6110854.745258228853345, 2057050.982373961480334 ], [ 6110835.330621891655028, 2057053.862263215240091 ], [ 6110816.291750843636692, 2057058.631252149352804 ], [ 6110797.811999822035432, 2057065.24341279361397 ], [ 6110780.069338929839432, 2057073.635066426126286 ], [ 6110763.234639690257609, 2057083.725396835478023 ], [ 6110747.470029462128878, 2057095.41722862329334 ], [ 6110732.927330057136714, 2057108.597963058622554 ], [ 6110719.746595622040331, 2057123.140662463149056 ], [ 6110708.054763833992183, 2057138.905272691976279 ], [ 6110697.964433425106108, 2057155.73997193062678 ], [ 6110689.572779792360961, 2057173.482632822822779 ], [ 6110682.960619147866964, 2057191.9623838448897 ], [ 6110678.191630213521421, 2057211.001254892675206 ], [ 6110675.311740959994495, 2057230.415891229873523 ], [ 6110674.34868629463017, 2057250.019319295883179 ], [ 6110675.311740959994495, 2057269.622747361892834 ], [ 6110678.191630213521421, 2057289.037383699091151 ], [ 6110682.960619147866964, 2057308.076254746876657 ], [ 6110689.572779792360961, 2057326.556005768943578 ], [ 6110697.964433425106108, 2057344.298666661139578 ], [ 6110708.054763833992183, 2057361.133365899790078 ], [ 6110719.746595622040331, 2057376.897976128617302 ], [ 6110732.927330057136714, 2057391.440675533143803 ], [ 6110747.470029462128878, 2057404.621409968473017 ], [ 6110763.234639690257609, 2057416.313241756288335 ], [ 6110780.069338929839432, 2057426.403572165640071 ], [ 6110797.811999822035432, 2057434.795225798152387 ], [ 6110816.291750843636692, 2057441.407386442413554 ], [ 6110835.330621891655028, 2057446.176375376526266 ], [ 6110854.745258228853345, 2057449.056264630286023 ], [ 6110874.34868629463017, 2057450.019319295883179 ], [ 6110893.952114360406995, 2057449.056264630286023 ], [ 6110913.366750697605312, 2057446.176375376526266 ], [ 6110932.405621745623648, 2057441.407386442413554 ], [ 6110950.885372767224908, 2057434.795225798152387 ], [ 6110968.628033659420907, 2057426.403572165640071 ], [ 6110985.462732899002731, 2057416.313241756288335 ], [ 6111001.227343127131462, 2057404.621409968473017 ], [ 6111015.770042532123625, 2057391.440675533143803 ], [ 6111028.950776967220008, 2057376.897976128617302 ], [ 6111040.642608755268157, 2057361.133365899790078 ], [ 6111050.732939164154232, 2057344.298666661139578 ], [ 6111059.124592796899378, 2057326.556005768943578 ], [ 6111065.736753441393375, 2057308.076254746876657 ], [ 6111070.505742375738919, 2057289.037383699091151 ], [ 6111073.385631629265845, 2057269.622747361892834 ], [ 6111074.34868629463017, 2057250.019319295883179 ] ] ] } },
{ "type": "Feature", "properties": { "parent_sta": "902909", "stop_id": "FRMT_1", "stop_name": "East Plaza Entrance / Exit", "stop_code": "FRMT_1", "stop_desc": "Pedestrian Access Point", "stop_lat": 37.55751, "stop_lon": -121.97643, "zone_id": "BA:79542", "stop_url": null, "tts_stop_n": null, "platform_c": null, "location_t": "2", "stop_timez": "America/Los_Angeles", "wheelchair": null, "level_id": null, "route_info": "{'route_id': None, 'route_type': None}" }, "geometry": { "type": "Polygon", "coordinates": [ [ [ 6133731.4443763429299, 2028624.356007168069482 ], [ 6133713.7017154507339, 2028615.964353535557166 ], [ 6133695.22196442913264, 2028609.352192891295999 ], [ 6133676.183093381114304, 2028604.583203957183287 ], [ 6133656.768457043915987, 2028601.70331470342353 ], [ 6133637.165028978139162, 2028600.740260037826374 ], [ 6133617.561600912362337, 2028601.70331470342353 ], [ 6133598.14696457516402, 2028604.583203957183287 ], [ 6133579.108093527145684, 2028609.352192891295999 ], [ 6133560.628342505544424, 2028615.964353535557166 ], [ 6133542.885681613348424, 2028624.356007168069482 ], [ 6133526.050982373766601, 2028634.446337577421218 ], [ 6133510.28637214563787, 2028646.138169365236536 ], [ 6133495.743672740645707, 2028659.318903800565749 ], [ 6133482.562938305549324, 2028673.861603205092251 ], [ 6133470.871106517501175, 2028689.626213433919474 ], [ 6133460.7807761086151, 2028706.460912672569975 ], [ 6133452.389122475869954, 2028724.203573564765975 ], [ 6133445.776961831375957, 2028742.683324586832896 ], [ 6133441.007972897030413, 2028761.722195634618402 ], [ 6133438.128083643503487, 2028781.136831971816719 ], [ 6133437.165028978139162, 2028800.740260037826374 ], [ 6133438.128083643503487, 2028820.34368810383603 ], [ 6133441.007972897030413, 2028839.758324441034347 ], [ 6133445.776961831375957, 2028858.797195488819852 ], [ 6133452.389122475869954, 2028877.276946510886773 ], [ 6133460.7807761086151, 2028895.019607403082773 ], [ 6133470.871106517501175, 2028911.854306641733274 ], [ 6133482.562938305549324, 2028927.618916870560497 ], [ 6133495.743672740645707, 2028942.161616275086999 ], [ 6133503.610531826503575, 2028949.291721736546606 ], [ 6133505.327427864074707, 2028956.145954931620508 ], [ 6133511.939588508568704, 2028974.625705953687429 ], [ 6133520.331242141313851, 2028992.368366845883429 ], [ 6133530.421572550199926, 2029009.20306608453393 ], [ 6133542.113404338248074, 2029024.967676313361153 ], [ 6133555.294138773344457, 2029039.510375717887655 ], [ 6133569.83683817833662, 2029052.691110153216869 ], [ 6133585.601448406465352, 2029064.382941941032186 ], [ 6133602.436147646047175, 2029074.473272350383922 ], [ 6133620.178808538243175, 2029082.864925982896239 ], [ 6133638.658559559844434, 2029089.477086627157405 ], [ 6133657.697430607862771, 2029094.246075561270118 ], [ 6133677.112066945061088, 2029097.125964815029874 ], [ 6133696.715495010837913, 2029098.08901948062703 ], [ 6133716.318923076614738, 2029097.125964815029874 ], [ 6133735.733559413813055, 2029094.246075561270118 ], [ 6133754.772430461831391, 2029089.477086627157405 ], [ 6133773.252181483432651, 2029082.864925982896239 ], [ 6133790.99484237562865, 2029074.473272350383922 ], [ 6133807.829541615210474, 2029064.382941941032186 ], [ 6133823.594151843339205, 2029052.691110153216869 ], [ 6133838.136851248331368, 2029039.510375717887655 ], [ 6133844.029768849723041, 2029033.008543083909899 ], [ 6133854.798745948821306, 2029025.021725335158408 ], [ 6133869.341445353813469, 2029011.840990899829194 ], [ 6133882.522179788909853, 2028997.298291495302692 ], [ 6133894.214011576958001, 2028981.533681266475469 ], [ 6133904.304341985844076, 2028964.698982027824968 ], [ 6133912.695995618589222, 2028946.956321135628968 ], [ 6133919.30815626308322, 2028928.476570113562047 ], [ 6133924.077145197428763, 2028909.437699065776542 ], [ 6133926.957034450955689, 2028890.023062728578225 ], [ 6133927.920089116320014, 2028870.419634662568569 ], [ 6133926.957034450955689, 2028850.816206596558914 ], [ 6133924.077145197428763, 2028831.401570259360597 ], [ 6133919.30815626308322, 2028812.362699211575091 ], [ 6133915.140260328538716, 2028800.714210419915617 ], [ 6133915.106791218742728, 2028800.488580009201542 ], [ 6133910.337802284397185, 2028781.449708961416036 ], [ 6133903.725641639903188, 2028762.969957939349115 ], [ 6133895.333988007158041, 2028745.227297047153115 ], [ 6133885.243657598271966, 2028728.392597808502614 ], [ 6133873.551825810223818, 2028712.627987579675391 ], [ 6133860.371091375127435, 2028698.085288175148889 ], [ 6133845.828391970135272, 2028684.904553739819676 ], [ 6133830.06378174200654, 2028673.212721952004358 ], [ 6133813.229082502424717, 2028663.122391542652622 ], [ 6133795.486421610228717, 2028654.730737910140306 ], [ 6133777.006670588627458, 2028648.118577265879139 ], [ 6133761.464808248914778, 2028644.225543412845582 ], [ 6133748.279075582511723, 2028634.446337577421218 ], [ 6133731.4443763429299, 2028624.356007168069482 ] ] ] } },
{ "type": "Feature", "properties": { "parent_sta": "903109", "stop_id": "ROCK_2", "stop_name": "Main (South) Entrance / Exit", "stop_code": "ROCK_2", "stop_desc": "Pedestrian Access Point", "stop_lat": 37.8445, "stop_lon": -122.25144, "zone_id": "BA:79542", "stop_url": null, "tts_stop_n": null, "platform_c": null, "location_t": "2", "stop_timez": "America/Los_Angeles", "wheelchair": null, "level_id": null, "route_info": "{'route_id': None, 'route_type': None}" }, "geometry": { "type": "Polygon", "coordinates": [ [ [ 6056168.937574902549386, 2134674.260764798615128 ], [ 6056166.05768564902246, 2134654.846128460951149 ], [ 6056161.288696714676917, 2134635.807257413398474 ], [ 6056154.67653607018292, 2134617.327506391331553 ], [ 6056146.284882437437773, 2134599.584845499135554 ], [ 6056136.194552028551698, 2134582.750146260485053 ], [ 6056124.50272024050355, 2134566.985536031890661 ], [ 6056111.321985805407166, 2134552.442836626898497 ], [ 6056096.779286400415003, 2134539.262102191802114 ], [ 6056081.014676172286272, 2134527.570270403753966 ], [ 6056064.179976932704449, 2134517.479939994867891 ], [ 6056046.437316040508449, 2134509.088286362122744 ], [ 6056027.957565018907189, 2134502.476125718094409 ], [ 6056008.918693970888853, 2134497.707136783748865 ], [ 6055989.504057633690536, 2134494.827247529756278 ], [ 6055969.900629567913711, 2134493.864192864391953 ], [ 6055950.297201502136886, 2134494.827247529756278 ], [ 6055930.882565164938569, 2134497.707136783748865 ], [ 6055911.843694116920233, 2134502.476125718094409 ], [ 6055893.363943095318973, 2134509.088286362122744 ], [ 6055875.621282203122973, 2134517.479939994867891 ], [ 6055858.78658296354115, 2134527.570270403753966 ], [ 6055845.565814363770187, 2134537.375460658688098 ], [ 6055830.256320616230369, 2134536.623353459406644 ], [ 6055810.652892550453544, 2134537.586408124770969 ], [ 6055791.238256213255227, 2134540.466297378763556 ], [ 6055772.19938516523689, 2134545.2352863131091 ], [ 6055753.719634143635631, 2134551.847446957137436 ], [ 6055735.976973251439631, 2134560.239100589882582 ], [ 6055719.142274011857808, 2134570.329430998768657 ], [ 6055703.377663783729076, 2134582.021262786816806 ], [ 6055688.834964378736913, 2134595.201997221913189 ], [ 6055675.65422994364053, 2134609.744696626905352 ], [ 6055663.962398155592382, 2134625.509306855499744 ], [ 6055653.872067746706307, 2134642.344006094150245 ], [ 6055645.48041411396116, 2134660.086666986346245 ], [ 6055638.868253469467163, 2134678.566418008413166 ], [ 6055634.09926453512162, 2134697.605289055965841 ], [ 6055631.219375281594694, 2134717.019925393629819 ], [ 6055630.256320616230369, 2134736.623353459406644 ], [ 6055631.219375281594694, 2134756.226781525183469 ], [ 6055634.09926453512162, 2134775.641417862847447 ], [ 6055638.868253469467163, 2134794.680288910400122 ], [ 6055645.48041411396116, 2134813.160039932467043 ], [ 6055653.872067746706307, 2134830.902700824663043 ], [ 6055663.962398155592382, 2134847.737400063313544 ], [ 6055675.65422994364053, 2134863.502010291907936 ], [ 6055688.834964378736913, 2134878.0447096969001 ], [ 6055703.377663783729076, 2134891.225444131996483 ], [ 6055719.142274011857808, 2134902.917275920044631 ], [ 6055735.976973251439631, 2134913.007606328930706 ], [ 6055753.719634143635631, 2134921.399259961675853 ], [ 6055772.19938516523689, 2134928.011420605704188 ], [ 6055791.238256213255227, 2134932.780409540049732 ], [ 6055810.652892550453544, 2134935.660298794042319 ], [ 6055830.256320616230369, 2134936.623353459406644 ], [ 6055849.859748682007194, 2134935.660298794042319 ], [ 6055869.274385019205511, 2134932.780409540049732 ], [ 6055888.313256067223847, 2134928.011420605704188 ], [ 6055906.793007088825107, 2134921.399259961675853 ], [ 6055924.535667981021106, 2134913.007606328930706 ], [ 6055941.37036722060293, 2134902.917275920044631 ], [ 6055954.591135820373893, 2134893.112085665110499 ], [ 6055969.900629567913711, 2134893.864192864391953 ], [ 6055989.504057633690536, 2134892.901138199027628 ], [ 6056008.918693970888853, 2134890.02124894503504 ], [ 6056027.957565018907189, 2134885.252260010689497 ], [ 6056046.437316040508449, 2134878.640099366661161 ], [ 6056064.179976932704449, 2134870.248445733916014 ], [ 6056081.014676172286272, 2134860.158115325029939 ], [ 6056096.779286400415003, 2134848.466283536981791 ], [ 6056111.321985805407166, 2134835.285549101885408 ], [ 6056124.50272024050355, 2134820.742849696893245 ], [ 6056136.194552028551698, 2134804.978239468298852 ], [ 6056146.284882437437773, 2134788.143540229648352 ], [ 6056154.67653607018292, 2134770.400879337452352 ], [ 6056161.288696714676917, 2134751.921128315385431 ], [ 6056166.05768564902246, 2134732.882257267832756 ], [ 6056168.937574902549386, 2134713.467620930168778 ], [ 6056169.900629567913711, 2134693.864192864391953 ], [ 6056168.937574902549386, 2134674.260764798615128 ] ] ] } },
{ "type": "Feature", "properties": { "parent_sta": "904109", "stop_id": "ASHB_2", "stop_name": "Adeline Street East Entrance / Exit Elevator", "stop_code": "ASHB_2", "stop_desc": "Pedestrian Access Point", "stop_lat": 37.85276, "stop_lon": -122.26957, "zone_id": "BA:79542", "stop_url": null, "tts_stop_n": null, "platform_c": null, "location_t": "2", "stop_timez": "America/Los_Angeles", "wheelchair": null, "level_id": null, "route_info": "{'route_id': None, 'route_type': None}" }, "geometry": { "type": "Polygon", "coordinates": [ [ [ 6050944.02188431750983, 2137611.074647593311965 ], [ 6050937.409723673015833, 2137592.594896571245044 ], [ 6050929.018070040270686, 2137574.852235679049045 ], [ 6050918.927739631384611, 2137558.017536440398544 ], [ 6050907.235907843336463, 2137542.252926211804152 ], [ 6050894.05517340824008, 2137527.710226806811988 ], [ 6050879.512474003247917, 2137514.529492371715605 ], [ 6050863.747863775119185, 2137502.837660583667457 ], [ 6050846.913164535537362, 2137492.747330174781382 ], [ 6050829.170503643341362, 2137484.355676542036235 ], [ 6050810.690752621740103, 2137477.7435158980079 ], [ 6050791.651881573721766, 2137472.974526963662356 ], [ 6050772.237245236523449, 2137470.094637709669769 ], [ 6050752.633817170746624, 2137469.131583044305444 ], [ 6050733.0303891049698, 2137470.094637709669769 ], [ 6050713.615752767771482, 2137472.974526963662356 ], [ 6050694.576881719753146, 2137477.7435158980079 ], [ 6050676.097130698151886, 2137484.355676542036235 ], [ 6050658.354469805955887, 2137492.747330174781382 ], [ 6050641.519770566374063, 2137502.837660583667457 ], [ 6050625.755160338245332, 2137514.529492371715605 ], [ 6050611.212460933253169, 2137527.710226806811988 ], [ 6050598.031726498156786, 2137542.252926211804152 ], [ 6050586.339894710108638, 2137558.017536440398544 ], [ 6050576.249564301222563, 2137574.852235679049045 ], [ 6050567.857910668477416, 2137592.594896571245044 ], [ 6050561.245750023983419, 2137611.074647593311965 ], [ 6050557.745288291946054, 2137625.049274172633886 ], [ 6050552.783658165484667, 2137628.023160823620856 ], [ 6050537.019047937355936, 2137639.714992611669004 ], [ 6050522.476348532363772, 2137652.895727046765387 ], [ 6050509.295614097267389, 2137667.43842645175755 ], [ 6050497.603782309219241, 2137683.203036680351943 ], [ 6050487.513451900333166, 2137700.037735919002444 ], [ 6050481.809937682934105, 2137712.096803544089198 ], [ 6050480.81317634228617, 2137713.440780631732196 ], [ 6050470.722845933400095, 2137730.275479870382696 ], [ 6050462.331192300654948, 2137748.018140762578696 ], [ 6050455.719031656160951, 2137766.497891784645617 ], [ 6050450.950042721815407, 2137785.536762832198292 ], [ 6050448.070153468288481, 2137804.95139916986227 ], [ 6050447.107098802924156, 2137824.554827235639095 ], [ 6050448.070153468288481, 2137844.15825530141592 ], [ 6050450.950042721815407, 2137863.572891639079899 ], [ 6050455.719031656160951, 2137882.611762686632574 ], [ 6050462.331192300654948, 2137901.091513708699495 ], [ 6050470.722845933400095, 2137918.834174600895494 ], [ 6050480.81317634228617, 2137935.668873839545995 ], [ 6050481.067129837349057, 2137936.011290489230305 ], [ 6050481.945064723491669, 2137953.882065642625093 ], [ 6050484.824953977018595, 2137973.296701980289072 ], [ 6050489.593942911364138, 2137992.335573027841747 ], [ 6050496.206103555858135, 2138010.815324049908668 ], [ 6050498.079010203480721, 2138014.775252447929233 ], [ 6050503.469748797826469, 2138029.841357524506748 ], [ 6050511.861402430571616, 2138047.584018416702747 ], [ 6050518.50271849706769, 2138058.664384866598994 ], [ 6050518.587217851541936, 2138060.384408737998456 ], [ 6050521.467107105068862, 2138079.799045075662434 ], [ 6050526.236096039414406, 2138098.837916123215109 ], [ 6050532.848256683908403, 2138117.31766714528203 ], [ 6050541.23991031665355, 2138135.06032803747803 ], [ 6050551.330240725539625, 2138151.895027276128531 ], [ 6050563.022072513587773, 2138167.659637504722923 ], [ 6050576.202806948684156, 2138182.202336909715086 ], [ 6050590.745506353676319, 2138195.383071344811469 ], [ 6050606.51011658180505, 2138207.074903132859617 ], [ 6050623.344815821386874, 2138217.165233541745692 ], [ 6050641.087476713582873, 2138225.556887174490839 ], [ 6050659.567227735184133, 2138232.169047818519175 ], [ 6050678.606098783202469, 2138236.938036752864718 ], [ 6050698.020735120400786, 2138239.817926006857306 ], [ 6050717.624163186177611, 2138240.780980672221631 ], [ 6050737.227591251954436, 2138239.817926006857306 ], [ 6050756.642227589152753, 2138236.938036752864718 ], [ 6050775.68109863717109, 2138232.169047818519175 ], [ 6050794.160849658772349, 2138225.556887174490839 ], [ 6050811.903510550968349, 2138217.165233541745692 ], [ 6050828.738209790550172, 2138207.074903132859617 ], [ 6050844.502820018678904, 2138195.383071344811469 ], [ 6050859.045519423671067, 2138182.202336909715086 ], [ 6050872.22625385876745, 2138167.659637504722923 ], [ 6050883.918085646815598, 2138151.895027276128531 ], [ 6050892.414793957024813, 2138137.719125881325454 ], [ 6050899.090420425869524, 2138128.718085563275963 ], [ 6050909.180750834755599, 2138111.883386324625462 ], [ 6050917.572404467500746, 2138094.140725432429463 ], [ 6050924.184565111994743, 2138075.660974410362542 ], [ 6050928.953554046340287, 2138056.622103362809867 ], [ 6050931.833443299867213, 2138037.207467025145888 ], [ 6050932.796497965231538, 2138017.604038959369063 ], [ 6050931.833443299867213, 2137998.000610893592238 ], [ 6050928.953554046340287, 2137978.58597455592826 ], [ 6050924.184565111994743, 2137959.547103508375585 ], [ 6050921.566357892937958, 2137952.229704531375319 ], [ 6050934.060735768638551, 2137940.905460515525192 ], [ 6050947.241470203734934, 2137926.362761110533029 ], [ 6050958.933301991783082, 2137910.598150881938636 ], [ 6050969.023632400669158, 2137893.763451643288136 ], [ 6050977.415286033414304, 2137876.020790751092136 ], [ 6050984.027446677908301, 2137857.541039729025215 ], [ 6050988.796435612253845, 2137838.50216868147254 ], [ 6050991.676324865780771, 2137819.087532343808562 ], [ 6050992.639379531145096, 2137799.484104278031737 ], [ 6050991.676324865780771, 2137779.880676212254912 ], [ 6050988.796435612253845, 2137760.466039874590933 ], [ 6050984.027446677908301, 2137741.427168827038258 ], [ 6050977.415286033414304, 2137722.947417804971337 ], [ 6050969.023632400669158, 2137705.204756912775338 ], [ 6050958.933301991783082, 2137688.370057674124837 ], [ 6050952.138761148788035, 2137679.208679883275181 ], [ 6050952.633817170746624, 2137669.131583044305444 ], [ 6050951.670762505382299, 2137649.528154978528619 ], [ 6050948.790873251855373, 2137630.11351864086464 ], [ 6050944.02188431750983, 2137611.074647593311965 ] ] ] } },
{ "type": "Feature", "properties": { "parent_sta": "904209", "stop_id": "DBRK_4", "stop_name": "A1 Shattuck Ave & Addison Street (East) Entrance / Exit", "stop_code": "DBRK_4", "stop_desc": "Pedestrian Access Point", "stop_lat": 37.87101, "stop_lon": -122.26814, "zone_id": "BA:79542", "stop_url": null, "tts_stop_n": null, "platform_c": null, "location_t": "2", "stop_timez": "America/Los_Angeles", "wheelchair": null, "level_id": null, "route_info": "{'route_id': None, 'route_type': None}" }, "geometry": { "type": "Polygon", "coordinates": [ [ [ 6051447.582401572726667, 2143744.933309414889663 ], [ 6051433.039702167734504, 2143731.75257497979328 ], [ 6051417.275091939605772, 2143720.060743191745132 ], [ 6051400.440392700023949, 2143709.970412782859057 ], [ 6051382.69773180782795, 2143701.57875915011391 ], [ 6051364.21798078622669, 2143694.966598506085575 ], [ 6051345.179109738208354, 2143690.197609571740031 ], [ 6051325.764473401010036, 2143687.317720317747444 ], [ 6051306.161045335233212, 2143686.354665652383119 ], [ 6051286.557617269456387, 2143687.317720317747444 ], [ 6051267.14298093225807, 2143690.197609571740031 ], [ 6051248.104109884239733, 2143694.966598506085575 ], [ 6051229.624358862638474, 2143701.57875915011391 ], [ 6051211.881697970442474, 2143709.970412782859057 ], [ 6051195.046998730860651, 2143720.060743191745132 ], [ 6051179.282388502731919, 2143731.75257497979328 ], [ 6051164.739689097739756, 2143744.933309414889663 ], [ 6051151.558954662643373, 2143759.476008819881827 ], [ 6051139.867122874595225, 2143775.240619048476219 ], [ 6051129.77679246570915, 2143792.07531828712672 ], [ 6051121.385138832964003, 2143809.81797917932272 ], [ 6051114.772978188470006, 2143828.297730201389641 ], [ 6051110.003989254124463, 2143847.336601248942316 ], [ 6051107.124100000597537, 2143866.751237586606294 ], [ 6051106.161045335233212, 2143886.354665652383119 ], [ 6051107.124100000597537, 2143905.958093718159944 ], [ 6051110.003989254124463, 2143925.372730055823922 ], [ 6051114.772978188470006, 2143944.411601103376597 ], [ 6051121.385138832964003, 2143962.891352125443518 ], [ 6051129.77679246570915, 2143980.634013017639518 ], [ 6051136.640097432769835, 2143992.084745571948588 ], [ 6051135.33687209058553, 2143993.841941529419273 ], [ 6051125.246541681699455, 2144010.676640768069774 ], [ 6051116.854888048954308, 2144028.419301660265774 ], [ 6051110.242727404460311, 2144046.899052682332695 ], [ 6051105.473738470114768, 2144065.93792372988537 ], [ 6051102.593849216587842, 2144085.352560067549348 ], [ 6051101.630794551223516, 2144104.955988133326173 ], [ 6051102.593849216587842, 2144124.559416199102998 ], [ 6051105.473738470114768, 2144143.974052536766976 ], [ 6051110.242727404460311, 2144163.012923584319651 ], [ 6051116.854888048954308, 2144181.492674606386572 ], [ 6051125.246541681699455, 2144199.235335498582572 ], [ 6051135.33687209058553, 2144216.070034737233073 ], [ 6051147.028703878633678, 2144231.834644965827465 ], [ 6051160.209438313730061, 2144246.377344370819628 ], [ 6051174.051499411463737, 2144258.923057259991765 ], [ 6051170.322037488222122, 2144260.686961382627487 ], [ 6051153.487338248640299, 2144270.777291791513562 ], [ 6051137.722728020511568, 2144282.46912357956171 ], [ 6051123.180028615519404, 2144295.649858014658093 ], [ 6051109.999294180423021, 2144310.192557419650257 ], [ 6051098.307462392374873, 2144325.957167648244649 ], [ 6051088.217131983488798, 2144342.79186688689515 ], [ 6051079.825478350743651, 2144360.53452777909115 ], [ 6051073.213317706249654, 2144379.014278801158071 ], [ 6051068.444328771904111, 2144398.053149848710746 ], [ 6051065.564439518377185, 2144417.467786186374724 ], [ 6051064.60138485301286, 2144437.071214252151549 ], [ 6051065.564439518377185, 2144456.674642317928374 ], [ 6051068.444328771904111, 2144476.089278655592352 ], [ 6051073.213317706249654, 2144495.128149703145027 ], [ 6051079.825478350743651, 2144513.607900725211948 ], [ 6051088.217131983488798, 2144531.350561617407948 ], [ 6051098.307462392374873, 2144548.185260856058449 ], [ 6051109.999294180423021, 2144563.949871084652841 ], [ 6051123.180028615519404, 2144578.492570489645004 ], [ 6051137.722728020511568, 2144591.673304924741387 ], [ 6051153.487338248640299, 2144603.365136712789536 ], [ 6051170.322037488222122, 2144613.455467121675611 ], [ 6051188.064698380418122, 2144621.847120754420757 ], [ 6051206.544449402019382, 2144628.459281398449093 ], [ 6051225.583320450037718, 2144633.228270332794636 ], [ 6051244.997956787236035, 2144636.108159586787224 ], [ 6051264.60138485301286, 2144637.071214252151549 ], [ 6051284.204812918789685, 2144636.108159586787224 ], [ 6051302.017010164447129, 2144633.465969718061388 ], [ 6051311.37491980008781, 2144634.854084485210478 ], [ 6051330.978347865864635, 2144635.817139150574803 ], [ 6051350.581775931641459, 2144634.854084485210478 ], [ 6051369.996412268839777, 2144631.974195231217891 ], [ 6051389.035283316858113, 2144627.205206296872348 ], [ 6051407.515034338459373, 2144620.593045652844012 ], [ 6051425.257695230655372, 2144612.201392020098865 ], [ 6051442.092394470237195, 2144602.11106161121279 ], [ 6051457.857004698365927, 2144590.419229823164642 ], [ 6051472.39970410335809, 2144577.238495388068259 ], [ 6051485.580438538454473, 2144562.695795983076096 ], [ 6051497.272270326502621, 2144546.931185754481703 ], [ 6051507.362600735388696, 2144530.096486515831202 ], [ 6051515.754254368133843, 2144512.353825623635203 ], [ 6051522.36641501262784, 2144493.874074601568282 ], [ 6051527.135403946973383, 2144474.835203554015607 ], [ 6051530.015293200500309, 2144455.420567216351628 ], [ 6051530.978347865864635, 2144435.817139150574803 ], [ 6051530.015293200500309, 2144416.213711084797978 ], [ 6051527.135403946973383, 2144396.799074747134 ], [ 6051522.36641501262784, 2144377.760203699581325 ], [ 6051515.754254368133843, 2144359.280452677514404 ], [ 6051507.362600735388696, 2144341.537791785318404 ], [ 6051497.272270326502621, 2144324.703092546667904 ], [ 6051485.580438538454473, 2144308.938482318073511 ], [ 6051472.39970410335809, 2144294.395782913081348 ], [ 6051457.857004698365927, 2144281.215048477984965 ], [ 6051442.092394470237195, 2144269.523216689936817 ], [ 6051427.149423245340586, 2144260.566744417883456 ], [ 6051428.509451383724809, 2144259.558078805916011 ], [ 6051443.052150788716972, 2144246.377344370819628 ], [ 6051456.232885223813355, 2144231.834644965827465 ], [ 6051467.924717011861503, 2144216.070034737233073 ], [ 6051478.015047420747578, 2144199.235335498582572 ], [ 6051486.406701053492725, 2144181.492674606386572 ], [ 6051493.018861697986722, 2144163.012923584319651 ], [ 6051496.679847520776093, 2144148.397448912262917 ], [ 6051505.354751924984157, 2144145.293518484570086 ], [ 6051523.097412817180157, 2144136.901864851824939 ], [ 6051539.93211205676198, 2144126.811534442938864 ], [ 6051555.696722284890711, 2144115.119702654890716 ], [ 6051570.239421689882874, 2144101.938968219794333 ], [ 6051583.420156124979258, 2144087.39626881480217 ], [ 6051595.111987913027406, 2144071.631658586207777 ], [ 6051605.202318321913481, 2144054.796959347557276 ], [ 6051613.593971954658628, 2144037.054298455361277 ], [ 6051620.206132599152625, 2144018.574547433294356 ], [ 6051624.975121533498168, 2143999.535676385741681 ], [ 6051627.855010787025094, 2143980.121040048077703 ], [ 6051628.818065452389419, 2143960.517611982300878 ], [ 6051627.855010787025094, 2143940.914183916524053 ], [ 6051624.975121533498168, 2143921.499547578860074 ], [ 6051620.206132599152625, 2143902.460676531307399 ], [ 6051613.593971954658628, 2143883.980925509240478 ], [ 6051605.202318321913481, 2143866.238264617044479 ], [ 6051595.111987913027406, 2143849.403565378393978 ], [ 6051583.420156124979258, 2143833.638955149799585 ], [ 6051570.239421689882874, 2143819.096255744807422 ], [ 6051555.696722284890711, 2143805.915521309711039 ], [ 6051539.93211205676198, 2143794.223689521662891 ], [ 6051523.097412817180157, 2143784.133359112776816 ], [ 6051505.354751924984157, 2143775.741705480031669 ], [ 6051486.875000903382897, 2143769.129544836003333 ], [ 6051467.836129855364561, 2143764.36055590165779 ], [ 6051463.959254526533186, 2143763.785475770942867 ], [ 6051460.76313600782305, 2143759.476008819881827 ], [ 6051447.582401572726667, 2143744.933309414889663 ] ] ] } },
{ "type": "Feature", "properties": { "parent_sta": "904309", "stop_id": "NBRK_1", "stop_name": "North Entrance / Exit", "stop_code": "NBRK_1", "stop_desc": "Pedestrian Access Point", "stop_lat": 37.87409, "stop_lon": -122.28336, "zone_id": "BA:79542", "stop_url": null, "tts_stop_n": null, "platform_c": null, "location_t": "2", "stop_timez": "America/Los_Angeles", "wheelchair": null, "level_id": null, "route_info": "{'route_id': None, 'route_type': None}" }, "geometry": { "type": "Polygon", "coordinates": [ [ [ 6047177.114507795311511, 2145599.079603069927543 ], [ 6047174.234618541784585, 2145579.664966732263565 ], [ 6047169.465629607439041, 2145560.62609568471089 ], [ 6047162.853468962945044, 2145542.146344662643969 ], [ 6047154.461815330199897, 2145524.403683770447969 ], [ 6047144.371484921313822, 2145507.568984531797469 ], [ 6047132.679653133265674, 2145491.804374303203076 ], [ 6047119.498918698169291, 2145477.261674898210913 ], [ 6047104.956219293177128, 2145464.08094046311453 ], [ 6047089.191609065048397, 2145452.389108675066382 ], [ 6047072.356909825466573, 2145442.298778266180307 ], [ 6047054.614248933270574, 2145433.90712463343516 ], [ 6047036.134497911669314, 2145427.294963989406824 ], [ 6047017.095626863650978, 2145422.525975055061281 ], [ 6046997.680990526452661, 2145419.646085801068693 ], [ 6046978.077562460675836, 2145418.683031135704368 ], [ 6046958.474134394899011, 2145419.646085801068693 ], [ 6046939.059498057700694, 2145422.525975055061281 ], [ 6046920.020627009682357, 2145427.294963989406824 ], [ 6046901.540875988081098, 2145433.90712463343516 ], [ 6046883.798215095885098, 2145442.298778266180307 ], [ 6046866.963515856303275, 2145452.389108675066382 ], [ 6046859.74800748936832, 2145457.740494397003204 ], [ 6046855.060107404366136, 2145459.417851868551224 ], [ 6046837.317446512170136, 2145467.809505501296371 ], [ 6046820.482747272588313, 2145477.899835910182446 ], [ 6046804.718137044459581, 2145489.591667698230594 ], [ 6046790.175437639467418, 2145502.772402133326977 ], [ 6046776.994703204371035, 2145517.315101538319141 ], [ 6046765.302871416322887, 2145533.079711766913533 ], [ 6046755.212541007436812, 2145549.914411005564034 ], [ 6046746.820887374691665, 2145567.657071897760034 ], [ 6046740.208726730197668, 2145586.136822919826955 ], [ 6046735.439737795852125, 2145605.17569396737963 ], [ 6046732.559848542325199, 2145624.590330305043608 ], [ 6046731.596793876960874, 2145644.193758370820433 ], [ 6046732.559848542325199, 2145663.797186436597258 ], [ 6046735.439737795852125, 2145683.211822774261236 ], [ 6046740.208726730197668, 2145702.250693821813911 ], [ 6046746.820887374691665, 2145720.730444843880832 ], [ 6046755.212541007436812, 2145738.473105736076832 ], [ 6046765.302871416322887, 2145755.307804974727333 ], [ 6046776.994703204371035, 2145771.072415203321725 ], [ 6046790.175437639467418, 2145785.615114608313888 ], [ 6046804.718137044459581, 2145798.795849043410271 ], [ 6046820.482747272588313, 2145810.48768083145842 ], [ 6046837.317446512170136, 2145820.578011240344495 ], [ 6046855.060107404366136, 2145828.969664873089641 ], [ 6046873.539858425967395, 2145835.581825517117977 ], [ 6046892.578729473985732, 2145840.350814451463521 ], [ 6046911.993365811184049, 2145843.230703705456108 ], [ 6046931.596793876960874, 2145844.193758370820433 ], [ 6046951.200221942737699, 2145843.230703705456108 ], [ 6046970.614858279936016, 2145840.350814451463521 ], [ 6046989.653729327954352, 2145835.581825517117977 ], [ 6047008.133480349555612, 2145828.969664873089641 ], [ 6047025.876141241751611, 2145820.578011240344495 ], [ 6047042.710840481333435, 2145810.48768083145842 ], [ 6047049.92634884826839, 2145805.136295109521598 ], [ 6047054.614248933270574, 2145803.458937637973577 ], [ 6047072.356909825466573, 2145795.06728400522843 ], [ 6047089.191609065048397, 2145784.976953596342355 ], [ 6047104.956219293177128, 2145773.285121808294207 ], [ 6047119.498918698169291, 2145760.104387373197824 ], [ 6047132.679653133265674, 2145745.561687968205661 ], [ 6047144.371484921313822, 2145729.797077739611268 ], [ 6047154.461815330199897, 2145712.962378500960767 ], [ 6047162.853468962945044, 2145695.219717608764768 ], [ 6047169.465629607439041, 2145676.739966586697847 ], [ 6047174.234618541784585, 2145657.701095539145172 ], [ 6047177.114507795311511, 2145638.286459201481193 ], [ 6047178.077562460675836, 2145618.683031135704368 ], [ 6047177.114507795311511, 2145599.079603069927543 ] ] ] } },
{ "type": "Feature", "properties": { "parent_sta": "905109", "stop_id": "CAST_1", "stop_name": "Main Entrance / Exit", "stop_code": "CAST_1", "stop_desc": "Pedestrian Access Point", "stop_lat": 37.69131, "stop_lon": -122.07593, "zone_id": "BA:79542", "stop_url": null, "tts_stop_n": null, "platform_c": null, "location_t": "2", "stop_timez": "America/Los_Angeles", "wheelchair": null, "level_id": null, "route_info": "{'route_id': None, 'route_type': None}" }, "geometry": { "type": "Polygon", "coordinates": [ [ [ 6105901.313448904082179, 2078021.221928321756423 ], [ 6105900.350394238717854, 2078001.618500255746767 ], [ 6105897.470504985190928, 2077982.20386391854845 ], [ 6105892.701516050845385, 2077963.164992870762944 ], [ 6105886.089355406351388, 2077944.685241848696023 ], [ 6105877.697701773606241, 2077926.942580956500024 ], [ 6105867.607371364720166, 2077910.107881717849523 ], [ 6105855.915539576672018, 2077894.3432714890223 ], [ 6105842.734805141575634, 2077879.800572084495798 ], [ 6105828.192105736583471, 2077866.619837649166584 ], [ 6105812.42749550845474, 2077854.928005861351267 ], [ 6105795.592796268872917, 2077844.83767545199953 ], [ 6105777.850135376676917, 2077836.446021819487214 ], [ 6105759.370384355075657, 2077829.833861175226048 ], [ 6105740.331513307057321, 2077825.064872241113335 ], [ 6105720.916876969859004, 2077822.184982987353578 ], [ 6105701.313448904082179, 2077821.221928321756423 ], [ 6105681.710020838305354, 2077822.184982987353578 ], [ 6105662.295384501107037, 2077825.064872241113335 ], [ 6105643.256513453088701, 2077829.833861175226048 ], [ 6105624.776762431487441, 2077836.446021819487214 ], [ 6105607.034101539291441, 2077844.83767545199953 ], [ 6105590.199402299709618, 2077854.928005861351267 ], [ 6105574.434792071580887, 2077866.619837649166584 ], [ 6105559.892092666588724, 2077879.800572084495798 ], [ 6105546.711358231492341, 2077894.3432714890223 ], [ 6105535.019526443444192, 2077910.107881717849523 ], [ 6105524.929196034558117, 2077926.942580956500024 ], [ 6105516.537542401812971, 2077944.685241848696023 ], [ 6105509.925381757318974, 2077963.164992870762944 ], [ 6105505.15639282297343, 2077982.20386391854845 ], [ 6105502.276503569446504, 2078001.618500255746767 ], [ 6105501.313448904082179, 2078021.221928321756423 ], [ 6105502.276503569446504, 2078040.825356387766078 ], [ 6105505.15639282297343, 2078060.239992724964395 ], [ 6105509.925381757318974, 2078079.278863772749901 ], [ 6105516.537542401812971, 2078097.758614794816822 ], [ 6105524.929196034558117, 2078115.501275687012821 ], [ 6105535.019526443444192, 2078132.335974925663322 ], [ 6105546.711358231492341, 2078148.100585154490545 ], [ 6105559.892092666588724, 2078162.643284559017047 ], [ 6105574.434792071580887, 2078175.824018994346261 ], [ 6105590.199402299709618, 2078187.515850782161579 ], [ 6105607.034101539291441, 2078197.606181191513315 ], [ 6105624.776762431487441, 2078205.997834824025631 ], [ 6105643.256513453088701, 2078212.609995468286797 ], [ 6105662.295384501107037, 2078217.37898440239951 ], [ 6105681.710020838305354, 2078220.258873656159267 ], [ 6105701.313448904082179, 2078221.221928321756423 ], [ 6105720.916876969859004, 2078220.258873656159267 ], [ 6105740.331513307057321, 2078217.37898440239951 ], [ 6105759.370384355075657, 2078212.609995468286797 ], [ 6105777.850135376676917, 2078205.997834824025631 ], [ 6105795.592796268872917, 2078197.606181191513315 ], [ 6105812.42749550845474, 2078187.515850782161579 ], [ 6105828.192105736583471, 2078175.824018994346261 ], [ 6105842.734805141575634, 2078162.643284559017047 ], [ 6105855.915539576672018, 2078148.100585154490545 ], [ 6105867.607371364720166, 2078132.335974925663322 ], [ 6105877.697701773606241, 2078115.501275687012821 ], [ 6105886.089355406351388, 2078097.758614794816822 ], [ 6105892.701516050845385, 2078079.278863772749901 ], [ 6105897.470504985190928, 2078060.239992724964395 ], [ 6105900.350394238717854, 2078040.825356387766078 ], [ 6105901.313448904082179, 2078021.221928321756423 ] ] ] } },
{ "type": "Feature", "properties": { "parent_sta": "905209", "stop_id": "WDUB_1", "stop_name": "TBD Pedestrian Access Point", "stop_code": "WDUB_1", "stop_desc": "Pedestrian Access Point", "stop_lat": 37.69992, "stop_lon": -121.92789, "zone_id": "BA:79542", "stop_url": null, "tts_stop_n": null, "platform_c": null, "location_t": "2", "stop_timez": "America/Los_Angeles", "wheelchair": null, "level_id": null, "route_info": "{'route_id': None, 'route_type': None}" }, "geometry": { "type": "MultiPolygon", "coordinates": [ [ [ [ 6148764.360879673622549, 2080210.593487226171419 ], [ 6148761.480990420095623, 2080191.178850888973102 ], [ 6148756.712001485750079, 2080172.139979841187596 ], [ 6148750.099840841256082, 2080153.660228819120675 ], [ 6148741.708187208510935, 2080135.917567926924676 ], [ 6148731.61785679962486, 2080119.082868688274175 ], [ 6148719.926025011576712, 2080103.318258459446952 ], [ 6148706.745290576480329, 2080088.77555905492045 ], [ 6148692.202591171488166, 2080075.594824619591236 ], [ 6148676.437980943359435, 2080063.902992831775919 ], [ 6148659.603281703777611, 2080053.812662422424182 ], [ 6148641.860620811581612, 2080045.421008789911866 ], [ 6148623.380869789980352, 2080038.8088481456507 ], [ 6148604.341998741962016, 2080034.039859211537987 ], [ 6148584.927362404763699, 2080031.15996995777823 ], [ 6148565.323934338986874, 2080030.196915292181075 ], [ 6148545.720506273210049, 2080031.15996995777823 ], [ 6148526.305869936011732, 2080034.039859211537987 ], [ 6148507.266998887993395, 2080038.8088481456507 ], [ 6148488.787247866392136, 2080045.421008789911866 ], [ 6148471.044586974196136, 2080053.812662422424182 ], [ 6148454.209887734614313, 2080063.902992831775919 ], [ 6148438.445277506485581, 2080075.594824619591236 ], [ 6148423.902578101493418, 2080088.77555905492045 ], [ 6148410.721843666397035, 2080103.318258459446952 ], [ 6148399.030011878348887, 2080119.082868688274175 ], [ 6148388.939681469462812, 2080135.917567926924676 ], [ 6148380.548027836717665, 2080153.660228819120675 ], [ 6148373.935867192223668, 2080172.139979841187596 ], [ 6148369.166878257878125, 2080191.178850888973102 ], [ 6148366.286989004351199, 2080210.593487226171419 ], [ 6148365.323934338986874, 2080230.196915292181075 ], [ 6148366.286989004351199, 2080249.80034335819073 ], [ 6148369.166878257878125, 2080269.214979695389047 ], [ 6148373.935867192223668, 2080288.253850743174553 ], [ 6148380.548027836717665, 2080306.733601765241474 ], [ 6148388.939681469462812, 2080324.476262657437474 ], [ 6148399.030011878348887, 2080341.310961896087974 ], [ 6148410.721843666397035, 2080357.075572124915197 ], [ 6148423.902578101493418, 2080371.618271529441699 ], [ 6148438.445277506485581, 2080384.799005964770913 ], [ 6148454.209887734614313, 2080396.490837752586231 ], [ 6148471.044586974196136, 2080406.581168161937967 ], [ 6148488.787247866392136, 2080414.972821794450283 ], [ 6148507.266998887993395, 2080421.58498243871145 ], [ 6148526.305869936011732, 2080426.353971372824162 ], [ 6148545.720506273210049, 2080429.233860626583919 ], [ 6148565.323934338986874, 2080430.196915292181075 ], [ 6148584.927362404763699, 2080429.233860626583919 ], [ 6148604.341998741962016, 2080426.353971372824162 ], [ 6148623.380869789980352, 2080421.58498243871145 ], [ 6148641.860620811581612, 2080414.972821794450283 ], [ 6148659.603281703777611, 2080406.581168161937967 ], [ 6148676.437980943359435, 2080396.490837752586231 ], [ 6148692.202591171488166, 2080384.799005964770913 ], [ 6148706.745290576480329, 2080371.618271529441699 ], [ 6148719.926025011576712, 2080357.075572124915197 ], [ 6148731.61785679962486, 2080341.310961896087974 ], [ 6148741.708187208510935, 2080324.476262657437474 ], [ 6148750.099840841256082, 2080306.733601765241474 ], [ 6148756.712001485750079, 2080288.253850743174553 ], [ 6148761.480990420095623, 2080269.214979695389047 ], [ 6148764.360879673622549, 2080249.80034335819073 ], [ 6148765.323934338986874, 2080230.196915292181075 ], [ 6148764.360879673622549, 2080210.593487226171419 ] ] ], [ [ [ 6148795.917921360582113, 2080666.146553748752922 ], [ 6148793.038032107055187, 2080646.731917411554605 ], [ 6148788.269043172709644, 2080627.693046363769099 ], [ 6148781.656882528215647, 2080609.213295341702178 ], [ 6148773.2652288954705, 2080591.470634449506178 ], [ 6148763.174898486584425, 2080574.635935210855678 ], [ 6148751.483066698536277, 2080558.871324982028455 ], [ 6148738.302332263439894, 2080544.328625577501953 ], [ 6148723.759632858447731, 2080531.147891142172739 ], [ 6148707.995022630318999, 2080519.456059354357421 ], [ 6148691.160323390737176, 2080509.365728945005685 ], [ 6148673.417662498541176, 2080500.974075312493369 ], [ 6148654.937911476939917, 2080494.361914668232203 ], [ 6148635.89904042892158, 2080489.59292573411949 ], [ 6148616.484404091723263, 2080486.713036480359733 ], [ 6148596.880976025946438, 2080485.749981814762577 ], [ 6148577.277547960169613, 2080486.713036480359733 ], [ 6148557.862911622971296, 2080489.59292573411949 ], [ 6148538.82404057495296, 2080494.361914668232203 ], [ 6148520.3442895533517, 2080500.974075312493369 ], [ 6148502.601628661155701, 2080509.365728945005685 ], [ 6148485.766929421573877, 2080519.456059354357421 ], [ 6148470.002319193445146, 2080531.147891142172739 ], [ 6148455.459619788452983, 2080544.328625577501953 ], [ 6148442.2788853533566, 2080558.871324982028455 ], [ 6148430.587053565308452, 2080574.635935210855678 ], [ 6148420.496723156422377, 2080591.470634449506178 ], [ 6148412.10506952367723, 2080609.213295341702178 ], [ 6148405.492908879183233, 2080627.693046363769099 ], [ 6148400.723919944837689, 2080646.731917411554605 ], [ 6148397.844030691310763, 2080666.146553748752922 ], [ 6148396.880976025946438, 2080685.749981814762577 ], [ 6148397.844030691310763, 2080705.353409880772233 ], [ 6148400.723919944837689, 2080724.76804621797055 ], [ 6148405.492908879183233, 2080743.806917265756056 ], [ 6148412.10506952367723, 2080762.286668287822977 ], [ 6148420.496723156422377, 2080780.029329180018976 ], [ 6148430.587053565308452, 2080796.864028418669477 ], [ 6148442.2788853533566, 2080812.6286386474967 ], [ 6148455.459619788452983, 2080827.171338052023202 ], [ 6148470.002319193445146, 2080840.352072487352416 ], [ 6148485.766929421573877, 2080852.043904275167733 ], [ 6148502.601628661155701, 2080862.13423468451947 ], [ 6148520.3442895533517, 2080870.525888317031786 ], [ 6148538.82404057495296, 2080877.138048961292952 ], [ 6148557.862911622971296, 2080881.907037895405665 ], [ 6148577.277547960169613, 2080884.786927149165422 ], [ 6148596.880976025946438, 2080885.749981814762577 ], [ 6148616.484404091723263, 2080884.786927149165422 ], [ 6148635.89904042892158, 2080881.907037895405665 ], [ 6148654.937911476939917, 2080877.138048961292952 ], [ 6148673.417662498541176, 2080870.525888317031786 ], [ 6148691.160323390737176, 2080862.13423468451947 ], [ 6148707.995022630318999, 2080852.043904275167733 ], [ 6148723.759632858447731, 2080840.352072487352416 ], [ 6148738.302332263439894, 2080827.171338052023202 ], [ 6148751.483066698536277, 2080812.6286386474967 ], [ 6148763.174898486584425, 2080796.864028418669477 ], [ 6148773.2652288954705, 2080780.029329180018976 ], [ 6148781.656882528215647, 2080762.286668287822977 ], [ 6148788.269043172709644, 2080743.806917265756056 ], [ 6148793.038032107055187, 2080724.76804621797055 ], [ 6148795.917921360582113, 2080705.353409880772233 ], [ 6148796.880976025946438, 2080685.749981814762577 ], [ 6148795.917921360582113, 2080666.146553748752922 ] ] ] ] } },
{ "type": "Feature", "properties": { "parent_sta": "906109", "stop_id": "COLM_1", "stop_name": "West Entrance / Exit to Parking Garage", "stop_code": "COLM_1", "stop_desc": "Pedestrian Access Point", "stop_lat": 37.68448, "stop_lon": -122.46636, "zone_id": "BA:79542", "stop_url": null, "tts_stop_n": null, "platform_c": null, "location_t": "2", "stop_timez": "America/Los_Angeles", "wheelchair": null, "level_id": null, "route_info": "{'route_id': None, 'route_type': None}" }, "geometry": { "type": "MultiPolygon", "coordinates": [ [ [ [ 5992431.405701250769198, 2077237.573511752998456 ], [ 5992428.525811997242272, 2077218.158875415800139 ], [ 5992423.756823062896729, 2077199.120004368014634 ], [ 5992417.144662418402731, 2077180.640253345947713 ], [ 5992408.753008785657585, 2077162.897592453751713 ], [ 5992398.66267837677151, 2077146.062893215101212 ], [ 5992386.970846588723361, 2077130.298282986273989 ], [ 5992373.790112153626978, 2077115.755583581747487 ], [ 5992359.247412748634815, 2077102.574849146418273 ], [ 5992343.482802520506084, 2077090.883017358602956 ], [ 5992326.648103280924261, 2077080.79268694925122 ], [ 5992308.905442388728261, 2077072.401033316738904 ], [ 5992290.425691367127001, 2077065.788872672477737 ], [ 5992271.386820319108665, 2077061.019883738365024 ], [ 5992251.972183981910348, 2077058.139994484605268 ], [ 5992232.368755916133523, 2077057.176939819008112 ], [ 5992212.765327850356698, 2077058.139994484605268 ], [ 5992193.350691513158381, 2077061.019883738365024 ], [ 5992174.311820465140045, 2077065.788872672477737 ], [ 5992155.832069443538785, 2077072.401033316738904 ], [ 5992138.089408551342785, 2077080.79268694925122 ], [ 5992121.254709311760962, 2077090.883017358602956 ], [ 5992105.490099083632231, 2077102.574849146418273 ], [ 5992090.947399678640068, 2077115.755583581747487 ], [ 5992077.766665243543684, 2077130.298282986273989 ], [ 5992066.074833455495536, 2077146.062893215101212 ], [ 5992055.984503046609461, 2077162.897592453751713 ], [ 5992047.592849413864315, 2077180.640253345947713 ], [ 5992040.980688769370317, 2077199.120004368014634 ], [ 5992036.211699835024774, 2077218.158875415800139 ], [ 5992033.331810581497848, 2077237.573511752998456 ], [ 5992032.368755916133523, 2077257.176939819008112 ], [ 5992033.331810581497848, 2077276.780367885017768 ], [ 5992036.211699835024774, 2077296.195004222216085 ], [ 5992040.980688769370317, 2077315.23387527000159 ], [ 5992047.592849413864315, 2077333.713626292068511 ], [ 5992055.984503046609461, 2077351.456287184264511 ], [ 5992066.074833455495536, 2077368.290986422915012 ], [ 5992077.766665243543684, 2077384.055596651742235 ], [ 5992090.947399678640068, 2077398.598296056268737 ], [ 5992105.490099083632231, 2077411.77903049159795 ], [ 5992121.254709311760962, 2077423.470862279413268 ], [ 5992138.089408551342785, 2077433.561192688765004 ], [ 5992155.832069443538785, 2077441.95284632127732 ], [ 5992174.311820465140045, 2077448.565006965538487 ], [ 5992193.350691513158381, 2077453.3339958996512 ], [ 5992212.765327850356698, 2077456.213885153410956 ], [ 5992232.368755916133523, 2077457.176939819008112 ], [ 5992251.972183981910348, 2077456.213885153410956 ], [ 5992271.386820319108665, 2077453.3339958996512 ], [ 5992290.425691367127001, 2077448.565006965538487 ], [ 5992308.905442388728261, 2077441.95284632127732 ], [ 5992326.648103280924261, 2077433.561192688765004 ], [ 5992343.482802520506084, 2077423.470862279413268 ], [ 5992359.247412748634815, 2077411.77903049159795 ], [ 5992373.790112153626978, 2077398.598296056268737 ], [ 5992386.970846588723361, 2077384.055596651742235 ], [ 5992398.66267837677151, 2077368.290986422915012 ], [ 5992408.753008785657585, 2077351.456287184264511 ], [ 5992417.144662418402731, 2077333.713626292068511 ], [ 5992423.756823062896729, 2077315.23387527000159 ], [ 5992428.525811997242272, 2077296.195004222216085 ], [ 5992431.405701250769198, 2077276.780367885017768 ], [ 5992432.368755916133523, 2077257.176939819008112 ], [ 5992431.405701250769198, 2077237.573511752998456 ] ] ], [ [ [ 5992876.005702384747565, 2077578.45458576688543 ], [ 5992865.91537197586149, 2077561.619886528234929 ], [ 5992854.223540187813342, 2077545.855276299407706 ], [ 5992841.042805752716959, 2077531.312576894881204 ], [ 5992826.500106347724795, 2077518.13184245955199 ], [ 5992810.735496119596064, 2077506.440010671736673 ], [ 5992793.900796880014241, 2077496.349680262384936 ], [ 5992776.158135987818241, 2077487.95802662987262 ], [ 5992757.678384966216981, 2077481.345865985611454 ], [ 5992738.639513918198645, 2077476.576877051498741 ], [ 5992719.224877581000328, 2077473.696987797738984 ], [ 5992699.621449515223503, 2077472.733933132141829 ], [ 5992680.018021449446678, 2077473.696987797738984 ], [ 5992660.603385112248361, 2077476.576877051498741 ], [ 5992641.564514064230025, 2077481.345865985611454 ], [ 5992623.084763042628765, 2077487.95802662987262 ], [ 5992605.342102150432765, 2077496.349680262384936 ], [ 5992588.507402910850942, 2077506.440010671736673 ], [ 5992572.742792682722211, 2077518.13184245955199 ], [ 5992558.200093277730048, 2077531.312576894881204 ], [ 5992545.019358842633665, 2077545.855276299407706 ], [ 5992533.327527054585516, 2077561.619886528234929 ], [ 5992523.237196645699441, 2077578.45458576688543 ], [ 5992514.845543012954295, 2077596.197246659081429 ], [ 5992508.233382368460298, 2077614.67699768114835 ], [ 5992503.464393434114754, 2077633.715868728933856 ], [ 5992500.584504180587828, 2077653.130505066132173 ], [ 5992499.621449515223503, 2077672.733933132141829 ], [ 5992500.584504180587828, 2077692.337361198151484 ], [ 5992503.464393434114754, 2077711.751997535349801 ], [ 5992508.233382368460298, 2077730.790868583135307 ], [ 5992514.845543012954295, 2077749.270619605202228 ], [ 5992523.237196645699441, 2077767.013280497398227 ], [ 5992533.327527054585516, 2077783.847979736048728 ], [ 5992545.019358842633665, 2077799.612589964875951 ], [ 5992558.200093277730048, 2077814.155289369402453 ], [ 5992572.742792682722211, 2077827.336023804731667 ], [ 5992588.507402910850942, 2077839.027855592546985 ], [ 5992605.342102150432765, 2077849.118186001898721 ], [ 5992608.891535925678909, 2077850.796943151624873 ], [ 5992609.642533662728965, 2077852.895841220393777 ], [ 5992618.034187295474112, 2077870.638502112589777 ], [ 5992628.124517704360187, 2077887.473201351240277 ], [ 5992639.816349492408335, 2077903.2378115800675 ], [ 5992652.997083927504718, 2077917.780510984594002 ], [ 5992667.539783332496881, 2077930.961245419923216 ], [ 5992683.304393560625613, 2077942.653077207738534 ], [ 5992700.139092800207436, 2077952.74340761709027 ], [ 5992717.881753692403436, 2077961.135061249602586 ], [ 5992736.361504714004695, 2077967.747221893863752 ], [ 5992755.400375762023032, 2077972.516210827976465 ], [ 5992774.815012099221349, 2077975.396100081736222 ], [ 5992794.418440164998174, 2077976.359154747333378 ], [ 5992814.021868230774999, 2077975.396100081736222 ], [ 5992833.436504567973316, 2077972.516210827976465 ], [ 5992852.475375615991652, 2077967.747221893863752 ], [ 5992870.955126637592912, 2077961.135061249602586 ], [ 5992888.697787529788911, 2077952.74340761709027 ], [ 5992905.532486769370735, 2077942.653077207738534 ], [ 5992921.297096997499466, 2077930.961245419923216 ], [ 5992935.839796402491629, 2077917.780510984594002 ], [ 5992949.020530837588012, 2077903.2378115800675 ], [ 5992960.71236262563616, 2077887.473201351240277 ], [ 5992970.802693034522235, 2077870.638502112589777 ], [ 5992979.194346667267382, 2077852.895841220393777 ], [ 5992985.806507311761379, 2077834.416090198326856 ], [ 5992990.575496246106923, 2077815.37721915054135 ], [ 5992993.455385499633849, 2077795.962582813343033 ], [ 5992994.418440164998174, 2077776.359154747333378 ], [ 5992993.455385499633849, 2077756.755726681323722 ], [ 5992990.575496246106923, 2077737.341090344125405 ], [ 5992985.806507311761379, 2077718.302219296339899 ], [ 5992979.194346667267382, 2077699.822468274272978 ], [ 5992970.802693034522235, 2077682.079807382076979 ], [ 5992960.71236262563616, 2077665.245108143426478 ], [ 5992949.020530837588012, 2077649.480497914599255 ], [ 5992935.839796402491629, 2077634.937798510072753 ], [ 5992921.297096997499466, 2077621.757064074743539 ], [ 5992905.532486769370735, 2077610.065232286928222 ], [ 5992888.697787529788911, 2077599.974901877576485 ], [ 5992885.148353754542768, 2077598.296144727850333 ], [ 5992884.397356017492712, 2077596.197246659081429 ], [ 5992876.005702384747565, 2077578.45458576688543 ] ] ] ] } },
{ "type": "Feature", "properties": { "parent_sta": "906209", "stop_id": "SSAN_1", "stop_name": "East Concourse Entrance / Exit", "stop_code": "SSAN_1", "stop_desc": "Pedestrian Access Point", "stop_lat": 37.66432, "stop_lon": -122.44384, "zone_id": "BA:79542", "stop_url": null, "tts_stop_n": null, "platform_c": null, "location_t": "2", "stop_timez": "America/Los_Angeles", "wheelchair": null, "level_id": null, "route_info": "{'route_id': None, 'route_type': None}" }, "geometry": { "type": "Polygon", "coordinates": [ [ [ 5999123.983130011707544, 2069964.255434506107122 ], [ 5999108.218519783578813, 2069952.563602718291804 ], [ 5999091.38382054399699, 2069942.473272308940068 ], [ 5999073.64115965180099, 2069934.081618676427752 ], [ 5999055.16140863019973, 2069927.469458032166585 ], [ 5999036.122537582181394, 2069922.700469098053873 ], [ 5999016.707901244983077, 2069919.820579844294116 ], [ 5998997.104473179206252, 2069918.85752517869696 ], [ 5998977.501045113429427, 2069919.820579844294116 ], [ 5998958.08640877623111, 2069922.700469098053873 ], [ 5998939.047537728212774, 2069927.469458032166585 ], [ 5998920.567786706611514, 2069934.081618676427752 ], [ 5998902.825125814415514, 2069942.473272308940068 ], [ 5998885.990426574833691, 2069952.563602718291804 ], [ 5998870.22581634670496, 2069964.255434506107122 ], [ 5998855.683116941712797, 2069977.436168941436335 ], [ 5998842.502382506616414, 2069991.978868345962837 ], [ 5998830.810550718568265, 2070007.743478574790061 ], [ 5998820.72022030968219, 2070024.578177813440561 ], [ 5998812.328566676937044, 2070042.320838705636561 ], [ 5998805.716406032443047, 2070060.800589727703482 ], [ 5998800.947417098097503, 2070079.839460775488988 ], [ 5998798.067527844570577, 2070099.254097112687305 ], [ 5998797.104473179206252, 2070118.85752517869696 ], [ 5998798.067527844570577, 2070138.460953244706616 ], [ 5998800.947417098097503, 2070157.875589581904933 ], [ 5998805.716406032443047, 2070176.914460629690439 ], [ 5998812.328566676937044, 2070195.39421165175736 ], [ 5998820.72022030968219, 2070213.136872543953359 ], [ 5998830.810550718568265, 2070229.97157178260386 ], [ 5998835.960736521519721, 2070236.91579346335493 ], [ 5998836.01077367272228, 2070237.934323074528947 ], [ 5998838.890662926249206, 2070257.348959411727265 ], [ 5998843.659651860594749, 2070276.38783045951277 ], [ 5998850.271812505088747, 2070294.867581481579691 ], [ 5998858.663466137833893, 2070312.610242373775691 ], [ 5998868.753796546719968, 2070329.444941612426192 ], [ 5998880.445628334768116, 2070345.209551841253415 ], [ 5998893.6263627698645, 2070359.752251245779917 ], [ 5998908.169062174856663, 2070372.93298568110913 ], [ 5998923.933672402985394, 2070384.624817468924448 ], [ 5998940.768371642567217, 2070394.715147878276184 ], [ 5998958.511032534763217, 2070403.1068015107885 ], [ 5998976.990783556364477, 2070409.718962155049667 ], [ 5998996.029654604382813, 2070414.48795108916238 ], [ 5999015.44429094158113, 2070417.367840342922136 ], [ 5999035.047719007357955, 2070418.330895008519292 ], [ 5999054.65114707313478, 2070417.367840342922136 ], [ 5999074.065783410333097, 2070414.48795108916238 ], [ 5999093.104654458351433, 2070409.718962155049667 ], [ 5999111.584405479952693, 2070403.1068015107885 ], [ 5999129.327066372148693, 2070394.715147878276184 ], [ 5999146.161765611730516, 2070384.624817468924448 ], [ 5999161.926375839859247, 2070372.93298568110913 ], [ 5999168.606051386334002, 2070366.878880660049617 ], [ 5999173.548379332758486, 2070363.916563290171325 ], [ 5999189.312989560887218, 2070352.224731502356008 ], [ 5999203.855688965879381, 2070339.043997067026794 ], [ 5999213.098950485698879, 2070328.845629558200017 ], [ 5999215.536577444523573, 2070327.037762192776427 ], [ 5999230.079276849515736, 2070313.857027757447213 ], [ 5999243.260011284612119, 2070299.314328352920711 ], [ 5999254.951843072660267, 2070283.549718124093488 ], [ 5999265.042173481546342, 2070266.715018885442987 ], [ 5999273.433827114291489, 2070248.972357993246987 ], [ 5999280.045987758785486, 2070230.492606971180066 ], [ 5999284.81497669313103, 2070211.453735923394561 ], [ 5999287.694865946657956, 2070192.039099586196244 ], [ 5999288.657920612022281, 2070172.435671520186588 ], [ 5999287.694865946657956, 2070152.832243454176933 ], [ 5999284.81497669313103, 2070133.417607116978616 ], [ 5999280.045987758785486, 2070114.37873606919311 ], [ 5999273.433827114291489, 2070095.898985047126189 ], [ 5999265.042173481546342, 2070078.156324154930189 ], [ 5999254.951843072660267, 2070061.321624916279688 ], [ 5999243.260011284612119, 2070045.557014687452465 ], [ 5999230.079276849515736, 2070031.014315282925963 ], [ 5999215.536577444523573, 2070017.83358084759675 ], [ 5999199.771967216394842, 2070006.141749059781432 ], [ 5999182.937267976813018, 2069996.051418650429696 ], [ 5999165.194607084617019, 2069987.65976501791738 ], [ 5999146.714856063015759, 2069981.047604373656213 ], [ 5999140.35522944945842, 2069979.454600835451856 ], [ 5999138.525829416699708, 2069977.436168941436335 ], [ 5999123.983130011707544, 2069964.255434506107122 ] ] ] } },
{ "type": "Feature", "properties": { "parent_sta": "906309", "stop_id": "SBRN_1", "stop_name": "Huntington Ave Entrance / Exit", "stop_code": "SBRN_1", "stop_desc": "Pedestrian Access Point", "stop_lat": 37.63779, "stop_lon": -122.41617, "zone_id": "BA:79542", "stop_url": null, "tts_stop_n": null, "platform_c": null, "location_t": "2", "stop_timez": "America/Los_Angeles", "wheelchair": null, "level_id": null, "route_info": "{'route_id': None, 'route_type': None}" }, "geometry": { "type": "Polygon", "coordinates": [ [ [ 6007086.964139612391591, 2060279.214848332572728 ], [ 6007082.195150678046048, 2060260.175977284787223 ], [ 6007075.582990033552051, 2060241.696226262720302 ], [ 6007067.191336400806904, 2060223.953565370524302 ], [ 6007057.101005991920829, 2060207.118866131873801 ], [ 6007045.409174203872681, 2060191.354255903046578 ], [ 6007032.228439768776298, 2060176.811556498520076 ], [ 6007017.685740363784134, 2060163.630822063190863 ], [ 6007001.921130135655403, 2060151.938990275375545 ], [ 6006985.08643089607358, 2060141.848659866023809 ], [ 6006967.34377000387758, 2060133.457006233511493 ], [ 6006948.86401898227632, 2060126.844845589250326 ], [ 6006929.825147934257984, 2060122.075856655137613 ], [ 6006910.410511597059667, 2060119.195967401377857 ], [ 6006890.807083531282842, 2060118.232912735780701 ], [ 6006871.203655465506017, 2060119.195967401377857 ], [ 6006851.7890191283077, 2060122.075856655137613 ], [ 6006832.750148080289364, 2060126.844845589250326 ], [ 6006814.270397058688104, 2060133.457006233511493 ], [ 6006796.527736166492105, 2060141.848659866023809 ], [ 6006783.867585849948227, 2060149.436861942289397 ], [ 6006777.629349637776613, 2060149.130397049011663 ], [ 6006758.025921571999788, 2060150.093451714608818 ], [ 6006738.611285234801471, 2060152.973340968368575 ], [ 6006719.572414186783135, 2060157.742329902481288 ], [ 6006701.092663165181875, 2060164.354490546742454 ], [ 6006683.350002272985876, 2060172.74614417925477 ], [ 6006666.515303033404052, 2060182.836474588606507 ], [ 6006650.750692805275321, 2060194.528306376421824 ], [ 6006636.207993400283158, 2060207.709040811751038 ], [ 6006623.027258965186775, 2060222.25174021627754 ], [ 6006611.335427177138627, 2060238.016350445104763 ], [ 6006601.245096768252552, 2060254.851049683755264 ], [ 6006592.853443135507405, 2060272.593710575951263 ], [ 6006586.241282491013408, 2060291.073461598018184 ], [ 6006581.472293556667864, 2060310.11233264580369 ], [ 6006578.592404303140938, 2060329.526968983002007 ], [ 6006577.629349637776613, 2060349.130397049011663 ], [ 6006578.592404303140938, 2060368.733825115021318 ], [ 6006581.472293556667864, 2060388.148461452219635 ], [ 6006586.241282491013408, 2060407.187332500005141 ], [ 6006592.853443135507405, 2060425.667083522072062 ], [ 6006601.245096768252552, 2060443.409744414268062 ], [ 6006611.335427177138627, 2060460.244443652918562 ], [ 6006623.027258965186775, 2060476.009053881745785 ], [ 6006636.207993400283158, 2060490.551753286272287 ], [ 6006650.750692805275321, 2060503.732487721601501 ], [ 6006666.515303033404052, 2060515.424319509416819 ], [ 6006675.054817853495479, 2060520.542707717278972 ], [ 6006679.467811092734337, 2060527.905342132085934 ], [ 6006691.159642880782485, 2060543.669952360913157 ], [ 6006704.340377315878868, 2060558.212651765439659 ], [ 6006718.883076720871031, 2060571.393386200768873 ], [ 6006734.647686948999763, 2060583.085217988584191 ], [ 6006751.482386188581586, 2060593.175548397935927 ], [ 6006769.225047080777586, 2060601.567202030448243 ], [ 6006787.704798102378845, 2060608.179362674709409 ], [ 6006806.743669150397182, 2060612.948351608822122 ], [ 6006826.158305487595499, 2060615.828240862581879 ], [ 6006845.761733553372324, 2060616.791295528179035 ], [ 6006865.365161619149148, 2060615.828240862581879 ], [ 6006884.779797956347466, 2060612.948351608822122 ], [ 6006903.818669004365802, 2060608.179362674709409 ], [ 6006922.298420025967062, 2060601.567202030448243 ], [ 6006940.041080918163061, 2060593.175548397935927 ], [ 6006956.875780157744884, 2060583.085217988584191 ], [ 6006972.640390385873616, 2060571.393386200768873 ], [ 6006987.183089790865779, 2060558.212651765439659 ], [ 6007000.363824225962162, 2060543.669952360913157 ], [ 6007012.05565601401031, 2060527.905342132085934 ], [ 6007012.280239962041378, 2060527.530646450817585 ], [ 6007022.738851534202695, 2060518.051513461163267 ], [ 6007035.919585969299078, 2060503.508814056636766 ], [ 6007047.611417757347226, 2060487.744203827809542 ], [ 6007057.701748166233301, 2060470.909504589159042 ], [ 6007066.093401798978448, 2060453.166843696963042 ], [ 6007072.705562443472445, 2060434.687092674896121 ], [ 6007077.474551377817988, 2060415.648221627110615 ], [ 6007080.354440631344914, 2060396.233585289912298 ], [ 6007081.197193779051304, 2060379.078950874740258 ], [ 6007082.195150678046048, 2060376.289848186774179 ], [ 6007086.964139612391591, 2060357.250977138988674 ], [ 6007089.844028865918517, 2060337.836340801790357 ], [ 6007090.807083531282842, 2060318.232912735780701 ], [ 6007089.844028865918517, 2060298.629484669771045 ], [ 6007086.964139612391591, 2060279.214848332572728 ] ] ] } },
{ "type": "Feature", "properties": { "parent_sta": "909509", "stop_id": "BERY_1", "stop_name": "Main Entrance / Exit", "stop_code": "BERY_1", "stop_desc": "Pedestrian Access Point", "stop_lat": 37.36847, "stop_lon": -121.87457, "zone_id": "BA:79542", "stop_url": null, "tts_stop_n": null, "platform_c": null, "location_t": "2", "stop_timez": "America/Los_Angeles", "wheelchair": null, "level_id": null, "route_info": "{'route_id': None, 'route_type': None}" }, "geometry": { "type": "Polygon", "coordinates": [ [ [ 6162497.432539298199117, 1959176.335366367828101 ], [ 6162490.82037865370512, 1959157.85561534576118 ], [ 6162482.428725020959973, 1959140.11295445356518 ], [ 6162472.338394612073898, 1959123.27825521491468 ], [ 6162460.64656282402575, 1959107.513644986087456 ], [ 6162447.465828388929367, 1959092.970945581560954 ], [ 6162432.923128983937204, 1959079.790211146231741 ], [ 6162417.158518755808473, 1959068.098379358416423 ], [ 6162400.323819516226649, 1959058.008048949064687 ], [ 6162382.58115862403065, 1959049.616395316552371 ], [ 6162364.10140760242939, 1959043.004234672291204 ], [ 6162345.062536554411054, 1959038.235245738178492 ], [ 6162325.647900217212737, 1959035.355356484418735 ], [ 6162306.044472151435912, 1959034.392301818821579 ], [ 6162286.441044085659087, 1959035.355356484418735 ], [ 6162267.02640774846077, 1959038.235245738178492 ], [ 6162247.987536700442433, 1959043.004234672291204 ], [ 6162229.507785678841174, 1959049.616395316552371 ], [ 6162211.765124786645174, 1959058.008048949064687 ], [ 6162194.930425547063351, 1959068.098379358416423 ], [ 6162179.165815318934619, 1959079.790211146231741 ], [ 6162164.623115913942456, 1959092.970945581560954 ], [ 6162151.442381478846073, 1959107.513644986087456 ], [ 6162139.750549690797925, 1959123.27825521491468 ], [ 6162129.66021928191185, 1959140.11295445356518 ], [ 6162121.268565649166703, 1959157.85561534576118 ], [ 6162114.656405004672706, 1959176.335366367828101 ], [ 6162111.890934594906867, 1959187.375743111595511 ], [ 6162106.918440653942525, 1959189.15492989285849 ], [ 6162089.175779761746526, 1959197.546583525370806 ], [ 6162072.341080522164702, 1959207.636913934722543 ], [ 6162056.576470294035971, 1959219.32874572253786 ], [ 6162042.033770889043808, 1959232.509480157867074 ], [ 6162028.853036453947425, 1959247.052179562393576 ], [ 6162017.161204665899277, 1959262.816789791220799 ], [ 6162007.070874257013202, 1959279.6514890298713 ], [ 6161998.679220624268055, 1959297.394149922067299 ], [ 6161992.067059979774058, 1959315.87390094413422 ], [ 6161987.298071045428514, 1959334.912771991919726 ], [ 6161984.418181791901588, 1959354.327408329118043 ], [ 6161983.455127126537263, 1959373.930836395127699 ], [ 6161984.418181791901588, 1959393.534264461137354 ], [ 6161987.298071045428514, 1959412.948900798335671 ], [ 6161992.067059979774058, 1959431.987771846121177 ], [ 6161998.679220624268055, 1959450.467522868188098 ], [ 6162007.070874257013202, 1959468.210183760384098 ], [ 6162017.161204665899277, 1959485.044882999034598 ], [ 6162028.853036453947425, 1959500.809493227861822 ], [ 6162042.033770889043808, 1959515.352192632388324 ], [ 6162052.63113618735224, 1959524.957084669498727 ], [ 6162051.660566612146795, 1959528.831815612502396 ], [ 6162048.780677358619869, 1959548.246451949700713 ], [ 6162048.467421259731054, 1959554.622926322510466 ], [ 6162042.014180136844516, 1959556.239379074890167 ], [ 6162023.534429115243256, 1959562.851539719151333 ], [ 6162005.791768223047256, 1959571.243193351663649 ], [ 6161988.957068983465433, 1959581.333523761015385 ], [ 6161973.192458755336702, 1959593.025355548830703 ], [ 6161958.649759350344539, 1959606.206089984159917 ], [ 6161945.469024915248156, 1959620.748789388686419 ], [ 6161933.777193127200007, 1959636.513399617513642 ], [ 6161923.686862718313932, 1959653.348098856164142 ], [ 6161915.295209085568786, 1959671.090759748360142 ], [ 6161908.683048441074789, 1959689.570510770427063 ], [ 6161903.914059506729245, 1959708.609381818212569 ], [ 6161901.034170253202319, 1959728.024018155410886 ], [ 6161900.071115587837994, 1959747.627446221420541 ], [ 6161901.034170253202319, 1959767.230874287430197 ], [ 6161903.914059506729245, 1959786.645510624628514 ], [ 6161908.683048441074789, 1959805.68438167241402 ], [ 6161915.295209085568786, 1959824.164132694480941 ], [ 6161923.686862718313932, 1959841.90679358667694 ], [ 6161933.777193127200007, 1959858.741492825327441 ], [ 6161944.027120949700475, 1959872.561920618638396 ], [ 6161940.80377737712115, 1959885.430229493184015 ], [ 6161937.923888123594224, 1959904.844865830382332 ], [ 6161936.960833458229899, 1959924.448293896391988 ], [ 6161937.923888123594224, 1959944.051721962401643 ], [ 6161940.80377737712115, 1959963.46635829959996 ], [ 6161945.572766311466694, 1959982.505229347385466 ], [ 6161952.184926955960691, 1960000.984980369452387 ], [ 6161960.576580588705838, 1960018.727641261648387 ], [ 6161970.666910997591913, 1960035.562340500298887 ], [ 6161982.358742785640061, 1960051.326950729126111 ], [ 6161995.539477220736444, 1960065.869650133652613 ], [ 6162010.082176625728607, 1960079.050384568981826 ], [ 6162025.846786853857338, 1960090.742216356797144 ], [ 6162042.681486093439162, 1960100.83254676614888 ], [ 6162060.424146985635161, 1960109.224200398661196 ], [ 6162078.903898007236421, 1960115.836361042922363 ], [ 6162097.942769055254757, 1960120.605349977035075 ], [ 6162117.357405392453074, 1960123.485239230794832 ], [ 6162136.960833458229899, 1960124.448293896391988 ], [ 6162156.564261524006724, 1960123.485239230794832 ], [ 6162175.978897861205041, 1960120.605349977035075 ], [ 6162195.017768909223378, 1960115.836361042922363 ], [ 6162213.497519930824637, 1960109.224200398661196 ], [ 6162231.240180823020637, 1960100.83254676614888 ], [ 6162248.07488006260246, 1960090.742216356797144 ], [ 6162263.839490290731192, 1960079.050384568981826 ], [ 6162278.382189695723355, 1960065.869650133652613 ], [ 6162291.562924130819738, 1960051.326950729126111 ], [ 6162303.254755918867886, 1960035.562340500298887 ], [ 6162313.345086327753961, 1960018.727641261648387 ], [ 6162321.736739960499108, 1960000.984980369452387 ], [ 6162328.348900604993105, 1959982.505229347385466 ], [ 6162333.117889539338648, 1959963.46635829959996 ], [ 6162335.997778792865574, 1959944.051721962401643 ], [ 6162336.960833458229899, 1959924.448293896391988 ], [ 6162335.997778792865574, 1959904.844865830382332 ], [ 6162333.117889539338648, 1959885.430229493184015 ], [ 6162332.352843335829675, 1959882.375993843190372 ], [ 6162337.97827807161957, 1959874.790973156224936 ], [ 6162348.068608480505645, 1959857.956273917574435 ], [ 6162348.986866560764611, 1959856.014780327677727 ], [ 6162358.488513685762882, 1959851.520835924893618 ], [ 6162375.323212925344706, 1959841.430505515541881 ], [ 6162391.087823153473437, 1959829.738673727726564 ], [ 6162405.6305225584656, 1959816.55793929239735 ], [ 6162418.811256993561983, 1959802.015239887870848 ], [ 6162430.503088781610131, 1959786.250629659043625 ], [ 6162440.593419190496206, 1959769.415930420393124 ], [ 6162448.985072823241353, 1959751.673269528197125 ], [ 6162455.59723346773535, 1959733.193518506130204 ], [ 6162460.366222402080894, 1959714.154647458344698 ], [ 6162463.24611165560782, 1959694.740011121146381 ], [ 6162464.209166320972145, 1959675.136583055136725 ], [ 6162463.24611165560782, 1959655.53315498912707 ], [ 6162462.844664597883821, 1959652.826818758854643 ], [ 6162463.159671133384109, 1959652.160793398972601 ], [ 6162469.771831777878106, 1959633.68104237690568 ], [ 6162474.540820712223649, 1959614.642171329120174 ], [ 6162475.730910775251687, 1959606.619235808262601 ], [ 6162485.607918053865433, 1959593.301633161259815 ], [ 6162495.698248462751508, 1959576.466933922609314 ], [ 6162504.089902095496655, 1959558.724273030413315 ], [ 6162510.702062739990652, 1959540.244522008346394 ], [ 6162515.471051674336195, 1959521.205650960560888 ], [ 6162518.350940927863121, 1959501.791014623362571 ], [ 6162519.313995593227446, 1959482.187586557352915 ], [ 6162518.350940927863121, 1959462.58415849134326 ], [ 6162515.471051674336195, 1959443.169522154144943 ], [ 6162510.702062739990652, 1959424.130651106359437 ], [ 6162504.089902095496655, 1959405.650900084292516 ], [ 6162501.8827835470438, 1959400.98433999158442 ], [ 6162501.109489945694804, 1959385.243587122764438 ], [ 6162498.229600692167878, 1959365.828950785566121 ], [ 6162493.460611757822335, 1959346.790079737780616 ], [ 6162486.848451113328338, 1959328.310328715713695 ], [ 6162484.724033994600177, 1959323.818626104388386 ], [ 6162490.82037865370512, 1959310.928988291881979 ], [ 6162497.432539298199117, 1959292.449237269815058 ], [ 6162502.201528232544661, 1959273.410366222029552 ], [ 6162505.081417486071587, 1959253.995729884831235 ], [ 6162506.044472151435912, 1959234.392301818821579 ], [ 6162505.081417486071587, 1959214.788873752811924 ], [ 6162502.201528232544661, 1959195.374237415613607 ], [ 6162497.432539298199117, 1959176.335366367828101 ] ] ] } },
{ "type": "Feature", "properties": { "parent_sta": "mtc:12th-st-oakland-city-center-bart", "stop_id": "12TH_2", "stop_name": "A2 13th St and Broadway Entrance / Exit", "stop_code": "12TH_2", "stop_desc": "Pedestrian Access Point", "stop_lat": 37.80337, "stop_lon": -122.27196, "zone_id": "BA:79542", "stop_url": null, "tts_stop_n": null, "platform_c": null, "location_t": "2", "stop_timez": "America/Los_Angeles", "wheelchair": "0", "level_id": "mtc:12th-st-oakland-city-center-bart-street", "route_info": "{'route_id': None, 'route_type': None}" }, "geometry": { "type": "Polygon", "coordinates": [ [ [ 6049857.315157406032085, 2119418.502104489132762 ], [ 6049850.702996761538088, 2119400.022353467065841 ], [ 6049842.311343128792942, 2119382.279692574869841 ], [ 6049832.221012719906867, 2119365.444993336219341 ], [ 6049820.529180931858718, 2119349.680383107624948 ], [ 6049807.348446496762335, 2119335.137683702632785 ], [ 6049792.805747091770172, 2119321.956949267536402 ], [ 6049777.041136863641441, 2119310.265117479488254 ], [ 6049760.206437624059618, 2119300.174787070602179 ], [ 6049742.463776731863618, 2119291.783133437857032 ], [ 6049723.984025710262358, 2119285.170972793828696 ], [ 6049704.945154662244022, 2119280.401983859483153 ], [ 6049685.530518325045705, 2119277.522094605490565 ], [ 6049665.92709025926888, 2119276.55903994012624 ], [ 6049646.323662193492055, 2119277.522094605490565 ], [ 6049626.909025856293738, 2119280.401983859483153 ], [ 6049607.870154808275402, 2119285.170972793828696 ], [ 6049589.390403786674142, 2119291.783133437857032 ], [ 6049571.647742894478142, 2119300.174787070602179 ], [ 6049554.813043654896319, 2119310.265117479488254 ], [ 6049543.140535608865321, 2119318.922039448749274 ], [ 6049542.05241600330919, 2119319.19459922099486 ], [ 6049523.572664981707931, 2119325.806759865023196 ], [ 6049505.830004089511931, 2119334.198413497768342 ], [ 6049488.995304849930108, 2119344.288743906654418 ], [ 6049473.230694621801376, 2119355.980575694702566 ], [ 6049458.687995216809213, 2119369.161310129798949 ], [ 6049445.50726078171283, 2119383.704009534791112 ], [ 6049433.815428993664682, 2119399.468619763385504 ], [ 6049423.725098584778607, 2119416.303319002036005 ], [ 6049415.33344495203346, 2119434.045979894232005 ], [ 6049408.721284307539463, 2119452.525730916298926 ], [ 6049403.95229537319392, 2119471.564601963851601 ], [ 6049401.072406119666994, 2119490.979238301515579 ], [ 6049400.109351454302669, 2119510.582666367292404 ], [ 6049401.072406119666994, 2119530.186094433069229 ], [ 6049403.95229537319392, 2119549.600730770733207 ], [ 6049408.721284307539463, 2119568.639601818285882 ], [ 6049415.33344495203346, 2119587.119352840352803 ], [ 6049423.725098584778607, 2119604.862013732548803 ], [ 6049433.815428993664682, 2119621.696712971199304 ], [ 6049445.50726078171283, 2119637.461323199793696 ], [ 6049458.687995216809213, 2119652.00402260478586 ], [ 6049473.230694621801376, 2119665.184757039882243 ], [ 6049488.995304849930108, 2119676.876588827930391 ], [ 6049505.830004089511931, 2119686.966919236816466 ], [ 6049523.572664981707931, 2119695.358572869561613 ], [ 6049542.05241600330919, 2119701.970733513589948 ], [ 6049561.091287051327527, 2119706.739722447935492 ], [ 6049580.505923388525844, 2119709.619611701928079 ], [ 6049600.109351454302669, 2119710.582666367292404 ], [ 6049603.432378243654966, 2119710.419416529592127 ], [ 6049595.937030915170908, 2119720.5257224785164 ], [ 6049585.846700506284833, 2119737.360421717166901 ], [ 6049577.455046873539686, 2119755.1030826093629 ], [ 6049570.842886229045689, 2119773.582833631429821 ], [ 6049566.073897294700146, 2119792.621704678982496 ], [ 6049563.19400804117322, 2119812.036341016646475 ], [ 6049562.230953375808895, 2119831.6397690824233 ], [ 6049563.19400804117322, 2119851.243197148200125 ], [ 6049566.073897294700146, 2119870.657833485864103 ], [ 6049570.842886229045689, 2119889.696704533416778 ], [ 6049577.455046873539686, 2119908.176455555483699 ], [ 6049585.846700506284833, 2119925.919116447679698 ], [ 6049595.937030915170908, 2119942.753815686330199 ], [ 6049600.720152948983014, 2119949.203109168447554 ], [ 6049598.130606058984995, 2119959.541159852407873 ], [ 6049595.250716805458069, 2119978.955796190071851 ], [ 6049594.287662140093744, 2119998.559224255848676 ], [ 6049595.250716805458069, 2120018.162652321625501 ], [ 6049598.130606058984995, 2120037.577288659289479 ], [ 6049602.899594993330538, 2120056.616159706842154 ], [ 6049609.511755637824535, 2120075.095910728909075 ], [ 6049617.903409270569682, 2120092.838571621105075 ], [ 6049627.993739679455757, 2120109.673270859755576 ], [ 6049639.685571467503905, 2120125.437881088349968 ], [ 6049652.866305902600288, 2120139.980580493342131 ], [ 6049667.409005307592452, 2120153.161314928438514 ], [ 6049683.173615535721183, 2120164.853146716486663 ], [ 6049700.008314775303006, 2120174.943477125372738 ], [ 6049717.750975667499006, 2120183.335130758117884 ], [ 6049736.230726689100266, 2120189.94729140214622 ], [ 6049755.269597737118602, 2120194.716280336491764 ], [ 6049774.684234074316919, 2120197.596169590484351 ], [ 6049794.287662140093744, 2120198.559224255848676 ], [ 6049813.891090205870569, 2120197.596169590484351 ], [ 6049815.533680054359138, 2120197.352514402940869 ], [ 6049812.507956479676068, 2120200.094870399218053 ], [ 6049799.327222044579685, 2120214.637569804210216 ], [ 6049787.635390256531537, 2120230.402180032804608 ], [ 6049777.545059847645462, 2120247.236879271455109 ], [ 6049769.153406214900315, 2120264.979540163651109 ], [ 6049762.541245570406318, 2120283.45929118571803 ], [ 6049757.772256636060774, 2120302.498162233270705 ], [ 6049754.892367382533848, 2120321.912798570934683 ], [ 6049753.929312717169523, 2120341.516226636711508 ], [ 6049754.892367382533848, 2120361.119654702488333 ], [ 6049757.772256636060774, 2120380.534291040152311 ], [ 6049762.541245570406318, 2120399.573162087704986 ], [ 6049769.153406214900315, 2120418.052913109771907 ], [ 6049777.545059847645462, 2120435.795574001967907 ], [ 6049787.635390256531537, 2120452.630273240618408 ], [ 6049799.327222044579685, 2120468.3948834692128 ], [ 6049812.507956479676068, 2120482.937582874204963 ], [ 6049827.050655884668231, 2120496.118317309301347 ], [ 6049842.815266112796962, 2120507.810149097349495 ], [ 6049859.649965352378786, 2120517.90047950623557 ], [ 6049877.392626244574785, 2120526.292133138980716 ], [ 6049895.872377266176045, 2120532.904293783009052 ], [ 6049914.911248314194381, 2120537.673282717354596 ], [ 6049934.325884651392698, 2120540.553171971347183 ], [ 6049953.929312717169523, 2120541.516226636711508 ], [ 6049973.532740782946348, 2120540.553171971347183 ], [ 6049992.947377120144665, 2120537.673282717354596 ], [ 6050011.986248168163002, 2120532.904293783009052 ], [ 6050030.465999189764261, 2120526.292133138980716 ], [ 6050048.208660081960261, 2120517.90047950623557 ], [ 6050065.043359321542084, 2120507.810149097349495 ], [ 6050080.807969549670815, 2120496.118317309301347 ], [ 6050095.350668954662979, 2120482.937582874204963 ], [ 6050108.531403389759362, 2120468.3948834692128 ], [ 6050120.22323517780751, 2120452.630273240618408 ], [ 6050130.313565586693585, 2120435.795574001967907 ], [ 6050138.705219219438732, 2120418.052913109771907 ], [ 6050145.317379863932729, 2120399.573162087704986 ], [ 6050150.086368798278272, 2120380.534291040152311 ], [ 6050152.966258051805198, 2120361.119654702488333 ], [ 6050153.929312717169523, 2120341.516226636711508 ], [ 6050153.658938469365239, 2120336.012632381170988 ], [ 6050164.246718662790954, 2120333.360531505197287 ], [ 6050182.726469684392214, 2120326.748370861168951 ], [ 6050200.469130576588213, 2120318.356717228423804 ], [ 6050217.303829816170037, 2120308.266386819537729 ], [ 6050233.068440044298768, 2120296.574555031489581 ], [ 6050247.611139449290931, 2120283.393820596393198 ], [ 6050260.791873884387314, 2120268.851121191401035 ], [ 6050272.483705672435462, 2120253.086510962806642 ], [ 6050282.574036081321537, 2120236.251811724156141 ], [ 6050290.965689714066684, 2120218.509150831960142 ], [ 6050297.577850358560681, 2120200.029399809893221 ], [ 6050302.346839292906225, 2120180.990528762340546 ], [ 6050305.226728546433151, 2120161.575892424676567 ], [ 6050306.189783211797476, 2120141.972464358899742 ], [ 6050305.226728546433151, 2120122.369036293122917 ], [ 6050302.346839292906225, 2120102.954399955458939 ], [ 6050297.577850358560681, 2120083.915528907906264 ], [ 6050290.965689714066684, 2120065.435777885839343 ], [ 6050282.574036081321537, 2120047.693116993643343 ], [ 6050272.483705672435462, 2120030.858417754992843 ], [ 6050260.791873884387314, 2120015.09380752639845 ], [ 6050247.611139449290931, 2120000.551108121406287 ], [ 6050233.068440044298768, 2119987.370373686309904 ], [ 6050217.303829816170037, 2119975.678541898261756 ], [ 6050200.469130576588213, 2119965.588211489375681 ], [ 6050182.726469684392214, 2119957.196557856630534 ], [ 6050164.246718662790954, 2119950.584397212602198 ], [ 6050145.207847614772618, 2119945.815408278256655 ], [ 6050127.394100252538919, 2119943.172988471575081 ], [ 6050121.42902697622776, 2119930.5609006783925 ], [ 6050111.338696567341685, 2119913.726201439741999 ], [ 6050099.646864779293537, 2119897.961591211147606 ], [ 6050086.466130344197154, 2119883.418891806155443 ], [ 6050071.923430939204991, 2119870.23815737105906 ], [ 6050056.15882071107626, 2119858.546325583010912 ], [ 6050039.324121471494436, 2119848.455995174124837 ], [ 6050023.159197147004306, 2119840.810555363539606 ], [ 6050024.205147546716034, 2119836.634887303225696 ], [ 6050027.08503680024296, 2119817.220250965561718 ], [ 6050028.048091465607285, 2119797.616822899784893 ], [ 6050027.08503680024296, 2119778.013394834008068 ], [ 6050024.205147546716034, 2119758.59875849634409 ], [ 6050019.436158612370491, 2119739.559887448791414 ], [ 6050012.823997967876494, 2119721.080136426724494 ], [ 6050004.432344335131347, 2119703.337475534528494 ], [ 6049994.342013926245272, 2119686.502776295877993 ], [ 6049982.650182138197124, 2119670.738166067283601 ], [ 6049969.469447703100741, 2119656.195466662291437 ], [ 6049954.926748298108578, 2119643.014732227195054 ], [ 6049939.162138069979846, 2119631.322900439146906 ], [ 6049922.327438830398023, 2119621.232570030260831 ], [ 6049904.584777938202024, 2119612.840916397515684 ], [ 6049886.105026916600764, 2119606.228755753487349 ], [ 6049867.066155868582428, 2119601.459766819141805 ], [ 6049847.65151953138411, 2119598.579877565149218 ], [ 6049828.048091465607285, 2119597.616822899784893 ], [ 6049824.72516452614218, 2119597.78006783220917 ], [ 6049832.221012719906867, 2119587.67308654403314 ], [ 6049842.311343128792942, 2119570.838387305382639 ], [ 6049850.702996761538088, 2119553.09572641318664 ], [ 6049857.315157406032085, 2119534.615975391119719 ], [ 6049862.084146340377629, 2119515.577104343567044 ], [ 6049864.964035593904555, 2119496.162468005903065 ], [ 6049865.92709025926888, 2119476.55903994012624 ], [ 6049864.964035593904555, 2119456.955611874349415 ], [ 6049862.084146340377629, 2119437.540975536685437 ], [ 6049857.315157406032085, 2119418.502104489132762 ] ] ] } },
{ "type": "Feature", "properties": { "parent_sta": "mtc:19th-st-oakland-bart", "stop_id": "19TH_3", "stop_name": "A2 20th and Broadway Entrance / Exit", "stop_code": "19TH_3", "stop_desc": "Pedestrian Access Point", "stop_lat": 37.80881, "stop_lon": -122.26854, "zone_id": "BA:79542", "stop_url": null, "tts_stop_n": null, "platform_c": null, "location_t": "2", "stop_timez": "America/Los_Angeles", "wheelchair": "1", "level_id": "mtc:19th-st-oakland-bart-street", "route_info": "{'route_id': None, 'route_type': None}" }, "geometry": { "type": "Polygon", "coordinates": [ [ [ 6050692.870615457184613, 2121042.456705103162676 ], [ 6050688.101626522839069, 2121023.417834055610001 ], [ 6050681.489465878345072, 2121004.93808303354308 ], [ 6050673.097812245599926, 2120987.19542214134708 ], [ 6050663.00748183671385, 2120970.36072290269658 ], [ 6050651.315650048665702, 2120954.596112674102187 ], [ 6050638.134915613569319, 2120940.053413269110024 ], [ 6050623.592216208577156, 2120926.872678834013641 ], [ 6050607.827605980448425, 2120915.180847045965493 ], [ 6050590.992906740866601, 2120905.090516637079418 ], [ 6050573.250245848670602, 2120896.698863004334271 ], [ 6050554.770494827069342, 2120890.086702360305935 ], [ 6050535.731623779051006, 2120885.317713425960392 ], [ 6050516.316987441852689, 2120882.437824171967804 ], [ 6050496.713559376075864, 2120881.474769506603479 ], [ 6050477.110131310299039, 2120882.437824171967804 ], [ 6050457.695494973100722, 2120885.317713425960392 ], [ 6050438.656623925082386, 2120890.086702360305935 ], [ 6050420.176872903481126, 2120896.698863004334271 ], [ 6050402.434212011285126, 2120905.090516637079418 ], [ 6050385.599512771703303, 2120915.180847045965493 ], [ 6050369.834902543574572, 2120926.872678834013641 ], [ 6050355.292203138582408, 2120940.053413269110024 ], [ 6050342.111468703486025, 2120954.596112674102187 ], [ 6050330.419636915437877, 2120970.36072290269658 ], [ 6050320.329306506551802, 2120987.19542214134708 ], [ 6050311.937652873806655, 2121004.93808303354308 ], [ 6050305.325492229312658, 2121023.417834055610001 ], [ 6050300.556503294967115, 2121042.456705103162676 ], [ 6050297.676614041440189, 2121061.871341440826654 ], [ 6050296.949881230480969, 2121076.664327652659267 ], [ 6050296.198682684451342, 2121077.114578733686358 ], [ 6050280.43407245632261, 2121088.806410521734506 ], [ 6050265.891373051330447, 2121101.987144956830889 ], [ 6050252.710638616234064, 2121116.529844361823052 ], [ 6050241.018806828185916, 2121132.294454590417445 ], [ 6050230.928476419299841, 2121149.129153829067945 ], [ 6050222.536822786554694, 2121166.871814721263945 ], [ 6050215.924662142060697, 2121185.351565743330866 ], [ 6050211.155673207715154, 2121204.390436790883541 ], [ 6050208.275783954188228, 2121223.805073128547519 ], [ 6050207.312729288823903, 2121243.408501194324344 ], [ 6050208.275783954188228, 2121263.011929260101169 ], [ 6050211.155673207715154, 2121282.426565597765148 ], [ 6050215.924662142060697, 2121301.465436645317823 ], [ 6050222.536822786554694, 2121319.945187667384744 ], [ 6050230.928476419299841, 2121337.687848559580743 ], [ 6050241.018806828185916, 2121354.522547798231244 ], [ 6050252.710638616234064, 2121370.287158026825637 ], [ 6050265.891373051330447, 2121384.8298574318178 ], [ 6050280.43407245632261, 2121398.010591866914183 ], [ 6050296.198682684451342, 2121409.702423654962331 ], [ 6050313.033381924033165, 2121419.792754063848406 ], [ 6050330.776042816229165, 2121428.184407696593553 ], [ 6050349.255793837830424, 2121434.796568340621889 ], [ 6050368.294664885848761, 2121439.565557274967432 ], [ 6050387.709301223047078, 2121442.445446528960019 ], [ 6050407.312729288823903, 2121443.408501194324344 ], [ 6050426.916157354600728, 2121442.445446528960019 ], [ 6050446.330793691799045, 2121439.565557274967432 ], [ 6050457.622219678014517, 2121436.737202303484082 ], [ 6050462.123724199831486, 2121442.806778526399285 ], [ 6050475.304458634927869, 2121457.349477931391448 ], [ 6050489.847158039920032, 2121470.530212366487831 ], [ 6050505.611768268048763, 2121482.222044154535979 ], [ 6050522.446467507630587, 2121492.312374563422054 ], [ 6050525.729053869843483, 2121493.86492228647694 ], [ 6050522.913095568306744, 2121512.848571154288948 ], [ 6050521.950040902942419, 2121532.451999220065773 ], [ 6050522.913095568306744, 2121552.055427285842597 ], [ 6050525.79298482183367, 2121571.470063623506576 ], [ 6050530.561973756179214, 2121590.508934671059251 ], [ 6050537.174134400673211, 2121608.988685693126172 ], [ 6050545.565788033418357, 2121626.731346585322171 ], [ 6050555.656118442304432, 2121643.566045823972672 ], [ 6050567.347950230352581, 2121659.330656052567065 ], [ 6050580.528684665448964, 2121673.873355457559228 ], [ 6050595.071384070441127, 2121687.054089892655611 ], [ 6050610.835994298569858, 2121698.745921680703759 ], [ 6050611.263736779801548, 2121699.002300657331944 ], [ 6050611.176359393633902, 2121699.148081018589437 ], [ 6050602.784705760888755, 2121716.890741910785437 ], [ 6050596.172545116394758, 2121735.370492932852358 ], [ 6050591.403556182049215, 2121754.409363980405033 ], [ 6050588.523666928522289, 2121773.824000318069011 ], [ 6050587.560612263157964, 2121793.427428383845836 ], [ 6050588.523666928522289, 2121813.030856449622661 ], [ 6050591.403556182049215, 2121832.445492787286639 ], [ 6050596.172545116394758, 2121851.484363834839314 ], [ 6050602.784705760888755, 2121869.964114856906235 ], [ 6050611.176359393633902, 2121887.706775749102235 ], [ 6050621.266689802519977, 2121904.541474987752736 ], [ 6050632.958521590568125, 2121920.306085216347128 ], [ 6050646.139256025664508, 2121934.848784621339291 ], [ 6050660.681955430656672, 2121948.029519056435674 ], [ 6050676.446565658785403, 2121959.721350844483823 ], [ 6050693.281264898367226, 2121969.811681253369898 ], [ 6050711.023925790563226, 2121978.203334886115044 ], [ 6050729.503676812164485, 2121984.81549553014338 ], [ 6050748.542547860182822, 2121989.584484464488924 ], [ 6050767.957184197381139, 2121992.464373718481511 ], [ 6050787.560612263157964, 2121993.427428383845836 ], [ 6050807.164040328934789, 2121992.464373718481511 ], [ 6050826.578676666133106, 2121989.584484464488924 ], [ 6050845.425577844493091, 2121984.863581479527056 ], [ 6050849.426311600953341, 2121989.277710958383977 ], [ 6050863.969011005945504, 2122002.458445393480361 ], [ 6050879.733621234074235, 2122014.150277181528509 ], [ 6050896.568320473656058, 2122024.240607590414584 ], [ 6050914.310981365852058, 2122032.63226122315973 ], [ 6050932.790732387453318, 2122039.244421867188066 ], [ 6050951.829603435471654, 2122044.01341080153361 ], [ 6050971.244239772669971, 2122046.893300055526197 ], [ 6050990.847667838446796, 2122047.856354720890522 ], [ 6051010.451095904223621, 2122046.893300055526197 ], [ 6051029.865732241421938, 2122044.01341080153361 ], [ 6051048.904603289440274, 2122039.244421867188066 ], [ 6051067.384354311041534, 2122032.63226122315973 ], [ 6051085.127015203237534, 2122024.240607590414584 ], [ 6051101.961714442819357, 2122014.150277181528509 ], [ 6051117.726324670948088, 2122002.458445393480361 ], [ 6051132.269024075940251, 2121989.277710958383977 ], [ 6051145.449758511036634, 2121974.735011553391814 ], [ 6051157.141590299084783, 2121958.970401324797422 ], [ 6051167.231920707970858, 2121942.135702086146921 ], [ 6051175.623574340716004, 2121924.393041193950921 ], [ 6051182.235734985210001, 2121905.913290171884 ], [ 6051187.004723919555545, 2121886.874419124331325 ], [ 6051189.884613173082471, 2121867.459782786667347 ], [ 6051190.847667838446796, 2121847.856354720890522 ], [ 6051189.884613173082471, 2121828.252926655113697 ], [ 6051187.004723919555545, 2121808.838290317449719 ], [ 6051182.235734985210001, 2121789.799419269897044 ], [ 6051175.623574340716004, 2121771.319668247830123 ], [ 6051167.231920707970858, 2121753.577007355634123 ], [ 6051157.141590299084783, 2121736.742308116983622 ], [ 6051145.449758511036634, 2121720.97769788838923 ], [ 6051132.269024075940251, 2121706.434998483397067 ], [ 6051117.726324670948088, 2121693.254264048300683 ], [ 6051101.961714442819357, 2121681.562432260252535 ], [ 6051085.127015203237534, 2121671.47210185136646 ], [ 6051067.384354311041534, 2121663.080448218621314 ], [ 6051048.904603289440274, 2121656.468287574592978 ], [ 6051029.865732241421938, 2121651.699298640247434 ], [ 6051010.451095904223621, 2121648.819409386254847 ], [ 6050990.847667838446796, 2121647.856354720890522 ], [ 6050971.244239772669971, 2121648.819409386254847 ], [ 6050951.829603435471654, 2121651.699298640247434 ], [ 6050932.982702257111669, 2121656.420201625209302 ], [ 6050928.981968500651419, 2121652.006072146352381 ], [ 6050914.439269095659256, 2121638.825337711255997 ], [ 6050898.674658867530525, 2121627.133505923207849 ], [ 6050898.246916386298835, 2121626.877126946579665 ], [ 6050898.334293772466481, 2121626.731346585322171 ], [ 6050906.725947405211627, 2121608.988685693126172 ], [ 6050913.338108049705625, 2121590.508934671059251 ], [ 6050918.107096984051168, 2121571.470063623506576 ], [ 6050920.986986237578094, 2121552.055427285842597 ], [ 6050921.950040902942419, 2121532.451999220065773 ], [ 6050920.986986237578094, 2121512.848571154288948 ], [ 6050918.107096984051168, 2121493.433934816624969 ], [ 6050913.338108049705625, 2121474.395063769072294 ], [ 6050906.725947405211627, 2121455.915312747005373 ], [ 6050898.334293772466481, 2121438.172651854809374 ], [ 6050888.243963363580406, 2121421.337952616158873 ], [ 6050876.552131575532258, 2121405.57334238756448 ], [ 6050863.371397140435874, 2121391.030642982572317 ], [ 6050848.828697735443711, 2121377.849908547475934 ], [ 6050833.06408750731498, 2121366.158076759427786 ], [ 6050816.229388267733157, 2121356.067746350541711 ], [ 6050812.94680190552026, 2121354.515198627486825 ], [ 6050815.762760207056999, 2121335.531549759674817 ], [ 6050816.725814872421324, 2121315.928121693897992 ], [ 6050815.762760207056999, 2121296.324693628121167 ], [ 6050812.882870953530073, 2121276.910057290457189 ], [ 6050808.11388201918453, 2121257.871186242904514 ], [ 6050801.501721374690533, 2121239.391435220837593 ], [ 6050793.110067741945386, 2121221.648774328641593 ], [ 6050783.019737333059311, 2121204.814075089991093 ], [ 6050771.327905545011163, 2121189.0494648613967 ], [ 6050758.14717110991478, 2121174.506765456404537 ], [ 6050743.604471704922616, 2121161.326031021308154 ], [ 6050727.839861476793885, 2121149.634199233260006 ], [ 6050711.005162237212062, 2121139.543868824373931 ], [ 6050693.262501345016062, 2121131.152215191628784 ], [ 6050690.452433636412024, 2121130.146756888367236 ], [ 6050692.870615457184613, 2121120.492833910044283 ], [ 6050695.750504710711539, 2121101.078197572380304 ], [ 6050696.713559376075864, 2121081.474769506603479 ], [ 6050695.750504710711539, 2121061.871341440826654 ], [ 6050692.870615457184613, 2121042.456705103162676 ] ] ] } },
{ "type": "Feature", "properties": { "parent_sta": "mtc:civic-center-bart", "stop_id": "CIVC_2", "stop_name": "A3 1150 Market Street - UN Plaza Stairs Entrance / Exit", "stop_code": "CIVC_2", "stop_desc": "Pedestrian Access Point", "stop_lat": 37.77976, "stop_lon": -122.41425, "zone_id": "BA:79542", "stop_url": null, "tts_stop_n": null, "platform_c": null, "location_t": "2", "stop_timez": "America/Los_Angeles", "wheelchair": "0", "level_id": "mtc:civic-center-bart-street", "route_info": "{'route_id': None, 'route_type': None}" }, "geometry": { "type": "Polygon", "coordinates": [ [ [ 6008601.995392807759345, 2111659.054511833470315 ], [ 6008597.226403873413801, 2111640.01564078591764 ], [ 6008590.614243228919804, 2111621.535889763850719 ], [ 6008582.222589596174657, 2111603.793228871654719 ], [ 6008572.132259187288582, 2111586.958529633004218 ], [ 6008560.440427399240434, 2111571.193919404409826 ], [ 6008547.259692964144051, 2111556.651219999417663 ], [ 6008532.716993559151888, 2111543.47048556432128 ], [ 6008516.952383331023157, 2111531.778653776273131 ], [ 6008500.117684091441333, 2111521.688323367387056 ], [ 6008482.375023199245334, 2111513.29666973464191 ], [ 6008463.895272177644074, 2111506.684509090613574 ], [ 6008444.856401129625738, 2111501.91552015626803 ], [ 6008425.441764792427421, 2111499.035630902275443 ], [ 6008405.838336726650596, 2111498.072576236911118 ], [ 6008386.234908660873771, 2111499.035630902275443 ], [ 6008366.820272323675454, 2111501.91552015626803 ], [ 6008347.781401275657117, 2111506.684509090613574 ], [ 6008329.301650254055858, 2111513.29666973464191 ], [ 6008311.558989361859858, 2111521.688323367387056 ], [ 6008294.724290122278035, 2111531.778653776273131 ], [ 6008278.959679894149303, 2111543.47048556432128 ], [ 6008264.41698048915714, 2111556.651219999417663 ], [ 6008251.236246054060757, 2111571.193919404409826 ], [ 6008239.544414266012609, 2111586.958529633004218 ], [ 6008231.596148388460279, 2111600.219410109333694 ], [ 6008228.14130952116102, 2111602.781693242490292 ], [ 6008213.598610116168857, 2111615.962427677586675 ], [ 6008200.417875681072474, 2111630.505127082578838 ], [ 6008188.726043893024325, 2111646.26973731117323 ], [ 6008178.63571348413825, 2111663.104436549823731 ], [ 6008170.244059851393104, 2111680.847097442019731 ], [ 6008163.631899206899107, 2111699.326848464086652 ], [ 6008158.862910272553563, 2111718.365719511639327 ], [ 6008155.983021019026637, 2111737.780355849303305 ], [ 6008155.019966353662312, 2111757.38378391508013 ], [ 6008155.983021019026637, 2111776.987211980856955 ], [ 6008158.862910272553563, 2111796.401848318520933 ], [ 6008163.631899206899107, 2111815.440719366073608 ], [ 6008170.244059851393104, 2111833.920470388140529 ], [ 6008178.63571348413825, 2111851.663131280336529 ], [ 6008188.726043893024325, 2111868.49783051898703 ], [ 6008200.417875681072474, 2111884.262440747581422 ], [ 6008213.598610116168857, 2111898.805140152573586 ], [ 6008228.14130952116102, 2111911.985874587669969 ], [ 6008243.905919749289751, 2111923.677706375718117 ], [ 6008260.740618988871574, 2111933.768036784604192 ], [ 6008278.483279881067574, 2111942.159690417349339 ], [ 6008296.963030902668834, 2111948.771851061377674 ], [ 6008308.867482289671898, 2111951.75376090221107 ], [ 6008308.840471880510449, 2111951.798825047910213 ], [ 6008300.448818247765303, 2111969.541485940106213 ], [ 6008293.836657603271306, 2111988.021236962173134 ], [ 6008289.067668668925762, 2112007.060108009725809 ], [ 6008286.187779415398836, 2112026.474744347389787 ], [ 6008285.224724750034511, 2112046.078172413166612 ], [ 6008286.187779415398836, 2112065.681600478943437 ], [ 6008289.067668668925762, 2112085.096236816607416 ], [ 6008293.836657603271306, 2112104.135107864160091 ], [ 6008300.448818247765303, 2112122.614858886227012 ], [ 6008308.840471880510449, 2112140.357519778423011 ], [ 6008318.930802289396524, 2112157.192219017073512 ], [ 6008330.622634077444673, 2112172.956829245667905 ], [ 6008343.803368512541056, 2112187.499528650660068 ], [ 6008358.346067917533219, 2112200.680263085756451 ], [ 6008374.11067814566195, 2112212.372094873804599 ], [ 6008390.945377385243773, 2112222.462425282690674 ], [ 6008408.688038277439773, 2112230.854078915435821 ], [ 6008427.167789299041033, 2112237.466239559464157 ], [ 6008446.206660347059369, 2112242.2352284938097 ], [ 6008465.621296684257686, 2112245.115117747802287 ], [ 6008485.224724750034511, 2112246.078172413166612 ], [ 6008504.828152815811336, 2112245.115117747802287 ], [ 6008524.242789153009653, 2112242.2352284938097 ], [ 6008543.281660201027989, 2112237.466239559464157 ], [ 6008561.761411222629249, 2112230.854078915435821 ], [ 6008579.504072114825249, 2112222.462425282690674 ], [ 6008588.922778200358152, 2112216.817070110235363 ], [ 6008604.752471041865647, 2112220.782201750669628 ], [ 6008624.167107379063964, 2112223.662091004662216 ], [ 6008643.770535444840789, 2112224.625145670026541 ], [ 6008663.373963510617614, 2112223.662091004662216 ], [ 6008682.788599847815931, 2112220.782201750669628 ], [ 6008683.132529833354056, 2112220.696051774080843 ], [ 6008680.725230528973043, 2112236.924745463300496 ], [ 6008679.762175863608718, 2112256.528173529077321 ], [ 6008680.725230528973043, 2112276.131601594854146 ], [ 6008683.605119782499969, 2112295.546237932518125 ], [ 6008688.374108716845512, 2112314.5851089800708 ], [ 6008694.986269361339509, 2112333.064860002137721 ], [ 6008703.377922994084656, 2112350.80752089433372 ], [ 6008713.468253402970731, 2112367.642220132984221 ], [ 6008725.160085191018879, 2112383.406830361578614 ], [ 6008738.340819626115263, 2112397.949529766570777 ], [ 6008752.883519031107426, 2112411.13026420166716 ], [ 6008768.648129259236157, 2112422.822095989715308 ], [ 6008785.48282849881798, 2112432.912426398601383 ], [ 6008803.22548939101398, 2112441.30408003134653 ], [ 6008821.70524041261524, 2112447.916240675374866 ], [ 6008840.744111460633576, 2112452.685229609720409 ], [ 6008860.158747797831893, 2112455.565118863712996 ], [ 6008879.762175863608718, 2112456.528173529077321 ], [ 6008899.365603929385543, 2112455.565118863712996 ], [ 6008918.78024026658386, 2112452.685229609720409 ], [ 6008937.819111314602196, 2112447.916240675374866 ], [ 6008956.298862336203456, 2112441.30408003134653 ], [ 6008974.041523228399456, 2112432.912426398601383 ], [ 6008990.876222467981279, 2112422.822095989715308 ], [ 6009006.64083269611001, 2112411.13026420166716 ], [ 6009015.357853461056948, 2112403.229617109056562 ], [ 6009024.825881781987846, 2112399.841902406420559 ], [ 6009042.568542674183846, 2112391.450248773675412 ], [ 6009059.403241913765669, 2112381.359918364789337 ], [ 6009075.1678521418944, 2112369.668086576741189 ], [ 6009089.710551546886563, 2112356.487352141644806 ], [ 6009102.891285981982946, 2112341.944652736652642 ], [ 6009114.583117770031095, 2112326.18004250805825 ], [ 6009124.67344817891717, 2112309.345343269407749 ], [ 6009133.065101811662316, 2112291.60268237721175 ], [ 6009139.677262456156313, 2112273.122931355144829 ], [ 6009144.446251390501857, 2112254.084060307592154 ], [ 6009147.326140644028783, 2112234.669423969928175 ], [ 6009148.289195309393108, 2112215.06599590415135 ], [ 6009147.326140644028783, 2112195.462567838374525 ], [ 6009144.446251390501857, 2112176.047931500710547 ], [ 6009139.677262456156313, 2112157.009060453157872 ], [ 6009133.065101811662316, 2112138.529309431090951 ], [ 6009124.67344817891717, 2112120.786648538894951 ], [ 6009114.583117770031095, 2112103.951949300244451 ], [ 6009102.891285981982946, 2112088.187339071650058 ], [ 6009089.710551546886563, 2112073.644639666657895 ], [ 6009075.1678521418944, 2112060.463905231561512 ], [ 6009059.403241913765669, 2112048.772073443513364 ], [ 6009042.568542674183846, 2112038.681743034627289 ], [ 6009024.825881781987846, 2112030.290089401882142 ], [ 6009006.346130760386586, 2112023.677928757853806 ], [ 6008987.30725971236825, 2112018.908939823508263 ], [ 6008967.892623375169933, 2112016.029050569515675 ], [ 6008948.289195309393108, 2112015.06599590415135 ], [ 6008928.685767243616283, 2112016.029050569515675 ], [ 6008909.271130906417966, 2112018.908939823508263 ], [ 6008890.23225985839963, 2112023.677928757853806 ], [ 6008871.75250883679837, 2112030.290089401882142 ], [ 6008868.769498382695019, 2112031.700948272831738 ], [ 6008874.270390618592501, 2112016.32698439154774 ], [ 6008879.039379552938044, 2111997.288113343995064 ], [ 6008881.91926880646497, 2111977.873477006331086 ], [ 6008882.882323471829295, 2111958.270048940554261 ], [ 6008881.91926880646497, 2111938.666620874777436 ], [ 6008879.039379552938044, 2111919.251984537113458 ], [ 6008874.270390618592501, 2111900.213113489560783 ], [ 6008867.658229974098504, 2111881.733362467493862 ], [ 6008859.266576341353357, 2111863.990701575297862 ], [ 6008849.176245932467282, 2111847.156002336647362 ], [ 6008837.484414144419134, 2111831.391392108052969 ], [ 6008824.303679709322751, 2111816.848692703060806 ], [ 6008809.760980304330587, 2111803.667958267964423 ], [ 6008793.996370076201856, 2111791.976126479916275 ], [ 6008777.161670836620033, 2111781.8857960710302 ], [ 6008759.419009944424033, 2111773.494142438285053 ], [ 6008740.939258922822773, 2111766.881981794256717 ], [ 6008721.900387874804437, 2111762.112992859911174 ], [ 6008702.48575153760612, 2111759.233103605918586 ], [ 6008682.882323471829295, 2111758.270048940554261 ], [ 6008663.27889540605247, 2111759.233103605918586 ], [ 6008643.864259068854153, 2111762.112992859911174 ], [ 6008624.825388020835817, 2111766.881981794256717 ], [ 6008606.345636999234557, 2111773.494142438285053 ], [ 6008588.602976107038558, 2111781.8857960710302 ], [ 6008586.606820818968117, 2111783.082245506346226 ], [ 6008590.614243228919804, 2111774.609262709971517 ], [ 6008597.226403873413801, 2111756.129511687904596 ], [ 6008601.995392807759345, 2111737.090640640351921 ], [ 6008604.875282061286271, 2111717.676004302687943 ], [ 6008605.838336726650596, 2111698.072576236911118 ], [ 6008604.875282061286271, 2111678.469148171134293 ], [ 6008601.995392807759345, 2111659.054511833470315 ] ] ] } },
{ "type": "Feature", "properties": { "parent_sta": "mtc:daly-city-bart", "stop_id": "DALY_1", "stop_name": "TBD Pedestrian Access Point", "stop_code": "DALY_1", "stop_desc": "Pedestrian Access Point", "stop_lat": 37.70613, "stop_lon": -122.46902, "zone_id": "BA:79542", "stop_url": null, "tts_stop_n": null, "platform_c": null, "location_t": "2", "stop_timez": "America/Los_Angeles", "wheelchair": "0", "level_id": "mtc:daly-city-bart-ground", "route_info": "{'route_id': None, 'route_type': None}" }, "geometry": { "type": "Polygon", "coordinates": [ [ [ 5992260.550506987608969, 2085405.213310792343691 ], [ 5992250.460176578722894, 2085388.37861155369319 ], [ 5992238.768344790674746, 2085372.614001324865967 ], [ 5992225.587610355578363, 2085358.071301920339465 ], [ 5992211.0449109505862, 2085344.890567485010251 ], [ 5992195.280300722457469, 2085333.198735697194934 ], [ 5992178.445601482875645, 2085323.108405287843198 ], [ 5992160.702940590679646, 2085314.716751655330881 ], [ 5992142.223189569078386, 2085308.104591011069715 ], [ 5992123.18431852106005, 2085303.335602076957002 ], [ 5992103.769682183861732, 2085300.455712823197246 ], [ 5992084.166254118084908, 2085299.49265815760009 ], [ 5992064.562826052308083, 2085300.455712823197246 ], [ 5992045.148189715109766, 2085303.335602076957002 ], [ 5992026.109318667091429, 2085308.104591011069715 ], [ 5992007.62956764549017, 2085314.716751655330881 ], [ 5991989.88690675329417, 2085323.108405287843198 ], [ 5991973.052207513712347, 2085333.198735697194934 ], [ 5991957.287597285583615, 2085344.890567485010251 ], [ 5991943.606874700635672, 2085357.290051669348031 ], [ 5991940.350030797533691, 2085358.455369051545858 ], [ 5991922.607369905337691, 2085366.847022684058174 ], [ 5991905.772670665755868, 2085376.937353093409911 ], [ 5991890.008060437627137, 2085388.629184881225228 ], [ 5991875.465361032634974, 2085401.809919316554442 ], [ 5991862.28462659753859, 2085416.352618721080944 ], [ 5991850.592794809490442, 2085432.117228949908167 ], [ 5991840.502464400604367, 2085448.951928188558668 ], [ 5991832.110810767859221, 2085466.694589080754668 ], [ 5991825.498650123365223, 2085485.174340102821589 ], [ 5991820.72966118901968, 2085504.213211150607094 ], [ 5991817.849771935492754, 2085523.627847487805411 ], [ 5991816.886717270128429, 2085543.231275553815067 ], [ 5991817.849771935492754, 2085562.834703619824722 ], [ 5991820.72966118901968, 2085582.249339957023039 ], [ 5991825.498650123365223, 2085601.288211004808545 ], [ 5991832.110810767859221, 2085619.767962026875466 ], [ 5991840.502464400604367, 2085637.510622919071466 ], [ 5991850.592794809490442, 2085654.345322157721967 ], [ 5991862.28462659753859, 2085670.10993238654919 ], [ 5991875.465361032634974, 2085684.652631791075692 ], [ 5991882.083784500136971, 2085690.651221163570881 ], [ 5991887.850546929053962, 2085700.272483019856736 ], [ 5991899.54237871710211, 2085716.037093248683959 ], [ 5991912.723113152198493, 2085730.579792653210461 ], [ 5991927.265812557190657, 2085743.760527088539675 ], [ 5991943.030422785319388, 2085755.452358876354992 ], [ 5991956.587911767885089, 2085763.578405050560832 ], [ 5991956.942031568847597, 2085765.965686837676913 ], [ 5991961.71102050319314, 2085785.004557885462418 ], [ 5991968.323181147687137, 2085803.484308907529339 ], [ 5991976.714834780432284, 2085821.226969799725339 ], [ 5991986.805165189318359, 2085838.06166903837584 ], [ 5991998.496996977366507, 2085853.826279267203063 ], [ 5992011.67773141246289, 2085868.368978671729565 ], [ 5992026.220430817455053, 2085881.549713107058778 ], [ 5992041.985041045583785, 2085893.241544894874096 ], [ 5992058.819740285165608, 2085903.331875304225832 ], [ 5992076.562401177361608, 2085911.723528936738148 ], [ 5992095.042152198962867, 2085918.335689580999315 ], [ 5992114.081023246981204, 2085923.104678515112028 ], [ 5992133.495659584179521, 2085925.984567768871784 ], [ 5992153.099087649956346, 2085926.94762243446894 ], [ 5992172.702515715733171, 2085925.984567768871784 ], [ 5992192.117152052931488, 2085923.104678515112028 ], [ 5992211.156023100949824, 2085918.335689580999315 ], [ 5992229.635774122551084, 2085911.723528936738148 ], [ 5992247.378435014747083, 2085903.331875304225832 ], [ 5992264.213134254328907, 2085893.241544894874096 ], [ 5992279.977744482457638, 2085881.549713107058778 ], [ 5992292.361367364414036, 2085870.325851566158235 ], [ 5992305.719676209613681, 2085864.007842016872019 ], [ 5992322.554375449195504, 2085853.917511607520282 ], [ 5992338.318985677324235, 2085842.225679819704965 ], [ 5992352.861685082316399, 2085829.044945384375751 ], [ 5992366.042419517412782, 2085814.502245979849249 ], [ 5992377.73425130546093, 2085798.737635751022026 ], [ 5992387.824581714347005, 2085781.902936512371525 ], [ 5992396.216235347092152, 2085764.160275620175526 ], [ 5992402.828395991586149, 2085745.680524598108605 ], [ 5992407.597384925931692, 2085726.641653550323099 ], [ 5992410.477274179458618, 2085707.227017213124782 ], [ 5992411.440328844822943, 2085687.623589147115126 ], [ 5992410.477274179458618, 2085668.020161081105471 ], [ 5992407.597384925931692, 2085648.605524743907154 ], [ 5992402.828395991586149, 2085629.566653696121648 ], [ 5992396.216235347092152, 2085611.086902674054727 ], [ 5992387.824581714347005, 2085593.344241781858727 ], [ 5992377.73425130546093, 2085576.509542543208227 ], [ 5992366.042419517412782, 2085560.744932314381003 ], [ 5992352.861685082316399, 2085546.202232909854501 ], [ 5992338.318985677324235, 2085533.021498474525288 ], [ 5992331.766698946245015, 2085528.161991440923885 ], [ 5992329.780632852576673, 2085520.23317114636302 ], [ 5992323.168472208082676, 2085501.753420124296099 ], [ 5992314.776818575337529, 2085484.010759232100099 ], [ 5992304.686488166451454, 2085467.176059993449599 ], [ 5992292.994656378403306, 2085451.411449764622375 ], [ 5992279.813921943306923, 2085436.868750360095873 ], [ 5992271.091624487191439, 2085428.963320753769949 ], [ 5992268.942160620354116, 2085422.955971684539691 ], [ 5992260.550506987608969, 2085405.213310792343691 ] ] ] } },
{ "type": "Feature", "properties": { "parent_sta": "mtc:dublin-pleasanton-bart", "stop_id": "DUBL_1", "stop_name": "Main Entrance / Exit", "stop_code": "DUBL_1", "stop_desc": "Pedestrian Access Point", "stop_lat": 37.70165, "stop_lon": -121.89819, "zone_id": "BA:79542", "stop_url": null, "tts_stop_n": null, "platform_c": null, "location_t": "2", "stop_timez": "America/Los_Angeles", "wheelchair": "0", "level_id": "mtc:dublin/-pleasanton-bart-street", "route_info": "{'route_id': None, 'route_type': None}" }, "geometry": { "type": "Polygon", "coordinates": [ [ [ 6157379.598949257284403, 2080968.607527544954792 ], [ 6157378.635894591920078, 2080949.004099478945136 ], [ 6157375.756005338393152, 2080929.589463141746819 ], [ 6157370.987016404047608, 2080910.550592093961313 ], [ 6157364.374855759553611, 2080892.070841071894392 ], [ 6157355.983202126808465, 2080874.328180179698393 ], [ 6157345.89287171792239, 2080857.493480941047892 ], [ 6157334.201039929874241, 2080841.728870712220669 ], [ 6157321.020305494777858, 2080827.186171307694167 ], [ 6157306.477606089785695, 2080814.005436872364953 ], [ 6157290.712995861656964, 2080802.313605084549636 ], [ 6157273.87829662207514, 2080792.223274675197899 ], [ 6157256.135635729879141, 2080783.831621042685583 ], [ 6157237.655884708277881, 2080777.219460398424417 ], [ 6157218.617013660259545, 2080772.450471464311704 ], [ 6157199.202377323061228, 2080769.570582210551947 ], [ 6157179.598949257284403, 2080768.607527544954792 ], [ 6157159.995521191507578, 2080769.570582210551947 ], [ 6157140.580884854309261, 2080772.450471464311704 ], [ 6157121.542013806290925, 2080777.219460398424417 ], [ 6157103.062262784689665, 2080783.831621042685583 ], [ 6157085.319601892493665, 2080792.223274675197899 ], [ 6157068.484902652911842, 2080802.313605084549636 ], [ 6157052.720292424783111, 2080814.005436872364953 ], [ 6157038.177593019790947, 2080827.186171307694167 ], [ 6157024.996858584694564, 2080841.728870712220669 ], [ 6157013.305026796646416, 2080857.493480941047892 ], [ 6157003.214696387760341, 2080874.328180179698393 ], [ 6156994.823042755015194, 2080892.070841071894392 ], [ 6156988.210882110521197, 2080910.550592093961313 ], [ 6156983.441893176175654, 2080929.589463141746819 ], [ 6156980.562003922648728, 2080949.004099478945136 ], [ 6156979.598949257284403, 2080968.607527544954792 ], [ 6156980.562003922648728, 2080988.210955610964447 ], [ 6156983.441893176175654, 2081007.625591948162764 ], [ 6156988.210882110521197, 2081026.66446299594827 ], [ 6156994.823042755015194, 2081045.144214018015191 ], [ 6157003.214696387760341, 2081062.886874910211191 ], [ 6157013.305026796646416, 2081079.721574148861691 ], [ 6157024.996858584694564, 2081095.486184377688915 ], [ 6157038.177593019790947, 2081110.028883782215416 ], [ 6157052.720292424783111, 2081123.20961821754463 ], [ 6157068.484902652911842, 2081134.901450005359948 ], [ 6157085.319601892493665, 2081144.991780414711684 ], [ 6157103.062262784689665, 2081153.383434047224 ], [ 6157121.542013806290925, 2081159.995594691485167 ], [ 6157140.580884854309261, 2081164.764583625597879 ], [ 6157159.995521191507578, 2081167.644472879357636 ], [ 6157179.598949257284403, 2081168.607527544954792 ], [ 6157199.202377323061228, 2081167.644472879357636 ], [ 6157218.617013660259545, 2081164.764583625597879 ], [ 6157237.655884708277881, 2081159.995594691485167 ], [ 6157256.135635729879141, 2081153.383434047224 ], [ 6157273.87829662207514, 2081144.991780414711684 ], [ 6157290.712995861656964, 2081134.901450005359948 ], [ 6157306.477606089785695, 2081123.20961821754463 ], [ 6157321.020305494777858, 2081110.028883782215416 ], [ 6157334.201039929874241, 2081095.486184377688915 ], [ 6157345.89287171792239, 2081079.721574148861691 ], [ 6157355.983202126808465, 2081062.886874910211191 ], [ 6157364.374855759553611, 2081045.144214018015191 ], [ 6157370.987016404047608, 2081026.66446299594827 ], [ 6157375.756005338393152, 2081007.625591948162764 ], [ 6157378.635894591920078, 2080988.210955610964447 ], [ 6157379.598949257284403, 2080968.607527544954792 ] ] ] } },
{ "type": "Feature", "properties": { "parent_sta": "mtc:embarcadero-bart", "stop_id": "EMBR_2", "stop_name": "A1 Market & Drumm Street (NE) Entrance / Exit", "stop_code": "EMBR_2", "stop_desc": "Pedestrian Access Point", "stop_lat": 37.79368, "stop_lon": -122.39603, "zone_id": "BA:79542", "stop_url": null, "tts_stop_n": null, "platform_c": null, "location_t": "2", "stop_timez": "America/Los_Angeles", "wheelchair": "1", "level_id": "mtc:embarcadero-bart-street", "route_info": "{'route_id': None, 'route_type': None}" }, "geometry": { "type": "Polygon", "coordinates": [ [ [ 6013545.457982917316258, 2116383.969625335652381 ], [ 6013540.688993982970715, 2116364.930754288099706 ], [ 6013534.076833338476717, 2116346.451003266032785 ], [ 6013525.685179705731571, 2116328.708342373836786 ], [ 6013515.594849296845496, 2116311.873643135186285 ], [ 6013503.903017508797348, 2116296.109032906591892 ], [ 6013490.722283073700964, 2116281.566333501599729 ], [ 6013476.179583668708801, 2116268.385599066503346 ], [ 6013460.41497344058007, 2116256.693767278455198 ], [ 6013443.580274200998247, 2116246.603436869569123 ], [ 6013425.837613308802247, 2116238.211783236823976 ], [ 6013407.357862287200987, 2116231.59962259279564 ], [ 6013388.318991239182651, 2116226.830633658450097 ], [ 6013368.904354901984334, 2116223.95074440445751 ], [ 6013349.300926836207509, 2116222.987689739093184 ], [ 6013329.697498770430684, 2116223.95074440445751 ], [ 6013310.282862433232367, 2116226.830633658450097 ], [ 6013291.243991385214031, 2116231.59962259279564 ], [ 6013272.764240363612771, 2116238.211783236823976 ], [ 6013255.021579471416771, 2116246.603436869569123 ], [ 6013238.186880231834948, 2116256.693767278455198 ], [ 6013222.422270003706217, 2116268.385599066503346 ], [ 6013207.879570598714054, 2116281.566333501599729 ], [ 6013194.698836163617671, 2116296.109032906591892 ], [ 6013183.007004375569522, 2116311.873643135186285 ], [ 6013172.916673966683447, 2116328.708342373836786 ], [ 6013170.509303557686508, 2116333.798299451824278 ], [ 6013162.838081429712474, 2116340.751089910510927 ], [ 6013149.657346994616091, 2116355.293789315503091 ], [ 6013137.965515206567943, 2116371.058399544097483 ], [ 6013127.875184797681868, 2116387.893098782747984 ], [ 6013119.483531164936721, 2116405.635759674943984 ], [ 6013112.871370520442724, 2116424.115510697010905 ], [ 6013108.102381586097181, 2116443.15438174456358 ], [ 6013105.222492332570255, 2116462.569018082227558 ], [ 6013104.25943766720593, 2116482.172446148004383 ], [ 6013105.222492332570255, 2116501.775874213781208 ], [ 6013108.102381586097181, 2116521.190510551445186 ], [ 6013112.871370520442724, 2116540.229381598997861 ], [ 6013119.483531164936721, 2116558.709132621064782 ], [ 6013127.875184797681868, 2116576.451793513260782 ], [ 6013137.965515206567943, 2116593.286492751911283 ], [ 6013149.657346994616091, 2116609.051102980505675 ], [ 6013162.838081429712474, 2116623.593802385497838 ], [ 6013177.380780834704638, 2116636.774536820594221 ], [ 6013193.145391062833369, 2116648.46636860864237 ], [ 6013209.980090302415192, 2116658.556699017528445 ], [ 6013227.722751194611192, 2116666.948352650273591 ], [ 6013246.202502216212451, 2116673.560513294301927 ], [ 6013265.241373264230788, 2116678.32950222864747 ], [ 6013284.656009601429105, 2116681.209391482640058 ], [ 6013304.25943766720593, 2116682.172446148004383 ], [ 6013323.862865732982755, 2116681.209391482640058 ], [ 6013343.277502070181072, 2116678.32950222864747 ], [ 6013362.316373118199408, 2116673.560513294301927 ], [ 6013372.243307171389461, 2116670.008599495049566 ], [ 6013372.191554835997522, 2116670.153237582184374 ], [ 6013367.422565901651978, 2116689.192108629737049 ], [ 6013364.542676648125052, 2116708.606744967401028 ], [ 6013363.579621982760727, 2116728.210173033177853 ], [ 6013364.542676648125052, 2116747.813601098954678 ], [ 6013367.422565901651978, 2116767.228237436618656 ], [ 6013372.191554835997522, 2116786.267108484171331 ], [ 6013378.803715480491519, 2116804.746859506238252 ], [ 6013387.195369113236666, 2116822.489520398434252 ], [ 6013397.285699522122741, 2116839.324219637084752 ], [ 6013408.977531310170889, 2116855.088829865679145 ], [ 6013422.158265745267272, 2116869.631529270671308 ], [ 6013436.700965150259435, 2116882.812263705767691 ], [ 6013452.465575378388166, 2116894.504095493815839 ], [ 6013469.30027461796999, 2116904.594425902701914 ], [ 6013487.042935510165989, 2116912.986079535447061 ], [ 6013505.522686531767249, 2116919.598240179475397 ], [ 6013524.561557579785585, 2116924.36722911382094 ], [ 6013543.976193916983902, 2116927.247118367813528 ], [ 6013563.579621982760727, 2116928.210173033177853 ], [ 6013583.183050048537552, 2116927.247118367813528 ], [ 6013602.597686385735869, 2116924.36722911382094 ], [ 6013621.636557433754206, 2116919.598240179475397 ], [ 6013640.116308455355465, 2116912.986079535447061 ], [ 6013657.858969347551465, 2116904.594425902701914 ], [ 6013674.693668587133288, 2116894.504095493815839 ], [ 6013690.45827881526202, 2116882.812263705767691 ], [ 6013694.250498689711094, 2116879.375195958651602 ], [ 6013699.80615677498281, 2116877.387349709868431 ], [ 6013697.845638630911708, 2116879.550448146183044 ], [ 6013686.15380684286356, 2116895.315058374777436 ], [ 6013676.063476433977485, 2116912.149757613427937 ], [ 6013667.671822801232338, 2116929.892418505623937 ], [ 6013661.059662156738341, 2116948.372169527690858 ], [ 6013656.290673222392797, 2116967.411040575243533 ], [ 6013653.410783968865871, 2116986.825676912907511 ], [ 6013652.447729303501546, 2117006.429104978684336 ], [ 6013653.410783968865871, 2117026.032533044461161 ], [ 6013656.290673222392797, 2117045.447169382125139 ], [ 6013661.059662156738341, 2117064.486040429677814 ], [ 6013667.671822801232338, 2117082.965791451744735 ], [ 6013676.063476433977485, 2117100.708452343940735 ], [ 6013686.15380684286356, 2117117.543151582591236 ], [ 6013697.845638630911708, 2117133.307761811185628 ], [ 6013711.026373066008091, 2117147.850461216177791 ], [ 6013725.569072471000254, 2117161.031195651274174 ], [ 6013741.333682699128985, 2117172.723027439322323 ], [ 6013758.168381938710809, 2117182.813357848208398 ], [ 6013775.911042830906808, 2117191.205011480953544 ], [ 6013794.390793852508068, 2117197.81717212498188 ], [ 6013813.429664900526404, 2117202.586161059327424 ], [ 6013832.844301237724721, 2117205.466050313320011 ], [ 6013852.447729303501546, 2117206.429104978684336 ], [ 6013872.051157369278371, 2117205.466050313320011 ], [ 6013891.465793706476688, 2117202.586161059327424 ], [ 6013910.504664754495025, 2117197.81717212498188 ], [ 6013928.984415776096284, 2117191.205011480953544 ], [ 6013946.727076668292284, 2117182.813357848208398 ], [ 6013963.561775907874107, 2117172.723027439322323 ], [ 6013979.326386136002839, 2117161.031195651274174 ], [ 6013993.869085540995002, 2117147.850461216177791 ], [ 6014007.049819976091385, 2117133.307761811185628 ], [ 6014010.740340919233859, 2117128.331670359708369 ], [ 6014017.492083324119449, 2117124.284831700380892 ], [ 6014033.25669355224818, 2117112.592999912332743 ], [ 6014047.799392957240343, 2117099.41226547723636 ], [ 6014060.980127392336726, 2117084.869566072244197 ], [ 6014072.671959180384874, 2117069.104955843649805 ], [ 6014082.762289589270949, 2117052.270256604999304 ], [ 6014091.153943222016096, 2117034.527595712803304 ], [ 6014097.766103866510093, 2117016.047844690736383 ], [ 6014102.535092800855637, 2116997.008973643183708 ], [ 6014105.414982054382563, 2116977.59433730551973 ], [ 6014106.378036719746888, 2116957.990909239742905 ], [ 6014105.414982054382563, 2116938.38748117396608 ], [ 6014102.535092800855637, 2116918.972844836302102 ], [ 6014097.766103866510093, 2116899.933973788749427 ], [ 6014091.153943222016096, 2116881.454222766682506 ], [ 6014082.762289589270949, 2116863.711561874486506 ], [ 6014072.671959180384874, 2116846.876862635836005 ], [ 6014060.980127392336726, 2116831.112252407241613 ], [ 6014047.799392957240343, 2116816.569553002249449 ], [ 6014033.25669355224818, 2116803.388818567153066 ], [ 6014017.492083324119449, 2116791.696986779104918 ], [ 6014000.657384084537625, 2116781.606656370218843 ], [ 6013982.914723192341626, 2116773.215002737473696 ], [ 6013964.434972170740366, 2116766.602842093445361 ], [ 6013945.39610112272203, 2116761.833853159099817 ], [ 6013925.981464785523713, 2116758.95396390510723 ], [ 6013906.378036719746888, 2116757.990909239742905 ], [ 6013886.774608653970063, 2116758.95396390510723 ], [ 6013867.359972316771746, 2116761.833853159099817 ], [ 6013848.321101268753409, 2116766.602842093445361 ], [ 6013829.84135024715215, 2116773.215002737473696 ], [ 6013812.09868935495615, 2116781.606656370218843 ], [ 6013804.996075627394021, 2116785.863799206912518 ], [ 6013805.670985825359821, 2116784.737779568880796 ], [ 6013814.062639458104968, 2116766.995118676684797 ], [ 6013820.674800102598965, 2116748.515367654617876 ], [ 6013825.443789036944509, 2116729.476496607065201 ], [ 6013828.323678290471435, 2116710.061860269401222 ], [ 6013829.28673295583576, 2116690.458432203624398 ], [ 6013828.323678290471435, 2116670.855004137847573 ], [ 6013825.443789036944509, 2116651.440367800183594 ], [ 6013820.674800102598965, 2116632.401496752630919 ], [ 6013814.062639458104968, 2116613.921745730563998 ], [ 6013805.670985825359821, 2116596.179084838367999 ], [ 6013795.580655416473746, 2116579.344385599717498 ], [ 6013783.888823628425598, 2116563.579775371123105 ], [ 6013770.708089193329215, 2116549.037075966130942 ], [ 6013756.165389788337052, 2116535.856341531034559 ], [ 6013740.400779560208321, 2116524.164509742986411 ], [ 6013723.566080320626497, 2116514.074179334100336 ], [ 6013705.823419428430498, 2116505.682525701355189 ], [ 6013687.343668406829238, 2116499.070365057326853 ], [ 6013668.304797358810902, 2116494.30137612298131 ], [ 6013648.890161021612585, 2116491.421486868988723 ], [ 6013629.28673295583576, 2116490.458432203624398 ], [ 6013609.683304890058935, 2116491.421486868988723 ], [ 6013590.268668552860618, 2116494.30137612298131 ], [ 6013571.229797504842281, 2116499.070365057326853 ], [ 6013552.750046483241022, 2116505.682525701355189 ], [ 6013535.007385591045022, 2116514.074179334100336 ], [ 6013523.445135255344212, 2116521.004325486253947 ], [ 6013525.685179705731571, 2116517.267037104349583 ], [ 6013534.076833338476717, 2116499.524376212153584 ], [ 6013540.688993982970715, 2116481.044625190086663 ], [ 6013545.457982917316258, 2116462.005754142533988 ], [ 6013548.337872170843184, 2116442.591117804870009 ], [ 6013549.300926836207509, 2116422.987689739093184 ], [ 6013548.337872170843184, 2116403.38426167331636 ], [ 6013545.457982917316258, 2116383.969625335652381 ] ] ] } },
{ "type": "Feature", "properties": { "parent_sta": "mtc:great-mall-milpitas-bart", "stop_id": "MLPT_1", "stop_name": "West Station Entrance / Exit", "stop_code": "MLPT_1", "stop_desc": "Pedestrian Access Point", "stop_lat": 37.40996, "stop_lon": -121.89122, "zone_id": "BA:79542", "stop_url": null, "tts_stop_n": null, "platform_c": null, "location_t": "2", "stop_timez": "America/Los_Angeles", "wheelchair": "0", "level_id": "mtc:great-mall/milpitas-bart-street", "route_info": "{'route_id': None, 'route_type': None}" }, "geometry": { "type": "Polygon", "coordinates": [ [ [ 6157747.966567602008581, 1974335.642689310479909 ], [ 6157743.197578667663038, 1974316.603818262694404 ], [ 6157736.585418023169041, 1974298.124067240627483 ], [ 6157728.193764390423894, 1974280.381406348431483 ], [ 6157718.103433981537819, 1974263.546707109780982 ], [ 6157706.411602193489671, 1974247.782096880953759 ], [ 6157693.230867758393288, 1974233.239397476427257 ], [ 6157678.688168353401124, 1974220.058663041098043 ], [ 6157662.923558125272393, 1974208.366831253282726 ], [ 6157646.08885888569057, 1974198.27650084393099 ], [ 6157628.34619799349457, 1974189.884847211418673 ], [ 6157609.866446971893311, 1974183.272686567157507 ], [ 6157590.827575923874974, 1974178.503697633044794 ], [ 6157571.412939586676657, 1974175.623808379285038 ], [ 6157551.809511520899832, 1974174.660753713687882 ], [ 6157532.206083455123007, 1974175.623808379285038 ], [ 6157512.79144711792469, 1974178.503697633044794 ], [ 6157493.752576069906354, 1974183.272686567157507 ], [ 6157475.272825048305094, 1974189.884847211418673 ], [ 6157457.530164156109095, 1974198.27650084393099 ], [ 6157440.695464916527271, 1974208.366831253282726 ], [ 6157424.93085468839854, 1974220.058663041098043 ], [ 6157410.388155283406377, 1974233.239397476427257 ], [ 6157397.207420848309994, 1974247.782096880953759 ], [ 6157385.515589060261846, 1974263.546707109780982 ], [ 6157375.425258651375771, 1974280.381406348431483 ], [ 6157367.033605018630624, 1974298.124067240627483 ], [ 6157360.421444374136627, 1974316.603818262694404 ], [ 6157355.652455439791083, 1974335.642689310479909 ], [ 6157352.772566186264157, 1974355.057325647678226 ], [ 6157351.809511520899832, 1974374.660753713687882 ], [ 6157352.772566186264157, 1974394.264181779697537 ], [ 6157355.652455439791083, 1974413.678818116895854 ], [ 6157360.421444374136627, 1974432.71768916468136 ], [ 6157367.033605018630624, 1974451.197440186748281 ], [ 6157375.425258651375771, 1974468.940101078944281 ], [ 6157385.515589060261846, 1974485.774800317594782 ], [ 6157397.207420848309994, 1974501.539410546422005 ], [ 6157410.388155283406377, 1974516.082109950948507 ], [ 6157424.93085468839854, 1974529.26284438627772 ], [ 6157440.695464916527271, 1974540.954676174093038 ], [ 6157457.530164156109095, 1974551.045006583444774 ], [ 6157475.272825048305094, 1974559.43666021595709 ], [ 6157481.50787326041609, 1974561.667596138780937 ], [ 6157474.456229445524514, 1974568.058833546936512 ], [ 6157461.275495010428131, 1974582.601532951463014 ], [ 6157449.583663222379982, 1974598.366143180290237 ], [ 6157439.493332813493907, 1974615.200842418940738 ], [ 6157431.101679180748761, 1974632.943503311136737 ], [ 6157424.489518536254764, 1974651.423254333203658 ], [ 6157422.010806542821229, 1974661.318827305687591 ], [ 6157420.910052177496254, 1974663.646176870679483 ], [ 6157414.297891533002257, 1974682.125927892746404 ], [ 6157409.528902598656714, 1974701.164798940531909 ], [ 6157406.649013345129788, 1974720.579435277730227 ], [ 6157405.685958679765463, 1974740.182863343739882 ], [ 6157406.649013345129788, 1974759.786291409749538 ], [ 6157409.528902598656714, 1974779.200927746947855 ], [ 6157414.297891533002257, 1974798.23979879473336 ], [ 6157420.910052177496254, 1974816.719549816800281 ], [ 6157429.301705810241401, 1974834.462210708996281 ], [ 6157439.392036219127476, 1974851.296909947646782 ], [ 6157451.083868007175624, 1974867.061520176474005 ], [ 6157464.264602442272007, 1974881.604219581000507 ], [ 6157478.807301847264171, 1974894.784954016329721 ], [ 6157494.571912075392902, 1974906.476785804145038 ], [ 6157511.406611314974725, 1974916.567116213496774 ], [ 6157523.965444777160883, 1974922.507002067286521 ], [ 6157523.197737008333206, 1974923.202811830211431 ], [ 6157510.017002573236823, 1974937.745511234737933 ], [ 6157498.325170785188675, 1974953.510121463565156 ], [ 6157488.2348403763026, 1974970.344820702215657 ], [ 6157479.843186743557453, 1974988.087481594411656 ], [ 6157473.231026099063456, 1975006.567232616478577 ], [ 6157468.462037164717913, 1975025.606103664264083 ], [ 6157465.582147911190987, 1975045.0207400014624 ], [ 6157464.619093245826662, 1975064.624168067472056 ], [ 6157465.582147911190987, 1975084.227596133481711 ], [ 6157468.462037164717913, 1975103.642232470680028 ], [ 6157473.231026099063456, 1975122.681103518465534 ], [ 6157479.843186743557453, 1975141.160854540532455 ], [ 6157488.2348403763026, 1975158.903515432728454 ], [ 6157498.325170785188675, 1975175.738214671378955 ], [ 6157510.017002573236823, 1975191.502824900206178 ], [ 6157523.197737008333206, 1975206.04552430473268 ], [ 6157537.740436413325369, 1975219.226258740061894 ], [ 6157553.505046641454101, 1975230.918090527877212 ], [ 6157570.339745881035924, 1975241.008420937228948 ], [ 6157588.082406773231924, 1975249.400074569741264 ], [ 6157606.562157794833183, 1975256.01223521400243 ], [ 6157625.60102884285152, 1975260.781224148115143 ], [ 6157645.015665180049837, 1975263.6611134018749 ], [ 6157664.619093245826662, 1975264.624168067472056 ], [ 6157684.222521311603487, 1975263.6611134018749 ], [ 6157703.637157648801804, 1975260.781224148115143 ], [ 6157722.67602869682014, 1975256.01223521400243 ], [ 6157741.1557797184214, 1975249.400074569741264 ], [ 6157758.898440610617399, 1975241.008420937228948 ], [ 6157775.733139850199223, 1975230.918090527877212 ], [ 6157791.497750078327954, 1975219.226258740061894 ], [ 6157806.040449483320117, 1975206.04552430473268 ], [ 6157819.2211839184165, 1975191.502824900206178 ], [ 6157830.913015706464648, 1975175.738214671378955 ], [ 6157841.003346115350723, 1975158.903515432728454 ], [ 6157849.39499974809587, 1975141.160854540532455 ], [ 6157856.007160392589867, 1975122.681103518465534 ], [ 6157860.77614932693541, 1975103.642232470680028 ], [ 6157863.656038580462337, 1975084.227596133481711 ], [ 6157864.619093245826662, 1975064.624168067472056 ], [ 6157863.656038580462337, 1975045.0207400014624 ], [ 6157860.77614932693541, 1975025.606103664264083 ], [ 6157856.007160392589867, 1975006.567232616478577 ], [ 6157850.164801351726055, 1974990.238932948792353 ], [ 6157866.217747509479523, 1974982.646454866975546 ], [ 6157883.052446749061346, 1974972.55612445762381 ], [ 6157898.817056977190077, 1974960.864292669808492 ], [ 6157913.35975638218224, 1974947.683558234479278 ], [ 6157926.540490817278624, 1974933.140858829952776 ], [ 6157938.232322605326772, 1974917.376248601125553 ], [ 6157948.322653014212847, 1974900.541549362475052 ], [ 6157956.714306646957994, 1974882.798888470279053 ], [ 6157963.326467291451991, 1974864.319137448212132 ], [ 6157968.095456225797534, 1974845.280266400426626 ], [ 6157970.97534547932446, 1974825.865630063228309 ], [ 6157971.842549977824092, 1974808.213276972062886 ], [ 6157977.545845679007471, 1974800.52327292622067 ], [ 6157987.636176087893546, 1974783.68857368757017 ], [ 6157996.027829720638692, 1974765.94591279537417 ], [ 6158002.639990365132689, 1974747.466161773307249 ], [ 6158007.408979299478233, 1974728.427290725521743 ], [ 6158010.288868553005159, 1974709.012654388323426 ], [ 6158011.251923218369484, 1974689.409226322313771 ], [ 6158010.288868553005159, 1974669.805798256304115 ], [ 6158007.408979299478233, 1974650.391161919105798 ], [ 6158002.639990365132689, 1974631.352290871320292 ], [ 6157996.027829720638692, 1974612.872539849253371 ], [ 6157987.636176087893546, 1974595.129878957057372 ], [ 6157977.545845679007471, 1974578.295179718406871 ], [ 6157965.854013890959322, 1974562.530569489579648 ], [ 6157952.673279455862939, 1974547.987870085053146 ], [ 6157938.130580050870776, 1974534.807135649723932 ], [ 6157922.365969822742045, 1974523.115303861908615 ], [ 6157905.531270583160222, 1974513.024973452556878 ], [ 6157887.788609690964222, 1974504.633319820044562 ], [ 6157869.308858669362962, 1974498.021159175783396 ], [ 6157850.269987621344626, 1974493.252170241670683 ], [ 6157830.855351284146309, 1974490.372280987910926 ], [ 6157811.251923218369484, 1974489.409226322313771 ], [ 6157791.648495152592659, 1974490.372280987910926 ], [ 6157772.233858815394342, 1974493.252170241670683 ], [ 6157753.194987767376006, 1974498.021159175783396 ], [ 6157734.715236745774746, 1974504.633319820044562 ], [ 6157716.972575853578746, 1974513.024973452556878 ], [ 6157700.137876613996923, 1974523.115303861908615 ], [ 6157695.822129746899009, 1974526.31607988383621 ], [ 6157692.414272155612707, 1974524.704283281927928 ], [ 6157686.179223943501711, 1974522.473347359104082 ], [ 6157693.230867758393288, 1974516.082109950948507 ], [ 6157706.411602193489671, 1974501.539410546422005 ], [ 6157718.103433981537819, 1974485.774800317594782 ], [ 6157728.193764390423894, 1974468.940101078944281 ], [ 6157736.585418023169041, 1974451.197440186748281 ], [ 6157743.197578667663038, 1974432.71768916468136 ], [ 6157747.966567602008581, 1974413.678818116895854 ], [ 6157750.846456855535507, 1974394.264181779697537 ], [ 6157751.809511520899832, 1974374.660753713687882 ], [ 6157750.846456855535507, 1974355.057325647678226 ], [ 6157747.966567602008581, 1974335.642689310479909 ] ] ] } },
{ "type": "Feature", "properties": { "parent_sta": "mtc:macarthur-bart", "stop_id": "MCAR_1", "stop_name": "Main Entrance / Exit", "stop_code": "MCAR_1", "stop_desc": "Pedestrian Access Point", "stop_lat": 37.82907, "stop_lon": -122.26686, "zone_id": "BA:79542", "stop_url": null, "tts_stop_n": null, "platform_c": null, "location_t": "2", "stop_timez": "America/Los_Angeles", "wheelchair": "0", "level_id": "mtc:macarthur-bart-street", "route_info": "{'route_id': None, 'route_type': None}" }, "geometry": { "type": "Polygon", "coordinates": [ [ [ 6051612.078970406204462, 2129160.101020466070622 ], [ 6051611.115915740840137, 2129140.497592400293797 ], [ 6051608.236026487313211, 2129121.082956062629819 ], [ 6051603.467037552967668, 2129102.044085015077144 ], [ 6051596.85487690847367, 2129083.564333993010223 ], [ 6051588.463223275728524, 2129065.821673100814223 ], [ 6051578.372892866842449, 2129048.986973862163723 ], [ 6051566.681061078794301, 2129033.22236363356933 ], [ 6051553.500326643697917, 2129018.679664228577167 ], [ 6051538.957627238705754, 2129005.498929793480784 ], [ 6051523.193017010577023, 2128993.807098005432636 ], [ 6051506.3583177709952, 2128983.716767596546561 ], [ 6051488.6156568787992, 2128975.325113963801414 ], [ 6051470.13590585719794, 2128968.712953319773078 ], [ 6051451.097034809179604, 2128963.943964385427535 ], [ 6051431.682398471981287, 2128961.064075131434947 ], [ 6051412.078970406204462, 2128960.101020466070622 ], [ 6051392.475542340427637, 2128961.064075131434947 ], [ 6051373.06090600322932, 2128963.943964385427535 ], [ 6051354.022034955210984, 2128968.712953319773078 ], [ 6051335.542283933609724, 2128975.325113963801414 ], [ 6051317.799623041413724, 2128983.716767596546561 ], [ 6051300.964923801831901, 2128993.807098005432636 ], [ 6051285.20031357370317, 2129005.498929793480784 ], [ 6051270.657614168711007, 2129018.679664228577167 ], [ 6051257.476879733614624, 2129033.22236363356933 ], [ 6051245.785047945566475, 2129048.986973862163723 ], [ 6051235.6947175366804, 2129065.821673100814223 ], [ 6051227.303063903935254, 2129083.564333993010223 ], [ 6051220.690903259441257, 2129102.044085015077144 ], [ 6051215.921914325095713, 2129121.082956062629819 ], [ 6051213.042025071568787, 2129140.497592400293797 ], [ 6051212.078970406204462, 2129160.101020466070622 ], [ 6051213.042025071568787, 2129179.704448531847447 ], [ 6051215.921914325095713, 2129199.119084869511425 ], [ 6051220.690903259441257, 2129218.157955917064101 ], [ 6051227.303063903935254, 2129236.637706939131021 ], [ 6051235.6947175366804, 2129254.380367831327021 ], [ 6051245.785047945566475, 2129271.215067069977522 ], [ 6051257.476879733614624, 2129286.979677298571914 ], [ 6051270.657614168711007, 2129301.522376703564078 ], [ 6051285.20031357370317, 2129314.703111138660461 ], [ 6051300.964923801831901, 2129326.394942926708609 ], [ 6051317.799623041413724, 2129336.485273335594684 ], [ 6051335.542283933609724, 2129344.876926968339831 ], [ 6051354.022034955210984, 2129351.489087612368166 ], [ 6051373.06090600322932, 2129356.25807654671371 ], [ 6051392.475542340427637, 2129359.137965800706297 ], [ 6051412.078970406204462, 2129360.101020466070622 ], [ 6051431.682398471981287, 2129359.137965800706297 ], [ 6051451.097034809179604, 2129356.25807654671371 ], [ 6051470.13590585719794, 2129351.489087612368166 ], [ 6051488.6156568787992, 2129344.876926968339831 ], [ 6051506.3583177709952, 2129336.485273335594684 ], [ 6051523.193017010577023, 2129326.394942926708609 ], [ 6051538.957627238705754, 2129314.703111138660461 ], [ 6051553.500326643697917, 2129301.522376703564078 ], [ 6051566.681061078794301, 2129286.979677298571914 ], [ 6051578.372892866842449, 2129271.215067069977522 ], [ 6051588.463223275728524, 2129254.380367831327021 ], [ 6051596.85487690847367, 2129236.637706939131021 ], [ 6051603.467037552967668, 2129218.157955917064101 ], [ 6051608.236026487313211, 2129199.119084869511425 ], [ 6051611.115915740840137, 2129179.704448531847447 ], [ 6051612.078970406204462, 2129160.101020466070622 ] ] ] } },
{ "type": "Feature", "properties": { "parent_sta": "mtc:millbrae-bart", "stop_id": "MLBR_1", "stop_name": "Main Entrance / Exit", "stop_code": "MLBR_1", "stop_desc": "Pedestrian Access Point", "stop_lat": 37.60046, "stop_lon": -122.38645, "zone_id": "BA:79542", "stop_url": null, "tts_stop_n": null, "platform_c": null, "location_t": "2", "stop_timez": "America/Los_Angeles", "wheelchair": "0", "level_id": "mtc:millbrae-bart-east-plaza", "route_info": "{'route_id': None, 'route_type': None}" }, "geometry": { "type": "Polygon", "coordinates": [ [ [ 6015285.318368409760296, 2046344.997892003040761 ], [ 6015282.43847915623337, 2046325.583255665842444 ], [ 6015277.669490221887827, 2046306.544384618056938 ], [ 6015271.05732957739383, 2046288.064633595990017 ], [ 6015262.665675944648683, 2046270.321972703794017 ], [ 6015252.575345535762608, 2046253.487273465143517 ], [ 6015240.88351374771446, 2046237.722663236316293 ], [ 6015227.702779312618077, 2046223.179963831789792 ], [ 6015213.160079907625914, 2046209.999229396460578 ], [ 6015197.395469679497182, 2046198.30739760864526 ], [ 6015180.560770439915359, 2046188.217067199293524 ], [ 6015162.818109547719359, 2046179.825413566781208 ], [ 6015144.3383585261181, 2046173.213252922520041 ], [ 6015125.299487478099763, 2046168.444263988407329 ], [ 6015105.884851140901446, 2046165.564374734647572 ], [ 6015086.281423075124621, 2046164.601320069050416 ], [ 6015066.677995009347796, 2046165.564374734647572 ], [ 6015047.263358672149479, 2046168.444263988407329 ], [ 6015028.224487624131143, 2046173.213252922520041 ], [ 6015009.744736602529883, 2046179.825413566781208 ], [ 6014992.002075710333884, 2046188.217067199293524 ], [ 6014975.16737647075206, 2046198.30739760864526 ], [ 6014959.402766242623329, 2046209.999229396460578 ], [ 6014944.860066837631166, 2046223.179963831789792 ], [ 6014931.679332402534783, 2046237.722663236316293 ], [ 6014919.987500614486635, 2046253.487273465143517 ], [ 6014909.89717020560056, 2046270.321972703794017 ], [ 6014901.505516572855413, 2046288.064633595990017 ], [ 6014894.893355928361416, 2046306.544384618056938 ], [ 6014890.124366994015872, 2046325.583255665842444 ], [ 6014887.244477740488946, 2046344.997892003040761 ], [ 6014886.947480544447899, 2046351.043408819939941 ], [ 6014878.5208744648844, 2046353.154163761297241 ], [ 6014860.041123443283141, 2046359.766324405558407 ], [ 6014842.298462551087141, 2046368.157978038070723 ], [ 6014825.463763311505318, 2046378.24830844742246 ], [ 6014809.699153083376586, 2046389.940140235237777 ], [ 6014795.156453678384423, 2046403.120874670566991 ], [ 6014781.97571924328804, 2046417.663574075093493 ], [ 6014770.283887455239892, 2046433.428184303920716 ], [ 6014760.193557046353817, 2046450.262883542571217 ], [ 6014751.80190341360867, 2046468.005544434767216 ], [ 6014745.189742769114673, 2046486.485295456834137 ], [ 6014740.42075383476913, 2046505.524166504619643 ], [ 6014737.540864581242204, 2046524.93880284181796 ], [ 6014736.577809915877879, 2046544.542230907827616 ], [ 6014737.540864581242204, 2046564.145658973837271 ], [ 6014740.42075383476913, 2046583.560295311035588 ], [ 6014745.189742769114673, 2046602.599166358821094 ], [ 6014751.80190341360867, 2046621.078917380888015 ], [ 6014760.193557046353817, 2046638.821578273084015 ], [ 6014770.283887455239892, 2046655.656277511734515 ], [ 6014781.97571924328804, 2046671.420887740561739 ], [ 6014795.156453678384423, 2046685.963587145088241 ], [ 6014809.699153083376586, 2046699.144321580417454 ], [ 6014825.463763311505318, 2046710.836153368232772 ], [ 6014842.298462551087141, 2046720.926483777584508 ], [ 6014860.041123443283141, 2046729.318137410096824 ], [ 6014878.5208744648844, 2046735.930298054357991 ], [ 6014897.559745512902737, 2046740.699286988470703 ], [ 6014916.974381850101054, 2046743.57917624223046 ], [ 6014936.577809915877879, 2046744.542230907827616 ], [ 6014956.181237981654704, 2046743.57917624223046 ], [ 6014975.595874318853021, 2046740.699286988470703 ], [ 6014994.634745366871357, 2046735.930298054357991 ], [ 6015013.114496388472617, 2046729.318137410096824 ], [ 6015030.857157280668616, 2046720.926483777584508 ], [ 6015034.219274413771927, 2046718.911308320006356 ], [ 6015035.636644688434899, 2046721.276047760853544 ], [ 6015047.328476476483047, 2046737.040657989680767 ], [ 6015060.50921091157943, 2046751.583357394207269 ], [ 6015075.051910316571593, 2046764.764091829536483 ], [ 6015090.816520544700325, 2046776.4559236173518 ], [ 6015107.651219784282148, 2046786.546254026703537 ], [ 6015125.393880676478148, 2046794.937907659215853 ], [ 6015143.873631698079407, 2046801.550068303477019 ], [ 6015162.912502746097744, 2046806.319057237589732 ], [ 6015182.327139083296061, 2046809.198946491349488 ], [ 6015201.930567149072886, 2046810.162001156946644 ], [ 6015221.53399521484971, 2046809.198946491349488 ], [ 6015240.948631552048028, 2046806.319057237589732 ], [ 6015259.987502600066364, 2046801.550068303477019 ], [ 6015278.467253621667624, 2046794.937907659215853 ], [ 6015296.209914513863623, 2046786.546254026703537 ], [ 6015313.044613753445446, 2046776.4559236173518 ], [ 6015328.809223981574178, 2046764.764091829536483 ], [ 6015343.351923386566341, 2046751.583357394207269 ], [ 6015356.532657821662724, 2046737.040657989680767 ], [ 6015368.224489609710872, 2046721.276047760853544 ], [ 6015378.314820018596947, 2046704.441348522203043 ], [ 6015386.706473651342094, 2046686.698687630007043 ], [ 6015393.318634295836091, 2046668.218936607940122 ], [ 6015398.087623230181634, 2046649.180065560154617 ], [ 6015400.96751248370856, 2046629.7654292229563 ], [ 6015401.930567149072886, 2046610.162001156946644 ], [ 6015400.96751248370856, 2046590.558573090936989 ], [ 6015398.087623230181634, 2046571.143936753738672 ], [ 6015393.318634295836091, 2046552.105065705953166 ], [ 6015386.706473651342094, 2046533.625314683886245 ], [ 6015378.314820018596947, 2046515.882653791690245 ], [ 6015368.224489609710872, 2046499.047954553039744 ], [ 6015356.532657821662724, 2046483.283344324212521 ], [ 6015343.351923386566341, 2046468.740644919686019 ], [ 6015328.809223981574178, 2046455.559910484356806 ], [ 6015313.044613753445446, 2046443.868078696541488 ], [ 6015296.209914513863623, 2046433.777748287189752 ], [ 6015278.467253621667624, 2046425.386094654677436 ], [ 6015276.894770784303546, 2046424.823451298754662 ], [ 6015277.669490221887827, 2046422.658255520043895 ], [ 6015282.43847915623337, 2046403.619384472258389 ], [ 6015285.318368409760296, 2046384.204748135060072 ], [ 6015286.281423075124621, 2046364.601320069050416 ], [ 6015285.318368409760296, 2046344.997892003040761 ] ] ] } },
{ "type": "Feature", "properties": { "parent_sta": "mtc:montgomery-bart", "stop_id": "MONT_4", "stop_name": "B2 Market & 2nd Street (South) Entrance / Exit", "stop_code": "MONT_4", "stop_desc": "Pedestrian Access Point", "stop_lat": 37.78941, "stop_lon": -122.40105, "zone_id": "BA:79542", "stop_url": null, "tts_stop_n": null, "platform_c": null, "location_t": "2", "stop_timez": "America/Los_Angeles", "wheelchair": "1", "level_id": "mtc:montgomery-bart-street", "route_info": "{'route_id': None, 'route_type': None}" }, "geometry": { "type": "Polygon", "coordinates": [ [ [ 6012222.119112438522279, 2115121.581143642310053 ], [ 6012217.350123504176736, 2115102.542272594757378 ], [ 6012210.737962859682739, 2115084.062521572690457 ], [ 6012202.346309226937592, 2115066.319860680494457 ], [ 6012192.255978818051517, 2115049.485161441843957 ], [ 6012180.564147030003369, 2115033.720551213249564 ], [ 6012167.383412594906986, 2115019.177851808257401 ], [ 6012152.840713189914823, 2115005.997117373161018 ], [ 6012137.076102961786091, 2114994.30528558511287 ], [ 6012120.241403722204268, 2114984.214955176226795 ], [ 6012102.498742830008268, 2114975.823301543481648 ], [ 6012084.018991808407009, 2114969.211140899453312 ], [ 6012064.980120760388672, 2114964.442151965107769 ], [ 6012045.565484423190355, 2114961.562262711115181 ], [ 6012025.96205635741353, 2114960.599208045750856 ], [ 6012006.358628291636705, 2114961.562262711115181 ], [ 6011986.943991954438388, 2114964.442151965107769 ], [ 6011967.905120906420052, 2114969.211140899453312 ], [ 6011949.425369884818792, 2114975.823301543481648 ], [ 6011931.682708992622793, 2114984.214955176226795 ], [ 6011914.848009753040969, 2114994.30528558511287 ], [ 6011899.083399524912238, 2115005.997117373161018 ], [ 6011884.540700119920075, 2115019.177851808257401 ], [ 6011871.359965684823692, 2115033.720551213249564 ], [ 6011859.668133896775544, 2115049.485161441843957 ], [ 6011849.577803487889469, 2115066.319860680494457 ], [ 6011841.186149855144322, 2115084.062521572690457 ], [ 6011834.573989210650325, 2115102.542272594757378 ], [ 6011829.805000276304781, 2115121.581143642310053 ], [ 6011826.925111022777855, 2115140.995779979974031 ], [ 6011825.96205635741353, 2115160.599208045750856 ], [ 6011826.925111022777855, 2115180.202636111527681 ], [ 6011829.805000276304781, 2115199.61727244919166 ], [ 6011834.573989210650325, 2115218.656143496744335 ], [ 6011841.186149855144322, 2115237.135894518811256 ], [ 6011847.034979586489499, 2115249.502205985598266 ], [ 6011846.275259798392653, 2115251.625480553135276 ], [ 6011841.50627086404711, 2115270.664351600687951 ], [ 6011838.626381610520184, 2115290.078987938351929 ], [ 6011837.663326945155859, 2115309.682416004128754 ], [ 6011838.626381610520184, 2115329.285844069905579 ], [ 6011841.50627086404711, 2115348.700480407569557 ], [ 6011846.275259798392653, 2115367.739351455122232 ], [ 6011852.887420442886651, 2115386.219102477189153 ], [ 6011861.279074075631797, 2115403.961763369385153 ], [ 6011871.369404484517872, 2115420.796462608035654 ], [ 6011883.06123627256602, 2115436.561072836630046 ], [ 6011896.241970707662404, 2115451.10377224162221 ], [ 6011910.784670112654567, 2115464.284506676718593 ], [ 6011926.549280340783298, 2115475.976338464766741 ], [ 6011943.383979580365121, 2115486.066668873652816 ], [ 6011961.126640472561121, 2115494.458322506397963 ], [ 6011979.606391494162381, 2115501.070483150426298 ], [ 6011989.848809435032308, 2115503.636075285729021 ], [ 6011997.597525574266911, 2115516.564027136191726 ], [ 6012009.289357362315059, 2115532.328637364786118 ], [ 6012022.470091797411442, 2115546.871336769778281 ], [ 6012037.012791202403605, 2115560.052071204874665 ], [ 6012052.777401430532336, 2115571.743902992922813 ], [ 6012069.61210067011416, 2115581.834233401808888 ], [ 6012087.354761562310159, 2115590.225887034554034 ], [ 6012105.834512583911419, 2115596.83804767858237 ], [ 6012124.873383631929755, 2115601.607036612927914 ], [ 6012144.288019969128072, 2115604.486925866920501 ], [ 6012163.891448034904897, 2115605.449980532284826 ], [ 6012183.494876100681722, 2115604.486925866920501 ], [ 6012202.909512437880039, 2115601.607036612927914 ], [ 6012209.827542167156935, 2115599.874160375446081 ], [ 6012216.040210759267211, 2115608.250974257476628 ], [ 6012229.220945194363594, 2115622.793673662468791 ], [ 6012243.763644599355757, 2115635.974408097565174 ], [ 6012259.528254827484488, 2115647.666239885613322 ], [ 6012264.3902239324525, 2115650.580392018891871 ], [ 6012262.418256379663944, 2115663.874317420180887 ], [ 6012261.455201714299619, 2115683.477745485957712 ], [ 6012262.418256379663944, 2115703.081173551734537 ], [ 6012265.29814563319087, 2115722.495809889398515 ], [ 6012270.067134567536414, 2115741.53468093695119 ], [ 6012276.679295212030411, 2115760.014431959018111 ], [ 6012285.070948844775558, 2115777.757092851214111 ], [ 6012295.161279253661633, 2115794.591792089864612 ], [ 6012297.630318976007402, 2115797.920906770974398 ], [ 6012295.117698439396918, 2115803.233396546915174 ], [ 6012288.505537794902921, 2115821.713147568982095 ], [ 6012283.736548860557377, 2115840.75201861653477 ], [ 6012280.856659607030451, 2115860.166654954198748 ], [ 6012279.893604941666126, 2115879.770083019975573 ], [ 6012280.856659607030451, 2115899.373511085752398 ], [ 6012283.736548860557377, 2115918.788147423416376 ], [ 6012288.505537794902921, 2115937.827018470969051 ], [ 6012295.117698439396918, 2115956.306769493035972 ], [ 6012303.509352072142065, 2115974.049430385231972 ], [ 6012313.59968248102814, 2115990.884129623882473 ], [ 6012325.291514269076288, 2116006.648739852476865 ], [ 6012338.472248704172671, 2116021.191439257469028 ], [ 6012353.014948109164834, 2116034.372173692565411 ], [ 6012368.779558337293565, 2116046.064005480613559 ], [ 6012385.614257576875389, 2116056.154335889499635 ], [ 6012403.356918469071388, 2116064.545989522244781 ], [ 6012421.836669490672648, 2116071.158150166273117 ], [ 6012440.875540538690984, 2116075.92713910061866 ], [ 6012460.290176875889301, 2116078.807028354611248 ], [ 6012479.893604941666126, 2116079.770083019975573 ], [ 6012499.497033007442951, 2116078.807028354611248 ], [ 6012518.911669344641268, 2116075.92713910061866 ], [ 6012537.950540392659605, 2116071.158150166273117 ], [ 6012556.430291414260864, 2116064.545989522244781 ], [ 6012574.172952306456864, 2116056.154335889499635 ], [ 6012591.007651546038687, 2116046.064005480613559 ], [ 6012606.772261774167418, 2116034.372173692565411 ], [ 6012621.314961179159582, 2116021.191439257469028 ], [ 6012634.495695614255965, 2116006.648739852476865 ], [ 6012646.187527402304113, 2115990.884129623882473 ], [ 6012656.277857811190188, 2115974.049430385231972 ], [ 6012664.669511443935335, 2115956.306769493035972 ], [ 6012671.281672088429332, 2115937.827018470969051 ], [ 6012676.050661022774875, 2115918.788147423416376 ], [ 6012678.930550276301801, 2115899.373511085752398 ], [ 6012679.893604941666126, 2115879.770083019975573 ], [ 6012678.930550276301801, 2115860.166654954198748 ], [ 6012676.050661022774875, 2115840.75201861653477 ], [ 6012671.281672088429332, 2115821.713147568982095 ], [ 6012664.669511443935335, 2115803.233396546915174 ], [ 6012656.277857811190188, 2115785.490735654719174 ], [ 6012654.052807645872235, 2115781.778463726397604 ], [ 6012668.215367627330124, 2115768.942267581820488 ], [ 6012681.396102062426507, 2115754.399568176828325 ], [ 6012693.087933850474656, 2115738.634957948233932 ], [ 6012703.178264259360731, 2115721.800258709583431 ], [ 6012711.569917892105877, 2115704.057597817387432 ], [ 6012718.182078536599874, 2115685.577846795320511 ], [ 6012722.951067470945418, 2115666.538975747767836 ], [ 6012725.830956724472344, 2115647.124339410103858 ], [ 6012726.794011389836669, 2115627.520911344327033 ], [ 6012725.830956724472344, 2115607.917483278550208 ], [ 6012722.951067470945418, 2115588.502846940886229 ], [ 6012718.182078536599874, 2115569.463975893333554 ], [ 6012711.569917892105877, 2115550.984224871266633 ], [ 6012703.178264259360731, 2115533.241563979070634 ], [ 6012693.087933850474656, 2115516.406864740420133 ], [ 6012681.396102062426507, 2115500.64225451182574 ], [ 6012668.215367627330124, 2115486.099555106833577 ], [ 6012653.672668222337961, 2115472.918820671737194 ], [ 6012637.90805799420923, 2115461.226988883689046 ], [ 6012621.073358754627407, 2115451.136658474802971 ], [ 6012603.330697862431407, 2115442.745004842057824 ], [ 6012584.850946840830147, 2115436.132844198029488 ], [ 6012565.812075792811811, 2115431.363855263683945 ], [ 6012563.97826883289963, 2115431.091835697181523 ], [ 6012562.030368578620255, 2115423.315381973981857 ], [ 6012555.418207934126258, 2115404.835630951914936 ], [ 6012547.026554301381111, 2115387.092970059718937 ], [ 6012536.936223892495036, 2115370.258270821068436 ], [ 6012525.244392104446888, 2115354.493660592474043 ], [ 6012512.063657669350505, 2115339.95096118748188 ], [ 6012497.520958264358342, 2115326.770226752385497 ], [ 6012481.75634803622961, 2115315.078394964337349 ], [ 6012464.921648796647787, 2115304.988064555451274 ], [ 6012447.178987904451787, 2115296.596410922706127 ], [ 6012428.699236882850528, 2115289.984250278677791 ], [ 6012409.660365834832191, 2115285.215261344332248 ], [ 6012390.245729497633874, 2115282.335372090339661 ], [ 6012370.642301431857049, 2115281.372317424975336 ], [ 6012351.038873366080225, 2115282.335372090339661 ], [ 6012331.624237028881907, 2115285.215261344332248 ], [ 6012324.706207299605012, 2115286.94813758181408 ], [ 6012318.493538707494736, 2115278.571323699783534 ], [ 6012305.312804272398353, 2115264.028624294791371 ], [ 6012290.770104867406189, 2115250.847889859694988 ], [ 6012275.005494639277458, 2115239.156058071646839 ], [ 6012258.170795399695635, 2115229.065727662760764 ], [ 6012240.428134507499635, 2115220.674074030015618 ], [ 6012221.948383485898376, 2115214.061913385987282 ], [ 6012218.704454408027232, 2115213.249351452104747 ], [ 6012222.119112438522279, 2115199.61727244919166 ], [ 6012224.999001692049205, 2115180.202636111527681 ], [ 6012225.96205635741353, 2115160.599208045750856 ], [ 6012224.999001692049205, 2115140.995779979974031 ], [ 6012222.119112438522279, 2115121.581143642310053 ] ] ] } },
{ "type": "Feature", "properties": { "parent_sta": "mtc:oakland-coliseum-bart", "stop_id": "COLS_5", "stop_name": "Snell St Entrance / Exit", "stop_code": "COLS_5", "stop_desc": "Pedestrian Access Point", "stop_lat": 37.754, "stop_lon": -122.19679, "zone_id": "BA:79542", "stop_url": null, "tts_stop_n": null, "platform_c": null, "location_t": "2", "stop_timez": "America/Los_Angeles", "wheelchair": "1", "level_id": "mtc:oakland-coliseum-bart-ground", "route_info": "{'route_id': None, 'route_type': None}" }, "geometry": { "type": "Polygon", "coordinates": [ [ [ 6071180.389476975426078, 2101246.208031619433314 ], [ 6071165.846777570433915, 2101233.027297184336931 ], [ 6071150.082167342305183, 2101221.335465396288782 ], [ 6071133.24746810272336, 2101211.245134987402707 ], [ 6071115.50480721052736, 2101202.853481354657561 ], [ 6071097.025056188926101, 2101196.241320710629225 ], [ 6071077.986185140907764, 2101191.472331776283681 ], [ 6071058.571548803709447, 2101188.592442522291094 ], [ 6071038.968120737932622, 2101187.629387856926769 ], [ 6071019.364692672155797, 2101188.592442522291094 ], [ 6070999.95005633495748, 2101191.472331776283681 ], [ 6070980.911185286939144, 2101196.241320710629225 ], [ 6070962.431434265337884, 2101202.853481354657561 ], [ 6070944.688773373141885, 2101211.245134987402707 ], [ 6070927.854074133560061, 2101221.335465396288782 ], [ 6070912.08946390543133, 2101233.027297184336931 ], [ 6070897.546764500439167, 2101246.208031619433314 ], [ 6070884.366030065342784, 2101260.750731024425477 ], [ 6070872.674198277294636, 2101276.515341253019869 ], [ 6070862.583867868408561, 2101293.35004049167037 ], [ 6070856.262138075195253, 2101306.716215131804347 ], [ 6070850.565424364060163, 2101313.001570132561028 ], [ 6070838.873592576012015, 2101328.766180361155421 ], [ 6070828.78326216712594, 2101345.600879599805921 ], [ 6070820.391608534380794, 2101363.343540492001921 ], [ 6070813.779447889886796, 2101381.823291514068842 ], [ 6070812.419840115122497, 2101387.251150009222329 ], [ 6070806.583347273059189, 2101396.98875003028661 ], [ 6070798.191693640314043, 2101414.73141092248261 ], [ 6070791.579532995820045, 2101433.211161944549531 ], [ 6070786.810544061474502, 2101452.250032992102206 ], [ 6070783.930654807947576, 2101471.664669329766184 ], [ 6070782.967600142583251, 2101491.268097395543009 ], [ 6070783.930654807947576, 2101510.871525461319834 ], [ 6070786.810544061474502, 2101530.286161798983812 ], [ 6070791.579532995820045, 2101549.325032846536487 ], [ 6070798.191693640314043, 2101567.804783868603408 ], [ 6070806.583347273059189, 2101585.547444760799408 ], [ 6070816.673677681945264, 2101602.382143999449909 ], [ 6070828.365509469993412, 2101618.146754228044301 ], [ 6070841.546243905089796, 2101632.689453633036464 ], [ 6070856.088943310081959, 2101645.870188068132848 ], [ 6070871.85355353821069, 2101657.562019856180996 ], [ 6070888.688252777792513, 2101667.652350265067071 ], [ 6070906.430913669988513, 2101676.044003897812217 ], [ 6070924.910664691589773, 2101682.656164541840553 ], [ 6070943.949535739608109, 2101687.425153476186097 ], [ 6070963.364172076806426, 2101690.305042730178684 ], [ 6070982.967600142583251, 2101691.268097395543009 ], [ 6071002.571028208360076, 2101690.305042730178684 ], [ 6071021.985664545558393, 2101687.425153476186097 ], [ 6071030.749260715208948, 2101685.22998691117391 ], [ 6071039.292062209919095, 2101694.655515877064317 ], [ 6071053.834761614911258, 2101707.836250312160701 ], [ 6071069.599371843039989, 2101719.528082100208849 ], [ 6071086.434071082621813, 2101729.618412509094924 ], [ 6071104.176731974817812, 2101738.01006614184007 ], [ 6071122.656482996419072, 2101744.622226785868406 ], [ 6071141.695354044437408, 2101749.39121572021395 ], [ 6071161.109990381635725, 2101752.271104974206537 ], [ 6071180.71341844741255, 2101753.234159639570862 ], [ 6071200.316846513189375, 2101752.271104974206537 ], [ 6071219.731482850387692, 2101749.39121572021395 ], [ 6071238.770353898406029, 2101744.622226785868406 ], [ 6071257.250104920007288, 2101738.01006614184007 ], [ 6071274.992765812203288, 2101729.618412509094924 ], [ 6071291.827465051785111, 2101719.528082100208849 ], [ 6071307.592075279913843, 2101707.836250312160701 ], [ 6071322.134774684906006, 2101694.655515877064317 ], [ 6071335.315509120002389, 2101680.112816472072154 ], [ 6071347.007340908050537, 2101664.348206243477762 ], [ 6071357.097671316936612, 2101647.513507004827261 ], [ 6071365.489324949681759, 2101629.770846112631261 ], [ 6071372.101485594175756, 2101611.29109509056434 ], [ 6071376.870474528521299, 2101592.252224043011665 ], [ 6071379.750363782048225, 2101572.837587705347687 ], [ 6071380.71341844741255, 2101553.234159639570862 ], [ 6071379.750363782048225, 2101533.630731573794037 ], [ 6071376.870474528521299, 2101514.216095236130059 ], [ 6071372.101485594175756, 2101495.177224188577384 ], [ 6071365.489324949681759, 2101476.697473166510463 ], [ 6071357.097671316936612, 2101458.954812274314463 ], [ 6071349.581262333318591, 2101446.414441497065127 ], [ 6071349.062693675048649, 2101435.85873395903036 ], [ 6071346.182804421521723, 2101416.444097621366382 ], [ 6071341.41381548717618, 2101397.405226573813707 ], [ 6071334.801654842682183, 2101378.925475551746786 ], [ 6071326.410001209937036, 2101361.182814659550786 ], [ 6071316.319670801050961, 2101344.348115420900285 ], [ 6071304.627839013002813, 2101328.583505192305893 ], [ 6071291.44710457790643, 2101314.04080578731373 ], [ 6071276.904405172914267, 2101300.860071352217346 ], [ 6071261.139794944785535, 2101289.168239564169198 ], [ 6071244.305095705203712, 2101279.077909155283123 ], [ 6071226.562434813007712, 2101270.686255522537977 ], [ 6071208.082683791406453, 2101264.074094878509641 ], [ 6071193.204585812985897, 2101260.347325342241675 ], [ 6071180.389476975426078, 2101246.208031619433314 ] ] ] } },
{ "type": "Feature", "properties": { "parent_sta": "mtc:powell", "stop_id": "POWL_8", "stop_name": "B1 Market Street & 5th Street Entrance / Exit", "stop_code": "POWL_8", "stop_desc": "Pedestrian Access Point", "stop_lat": 37.78371, "stop_lon": -122.40829, "zone_id": "BA:79542", "stop_url": null, "tts_stop_n": null, "platform_c": null, "location_t": "2", "stop_timez": "America/Los_Angeles", "wheelchair": "0", "level_id": "mtc:powell-street", "route_info": "{'route_id': None, 'route_type': None}" }, "geometry": { "type": "MultiPolygon", "coordinates": [ [ [ [ 6010428.036214419640601, 2113390.82747899973765 ], [ 6010421.424053775146604, 2113372.347727977670729 ], [ 6010413.032400142401457, 2113354.60506708547473 ], [ 6010402.942069733515382, 2113337.770367846824229 ], [ 6010391.250237945467234, 2113322.005757618229836 ], [ 6010378.069503510370851, 2113307.463058213237673 ], [ 6010363.526804105378687, 2113294.28232377814129 ], [ 6010347.762193877249956, 2113282.590491990093142 ], [ 6010330.927494637668133, 2113272.500161581207067 ], [ 6010313.184833745472133, 2113264.10850794846192 ], [ 6010294.705082723870873, 2113257.496347304433584 ], [ 6010275.666211675852537, 2113252.727358370088041 ], [ 6010256.25157533865422, 2113249.847469116095454 ], [ 6010236.648147272877395, 2113248.884414450731128 ], [ 6010217.04471920710057, 2113249.847469116095454 ], [ 6010197.630082869902253, 2113252.727358370088041 ], [ 6010178.591211821883917, 2113257.496347304433584 ], [ 6010160.111460800282657, 2113264.10850794846192 ], [ 6010142.368799908086658, 2113272.500161581207067 ], [ 6010125.534100668504834, 2113282.590491990093142 ], [ 6010109.769490440376103, 2113294.28232377814129 ], [ 6010095.22679103538394, 2113307.463058213237673 ], [ 6010082.046056600287557, 2113322.005757618229836 ], [ 6010070.354224812239408, 2113337.770367846824229 ], [ 6010060.263894403353333, 2113354.60506708547473 ], [ 6010051.872240770608187, 2113372.347727977670729 ], [ 6010045.26008012611419, 2113390.82747899973765 ], [ 6010040.491091191768646, 2113409.866350047290325 ], [ 6010037.61120193824172, 2113429.280986384954304 ], [ 6010036.648147272877395, 2113448.884414450731128 ], [ 6010037.61120193824172, 2113468.487842516507953 ], [ 6010040.491091191768646, 2113487.902478854171932 ], [ 6010045.26008012611419, 2113506.941349901724607 ], [ 6010051.872240770608187, 2113525.421100923791528 ], [ 6010060.263894403353333, 2113543.163761815987527 ], [ 6010070.354224812239408, 2113559.998461054638028 ], [ 6010082.046056600287557, 2113575.763071283232421 ], [ 6010095.22679103538394, 2113590.305770688224584 ], [ 6010109.769490440376103, 2113603.486505123320967 ], [ 6010125.534100668504834, 2113615.178336911369115 ], [ 6010142.368799908086658, 2113625.26866732025519 ], [ 6010160.111460800282657, 2113633.660320953000337 ], [ 6010178.591211821883917, 2113640.272481597028673 ], [ 6010197.630082869902253, 2113645.041470531374216 ], [ 6010217.04471920710057, 2113647.921359785366803 ], [ 6010226.465172783471644, 2113648.384156992658973 ], [ 6010224.164622097276151, 2113651.486090508289635 ], [ 6010214.074291688390076, 2113668.320789746940136 ], [ 6010205.682638055644929, 2113686.063450639136136 ], [ 6010199.070477411150932, 2113704.543201661203057 ], [ 6010194.301488476805389, 2113723.582072708755732 ], [ 6010191.421599223278463, 2113742.99670904641971 ], [ 6010190.458544557914138, 2113762.600137112196535 ], [ 6010191.421599223278463, 2113782.20356517797336 ], [ 6010194.301488476805389, 2113801.618201515637338 ], [ 6010199.070477411150932, 2113820.657072563190013 ], [ 6010205.682638055644929, 2113839.136823585256934 ], [ 6010214.074291688390076, 2113856.879484477452934 ], [ 6010224.164622097276151, 2113873.714183716103435 ], [ 6010235.856453885324299, 2113889.478793944697827 ], [ 6010249.037188320420682, 2113904.02149334968999 ], [ 6010263.579887725412846, 2113917.202227784786373 ], [ 6010279.344497953541577, 2113928.894059572834522 ], [ 6010296.1791971931234, 2113938.984389981720597 ], [ 6010313.9218580853194, 2113947.376043614465743 ], [ 6010332.40160910692066, 2113953.988204258494079 ], [ 6010351.440480154938996, 2113958.757193192839622 ], [ 6010370.855116492137313, 2113961.63708244683221 ], [ 6010390.458544557914138, 2113962.600137112196535 ], [ 6010410.061972623690963, 2113961.63708244683221 ], [ 6010429.47660896088928, 2113958.757193192839622 ], [ 6010448.515480008907616, 2113953.988204258494079 ], [ 6010466.995231030508876, 2113947.376043614465743 ], [ 6010484.737891922704875, 2113938.984389981720597 ], [ 6010501.572591162286699, 2113928.894059572834522 ], [ 6010517.33720139041543, 2113917.202227784786373 ], [ 6010531.879900795407593, 2113904.02149334968999 ], [ 6010545.060635230503976, 2113889.478793944697827 ], [ 6010545.915464168414474, 2113888.326190549414605 ], [ 6010554.081741412170231, 2113886.280644586309791 ], [ 6010572.561492433771491, 2113879.668483942281455 ], [ 6010590.304153325967491, 2113871.276830309536308 ], [ 6010607.138852565549314, 2113861.186499900650233 ], [ 6010622.903462793678045, 2113849.494668112602085 ], [ 6010637.446162198670208, 2113836.313933677505702 ], [ 6010650.626896633766592, 2113821.771234272513539 ], [ 6010662.31872842181474, 2113806.006624043919146 ], [ 6010672.409058830700815, 2113789.171924805268645 ], [ 6010680.800712463445961, 2113771.429263913072646 ], [ 6010687.412873107939959, 2113752.949512891005725 ], [ 6010692.181862042285502, 2113733.91064184345305 ], [ 6010695.061751295812428, 2113714.496005505789071 ], [ 6010696.024805961176753, 2113694.892577440012246 ], [ 6010695.061751295812428, 2113675.289149374235421 ], [ 6010692.181862042285502, 2113655.874513036571443 ], [ 6010687.412873107939959, 2113636.835641989018768 ], [ 6010680.800712463445961, 2113618.355890966951847 ], [ 6010672.409058830700815, 2113600.613230074755847 ], [ 6010662.31872842181474, 2113583.778530836105347 ], [ 6010650.626896633766592, 2113568.013920607510954 ], [ 6010637.446162198670208, 2113553.471221202518791 ], [ 6010622.903462793678045, 2113540.290486767422408 ], [ 6010607.138852565549314, 2113528.59865497937426 ], [ 6010590.304153325967491, 2113518.508324570488185 ], [ 6010572.561492433771491, 2113510.116670937743038 ], [ 6010554.081741412170231, 2113503.504510293714702 ], [ 6010535.042870364151895, 2113498.735521359369159 ], [ 6010515.628234026953578, 2113495.855632105376571 ], [ 6010496.024805961176753, 2113494.892577440012246 ], [ 6010476.421377895399928, 2113495.855632105376571 ], [ 6010457.006741558201611, 2113498.735521359369159 ], [ 6010437.967870510183275, 2113503.504510293714702 ], [ 6010427.988301647827029, 2113507.07525712903589 ], [ 6010428.036214419640601, 2113506.941349901724607 ], [ 6010432.805203353986144, 2113487.902478854171932 ], [ 6010435.68509260751307, 2113468.487842516507953 ], [ 6010436.648147272877395, 2113448.884414450731128 ], [ 6010435.68509260751307, 2113429.280986384954304 ], [ 6010432.805203353986144, 2113409.866350047290325 ], [ 6010428.036214419640601, 2113390.82747899973765 ] ] ], [ [ [ 6011020.424347969703376, 2113950.543307228013873 ], [ 6011013.812187325209379, 2113932.063556205946952 ], [ 6011005.420533692464232, 2113914.320895313750952 ], [ 6010995.330203283578157, 2113897.486196075100452 ], [ 6010983.638371495530009, 2113881.721585846506059 ], [ 6010970.457637060433626, 2113867.178886441513896 ], [ 6010955.914937655441463, 2113853.998152006417513 ], [ 6010940.150327427312732, 2113842.306320218369365 ], [ 6010923.315628187730908, 2113832.21598980948329 ], [ 6010905.572967295534909, 2113823.824336176738143 ], [ 6010887.093216273933649, 2113817.212175532709807 ], [ 6010868.054345225915313, 2113812.443186598364264 ], [ 6010848.639708888716996, 2113809.563297344371676 ], [ 6010829.036280822940171, 2113808.600242679007351 ], [ 6010809.432852757163346, 2113809.563297344371676 ], [ 6010790.018216419965029, 2113812.443186598364264 ], [ 6010770.979345371946692, 2113817.212175532709807 ], [ 6010752.499594350345433, 2113823.824336176738143 ], [ 6010734.756933458149433, 2113832.21598980948329 ], [ 6010717.92223421856761, 2113842.306320218369365 ], [ 6010702.157623990438879, 2113853.998152006417513 ], [ 6010687.614924585446715, 2113867.178886441513896 ], [ 6010674.434190150350332, 2113881.721585846506059 ], [ 6010662.742358362302184, 2113897.486196075100452 ], [ 6010652.652027953416109, 2113914.320895313750952 ], [ 6010646.221002951264381, 2113927.918155258521438 ], [ 6010639.83361270558089, 2113933.707348324358463 ], [ 6010626.652878270484507, 2113948.250047729350626 ], [ 6010614.961046482436359, 2113964.014657957945019 ], [ 6010604.870716073550284, 2113980.84935719659552 ], [ 6010596.479062440805137, 2113998.592018088791519 ], [ 6010589.86690179631114, 2114017.07176911085844 ], [ 6010585.097912861965597, 2114036.110640158411115 ], [ 6010582.218023608438671, 2114055.525276496075094 ], [ 6010581.254968943074346, 2114075.128704561851919 ], [ 6010582.218023608438671, 2114094.732132627628744 ], [ 6010585.097912861965597, 2114114.146768965292722 ], [ 6010589.86690179631114, 2114133.185640012845397 ], [ 6010596.479062440805137, 2114151.665391034912318 ], [ 6010604.870716073550284, 2114169.408051927108318 ], [ 6010609.858914879150689, 2114177.730358852539212 ], [ 6010608.075722651556134, 2114189.751664387527853 ], [ 6010607.112667986191809, 2114209.355092453304678 ], [ 6010608.075722651556134, 2114228.958520519081503 ], [ 6010610.95561190508306, 2114248.373156856745481 ], [ 6010615.724600839428604, 2114267.412027904298156 ], [ 6010622.336761483922601, 2114285.891778926365077 ], [ 6010630.728415116667747, 2114303.634439818561077 ], [ 6010640.818745525553823, 2114320.469139057211578 ], [ 6010652.510577313601971, 2114336.23374928580597 ], [ 6010665.691311748698354, 2114350.776448690798134 ], [ 6010680.234011153690517, 2114363.957183125894517 ], [ 6010695.998621381819248, 2114375.649014913942665 ], [ 6010712.833320621401072, 2114385.73934532282874 ], [ 6010730.575981513597071, 2114394.130998955573887 ], [ 6010749.055732535198331, 2114400.743159599602222 ], [ 6010768.094603583216667, 2114405.512148533947766 ], [ 6010787.509239920414984, 2114408.392037787940353 ], [ 6010807.112667986191809, 2114409.355092453304678 ], [ 6010826.716096051968634, 2114408.392037787940353 ], [ 6010846.130732389166951, 2114405.512148533947766 ], [ 6010860.736032375134528, 2114401.853711337782443 ], [ 6010867.125275956466794, 2114415.362631889991462 ], [ 6010877.215606365352869, 2114432.197331128641963 ], [ 6010888.907438153401017, 2114447.961941357236356 ], [ 6010902.0881725884974, 2114462.504640762228519 ], [ 6010916.630871993489563, 2114475.685375197324902 ], [ 6010932.395482221618295, 2114487.37720698537305 ], [ 6010949.230181461200118, 2114497.467537394259125 ], [ 6010966.972842353396118, 2114505.859191027004272 ], [ 6010985.452593374997377, 2114512.471351671032608 ], [ 6011004.491464423015714, 2114517.240340605378151 ], [ 6011023.906100760214031, 2114520.120229859370738 ], [ 6011043.509528825990856, 2114521.083284524735063 ], [ 6011063.112956891767681, 2114520.120229859370738 ], [ 6011082.527593228965998, 2114517.240340605378151 ], [ 6011101.566464276984334, 2114512.471351671032608 ], [ 6011120.046215298585594, 2114505.859191027004272 ], [ 6011137.788876190781593, 2114497.467537394259125 ], [ 6011154.623575430363417, 2114487.37720698537305 ], [ 6011170.388185658492148, 2114475.685375197324902 ], [ 6011184.930885063484311, 2114462.504640762228519 ], [ 6011198.111619498580694, 2114447.961941357236356 ], [ 6011209.803451286628842, 2114432.197331128641963 ], [ 6011219.893781695514917, 2114415.362631889991462 ], [ 6011227.587884963490069, 2114399.094817329198122 ], [ 6011240.189121737144887, 2114385.191495065111667 ], [ 6011251.880953525193036, 2114369.426884836517274 ], [ 6011261.971283934079111, 2114352.592185597866774 ], [ 6011270.362937566824257, 2114334.849524705670774 ], [ 6011276.975098211318254, 2114316.369773683603853 ], [ 6011281.744087145663798, 2114297.330902636051178 ], [ 6011284.623976399190724, 2114277.9162662983872 ], [ 6011285.587031064555049, 2114258.312838232610375 ], [ 6011284.623976399190724, 2114238.70941016683355 ], [ 6011281.744087145663798, 2114219.294773829169571 ], [ 6011276.975098211318254, 2114200.255902781616896 ], [ 6011270.362937566824257, 2114181.776151759549975 ], [ 6011261.971283934079111, 2114164.033490867353976 ], [ 6011251.880953525193036, 2114147.198791628703475 ], [ 6011240.189121737144887, 2114131.434181400109082 ], [ 6011227.008387302048504, 2114116.891481995116919 ], [ 6011212.465687897056341, 2114103.710747560020536 ], [ 6011196.70107766892761, 2114092.018915771972388 ], [ 6011179.866378429345787, 2114081.928585363086313 ], [ 6011162.123717537149787, 2114073.536931730341166 ], [ 6011143.643966515548527, 2114066.92477108631283 ], [ 6011124.605095467530191, 2114062.155782151967287 ], [ 6011105.190459130331874, 2114059.2758928979747 ], [ 6011085.587031064555049, 2114058.312838232610375 ], [ 6011065.983602998778224, 2114059.2758928979747 ], [ 6011046.568966661579907, 2114062.155782151967287 ], [ 6011027.530095613561571, 2114066.92477108631283 ], [ 6011019.271265496499836, 2114069.879827753640711 ], [ 6011020.424347969703376, 2114066.65717813000083 ], [ 6011025.19333690404892, 2114047.618307082448155 ], [ 6011028.073226157575846, 2114028.203670744784176 ], [ 6011029.036280822940171, 2114008.600242679007351 ], [ 6011028.073226157575846, 2113988.996814613230526 ], [ 6011025.19333690404892, 2113969.582178275566548 ], [ 6011020.424347969703376, 2113950.543307228013873 ] ] ] ] } },
{ "type": "Feature", "properties": { "parent_sta": "mtc:union-city-bart", "stop_id": "UCTY_1", "stop_name": "TBD Pedestrian Access Point", "stop_code": "UCTY_1", "stop_desc": "Pedestrian Access Point", "stop_lat": 37.5906, "stop_lon": -122.01742, "zone_id": "BA:79542", "stop_url": null, "tts_stop_n": null, "platform_c": null, "location_t": "2", "stop_timez": "America/Los_Angeles", "wheelchair": "0", "level_id": "mtc:union-city-bart-street", "route_info": "{'route_id': None, 'route_type': None}" }, "geometry": { "type": "Polygon", "coordinates": [ [ [ 6122248.03315447922796, 2041003.242165206000209 ], [ 6122243.264165544882417, 2040984.203294158214703 ], [ 6122236.65200490038842, 2040965.723543136147782 ], [ 6122228.260351267643273, 2040947.980882243951783 ], [ 6122218.170020858757198, 2040931.146183005301282 ], [ 6122206.47818907070905, 2040915.381572776474059 ], [ 6122193.297454635612667, 2040900.838873371947557 ], [ 6122178.754755230620503, 2040887.658138936618343 ], [ 6122162.990145002491772, 2040875.966307148803025 ], [ 6122146.155445762909949, 2040865.875976739451289 ], [ 6122128.412784870713949, 2040857.484323106938973 ], [ 6122109.933033849112689, 2040850.872162462677807 ], [ 6122090.894162801094353, 2040846.103173528565094 ], [ 6122071.479526463896036, 2040843.223284274805337 ], [ 6122051.876098398119211, 2040842.260229609208182 ], [ 6122032.272670332342386, 2040843.223284274805337 ], [ 6122012.858033995144069, 2040846.103173528565094 ], [ 6121993.819162947125733, 2040850.872162462677807 ], [ 6121975.339411925524473, 2040857.484323106938973 ], [ 6121957.596751033328474, 2040865.875976739451289 ], [ 6121940.76205179374665, 2040875.966307148803025 ], [ 6121926.078186633065343, 2040886.856603766791523 ], [ 6121920.950777263380587, 2040889.281687790295109 ], [ 6121904.116078023798764, 2040899.372018199646845 ], [ 6121888.351467795670033, 2040911.063849987462163 ], [ 6121873.808768390677869, 2040924.244584422791377 ], [ 6121860.628033955581486, 2040938.787283827317879 ], [ 6121848.936202167533338, 2040954.551894056145102 ], [ 6121838.845871758647263, 2040971.386593294795603 ], [ 6121835.986561719328165, 2040977.432096438249573 ], [ 6121832.964482268318534, 2040981.50689887185581 ], [ 6121822.874151859432459, 2040998.341598110506311 ], [ 6121814.482498226687312, 2041016.084259002702311 ], [ 6121807.870337582193315, 2041034.564010024769232 ], [ 6121803.101348647847772, 2041053.602881072554737 ], [ 6121800.221459394320846, 2041073.017517409753054 ], [ 6121799.258404728956521, 2041092.62094547576271 ], [ 6121800.221459394320846, 2041112.224373541772366 ], [ 6121803.101348647847772, 2041131.639009878970683 ], [ 6121807.870337582193315, 2041150.677880926756188 ], [ 6121814.482498226687312, 2041169.157631948823109 ], [ 6121822.874151859432459, 2041186.900292841019109 ], [ 6121832.964482268318534, 2041203.73499207966961 ], [ 6121844.656314056366682, 2041219.499602308496833 ], [ 6121857.837048491463065, 2041234.042301713023335 ], [ 6121872.379747896455228, 2041247.223036148352548 ], [ 6121888.14435812458396, 2041258.914867936167866 ], [ 6121904.979057364165783, 2041269.005198345519602 ], [ 6121922.721718256361783, 2041277.396851978031918 ], [ 6121941.201469277963042, 2041284.009012622293085 ], [ 6121960.240340325981379, 2041288.778001556405798 ], [ 6121963.205749234184623, 2041289.217878415249288 ], [ 6121964.562732375226915, 2041291.0475583744701 ], [ 6121977.743466810323298, 2041305.590257778996602 ], [ 6121992.286166215315461, 2041318.770992214325815 ], [ 6122008.050776443444192, 2041330.462824002141133 ], [ 6122024.885475683026016, 2041340.553154411492869 ], [ 6122042.628136575222015, 2041348.944808044005185 ], [ 6122061.107887596823275, 2041355.556968688266352 ], [ 6122080.146758644841611, 2041360.325957622379065 ], [ 6122099.561394982039928, 2041363.205846876138821 ], [ 6122119.164823047816753, 2041364.168901541735977 ], [ 6122138.768251113593578, 2041363.205846876138821 ], [ 6122158.182887450791895, 2041360.325957622379065 ], [ 6122177.221758498810232, 2041355.556968688266352 ], [ 6122195.701509520411491, 2041348.944808044005185 ], [ 6122213.444170412607491, 2041340.553154411492869 ], [ 6122230.278869652189314, 2041330.462824002141133 ], [ 6122246.043479880318046, 2041318.770992214325815 ], [ 6122260.586179285310209, 2041305.590257778996602 ], [ 6122273.766913720406592, 2041291.0475583744701 ], [ 6122285.45874550845474, 2041275.282948145642877 ], [ 6122295.549075917340815, 2041258.448248906992376 ], [ 6122303.940729550085962, 2041240.705588014796376 ], [ 6122310.552890194579959, 2041222.225836992729455 ], [ 6122315.321879128925502, 2041203.18696594494395 ], [ 6122318.201768382452428, 2041183.772329607745633 ], [ 6122319.164823047816753, 2041164.168901541735977 ], [ 6122318.201768382452428, 2041144.565473475726321 ], [ 6122315.321879128925502, 2041125.150837138528004 ], [ 6122310.552890194579959, 2041106.111966090742499 ], [ 6122303.940729550085962, 2041087.632215068675578 ], [ 6122295.549075917340815, 2041069.889554176479578 ], [ 6122285.45874550845474, 2041053.054854937829077 ], [ 6122273.766913720406592, 2041037.290244709001854 ], [ 6122260.586179285310209, 2041022.747545304475352 ], [ 6122249.426099640317261, 2041012.632638712180778 ], [ 6122248.03315447922796, 2041003.242165206000209 ] ] ] } },
{ "type": "Feature", "properties": { "parent_sta": "mtc:warm-springs-south-fremont-bart", "stop_id": "WARM_1", "stop_name": "Main (East) Entrance / Exit", "stop_code": "WARM_1", "stop_desc": "Pedestrian Access Point", "stop_lat": 37.50225, "stop_lon": -121.93843, "zone_id": "BA:79542", "stop_url": null, "tts_stop_n": null, "platform_c": null, "location_t": "2", "stop_timez": "America/Los_Angeles", "wheelchair": "0", "level_id": "mtc:ground", "route_info": "{'route_id': None, 'route_type': None}" }, "geometry": { "type": "MultiPolygon", "coordinates": [ [ [ [ 6144120.319910373538733, 2008352.566322940401733 ], [ 6144115.550921439193189, 2008333.527451892616227 ], [ 6144108.938760794699192, 2008315.047700870549306 ], [ 6144100.547107161954045, 2008297.305039978353307 ], [ 6144090.45677675306797, 2008280.470340739702806 ], [ 6144078.764944965019822, 2008264.705730510875583 ], [ 6144065.584210529923439, 2008250.163031106349081 ], [ 6144051.041511124931276, 2008236.982296671019867 ], [ 6144035.276900896802545, 2008225.29046488320455 ], [ 6144018.442201657220721, 2008215.200134473852813 ], [ 6144000.699540765024722, 2008206.808480841340497 ], [ 6143982.219789743423462, 2008200.196320197079331 ], [ 6143963.180918695405126, 2008195.427331262966618 ], [ 6143943.766282358206809, 2008192.547442009206861 ], [ 6143924.162854292429984, 2008191.584387343609706 ], [ 6143904.559426226653159, 2008192.547442009206861 ], [ 6143885.144789889454842, 2008195.427331262966618 ], [ 6143866.105918841436505, 2008200.196320197079331 ], [ 6143852.2238515522331, 2008205.163403297076002 ], [ 6143835.389813263900578, 2008204.336400027154014 ], [ 6143815.786385198123753, 2008205.299454692751169 ], [ 6143796.371748860925436, 2008208.179343946510926 ], [ 6143777.3328778129071, 2008212.948332880623639 ], [ 6143758.85312679130584, 2008219.560493524884805 ], [ 6143741.11046589910984, 2008227.952147157397121 ], [ 6143724.275766659528017, 2008238.042477566748857 ], [ 6143708.511156431399286, 2008249.734309354564175 ], [ 6143693.968457026407123, 2008262.915043789893389 ], [ 6143680.78772259131074, 2008277.457743194419891 ], [ 6143669.095890803262591, 2008293.222353423247114 ], [ 6143659.005560394376516, 2008310.057052661897615 ], [ 6143650.61390676163137, 2008327.799713554093614 ], [ 6143644.001746117137372, 2008346.279464576160535 ], [ 6143639.232757182791829, 2008365.318335623946041 ], [ 6143636.352867929264903, 2008384.732971961144358 ], [ 6143635.389813263900578, 2008404.336400027154014 ], [ 6143636.352867929264903, 2008423.939828093163669 ], [ 6143639.232757182791829, 2008443.354464430361986 ], [ 6143644.001746117137372, 2008462.393335478147492 ], [ 6143650.61390676163137, 2008480.873086500214413 ], [ 6143651.881589260883629, 2008483.553375950083137 ], [ 6143652.143833232112229, 2008485.321281202603132 ], [ 6143656.912822166457772, 2008504.360152250388637 ], [ 6143663.524982810951769, 2008522.839903272455558 ], [ 6143671.916636443696916, 2008540.582564164651558 ], [ 6143682.006966852582991, 2008557.417263403302059 ], [ 6143693.698798640631139, 2008573.181873632129282 ], [ 6143706.879533075727522, 2008587.724573036655784 ], [ 6143721.422232480719686, 2008600.905307471984997 ], [ 6143737.186842708848417, 2008612.597139259800315 ], [ 6143754.02154194843024, 2008622.687469669152051 ], [ 6143771.76420284062624, 2008631.079123301664367 ], [ 6143790.243953862227499, 2008637.691283945925534 ], [ 6143809.282824910245836, 2008642.460272880038247 ], [ 6143828.697461247444153, 2008645.340162133798003 ], [ 6143848.300889313220978, 2008646.303216799395159 ], [ 6143867.904317378997803, 2008645.340162133798003 ], [ 6143887.31895371619612, 2008642.460272880038247 ], [ 6143906.357824764214456, 2008637.691283945925534 ], [ 6143924.837575785815716, 2008631.079123301664367 ], [ 6143942.580236678011715, 2008622.687469669152051 ], [ 6143959.414935917593539, 2008612.597139259800315 ], [ 6143975.17954614572227, 2008600.905307471984997 ], [ 6143989.722245550714433, 2008587.724573036655784 ], [ 6143999.697159330360591, 2008576.718951658112928 ], [ 6144000.699540765024722, 2008576.360293845878914 ], [ 6144018.442201657220721, 2008567.968640213366598 ], [ 6144035.276900896802545, 2008557.878309804014862 ], [ 6144051.041511124931276, 2008546.186478016199544 ], [ 6144065.584210529923439, 2008533.00574358087033 ], [ 6144078.764944965019822, 2008518.463044176343828 ], [ 6144090.45677675306797, 2008502.698433947516605 ], [ 6144100.547107161954045, 2008485.863734708866104 ], [ 6144108.938760794699192, 2008468.121073816670105 ], [ 6144115.550921439193189, 2008449.641322794603184 ], [ 6144120.319910373538733, 2008430.602451746817678 ], [ 6144123.199799627065659, 2008411.187815409619361 ], [ 6144124.162854292429984, 2008391.584387343609706 ], [ 6144123.199799627065659, 2008371.98095927760005 ], [ 6144120.319910373538733, 2008352.566322940401733 ] ] ], [ [ [ 6144427.886763853952289, 2008335.948518969817087 ], [ 6144408.847892805933952, 2008331.179530035704374 ], [ 6144389.433256468735635, 2008328.299640781944618 ], [ 6144369.82982840295881, 2008327.336586116347462 ], [ 6144350.226400337181985, 2008328.299640781944618 ], [ 6144330.811764, 2008331.179530035704374 ], [ 6144311.772892951965332, 2008335.948518969817087 ], [ 6144293.293141930364072, 2008342.560679614078254 ], [ 6144275.550481038168073, 2008350.95233324659057 ], [ 6144258.715781798586249, 2008361.042663655942306 ], [ 6144242.951171570457518, 2008372.734495443757623 ], [ 6144228.408472165465355, 2008385.915229879086837 ], [ 6144215.227737730368972, 2008400.457929283613339 ], [ 6144203.535905942320824, 2008416.222539512440562 ], [ 6144193.445575533434749, 2008433.057238751091063 ], [ 6144185.053921900689602, 2008450.799899643287063 ], [ 6144178.441761256195605, 2008469.279650665353984 ], [ 6144173.672772321850061, 2008488.318521713139489 ], [ 6144170.792883068323135, 2008507.733158050337806 ], [ 6144169.82982840295881, 2008527.336586116347462 ], [ 6144170.792883068323135, 2008546.940014182357118 ], [ 6144173.672772321850061, 2008566.354650519555435 ], [ 6144178.441761256195605, 2008585.39352156734094 ], [ 6144185.053921900689602, 2008603.873272589407861 ], [ 6144193.445575533434749, 2008621.615933481603861 ], [ 6144203.535905942320824, 2008638.450632720254362 ], [ 6144215.227737730368972, 2008654.215242949081585 ], [ 6144228.408472165465355, 2008668.757942353608087 ], [ 6144242.951171570457518, 2008681.9386767889373 ], [ 6144258.715781798586249, 2008693.630508576752618 ], [ 6144275.550481038168073, 2008703.720838986104354 ], [ 6144293.293141930364072, 2008712.11249261861667 ], [ 6144311.772892951965332, 2008718.724653262877837 ], [ 6144320.358478000387549, 2008720.875230362871662 ], [ 6144329.056064228527248, 2008726.088362926850095 ], [ 6144346.798725120723248, 2008734.480016559362411 ], [ 6144365.278476142324507, 2008741.092177203623578 ], [ 6144384.317347190342844, 2008745.861166137736291 ], [ 6144403.731983527541161, 2008748.741055391496047 ], [ 6144423.335411593317986, 2008749.704110057093203 ], [ 6144442.93883965909481, 2008748.741055391496047 ], [ 6144462.353475996293128, 2008745.861166137736291 ], [ 6144481.392347044311464, 2008741.092177203623578 ], [ 6144499.872098065912724, 2008734.480016559362411 ], [ 6144517.614758958108723, 2008726.088362926850095 ], [ 6144534.449458197690547, 2008715.998032517498359 ], [ 6144550.214068425819278, 2008704.306200729683042 ], [ 6144564.756767830811441, 2008691.125466294353828 ], [ 6144577.937502265907824, 2008676.582766889827326 ], [ 6144589.629334053955972, 2008660.818156661000103 ], [ 6144599.719664462842047, 2008643.983457422349602 ], [ 6144608.111318095587194, 2008626.240796530153602 ], [ 6144614.723478740081191, 2008607.761045508086681 ], [ 6144619.492467674426734, 2008588.722174460301176 ], [ 6144622.37235692795366, 2008569.307538123102859 ], [ 6144623.335411593317986, 2008549.704110057093203 ], [ 6144622.37235692795366, 2008530.100681991083547 ], [ 6144619.492467674426734, 2008510.68604565388523 ], [ 6144614.723478740081191, 2008491.647174606099725 ], [ 6144608.111318095587194, 2008473.167423584032804 ], [ 6144599.719664462842047, 2008455.424762691836804 ], [ 6144589.629334053955972, 2008438.590063453186303 ], [ 6144577.937502265907824, 2008422.82545322435908 ], [ 6144564.756767830811441, 2008408.282753819832578 ], [ 6144550.214068425819278, 2008395.102019384503365 ], [ 6144534.449458197690547, 2008383.410187596688047 ], [ 6144517.614758958108723, 2008373.319857187336311 ], [ 6144499.872098065912724, 2008364.928203554823995 ], [ 6144481.392347044311464, 2008358.316042910562828 ], [ 6144472.806761995889246, 2008356.165465810569003 ], [ 6144464.109175767749548, 2008350.95233324659057 ], [ 6144446.366514875553548, 2008342.560679614078254 ], [ 6144427.886763853952289, 2008335.948518969817087 ] ] ] ] } }
]
}
