{
"type": "FeatureCollection",
"name": "tier2_halfmile_clipped",
"crs": { "type": "name", "properties": { "name": "urn:ogc:def:crs:OGC:1.3:CRS84" } },
"features": [
{ "type": "Feature", "properties": { "stop_name": "Alder Station", "stop_id": "64803", "stop_desc": "Eastbound", "route_info": { "route_id": [ "SC:Event-Orange", "SC:Orange Line" ], "route_type": [ "0" ] }, "stop_name_clean": "San Leandro BART", "access_id": " ", "station_id": "52541", "acces_poin": "Pedestrian Access Point", "location_t": "2", "stop_lat": 37.72157, "stop_lon": -122.16017, "stop_name_": "Broad St & Plymouth Ave", "stop_id_12": "13718", "stop_code": "15571", "zone_id": null, "stop_url": "https://www.sfmta.com/15571", "tts_stop_n": null, "platform_c": null, "parent_sta": "13718", "stop_timez": "America/Los_Angeles", "wheelchair": "0", "level_id": null }, "geometry": { "type": "MultiPolygon", "coordinates": [ [ [ [ -122.477573415355366, 37.710252740044389 ], [ -122.47804998588191, 37.710855166110264 ], [ -122.478101506240023, 37.710937174674754 ], [ -122.478670396282226, 37.711415119161323 ], [ -122.479219014937513, 37.71197752869616 ], [ -122.479695609854346, 37.712579947940206 ], [ -122.479938314906363, 37.71296625072403 ], [ -122.480231576263947, 37.713336925170687 ], [ -122.480631565145444, 37.713973551489659 ], [ -122.480951085174453, 37.714638256852716 ], [ -122.481187057325499, 37.71532464044104 ], [ -122.481274097689322, 37.715731267583479 ], [ -122.481543817831323, 37.715917355840688 ], [ -122.482159241907212, 37.71643432167297 ], [ -122.48270792399579, 37.71699671451065 ], [ -122.483184579361804, 37.717599119158059 ], [ -122.483584616464157, 37.718235735017721 ], [ -122.483904181216658, 37.718900431918854 ], [ -122.484140194163089, 37.719586809124216 ], [ -122.484290380205962, 37.720288256947335 ], [ -122.484353290599984, 37.720998020388073 ], [ -122.484328316995587, 37.721709264174592 ], [ -122.484215697393111, 37.722415138585347 ], [ -122.484016513947253, 37.723108845417791 ], [ -122.483732682638802, 37.723783703468236 ], [ -122.483401715221206, 37.724371449166 ], [ -122.483602349676957, 37.724788739314143 ], [ -122.483838378532084, 37.725475116472239 ], [ -122.48398857362389, 37.726176564012967 ], [ -122.484051486119625, 37.726886326938974 ], [ -122.484026507649048, 37.727597569983303 ], [ -122.483913876258995, 37.72830344343155 ], [ -122.483714674217282, 37.728997149090453 ], [ -122.483430817683427, 37.729672005767654 ], [ -122.483350416687088, 37.729814773461953 ], [ -122.483455551320333, 37.730305765616116 ], [ -122.483518462221241, 37.731015528348273 ], [ -122.483493477262442, 37.731726770799497 ], [ -122.483380834552989, 37.732432643261092 ], [ -122.483181616469437, 37.73312634754933 ], [ -122.48289773932558, 37.733801202485033 ], [ -122.482531935004317, 37.734450708253448 ], [ -122.48208772472546, 37.735068609023855 ], [ -122.48190546290131, 37.735272674623317 ], [ -122.481886628193081, 37.735306115372737 ], [ -122.481699167935489, 37.735566868645286 ], [ -122.48222717135792, 37.735495561140269 ], [ -122.483120878224952, 37.735445601600048 ], [ -122.484016447691275, 37.735465444730288 ], [ -122.484905257443245, 37.735554899485763 ], [ -122.484983488497903, 37.73556906881781 ], [ -122.485633002853589, 37.735428166857041 ], [ -122.486516233621614, 37.735308853494473 ], [ -122.487409935359352, 37.735258861423922 ], [ -122.488192576157218, 37.735276174305191 ], [ -122.488652202105442, 37.73521407509655 ], [ -122.489545901266496, 37.73516406682581 ], [ -122.490441469053422, 37.735183861127069 ], [ -122.491330283168708, 37.735273267425249 ], [ -122.491473261482781, 37.735299155737891 ], [ -122.491865351838356, 37.735214074854262 ], [ -122.492608775048836, 37.735113607450351 ], [ -122.492667545425633, 37.735100854141578 ], [ -122.493550761008521, 37.73498148804731 ], [ -122.494444454075435, 37.73493144262352 ], [ -122.494474392867815, 37.734932103212849 ], [ -122.494710845124914, 37.734918861048214 ], [ -122.494731364932846, 37.734919313765317 ], [ -122.494884215235885, 37.734910753324776 ], [ -122.495351700175277, 37.734921065609775 ], [ -122.495360990420139, 37.734862791273841 ], [ -122.495560099480798, 37.734169066598909 ], [ -122.495843863055867, 37.733494181205643 ], [ -122.496209546337724, 37.732844634016935 ], [ -122.496653625920473, 37.732226679792589 ], [ -122.497171823796634, 37.731646268920734 ], [ -122.497759148605908, 37.731108990144968 ], [ -122.498409943736533, 37.730620016777451 ], [ -122.499117941815129, 37.730184056914538 ], [ -122.499876325059489, 37.729805308133265 ], [ -122.500677790913571, 37.729487417102824 ], [ -122.501514622333076, 37.729233444499393 ], [ -122.502378762047016, 37.729045835560541 ], [ -122.50326189008139, 37.72892639656132 ], [ -122.504155503802252, 37.728876277438268 ], [ -122.505050999709354, 37.728895960727428 ], [ -122.505939756197094, 37.728985256922442 ], [ -122.50681321648878, 37.729143306297694 ], [ -122.50700091348638, 37.729193067841052 ], [ -122.507189157461653, 37.731178154368209 ], [ -122.507356281343107, 37.732940433824474 ], [ -122.507551408322968, 37.73499789225118 ], [ -122.507583000809532, 37.735330999022871 ], [ -122.507883002354788, 37.738530998555184 ], [ -122.508083001515004, 37.740230999728112 ], [ -122.508440739509467, 37.742597504151824 ], [ -122.508574729921321, 37.743483836725666 ], [ -122.508618103286111, 37.743770742411478 ], [ -122.50901148781783, 37.746372795832876 ], [ -122.509262117919675, 37.748030499622018 ], [ -122.509015756865466, 37.748153534089838 ], [ -122.508214125361434, 37.748471480844884 ], [ -122.50737710019439, 37.748725500214093 ], [ -122.506512744248099, 37.7489131451945 ], [ -122.505629383908001, 37.749032608160668 ], [ -122.504735528790249, 37.749082738292593 ], [ -122.503883485816516, 37.749064013137065 ], [ -122.503478571835231, 37.749118763934973 ], [ -122.502584714230508, 37.749168877754371 ], [ -122.50196436928664, 37.749155233871498 ], [ -122.50155727507169, 37.749210272578331 ], [ -122.500663415070775, 37.749260371825798 ], [ -122.500631146850722, 37.749259661672816 ], [ -122.500449332214387, 37.749269851168663 ], [ -122.499665648865985, 37.749252600086969 ], [ -122.499197348026385, 37.749315904253628 ], [ -122.498303485164143, 37.749365985602438 ], [ -122.497407744364253, 37.749346251098501 ], [ -122.49674687052422, 37.749279821465159 ], [ -122.496322644626574, 37.74933715690338 ], [ -122.496249308252914, 37.749353070420113 ], [ -122.495365926188882, 37.749472456452523 ], [ -122.494472058862186, 37.749522508742317 ], [ -122.494457203852306, 37.749522181037335 ], [ -122.494207122056281, 37.749536183162952 ], [ -122.49415719352659, 37.749535081608414 ], [ -122.494031276920182, 37.749542131445949 ], [ -122.493135535132723, 37.749522364473968 ], [ -122.492246548411657, 37.74943297200484 ], [ -122.492141695778614, 37.749413991301445 ], [ -122.491510340070207, 37.74955096545802 ], [ -122.490626948041239, 37.749670315967187 ], [ -122.489733075143789, 37.749720332314538 ], [ -122.488990609962798, 37.749703921232637 ], [ -122.488481161685982, 37.749772739648712 ], [ -122.487587286112486, 37.749822739721345 ], [ -122.486691542659045, 37.749802923776315 ], [ -122.485802560335983, 37.749713482706902 ], [ -122.485714066213205, 37.749697458242807 ], [ -122.485083320337878, 37.749834262602747 ], [ -122.48419991462066, 37.749953564934252 ], [ -122.483306033992378, 37.750003532535914 ], [ -122.482410289502411, 37.749983684054257 ], [ -122.482146166980215, 37.74995710156162 ], [ -122.482071441105461, 37.749973306794686 ], [ -122.481188028900249, 37.750092586548512 ], [ -122.480294144574941, 37.750142531306444 ], [ -122.480289438321108, 37.750142426919901 ], [ -122.480077286453081, 37.750154279647525 ], [ -122.479181541009083, 37.750134406628128 ], [ -122.479117765685416, 37.750127986283303 ], [ -122.479015524835475, 37.75013369741238 ], [ -122.478986805680606, 37.750133060095585 ], [ -122.478146622202942, 37.750179988778768 ], [ -122.477775104683303, 37.75017174102647 ], [ -122.477770237992289, 37.750172397969891 ], [ -122.477458009595821, 37.750189835032501 ], [ -122.476591912813973, 37.750306741670791 ], [ -122.475698022824602, 37.750356651569277 ], [ -122.475486781951105, 37.750351957749025 ], [ -122.474922138214126, 37.750383479804988 ], [ -122.474026391387511, 37.750363567607643 ], [ -122.473942115819426, 37.750355079750094 ], [ -122.47386896742448, 37.750359162555846 ], [ -122.473734219436267, 37.750356166376086 ], [ -122.473660590102142, 37.750360275894927 ], [ -122.473389568948491, 37.750354248986049 ], [ -122.472641765336462, 37.750455161902245 ], [ -122.471747870909482, 37.750505041840853 ], [ -122.470852123468745, 37.750485105519779 ], [ -122.469963152063031, 37.750395544991946 ], [ -122.469089520408289, 37.750237223020413 ], [ -122.468239644320988, 37.750011664760102 ], [ -122.467924685382485, 37.749899756999483 ], [ -122.467871190065921, 37.750085850145048 ], [ -122.467587109088583, 37.750760666272292 ], [ -122.467221087455982, 37.751410122657212 ], [ -122.466776648480504, 37.752027963944592 ], [ -122.466258071074563, 37.752608239135824 ], [ -122.46567034859136, 37.753145358932969 ], [ -122.465019140768064, 37.75363414960249 ], [ -122.464310719233112, 37.75406990283868 ], [ -122.463551907101589, 37.754448421145 ], [ -122.462750013240594, 37.754766058294976 ], [ -122.461912761839173, 37.755019754481566 ], [ -122.461048217961746, 37.755207065814965 ], [ -122.460164709805227, 37.755326187883824 ], [ -122.459270748410574, 37.755375973152056 ], [ -122.458374945605541, 37.755355942022682 ], [ -122.457485930972297, 37.755266287461893 ], [ -122.456612268643312, 37.755107873138613 ], [ -122.455762374730455, 37.75488222509739 ], [ -122.454944436186125, 37.754591517045228 ], [ -122.454166331881169, 37.754238549394948 ], [ -122.453435556662683, 37.753826722267263 ], [ -122.452759149125384, 37.753360002713308 ], [ -122.452143623794313, 37.752842886473765 ], [ -122.451594908372883, 37.752280354645066 ], [ -122.451118286661313, 37.751677825670882 ], [ -122.450718347694959, 37.751041103122752 ], [ -122.450398941591473, 37.750376319774468 ], [ -122.450163142530116, 37.74968987850982 ], [ -122.45001321921805, 37.748988390634139 ], [ -122.4499506131245, 37.748278612184443 ], [ -122.449975924690065, 37.747567378852757 ], [ -122.450088907639753, 37.746861540149297 ], [ -122.450288471451287, 37.746167893440123 ], [ -122.450572691950924, 37.745493118494203 ], [ -122.450938829931403, 37.744843713170098 ], [ -122.45138335760906, 37.744225930860836 ], [ -122.451901992662769, 37.743645720298488 ], [ -122.452489739523941, 37.743108668297324 ], [ -122.453140937518555, 37.742619945985595 ], [ -122.453849315395885, 37.742184259042013 ], [ -122.454608051718637, 37.741805802415548 ], [ -122.455409840532923, 37.741488219962285 ], [ -122.456246961686674, 37.74123456938738 ], [ -122.456473320283266, 37.741185528003506 ], [ -122.45646220320782, 37.741059603699505 ], [ -122.456487449998022, 37.740348368108286 ], [ -122.456600360130039, 37.739642522309204 ], [ -122.45679984378323, 37.738948863736745 ], [ -122.457083977556081, 37.738274072274223 ], [ -122.457450023076788, 37.737624645939377 ], [ -122.45789445345217, 37.737006838327531 ], [ -122.458412987298132, 37.736426598414504 ], [ -122.459000630020611, 37.735889513297252 ], [ -122.459651721948191, 37.735400754422805 ], [ -122.460359992851266, 37.734965027821971 ], [ -122.460924866123491, 37.734683199416011 ], [ -122.460954632241524, 37.734630381387994 ], [ -122.461399015580824, 37.734012560253269 ], [ -122.461560245601618, 37.733832123239452 ], [ -122.4613176992532, 37.733525501279409 ], [ -122.461313270106842, 37.73351845010788 ], [ -122.460728154562915, 37.733026839162747 ], [ -122.46033675041366, 37.732625548472662 ], [ -122.45997048650915, 37.732495351170471 ], [ -122.459192589655956, 37.732142415392197 ], [ -122.459036369770445, 37.732054362223273 ], [ -122.458592434482156, 37.731973848507117 ], [ -122.457742799084912, 37.731748213868947 ], [ -122.457266311162002, 37.73157881986468 ], [ -122.456442126348193, 37.73149566862962 ], [ -122.455568745650098, 37.73133724593901 ], [ -122.45471912670935, 37.731111589475127 ], [ -122.453901453828863, 37.730820873026261 ], [ -122.453692601403105, 37.730726100019666 ], [ -122.453569765827041, 37.730723346943293 ], [ -122.453512934989377, 37.730717611645851 ], [ -122.453247413590688, 37.730711660028632 ], [ -122.452358699906682, 37.730621966425232 ], [ -122.451485338179253, 37.730463513445549 ], [ -122.450635741623714, 37.730237827506535 ], [ -122.450584095255024, 37.730219462959973 ], [ -122.450516592715672, 37.730217948269313 ], [ -122.449744596018903, 37.730140016041105 ], [ -122.449527185999457, 37.73038327255459 ], [ -122.448939518358884, 37.730920310914065 ], [ -122.448829978603925, 37.731002526612158 ], [ -122.448547280640227, 37.731673777838644 ], [ -122.448181186640625, 37.73232317715506 ], [ -122.447736703535412, 37.7329409486087 ], [ -122.447218110663471, 37.733521141873169 ], [ -122.446630401528338, 37.734058168439205 ], [ -122.445979235739884, 37.734546855470917 ], [ -122.445270884522657, 37.734982495660525 ], [ -122.444512170315193, 37.735360892600106 ], [ -122.443710401041898, 37.735678401232079 ], [ -122.442873299691968, 37.735931962987152 ], [ -122.442221446532997, 37.736073116510831 ], [ -122.442372349523751, 37.735805498216962 ], [ -122.442656602265245, 37.735130741196777 ], [ -122.442856203942114, 37.734437105716403 ], [ -122.442969234545558, 37.73373127229317 ], [ -122.44299460796293, 37.733020038735681 ], [ -122.442932082344157, 37.732310254667787 ], [ -122.442782262334362, 37.731608755560963 ], [ -122.442546593155186, 37.730922296910009 ], [ -122.442227346595317, 37.730257489186563 ], [ -122.441827599048679, 37.729620734195969 ], [ -122.441351201815138, 37.729018163449439 ], [ -122.440802743952233, 37.728455579144594 ], [ -122.440187508038065, 37.727938398321299 ], [ -122.439511419273174, 37.727471600729238 ], [ -122.43878098841202, 37.727059680908027 ], [ -122.438003249074455, 37.726706604939885 ], [ -122.437185690039897, 37.726415772289805 ], [ -122.436336183175257, 37.726189983099609 ], [ -122.435462907689001, 37.726031411249153 ], [ -122.43457427143791, 37.72594158344365 ], [ -122.433678830041828, 37.725921364527004 ], [ -122.432785204581819, 37.725970949162402 ], [ -122.431901998670796, 37.726089859959785 ], [ -122.431037715691716, 37.726276952068126 ], [ -122.430200676996506, 37.726530424188397 ], [ -122.429398941849982, 37.726847835901935 ], [ -122.428640229886938, 37.727226131147738 ], [ -122.427931846825871, 37.727661667623771 ], [ -122.42728061415292, 37.728150251830165 ], [ -122.42669280345153, 37.728687179418294 ], [ -122.426174076009048, 37.729267280458352 ], [ -122.425729428282168, 37.729884969191133 ], [ -122.425363143746523, 37.730534297786114 ], [ -122.42507875159545, 37.731209013589691 ], [ -122.424878992687724, 37.731902619313381 ], [ -122.424875262109822, 37.731925880016348 ], [ -122.424881727764017, 37.73174587097688 ], [ -122.424994924962718, 37.731040054495466 ], [ -122.425194680470455, 37.7303464484771 ], [ -122.425479068268899, 37.729671732298385 ], [ -122.425845347541298, 37.72902240325142 ], [ -122.426289989144948, 37.728404713994152 ], [ -122.426808709663291, 37.72782461236212 ], [ -122.427396512706309, 37.72728768412027 ], [ -122.428047737060368, 37.726799099204669 ], [ -122.428756111222171, 37.726363561970764 ], [ -122.429514813791286, 37.725985265925743 ], [ -122.430316539139582, 37.725667853379264 ], [ -122.431153567726639, 37.72541438040043 ], [ -122.432017840384916, 37.725227287416089 ], [ -122.432254556538723, 37.725195417110925 ], [ -122.432322163334504, 37.725101479743238 ], [ -122.432840813726159, 37.724521351244988 ], [ -122.433428547076758, 37.723984392623777 ], [ -122.433599388673528, 37.723856196364544 ], [ -122.433848098437551, 37.723265899555102 ], [ -122.433882370932793, 37.723205122957744 ], [ -122.433928871153185, 37.723094756311234 ], [ -122.434295044207957, 37.722445400306377 ], [ -122.434739576258622, 37.721827678506308 ], [ -122.435258184943478, 37.721247539059988 ], [ -122.435845874949223, 37.720710568096543 ], [ -122.436141970221513, 37.720488362040008 ], [ -122.436154398804462, 37.720458859809355 ], [ -122.436520539435321, 37.719809496612221 ], [ -122.436540864494276, 37.719781250596853 ], [ -122.43665354352747, 37.719581407677254 ], [ -122.437098038854316, 37.718963676694138 ], [ -122.437616609154318, 37.718383526599567 ], [ -122.438204259483811, 37.717846543625228 ], [ -122.438344801463046, 37.717741064074438 ], [ -122.438555727201091, 37.717447914922751 ], [ -122.438563807920261, 37.717438874227383 ], [ -122.438631194772356, 37.717319349072184 ], [ -122.439075660141242, 37.716701610404108 ], [ -122.439395426739082, 37.716343846103221 ], [ -122.439417033544316, 37.716313815268713 ], [ -122.43951688009804, 37.716136708620738 ], [ -122.439961331037054, 37.715518966494706 ], [ -122.440479854964977, 37.714938803478042 ], [ -122.441067457384662, 37.714401805926876 ], [ -122.441718479014014, 37.713913144444682 ], [ -122.44172144029352, 37.713911322880165 ], [ -122.441916646538914, 37.713447817730135 ], [ -122.442282702311616, 37.71279843589992 ], [ -122.442727110312916, 37.712180683012043 ], [ -122.443245589375735, 37.711600507514873 ], [ -122.443833145434922, 37.711063495884702 ], [ -122.443942951306425, 37.71098106689476 ], [ -122.444105784312384, 37.710692176719654 ], [ -122.444550164576086, 37.710074416748746 ], [ -122.44506861472469, 37.709494233035031 ], [ -122.445656140971508, 37.70895721213391 ], [ -122.446307084767781, 37.708468524873723 ], [ -122.44701517731113, 37.708032876595311 ], [ -122.447773599911912, 37.707654461875038 ], [ -122.448575049636943, 37.707336924165155 ], [ -122.449411809598601, 37.707083320739791 ], [ -122.450275823214781, 37.706896093281657 ], [ -122.451158771726085, 37.706777044392872 ], [ -122.451892136726698, 37.706736227056837 ], [ -122.452500226635848, 37.70649527049811 ], [ -122.453336963736675, 37.70624163915663 ], [ -122.454200957687334, 37.706054382883067 ], [ -122.455083889917688, 37.705935304556853 ], [ -122.455977259678761, 37.705885550642002 ], [ -122.456872465818662, 37.705905600158282 ], [ -122.45768304222959, 37.705987403984295 ], [ -122.458077110093797, 37.70593424610778 ], [ -122.458970477838633, 37.705884469491345 ], [ -122.459517319177237, 37.705896702936194 ], [ -122.459492179958247, 37.706606055745219 ], [ -122.459554842048547, 37.707315833944385 ], [ -122.459704771353984, 37.708017314450622 ], [ -122.45994052634471, 37.708703741297555 ], [ -122.46025983873534, 37.709368503318387 ], [ -122.460659635246685, 37.710005197834292 ], [ -122.461136067130909, 37.710607692340993 ], [ -122.461684547179104, 37.711170183598433 ], [ -122.462299793856573, 37.711687253553293 ], [ -122.462975882142871, 37.712153921554481 ], [ -122.463706300587447, 37.712565692357387 ], [ -122.463803337495619, 37.712609725766889 ], [ -122.463910797145346, 37.712670304823916 ], [ -122.464688512654803, 37.713023210563669 ], [ -122.465506031966996, 37.713313852990332 ], [ -122.466355480249973, 37.713539432322946 ], [ -122.467228674844918, 37.713697775516117 ], [ -122.46811720414685, 37.713787357210322 ], [ -122.469012508699876, 37.713807314438569 ], [ -122.469905963723022, 37.71375745494646 ], [ -122.470788962268045, 37.7136382590461 ], [ -122.471652998204647, 37.713450874984915 ], [ -122.472489748230416, 37.713197107875025 ], [ -122.473291152111727, 37.712879402289687 ], [ -122.474049490380608, 37.71250081869551 ], [ -122.474757458735084, 37.712065003948076 ], [ -122.4754082384257, 37.711576156136765 ], [ -122.475995561947883, 37.711038984118019 ], [ -122.476513773406751, 37.710458662128602 ], [ -122.476514348761427, 37.71045786165503 ], [ -122.476971132019472, 37.709946320919599 ], [ -122.477099847116762, 37.709767238476765 ], [ -122.477573415355366, 37.710252740044389 ] ], [ [ -122.4483221597458, 37.713586343646284 ], [ -122.447426863430749, 37.713566229172379 ], [ -122.446533395656928, 37.713615918177474 ], [ -122.445650358519615, 37.713734932266725 ], [ -122.444786253777437, 37.713922125594593 ], [ -122.443949401066831, 37.714175695887569 ], [ -122.443147857862641, 37.714493201781842 ], [ -122.442389341952222, 37.714871586309634 ], [ -122.441681157167011, 37.715307206309362 ], [ -122.441030123084587, 37.715795867476913 ], [ -122.440442509376581, 37.716332864722638 ], [ -122.439923975433857, 37.716913027445983 ], [ -122.439793020162156, 37.717095039734282 ], [ -122.439633953490585, 37.717273008541518 ], [ -122.439189489344585, 37.717890749259475 ], [ -122.438823381477349, 37.718540120950735 ], [ -122.438539157380788, 37.71921487054653 ], [ -122.438339556294977, 37.719908500432773 ], [ -122.438226502750737, 37.720614331002835 ], [ -122.4382010879483, 37.721325564969334 ], [ -122.438213731374248, 37.721469218653539 ], [ -122.43819099221875, 37.722105564741376 ], [ -122.438253463984566, 37.722815352504284 ], [ -122.438403223533257, 37.723516858373607 ], [ -122.438638830971314, 37.724203326139168 ], [ -122.438958019435759, 37.724868144240574 ], [ -122.439357716842437, 37.725504909459353 ], [ -122.439834075399503, 37.726107488610687 ], [ -122.44038250860568, 37.726670077639689 ], [ -122.440997735378843, 37.727187257551691 ], [ -122.441673830891347, 37.727654046636808 ], [ -122.442404283624057, 37.728065948484407 ], [ -122.443182058089093, 37.728418995323516 ], [ -122.443999662617372, 37.728709786270414 ], [ -122.444849221556453, 37.72893552011368 ], [ -122.445722551181674, 37.729094022319529 ], [ -122.445879932767866, 37.729109915928852 ], [ -122.445902568291629, 37.729114023964037 ], [ -122.446791256153631, 37.729203766283312 ], [ -122.447686740649914, 37.729223885536364 ], [ -122.448580395265566, 37.729174187908079 ], [ -122.449463611128976, 37.729055152151197 ], [ -122.450327880015578, 37.72886792497043 ], [ -122.451164876378016, 37.728614309966623 ], [ -122.451966537608882, 37.728296750247644 ], [ -122.452725141760098, 37.727918304875011 ], [ -122.453433381967699, 37.727482619372857 ], [ -122.454084436862757, 37.726993890585561 ], [ -122.454672036289097, 37.726456826223114 ], [ -122.455190521693737, 37.725876599485439 ], [ -122.455634900608388, 37.725258799204234 ], [ -122.456000894697596, 37.724609375983448 ], [ -122.456284980912557, 37.723934584859293 ], [ -122.456484425355526, 37.723240925032464 ], [ -122.456597309531574, 37.722535077254513 ], [ -122.456611122123249, 37.722145841784723 ], [ -122.456667218503483, 37.721795072225746 ], [ -122.456672128599578, 37.721656702319805 ], [ -122.456717168043525, 37.721375068487077 ], [ -122.456742405709022, 37.720663830545966 ], [ -122.456679759220123, 37.71995405235451 ], [ -122.456529834385037, 37.719252569327182 ], [ -122.45629407743391, 37.718566136803673 ], [ -122.455974760999595, 37.717901365003712 ], [ -122.455574962147864, 37.717264655386302 ], [ -122.455098532671585, 37.716662139025509 ], [ -122.454550061937752, 37.716099617594907 ], [ -122.453934832647562, 37.715582507528701 ], [ -122.453258769936895, 37.715115787895002 ], [ -122.452528384308749, 37.714703952482537 ], [ -122.451750708946932, 37.714350966560644 ], [ -122.450933232014435, 37.714060228727163 ], [ -122.450083824587594, 37.713834538210875 ], [ -122.449210664917445, 37.713676067941549 ], [ -122.4483221597458, 37.713586343646284 ] ] ], [ [ [ -122.435376058481097, 37.740659112799101 ], [ -122.435411737970909, 37.740826234978478 ], [ -122.43556554531186, 37.741274321626406 ], [ -122.435715316685844, 37.741975828783062 ], [ -122.435777781510026, 37.742685615539592 ], [ -122.435752335724132, 37.743396846398554 ], [ -122.435718482303344, 37.743608091656398 ], [ -122.435810056191002, 37.743874860820014 ], [ -122.43595983511419, 37.744576367360118 ], [ -122.436022304459755, 37.745286153677249 ], [ -122.435996860123652, 37.745997384278191 ], [ -122.435940239780891, 37.746350689238362 ], [ -122.435941150064139, 37.746352584822148 ], [ -122.436176807159626, 37.747039054919789 ], [ -122.436326595922665, 37.747740560619754 ], [ -122.436389071431435, 37.748450346363569 ], [ -122.436363629522262, 37.749161576663489 ], [ -122.436261648178231, 37.749797919501979 ], [ -122.436423397582402, 37.750269069133161 ], [ -122.436573195184437, 37.750970574135714 ], [ -122.436635675764435, 37.751680359359753 ], [ -122.436610235109754, 37.752391589322606 ], [ -122.436556633630573, 37.752726045341859 ], [ -122.436667518075893, 37.753049017416224 ], [ -122.436817323586993, 37.753750521776219 ], [ -122.436879808836622, 37.754460306534206 ], [ -122.436858344770414, 37.755060398599667 ], [ -122.437275652733234, 37.755102558094109 ], [ -122.438149273756267, 37.755261115738278 ], [ -122.438999118500035, 37.755486890758888 ], [ -122.43981700450378, 37.755777709412371 ], [ -122.440595056752983, 37.756130771691431 ], [ -122.441325783455852, 37.75654267826269 ], [ -122.442002148144155, 37.757009463171251 ], [ -122.442617637406499, 37.757526631999347 ], [ -122.443166323602469, 37.758089205112604 ], [ -122.443642921954606, 37.758691765578646 ], [ -122.444042841467663, 37.759328511298634 ], [ -122.444067283971876, 37.759379388367115 ], [ -122.444230835136736, 37.759639788119166 ], [ -122.444349557863575, 37.759886906211563 ], [ -122.444830720830154, 37.759647015772032 ], [ -122.445632743963188, 37.759329500802927 ], [ -122.446470099505845, 37.759075920447472 ], [ -122.446838853219219, 37.758996080688235 ], [ -122.447297521078156, 37.758857175067654 ], [ -122.448162142084897, 37.758669964710677 ], [ -122.448299588963579, 37.758651448659265 ], [ -122.448418684810136, 37.758625660939096 ], [ -122.449302251026509, 37.758506626981671 ], [ -122.450196256763334, 37.758456917343857 ], [ -122.450249364296283, 37.758458108714017 ], [ -122.450915951086557, 37.758313759249113 ], [ -122.450970364901281, 37.758306427610435 ], [ -122.450989940342097, 37.758302188470275 ], [ -122.451873498592008, 37.758183135232841 ], [ -122.452767498715801, 37.758133406091197 ], [ -122.453272173335506, 37.75814471560544 ], [ -122.453462767872935, 37.758086982550417 ], [ -122.45354157590873, 37.758047682497313 ], [ -122.454343544549502, 37.757730108174655 ], [ -122.455180852334422, 37.757476465872152 ], [ -122.456045437407866, 37.757289197647296 ], [ -122.456928975509797, 37.757170106494897 ], [ -122.457822960059602, 37.757120339002512 ], [ -122.457838077787656, 37.757120677170725 ], [ -122.458303678222421, 37.75709475474968 ], [ -122.459199501971995, 37.757114786414654 ], [ -122.45984569749416, 37.75717994286844 ], [ -122.460204094061609, 37.757102299877538 ], [ -122.460633309594911, 37.757044431524712 ], [ -122.461231928741284, 37.756595176872949 ], [ -122.46194039240855, 37.756159442329789 ], [ -122.462699230223237, 37.755780934508955 ], [ -122.463501135254049, 37.755463297759647 ], [ -122.46433838622994, 37.755209590309882 ], [ -122.465202921841865, 37.755022254844327 ], [ -122.466086418305792, 37.754903095005176 ], [ -122.466980369441785, 37.754853258041365 ], [ -122.467876168502187, 37.7548732237723 ], [ -122.467890632364131, 37.754874681178734 ], [ -122.468425238156826, 37.754802565429245 ], [ -122.469319186514255, 37.754752710726493 ], [ -122.46948733922801, 37.754756455730302 ], [ -122.469497282975738, 37.754755114249214 ], [ -122.470391230042893, 37.754705251415466 ], [ -122.471074236608175, 37.754720455257043 ], [ -122.471491970033796, 37.754664093519764 ], [ -122.472385914667029, 37.754614215557154 ], [ -122.472470776217989, 37.754616103370417 ], [ -122.472657017238944, 37.754605710989253 ], [ -122.473552814838385, 37.754625633579117 ], [ -122.473645484291865, 37.754634966595582 ], [ -122.473710559383719, 37.754631334742236 ], [ -122.474514329009892, 37.754649203742829 ], [ -122.474942170794534, 37.754591465235144 ], [ -122.475310081296882, 37.754570927522586 ], [ -122.476086960706624, 37.754466078635033 ], [ -122.476980899871805, 37.754416165821588 ], [ -122.477168633156211, 37.754420334703966 ], [ -122.477794937530547, 37.754385360115663 ], [ -122.478048543688217, 37.754390989976663 ], [ -122.478169368273882, 37.754374680724915 ], [ -122.47906330494034, 37.754324752117398 ], [ -122.479179494200594, 37.754327330248017 ], [ -122.479941726341679, 37.754284751506994 ], [ -122.480837522021829, 37.754304618734807 ], [ -122.480945503036565, 37.754315487083623 ], [ -122.481021528922454, 37.754311239310489 ], [ -122.481483172248488, 37.754321474391361 ], [ -122.481566858614627, 37.754303327485133 ], [ -122.482450320273642, 37.754184044977272 ], [ -122.483344251768898, 37.754134083900865 ], [ -122.484240046541629, 37.754153925270252 ], [ -122.484488599761448, 37.754178934897325 ], [ -122.484593762875036, 37.754164733730725 ], [ -122.484829688364627, 37.75415154440438 ], [ -122.485663413076864, 37.754038953445836 ], [ -122.486557340665456, 37.753988967999753 ], [ -122.486705424504095, 37.753992244413645 ], [ -122.487402827269747, 37.753953242345922 ], [ -122.488207394484348, 37.753971035704815 ], [ -122.488677585955898, 37.753907525103592 ], [ -122.489571509935075, 37.753857516796629 ], [ -122.490467303034166, 37.753877310840203 ], [ -122.490978206076903, 37.753928690501191 ], [ -122.491207647256928, 37.753878917211878 ], [ -122.492091088388236, 37.75375956243564 ], [ -122.492985008289253, 37.75370952823917 ], [ -122.493880800512798, 37.75372929634085 ], [ -122.494047144941419, 37.753746020385179 ], [ -122.494856285269677, 37.753636683820318 ], [ -122.495750201829907, 37.753586628651405 ], [ -122.495754682456266, 37.753586727440577 ], [ -122.496010473474271, 37.753572403063757 ], [ -122.496081395473539, 37.753573966580994 ], [ -122.496197376252354, 37.753567471366424 ], [ -122.497093167617294, 37.753587215054736 ], [ -122.497382722740099, 37.753616318418068 ], [ -122.497449573866675, 37.753601812311864 ], [ -122.498333001674823, 37.753482410746102 ], [ -122.499226914036228, 37.753432329208302 ], [ -122.500122704576327, 37.753452049872713 ], [ -122.500619921207075, 37.753502012077121 ], [ -122.500858104120439, 37.753450321170895 ], [ -122.501741524649546, 37.753330894054983 ], [ -122.502635432890088, 37.75328078666562 ], [ -122.503531222507135, 37.753300481425903 ], [ -122.504106768834731, 37.753358297505798 ], [ -122.504753397715845, 37.753270863819857 ], [ -122.505647303202579, 37.753220733587959 ], [ -122.506234255736686, 37.75323362405117 ], [ -122.506338121338857, 37.75321107761031 ], [ -122.507221530214082, 37.753091609416884 ], [ -122.508115431878807, 37.753041460465198 ], [ -122.509011220061325, 37.753061113578397 ], [ -122.509900270342925, 37.753150379540742 ], [ -122.510582405072952, 37.753273745145911 ], [ -122.510900194796434, 37.756690032573516 ], [ -122.511183003278958, 37.759729999820976 ], [ -122.511603807478167, 37.762535408912896 ], [ -122.511783002942508, 37.763730000494739 ], [ -122.511842520027599, 37.765932299669849 ], [ -122.511870370082832, 37.766962784728207 ], [ -122.511149571864451, 37.767181502637165 ], [ -122.510930729195749, 37.767229007950533 ], [ -122.510758825428653, 37.767281168924903 ], [ -122.509894262133983, 37.767468838105245 ], [ -122.509010686594166, 37.767588326032893 ], [ -122.508116610498959, 37.767638481647353 ], [ -122.50728572393966, 37.767620249982279 ], [ -122.506932831444317, 37.767667965143339 ], [ -122.506038752988175, 37.767718104998721 ], [ -122.50514278886034, 37.767698429344016 ], [ -122.504750433492546, 37.767659027098311 ], [ -122.504606180168665, 37.767690332348813 ], [ -122.503722593490835, 37.767809780637997 ], [ -122.502828511162008, 37.767859896145744 ], [ -122.501932546175027, 37.767840196093843 ], [ -122.501545725150635, 37.767801339016437 ], [ -122.501398836363435, 37.767833211848988 ], [ -122.500515242829977, 37.767952636096148 ], [ -122.499621156618872, 37.768002727278116 ], [ -122.498725190760524, 37.767983002850968 ], [ -122.49814662864209, 37.767924868566809 ], [ -122.497481072763378, 37.7680148050474 ], [ -122.497458696517754, 37.768016058180322 ], [ -122.496693891026737, 37.76811940118688 ], [ -122.495799800232945, 37.768169463386194 ], [ -122.495794956410649, 37.76816935661229 ], [ -122.495514638452519, 37.768185050837523 ], [ -122.49461867148662, 37.768165295201733 ], [ -122.494617154197115, 37.768165142694031 ], [ -122.494078916398365, 37.768237858187305 ], [ -122.493184822417206, 37.76828790055351 ], [ -122.492288854830846, 37.768268127211606 ], [ -122.491886348999714, 37.768227661313752 ], [ -122.491741595497771, 37.768259057891804 ], [ -122.49085798138006, 37.768378409748252 ], [ -122.489963883538366, 37.768428427685485 ], [ -122.489067915115157, 37.768408629865171 ], [ -122.488814548999414, 37.768383150899929 ], [ -122.488684820146943, 37.768400670779108 ], [ -122.488445679263151, 37.768414045119641 ], [ -122.487618780688408, 37.768525712460651 ], [ -122.48672467889368, 37.768575705830273 ], [ -122.486583646808938, 37.768572586086826 ], [ -122.485875213111584, 37.768612192180711 ], [ -122.484979243562734, 37.768592363287468 ], [ -122.484961330795585, 37.76859056133825 ], [ -122.484435339229464, 37.768661577664297 ], [ -122.483541233657888, 37.768711546889215 ], [ -122.482777213020938, 37.768694623499108 ], [ -122.482302286976065, 37.768758736219816 ], [ -122.481408178800748, 37.768808689266585 ], [ -122.480512208075581, 37.768788826424988 ], [ -122.48040420608703, 37.768777957706476 ], [ -122.480328165361001, 37.768782205070771 ], [ -122.480211953453406, 37.768779628078903 ], [ -122.47944957274558, 37.76882220845998 ], [ -122.479195917217169, 37.768816581627426 ], [ -122.479075069368534, 37.768832891890625 ], [ -122.47863120176487, 37.768857679008171 ], [ -122.4779728562347, 37.768946527911474 ], [ -122.477078742889191, 37.768996448121676 ], [ -122.477011309429528, 37.768994950947139 ], [ -122.476221751387584, 37.769039027469901 ], [ -122.475417825660855, 37.769021170156456 ], [ -122.474989901143346, 37.769078910246087 ], [ -122.474095784200685, 37.769128807831962 ], [ -122.474084167698493, 37.769128549628533 ], [ -122.473902408359606, 37.769138692135414 ], [ -122.473006435664487, 37.7691187722519 ], [ -122.472877218479795, 37.769105760241693 ], [ -122.472770880892128, 37.769111693017699 ], [ -122.472416706873219, 37.769103816186615 ], [ -122.472359126340848, 37.769116294879197 ], [ -122.472331005407298, 37.76912008854702 ], [ -122.472305274411283, 37.769139400737217 ], [ -122.471596747757431, 37.769575196592314 ], [ -122.471167546089987, 37.769789288110609 ], [ -122.470853255982931, 37.76998259416979 ], [ -122.470094314649458, 37.770361153548848 ], [ -122.469292276994977, 37.770678834329445 ], [ -122.468454868593696, 37.770932576284366 ], [ -122.467590156022595, 37.771119935082986 ], [ -122.46670646910394, 37.771239105856864 ], [ -122.465812320601202, 37.771288940600726 ], [ -122.465782462484796, 37.771288274853305 ], [ -122.465558896905563, 37.771300733998046 ], [ -122.465205526864779, 37.771292853649797 ], [ -122.464993559384425, 37.771338775189683 ], [ -122.464109865697552, 37.771457926496218 ], [ -122.463215712819505, 37.771507741544987 ], [ -122.463193295706361, 37.771507241217954 ], [ -122.46293932788825, 37.771521388976758 ], [ -122.462043329401808, 37.77150138578353 ], [ -122.461251364717214, 37.771421561384898 ], [ -122.460925352771383, 37.77149217795089 ], [ -122.460613075898976, 37.771534272887898 ], [ -122.460279692434867, 37.771666288842816 ], [ -122.459442242121995, 37.771919966736192 ], [ -122.458577495330815, 37.772107259397757 ], [ -122.458483657799562, 37.772119906764637 ], [ -122.458477991216071, 37.772121134042216 ], [ -122.457594277774149, 37.772240236494476 ], [ -122.456700111112951, 37.772290002120656 ], [ -122.45591684461327, 37.772272474747091 ], [ -122.455521094345471, 37.772392337400973 ], [ -122.454656332170259, 37.772579601286161 ], [ -122.454516146717552, 37.772598490450804 ], [ -122.454497478639425, 37.772602532909943 ], [ -122.453613753089684, 37.77272160551567 ], [ -122.452794942243187, 37.77276714933258 ], [ -122.452731501557238, 37.77278636195846 ], [ -122.452353016806597, 37.772868313507288 ], [ -122.452290277470283, 37.772887313438353 ], [ -122.451425501389124, 37.773074553609554 ], [ -122.450541765300528, 37.773193603178782 ], [ -122.450432773056377, 37.773199662973227 ], [ -122.450391686926949, 37.773205197544549 ], [ -122.449497503828297, 37.773254908535847 ], [ -122.448601488062181, 37.77323480319297 ], [ -122.447712271262915, 37.773145075197043 ], [ -122.446838419510968, 37.772986588924361 ], [ -122.445988350743306, 37.77276087111246 ], [ -122.445170253596928, 37.772470096140381 ], [ -122.44439200847053, 37.77211706506538 ], [ -122.443661111567536, 37.771705178619015 ], [ -122.442984602654519, 37.771238404423528 ], [ -122.442715636845818, 37.771012449473311 ], [ -122.44265802408178, 37.771212559714868 ], [ -122.442373633288497, 37.771887312578777 ], [ -122.442007287141408, 37.772536688262285 ], [ -122.441562512078221, 37.773154432187106 ], [ -122.441043590248483, 37.773734594292222 ], [ -122.440455518323176, 37.774271586368783 ], [ -122.439803959405978, 37.774760235913412 ], [ -122.439095188507991, 37.775195835979687 ], [ -122.438336032110456, 37.775574190546536 ], [ -122.43753380239788, 37.775891654964802 ], [ -122.437369475165355, 37.7759413938915 ], [ -122.437213549278979, 37.776003096800494 ], [ -122.436375971327166, 37.776256610647032 ], [ -122.435511115919624, 37.776443733973913 ], [ -122.434627314255408, 37.776562664180986 ], [ -122.433733080203936, 37.776612255580439 ], [ -122.432837028220391, 37.776592030442913 ], [ -122.432016002715784, 37.776509075897408 ], [ -122.431814688503309, 37.776552625491654 ], [ -122.430930879626118, 37.776671527988263 ], [ -122.430567008411444, 37.776691696471033 ], [ -122.430371986140585, 37.776717932060812 ], [ -122.43026487808288, 37.776723868399749 ], [ -122.429797248349615, 37.777011199535792 ], [ -122.429552220315728, 37.777133289604258 ], [ -122.429373144249226, 37.777333435238809 ], [ -122.430034402418684, 37.777190402339997 ], [ -122.430918218904537, 37.777071506574266 ], [ -122.431812460363673, 37.777021936527795 ], [ -122.432708517254184, 37.777042169450226 ], [ -122.433366257103955, 37.777108622046633 ], [ -122.433868471953218, 37.776909908203535 ], [ -122.434706065829033, 37.776656412199472 ], [ -122.435570925740805, 37.776469294784846 ], [ -122.436454724783218, 37.776350357502643 ], [ -122.436502669801797, 37.776347697675284 ], [ -122.436860802763803, 37.776239300441873 ], [ -122.437725652391023, 37.776052167207979 ], [ -122.438609443020141, 37.775933213765398 ], [ -122.43950366564016, 37.775883585375951 ], [ -122.439634700501955, 37.775886536054045 ], [ -122.44036824708256, 37.775727794893946 ], [ -122.441252029620188, 37.775608821636119 ], [ -122.442146246569123, 37.775559173201557 ], [ -122.44304228862336, 37.775579327594677 ], [ -122.443135362417834, 37.775588723129523 ], [ -122.443963813962043, 37.775337914971786 ], [ -122.444828635198135, 37.775150729606665 ], [ -122.445712403725111, 37.775031722902575 ], [ -122.446606610744595, 37.774982040634093 ], [ -122.447502647046107, 37.775002161131368 ], [ -122.447632101268624, 37.775015224272664 ], [ -122.447942731733264, 37.774947980333323 ], [ -122.448826492858458, 37.77482895028254 ], [ -122.449720695353605, 37.774779244394139 ], [ -122.450151705216371, 37.774788912206624 ], [ -122.450424626496613, 37.774706268441655 ], [ -122.451289424096231, 37.774519035665776 ], [ -122.452173174754876, 37.774399980520201 ], [ -122.453067369846153, 37.774350249245913 ], [ -122.453621926155222, 37.774362672307987 ], [ -122.45446513037767, 37.774180089265897 ], [ -122.455348871913543, 37.774061010309225 ], [ -122.456243060797746, 37.774011254946679 ], [ -122.456996500426285, 37.774028112485297 ], [ -122.457476446133185, 37.773963432767573 ], [ -122.458370632417427, 37.773913661268118 ], [ -122.459266659010638, 37.773933692364665 ], [ -122.459317853754911, 37.773938853295164 ], [ -122.460185184669172, 37.773821948524336 ], [ -122.461079367434962, 37.773772156479957 ], [ -122.461975393051233, 37.773792166991036 ], [ -122.462400478050341, 37.773835009175947 ], [ -122.462496207582547, 37.773814272943966 ], [ -122.463379931888895, 37.773695133782127 ], [ -122.464274110986111, 37.773645317507025 ], [ -122.465170135932382, 37.773665303738973 ], [ -122.465274028665277, 37.773675771870082 ], [ -122.466072784757699, 37.773568068424289 ], [ -122.466966960519045, 37.773518231724935 ], [ -122.467862984656406, 37.773538197492059 ], [ -122.468752230479936, 37.773627773499641 ], [ -122.468901825649084, 37.773654875868708 ], [ -122.469128312643534, 37.773586250682605 ], [ -122.46999305004411, 37.773398880683828 ], [ -122.470876757382072, 37.773279685320979 ], [ -122.471770926447817, 37.773229812184987 ], [ -122.472666948396039, 37.773249741443593 ], [ -122.473556196557979, 37.773339281222356 ], [ -122.473836894316776, 37.773390123628225 ], [ -122.474497235767913, 37.773247013774025 ], [ -122.475380934070756, 37.773127784647386 ], [ -122.476275098282841, 37.773077877349742 ], [ -122.477171119605572, 37.773097772377717 ], [ -122.47806037137623, 37.773187278186427 ], [ -122.478934292050795, 37.773345533031979 ], [ -122.479784467562908, 37.773571013261147 ], [ -122.480027493680197, 37.773657305542493 ], [ -122.480092634581055, 37.77362480745802 ], [ -122.480894657848893, 37.773307053370253 ], [ -122.48173205051792, 37.773053223164638 ], [ -122.482596749914848, 37.772865760707894 ], [ -122.483480430678839, 37.772746470864988 ], [ -122.4843745848559, 37.772696502136533 ], [ -122.485270603743999, 37.772716335610596 ], [ -122.485882811656225, 37.772777914468811 ], [ -122.486157276476007, 37.772718402066801 ], [ -122.487040949768655, 37.772599085533876 ], [ -122.487935099775854, 37.772549089800883 ], [ -122.4888053662266, 37.772568327073593 ], [ -122.48910162209566, 37.772528319464591 ], [ -122.489995769863896, 37.772478308102706 ], [ -122.490231667702375, 37.772483519147677 ], [ -122.490625476847839, 37.77243033240763 ], [ -122.49151962241055, 37.772380309487886 ], [ -122.49241563938952, 37.772400088661421 ], [ -122.49330490116381, 37.772489479498688 ], [ -122.49417884609332, 37.772647621362793 ], [ -122.495029059878263, 37.772872991688224 ], [ -122.495847356506644, 37.773163420627775 ], [ -122.496625857012418, 37.77351611192649 ], [ -122.497357065290018, 37.773927669822932 ], [ -122.498033940236638, 37.774394131719582 ], [ -122.498649963529971, 37.774911006309154 ], [ -122.499199202389505, 37.775473316790844 ], [ -122.499676366717907, 37.77607564876169 ], [ -122.500076860071587, 37.776712202323793 ], [ -122.500396823968714, 37.777376847906133 ], [ -122.500633175106756, 37.778063185265545 ], [ -122.500783635128258, 37.778764605099312 ], [ -122.500846752645955, 37.779474352677028 ], [ -122.50082191731174, 37.780185592879889 ], [ -122.500709365790399, 37.78089147602121 ], [ -122.500510179576835, 37.781585203814856 ], [ -122.500226274674574, 37.782260094855815 ], [ -122.499860383230697, 37.782909648982219 ], [ -122.499416027301109, 37.783527609898186 ], [ -122.498897484995837, 37.784108025453655 ], [ -122.498309749327632, 37.78464530499938 ], [ -122.497658480158663, 37.785134273263751 ], [ -122.496949949706519, 37.785570220230994 ], [ -122.496190982134024, 37.78594894653893 ], [ -122.495388887804637, 37.786266803957922 ], [ -122.494551392837863, 37.786520730559381 ], [ -122.493686564644236, 37.786708280234194 ], [ -122.493075888728356, 37.786790756036162 ], [ -122.492769865400319, 37.786883534975331 ], [ -122.491905028483615, 37.7870710715721 ], [ -122.491021190818884, 37.787190424252465 ], [ -122.490126866621864, 37.787240443258902 ], [ -122.489275410651743, 37.787221635176685 ], [ -122.488858296484054, 37.787277953103306 ], [ -122.487963969776771, 37.787327955705464 ], [ -122.487067773892022, 37.787308142751868 ], [ -122.486766930249729, 37.787277891909987 ], [ -122.486544188319812, 37.787326180902944 ], [ -122.485660339006046, 37.787445493397463 ], [ -122.484766008128972, 37.787495471744606 ], [ -122.483869811076659, 37.787475634487457 ], [ -122.482980381230277, 37.787386172724553 ], [ -122.482106286723536, 37.787227948267486 ], [ -122.481255947832992, 37.787002485331634 ], [ -122.480710960972743, 37.7868090156703 ], [ -122.48041627555024, 37.786956006212421 ], [ -122.479614102845801, 37.787273756269073 ], [ -122.478776542603811, 37.787527570784967 ], [ -122.477911662864031, 37.78771500473065 ], [ -122.477027795059371, 37.787834252513825 ], [ -122.476133453696164, 37.787884165387467 ], [ -122.475237254263504, 37.787864262525375 ], [ -122.474921067300727, 37.787832436850032 ], [ -122.474674067815812, 37.787885957625022 ], [ -122.473790192779077, 37.788005181137656 ], [ -122.472895847182457, 37.788055069455382 ], [ -122.47199964655583, 37.788035141988544 ], [ -122.471110224314884, 37.787945590704723 ], [ -122.470754993666858, 37.787881252266807 ], [ -122.470640664493985, 37.787915888940034 ], [ -122.46977575970341, 37.78810326320081 ], [ -122.468891874218869, 37.788222449994038 ], [ -122.46799752271707, 37.788272301160227 ], [ -122.467101320784877, 37.788252336467629 ], [ -122.46640515000496, 37.788182214078283 ], [ -122.466070356539689, 37.788254731913732 ], [ -122.465186463306992, 37.788373890930032 ], [ -122.464292107495254, 37.788423713992401 ], [ -122.463395904732934, 37.788403721139773 ], [ -122.462991785803908, 37.788363003617434 ], [ -122.462868494929964, 37.788389705225967 ], [ -122.461984594954458, 37.788508840239828 ], [ -122.461090235370406, 37.788558639017403 ], [ -122.460731034999014, 37.788550616903876 ], [ -122.460583402051554, 37.788570513060272 ], [ -122.459689040785477, 37.788620301210344 ], [ -122.458792836891362, 37.788600273375899 ], [ -122.458236108579342, 37.788544157195652 ], [ -122.457861117888228, 37.78862535355271 ], [ -122.456977207077415, 37.78874445102845 ], [ -122.456082841300059, 37.788794211826797 ], [ -122.455705188101703, 37.78878576155018 ], [ -122.455043940406625, 37.788928924205209 ], [ -122.454160021465768, 37.789048000557948 ], [ -122.453265650145994, 37.789097739987341 ], [ -122.452969686877452, 37.789091110638857 ], [ -122.452825620841665, 37.789134730627389 ], [ -122.452576414128671, 37.789188678539439 ], [ -122.45242987262948, 37.789697789465031 ], [ -122.452145499834018, 37.79037256366211 ], [ -122.451779147947391, 37.791021967553114 ], [ -122.451334343461511, 37.791639746288375 ], [ -122.450815368808094, 37.792219949471914 ], [ -122.450227221165974, 37.792756988499463 ], [ -122.449575564367308, 37.793245690415681 ], [ -122.448866674365391, 37.793681347770004 ], [ -122.44810737878835, 37.794059763989686 ], [ -122.447304991161062, 37.794377293831914 ], [ -122.446467240430053, 37.794630878523577 ], [ -122.445602196471143, 37.794818075249061 ], [ -122.444718192300073, 37.794937080701295 ], [ -122.44382374373744, 37.794986748467643 ], [ -122.443685868949245, 37.794983649472563 ], [ -122.44283794120588, 37.795167119927747 ], [ -122.441953928450687, 37.795286104652149 ], [ -122.44105947383602, 37.79533575145031 ], [ -122.440599619102414, 37.795325403983888 ], [ -122.440316699356416, 37.795411024288384 ], [ -122.439451630808179, 37.795598175872506 ], [ -122.438567607496779, 37.795717135204384 ], [ -122.437673145427425, 37.795766756315707 ], [ -122.436776861252469, 37.795746561190903 ], [ -122.435887389192601, 37.795656744376004 ], [ -122.435013297787947, 37.795498171102849 ], [ -122.434163007284553, 37.795272368947018 ], [ -122.433344708455692, 37.794981513099827 ], [ -122.432566283642927, 37.794628405397518 ], [ -122.432377384174771, 37.794521958890044 ], [ -122.432382046876413, 37.794531663283273 ], [ -122.432617823957884, 37.795218134671956 ], [ -122.432767676279937, 37.79591963893504 ], [ -122.43282469132609, 37.796567317432498 ], [ -122.432999312139884, 37.79707570835172 ], [ -122.433149171814151, 37.79777721189032 ], [ -122.433211659049064, 37.798486993037983 ], [ -122.433186169564706, 37.799198216351073 ], [ -122.433072946324529, 37.799904032304219 ], [ -122.432873077292186, 37.800597643256992 ], [ -122.432588485047532, 37.801272368928394 ], [ -122.432221908358244, 37.801921710748111 ], [ -122.431776875881425, 37.802539414464114 ], [ -122.43125767224501, 37.803119530402753 ], [ -122.430669296833855, 37.803656470799936 ], [ -122.430017415674584, 37.804145063650203 ], [ -122.429308306882291, 37.804580602553493 ], [ -122.428548800193369, 37.80495889207802 ], [ -122.42774621116709, 37.805276288201433 ], [ -122.426908270690859, 37.805529733438632 ], [ -122.426304036132919, 37.805660364318022 ], [ -122.426450717444666, 37.806347207594499 ], [ -122.42651314785958, 37.807056991159371 ], [ -122.42648759126989, 37.807768211889346 ], [ -122.426378569195961, 37.808447371051933 ], [ -122.426326999335672, 37.808260000883031 ], [ -122.426083000164098, 37.807716000685296 ], [ -122.425782002560169, 37.807328001661617 ], [ -122.425361001517373, 37.807069999708652 ], [ -122.424895002096832, 37.806860999315973 ], [ -122.424438259284273, 37.806766664163639 ], [ -122.424406001441184, 37.806760001588621 ], [ -122.424042003373032, 37.806864999280897 ], [ -122.423252278045524, 37.80731636860655 ], [ -122.422882000573637, 37.807527997822888 ], [ -122.422482002000635, 37.807827997719478 ], [ -122.420982001538832, 37.808827998039661 ], [ -122.422449001174172, 37.81024200095932 ], [ -122.422422613706786, 37.810260074458903 ], [ -122.422303001468748, 37.81034199997368 ], [ -122.421382003732148, 37.80962799948523 ], [ -122.42046800214149, 37.808736999725447 ], [ -122.420234000028344, 37.808588999702685 ], [ -122.419914004218597, 37.808552000414252 ], [ -122.419607002536367, 37.80859400109869 ], [ -122.419182001099031, 37.808627999393401 ], [ -122.418074002989457, 37.808692998826935 ], [ -122.418126003200257, 37.808900997045434 ], [ -122.419198999362806, 37.80934700094538 ], [ -122.419313229633275, 37.809480265168162 ], [ -122.419313229633275, 37.809480265168183 ], [ -122.419403004715903, 37.809584998870342 ], [ -122.419482001978011, 37.80992799848763 ], [ -122.417663003682208, 37.809018998122816 ], [ -122.417482003920341, 37.808927997062362 ], [ -122.417382004055582, 37.808528001658509 ], [ -122.416282001969932, 37.808528000024474 ], [ -122.41622500291291, 37.808729998992746 ], [ -122.416182002106027, 37.808927999002307 ], [ -122.417182001617348, 37.809228000787989 ], [ -122.418032000219043, 37.809794998402964 ], [ -122.419375695863707, 37.810690509059249 ], [ -122.419582001796755, 37.810827999087287 ], [ -122.420382001694961, 37.811527999385731 ], [ -122.420175003821342, 37.811658001549766 ], [ -122.419682002005914, 37.811427999808181 ], [ -122.419182002418253, 37.811227998905146 ], [ -122.419102001944111, 37.811428000211109 ], [ -122.419330003250039, 37.811578001014432 ], [ -122.41956700213828, 37.811731000149123 ], [ -122.419356001509811, 37.811844999381577 ], [ -122.418982002084249, 37.811727999280265 ], [ -122.418541743507049, 37.811468373378339 ], [ -122.41508200267053, 37.809428000783896 ], [ -122.4150820031481, 37.809627999519307 ], [ -122.414781999363043, 37.809527999477119 ], [ -122.415082000439057, 37.809927999037299 ], [ -122.414427823443333, 37.809735596773997 ], [ -122.413382002440301, 37.809427997112486 ], [ -122.414260430174139, 37.810031924823136 ], [ -122.414982002957174, 37.810528000917017 ], [ -122.414282003550952, 37.810827997092282 ], [ -122.411981999912513, 37.809227999575214 ], [ -122.413682002025652, 37.811127998203446 ], [ -122.413250365454459, 37.811271878986879 ], [ -122.412782001980446, 37.811427999813155 ], [ -122.410882003097981, 37.809028000946306 ], [ -122.41008200282964, 37.808927999388317 ], [ -122.41108200335006, 37.810928000296585 ], [ -122.410682003061979, 37.811027998908443 ], [ -122.410048465943348, 37.809866531318072 ], [ -122.409482005170958, 37.808828001348033 ], [ -122.408424775295998, 37.808635776412011 ], [ -122.408382000746244, 37.808627998947081 ], [ -122.408981999802592, 37.810628000350142 ], [ -122.408482001027011, 37.810827998129106 ], [ -122.407582001172074, 37.808427999166433 ], [ -122.407543058377456, 37.808420210813772 ], [ -122.40658200064172, 37.808227999761534 ], [ -122.406624999224391, 37.809044981764799 ], [ -122.406682000932065, 37.810127998120606 ], [ -122.405982002269141, 37.810128000657748 ], [ -122.405956222193424, 37.809406188044257 ], [ -122.405882000961867, 37.807327999563839 ], [ -122.405181999513019, 37.807127999427536 ], [ -122.404983024225828, 37.807575703275084 ], [ -122.404417719237657, 37.808847634855752 ], [ -122.404417719237657, 37.808847634855738 ], [ -122.404382001755152, 37.808927997333221 ], [ -122.403882003078778, 37.808727998334739 ], [ -122.404782004483309, 37.80682800067418 ], [ -122.40470728268977, 37.806795977344187 ], [ -122.404082001167566, 37.806527999078675 ], [ -122.402682000683399, 37.808228001018094 ], [ -122.402282003048128, 37.807927999452048 ], [ -122.402375222362721, 37.807819245838012 ], [ -122.403482002496929, 37.806527998952141 ], [ -122.402782003000226, 37.80612799739464 ], [ -122.401956699383263, 37.806835408779428 ], [ -122.401382002456756, 37.807328000486997 ], [ -122.401198092981758, 37.807180873334715 ], [ -122.400882001785121, 37.80692799907083 ], [ -122.4015710220431, 37.806042128106732 ], [ -122.402282000834489, 37.805127998599126 ], [ -122.402123095399816, 37.805016766086162 ], [ -122.401282002968088, 37.804427999064622 ], [ -122.39938200154478, 37.805628001170966 ], [ -122.398982000383967, 37.805327999753175 ], [ -122.401082001969726, 37.803828000638653 ], [ -122.400682003496513, 37.803527999393836 ], [ -122.398582002685899, 37.804728001033844 ], [ -122.398182004476823, 37.804327999208738 ], [ -122.400381999488729, 37.803128000159958 ], [ -122.399982003522268, 37.802727998772774 ], [ -122.397857718155123, 37.803886701399158 ], [ -122.39778200372632, 37.803927998854441 ], [ -122.397717517125983, 37.803842018596633 ], [ -122.397482000092808, 37.803528000734332 ], [ -122.399682003127126, 37.802328000500459 ], [ -122.399382002433299, 37.801927998745356 ], [ -122.399178583351869, 37.802038957856936 ], [ -122.397181999621282, 37.803127999075627 ], [ -122.396453838416107, 37.802333645519518 ], [ -122.396221389680761, 37.802080061846915 ], [ -122.396082002179497, 37.801927999759215 ], [ -122.397973927484131, 37.800756808218068 ], [ -122.397980600481446, 37.800755912737486 ], [ -122.398845833551974, 37.800569065543321 ], [ -122.399683813793018, 37.800315819442794 ], [ -122.400486469116402, 37.799998613989843 ], [ -122.40124606799526, 37.799620504832937 ], [ -122.40195529398126, 37.799185134257229 ], [ -122.402607316207977, 37.798696696073257 ], [ -122.402910008488945, 37.798420614632313 ], [ -122.402935303582368, 37.79840508614091 ], [ -122.403587312514063, 37.797916642468806 ], [ -122.403793975939649, 37.797728141932723 ], [ -122.403815313886511, 37.797715042328811 ], [ -122.404467310971384, 37.797226593729654 ], [ -122.404710445344534, 37.797004819802602 ], [ -122.405156675260685, 37.796828442239217 ], [ -122.405916217932884, 37.796450302783683 ], [ -122.406625386261936, 37.796014903870891 ], [ -122.407277349937033, 37.795526439584364 ], [ -122.407865830047186, 37.794989615086109 ], [ -122.408385159556104, 37.794409601265563 ], [ -122.408678089108719, 37.79400320796519 ], [ -122.408767310622878, 37.793936357235999 ], [ -122.409355767362698, 37.793399525146675 ], [ -122.409875074115689, 37.792819504596288 ], [ -122.410172409086201, 37.792406973913089 ], [ -122.410826876272225, 37.792148232345355 ], [ -122.411586342206064, 37.791770056048939 ], [ -122.41229543260026, 37.791334622668685 ], [ -122.412947317894904, 37.790846126620131 ], [ -122.413535719934202, 37.790309273371172 ], [ -122.413800997786581, 37.790012941942344 ], [ -122.414357302644078, 37.789596049620734 ], [ -122.41494568458738, 37.789059189214612 ], [ -122.415464917335456, 37.78847914359158 ], [ -122.415910001222002, 37.787861499838741 ], [ -122.416276651122729, 37.787212207052583 ], [ -122.416298958957071, 37.78715933945135 ], [ -122.416378837895124, 37.787048487794408 ], [ -122.416554663260186, 37.786995313124088 ], [ -122.417357102560317, 37.786677992089444 ], [ -122.41800176994326, 37.786356906606152 ], [ -122.418707180609118, 37.786077942310442 ], [ -122.419466544344118, 37.785699714849535 ], [ -122.420175530582654, 37.785264233608729 ], [ -122.42082731076836, 37.78477569346456 ], [ -122.421415607758192, 37.784238800309701 ], [ -122.421934756279981, 37.783658725694814 ], [ -122.422379757478822, 37.783041056986249 ], [ -122.422746327026829, 37.782391743520769 ], [ -122.422810537112113, 37.782239526105649 ], [ -122.423176251458017, 37.781591712419711 ], [ -122.423460853794907, 37.780917007042042 ], [ -122.423660757761112, 37.780223409557166 ], [ -122.423774040438929, 37.77951760011662 ], [ -122.423799613290896, 37.778806376298327 ], [ -122.4237372325493, 37.778096587632803 ], [ -122.423587501467225, 37.777395069636164 ], [ -122.423351864413121, 37.776708577985694 ], [ -122.423032592869532, 37.776043723471432 ], [ -122.42263276347397, 37.775406908349851 ], [ -122.422156228317277, 37.774804264711911 ], [ -122.421607577787469, 37.774241595457738 ], [ -122.421474610166328, 37.77412984465461 ], [ -122.421427574581585, 37.774081606517122 ], [ -122.420812095693123, 37.773564328550947 ], [ -122.420135713442576, 37.773097423411961 ], [ -122.419404941411472, 37.772685386675889 ], [ -122.419175924454507, 37.772581432868321 ], [ -122.41972412228624, 37.772593872323696 ], [ -122.420618317308012, 37.772544387138744 ], [ -122.421502093584365, 37.772425561858434 ], [ -122.422366937490438, 37.772238541159744 ], [ -122.423204517937819, 37.771985126654251 ], [ -122.424006766690823, 37.771667759518301 ], [ -122.424765956140291, 37.771289496957948 ], [ -122.425474773782838, 37.770853982736156 ], [ -122.426126392686356, 37.770365412047255 ], [ -122.426714537261304, 37.769828491078229 ], [ -122.427233543703551, 37.769248391647714 ], [ -122.427463972146938, 37.768928449910767 ], [ -122.427723505750507, 37.768638359181011 ], [ -122.428168368846514, 37.768020666979474 ], [ -122.428534813685957, 37.767371333789136 ], [ -122.428819312879924, 37.766696613779246 ], [ -122.429019128554827, 37.766003005465819 ], [ -122.429132338642503, 37.765297189104665 ], [ -122.429157855303771, 37.764585962340277 ], [ -122.429095435311041, 37.763876174731415 ], [ -122.428945682294497, 37.7631746617839 ], [ -122.428710040832783, 37.762488179126251 ], [ -122.428390782449867, 37.76182333746172 ], [ -122.427990983655704, 37.761186538922878 ], [ -122.427514496245522, 37.760583915440776 ], [ -122.42696591014689, 37.760021269721292 ], [ -122.426350509174199, 37.759504019396132 ], [ -122.42567422011841, 37.759037144884616 ], [ -122.424943555663404, 37.758625141467377 ], [ -122.424165551678584, 37.758271976031871 ], [ -122.424027674691786, 37.758222930304193 ], [ -122.424253664343979, 37.758084056515209 ], [ -122.424905179284508, 37.757595491489525 ], [ -122.425493231601763, 37.757058575420359 ], [ -122.426012158379919, 37.756478480079267 ], [ -122.42631177504272, 37.75606241248969 ], [ -122.426512117937548, 37.755838448310271 ], [ -122.426956914469159, 37.755220759308997 ], [ -122.427323306769935, 37.754571428444706 ], [ -122.427607767956303, 37.753896709864321 ], [ -122.427807560519966, 37.753203102070266 ], [ -122.42792076261459, 37.752497285313332 ], [ -122.427946286476995, 37.751786057241944 ], [ -122.427883888809504, 37.751076267427457 ], [ -122.427734173026366, 37.75037475139694 ], [ -122.427498583346861, 37.749688264808576 ], [ -122.427179390795601, 37.749023418403468 ], [ -122.426779671247871, 37.748386614359752 ], [ -122.426303275735293, 37.747783984661424 ], [ -122.425754793300072, 37.747221332074133 ], [ -122.425139506758114, 37.746704074295614 ], [ -122.424463341798386, 37.746237191816853 ], [ -122.423732809909794, 37.745825179995052 ], [ -122.422954945685461, 37.745472005798568 ], [ -122.422137239107528, 37.74518106963837 ], [ -122.421287563463707, 37.744955172653007 ], [ -122.42041409958729, 37.744796489760382 ], [ -122.419525257148607, 37.744706548734847 ], [ -122.418629593752144, 37.744686215510441 ], [ -122.417735732615725, 37.744735685850877 ], [ -122.416852279620642, 37.744854483466483 ], [ -122.415987740527882, 37.745041464595886 ], [ -122.415150439154402, 37.745294829008458 ], [ -122.414348437293285, 37.745612137322517 ], [ -122.413589457146486, 37.745990334472467 ], [ -122.412880807014005, 37.746425779100726 ], [ -122.412229310952938, 37.74691427859171 ], [ -122.41219788955766, 37.746942963650682 ], [ -122.412160816507097, 37.746965743185413 ], [ -122.411509310979099, 37.747454238651812 ], [ -122.410921233633928, 37.747991085830975 ], [ -122.410402248326221, 37.748571115567408 ], [ -122.409957353995665, 37.749188742788427 ], [ -122.409590836492782, 37.749838020255986 ], [ -122.409306227254703, 37.750512695808951 ], [ -122.409106269231401, 37.751206272546618 ], [ -122.408992890392412, 37.751912071374612 ], [ -122.408967185072413, 37.752623295311743 ], [ -122.409029403338579, 37.753333094939173 ], [ -122.409178948485902, 37.754034634361723 ], [ -122.409414382688098, 37.754721157046788 ], [ -122.409733440753214, 37.755386050905713 ], [ -122.410133051855397, 37.756022911991082 ], [ -122.410609369036507, 37.756625606195456 ], [ -122.411157806196044, 37.757188328356449 ], [ -122.411773082215845, 37.757705658197679 ], [ -122.412449271795708, 37.758172612565659 ], [ -122.413179862511797, 37.758584693458253 ], [ -122.413398883272194, 37.758684142789605 ], [ -122.413399875161247, 37.758684702242945 ], [ -122.414177832290804, 37.759037938706769 ], [ -122.414315703334381, 37.759086994492641 ], [ -122.414089693010638, 37.759225850659661 ], [ -122.413438092659078, 37.759714355765418 ], [ -122.413345001098278, 37.759799327738584 ], [ -122.412738091949436, 37.760254317339147 ], [ -122.412149922168439, 37.760791169473961 ], [ -122.411630857040947, 37.761371203349469 ], [ -122.411185896275697, 37.761988833853074 ], [ -122.41081932636348, 37.762638113714935 ], [ -122.410534679246865, 37.763312790750796 ], [ -122.410334698241286, 37.76400636804555 ], [ -122.410221311538436, 37.764712166499386 ], [ -122.410195613549533, 37.765423389134725 ], [ -122.410257854272089, 37.766133186545098 ], [ -122.410407436785675, 37.766834722856807 ], [ -122.410642922904898, 37.76752124156716 ], [ -122.410962046938536, 37.768186130625793 ], [ -122.411361737426063, 37.768822986131617 ], [ -122.411838146645266, 37.769425674031012 ], [ -122.412386687609569, 37.769988389222412 ], [ -122.413002078201302, 37.770505711496611 ], [ -122.413678392016806, 37.770972657773179 ], [ -122.41440911543566, 37.771384730127984 ], [ -122.414789397405059, 37.771557365397314 ], [ -122.414299946429381, 37.771546240028997 ], [ -122.413405759215834, 37.771595677301207 ], [ -122.41252197986563, 37.771714441907626 ], [ -122.411657117280996, 37.771901390404615 ], [ -122.410819498392584, 37.772154722875619 ], [ -122.410017188049821, 37.772472000246317 ], [ -122.409257911424206, 37.772850167748864 ], [ -122.408548979670002, 37.773285584310941 ], [ -122.407897219555807, 37.773774057586984 ], [ -122.407681144998321, 37.773971223997243 ], [ -122.40760899139309, 37.77401553800231 ], [ -122.406957218693236, 37.774504006018844 ], [ -122.406678351217039, 37.774758462528965 ], [ -122.406057215295107, 37.775223956190089 ], [ -122.405468878702266, 37.775760773579762 ], [ -122.404949656802913, 37.776340776511333 ], [ -122.404504550815545, 37.776958380170129 ], [ -122.404397095075979, 37.777148633825746 ], [ -122.404224175114265, 37.777216999885667 ], [ -122.404247168716736, 37.776582141456529 ], [ -122.404184976673605, 37.775872342180854 ], [ -122.404035434726907, 37.775170799092443 ], [ -122.403799985423831, 37.774484268110562 ], [ -122.403480898439128, 37.773819360404424 ], [ -122.403081248633541, 37.773182478743031 ], [ -122.402604886369048, 37.772579755858402 ], [ -122.40205640036956, 37.772016995414013 ], [ -122.401441073486964, 37.77149961614667 ], [ -122.40126574370224, 37.771378533320984 ], [ -122.400916567094868, 37.771084932337871 ], [ -122.400240332480223, 37.770617912866214 ], [ -122.399509695206447, 37.770205752642305 ], [ -122.398731690882272, 37.7698524200637 ], [ -122.397913810839398, 37.769561317066582 ], [ -122.397063930035898, 37.769335246396139 ], [ -122.396190231280414, 37.769176384642627 ], [ -122.395301126504293, 37.769086261302583 ], [ -122.39440517583725, 37.769065744065387 ], [ -122.393511005262098, 37.769115030466416 ], [ -122.392627223638357, 37.769233645986915 ], [ -122.391762339889965, 37.769420448618575 ], [ -122.390924681150935, 37.769673639849309 ], [ -122.390122312653915, 37.76999078196468 ], [ -122.389362960129759, 37.77036882149919 ], [ -122.388653935462713, 37.770804118612801 ], [ -122.388002066315238, 37.771292482110205 ], [ -122.387413630397987, 37.771829209767859 ], [ -122.386894295017868, 37.772409133581142 ], [ -122.386739137223714, 37.772624336881861 ], [ -122.386670422053029, 37.772452553626358 ], [ -122.386643279285806, 37.772384698221074 ], [ -122.386309416192759, 37.771550048377883 ], [ -122.38598100065569, 37.770728997954187 ], [ -122.384205125851452, 37.770137051281999 ], [ -122.383281001375309, 37.769829001485832 ], [ -122.383480999666673, 37.769328999499642 ], [ -122.383777507871272, 37.769427838450468 ], [ -122.385004519590282, 37.769836843543096 ], [ -122.385581002749674, 37.770028999179047 ], [ -122.384781002943029, 37.76872900130126 ], [ -122.385381001433203, 37.767928999731438 ], [ -122.384280999491324, 37.768029001283438 ], [ -122.383881003527108, 37.767728997441743 ], [ -122.383581004819419, 37.767729001065831 ], [ -122.383525241730538, 37.76756171165156 ], [ -122.383481004014868, 37.767428997829235 ], [ -122.384189257273363, 37.76737841145917 ], [ -122.384880998770484, 37.767329000252928 ], [ -122.384816117485599, 37.767199229259944 ], [ -122.3847810046246, 37.767128998774155 ], [ -122.384618885364432, 37.767128999874203 ], [ -122.382981002077031, 37.767128998483834 ], [ -122.382981003046439, 37.766829001499431 ], [ -122.383071730134219, 37.766825642202996 ], [ -122.385681002651197, 37.766729000253434 ], [ -122.385727460728404, 37.766357338188065 ], [ -122.385781003099183, 37.76592899749825 ], [ -122.386381000681993, 37.765828999116486 ], [ -122.386581002053433, 37.765529001057423 ], [ -122.386181001972645, 37.765428998617594 ], [ -122.385981002040168, 37.764628999607254 ], [ -122.386881002647144, 37.76352899814345 ], [ -122.386790499624482, 37.763438496040528 ], [ -122.387255567632934, 37.763700947678672 ], [ -122.388033452955057, 37.764054356368199 ], [ -122.388851233655458, 37.764345528188791 ], [ -122.389701032385616, 37.764571658260472 ], [ -122.390574663111479, 37.764730568232928 ], [ -122.391463710026528, 37.764820727287002 ], [ -122.391996013460897, 37.764832931836956 ], [ -122.392072580416766, 37.764840695884864 ], [ -122.392968479486996, 37.764861230864462 ], [ -122.393862599224818, 37.764811948541791 ], [ -122.394746326276447, 37.76469332366878 ], [ -122.395611147491067, 37.764506498991949 ], [ -122.396448731998518, 37.764253274234548 ], [ -122.397251011523451, 37.763936088745226 ], [ -122.39801025815953, 37.763557997980357 ], [ -122.398719158851577, 37.763122644048273 ], [ -122.399370885866375, 37.762634220599551 ], [ -122.399959162571847, 37.762097432403195 ], [ -122.400478323889828, 37.761517449999346 ], [ -122.400923370840616, 37.760899859866662 ], [ -122.401290018653953, 37.760250610585558 ], [ -122.401574737984674, 37.759575955517654 ], [ -122.401774788837983, 37.758882392554021 ], [ -122.401888246879693, 37.758176601514279 ], [ -122.401914021881865, 37.757465379799648 ], [ -122.401851868128389, 37.75675557692081 ], [ -122.401702386685102, 37.756054028531231 ], [ -122.401467019515337, 37.755367490601238 ], [ -122.401148035501834, 37.754702574366888 ], [ -122.400748508512734, 37.754065682679247 ], [ -122.400272287726565, 37.75346294836676 ], [ -122.399723960504303, 37.752900175202846 ], [ -122.399108808168464, 37.752382782046638 ], [ -122.398479667638242, 37.751948158827595 ], [ -122.398538442626943, 37.751844078058951 ], [ -122.398983447764053, 37.75122649422444 ], [ -122.399502540746369, 37.750646515035235 ], [ -122.400090721597707, 37.750109725077117 ], [ -122.400742325467206, 37.749621292954537 ], [ -122.401451077198175, 37.749185921551671 ], [ -122.402210151755767, 37.748807802779034 ], [ -122.403012239931428, 37.748490577239522 ], [ -122.403849618692618, 37.748237299201712 ], [ -122.404714225501493, 37.748050407215715 ], [ -122.405597735889557, 37.747931700653858 ], [ -122.406491643543475, 37.747882322400883 ], [ -122.407387342134243, 37.747902747859875 ], [ -122.408276208105349, 37.747992780379093 ], [ -122.409137101968724, 37.74814926621049 ], [ -122.409242750783847, 37.747491546474073 ], [ -122.409442697537727, 37.746797969068247 ], [ -122.409727291309764, 37.746123292761531 ], [ -122.410093789299125, 37.745474014461912 ], [ -122.410211470666439, 37.745310634944623 ], [ -122.410222652321565, 37.745241014727242 ], [ -122.410422583874734, 37.744547435395937 ], [ -122.410707160132119, 37.743872756467468 ], [ -122.411073638461687, 37.743223474875073 ], [ -122.411518487803718, 37.742605842819565 ], [ -122.412037422741136, 37.742025807585527 ], [ -122.412088992840296, 37.741978725467959 ], [ -122.412117300132294, 37.741928571230808 ], [ -122.412562133049619, 37.741310935101978 ], [ -122.412834084544713, 37.741006952446682 ], [ -122.412936947470186, 37.740650047625266 ], [ -122.413221485977971, 37.739975362185497 ], [ -122.413587923122691, 37.73932607235156 ], [ -122.414032728241409, 37.738708430403655 ], [ -122.414551616342919, 37.738128383721694 ], [ -122.41513958942376, 37.737591517541361 ], [ -122.415608695054786, 37.737239710984881 ], [ -122.415652631723603, 37.737135516382224 ], [ -122.416019033627776, 37.736486218682558 ], [ -122.416463801547266, 37.735868567267524 ], [ -122.416982650849107, 37.735288509608189 ], [ -122.417570583903426, 37.734751631046016 ], [ -122.418221938244969, 37.734263101038671 ], [ -122.418930441119073, 37.733827623412878 ], [ -122.419689269886405, 37.733449391101892 ], [ -122.420491117704245, 37.733132045801717 ], [ -122.421328263853368, 37.73287864293404 ], [ -122.422192648034795, 37.732691622250698 ], [ -122.423075947922641, 37.732572784363093 ], [ -122.423969659229485, 37.732523273420313 ], [ -122.424776519123824, 37.732541557084957 ], [ -122.424765793074442, 37.732608435583444 ], [ -122.424740245363168, 37.733319665250427 ], [ -122.424802598102033, 37.734029458839991 ], [ -122.424952253289561, 37.734730980514748 ], [ -122.425187772038143, 37.735417473912669 ], [ -122.425506888340095, 37.736082327226718 ], [ -122.425906530807183, 37.736719136899623 ], [ -122.42638285217771, 37.737321769318697 ], [ -122.426931266309523, 37.737884419916341 ], [ -122.427546492305041, 37.738401669105009 ], [ -122.428222605344928, 37.73886853450783 ], [ -122.428953093741839, 37.739280518979285 ], [ -122.429730921664842, 37.73963365395263 ], [ -122.430548596930294, 37.739924537695337 ], [ -122.431398243204526, 37.74015036810215 ], [ -122.432271675921626, 37.740308969709261 ], [ -122.433160481182568, 37.740398814667927 ], [ -122.434056096872553, 37.740419037475114 ], [ -122.434949895212483, 37.740369443318045 ], [ -122.435262197816186, 37.740327396193017 ], [ -122.435376058481097, 37.740659112799101 ] ], [ [ -122.414941627816063, 37.79972712914779 ], [ -122.414792107698531, 37.799863537712206 ], [ -122.414380151957445, 37.800172215781174 ], [ -122.414827355520387, 37.800182377431284 ], [ -122.415045172846376, 37.800204410923442 ], [ -122.41506564737216, 37.800199986315981 ], [ -122.415004534715351, 37.800021936906269 ], [ -122.414941627816063, 37.79972712914779 ] ] ], [ [ [ -122.396646911605274, 37.801074960012294 ], [ -122.39578200201187, 37.801528000134802 ], [ -122.39542940580958, 37.801087254357128 ], [ -122.395382000301012, 37.801027996918712 ], [ -122.395595937910173, 37.800910001816767 ], [ -122.396201897604087, 37.80092386761401 ], [ -122.397021610825007, 37.800878686090911 ], [ -122.396646911605274, 37.801074960012294 ] ] ], [ [ [ -122.386626005206651, 37.791860999557905 ], [ -122.386568391210432, 37.791769522618445 ], [ -122.386495001347413, 37.791652997090374 ], [ -122.387091096532515, 37.791441033136678 ], [ -122.387031953657683, 37.791581044107808 ], [ -122.386983982956451, 37.791747160896719 ], [ -122.386626005206651, 37.791860999557905 ] ] ], [ [ [ -122.386610002720843, 37.790690001697627 ], [ -122.385681001632221, 37.790927997436469 ], [ -122.386362003175776, 37.790311001039917 ], [ -122.387589001832083, 37.789902998698771 ], [ -122.387312673430543, 37.789753410557218 ], [ -122.387081003812952, 37.789627997120022 ], [ -122.385970809502268, 37.789924052210168 ], [ -122.385581000722212, 37.790027999324927 ], [ -122.385281002081882, 37.789628001236039 ], [ -122.386591255373958, 37.789283201521428 ], [ -122.387181001618941, 37.789128001041163 ], [ -122.387130457695733, 37.788824730808606 ], [ -122.387081004006816, 37.788527999691766 ], [ -122.38548100141152, 37.788727999060988 ], [ -122.385281002979752, 37.78842800098893 ], [ -122.387481005055392, 37.788027997437958 ], [ -122.387381003110647, 37.787427999024359 ], [ -122.384781002988262, 37.787628000062853 ], [ -122.384381000545972, 37.785927998571346 ], [ -122.387481005095765, 37.785628000370799 ], [ -122.387681003774844, 37.785029000398595 ], [ -122.385581003683242, 37.785127999011863 ], [ -122.385481001803285, 37.784728999969929 ], [ -122.387380999968414, 37.78462899927414 ], [ -122.387581002497498, 37.784028999402949 ], [ -122.38548100063656, 37.784128999346962 ], [ -122.385544003208935, 37.783652999355212 ], [ -122.385580999669656, 37.783529000832573 ], [ -122.38758100036128, 37.783328997819538 ], [ -122.387581002135903, 37.782928998004408 ], [ -122.384981001950621, 37.783228998480098 ], [ -122.384912080766881, 37.78302223420301 ], [ -122.384781003526612, 37.782628997792671 ], [ -122.386936638909845, 37.782469325435947 ], [ -122.387481000428465, 37.78242899711438 ], [ -122.387681000540482, 37.782128998735701 ], [ -122.3869037895508, 37.782155806001114 ], [ -122.384780999622606, 37.782228998259271 ], [ -122.384581002841074, 37.78172900050911 ], [ -122.387581001462749, 37.781528999908666 ], [ -122.387602334924622, 37.781464999454279 ], [ -122.387653324304608, 37.781312030506399 ], [ -122.38777382419201, 37.781413366419628 ], [ -122.387809709590911, 37.781450192975441 ], [ -122.388425023950219, 37.781967642465759 ], [ -122.388589254203865, 37.782081075014645 ], [ -122.388609194389844, 37.782097843482532 ], [ -122.389285460384869, 37.782564928711338 ], [ -122.390016162495314, 37.78297715138951 ], [ -122.390794262833026, 37.783330540656415 ], [ -122.391612266591196, 37.783621692330456 ], [ -122.39246229427215, 37.783847801725791 ], [ -122.393336157635773, 37.784006690691406 ], [ -122.394225438633896, 37.784096828610579 ], [ -122.394811686764228, 37.784110251812798 ], [ -122.394447188027158, 37.784383313748656 ], [ -122.394367841760527, 37.784455685303939 ], [ -122.393917187098097, 37.78479328361599 ], [ -122.393328686965276, 37.785330039502547 ], [ -122.392809303369177, 37.785909987971905 ], [ -122.392775932588791, 37.78595627138565 ], [ -122.392488322748477, 37.786099436284701 ], [ -122.391779166228773, 37.78653475097164 ], [ -122.391127179565288, 37.787023130376376 ], [ -122.390863403025207, 37.787263693723553 ], [ -122.390829175807141, 37.787284703179417 ], [ -122.390177176313315, 37.78777307726525 ], [ -122.389892738674689, 37.788032475403952 ], [ -122.389889185066266, 37.788034656622152 ], [ -122.389237172807711, 37.788523025444256 ], [ -122.388648609298286, 37.789059757610822 ], [ -122.388129163073884, 37.789639685073709 ], [ -122.387683837512839, 37.790257223744966 ], [ -122.387566241024928, 37.79046529393279 ], [ -122.386610002720843, 37.790690001697627 ] ] ], [ [ [ -122.384481002256464, 37.781229000044931 ], [ -122.384381000013548, 37.780829000105818 ], [ -122.386636773836969, 37.780688022892384 ], [ -122.387035631080082, 37.780663090364385 ], [ -122.387101260022675, 37.780746151080919 ], [ -122.387571760469015, 37.781228998319477 ], [ -122.384481002256464, 37.781229000044931 ] ] ], [ [ [ -122.384481003419765, 37.780228999422931 ], [ -122.384281003984526, 37.779829001767943 ], [ -122.386346796544856, 37.779699891305199 ], [ -122.386624978925937, 37.780143364450375 ], [ -122.386750491661417, 37.780302214758365 ], [ -122.384481003419765, 37.780228999422931 ] ] ], [ [ [ -122.385336243933764, 37.77920843963318 ], [ -122.384950630025514, 37.779222718299494 ], [ -122.38478100144404, 37.779228998973423 ], [ -122.384581001637599, 37.778629000483654 ], [ -122.384700231780869, 37.778003059863025 ], [ -122.384981004954923, 37.776528999794358 ], [ -122.384881004381157, 37.775328999808721 ], [ -122.385561126820619, 37.775267228866099 ], [ -122.385483427556537, 37.775749794358866 ], [ -122.385457488893536, 37.776461010194659 ], [ -122.385466395306111, 37.776562954064509 ], [ -122.385459809488111, 37.776743529691203 ], [ -122.385521823328602, 37.777453338719823 ], [ -122.385671195014538, 37.778154904991382 ], [ -122.385906488392081, 37.778841471715168 ], [ -122.386069481581117, 37.779181282536349 ], [ -122.385336243933764, 37.77920843963318 ] ] ], [ [ [ -122.383987388199145, 37.774649591533276 ], [ -122.38208100134166, 37.774729001089163 ], [ -122.381480999538965, 37.771828999898744 ], [ -122.384781002690318, 37.773328999119308 ], [ -122.384984802881903, 37.773318274581548 ], [ -122.386324117943118, 37.77324778517886 ], [ -122.3860822219076, 37.773675871158176 ], [ -122.385797307833414, 37.774350487132331 ], [ -122.385731940053574, 37.774576887421524 ], [ -122.383987388199145, 37.774649591533276 ] ] ], [ [ [ -122.384681002624603, 37.763429001935911 ], [ -122.384381000348426, 37.762629000571351 ], [ -122.383981001674186, 37.762629000050516 ], [ -122.384181003446642, 37.764129000349634 ], [ -122.383981000071543, 37.764128999919556 ], [ -122.383693384005483, 37.762403302582335 ], [ -122.383681000811336, 37.762329001549517 ], [ -122.383481001455564, 37.762428998449245 ], [ -122.383481001323005, 37.764229000832387 ], [ -122.383281004596199, 37.764228999104184 ], [ -122.38308100263275, 37.762528998542507 ], [ -122.382540358743981, 37.762619106798432 ], [ -122.382481000076552, 37.762628999848538 ], [ -122.382626857318797, 37.763795860866438 ], [ -122.382681000789631, 37.764229000342013 ], [ -122.382481004062853, 37.764228997256566 ], [ -122.382244520650147, 37.762888949849909 ], [ -122.382181000257816, 37.762528999376258 ], [ -122.381981001259518, 37.762528998298755 ], [ -122.382181002263934, 37.764229000340009 ], [ -122.381881000943935, 37.764329000749818 ], [ -122.381481000468909, 37.762429000173277 ], [ -122.381381002398811, 37.76152899806727 ], [ -122.381295775670935, 37.760421031797364 ], [ -122.381281004537783, 37.760229000418832 ], [ -122.381067524941614, 37.760228999526603 ], [ -122.380781001873103, 37.76022899772142 ], [ -122.380181001239094, 37.760328998564546 ], [ -122.380381000475836, 37.762228999790288 ], [ -122.380073732184556, 37.762382635135808 ], [ -122.379981000285255, 37.762429001164634 ], [ -122.38008100387016, 37.75982899885922 ], [ -122.380981001592161, 37.75972900172011 ], [ -122.381381001917177, 37.759528999328865 ], [ -122.381281003548509, 37.758129000345079 ], [ -122.381681000670483, 37.757628999417292 ], [ -122.38128100060824, 37.757928998512575 ], [ -122.381081000227752, 37.757928998874746 ], [ -122.381181002525466, 37.757428999478201 ], [ -122.381481001077361, 37.757428998553202 ], [ -122.381481001186188, 37.757129001174462 ], [ -122.381081004662491, 37.757128999492352 ], [ -122.381007300323631, 37.756428818868592 ], [ -122.380881004711796, 37.755228997728196 ], [ -122.382487097538771, 37.755128628755664 ], [ -122.383625438521477, 37.755057475183527 ], [ -122.383384482144024, 37.755628105512329 ], [ -122.383184268394615, 37.756321637640383 ], [ -122.383070635518024, 37.757027410888256 ], [ -122.383044680295498, 37.757738628521707 ], [ -122.383106655201175, 37.758448441183027 ], [ -122.38325596587427, 37.759150012852174 ], [ -122.383491176747398, 37.759836586686468 ], [ -122.38381002478036, 37.760501550105168 ], [ -122.384209441171251, 37.761138498491377 ], [ -122.384685580838436, 37.761741296897299 ], [ -122.385233859392358, 37.762304139157308 ], [ -122.385848997243727, 37.762821603838546 ], [ -122.386457471284359, 37.763242001874275 ], [ -122.384681002624603, 37.763429001935911 ] ] ], [ [ [ -122.383281002948877, 37.754828997097967 ], [ -122.383081000963998, 37.754528997904707 ], [ -122.38278100357978, 37.753528998157904 ], [ -122.382181002293905, 37.753428999900549 ], [ -122.379980999424419, 37.754129000029131 ], [ -122.380981005374082, 37.753628998253717 ], [ -122.380681004753498, 37.753329000663186 ], [ -122.381281004179939, 37.753028999707432 ], [ -122.380081001490751, 37.753028998059612 ], [ -122.380561599918053, 37.751175969203082 ], [ -122.380781000905159, 37.750329999863538 ], [ -122.382182955479152, 37.7492084573434 ], [ -122.383281003460468, 37.748330000077694 ], [ -122.3846695711173, 37.748569418767985 ], [ -122.386181000379409, 37.748830001061222 ], [ -122.386381003389587, 37.748029998386237 ], [ -122.386569002540242, 37.747945998959729 ], [ -122.387281000509049, 37.747629998990945 ], [ -122.390281003630676, 37.747629996780837 ], [ -122.390330000249023, 37.747647999702082 ], [ -122.392181001044364, 37.748329998709728 ], [ -122.39248100264868, 37.74843000071175 ], [ -122.392781003251315, 37.747630000748757 ], [ -122.392281003928545, 37.747530000085931 ], [ -122.390481001014379, 37.747029997212159 ], [ -122.387280999610198, 37.747129998246599 ], [ -122.387081002619283, 37.7469299984553 ], [ -122.385581456005994, 37.747014936895091 ], [ -122.378499278012853, 37.747415830432331 ], [ -122.378627421055754, 37.746971997940321 ], [ -122.378912295248881, 37.746297396100807 ], [ -122.379110270235032, 37.745946980342048 ], [ -122.378970225562028, 37.745654814123533 ], [ -122.378735101344716, 37.744968229608816 ], [ -122.378585861845337, 37.74426665051967 ], [ -122.378523941946625, 37.743556833770143 ], [ -122.378549935480578, 37.742845615419647 ], [ -122.378663589605026, 37.7421398448326 ], [ -122.378863807335136, 37.741446318717557 ], [ -122.378924937589517, 37.741301547022061 ], [ -122.379051231238108, 37.740864074500863 ], [ -122.379336078171619, 37.740189470945467 ], [ -122.379601365630791, 37.739719866495491 ], [ -122.379738789849341, 37.739394394651235 ], [ -122.379751452042314, 37.739371980039181 ], [ -122.379817064947062, 37.738964477124242 ], [ -122.380017263359051, 37.738270948682278 ], [ -122.380103175630225, 37.738067469695537 ], [ -122.380222413845388, 37.737654394777408 ], [ -122.380507237846757, 37.736979788030943 ], [ -122.380624535913554, 37.736772135043026 ], [ -122.380653127278549, 37.736594543382864 ], [ -122.38085331150522, 37.735901013247869 ], [ -122.380956048839664, 37.735657669720752 ], [ -122.381056135920801, 37.735310914179188 ], [ -122.381340943374141, 37.734636305155924 ], [ -122.381660677437068, 37.734070244752807 ], [ -122.381760474594572, 37.733450286170104 ], [ -122.381960640020125, 37.732756753793971 ], [ -122.38202259640174, 37.732609992139636 ], [ -122.382150703831257, 37.732166116774664 ], [ -122.382435489299823, 37.731491504756519 ], [ -122.382583391781552, 37.731229638484287 ], [ -122.382613390083904, 37.731043262711758 ], [ -122.382813541069112, 37.730349728612623 ], [ -122.382907994882359, 37.73012597302256 ], [ -122.383015492225496, 37.729753480478863 ], [ -122.383300260601544, 37.729078866103983 ], [ -122.383314709515545, 37.729053282436759 ], [ -122.383378878833994, 37.728654568591196 ], [ -122.383579016244852, 37.727961032920909 ], [ -122.383696120546361, 37.727683602876027 ], [ -122.383785850337702, 37.727372655154788 ], [ -122.384070602601199, 37.726698038656131 ], [ -122.384344221229711, 37.726213531860509 ], [ -122.384436586062193, 37.725994700760587 ], [ -122.384803205701715, 37.72534549896988 ], [ -122.38484482314945, 37.725287741068357 ], [ -122.384906338024834, 37.724905451305339 ], [ -122.385067216588354, 37.724347890025093 ], [ -122.385390416708603, 37.724569022012311 ], [ -122.385481002310854, 37.724630999854583 ], [ -122.385481003057976, 37.72410999992389 ], [ -122.385481000669742, 37.723631000398733 ], [ -122.385385290829021, 37.723551244457141 ], [ -122.385391179261376, 37.723537292581753 ], [ -122.385477547913055, 37.723384344755949 ], [ -122.385677610806695, 37.722910315980528 ], [ -122.386044204396129, 37.722261110004141 ], [ -122.386173868913801, 37.722081144385854 ], [ -122.386484056759201, 37.721531814985894 ], [ -122.386531923896115, 37.721465377358221 ], [ -122.386570545499239, 37.721225313470455 ], [ -122.386770633132031, 37.720531771544501 ], [ -122.387055332105106, 37.719857147086429 ], [ -122.387421898606718, 37.719207936504283 ], [ -122.387618021799057, 37.718935709716405 ], [ -122.387858362678728, 37.718510041271237 ], [ -122.388303256999706, 37.717892494364278 ], [ -122.388592358804715, 37.717569415630109 ], [ -122.388603664198655, 37.7174991277709 ], [ -122.388803722835476, 37.716805581977887 ], [ -122.389088389089565, 37.716130952204516 ], [ -122.389454919464413, 37.71548173491005 ], [ -122.389899782401159, 37.714864181675551 ], [ -122.390418692353805, 37.714284239026178 ], [ -122.391006651110104, 37.713747491195342 ], [ -122.391657995958923, 37.713259106381457 ], [ -122.392366454238442, 37.712823787012802 ], [ -122.392514698962884, 37.712749921723884 ], [ -122.392501038333577, 37.71259359499895 ], [ -122.392526887333517, 37.711882369984338 ], [ -122.392640361442233, 37.711176582368829 ], [ -122.392817414649372, 37.710562615331376 ], [ -122.392981534043827, 37.711041801759734 ], [ -122.393300257694108, 37.711706744872679 ], [ -122.393699493245038, 37.71234366624757 ], [ -122.394175397354218, 37.712946431196244 ], [ -122.394723387898736, 37.713509233874781 ], [ -122.395338188061672, 37.714026653231024 ], [ -122.396013877126322, 37.714493705249112 ], [ -122.396743947490393, 37.714905890985939 ], [ -122.397521367351004, 37.715259239936067 ], [ -122.398338648456686, 37.715550348305747 ], [ -122.399187918272148, 37.715776411825772 ], [ -122.400060995859377, 37.715935252786657 ], [ -122.400949470741637, 37.716025341033863 ], [ -122.401844783987912, 37.716045808720587 ], [ -122.401850355087774, 37.716045501046423 ], [ -122.401863814598485, 37.716045808690637 ], [ -122.402757341331466, 37.71599645850079 ], [ -122.403640473906449, 37.715877765984821 ], [ -122.404504704901015, 37.715690874540954 ], [ -122.405341709132216, 37.715437584535898 ], [ -122.406143423915921, 37.71512033594707 ], [ -122.406902126786861, 37.714742184839054 ], [ -122.407610509928546, 37.714306773901768 ], [ -122.408261750593311, 37.713818297335287 ], [ -122.408849576833532, 37.71328146042061 ], [ -122.409368327909377, 37.712701434167521 ], [ -122.409813008791247, 37.71208380547732 ], [ -122.410179338233149, 37.71143452330206 ], [ -122.41046378995415, 37.710759841320332 ], [ -122.410663626534301, 37.710066257682605 ], [ -122.41077692570029, 37.709360452407559 ], [ -122.410802598751076, 37.708649223033476 ], [ -122.410740400949209, 37.707939419144616 ], [ -122.41059093378135, 37.707237876403937 ], [ -122.410355639070076, 37.706551350727054 ], [ -122.410036784997189, 37.705886453231578 ], [ -122.409637444176738, 37.705249586587719 ], [ -122.409161463991921, 37.70464688338226 ], [ -122.408613429484703, 37.704084147088494 ], [ -122.407998619157354, 37.703566796210055 ], [ -122.407322954113397, 37.703099812134091 ], [ -122.406592941028535, 37.702687691195862 ], [ -122.405815609501403, 37.702334401414014 ], [ -122.404998444386294, 37.702043344312173 ], [ -122.404149313758879, 37.701817322193094 ], [ -122.403782125332654, 37.701750519359656 ], [ -122.404022657656185, 37.70171818491999 ], [ -122.404916010785911, 37.701668818245594 ], [ -122.405811152260654, 37.701689255834239 ], [ -122.406699463886028, 37.701779300917373 ], [ -122.407572393166575, 37.701938086559252 ], [ -122.408421535577475, 37.702164083996422 ], [ -122.409238715417942, 37.702455117344059 ], [ -122.410016064470668, 37.702808384528112 ], [ -122.410746097712689, 37.703220484242571 ], [ -122.411421785351479, 37.703687448673158 ], [ -122.412036620493879, 37.70420478167383 ], [ -122.412584681797583, 37.70476750202954 ], [ -122.413060690502419, 37.705370191390273 ], [ -122.413460061291943, 37.706007046415955 ], [ -122.413778946494446, 37.706671934631835 ], [ -122.414014273196244, 37.707358453457132 ], [ -122.4141637729075, 37.708059991840216 ], [ -122.414226003492317, 37.70876979390755 ], [ -122.414200363148282, 37.709481024013812 ], [ -122.414087096297848, 37.710186832567686 ], [ -122.413887291330838, 37.710880421999441 ], [ -122.413602870215982, 37.711555112234656 ], [ -122.413236570078368, 37.712204405043416 ], [ -122.412791916916518, 37.71282204664481 ], [ -122.412273191709431, 37.713402087962443 ], [ -122.411685389237292, 37.713938941949955 ], [ -122.411119542624931, 37.714363397918341 ], [ -122.410905451685892, 37.714871181524011 ], [ -122.410539111651318, 37.715520465603269 ], [ -122.410094416245428, 37.716138096697165 ], [ -122.409575646854023, 37.716718125830582 ], [ -122.408987798682887, 37.717254966074492 ], [ -122.408336532683023, 37.717743446387082 ], [ -122.407628121046031, 37.718178861451328 ], [ -122.406869386794028, 37.718557017027386 ], [ -122.406714875982672, 37.71861815785681 ], [ -122.406715223613105, 37.718622126955125 ], [ -122.406689508013116, 37.71933335431136 ], [ -122.406576154839982, 37.720039154535037 ], [ -122.406376253314278, 37.720732730136589 ], [ -122.406091726334267, 37.721407401174581 ], [ -122.405725312044282, 37.722056669603994 ], [ -122.405280537542069, 37.722674281878653 ], [ -122.404991488418247, 37.722997401294727 ], [ -122.404980197683685, 37.723067690663399 ], [ -122.404780273122796, 37.723761263218243 ], [ -122.40449572006527, 37.724435930071976 ], [ -122.404454278693194, 37.724509356429294 ], [ -122.404247583707217, 37.724999414740054 ], [ -122.403881135603257, 37.725648677056824 ], [ -122.403618841626169, 37.726012864519923 ], [ -122.403606503557029, 37.726089661835786 ], [ -122.403406558050662, 37.726783231719722 ], [ -122.403121980956058, 37.727457894924662 ], [ -122.403092783251722, 37.727509623647613 ], [ -122.402855446771355, 37.728072279897269 ], [ -122.402488971358054, 37.728721537559494 ], [ -122.402300917268647, 37.728982625612375 ], [ -122.402029465249171, 37.729463524894278 ], [ -122.401987858817506, 37.729521288825502 ], [ -122.401926427977017, 37.729903587212988 ], [ -122.401726456533993, 37.730597153814109 ], [ -122.401616641452634, 37.730857471218286 ], [ -122.401541141370672, 37.731119324468949 ], [ -122.40125653074216, 37.731793982690064 ], [ -122.40100895245601, 37.732232558089429 ], [ -122.400869291038688, 37.732563610304098 ], [ -122.400854847484965, 37.732589196108812 ], [ -122.400790768518846, 37.732987919207702 ], [ -122.400590778180046, 37.733681483530098 ], [ -122.400496373084195, 37.733905253160131 ], [ -122.400388957347133, 37.734277761391226 ], [ -122.400104324165255, 37.734952416478563 ], [ -122.399956476009834, 37.735214304577894 ], [ -122.39992651951458, 37.735400684634506 ], [ -122.399726514618379, 37.736094247213835 ], [ -122.399664590292574, 37.736241018089743 ], [ -122.399536580440056, 37.736684912189354 ], [ -122.399251930301872, 37.737359564949045 ], [ -122.398932316076426, 37.737925672765456 ], [ -122.398832656153829, 37.738545645421667 ], [ -122.398632632585972, 37.739239205782482 ], [ -122.398529948180752, 37.739482564571787 ], [ -122.398429937012267, 37.739829334708688 ], [ -122.398145264784475, 37.740503984442384 ], [ -122.398028009784568, 37.740711654737765 ], [ -122.397999458355613, 37.740889250488848 ], [ -122.397799420704203, 37.741582809164335 ], [ -122.397713552822879, 37.741786300929469 ], [ -122.397594405201673, 37.74219939325414 ], [ -122.397309716310133, 37.742874040702198 ], [ -122.397297058816491, 37.742896457187342 ], [ -122.397231538291621, 37.743303969559882 ], [ -122.39703148697356, 37.743997526651377 ], [ -122.396921825231559, 37.744257389841721 ], [ -122.396826809253398, 37.744586792723965 ], [ -122.396542104247374, 37.745261438047343 ], [ -122.396334040026829, 37.745629898852833 ], [ -122.39615692776168, 37.746049577495363 ], [ -122.395987436310094, 37.746349723580316 ], [ -122.396230021891881, 37.746855531288183 ], [ -122.396465313717968, 37.747542080669241 ], [ -122.39661472859629, 37.748243636716992 ], [ -122.396676825205077, 37.748953443387258 ], [ -122.396651003029319, 37.749664664989979 ], [ -122.39653750824003, 37.750370452015432 ], [ -122.396369555830972, 37.750952649629589 ], [ -122.396106844732444, 37.750859115809199 ], [ -122.395257183329477, 37.750633031382471 ], [ -122.394383708334033, 37.750474155726693 ], [ -122.393494829523718, 37.750384018472154 ], [ -122.392962629347551, 37.750371820659886 ], [ -122.392886077207393, 37.750364057170735 ], [ -122.391990352945854, 37.750343521514331 ], [ -122.391096406059532, 37.750392789760078 ], [ -122.390212843255014, 37.750511387563989 ], [ -122.389348171349951, 37.750698173088445 ], [ -122.388510715439295, 37.750951347986103 ], [ -122.38770853880321, 37.751268474699927 ], [ -122.386949365325393, 37.751646499912887 ], [ -122.386240505166342, 37.752081783922954 ], [ -122.385588784404277, 37.752570135661152 ], [ -122.385000479320851, 37.753106853017414 ], [ -122.384481255962655, 37.753686768086517 ], [ -122.384036115560718, 37.754304296900223 ], [ -122.383805533259036, 37.754712436839441 ], [ -122.383281002948877, 37.754828997097967 ] ] ], [ [ [ -122.425344010816744, 37.810739977317972 ], [ -122.425014003270874, 37.810824998720925 ], [ -122.424243003682747, 37.810921997826981 ], [ -122.424156002931895, 37.810893997901601 ], [ -122.424096025093661, 37.810814247622609 ], [ -122.424065002650707, 37.810772998165618 ], [ -122.424062999572129, 37.810635998954758 ], [ -122.424201001064304, 37.810541001228991 ], [ -122.424375005422959, 37.81055600065082 ], [ -122.424532003901291, 37.810627000945615 ], [ -122.424841002734823, 37.810619999922885 ], [ -122.425339001744959, 37.810519998615582 ], [ -122.425564795066776, 37.810417588542776 ], [ -122.425522973053475, 37.810491647159928 ], [ -122.425344010816744, 37.810739977317972 ] ] ], [ [ [ -122.060677719436242, 37.38455468822707 ], [ -122.061546198797586, 37.384716042703154 ], [ -122.062390681057465, 37.384944540941291 ], [ -122.06320303536674, 37.385237982980144 ], [ -122.0639754399526, 37.385593543555729 ], [ -122.064700457383353, 37.386007799281636 ], [ -122.065371106147055, 37.386476761585186 ], [ -122.065980927856444, 37.386995915083638 ], [ -122.06652404943415, 37.38756026103205 ], [ -122.066995239679798, 37.388164365426057 ], [ -122.067389959674045, 37.388802411297569 ], [ -122.067609799773308, 37.389267924231596 ], [ -122.067538572669093, 37.389332780790298 ], [ -122.067019416235212, 37.389911318357129 ], [ -122.066573821505884, 37.390527670622994 ], [ -122.066528552725018, 37.390607468532401 ], [ -122.066497337730155, 37.390650644967828 ], [ -122.066129596003478, 37.391298876735029 ], [ -122.065843251842011, 37.391972746215529 ], [ -122.065641064873674, 37.392665764279371 ], [ -122.065524984504236, 37.393371257220487 ], [ -122.0654961310576, 37.394082431011412 ], [ -122.065554784893948, 37.394792436723634 ], [ -122.065700383614342, 37.395494436484064 ], [ -122.065931527381849, 37.396181669332542 ], [ -122.066008524061914, 37.396344701850595 ], [ -122.065586073989749, 37.396729313563071 ], [ -122.064935361488622, 37.397215909559918 ], [ -122.064227993155285, 37.397649272235427 ], [ -122.064206732017851, 37.397659828495435 ], [ -122.064030668940063, 37.397791482068072 ], [ -122.063323289902698, 37.398224839272288 ], [ -122.062566068331193, 37.3986007882976 ], [ -122.061766297783549, 37.398915707661907 ], [ -122.060931682002703, 37.399166563734319 ], [ -122.060087483415302, 37.399347253742391 ], [ -122.060020958031643, 37.399464486290995 ], [ -122.059575248514136, 37.400080811603225 ], [ -122.05905595563884, 37.400659313535272 ], [ -122.05846807967761, 37.401194419860694 ], [ -122.05819646105634, 37.401397491472373 ], [ -122.058476419376916, 37.401850058517418 ], [ -122.058790841693281, 37.402515925276511 ], [ -122.059021943596292, 37.403203171434313 ], [ -122.059167497291355, 37.403905178929548 ], [ -122.059226098657945, 37.40461518736462 ], [ -122.059197180862725, 37.405326359099838 ], [ -122.059081019913322, 37.406031845098333 ], [ -122.058878732095906, 37.406724850888793 ], [ -122.058592263317081, 37.407398702009573 ], [ -122.058224370449835, 37.408046908304286 ], [ -122.057778594859329, 37.408663226448596 ], [ -122.057259228360792, 37.40924172010552 ], [ -122.056671271935016, 37.409776817128424 ], [ -122.056020387597059, 37.410263363259858 ], [ -122.055312843880387, 37.410696671807536 ], [ -122.054555455461553, 37.411072568817744 ], [ -122.05375551750609, 37.411387433309436 ], [ -122.052920735370023, 37.411638232180458 ], [ -122.052059150334713, 37.411822549448011 ], [ -122.051179062092842, 37.411938609541181 ], [ -122.050288948735016, 37.411985294419452 ], [ -122.049397385010394, 37.411962154352366 ], [ -122.048512959652115, 37.41186941225579 ], [ -122.047644192567518, 37.411707961542419 ], [ -122.046799452694259, 37.411479357508014 ], [ -122.045986877316849, 37.411185802336284 ], [ -122.045498885302209, 37.410961143840908 ], [ -122.044910108315634, 37.41074843067301 ], [ -122.04413753427994, 37.410392745103188 ], [ -122.043412394147765, 37.409978362904432 ], [ -122.042741672216636, 37.409509275740469 ], [ -122.042131828231248, 37.40899000215768 ], [ -122.041588735159991, 37.408425544031594 ], [ -122.041117622641465, 37.407821338358026 ], [ -122.040951569970773, 37.407552802479266 ], [ -122.040389226280723, 37.407973034777115 ], [ -122.039681613553711, 37.408406249115551 ], [ -122.038924169675838, 37.408782045267849 ], [ -122.038124190347531, 37.409096803224458 ], [ -122.037289381323731, 37.409347490909333 ], [ -122.036427784145204, 37.409531693410784 ], [ -122.036227383571898, 37.409558094882364 ], [ -122.036213289833285, 37.409902070326673 ], [ -122.036096904558889, 37.410607533333611 ], [ -122.035894390978299, 37.411300499262069 ], [ -122.035792663109945, 37.411539584054424 ], [ -122.035598001007685, 37.412205665697115 ], [ -122.035311301050413, 37.412879459703802 ], [ -122.034943179023159, 37.413527592735512 ], [ -122.034497178498725, 37.414143822173209 ], [ -122.033977593459483, 37.414722212533931 ], [ -122.033389426991945, 37.415257192665777 ], [ -122.032738343135108, 37.415743609437015 ], [ -122.032030612345295, 37.416176777401247 ], [ -122.031273051101863, 37.416552523958799 ], [ -122.030472956236054, 37.416867229577903 ], [ -122.029638034616255, 37.41711786268668 ], [ -122.028776328868176, 37.417302008899199 ], [ -122.027896139847968, 37.417417894292278 ], [ -122.027005946617578, 37.417464402508372 ], [ -122.026114324695897, 37.417441085518917 ], [ -122.025229863376765, 37.41734816794407 ], [ -122.024361082913941, 37.417186544886931 ], [ -122.024269061630349, 37.417161623865631 ], [ -122.024113201812327, 37.417278040005726 ], [ -122.023405406424274, 37.41771115589593 ], [ -122.022647786193474, 37.418086846722467 ], [ -122.021847638519759, 37.418401493490265 ], [ -122.021012670780436, 37.418652065194443 ], [ -122.020150926045801, 37.418836148040548 ], [ -122.019270705547797, 37.418951968715817 ], [ -122.018380488651744, 37.418998411486122 ], [ -122.017488851104559, 37.418975028953398 ], [ -122.016604382350735, 37.418882046369163 ], [ -122.015735602715523, 37.418720359462789 ], [ -122.014890881257116, 37.418491525805351 ], [ -122.014078355082077, 37.418197749792398 ], [ -122.013748336348044, 37.418045713025883 ], [ -122.013646777129253, 37.418008992415452 ], [ -122.012874276962862, 37.417653101168355 ], [ -122.012149239896203, 37.417238525963597 ], [ -122.011478649232828, 37.416769260323711 ], [ -122.010868963451586, 37.41624982451399 ], [ -122.010630057401926, 37.416001373836551 ], [ -122.010361951752486, 37.415994325665785 ], [ -122.009477527197276, 37.415901289340454 ], [ -122.008608797694222, 37.415739549632356 ], [ -122.007764131818348, 37.41551066462123 ], [ -122.006951666140537, 37.415216839197306 ], [ -122.006179226791815, 37.414860903804012 ], [ -122.005454254030496, 37.414446287150575 ], [ -122.004783730540382, 37.41397698315879 ], [ -122.004174114153074, 37.413457512463367 ], [ -122.003631275643073, 37.412892878837994 ], [ -122.003160442195394, 37.412288520968396 ], [ -122.002766147089673, 37.411650260038108 ], [ -122.002452186084909, 37.410984243633159 ], [ -122.002248297338539, 37.410376519912397 ], [ -122.001717378215091, 37.410489855460121 ], [ -122.000837227547819, 37.410605537914222 ], [ -121.999947098733614, 37.410651840855799 ], [ -121.999055566670677, 37.410628318233734 ], [ -121.998171219786983, 37.410535196649093 ], [ -121.997839824480934, 37.410473460311323 ], [ -121.997714781539017, 37.410460292382652 ], [ -121.996846140846429, 37.410298465523638 ], [ -121.996001572607383, 37.41006949575052 ], [ -121.995189212451763, 37.40977558877006 ], [ -121.994416885493706, 37.409419575811306 ], [ -121.994236073937742, 37.409316134328741 ], [ -121.993838059775598, 37.409559554405654 ], [ -121.993080373511759, 37.40993505450345 ], [ -121.992280188630403, 37.410249499796151 ], [ -121.9914452128682, 37.410499861219478 ], [ -121.990583489373236, 37.410683727004475 ], [ -121.989703319173287, 37.410799325929361 ], [ -121.988813181149212, 37.410845544396118 ], [ -121.987921650288058, 37.410821937167462 ], [ -121.987037315006219, 37.410728731659482 ], [ -121.986168694342581, 37.410566825749079 ], [ -121.985324155823193, 37.410337779116993 ], [ -121.984511834791348, 37.410043798210395 ], [ -121.984441903594316, 37.410011554599627 ], [ -121.984226397770385, 37.40993356100887 ], [ -121.98396487375426, 37.409812977124226 ], [ -121.983565025802207, 37.409970066362355 ], [ -121.982730023941002, 37.410220365763308 ], [ -121.981868282210925, 37.410404167538083 ], [ -121.980988101815598, 37.410519701081462 ], [ -121.980097961734188, 37.410565853425318 ], [ -121.979206436973612, 37.410542179969305 ], [ -121.97832211589143, 37.410448908767535 ], [ -121.977789214387812, 37.410349537706125 ], [ -121.976994023112397, 37.410519108947298 ], [ -121.97611383381961, 37.410634605921445 ], [ -121.975223689356, 37.410680721282908 ], [ -121.9743321647708, 37.410657010787574 ], [ -121.973447848419795, 37.410563702846389 ], [ -121.972579259159446, 37.410401696323028 ], [ -121.972257967938091, 37.4103145183512 ], [ -121.971944444018561, 37.410865555239702 ], [ -121.971497939451282, 37.411481545166289 ], [ -121.970977884937454, 37.412059656506713 ], [ -121.970389288088114, 37.412594320795634 ], [ -121.969737817090504, 37.41308038794287 ], [ -121.969029746132549, 37.413513175869205 ], [ -121.968271894972901, 37.413888515635236 ], [ -121.967471563237737, 37.414202791627311 ], [ -121.966816789753565, 37.414398952904577 ], [ -121.966226810556861, 37.414691132830349 ], [ -121.965426461606427, 37.415005394854944 ], [ -121.964591342614654, 37.415255565069472 ], [ -121.963729498110297, 37.415439233546913 ], [ -121.962849230287446, 37.415554630966135 ], [ -121.961959018967889, 37.415600645670303 ], [ -121.961067439845081, 37.415576834385035 ], [ -121.960183081800366, 37.415483426492173 ], [ -121.959314464091833, 37.415321321818226 ], [ -121.958469954216739, 37.41509208195864 ], [ -121.958467384663706, 37.415091151394101 ], [ -121.957872156451771, 37.415454867483142 ], [ -121.957114229480993, 37.415830135126285 ], [ -121.956313829957679, 37.41614433496391 ], [ -121.955478667687288, 37.416394440296138 ], [ -121.954616787615691, 37.416578041820891 ], [ -121.953736492279901, 37.416693370862056 ], [ -121.952846261766851, 37.416739316421484 ], [ -121.951954671955008, 37.416715435890922 ], [ -121.951070311828659, 37.41662195931923 ], [ -121.9502017006659, 37.416459787194519 ], [ -121.949357205900782, 37.416230481762014 ], [ -121.948544962454392, 37.41593625196181 ], [ -121.948197416697894, 37.41577587674449 ], [ -121.94795907647638, 37.415992262271658 ], [ -121.947307429782995, 37.416478204744486 ], [ -121.946599196563739, 37.416910857188952 ], [ -121.945841198140982, 37.417286051970656 ], [ -121.94504073556044, 37.417600174872469 ], [ -121.944205519235382, 37.417850199935557 ], [ -121.943343594632694, 37.418033718631129 ], [ -121.942463264718597, 37.41814896308091 ], [ -121.941573009913412, 37.418194823101736 ], [ -121.940681406329617, 37.418170856909242 ], [ -121.939797043084241, 37.418077295377635 ], [ -121.938928439485395, 37.417915039813387 ], [ -121.938083962894027, 37.417685653265472 ], [ -121.937271748055949, 37.417391345455421 ], [ -121.93649961868384, 37.417034951473219 ], [ -121.935775012047543, 37.416619904445298 ], [ -121.935595096019384, 37.416493795388313 ], [ -121.935284975919956, 37.416838235114319 ], [ -121.934696085770497, 37.417372720125115 ], [ -121.934044340688175, 37.417858588885018 ], [ -121.933336017502455, 37.418291161225461 ], [ -121.9325779384029, 37.418666270283552 ], [ -121.931777405212841, 37.418980302667826 ], [ -121.93094212902615, 37.419230233291415 ], [ -121.930080155886799, 37.419413654535241 ], [ -121.929199789228875, 37.419528799459805 ], [ -121.928309509826818, 37.41957455884063 ], [ -121.927417894030171, 37.41955049186295 ], [ -121.926533531073702, 37.419456830371757 ], [ -121.925664940262578, 37.41929447663653 ], [ -121.924820488834385, 37.419064994651919 ], [ -121.924008311292226, 37.418770595058774 ], [ -121.923680546785405, 37.418619262234728 ], [ -121.9235642432064, 37.418724792922269 ], [ -121.922912413862718, 37.419210599799477 ], [ -121.922204013339311, 37.419643104894647 ], [ -121.92144586457114, 37.420018141992443 ], [ -121.920645270053015, 37.420332098394674 ], [ -121.919809941469964, 37.420581949746271 ], [ -121.918947925371043, 37.420765289191806 ], [ -121.918067525604414, 37.420880350579758 ], [ -121.91717722326365, 37.420926025490388 ], [ -121.91628559491943, 37.420901873922624 ], [ -121.915401229927312, 37.420808128536372 ], [ -121.914532647612077, 37.420645692409288 ], [ -121.913688215129255, 37.42041613032972 ], [ -121.912876066799285, 37.420121653709991 ], [ -121.912104025693409, 37.419765099266208 ], [ -121.911379528230398, 37.419349901670294 ], [ -121.910709552512074, 37.418880060439491 ], [ -121.910100551089755, 37.418360101382568 ], [ -121.910065172004551, 37.41832322788396 ], [ -121.909995098043552, 37.418419744451533 ], [ -121.909474518958945, 37.418997582772718 ], [ -121.908885426976454, 37.419531938140288 ], [ -121.908233495054844, 37.42001766343899 ], [ -121.907525001824354, 37.420450079882016 ], [ -121.906766771113553, 37.420825022107913 ], [ -121.905966106207174, 37.421138878332201 ], [ -121.905130719468701, 37.421388625164887 ], [ -121.904268658007837, 37.421571856757318 ], [ -121.903388226110053, 37.421686807996913 ], [ -121.902497905178663, 37.421732371525017 ], [ -121.901606271963516, 37.42170810841359 ], [ -121.900721915867138, 37.421614252397028 ], [ -121.899853356128389, 37.421451707618722 ], [ -121.899383555365489, 37.421323927257916 ], [ -121.899355788753581, 37.421320979963653 ], [ -121.898487235402698, 37.421158425069798 ], [ -121.897642846481034, 37.420928747529153 ], [ -121.896830755888885, 37.42063415986631 ], [ -121.896058786140912, 37.420277499866963 ], [ -121.895334372967952, 37.419862203219786 ], [ -121.894664493659207, 37.419392270396003 ], [ -121.894055599836733, 37.418872228086542 ], [ -121.893513555310449, 37.418307085569893 ], [ -121.893184163439699, 37.417883199993298 ], [ -121.893827448631299, 37.417746529069284 ], [ -121.894662832422142, 37.417496862648711 ], [ -121.895463505784164, 37.417183083476409 ], [ -121.896221756272084, 37.416808214200273 ], [ -121.896930280410317, 37.41637586590214 ], [ -121.897582254072077, 37.415890203287084 ], [ -121.898171398224619, 37.415355904538359 ], [ -121.898692039406072, 37.414778116225953 ], [ -121.899139164351865, 37.414162403704708 ], [ -121.899508468244576, 37.413514697480728 ], [ -121.899796396124003, 37.412841236064551 ], [ -121.900000177060406, 37.412148505862177 ], [ -121.900100574772551, 37.411546730500511 ], [ -121.900186356019759, 37.411255119140918 ], [ -121.900304026556185, 37.410549791734091 ], [ -121.900310745578579, 37.410392791218563 ], [ -121.900353005645201, 37.410249125713428 ], [ -121.900470673021402, 37.409543798092308 ], [ -121.900501104500677, 37.408832666702459 ], [ -121.900444009497491, 37.408122580195503 ], [ -121.90029994033948, 37.407420376966428 ], [ -121.900070286853179, 37.406732819300984 ], [ -121.899757262888699, 37.406066528263331 ], [ -121.899363884915786, 37.40542791995049 ], [ -121.898893942901694, 37.404823143726759 ], [ -121.898351963753143, 37.404258023032007 ], [ -121.897743167677191, 37.40373799933294 ], [ -121.89707341788278, 37.403268079755414 ], [ -121.896349164108287, 37.402852788900894 ], [ -121.895577380519342, 37.40249612530998 ], [ -121.894765498574216, 37.402201522990055 ], [ -121.893921335502597, 37.401971818377085 ], [ -121.893053019084178, 37.401809223047678 ], [ -121.892168909449509, 37.401715302443691 ], [ -121.891277518653112, 37.401690960813085 ], [ -121.890387428790092, 37.401736432511484 ], [ -121.889507209441419, 37.401851279747682 ], [ -121.888645335239019, 37.402034396795102 ], [ -121.887810104341199, 37.40228402062835 ], [ -121.887009558599885, 37.402597747883313 ], [ -121.886251406185366, 37.402972557977755 ], [ -121.885542947410968, 37.403404842171241 ], [ -121.884891004469523, 37.403890438285153 ], [ -121.88430185575713, 37.404424670750117 ], [ -121.883909449729629, 37.404860068898735 ], [ -121.883424768961518, 37.40529955692152 ], [ -121.882904075730536, 37.405877277842073 ], [ -121.88245686651517, 37.406492928822416 ], [ -121.88208744942348, 37.407140581665097 ], [ -121.88179938378093, 37.407813999864715 ], [ -121.881595445789088, 37.408506698640444 ], [ -121.881477601713627, 37.409212007364495 ], [ -121.881446988862379, 37.409923133787274 ], [ -121.881503904539997, 37.4106332294403 ], [ -121.881522685475801, 37.410724880567223 ], [ -121.881464531810664, 37.410723287679787 ], [ -121.880580331191595, 37.410629279792175 ], [ -121.879711943139469, 37.410466585805445 ], [ -121.878867732937678, 37.410236772991993 ], [ -121.878055832764147, 37.409942055179521 ], [ -121.87728406329849, 37.409585271407444 ], [ -121.876559858341466, 37.409169858556744 ], [ -121.875890193175934, 37.40869981821799 ], [ -121.875281517360463, 37.408179678117634 ], [ -121.87473969260455, 37.407614448476025 ], [ -121.874722294234914, 37.407592045930308 ], [ -121.874440094555624, 37.407297651645791 ], [ -121.873970342695529, 37.406692775675744 ], [ -121.873577182021108, 37.40605408094472 ], [ -121.873264397360771, 37.405387719214794 ], [ -121.873034999122751, 37.404700108563489 ], [ -121.8728911943752, 37.403997871548974 ], [ -121.872834365674237, 37.403287771412472 ], [ -121.872865057839874, 37.402576646932367 ], [ -121.872982972804053, 37.40187134655821 ], [ -121.873007401340544, 37.401788399816553 ], [ -121.87229443549171, 37.402001375338727 ], [ -121.871432517354123, 37.40218436591703 ], [ -121.870552263585239, 37.402299070919121 ], [ -121.869662153872227, 37.402344385358418 ], [ -121.868770762929728, 37.402319872706343 ], [ -121.867886677825624, 37.40222576910125 ], [ -121.867018415187331, 37.402062981071644 ], [ -121.866174339089511, 37.401833076795867 ], [ -121.865362580417823, 37.401538270982662 ], [ -121.864590958488222, 37.401181403519281 ], [ -121.863866905679757, 37.400765912092837 ], [ -121.863197395809195, 37.40029579905076 ], [ -121.862588876938801, 37.399775592819857 ], [ -121.862047209265981, 37.399210304257345 ], [ -121.861577608692798, 37.398605378355732 ], [ -121.861184596619438, 37.397966641767752 ], [ -121.860871956443034, 37.397300246658595 ], [ -121.860642697180282, 37.39661261142701 ], [ -121.860499024561122, 37.395910358867752 ], [ -121.860442319869478, 37.395200252371509 ], [ -121.860473126731506, 37.394489130777636 ], [ -121.860591145975221, 37.393783842507659 ], [ -121.860795238607039, 37.393091179613762 ], [ -121.861083436873415, 37.392417812377666 ], [ -121.861452963296983, 37.391770225088976 ], [ -121.861900257500878, 37.391154653621385 ], [ -121.862421010559956, 37.390577025406238 ], [ -121.863010206545681, 37.390042902381317 ], [ -121.863662170862483, 37.389557427462186 ], [ -121.864370624909512, 37.389125275050986 ], [ -121.86512874654035, 37.388750606057194 ], [ -121.865929235738776, 37.388437027862466 ], [ -121.866764384879431, 37.388187559613613 ], [ -121.86762615289777, 37.388004603176775 ], [ -121.868506242657872, 37.387889920030808 ], [ -121.869396180775325, 37.387844614322468 ], [ -121.870287399129808, 37.38786912224478 ], [ -121.871171317285899, 37.387963207841146 ], [ -121.872039425031943, 37.388125965275123 ], [ -121.872883364245681, 37.388355827544174 ], [ -121.873695009301784, 37.388650581553776 ], [ -121.874466545250527, 37.389007389407567 ], [ -121.875190543017027, 37.389422815709111 ], [ -121.875860030899815, 37.389892860613728 ], [ -121.876468561681506, 37.390412998313096 ], [ -121.877010274707061, 37.390978220583591 ], [ -121.877479952331413, 37.39158308498034 ], [ -121.877873070193431, 37.392221767214139 ], [ -121.878185840830568, 37.392888117208628 ], [ -121.878415250212583, 37.393575718298777 ], [ -121.878559086840525, 37.394277949001896 ], [ -121.878615963127729, 37.394988046767175 ], [ -121.878585328853688, 37.395699173090804 ], [ -121.878467476557972, 37.396404479369522 ], [ -121.878443055848706, 37.396487427276213 ], [ -121.879155951505751, 37.39627441431098 ], [ -121.880017782488551, 37.396091366917751 ], [ -121.880897948526737, 37.395976590844697 ], [ -121.881787975501581, 37.395931191133265 ], [ -121.882679294437494, 37.395955604881493 ], [ -121.883563323930986, 37.396049597039507 ], [ -121.884431552698842, 37.396212262670467 ], [ -121.885275621454042, 37.396442035655625 ], [ -121.886087403324609, 37.396736703760091 ], [ -121.88685908204404, 37.397093429914577 ], [ -121.88758322716329, 37.397508779509302 ], [ -121.88825286556262, 37.39797875343811 ], [ -121.888861548575832, 37.398498826576123 ], [ -121.889403414082423, 37.399063991321455 ], [ -121.889420814869652, 37.399086391701928 ], [ -121.88970304257856, 37.399380750102686 ], [ -121.89017287588598, 37.399985563352196 ], [ -121.890566146567238, 37.400624202704705 ], [ -121.890879065688168, 37.40129051849695 ], [ -121.890992820917575, 37.401631250430128 ], [ -121.891190128410869, 37.4016211702044 ], [ -121.892081518345535, 37.401645512499165 ], [ -121.892965627043836, 37.401739433762202 ], [ -121.893833942460276, 37.401902029739226 ], [ -121.894678104473911, 37.402131734982127 ], [ -121.89548998531528, 37.402426337908203 ], [ -121.89626176776531, 37.402783002075694 ], [ -121.896986020376659, 37.40319829347164 ], [ -121.896986741834581, 37.403198799678123 ], [ -121.897390774398104, 37.40343047074991 ], [ -121.898060527646862, 37.403900388510685 ], [ -121.898669327257579, 37.404420410557307 ], [ -121.899211309987308, 37.4049855297799 ], [ -121.899681255594501, 37.405590304725919 ], [ -121.900074637137863, 37.406228911967808 ], [ -121.900387664615778, 37.406895202151539 ], [ -121.900409930563654, 37.406961863508982 ], [ -121.900990576275817, 37.40693215332071 ], [ -121.901882032814868, 37.406956421135611 ], [ -121.90276621673307, 37.407050268502374 ], [ -121.903586663656029, 37.407203817778367 ], [ -121.903807205871928, 37.407227223457241 ], [ -121.904675608724361, 37.407389739125463 ], [ -121.905519866144218, 37.407619366267056 ], [ -121.906331849443845, 37.407913894051205 ], [ -121.90710374041808, 37.408270486759683 ], [ -121.907828106575209, 37.408685711067477 ], [ -121.907924753258911, 37.408753501663341 ], [ -121.908022046193381, 37.408809271475 ], [ -121.908691914615488, 37.40927912837121 ], [ -121.90930083214468, 37.409799095058659 ], [ -121.909336206812583, 37.40983596880897 ], [ -121.909406273568081, 37.409739452578904 ], [ -121.909926788620453, 37.409161614199128 ], [ -121.910515791315845, 37.408627253229071 ], [ -121.911167608917609, 37.40814151487622 ], [ -121.911875964235364, 37.407709076079769 ], [ -121.912634036071367, 37.407334100507136 ], [ -121.913434524887265, 37.407020198492276 ], [ -121.914269723060116, 37.406770392300047 ], [ -121.91513158905245, 37.406587087050482 ], [ -121.916011824784647, 37.406472047580984 ], [ -121.916901955466827, 37.406426381468947 ], [ -121.917793411125089, 37.406450528377341 ], [ -121.918677609040103, 37.406544255825303 ], [ -121.919546036307779, 37.40670666142455 ], [ -121.920390331730928, 37.406936181559907 ], [ -121.92120236625631, 37.407230606430886 ], [ -121.921530075738204, 37.407381946293491 ], [ -121.921646364521706, 37.407276417541773 ], [ -121.922298097903607, 37.406790617308204 ], [ -121.923006375925084, 37.40635811127158 ], [ -121.923764378132091, 37.405983063746739 ], [ -121.92456480565636, 37.405669085760444 ], [ -121.925399951464655, 37.405419200309105 ], [ -121.926261774523354, 37.405235813275851 ], [ -121.927141977165931, 37.405120690285507 ], [ -121.928032084920915, 37.405074939719604 ], [ -121.928923528035071, 37.405099002054151 ], [ -121.929807723909747, 37.405192645622591 ], [ -121.930676159660607, 37.405354968844243 ], [ -121.931520474008977, 37.405584408897006 ], [ -121.931544799545819, 37.405593226263512 ], [ -121.931228549214921, 37.40508026463322 ], [ -121.930915254118872, 37.404414056698151 ], [ -121.930846633291708, 37.404208876260718 ], [ -121.930755058514322, 37.404014143233063 ], [ -121.930525135044377, 37.403326645069498 ], [ -121.930380792220859, 37.402624478598405 ], [ -121.930323417782915, 37.401914406382772 ], [ -121.930336981424674, 37.40159442288914 ], [ -121.930253180499022, 37.401564044554647 ], [ -121.929481248317103, 37.401207604013813 ], [ -121.928756834308516, 37.400792513210455 ], [ -121.928086915771829, 37.400322770633295 ], [ -121.927477944708443, 37.399802901141229 ], [ -121.926935785674019, 37.399237912348589 ], [ -121.926465659306146, 37.398633246361243 ], [ -121.926072092071706, 37.39799472732949 ], [ -121.925758872717068, 37.39732850532409 ], [ -121.925662366455029, 37.397039854039598 ], [ -121.925609381368972, 37.396927151958408 ], [ -121.92537952710299, 37.396239643402005 ], [ -121.925235246369951, 37.395537470286456 ], [ -121.925177926311378, 37.394827395238636 ], [ -121.925184074412243, 37.394682575988149 ], [ -121.924422510844792, 37.394330846719903 ], [ -121.92369819167709, 37.393915724499124 ], [ -121.923028366663999, 37.393445952831982 ], [ -121.922419486905895, 37.392926056857533 ], [ -121.921877416078928, 37.392361044445252 ], [ -121.921407373971064, 37.391756357928521 ], [ -121.921013886237574, 37.391117821655335 ], [ -121.920700740859417, 37.3904515858625 ], [ -121.92062801690733, 37.390234000591214 ], [ -121.920540436477793, 37.390047664645444 ], [ -121.920310650058312, 37.38936014586767 ], [ -121.920220692404769, 37.388922160122476 ], [ -121.919740257893835, 37.388646768104294 ], [ -121.91907050504372, 37.388176973685582 ], [ -121.918461695804169, 37.38765705700078 ], [ -121.91791969317201, 37.387092026118779 ], [ -121.917449716278313, 37.386487323550902 ], [ -121.917056290150356, 37.385848773799701 ], [ -121.916743202175752, 37.385182527231841 ], [ -121.916666413963469, 37.384952726608354 ], [ -121.916585813498003, 37.384781206991001 ], [ -121.91635607969215, 37.384093680251169 ], [ -121.916211907270522, 37.38339149552624 ], [ -121.916154682332191, 37.382681415554821 ], [ -121.91617427950105, 37.382221036522459 ], [ -121.915764921863314, 37.382072542809794 ], [ -121.914993260317203, 37.381716006512661 ], [ -121.91426911591789, 37.381300825755197 ], [ -121.913599463366296, 37.380830999892687 ], [ -121.912990752101322, 37.380311054586315 ], [ -121.912448844175941, 37.379745998180674 ], [ -121.911978957809012, 37.379141273432928 ], [ -121.911585617155964, 37.378502705059248 ], [ -121.911272608781289, 37.377836443605609 ], [ -121.911177301708477, 37.377551127027061 ], [ -121.911125394684262, 37.377440637092072 ], [ -121.910895733725667, 37.376753099367328 ], [ -121.910751626812029, 37.376050907636056 ], [ -121.910736490683561, 37.375862901342586 ], [ -121.91058059788169, 37.375790858821283 ], [ -121.909856535462424, 37.375375650677853 ], [ -121.909186963795563, 37.374905799462056 ], [ -121.908578331540738, 37.374385831079294 ], [ -121.908036499989805, 37.373820754096457 ], [ -121.907566686625998, 37.373216011468926 ], [ -121.907173414901621, 37.372577428085044 ], [ -121.90686047071739, 37.371911154635335 ], [ -121.906778600325524, 37.371665997028124 ], [ -121.906712939507386, 37.371526199489324 ], [ -121.906483337352086, 37.370838652898463 ], [ -121.906339283331619, 37.370136455516267 ], [ -121.90628216240539, 37.369426370203051 ], [ -121.906312522210186, 37.368715235595197 ], [ -121.906324911909266, 37.36864089157114 ], [ -121.905523100143, 37.3683498995793 ], [ -121.904751629258143, 37.367993295622483 ], [ -121.904027674829678, 37.36757805131203 ], [ -121.903358209728211, 37.367108166615431 ], [ -121.902749681586741, 37.366588167760625 ], [ -121.902207950694176, 37.36602306360809 ], [ -121.901738233564132, 37.365418297374816 ], [ -121.901345052722178, 37.36477969417659 ], [ -121.901032193193799, 37.364113404894624 ], [ -121.900927134561542, 37.363798698992987 ], [ -121.900916274977078, 37.36377557119603 ], [ -121.900686749999565, 37.363088012971787 ], [ -121.900542765415878, 37.362385808180363 ], [ -121.900485705517141, 37.361675719753315 ], [ -121.900516117352851, 37.3609645863569 ], [ -121.900633705557411, 37.360259256527101 ], [ -121.900837335289978, 37.359566522717081 ], [ -121.901125043256044, 37.358893055892118 ], [ -121.90133080507772, 37.358531891899212 ], [ -121.901162019370986, 37.35852729383754 ], [ -121.900278411784186, 37.358433434118012 ], [ -121.899410587600414, 37.358270885440731 ], [ -121.898566906669984, 37.358041213678483 ], [ -121.897755496071625, 37.357746631300529 ], [ -121.89698417176848, 37.357389976042114 ], [ -121.896260363273441, 37.356974683546738 ], [ -121.895591042050995, 37.356504754246203 ], [ -121.894982654348013, 37.355984714798083 ], [ -121.894441059100586, 37.355419574453819 ], [ -121.893971471515783, 37.354814776779101 ], [ -121.893578412871463, 37.354176147192412 ], [ -121.89326566701645, 37.35350983682919 ], [ -121.89303624398849, 37.352822263272884 ], [ -121.892892351098084, 37.352120048724998 ], [ -121.892883341389293, 37.352007768117822 ], [ -121.892215567703417, 37.351624563354335 ], [ -121.891546319854399, 37.35115461083798 ], [ -121.890938003873345, 37.35063455026377 ], [ -121.890396478005457, 37.350069391086656 ], [ -121.889926956789509, 37.349464577053659 ], [ -121.889634671946638, 37.34898959680752 ], [ -121.889438397250032, 37.34878474711779 ], [ -121.888968891862945, 37.348179929210296 ], [ -121.888575910884214, 37.34754128264656 ], [ -121.88826323741479, 37.346874958725458 ], [ -121.888033880795447, 37.34618737516098 ], [ -121.888023802457681, 37.346138171209809 ], [ -121.887490636642013, 37.34594451758165 ], [ -121.886719483180713, 37.345587794587246 ], [ -121.885995846076185, 37.345172438484177 ], [ -121.885326695141671, 37.344702450316909 ], [ -121.884718474983359, 37.344182357310089 ], [ -121.884177042923341, 37.343617169231081 ], [ -121.883707612596737, 37.343012330105338 ], [ -121.883433515681077, 37.342566793103721 ], [ -121.883268846146706, 37.342394891034807 ], [ -121.882799430850767, 37.341790048237947 ], [ -121.882406536210652, 37.341151380803218 ], [ -121.882364349793036, 37.341061454269948 ], [ -121.88196738340433, 37.340647032588784 ], [ -121.881497989623625, 37.340042184531882 ], [ -121.881438202817719, 37.339944993555754 ], [ -121.881256536999743, 37.33971090014775 ], [ -121.881222515661136, 37.339655593608995 ], [ -121.880885864866471, 37.339221782251144 ], [ -121.8805159506433, 37.33862041901552 ], [ -121.880236190838161, 37.338328336782908 ], [ -121.879766825635883, 37.337723481730364 ], [ -121.879651769370653, 37.337536428473214 ], [ -121.879642813749271, 37.337527078119201 ], [ -121.879173458382979, 37.336922220668939 ], [ -121.878780620328044, 37.336283540941267 ], [ -121.878468081309052, 37.335617190554416 ], [ -121.878238849372167, 37.334929587477113 ], [ -121.878095129988225, 37.334227354195043 ], [ -121.878038304895682, 37.333517253913783 ], [ -121.87806891888448, 37.332806125413285 ], [ -121.878186674644098, 37.33210081718191 ], [ -121.878390435722167, 37.331408121464278 ], [ -121.878678237561445, 37.330734708858323 ], [ -121.878891587131605, 37.330360323050861 ], [ -121.878913925661308, 37.330284378431251 ], [ -121.879201718455775, 37.329610964507829 ], [ -121.879570777313219, 37.328963318060943 ], [ -121.880017546361728, 37.328347675533806 ], [ -121.880537721734996, 37.327769965041846 ], [ -121.881126293068192, 37.327235749314724 ], [ -121.881714453885564, 37.326797245189056 ], [ -121.882108577378062, 37.326254103771305 ], [ -121.882628722015866, 37.325676383948363 ], [ -121.883217261914993, 37.325142157673866 ], [ -121.883519580696813, 37.324916748063188 ], [ -121.883238850721895, 37.324676622262309 ], [ -121.882697571159198, 37.324111426871589 ], [ -121.882228275321012, 37.32350658131201 ], [ -121.881835481675822, 37.322867911463433 ], [ -121.881522971521179, 37.322201568849131 ], [ -121.88129375262605, 37.321513971363053 ], [ -121.881270625379983, 37.321400972089208 ], [ -121.881250450652985, 37.321340452338603 ], [ -121.881106729103962, 37.32063822235483 ], [ -121.881049885730761, 37.319928123136705 ], [ -121.881075899805268, 37.31932316826461 ], [ -121.881350695292966, 37.319423033159573 ], [ -121.882193887389235, 37.319652829209076 ], [ -121.883061225724546, 37.319815505607814 ], [ -121.883944355130325, 37.319909495252482 ], [ -121.884834768188185, 37.319933892712164 ], [ -121.885723887253221, 37.319888462958147 ], [ -121.886603147156819, 37.319773643629951 ], [ -121.887464077788707, 37.319590540815781 ], [ -121.888298385759384, 37.31934091838815 ], [ -121.889098034352784, 37.319027180997942 ], [ -121.889855320996432, 37.318652350891306 ], [ -121.88988120897416, 37.318636535334058 ], [ -121.889941459993949, 37.318606712813455 ], [ -121.890649089566878, 37.318174400174776 ], [ -121.891300247453259, 37.31768876992394 ], [ -121.891888662476802, 37.317154499933395 ], [ -121.892408668196381, 37.316576736497112 ], [ -121.892855257464873, 37.315961044731239 ], [ -121.893224130620169, 37.31531335494288 ], [ -121.893511736845767, 37.314639905485052 ], [ -121.893715308304223, 37.313947182649237 ], [ -121.893832886717334, 37.313241858175537 ], [ -121.893863342139809, 37.312530724983368 ], [ -121.893806383749094, 37.311820631741853 ], [ -121.893662562550873, 37.311118416910865 ], [ -121.89343326597772, 37.310430842887762 ], [ -121.89312070443701, 37.309764530893901 ], [ -121.892727889940588, 37.309125897227631 ], [ -121.892258607025468, 37.3085210914968 ], [ -121.891717376248323, 37.307955937424701 ], [ -121.891109410607655, 37.307435876798678 ], [ -121.890440565314748, 37.306965917099319 ], [ -121.889717281398362, 37.306550583313609 ], [ -121.888946523686172, 37.306193874394687 ], [ -121.888135713760263, 37.305899224785648 ], [ -121.887292658530626, 37.305669471377058 ], [ -121.886425475113128, 37.305506826214817 ], [ -121.885542512732826, 37.305412855220226 ], [ -121.884652272401809, 37.305388463126135 ], [ -121.883763325142041, 37.305433884773933 ], [ -121.88288422953687, 37.305548682854443 ], [ -121.882023449401927, 37.305731752114603 ], [ -121.881189272364452, 37.305981329989592 ], [ -121.880389730131739, 37.306295013558334 ], [ -121.879632521213367, 37.306669782659988 ], [ -121.879606635211672, 37.306685595959848 ], [ -121.879546389677444, 37.306715413179298 ], [ -121.878838804372975, 37.307147658948033 ], [ -121.878187657358552, 37.307633220133376 ], [ -121.877599219365166, 37.308167421503221 ], [ -121.87707915768857, 37.308745119388192 ], [ -121.876632481597952, 37.309360751180186 ], [ -121.876263494063664, 37.310008388867367 ], [ -121.87597575026976, 37.310681796091089 ], [ -121.875772023312933, 37.311374488176824 ], [ -121.875654277420566, 37.312079794561747 ], [ -121.87562364894859, 37.312790923019158 ], [ -121.875680435345615, 37.313501025061164 ], [ -121.875749933406709, 37.313840751979654 ], [ -121.875468543918174, 37.313240575342249 ], [ -121.875239408195398, 37.312552965779041 ], [ -121.875095760012343, 37.311850728189697 ], [ -121.875038980423199, 37.311140625821331 ], [ -121.875069613781093, 37.310429497473955 ], [ -121.875187362590438, 37.309724191634345 ], [ -121.87539109046736, 37.309031500524029 ], [ -121.875678833175698, 37.308358094696338 ], [ -121.876047817629356, 37.30771045881238 ], [ -121.876494488674041, 37.307094829213405 ], [ -121.877014543388071, 37.306517133890083 ], [ -121.877602972569335, 37.305982935425845 ], [ -121.878254109007045, 37.305497377462089 ], [ -121.878961682072074, 37.305065135199875 ], [ -121.879718878100107, 37.304690370413155 ], [ -121.880518405985853, 37.304376691405302 ], [ -121.881352567357837, 37.304127118293252 ], [ -121.882213330659553, 37.303944053952208 ], [ -121.883092408425782, 37.303829260899626 ], [ -121.883981337012656, 37.303783844340117 ], [ -121.884871558016513, 37.303808241533901 ], [ -121.885754500601422, 37.30390221759049 ], [ -121.886621663945846, 37.304064867728286 ], [ -121.887464699017897, 37.304294625978116 ], [ -121.888275488895758, 37.30458928024747 ], [ -121.889046226862391, 37.304945993600931 ], [ -121.889769491525826, 37.305361331552668 ], [ -121.890438318243682, 37.305831295109471 ], [ -121.891046266166086, 37.30635135924723 ], [ -121.891587480252326, 37.306916516451516 ], [ -121.891622347852206, 37.306961455450221 ], [ -121.891638736363873, 37.306978568787777 ], [ -121.892108004580422, 37.307583377034547 ], [ -121.892237187207698, 37.307793409999519 ], [ -121.892428369260344, 37.307993042015369 ], [ -121.892897650234005, 37.308597847077614 ], [ -121.893290463405904, 37.309236480186762 ], [ -121.893603024251831, 37.309902791740399 ], [ -121.893832320766663, 37.310590365444405 ], [ -121.89397614254365, 37.311292580080519 ], [ -121.894033102144633, 37.312002673253218 ], [ -121.894002648552316, 37.312713806503339 ], [ -121.893914812245484, 37.313240727581288 ], [ -121.894287423384355, 37.313376100528934 ], [ -121.895058280641379, 37.313732774217939 ], [ -121.89578166373083, 37.314148074921881 ], [ -121.896450606870246, 37.314618004006171 ], [ -121.897058668088988, 37.315138036778542 ], [ -121.89759999125549, 37.315703166026623 ], [ -121.898069362481678, 37.316307950202123 ], [ -121.898069389771635, 37.316307994559594 ], [ -121.898070169670405, 37.316308999448353 ], [ -121.898463067561579, 37.316947615032767 ], [ -121.898775706764326, 37.317613912595704 ], [ -121.899005074518826, 37.31830147597784 ], [ -121.89902895554205, 37.31841802430506 ], [ -121.89904760872254, 37.318473939219473 ], [ -121.899191494667178, 37.319176147245066 ], [ -121.899248509824929, 37.319886237670204 ], [ -121.899218102643005, 37.320597372062203 ], [ -121.899100563478825, 37.321302701740557 ], [ -121.898990913008248, 37.321675887030729 ], [ -121.89915640629664, 37.321792126333143 ], [ -121.899198229387267, 37.321771421407291 ], [ -121.899997858224623, 37.321457609665934 ], [ -121.900832145167954, 37.321207898018287 ], [ -121.901693057451581, 37.321024690673553 ], [ -121.902155837953941, 37.320964194896845 ], [ -121.901792708705457, 37.320374056285971 ], [ -121.901480031062007, 37.319707766844196 ], [ -121.901250636224788, 37.319020208344284 ], [ -121.901106731234933, 37.318318002843107 ], [ -121.901049699619847, 37.31760791327924 ], [ -121.901080088159546, 37.316896778329877 ], [ -121.901197601715708, 37.316191446545979 ], [ -121.901401106169217, 37.315498710399453 ], [ -121.901688639434681, 37.314825240877902 ], [ -121.902057430441815, 37.314177523256255 ], [ -121.902503925897989, 37.313561794663386 ], [ -121.903023824571164, 37.312983984043683 ], [ -121.90361211876052, 37.31244965509115 ], [ -121.904263142553873, 37.311963952703927 ], [ -121.904970626405628, 37.311531553474069 ], [ -121.905022800999021, 37.311505716792297 ], [ -121.905669849776473, 37.311110245487086 ], [ -121.906426973105752, 37.310735308175957 ], [ -121.907226453538541, 37.310421446977031 ], [ -121.90806059315949, 37.31017168376151 ], [ -121.908903530983622, 37.309992219302984 ], [ -121.908904004456616, 37.309981110989412 ], [ -121.909021433317719, 37.309275771181213 ], [ -121.909224846440466, 37.308583021272824 ], [ -121.909512282619204, 37.307909532384485 ], [ -121.909880971718749, 37.307261789977794 ], [ -121.910327361427875, 37.306646031420335 ], [ -121.910541084383453, 37.306408439104324 ], [ -121.910810301291775, 37.306037067247239 ], [ -121.911330083429533, 37.305459219617148 ], [ -121.911918259031495, 37.304924848817983 ], [ -121.912569163327106, 37.304439100150972 ], [ -121.913276527921141, 37.304006650653669 ], [ -121.914033541155192, 37.303631664095626 ], [ -121.914832913682645, 37.303317750915625 ], [ -121.91566694862675, 37.303067933485387 ], [ -121.916527615647382, 37.30288461703249 ], [ -121.917406628205555, 37.302769566501702 ], [ -121.918295523284698, 37.302723889576669 ], [ -121.919185742803592, 37.30274802602424 ], [ -121.920068715940687, 37.302841743464413 ], [ -121.920935941580552, 37.303004139605484 ], [ -121.92159776587161, 37.303184298022131 ], [ -121.921318239900231, 37.302730158010903 ], [ -121.921005462038437, 37.302063920257403 ], [ -121.920775941772632, 37.301376399557803 ], [ -121.920631887353508, 37.300674217605398 ], [ -121.92057468374891, 37.299964137112347 ], [ -121.920604879396549, 37.299252996669004 ], [ -121.920722181016828, 37.298547644879605 ], [ -121.920925456532586, 37.297854874409062 ], [ -121.921212746063787, 37.297181356575848 ], [ -121.921581280887779, 37.2965335771204 ], [ -121.922027510179063, 37.295917773767229 ], [ -121.922547135268573, 37.295339876180741 ], [ -121.92288474907167, 37.295033031941621 ], [ -121.923098610105129, 37.294795181759056 ], [ -121.923686617700611, 37.294260751693372 ], [ -121.924337352697151, 37.293774937476613 ], [ -121.925044548329282, 37.293342416777527 ], [ -121.925801394564942, 37.292967354051207 ], [ -121.926600603665023, 37.292653360469807 ], [ -121.926842304036526, 37.292580926997744 ], [ -121.926845612337303, 37.29256102194433 ], [ -121.927048814841214, 37.291868240718912 ], [ -121.927336026211663, 37.291194707743664 ], [ -121.927704478478859, 37.290546908905007 ], [ -121.928150621612346, 37.289931082114087 ], [ -121.928670157772814, 37.289353157261111 ], [ -121.929258082749826, 37.288818699140123 ], [ -121.929908734185773, 37.288332853893188 ], [ -121.930615846119565, 37.287900299487823 ], [ -121.931372609324896, 37.287525200703641 ], [ -121.932171736861775, 37.287211169059958 ], [ -121.933005534211503, 37.286961228069018 ], [ -121.933865973320607, 37.28677778414793 ], [ -121.933944218046818, 37.286767529176714 ], [ -121.93389473068008, 37.286154478920828 ], [ -121.9339247940744, 37.285443334749225 ], [ -121.934041948387559, 37.284737969331843 ], [ -121.934245062961793, 37.284045175465053 ], [ -121.93453217946751, 37.283371624692876 ], [ -121.934779707532826, 37.282936297075686 ], [ -121.934883763540839, 37.28269218386616 ], [ -121.935252108529411, 37.282044361128406 ], [ -121.935698138779216, 37.281428505441198 ], [ -121.936217557537958, 37.280850546973006 ], [ -121.936805361725689, 37.280316050841627 ], [ -121.937455890147703, 37.279830163555033 ], [ -121.938162878027214, 37.279397563485624 ], [ -121.938919517332053, 37.27902241585258 ], [ -121.938939948063179, 37.279014384777504 ], [ -121.939034513796372, 37.278444739125845 ], [ -121.939034520813081, 37.27844471518533 ], [ -121.93903457575874, 37.278444384200725 ], [ -121.939237626987989, 37.277751581557787 ], [ -121.939524674365146, 37.277078018432888 ], [ -121.939892951500013, 37.276430181002851 ], [ -121.940338910049022, 37.275814307550604 ], [ -121.940442145356357, 37.275699417612749 ], [ -121.940805645203966, 37.275197409678078 ], [ -121.941324981214237, 37.274619428464327 ], [ -121.941912699924899, 37.274084906612956 ], [ -121.942563140964225, 37.273598990879655 ], [ -121.943270040396655, 37.273166359910626 ], [ -121.94402659104145, 37.272791179222608 ], [ -121.944825508004726, 37.272477061123539 ], [ -121.945659098794479, 37.272227029957911 ], [ -121.946519337345435, 37.272043493011026 ], [ -121.947397941242471, 37.271928217350471 ], [ -121.948286451402197, 37.271882312827266 ], [ -121.949176313448135, 37.271906221399576 ], [ -121.950058959999438, 37.271999712881303 ], [ -121.950925893084346, 37.27216188715628 ], [ -121.951768765888147, 37.272391182837112 ], [ -121.952579463052132, 37.272685392285162 ], [ -121.95335017875334, 37.273041682848209 ], [ -121.954073491816132, 37.273456624111731 ], [ -121.95474243713457, 37.273926220902673 ], [ -121.955350572719709, 37.274445951729177 ], [ -121.955892041727139, 37.275010812287199 ], [ -121.956361628867825, 37.275615363616808 ], [ -121.956754810659362, 37.276253784445558 ], [ -121.957067799031421, 37.276919927216397 ], [ -121.957297577865489, 37.27760737726193 ], [ -121.957441932113383, 37.278309514556113 ], [ -121.957499469212124, 37.279019577449645 ], [ -121.957469632585415, 37.279730727776304 ], [ -121.957352707098451, 37.280436116703264 ], [ -121.957149816409753, 37.281128950691681 ], [ -121.956862912241846, 37.281802556931964 ], [ -121.956494755670661, 37.282450447623631 ], [ -121.956048890610546, 37.283066382479575 ], [ -121.95594667357922, 37.283180168005011 ], [ -121.955582170210619, 37.283683695899668 ], [ -121.955062881452676, 37.284261740192697 ], [ -121.954475176761775, 37.284796327889381 ], [ -121.953824715735053, 37.285282309635903 ], [ -121.953117762834239, 37.285715004174342 ], [ -121.952530177050917, 37.286006407045221 ], [ -121.952528545616588, 37.286045227128291 ], [ -121.952411563644333, 37.286750610996947 ], [ -121.95220861003952, 37.287443436301459 ], [ -121.951921637130354, 37.288117030315853 ], [ -121.951921113755162, 37.288117951165617 ], [ -121.951920998204059, 37.288118222389123 ], [ -121.951552767716919, 37.288766097428557 ], [ -121.951106824288217, 37.289382013358185 ], [ -121.950669474017118, 37.289868762569647 ], [ -121.95059064779214, 37.289977630498761 ], [ -121.950071276734917, 37.290555652553955 ], [ -121.949483486885939, 37.291090215104241 ], [ -121.948832938662662, 37.291576169038024 ], [ -121.948125897366822, 37.292008833365259 ], [ -121.947369172839743, 37.292384040335982 ], [ -121.946570053854984, 37.292698175614603 ], [ -121.94573623788115, 37.292948213122195 ], [ -121.945142400038208, 37.293074872944949 ], [ -121.945175949562383, 37.29323815736025 ], [ -121.945233381660273, 37.293948225968919 ], [ -121.945203422407317, 37.294659372856792 ], [ -121.945086357848737, 37.295364749223921 ], [ -121.944883312981588, 37.296057561652134 ], [ -121.94459624101259, 37.296731137539417 ], [ -121.944227904633351, 37.297378989377428 ], [ -121.943781849489653, 37.297994877253167 ], [ -121.943262370097983, 37.298572868971206 ], [ -121.94267446853442, 37.299107397217163 ], [ -121.942023806292596, 37.29959331320984 ], [ -121.941316649772759, 37.300025936324715 ], [ -121.940559809926341, 37.300401099208784 ], [ -121.939760576638093, 37.300715187951198 ], [ -121.939338563836927, 37.300841696856622 ], [ -121.939158236692307, 37.301456779086827 ], [ -121.938871092409116, 37.302130340823723 ], [ -121.938502679815556, 37.302778174543555 ], [ -121.93805654529146, 37.303394040507669 ], [ -121.937536984117784, 37.303972006731712 ], [ -121.936948999158474, 37.304506506146787 ], [ -121.9362982527105, 37.304992390249396 ], [ -121.935591011985423, 37.305424978722229 ], [ -121.934865980348931, 37.305784299467007 ], [ -121.93480743623256, 37.305820107200198 ], [ -121.934050505060412, 37.306195227956202 ], [ -121.93325118247833, 37.306509272226528 ], [ -121.932417167916739, 37.306759214808949 ], [ -121.931556495263777, 37.306942647968533 ], [ -121.930677455422611, 37.307057804650455 ], [ -121.929788516382573, 37.307103575516692 ], [ -121.928898241577372, 37.307079519641661 ], [ -121.928015207319788, 37.306985868763498 ], [ -121.927147920111665, 37.306823525049687 ], [ -121.926486050227041, 37.306643398010102 ], [ -121.926765622225247, 37.30709752562889 ], [ -121.92707847248424, 37.307763747886611 ], [ -121.927308070326461, 37.30845125608532 ], [ -121.927452202444186, 37.309153429638208 ], [ -121.927509478411196, 37.309863506546115 ], [ -121.927479344163856, 37.310574648507227 ], [ -121.927362087431661, 37.311280006768591 ], [ -121.927158835061604, 37.311972788086166 ], [ -121.926871542258311, 37.312646320157214 ], [ -121.926502973839817, 37.313294115895232 ], [ -121.926056677686617, 37.313909935927256 ], [ -121.92584298260293, 37.314147556479767 ], [ -121.925573811174317, 37.314518962767181 ], [ -121.925054076156201, 37.315096873396165 ], [ -121.92446591442615, 37.315631309941821 ], [ -121.92381498998418, 37.316117124506185 ], [ -121.923107571756603, 37.316549637441746 ], [ -121.922350473216596, 37.316924682456808 ], [ -121.921550986741508, 37.317238646775991 ], [ -121.920716813341144, 37.317488505967283 ], [ -121.919873819347146, 37.317668055365466 ], [ -121.919873347455777, 37.317679163720115 ], [ -121.919756007800331, 37.318384514179911 ], [ -121.919552665611505, 37.319077282115586 ], [ -121.919265276958726, 37.319750795353187 ], [ -121.918896607582951, 37.320398566987478 ], [ -121.918450206336985, 37.321014357877587 ], [ -121.918018202997303, 37.321494598513532 ], [ -121.917933649981933, 37.321611232350861 ], [ -121.917413806570366, 37.32218910893021 ], [ -121.916825534396679, 37.322723506975514 ], [ -121.916174498524882, 37.323209278959695 ], [ -121.915466968954874, 37.323641745645304 ], [ -121.91470976023254, 37.324016741186234 ], [ -121.913910165797034, 37.32433065328366 ], [ -121.913075887698454, 37.324580458008633 ], [ -121.912214962364445, 37.32476374895429 ], [ -121.911683072585177, 37.324833322031637 ], [ -121.911932712733176, 37.325238892666079 ], [ -121.912245506703783, 37.325905154064849 ], [ -121.912475023824172, 37.326592690846816 ], [ -121.912619051562643, 37.327294882149523 ], [ -121.91267620049679, 37.32800496580257 ], [ -121.912673817288336, 37.328060931864421 ], [ -121.912708850597994, 37.328231728481711 ], [ -121.912766001101787, 37.328941812063334 ], [ -121.912735718864951, 37.329652949694953 ], [ -121.912618293040964, 37.330358292665053 ], [ -121.912414852104291, 37.331051047876556 ], [ -121.912127353074709, 37.331724543277957 ], [ -121.911758562755878, 37.332372292135737 ], [ -121.911312031165011, 37.332988055528425 ], [ -121.910792057407363, 37.333565902459362 ], [ -121.91027798437041, 37.334032758619472 ], [ -121.910279300413734, 37.334031296154834 ], [ -121.910314696770854, 37.333982487228049 ], [ -121.910779297004112, 37.333560559069475 ], [ -121.911299270823264, 37.33298271219499 ], [ -121.911745802487332, 37.332366948850805 ], [ -121.912114592890418, 37.331719200033035 ], [ -121.912402092014418, 37.33104570466277 ], [ -121.912605533054858, 37.330352949473259 ], [ -121.912722958990869, 37.329647606515799 ], [ -121.912753241346977, 37.328936468887321 ], [ -121.912696090968524, 37.328226385299303 ], [ -121.912552060711008, 37.327524194118268 ], [ -121.912322540021165, 37.326836657513496 ], [ -121.912009741465155, 37.326170396345695 ], [ -121.911616679337584, 37.325531826423514 ], [ -121.911147140560118, 37.324927096740815 ], [ -121.910605648153151, 37.324362030288476 ], [ -121.909997417634088, 37.323842068010045 ], [ -121.909328306764309, 37.323372216439068 ], [ -121.908604759128991, 37.322956999521416 ], [ -121.907833742094326, 37.322600415084992 ], [ -121.907022679738361, 37.322305896374367 ], [ -121.906179381400705, 37.322076279019903 ], [ -121.905311966536942, 37.321913773757643 ], [ -121.904428786599723, 37.321819945161927 ], [ -121.903538344694994, 37.32179569659472 ], [ -121.902649213784812, 37.321841261515537 ], [ -121.901769954220242, 37.321956201235793 ], [ -121.900909031395187, 37.322139409138693 ], [ -121.900074734310678, 37.322389121324491 ], [ -121.899275095829921, 37.32270293357881 ], [ -121.898517815389582, 37.32307782450161 ], [ -121.89798563855274, 37.323402983796868 ], [ -121.897383461734407, 37.323701079559541 ], [ -121.896675818789873, 37.324133432771923 ], [ -121.896024639684029, 37.32461909277125 ], [ -121.895436195457805, 37.325153383373717 ], [ -121.894916153468017, 37.325731160050282 ], [ -121.894469522795575, 37.326346859433841 ], [ -121.894100605974771, 37.326994552861251 ], [ -121.893812957510164, 37.327668003436735 ], [ -121.89379796988672, 37.327718995349372 ], [ -121.893712846311018, 37.327918286322145 ], [ -121.893509236772815, 37.328611008772086 ], [ -121.893391631124459, 37.329316332493562 ], [ -121.893361164372649, 37.330027465092535 ], [ -121.893418132409749, 37.330737558040767 ], [ -121.893561989068857, 37.331439772628606 ], [ -121.893791351289011, 37.332127345830237 ], [ -121.894104012344059, 37.332793655447347 ], [ -121.894496963011818, 37.333432283903655 ], [ -121.894966420482476, 37.33403708007436 ], [ -121.895507864730547, 37.334602218555304 ], [ -121.896116082002806, 37.335122255798602 ], [ -121.896171302234805, 37.33516103689626 ], [ -121.896330544359301, 37.335297189966361 ], [ -121.896999680275982, 37.335767115513505 ], [ -121.89772328745866, 37.336182403859837 ], [ -121.898494396381949, 37.336539054613326 ], [ -121.899305579607926, 37.336833632173708 ], [ -121.900149023364008, 37.337063298851952 ], [ -121.901016602856728, 37.337225842227696 ], [ -121.901348171499166, 37.337261070454524 ], [ -121.901204211299998, 37.337279884694411 ], [ -121.901286487694648, 37.337681261275776 ], [ -121.901339774142428, 37.338344515904254 ], [ -121.901847416419898, 37.338579282154043 ], [ -121.902571077776514, 37.338994540518378 ], [ -121.90324028604762, 37.339464430358937 ], [ -121.903848596709722, 37.339984427361088 ], [ -121.904390151229251, 37.340549524656737 ], [ -121.904859733489999, 37.341154281005132 ], [ -121.905154677403488, 37.341633435822715 ], [ -121.905346578337429, 37.341833670227857 ], [ -121.90581617640953, 37.342438422709115 ], [ -121.906209277901596, 37.343077011617261 ], [ -121.906522095511889, 37.343743287775361 ], [ -121.906751614761305, 37.344430835230312 ], [ -121.906895623096347, 37.345133033016644 ], [ -121.906904617741773, 37.345244873766234 ], [ -121.907572416521745, 37.345627998859861 ], [ -121.908241715659443, 37.34609786000123 ], [ -121.908850115136715, 37.346617830886593 ], [ -121.909391755564897, 37.347182904899327 ], [ -121.909861420000524, 37.347787641022911 ], [ -121.910254584212339, 37.34842621620416 ], [ -121.91056746029453, 37.349092481398401 ], [ -121.910797033204702, 37.349780020758104 ], [ -121.91094108987248, 37.350482213395829 ], [ -121.910998240595376, 37.351192297128165 ], [ -121.910998238355063, 37.351192349694429 ], [ -121.910998269129152, 37.351192732051409 ], [ -121.910967961046893, 37.351903868510405 ], [ -121.910850483559855, 37.352609208995851 ], [ -121.910646965638577, 37.353301960434628 ], [ -121.910359365043021, 37.35397545081161 ], [ -121.910153659419279, 37.354336630730891 ], [ -121.910322436210706, 37.354341215848564 ], [ -121.91120600800987, 37.354434999887317 ], [ -121.912073813291883, 37.354597461282914 ], [ -121.912917496846291, 37.354827035883226 ], [ -121.913728935509511, 37.355121513363684 ], [ -121.914500316319575, 37.355478058490675 ], [ -121.915224211696412, 37.355893238397861 ], [ -121.915893650925923, 37.356363055613492 ], [ -121.916502187261173, 37.356882986522209 ], [ -121.917043959995837, 37.357448024892292 ], [ -121.917513750912491, 37.358052730050375 ], [ -121.917907034561807, 37.358691279241519 ], [ -121.91822002188772, 37.359357523671434 ], [ -121.91832514712398, 37.359672214144844 ], [ -121.918336011501538, 37.359695340333921 ], [ -121.918565688496173, 37.360382864115863 ], [ -121.918709838636531, 37.361085046833743 ], [ -121.918767071319365, 37.361795126399798 ], [ -121.91873683289441, 37.362506264486271 ], [ -121.918724456565869, 37.362580609845281 ], [ -121.919526257822895, 37.362871511649764 ], [ -121.920297746333645, 37.363228018489743 ], [ -121.921021749036143, 37.363643162434016 ], [ -121.921691294183077, 37.364112946357032 ], [ -121.922299934007825, 37.364632846964049 ], [ -121.922841806807725, 37.365197858315035 ], [ -121.923311693401828, 37.365802539996842 ], [ -121.923705067419462, 37.366441069480615 ], [ -121.924018138934088, 37.367107298161834 ], [ -121.924100060910547, 37.367352443788739 ], [ -121.924165750600267, 37.367492231620574 ], [ -121.924395505229711, 37.368179743699983 ], [ -121.924539725222758, 37.368881918960852 ], [ -121.924554894680043, 37.369069923542753 ], [ -121.924710786931229, 37.369141947512617 ], [ -121.925434871485407, 37.369557064075224 ], [ -121.92610449740134, 37.370026822648413 ], [ -121.9267132161349, 37.370546700181464 ], [ -121.92725516522367, 37.371111690956567 ], [ -121.927725124752101, 37.371716354758682 ], [ -121.928118567647161, 37.372354869231117 ], [ -121.928431703318992, 37.373021085913955 ], [ -121.928527070522975, 37.373306388536847 ], [ -121.928579000416221, 37.373416870792937 ], [ -121.928808813895543, 37.374104374002179 ], [ -121.928953086820954, 37.374806543606638 ], [ -121.929010427406098, 37.375516617645069 ], [ -121.928990911121517, 37.375976998993863 ], [ -121.929400261641476, 37.376125446590926 ], [ -121.930171934192174, 37.376481888201255 ], [ -121.930896120261608, 37.376896970871158 ], [ -121.931565846337335, 37.377366698064968 ], [ -121.932174662910953, 37.377886547034102 ], [ -121.932716706578034, 37.378451512335779 ], [ -121.933186756512356, 37.37905615400026 ], [ -121.933580284770329, 37.379694649884016 ], [ -121.933893499939813, 37.380360851706172 ], [ -121.933970336438719, 37.380590641107837 ], [ -121.934050972307105, 37.380762148816586 ], [ -121.934280858764367, 37.381449641015465 ], [ -121.934370889876504, 37.381887616164519 ], [ -121.934851334850521, 37.382162948358534 ], [ -121.935521133029241, 37.382632652821968 ], [ -121.936130020066329, 37.383152481099309 ], [ -121.936672131878893, 37.383717427947005 ], [ -121.937142246984592, 37.384322053572987 ], [ -121.937535836812174, 37.384960535988228 ], [ -121.937849109356577, 37.385626727041561 ], [ -121.937921878998239, 37.385844301691264 ], [ -121.938009497867967, 37.386030624701753 ], [ -121.938239436988042, 37.386718108928889 ], [ -121.938383822959963, 37.387420266418076 ], [ -121.938441262907972, 37.388130335324774 ], [ -121.938435141057241, 37.388275155326312 ], [ -121.939196708858972, 37.388626793740748 ], [ -121.939921062873879, 37.389041820383198 ], [ -121.940590954643739, 37.389511495700567 ], [ -121.941199933064951, 37.390031297443727 ], [ -121.941742133174884, 37.39059622062458 ], [ -121.942212332640892, 37.391200825678986 ], [ -121.942606002079373, 37.391839290815973 ], [ -121.94291934871849, 37.392505468050778 ], [ -121.943015915829662, 37.392794105213412 ], [ -121.94306892425476, 37.392906799458792 ], [ -121.943298931132759, 37.393594273481028 ], [ -121.943443377979605, 37.394296424448761 ], [ -121.94350087133293, 37.395006490580457 ], [ -121.943487365302119, 37.395326475725462 ], [ -121.943571164610674, 37.395356844617467 ], [ -121.944343103557912, 37.395713192567413 ], [ -121.945067554925203, 37.396128187245964 ], [ -121.945737542646199, 37.396597832964645 ], [ -121.946346614693667, 37.397117607759313 ], [ -121.94688890520348, 37.397682506901347 ], [ -121.947359190972605, 37.398287091058044 ], [ -121.947752941786248, 37.398925538639709 ], [ -121.948066364088888, 37.399591701830701 ], [ -121.948135027993388, 37.399796872252637 ], [ -121.948226642927182, 37.39999159176233 ], [ -121.948456719122873, 37.400679055365885 ], [ -121.94860122818362, 37.401381199669665 ], [ -121.948658776047566, 37.402091262956404 ], [ -121.948641649236293, 37.402497658422732 ], [ -121.948888675991, 37.402587159011013 ], [ -121.949221136676044, 37.402740597872842 ], [ -121.950003992329613, 37.402506161532138 ], [ -121.950865721295614, 37.402322593721493 ], [ -121.951745851622292, 37.402207286109771 ], [ -121.952635909534067, 37.402161348855984 ], [ -121.953527325757292, 37.402185224233534 ], [ -121.954411517952238, 37.402278682375879 ], [ -121.955279973270166, 37.402440823487517 ], [ -121.956124330244307, 37.402670086499803 ], [ -121.956162356295309, 37.402683860858538 ], [ -121.956650210859692, 37.402385716293942 ], [ -121.957408003678026, 37.402010451315647 ], [ -121.95820824707252, 37.401696243721204 ], [ -121.958475804765513, 37.401616096319081 ], [ -121.958651281727711, 37.401508849838009 ], [ -121.959409055587756, 37.401133571912261 ], [ -121.96020928116188, 37.400819350649726 ], [ -121.961044253360043, 37.400569211389204 ], [ -121.961905932819107, 37.400385562457565 ], [ -121.962786023254253, 37.400270172001129 ], [ -121.963676051273723, 37.400224150976591 ], [ -121.964567447891582, 37.400247942463871 ], [ -121.965451630956778, 37.400341317404056 ], [ -121.96632008770861, 37.400503376802796 ], [ -121.966678107185473, 37.400600553463605 ], [ -121.966991254166629, 37.400050185322982 ], [ -121.967437727551896, 37.39943421209118 ], [ -121.967957721535655, 37.398856115969465 ], [ -121.96854622749413, 37.39832146340256 ], [ -121.969197577471476, 37.397835402406166 ], [ -121.969905498777749, 37.397402613026671 ], [ -121.970663174391774, 37.397027262307276 ], [ -121.971463308587957, 37.396712964194151 ], [ -121.972298197155638, 37.39646274476609 ], [ -121.973159801536539, 37.396279013121735 ], [ -121.97403982616828, 37.396163538203837 ], [ -121.974929798292422, 37.396117431782194 ], [ -121.975821149460998, 37.396141137758967 ], [ -121.976705297960393, 37.396234427898449 ], [ -121.977401556455803, 37.396364291333796 ], [ -121.978040528327995, 37.39622800537979 ], [ -121.978920544808787, 37.396112493844484 ], [ -121.979810513309218, 37.396066350391685 ], [ -121.980701865416123, 37.39609001928001 ], [ -121.98158601940699, 37.396183272630921 ], [ -121.982454462800916, 37.396345212620659 ], [ -121.983298834246298, 37.396574280117029 ], [ -121.984111003959242, 37.396868269677675 ], [ -121.984372482870569, 37.396988853337035 ], [ -121.984772259606146, 37.396831761215878 ], [ -121.985607104891898, 37.396581447064811 ], [ -121.986468677883522, 37.396397617665109 ], [ -121.987348683320619, 37.396282042900644 ], [ -121.988238648629377, 37.396235835502566 ], [ -121.989130005427313, 37.39625944034519 ], [ -121.990014171946768, 37.39635263016654 ], [ -121.990882635586345, 37.396514507754581 ], [ -121.991727034799652, 37.396743514577828 ], [ -121.992539239535645, 37.397037445778174 ], [ -121.992609162077642, 37.397069684589198 ], [ -121.992824639527853, 37.397147662845967 ], [ -121.993596831952686, 37.397503686568164 ], [ -121.993777614017162, 37.397607129114604 ], [ -121.99417556466129, 37.397363709055618 ], [ -121.994933117844781, 37.396988201581422 ], [ -121.995733149431459, 37.396673737926697 ], [ -121.996567956197893, 37.396423345764191 ], [ -121.997429500372675, 37.396239435855726 ], [ -121.998309486972673, 37.396123778860293 ], [ -121.999199443605207, 37.396077488300861 ], [ -122.000090801971353, 37.396101009852245 ], [ -122.000974980288333, 37.396194117054527 ], [ -122.001306314808801, 37.396255844593242 ], [ -122.001431334595679, 37.396269008706042 ], [ -122.002299822008609, 37.396430801762889 ], [ -122.003144255286486, 37.396659726397104 ], [ -122.003956504050606, 37.396953578541897 ], [ -122.00454331088163, 37.397224056378469 ], [ -122.005007116633323, 37.396940284459227 ], [ -122.005764611040931, 37.396564707025156 ], [ -122.006564592465807, 37.396250169489363 ], [ -122.007399358167035, 37.395999700235905 ], [ -122.008260870768382, 37.395815710768915 ], [ -122.009140835590372, 37.395699972513427 ], [ -122.010030780449938, 37.395653599774597 ], [ -122.010922137161401, 37.395677039018643 ], [ -122.011806323957899, 37.39577006457796 ], [ -122.01267482804306, 37.395931780821954 ], [ -122.013519287481444, 37.39616063077257 ], [ -122.014331571642714, 37.396454411082104 ], [ -122.015103859428152, 37.396810293229457 ], [ -122.01582871452905, 37.397224850731689 ], [ -122.016499156994541, 37.397694092110143 ], [ -122.01710873042164, 37.398213499294386 ], [ -122.017651564121465, 37.398778071096231 ], [ -122.018122429663336, 37.399382371335854 ], [ -122.018516791252338, 37.400020581158437 ], [ -122.018830849453707, 37.400686555038995 ], [ -122.019061577841839, 37.401373879936841 ], [ -122.019206752218338, 37.402075937031682 ], [ -122.019264972115124, 37.402785965447521 ], [ -122.019235674372496, 37.403497127351301 ], [ -122.019119138657445, 37.404202573800077 ], [ -122.01906483772656, 37.404388247020485 ], [ -122.01942982512702, 37.40442661801508 ], [ -122.020274608444595, 37.404583841315258 ], [ -122.020623282028353, 37.404266742726307 ], [ -122.021274344724361, 37.403780392818184 ], [ -122.021982020404934, 37.403347289382594 ], [ -122.022739494411795, 37.402971602487156 ], [ -122.023539472958646, 37.402656949315094 ], [ -122.024233997054267, 37.40244846296379 ], [ -122.024262096785421, 37.401765260285586 ], [ -122.024378580101541, 37.401059808618676 ], [ -122.024581172787208, 37.400366862111404 ], [ -122.02486792152979, 37.399693093779902 ], [ -122.025236062805959, 37.399044991779412 ], [ -122.025682049571714, 37.398428796942795 ], [ -122.026201585485424, 37.397850442706662 ], [ -122.026789666331894, 37.397315498001888 ], [ -122.027440628246268, 37.396829113657844 ], [ -122.028148202272746, 37.396395972834711 ], [ -122.028905574731638, 37.396020245960045 ], [ -122.029705452814113, 37.395705550602052 ], [ -122.030540134773545, 37.395454916664384 ], [ -122.031401584039259, 37.395270757236787 ], [ -122.032281506541153, 37.395154845380652 ], [ -122.033171430503273, 37.395108297072632 ], [ -122.033542029066908, 37.395117970090254 ], [ -122.034365039986525, 37.39507491306469 ], [ -122.035256397397447, 37.395098167390898 ], [ -122.036140607625711, 37.395191009520012 ], [ -122.037009157649564, 37.395352545587471 ], [ -122.037853685091633, 37.395581220349989 ], [ -122.038666058667474, 37.395874832146617 ], [ -122.03943845641821, 37.396230554078734 ], [ -122.040163440977196, 37.396644961206185 ], [ -122.040834031148023, 37.39711406349825 ], [ -122.041443769106522, 37.397633344224019 ], [ -122.041986782580523, 37.39819780341314 ], [ -122.042457841409373, 37.39880200597046 ], [ -122.042672866563393, 37.399149765255466 ], [ -122.043180680844515, 37.398770218789473 ], [ -122.043406373090079, 37.39863201797904 ], [ -122.043283912821991, 37.398372536840618 ], [ -122.043052970735459, 37.397685259477839 ], [ -122.042907580679113, 37.396983231721912 ], [ -122.042849140479788, 37.396273214802171 ], [ -122.042878210478676, 37.395562046699176 ], [ -122.042994508229967, 37.394856576286173 ], [ -122.043196911316485, 37.394163597373215 ], [ -122.043431802942038, 37.393611270790444 ], [ -122.043566906218061, 37.393148693991314 ], [ -122.043853455919347, 37.392474878961188 ], [ -122.044221396813654, 37.391826717100798 ], [ -122.044667183786288, 37.391210449819788 ], [ -122.045186522419201, 37.390632011252542 ], [ -122.045774410396263, 37.390096971142157 ], [ -122.046425185709126, 37.389610481236751 ], [ -122.047132581197999, 37.389177225713112 ], [ -122.047889784901542, 37.388801376103224 ], [ -122.048689505635011, 37.388486551157037 ], [ -122.049524043166016, 37.388235782025944 ], [ -122.050385362313762, 37.388051483101314 ], [ -122.050817624377146, 37.387994464848688 ], [ -122.051029791297211, 37.387758111991317 ], [ -122.05161761478081, 37.387223042501894 ], [ -122.052268326979444, 37.386736520093088 ], [ -122.052975661340795, 37.386303229254679 ], [ -122.052996920832371, 37.386292675023135 ], [ -122.053172976250721, 37.386161037920367 ], [ -122.053880299911995, 37.385727741611333 ], [ -122.054637434674603, 37.385351848362554 ], [ -122.055437090017264, 37.38503697734415 ], [ -122.056271566336946, 37.38478616015108 ], [ -122.057132829041976, 37.384601811637403 ], [ -122.058012585857625, 37.384485706685126 ], [ -122.058902366602481, 37.384438963129817 ], [ -122.059793604670304, 37.384462031007864 ], [ -122.060677719436242, 37.38455468822707 ] ] ], [ [ [ -122.083406572643369, 37.389658960194822 ], [ -122.084077371666211, 37.390127815421096 ], [ -122.084687353236575, 37.390646871531537 ], [ -122.085230642738551, 37.391211130719121 ], [ -122.085702007355493, 37.391815159815081 ], [ -122.08609690648953, 37.39245314257667 ], [ -122.086411535532221, 37.393118935666401 ], [ -122.086642862563195, 37.393806127785922 ], [ -122.086788657621014, 37.394508101394912 ], [ -122.086847514261791, 37.395218096422745 ], [ -122.086818863194551, 37.395929275359372 ], [ -122.086702977858764, 37.396634789099195 ], [ -122.086500971886409, 37.397327842904268 ], [ -122.086214788469789, 37.398001761850992 ], [ -122.085847181733286, 37.398650055130226 ], [ -122.085401690285707, 37.399266478580266 ], [ -122.084882603204917, 37.399845094850136 ], [ -122.084294918779605, 37.400380330612514 ], [ -122.083644296403847, 37.400867030273787 ], [ -122.082937002086879, 37.401300505662995 ], [ -122.082179848101703, 37.401676581219398 ], [ -122.08138012735462, 37.401991634242094 ], [ -122.080545543108244, 37.402242629812889 ], [ -122.079684134736652, 37.402427150054152 ], [ -122.078804200229953, 37.402543417439624 ], [ -122.077914216197101, 37.402590311931924 ], [ -122.077022756140963, 37.402567381781296 ], [ -122.076138407795767, 37.4024748478814 ], [ -122.075269690326962, 37.402313601639356 ], [ -122.074424972194421, 37.402085196381286 ], [ -122.07361239047377, 37.401791832376148 ], [ -122.073216889998605, 37.401609855790674 ], [ -122.07343132265477, 37.401687274389111 ], [ -122.074276033245226, 37.40191568680811 ], [ -122.07514474393794, 37.402076940412698 ], [ -122.076029086338337, 37.402169481805849 ], [ -122.076920541338197, 37.402192419508211 ], [ -122.077810521252076, 37.402145532553426 ], [ -122.078690452616769, 37.402029272618606 ], [ -122.079551858853591, 37.401844759669359 ], [ -122.080386441993028, 37.401593771161735 ], [ -122.081186162671557, 37.401278724905275 ], [ -122.081943317627278, 37.400902655753079 ], [ -122.082650613944494, 37.400469186344303 ], [ -122.083301239330851, 37.399982492182097 ], [ -122.083888927748148, 37.399447261384474 ], [ -122.084408019763728, 37.398868649497238 ], [ -122.084853517041338, 37.398252229805543 ], [ -122.085221130446982, 37.39760393962414 ], [ -122.085507321307475, 37.396930023084927 ], [ -122.085709335426714, 37.396236970973909 ], [ -122.085825229533938, 37.395531458198356 ], [ -122.085853889912585, 37.394820279486957 ], [ -122.085795043033514, 37.394110283943142 ], [ -122.085649258093682, 37.393408309082012 ], [ -122.085628345249958, 37.393346181874342 ], [ -122.085580180883639, 37.393114260256297 ], [ -122.085348865776112, 37.392427066011919 ], [ -122.085034249124021, 37.391761270043617 ], [ -122.084639362728325, 37.391123283677523 ], [ -122.08416801107488, 37.390519250285784 ], [ -122.0836247346367, 37.38995498615256 ], [ -122.083014766104654, 37.389435924494251 ], [ -122.083009083306763, 37.38943195237259 ], [ -122.083406572643369, 37.389658960194822 ] ] ], [ [ [ -122.072501908583547, 37.401348070511389 ], [ -122.071729300405323, 37.400992566434077 ], [ -122.071191750926573, 37.400685535557898 ], [ -122.071246267151125, 37.400705219536555 ], [ -122.071277675008943, 37.400713713219226 ], [ -122.07184613996057, 37.401038400186913 ], [ -122.072581927938273, 37.401376960815128 ], [ -122.072501908583547, 37.401348070511389 ] ] ], [ [ [ -122.167589751696028, 37.726336798059947 ], [ -122.167722563183474, 37.726728205415668 ], [ -122.167785156571924, 37.726792801578064 ], [ -122.167827622272085, 37.726822294457797 ], [ -122.168440951335199, 37.727340895318044 ], [ -122.1689873372476, 37.727904745116568 ], [ -122.169461517371019, 37.72850841462467 ], [ -122.169502088111926, 37.728573514774865 ], [ -122.169563742163646, 37.728652004340766 ], [ -122.169961150424115, 37.729289680416883 ], [ -122.170277956292551, 37.729955223101335 ], [ -122.170454681280489, 37.730475961340353 ], [ -122.17088418641319, 37.730839092338854 ], [ -122.171430616575321, 37.731402930484826 ], [ -122.171904838859703, 37.732006589814347 ], [ -122.171961777136431, 37.73209794306176 ], [ -122.1721183247749, 37.732297216639147 ], [ -122.17251577444253, 37.732934883717952 ], [ -122.172832618723561, 37.733600419135364 ], [ -122.173065804349605, 37.734287414073783 ], [ -122.173167069893395, 37.73476998293058 ], [ -122.173338633311133, 37.734867308060075 ], [ -122.174013114895303, 37.735335630499499 ], [ -122.174626557371198, 37.735854198435909 ], [ -122.175173052795813, 37.736418018760546 ], [ -122.175647337476363, 37.737021662528505 ], [ -122.176044842687347, 37.737659317205875 ], [ -122.17636173871206, 37.738324842613487 ], [ -122.176403290053614, 37.738447232953227 ], [ -122.176883128428742, 37.738852822838375 ], [ -122.177429663022465, 37.739416632417004 ], [ -122.177903985168371, 37.740020266801508 ], [ -122.178301525780071, 37.740657913548375 ], [ -122.17851453505773, 37.741105212983022 ], [ -122.178590040737319, 37.741169030410248 ], [ -122.179136605314156, 37.741732831854634 ], [ -122.17961095610768, 37.742336459135167 ], [ -122.180008523755674, 37.742974099876697 ], [ -122.180325477940116, 37.743639614034322 ], [ -122.180511235107659, 37.744186630576678 ], [ -122.180688774454708, 37.744309870247704 ], [ -122.181302337592328, 37.744828402654583 ], [ -122.181848949660846, 37.745392191173316 ], [ -122.182323345844338, 37.745995807165279 ], [ -122.182720956343488, 37.746633438364043 ], [ -122.183037950427561, 37.747298944816535 ], [ -122.183085251087633, 37.747438213298047 ], [ -122.18347320389411, 37.747766049083701 ], [ -122.184019854041466, 37.748329827254182 ], [ -122.184494286613059, 37.748933434207977 ], [ -122.184891931459063, 37.749571057765678 ], [ -122.18500398044938, 37.749806272184067 ], [ -122.185274978532121, 37.749959932158767 ], [ -122.185949672331361, 37.750428185088637 ], [ -122.186518794741488, 37.750909065980423 ], [ -122.186994628698471, 37.750996499076429 ], [ -122.187843658511227, 37.751224084267101 ], [ -122.188264622907056, 37.751374855020821 ], [ -122.187991951095768, 37.752016179397771 ], [ -122.187959773708243, 37.752126587849688 ], [ -122.187891922445374, 37.752286171763757 ], [ -122.1876898935041, 37.752979370715458 ], [ -122.187574409112415, 37.753684954364481 ], [ -122.187546583879694, 37.754396127806451 ], [ -122.187606688288483, 37.755106042113404 ], [ -122.187754145993111, 37.755807860290432 ], [ -122.187987539274502, 37.756494823124761 ], [ -122.188304622601976, 37.757160314292875 ], [ -122.188702344175525, 37.757797924098448 ], [ -122.189176875243689, 37.758401511226332 ], [ -122.18972364691804, 37.758965261916813 ], [ -122.190337394131447, 37.759483745989399 ], [ -122.19101220631886, 37.759951969175049 ], [ -122.191741584333258, 37.760365421251592 ], [ -122.19251850304893, 37.760720119516989 ], [ -122.193335479048642, 37.761012647180983 ], [ -122.194184642741646, 37.761240186303326 ], [ -122.195057814216128, 37.761400544960466 ], [ -122.195946582093242, 37.761492178377878 ], [ -122.196842384620041, 37.761514203823907 ], [ -122.197736592217467, 37.761466409120416 ], [ -122.198620590684342, 37.761349254688689 ], [ -122.199485864252765, 37.761163869110185 ], [ -122.199883968281753, 37.761044264633753 ], [ -122.200165920761265, 37.760983853388367 ], [ -122.201004129863506, 37.76073201767997 ], [ -122.201807203995642, 37.760416162807523 ], [ -122.202567407590536, 37.760039331410432 ], [ -122.203277418367662, 37.759605153466794 ], [ -122.203930397892961, 37.759117811300797 ], [ -122.204137231086506, 37.758929866052682 ], [ -122.204581532893542, 37.759088906594279 ], [ -122.205358499550456, 37.759443520308778 ], [ -122.206087952397894, 37.759856883648268 ], [ -122.206762867223674, 37.760325016630013 ], [ -122.207376744566872, 37.760843411854189 ], [ -122.207394015472076, 37.760861211492177 ], [ -122.208074139433862, 37.760986037788449 ], [ -122.208923347949522, 37.761213470737104 ], [ -122.209740393951492, 37.76150588467609 ], [ -122.210517410505943, 37.76186046423787 ], [ -122.211246915784869, 37.762273795479189 ], [ -122.211777539917762, 37.762641793609873 ], [ -122.212241267592773, 37.762765969924459 ], [ -122.213058343726118, 37.763058360787404 ], [ -122.213835392351811, 37.763412918382954 ], [ -122.214564931333186, 37.763826228979276 ], [ -122.215239935629072, 37.764294313101445 ], [ -122.215504313838352, 37.764517518766652 ], [ -122.21556273763818, 37.764528236958796 ], [ -122.216412009564351, 37.764755615818672 ], [ -122.217229123993306, 37.765047977671514 ], [ -122.218006213332743, 37.765402507651366 ], [ -122.21873579505413, 37.765815792292273 ], [ -122.219410843704992, 37.76628385236927 ], [ -122.220024858536277, 37.766802181184573 ], [ -122.220435482616779, 37.767225220477272 ], [ -122.220761613550593, 37.767258771856412 ], [ -122.221634913094562, 37.767418933476009 ], [ -122.2221216274867, 37.767549210347951 ], [ -122.221993468391233, 37.767566220692892 ], [ -122.221128176443415, 37.76775177127103 ], [ -122.220289956374856, 37.768003749761959 ], [ -122.219486878818074, 37.768319730127907 ], [ -122.218726676325318, 37.768696670089525 ], [ -122.218016668958285, 37.769130940394682 ], [ -122.2173636938345, 37.769618359735908 ], [ -122.216774039306685, 37.770154234982193 ], [ -122.216253384408503, 37.770733406338628 ], [ -122.216150634106754, 37.770875324079363 ], [ -122.216143374687604, 37.770883399270488 ], [ -122.215696732613068, 37.771500289499194 ], [ -122.21532840794508, 37.772148958962717 ], [ -122.215041949517982, 37.77282316135792 ], [ -122.214840118085334, 37.773516404343937 ], [ -122.214724859655419, 37.774222012044277 ], [ -122.214697286663196, 37.774933189322326 ], [ -122.214757667163468, 37.775643087212579 ], [ -122.214905422152853, 37.776344868877707 ], [ -122.215139131050037, 37.777031775456059 ], [ -122.215456545285335, 37.777697191165537 ], [ -122.21585460987194, 37.778334707036215 ], [ -122.21632949275471, 37.778938182657342 ], [ -122.216876621656326, 37.779501805343067 ], [ -122.217490728068313, 37.780020146145645 ], [ -122.218165897964937, 37.780488212175989 ], [ -122.21829585155912, 37.780561811977563 ], [ -122.218535907997691, 37.780728229707229 ], [ -122.219265643202206, 37.78114150994918 ], [ -122.220042910633737, 37.78149602549481 ], [ -122.22086022351472, 37.781788361313971 ], [ -122.221709709008024, 37.782015701314549 ], [ -122.222583184100728, 37.782175855491154 ], [ -122.222655694165823, 37.782183312327454 ], [ -122.222833207248058, 37.782215858868483 ], [ -122.223722258421887, 37.78230728253078 ], [ -122.224618320184405, 37.782329096820924 ], [ -122.225512760458386, 37.782281091594996 ], [ -122.226396962800692, 37.782163729302248 ], [ -122.226398065201693, 37.782163492904978 ], [ -122.226546976581943, 37.782143726850556 ], [ -122.227412422652492, 37.781958136973039 ], [ -122.228250776032937, 37.781706108464455 ], [ -122.229053961036428, 37.781390069150092 ], [ -122.229814241028393, 37.781013063445791 ], [ -122.230524292993252, 37.780578723008489 ], [ -122.23117727810137, 37.78009123172717 ], [ -122.231766907595386, 37.779555285393187 ], [ -122.232287503360268, 37.778976046439418 ], [ -122.232734052593685, 37.778359094185646 ], [ -122.233102256050287, 37.777710371070903 ], [ -122.23338856939732, 37.777036125391703 ], [ -122.233590237284133, 37.776342851099251 ], [ -122.233705319800848, 37.77563722523616 ], [ -122.233732711073714, 37.774926043616333 ], [ -122.233731646276937, 37.774913562375659 ], [ -122.233732706155934, 37.774886043615581 ], [ -122.233672144936619, 37.774176155362042 ], [ -122.233524216971077, 37.773474396959067 ], [ -122.233331256465632, 37.772907671042056 ], [ -122.233462514264076, 37.772998645663868 ], [ -122.233814922714615, 37.773296020520533 ], [ -122.234272823841067, 37.773459757187062 ], [ -122.235050082505296, 37.773814174287402 ], [ -122.235779841654079, 37.774227352828611 ], [ -122.236455074127292, 37.774695314607293 ], [ -122.237069277406547, 37.775213553872248 ], [ -122.237616536225104, 37.775777080679738 ], [ -122.237662258432636, 37.775835156405584 ], [ -122.238112835475192, 37.775955679424506 ], [ -122.238930158494725, 37.776247890275862 ], [ -122.239707468553306, 37.776602276496739 ], [ -122.240437280998194, 37.777015426005413 ], [ -122.241112568156254, 37.777483360878001 ], [ -122.241726826982756, 37.778001575622383 ], [ -122.242274141676219, 37.778565080530988 ], [ -122.242469591959207, 37.778813301126526 ], [ -122.243217600598314, 37.779013339665063 ], [ -122.243879000863103, 37.779249761032261 ], [ -122.243879003956508, 37.780527997291067 ], [ -122.243179004766873, 37.781227999484408 ], [ -122.243586967623287, 37.781788953945728 ], [ -122.243979004735095, 37.782328000925908 ], [ -122.243889446934617, 37.782353588782051 ], [ -122.243279002603131, 37.782527998571453 ], [ -122.243379004567188, 37.783527998865068 ], [ -122.2438668445768, 37.783365386647269 ], [ -122.244279000640063, 37.783228000106512 ], [ -122.247280003781512, 37.786027997913337 ], [ -122.247380003887713, 37.786127999643682 ], [ -122.248080000471333, 37.786528000002697 ], [ -122.248679999199439, 37.786327999006126 ], [ -122.250273505127211, 37.786859199667127 ], [ -122.25378000289416, 37.788027999951971 ], [ -122.257531604495497, 37.786683120262452 ], [ -122.257759306087365, 37.786972162731281 ], [ -122.258083947870418, 37.787491434201286 ], [ -122.258273599240894, 37.787577845400278 ], [ -122.259003622801359, 37.787990879164845 ], [ -122.259679126715412, 37.788458706768942 ], [ -122.259789376806353, 37.788551668295689 ], [ -122.259820553032895, 37.788573259416061 ], [ -122.26005316906371, 37.78876939710954 ], [ -122.259280000844512, 37.789427999993727 ], [ -122.259880004183003, 37.789928001112301 ], [ -122.260848634598062, 37.789516971563799 ], [ -122.260982572457976, 37.78965479258278 ], [ -122.261457894362223, 37.79025808514622 ], [ -122.261548550366413, 37.790403070593818 ], [ -122.261491973326017, 37.790420095701705 ], [ -122.260688828749352, 37.790736355438312 ], [ -122.259928605989558, 37.791113559533635 ], [ -122.259218625304882, 37.791548076191908 ], [ -122.258565723557567, 37.792035721733214 ], [ -122.257976188395872, 37.792571800847945 ], [ -122.257878545754792, 37.792680486378885 ], [ -122.257646177768436, 37.792891780710306 ], [ -122.257125682261716, 37.793471130149449 ], [ -122.256679244809149, 37.794088173073732 ], [ -122.256311166116802, 37.794736967873412 ], [ -122.256024992652755, 37.795411267037558 ], [ -122.255823482428795, 37.796104577292645 ], [ -122.255708578362146, 37.796810222113365 ], [ -122.255681389477033, 37.797521406004741 ], [ -122.255742180130824, 37.798231279936758 ], [ -122.25589036737135, 37.79893300730194 ], [ -122.256124526455196, 37.799619829760857 ], [ -122.256442404477355, 37.800285132340861 ], [ -122.256840941984166, 37.800922507161076 ], [ -122.257316302365211, 37.801525815168716 ], [ -122.257863908743246, 37.802089245291967 ], [ -122.258478488009715, 37.802607370437599 ], [ -122.259154121582981, 37.803075199793547 ], [ -122.259884302401574, 37.803488226930966 ], [ -122.260661997603947, 37.803842473241147 ], [ -122.261088163108624, 37.803994680761853 ], [ -122.260947946328457, 37.804188473673356 ], [ -122.260927988645676, 37.804223651889728 ], [ -122.260654875961521, 37.804471972778067 ], [ -122.260134322755533, 37.805051334256504 ], [ -122.259687840679874, 37.805668387248481 ], [ -122.259452659768741, 37.806082899520653 ], [ -122.258837675357796, 37.80573504343252 ], [ -122.258162019576048, 37.805267212495657 ], [ -122.257813051338971, 37.804973022475039 ], [ -122.257198288990324, 37.80505476502622 ], [ -122.256303594922414, 37.80510301039854 ], [ -122.255407249072348, 37.805081436983578 ], [ -122.254517886254902, 37.804990252604803 ], [ -122.253644073956181, 37.804830335668164 ], [ -122.252794229730682, 37.804603226692819 ], [ -122.251976540048346, 37.804311113458503 ], [ -122.251198881377462, 37.803956809913188 ], [ -122.250468744265675, 37.803543729044812 ], [ -122.249793161153207, 37.803075849979571 ], [ -122.249178638615092, 37.802557679625103 ], [ -122.249138893559206, 37.802516778876026 ], [ -122.249040988525579, 37.80243422347845 ], [ -122.248493446551507, 37.801870752430212 ], [ -122.248339298736724, 37.801675075485178 ], [ -122.247719577728787, 37.801245853758111 ], [ -122.247105084804758, 37.800727672424124 ], [ -122.247093398571195, 37.800715645536783 ], [ -122.246964390070232, 37.800606855605473 ], [ -122.246416877327789, 37.8000433747263 ], [ -122.245941614991608, 37.79944002262858 ], [ -122.245543178994154, 37.798802610808693 ], [ -122.245378703608722, 37.798458245820278 ], [ -122.245345696361454, 37.798446450908962 ], [ -122.244568130745023, 37.798092103261332 ], [ -122.243838088182272, 37.797678980899043 ], [ -122.243162600202439, 37.797211063348072 ], [ -122.242548172463927, 37.79669285788669 ], [ -122.242498477565761, 37.796641706379255 ], [ -122.242410928138369, 37.796567866621061 ], [ -122.241863479725566, 37.796004364184789 ], [ -122.241699644514327, 37.795796340466467 ], [ -122.241640214335135, 37.795775100492278 ], [ -122.241503686831663, 37.795712875622314 ], [ -122.241457574835067, 37.795696395375984 ], [ -122.240680056566234, 37.795342021915424 ], [ -122.239950062668157, 37.794928875277485 ], [ -122.239274624201116, 37.79446093522197 ], [ -122.238660246346427, 37.793942709243936 ], [ -122.23811284574505, 37.79337918912654 ], [ -122.237644861701369, 37.792784905643501 ], [ -122.23739019568346, 37.79273825365344 ], [ -122.236540539550916, 37.792511027063924 ], [ -122.235723046952273, 37.79221880050347 ], [ -122.234945592456597, 37.791864389011799 ], [ -122.234215664644026, 37.791451206616621 ], [ -122.233540293938063, 37.790983233422203 ], [ -122.232925984867151, 37.790464977242756 ], [ -122.232378653409484, 37.789901430152383 ], [ -122.232183207673287, 37.789653193327112 ], [ -122.231435121599219, 37.789453085171615 ], [ -122.230617682749781, 37.789160823058182 ], [ -122.229840284629248, 37.788806377712589 ], [ -122.229110415274562, 37.788393163488692 ], [ -122.228435104545895, 37.7879251607973 ], [ -122.227820856393748, 37.787406877736764 ], [ -122.227273586209421, 37.786843306640108 ], [ -122.227227865348766, 37.786785227000628 ], [ -122.226777240273975, 37.786664662618961 ], [ -122.225959850444241, 37.786372368070616 ], [ -122.225182503739717, 37.786017891840586 ], [ -122.22445268770187, 37.78560464858019 ], [ -122.223777431677078, 37.785136618979998 ], [ -122.223425007235903, 37.784839214751443 ], [ -122.222967059871578, 37.78467543628792 ], [ -122.222189745210898, 37.784320940220667 ], [ -122.221459962498699, 37.783907678311621 ], [ -122.220787134887317, 37.783441290997452 ], [ -122.220346681518691, 37.783323415901137 ], [ -122.219529353767427, 37.783031076602938 ], [ -122.218752072723333, 37.782676557769669 ], [ -122.218022325295095, 37.782263274463133 ], [ -122.217347140167931, 37.781795207759572 ], [ -122.216896241703253, 37.781414632832401 ], [ -122.216653892593513, 37.781370185368694 ], [ -122.215804429958638, 37.781142808918524 ], [ -122.214987144080652, 37.780850438021858 ], [ -122.214209907536485, 37.7804958891087 ], [ -122.213480206805926, 37.780082577530656 ], [ -122.212805070124233, 37.779614484636234 ], [ -122.212190999764857, 37.779096119392655 ], [ -122.211780357016821, 37.778673052272808 ], [ -122.211454180025939, 37.778639476115728 ], [ -122.210580770520394, 37.778479239398223 ], [ -122.209731359538608, 37.778251819079252 ], [ -122.208914129375387, 37.777959405937857 ], [ -122.208136952070618, 37.777604816811014 ], [ -122.207407313533238, 37.77719146743766 ], [ -122.20673224139918, 37.776723339530385 ], [ -122.206467846107799, 37.776500114672906 ], [ -122.206409414204487, 37.776489391995995 ], [ -122.205560038748501, 37.776261941546174 ], [ -122.204742846898739, 37.77596949938966 ], [ -122.203965710325861, 37.775614882642941 ], [ -122.203236114546286, 37.77520150731096 ], [ -122.202705443012661, 37.774833471545342 ], [ -122.202241655947361, 37.774709257982231 ], [ -122.201424494243128, 37.774416792745726 ], [ -122.200647389755872, 37.774062154029423 ], [ -122.199917827692829, 37.773648758049916 ], [ -122.19924283495294, 37.773180586968742 ], [ -122.198628912422663, 37.772662150506171 ], [ -122.198611640874091, 37.772644349620805 ], [ -122.197931426078625, 37.772519468984271 ], [ -122.197082121976194, 37.77229195730083 ], [ -122.19626500717726, 37.771999456179778 ], [ -122.195487952609923, 37.771644783305639 ], [ -122.194758443000268, 37.771231355224018 ], [ -122.194083504741855, 37.770763154405707 ], [ -122.193651704144159, 37.7703984624372 ], [ -122.193427133321421, 37.770357222743627 ], [ -122.192577867734855, 37.770129678526239 ], [ -122.191760794455334, 37.769837146076561 ], [ -122.190983784010854, 37.769482443380888 ], [ -122.190254320702323, 37.769068987272092 ], [ -122.189579430477025, 37.768600760490912 ], [ -122.189356804917679, 37.768412711425881 ], [ -122.189246139117415, 37.768392384262356 ], [ -122.188396908799433, 37.768164809848599 ], [ -122.18757987359453, 37.767872248322064 ], [ -122.186802903663803, 37.767517517949074 ], [ -122.186073482917735, 37.767104035829178 ], [ -122.185406200388414, 37.766641033039363 ], [ -122.18492450948871, 37.766511931194238 ], [ -122.184107506136513, 37.766219345518174 ], [ -122.183330570072741, 37.765864592158003 ], [ -122.182601184881534, 37.765451088434659 ], [ -122.181926375757357, 37.764982817547498 ], [ -122.181825084903096, 37.764897240339508 ], [ -122.181159035911776, 37.76471869977766 ], [ -122.180342067109635, 37.764426087914494 ], [ -122.179565167779614, 37.764071309627809 ], [ -122.178835821151779, 37.763657782478596 ], [ -122.178161052049035, 37.763189489891943 ], [ -122.177591889666076, 37.762708569660177 ], [ -122.17711599176603, 37.76262109878023 ], [ -122.176266864579262, 37.762393436760185 ], [ -122.175449940614826, 37.762100790875614 ], [ -122.174673088961711, 37.761745980205561 ], [ -122.173943792390574, 37.761332422622992 ], [ -122.173269075241933, 37.760864101846074 ], [ -122.172655435746648, 37.760345529036911 ], [ -122.172108783431455, 37.75978169931907 ], [ -122.171634382213071, 37.759178043634044 ], [ -122.171236799728547, 37.758540376401569 ], [ -122.171124818728771, 37.758305228158235 ], [ -122.170853761208136, 37.758151502824354 ], [ -122.17017909242216, 37.757683164103973 ], [ -122.169565500764051, 37.757164574925206 ], [ -122.169018895299644, 37.756600730569275 ], [ -122.16854453949442, 37.755997062118702 ], [ -122.168147000547975, 37.75535938411609 ], [ -122.167830105452182, 37.75469383853325 ], [ -122.167782798609181, 37.754554475260399 ], [ -122.167394930439656, 37.754226631189042 ], [ -122.166848363058605, 37.753662776483942 ], [ -122.166374043642747, 37.753059098994932 ], [ -122.165976539041324, 37.752421413351755 ], [ -122.16565967591545, 37.751755861599705 ], [ -122.165474009158601, 37.751208822355615 ], [ -122.165296478564414, 37.75108555990974 ], [ -122.164682975461844, 37.75056694473033 ], [ -122.164136455577847, 37.750003077098306 ], [ -122.163662181553505, 37.749399388320342 ], [ -122.163264719800864, 37.748761693134902 ], [ -122.163051780372768, 37.748314366718198 ], [ -122.162976280778139, 37.748250539413121 ], [ -122.162429790880623, 37.747686663646036 ], [ -122.161955545504824, 37.747082967763852 ], [ -122.161558110786928, 37.746445266573403 ], [ -122.161241312715049, 37.745779702269715 ], [ -122.161199782245276, 37.745657306735701 ], [ -122.160719985537867, 37.745251653458688 ], [ -122.160173534813993, 37.744687766944537 ], [ -122.159699326904899, 37.744084061678613 ], [ -122.159301927585886, 37.743446352558109 ], [ -122.158985162504223, 37.742780781854442 ], [ -122.158752080394692, 37.742093760029491 ], [ -122.158650898474519, 37.74161117937799 ], [ -122.158479338725442, 37.741513832974512 ], [ -122.157804898967782, 37.741045422110496 ], [ -122.157191531028388, 37.740526767060487 ], [ -122.156645141818004, 37.739962863740281 ], [ -122.156170992719055, 37.739359143800264 ], [ -122.156114068290108, 37.73926778303364 ], [ -122.155957548883336, 37.739068488426511 ], [ -122.15556020849013, 37.738430766154806 ], [ -122.155243498294269, 37.737765184837365 ], [ -122.155066862554136, 37.737244424416993 ], [ -122.154637397693577, 37.736881236151682 ], [ -122.154529552603194, 37.736769923235052 ], [ -122.154522663811051, 37.736765138174576 ], [ -122.153909354101359, 37.736246465672536 ], [ -122.153363021260731, 37.735682546734118 ], [ -122.153254825846844, 37.735544766976759 ], [ -122.153248043056038, 37.73553776575244 ], [ -122.152773949781491, 37.734934031701428 ], [ -122.152376658807597, 37.734296298258926 ], [ -122.152059994738252, 37.733630707930466 ], [ -122.151961976884039, 37.733341675583581 ], [ -122.151396215993486, 37.732863166672793 ], [ -122.150849927089226, 37.73229923576838 ], [ -122.150375873950878, 37.731695491747246 ], [ -122.150304350249641, 37.731580669992432 ], [ -122.150278229616191, 37.731547402856819 ], [ -122.149880978157682, 37.730909660644784 ], [ -122.149564350864765, 37.730244063239418 ], [ -122.149331395145566, 37.729557021359696 ], [ -122.149184352317235, 37.728855152089814 ], [ -122.149128465195886, 37.72819073774626 ], [ -122.148854780344465, 37.727615377163573 ], [ -122.148621839422049, 37.726928333586187 ], [ -122.148474808493575, 37.726226463130068 ], [ -122.148415101169221, 37.725516525510706 ], [ -122.148443289972192, 37.724805357946813 ], [ -122.148559100920636, 37.724099809308846 ], [ -122.148761416262673, 37.723406674163144 ], [ -122.149048285334317, 37.722732627346261 ], [ -122.149416943432044, 37.722084159699307 ], [ -122.149863838515301, 37.721467515580521 ], [ -122.150384665478271, 37.720888632757259 ], [ -122.150974407658936, 37.720353085254665 ], [ -122.151540885270848, 37.719930550422532 ], [ -122.151454489393714, 37.720226601123308 ], [ -122.151338711959824, 37.720932153048004 ], [ -122.151310552325455, 37.721643321749461 ], [ -122.151370284191302, 37.722353258346196 ], [ -122.15151733479756, 37.723055125629287 ], [ -122.151750290344225, 37.72374216391372 ], [ -122.152066909515327, 37.724407756149837 ], [ -122.152115546196583, 37.72448583981901 ], [ -122.152127314757337, 37.724510579204285 ], [ -122.152524551290284, 37.725148314508502 ], [ -122.152998580126265, 37.725752050530673 ], [ -122.153544837214326, 37.726315972077231 ], [ -122.154158062444409, 37.726834647322121 ], [ -122.154832350280273, 37.727303080154989 ], [ -122.155561206626885, 37.727716758334161 ], [ -122.156337611385084, 37.728071696979647 ], [ -122.157154086090031, 37.728364476985554 ], [ -122.158002765981735, 37.728592277980688 ], [ -122.158875475810532, 37.728752905518689 ], [ -122.159763808646318, 37.728844812234811 ], [ -122.160659206928486, 37.728867112764526 ], [ -122.161553044973388, 37.72881959227972 ], [ -122.162436712140817, 37.728702708560107 ], [ -122.163301695854841, 37.728517587579361 ], [ -122.164139663676181, 37.728266012649236 ], [ -122.16494254363154, 37.727950407226132 ], [ -122.164999895450393, 37.727921990704942 ], [ -122.165148829823337, 37.727863444832501 ], [ -122.165908886281017, 37.727486847817261 ], [ -122.166618800191884, 37.727052888340793 ], [ -122.167271734053429, 37.72656574662345 ], [ -122.167569838396417, 37.726294959077002 ], [ -122.167589751696028, 37.726336798059947 ] ] ], [ [ [ -122.275142663368342, 37.795183835792386 ], [ -122.275960343650624, 37.795475788911048 ], [ -122.275997322236449, 37.79549262828349 ], [ -122.276151800288474, 37.795547783775426 ], [ -122.276929489923347, 37.795901923340317 ], [ -122.277659699059541, 37.796314840975896 ], [ -122.278335396205833, 37.796782560990927 ], [ -122.278950074371295, 37.797300579962211 ], [ -122.279259785795318, 37.797619106958948 ], [ -122.278824126224819, 37.797251961796199 ], [ -122.278148421729298, 37.796784244621641 ], [ -122.277418205260048, 37.796371330047641 ], [ -122.276640508378847, 37.79601719373597 ], [ -122.276490647453087, 37.795963687855867 ], [ -122.27641052376876, 37.795927201649477 ], [ -122.275592836746256, 37.795635251676245 ], [ -122.274743030646249, 37.795408300464331 ], [ -122.274432969794915, 37.795351604610239 ], [ -122.274298843896133, 37.794958478409058 ], [ -122.275142663368342, 37.795183835792386 ] ] ], [ [ [ -122.380681001116258, 37.762229001177246 ], [ -122.380781001873103, 37.76022899772142 ], [ -122.380848982182727, 37.760874820289494 ], [ -122.380981002350055, 37.762128998182789 ], [ -122.380681001116258, 37.762229001177246 ] ] ], [ [ [ -122.248106764637399, 37.781523175558519 ], [ -122.248980290819304, 37.781683134200115 ], [ -122.249829861137783, 37.781910271608659 ], [ -122.250647295770236, 37.78220240092304 ], [ -122.251424724042749, 37.782556709516086 ], [ -122.251886388833626, 37.782817970280171 ], [ -122.254487365658491, 37.785154925259008 ], [ -122.254680002390288, 37.785327999511324 ], [ -122.2528800015548, 37.785828000339379 ], [ -122.249380002542608, 37.784327999681807 ], [ -122.247770105195613, 37.782864498660579 ], [ -122.246080001858289, 37.781327999074044 ], [ -122.246042141854019, 37.780419353978047 ], [ -122.24621756174777, 37.780540890405156 ], [ -122.24683188147489, 37.781059078270012 ], [ -122.247193513804532, 37.781431351831984 ], [ -122.247217692864211, 37.781431935741296 ], [ -122.248106764637399, 37.781523175558519 ] ] ], [ [ [ -121.787645425836999, 37.228761221637789 ], [ -121.788523765041361, 37.228647138054683 ], [ -121.789411857501889, 37.228602439006551 ], [ -121.790301152862924, 37.228627554845453 ], [ -121.791183089197744, 37.228722243761993 ], [ -121.792049175369343, 37.228885594111468 ], [ -121.792891072712919, 37.229116033183395 ], [ -121.793700675256574, 37.2294113423306 ], [ -121.794470187710857, 37.22976867831261 ], [ -121.795192200479391, 37.230184600648975 ], [ -121.795859760969861, 37.230655104719872 ], [ -121.796466440521201, 37.231175660296607 ], [ -121.797006396303217, 37.231741255132548 ], [ -121.797474427592746, 37.232346443195759 ], [ -121.797866025884673, 37.23298539708054 ], [ -121.798177418353845, 37.233651964094499 ], [ -121.79840560424779, 37.234339725482293 ], [ -121.798548383857465, 37.235042058216713 ], [ -121.79860437978455, 37.235752198763272 ], [ -121.798573050296852, 37.236463308204563 ], [ -121.798547047423042, 37.236618249173027 ], [ -121.798921060015459, 37.236433322975529 ], [ -121.799720196981923, 37.236120194982156 ], [ -121.800553866615658, 37.235871196858213 ], [ -121.801414042095274, 37.235688725942339 ], [ -121.802292441614782, 37.23557453903814 ], [ -121.80318060805925, 37.235529735514163 ], [ -121.804069990360901, 37.235554746728305 ], [ -121.804078430069467, 37.235555651793902 ], [ -121.804468095127433, 37.235566607794269 ], [ -121.805350131165767, 37.235661189944423 ], [ -121.80621632857013, 37.235824435438836 ], [ -121.80705834760532, 37.236054772576459 ], [ -121.807868081128234, 37.236349983691582 ], [ -121.80863773258892, 37.236707226487624 ], [ -121.809359891053177, 37.237123061381304 ], [ -121.810027602526347, 37.237593484594761 ], [ -121.810634436894247, 37.238113966677957 ], [ -121.811174549836295, 37.238679496091954 ], [ -121.811642739116493, 37.239284627434891 ], [ -121.812034494708655, 37.239923533847389 ], [ -121.812346042273006, 37.240590063094395 ], [ -121.812574379563557, 37.241277796784466 ], [ -121.812717305413258, 37.241980112157322 ], [ -121.812773441015182, 37.242690245845964 ], [ -121.81274224329168, 37.243401358999343 ], [ -121.81262401021894, 37.244106603139549 ], [ -121.812419878052609, 37.244799186119046 ], [ -121.812131810476913, 37.245472437542773 ], [ -121.811762579778602, 37.246119873024661 ], [ -121.811315740223833, 37.246735256659228 ], [ -121.810795593891157, 37.24731266110539 ], [ -121.810207149287407, 37.247846524703121 ], [ -121.809556073143455, 37.248331705071379 ], [ -121.808848635852343, 37.248763528669834 ], [ -121.808091651075458, 37.249137835845502 ], [ -121.807292410098029, 37.249451020929278 ], [ -121.806458611567606, 37.249700066994627 ], [ -121.80559828729335, 37.24988257494222 ], [ -121.804719724823315, 37.249996786629588 ], [ -121.803831387548115, 37.250041601821835 ], [ -121.802941833103148, 37.250016588799689 ], [ -121.802933391776989, 37.250015683652329 ], [ -121.802543651684545, 37.250004722545064 ], [ -121.801661450084367, 37.249910119266531 ], [ -121.800795099532294, 37.24974684009959 ], [ -121.799952945677902, 37.249516457954385 ], [ -121.799143100884478, 37.249221192143807 ], [ -121.798373366026894, 37.248863886987046 ], [ -121.797651155302617, 37.248447984388463 ], [ -121.796983424781587, 37.247977490656965 ], [ -121.796376605385205, 37.247456937887257 ], [ -121.795836540941167, 37.246891340275234 ], [ -121.795368431910916, 37.246286145790641 ], [ -121.794976785331528, 37.245647183673519 ], [ -121.794665371453192, 37.244980608261244 ], [ -121.794437187487986, 37.244292839688882 ], [ -121.79429442881721, 37.243590502034785 ], [ -121.79423846793145, 37.242880359508277 ], [ -121.794244578036654, 37.242741869048153 ], [ -121.793496822879789, 37.243111513323036 ], [ -121.792697585195228, 37.243424598793332 ], [ -121.791863805254351, 37.243673540931802 ], [ -121.791003514687517, 37.243855941640227 ], [ -121.790125000718191, 37.243970043809156 ], [ -121.789236726269721, 37.244014748258714 ], [ -121.788347248372219, 37.243989624336336 ], [ -121.787465135659119, 37.243894914069102 ], [ -121.786598885751289, 37.243731529830015 ], [ -121.7857568433284, 37.243501045541386 ], [ -121.784947119679771, 37.243205681500122 ], [ -121.784177514512791, 37.242848282971636 ], [ -121.783455440775114, 37.242432292759652 ], [ -121.782787853216519, 37.241961718017123 ], [ -121.782181181380835, 37.241441091618917 ], [ -121.781641267673919, 37.240875428470083 ], [ -121.781173311104922, 37.240270177171496 ], [ -121.7807818172422, 37.239631167510254 ], [ -121.780470554864763, 37.238964554281495 ], [ -121.780242519725533, 37.238276757984224 ], [ -121.780099905772445, 37.237574402963666 ], [ -121.780044084102542, 37.236864253596025 ], [ -121.780075589847954, 37.236153149132107 ], [ -121.780194117116807, 37.235447937826628 ], [ -121.780398522034289, 37.234755410988548 ], [ -121.78068683385068, 37.234082237587089 ], [ -121.780824639585049, 37.233840774145968 ], [ -121.781111918903548, 37.233169993354004 ], [ -121.781481350877655, 37.232522654460588 ], [ -121.781928350891491, 37.231907384609514 ], [ -121.782448612862012, 37.231330108325295 ], [ -121.783037125597488, 37.230796384154488 ], [ -121.783688221088028, 37.230311351169796 ], [ -121.784395629103543, 37.229879679515946 ], [ -121.785152537572742, 37.22950552547146 ], [ -121.785951658161949, 37.2291924914582 ], [ -121.786785296423062, 37.228943591382126 ], [ -121.787645425836999, 37.228761221637789 ] ] ], [ [ [ -121.828485551065285, 37.239902999800087 ], [ -121.829363958707603, 37.239788609743698 ], [ -121.830252158925759, 37.239743600801106 ], [ -121.831141600326859, 37.239768406308002 ], [ -121.832023719578572, 37.239862787442775 ], [ -121.832890023783591, 37.240025835523987 ], [ -121.833732172178998, 37.240255980751336 ], [ -121.834542056376989, 37.240551007306777 ], [ -121.835311878377823, 37.24090807467072 ], [ -121.836034225606156, 37.241323744949128 ], [ -121.836702142250985, 37.241794015949253 ], [ -121.837309196223558, 37.242314359686802 ], [ -121.837849541089824, 37.24287976595523 ], [ -121.838317972381503, 37.243484790538716 ], [ -121.838709977742852, 37.244123607606276 ], [ -121.839021780429619, 37.244790065783583 ], [ -121.839224558329207, 37.245400081695365 ], [ -121.839562073039119, 37.245356101333805 ], [ -121.840450333211962, 37.245311015011659 ], [ -121.841339844175479, 37.245335743023894 ], [ -121.84222204192784, 37.24543004729501 ], [ -121.842269175455115, 37.245438913537456 ], [ -121.842307066420076, 37.245442963796734 ], [ -121.843173457643232, 37.245605935755982 ], [ -121.844015700477328, 37.245836006976724 ], [ -121.844825685625736, 37.246130962353405 ], [ -121.845595614117087, 37.246487962051795 ], [ -121.846304937642444, 37.246896012938642 ], [ -121.84648263855064, 37.246960718132684 ], [ -121.847252583487588, 37.247317706928136 ], [ -121.8479750589389, 37.247733303473744 ], [ -121.848643107859402, 37.248203506286671 ], [ -121.849250296887163, 37.248723788039285 ], [ -121.84979077828811, 37.249289139121885 ], [ -121.850259346279515, 37.249894115850154 ], [ -121.850651487189509, 37.250532892854025 ], [ -121.850963422968704, 37.251199319145165 ], [ -121.851192147633213, 37.251886977324126 ], [ -121.851335456285753, 37.2525892453586 ], [ -121.851391966432772, 37.253299360338175 ], [ -121.851361131389112, 37.254010483592779 ], [ -121.85124324563732, 37.254715766548067 ], [ -121.851039442086957, 37.255408416683494 ], [ -121.8507516812559, 37.256081762958004 ], [ -121.850382732475012, 37.256729320072807 ], [ -121.84993614729342, 37.257344850951625 ], [ -121.849416225337748, 37.257922426835798 ], [ -121.848827972951881, 37.258456484414687 ], [ -121.848177055013338, 37.258941879439213 ], [ -121.84746974038957, 37.259373936301849 ], [ -121.846712841558826, 37.259748493103054 ], [ -121.845913648977117, 37.26006194176945 ], [ -121.845079860824697, 37.260311262835586 ], [ -121.844219508809999, 37.260494054553156 ], [ -121.843340880747832, 37.260608556046208 ], [ -121.84245244066048, 37.2606536642881 ], [ -121.841562747173967, 37.260628944736538 ], [ -121.84068037099928, 37.260534635523008 ], [ -121.83981381229637, 37.2603716451571 ], [ -121.838971418721002, 37.260141543766835 ], [ -121.838161304946908, 37.259846547960578 ], [ -121.837391274441487, 37.25948949945662 ], [ -121.836767362696705, 37.259130572069516 ], [ -121.836419119983447, 37.259003753887555 ], [ -121.835649106469702, 37.258646693919609 ], [ -121.834926594101319, 37.258231021391957 ], [ -121.834258541855277, 37.257760740397551 ], [ -121.833651383753406, 37.257240380982061 ], [ -121.833110966887233, 37.256674955479212 ], [ -121.832642495113987, 37.256069910201425 ], [ -121.832250478965676, 37.255431072952049 ], [ -121.832133507780611, 37.255181036533912 ], [ -121.83132035512125, 37.255286926975963 ], [ -121.830431970995662, 37.255331944011395 ], [ -121.829542344781615, 37.255307133118187 ], [ -121.828660046541813, 37.255212733307864 ], [ -121.828613057235117, 37.255203889586205 ], [ -121.828495787537889, 37.25519134197161 ], [ -121.827629317287091, 37.255028261410686 ], [ -121.826787021369043, 37.254798072333998 ], [ -121.825977013516336, 37.254502992194638 ], [ -121.825207096175532, 37.254145863523256 ], [ -121.824484685302892, 37.253730126524175 ], [ -121.823816738897364, 37.253259785911368 ], [ -121.823209689960834, 37.252739372304731 ], [ -121.822669384533057, 37.252173898559953 ], [ -121.822201025397518, 37.251568811453993 ], [ -121.821809122001127, 37.250929939192964 ], [ -121.821497447068182, 37.250263435249181 ], [ -121.8212690003256, 37.249575719069831 ], [ -121.821125979685732, 37.24887341422918 ], [ -121.821069760162189, 37.24816328462105 ], [ -121.82110088071822, 37.24745216930674 ], [ -121.821219039170558, 37.246746916646359 ], [ -121.821366595090311, 37.246246089925826 ], [ -121.821461447483415, 37.245679923908966 ], [ -121.821665498353781, 37.244987325175806 ], [ -121.821953478270714, 37.244314050289653 ], [ -121.822322611868728, 37.24366658264924 ], [ -121.82276934256214, 37.243051156974353 ], [ -121.823289366859413, 37.242473699290755 ], [ -121.823877675855442, 37.241939769892284 ], [ -121.824528603500198, 37.241454509828337 ], [ -121.825235881177989, 37.241022591430607 ], [ -121.825992698070777, 37.240648173353698 ], [ -121.826791766725265, 37.240334860562029 ], [ -121.827625393192235, 37.240085669645843 ], [ -121.828485551065285, 37.239902999800087 ] ] ], [ [ [ -121.859159987513536, 37.250063891647613 ], [ -121.860048291751781, 37.250018656621592 ], [ -121.860937865146383, 37.25004323571293 ], [ -121.861820143094633, 37.250137392279967 ], [ -121.862686631171925, 37.250300219803293 ], [ -121.863528986845878, 37.250530150606117 ], [ -121.864339099734039, 37.250824970934808 ], [ -121.864446504093848, 37.250874745542497 ], [ -121.864514990329738, 37.250899668939496 ], [ -121.865285061839487, 37.251256539102634 ], [ -121.86600767549227, 37.251672024322481 ], [ -121.866675872913007, 37.252142124188182 ], [ -121.867283219310565, 37.25266231236342 ], [ -121.86782386543625, 37.253227580139708 ], [ -121.868292603921802, 37.253832484635097 ], [ -121.868684919454154, 37.254471201175242 ], [ -121.868997032302786, 37.25513757935439 ], [ -121.869225934778981, 37.255825202236657 ], [ -121.869369420273273, 37.25652744812998 ], [ -121.86942610458911, 37.257237554337514 ], [ -121.869395439363814, 37.257948682274083 ], [ -121.869277717444206, 37.258653983320592 ], [ -121.869074070161489, 37.259346664782655 ], [ -121.868786456527971, 37.260020055317923 ], [ -121.868417644456159, 37.260667669201617 ], [ -121.867971184177648, 37.261283268811049 ], [ -121.867927629374819, 37.261331670940024 ], [ -121.867858355578264, 37.261453307796621 ], [ -121.867411886007588, 37.262068905263121 ], [ -121.866958716251432, 37.262572493941441 ], [ -121.867020645164246, 37.262652405191083 ], [ -121.867412996095197, 37.263291125878411 ], [ -121.867725134415466, 37.263957507327071 ], [ -121.86777703922931, 37.264113420615637 ], [ -121.86782550499278, 37.264216888231132 ], [ -121.868054424484399, 37.264904513273628 ], [ -121.868197916396937, 37.265606760468287 ], [ -121.868254596471374, 37.266316867105743 ], [ -121.868223916385276, 37.267027994596631 ], [ -121.868106169128055, 37.267733294326106 ], [ -121.867978314356677, 37.268168101008108 ], [ -121.868684944128532, 37.268574279335091 ], [ -121.869353309380614, 37.269044363752883 ], [ -121.869960811653044, 37.269564537851963 ], [ -121.870501600196079, 37.270129793059304 ], [ -121.870970466269725, 37.270734686613842 ], [ -121.871362893331806, 37.271373393946547 ], [ -121.871675100577107, 37.272039764740136 ], [ -121.87190407940713, 37.272727382129872 ], [ -121.871977433848102, 37.273086248879885 ], [ -121.87204643738734, 37.273293460470086 ], [ -121.872189982879547, 37.273995702632348 ], [ -121.872246707216519, 37.274705807194209 ], [ -121.872246697072455, 37.274706042588711 ], [ -121.872246727561077, 37.274706424257481 ], [ -121.872216081993543, 37.275417552649621 ], [ -121.872098359177187, 37.276122856248719 ], [ -121.871894690450702, 37.276815542335854 ], [ -121.871607035031801, 37.277488939524233 ], [ -121.871238161234359, 37.278136562025196 ], [ -121.870791619883619, 37.278752172133203 ], [ -121.870271710182422, 37.279329840326994 ], [ -121.869683438355082, 37.279864002407201 ], [ -121.869032469465097, 37.280349513118665 ], [ -121.868325072869681, 37.280781695739854 ], [ -121.867568061835712, 37.281156387160209 ], [ -121.866768727899498, 37.281469978009831 ], [ -121.865934770602578, 37.281719447453888 ], [ -121.865074223282662, 37.281902392314905 ], [ -121.864195375636186, 37.282017050241777 ], [ -121.863306693801078, 37.282062316700994 ], [ -121.86241673873289, 37.282037755626071 ], [ -121.861534083663173, 37.281943603621919 ], [ -121.86066723143955, 37.281780767683543 ], [ -121.859824532546241, 37.281550816451322 ], [ -121.859014104599225, 37.281255965086991 ], [ -121.858243754093252, 37.280899053917373 ], [ -121.857520901158665, 37.280483521051622 ], [ -121.856852508053834, 37.28001336923726 ], [ -121.856245012084699, 37.27949312727565 ], [ -121.855704263597715, 37.278927806369232 ], [ -121.855235469644541, 37.278322851823006 ], [ -121.85484314386035, 37.277684090566552 ], [ -121.854531063037612, 37.277017675003364 ], [ -121.854302230811953, 37.276330023729869 ], [ -121.854281393225492, 37.276227965117585 ], [ -121.854176006791505, 37.275911268952996 ], [ -121.854032626775165, 37.275209004756796 ], [ -121.854023556008187, 37.27509510521481 ], [ -121.85401660158729, 37.275061042587865 ], [ -121.853960050075855, 37.274350929215565 ], [ -121.853990868794057, 37.27363980559511 ], [ -121.854108758463781, 37.272934520167261 ], [ -121.854236702016081, 37.272499728683428 ], [ -121.853530113631948, 37.272093463211334 ], [ -121.852861820596033, 37.271623288520495 ], [ -121.8522544205358, 37.271103025747728 ], [ -121.851713762873942, 37.270537686295967 ], [ -121.851245053787338, 37.269932715648892 ], [ -121.85085280609394, 37.269293940891146 ], [ -121.850540795834291, 37.268627514556307 ], [ -121.850490166156987, 37.268475327969064 ], [ -121.850440469087275, 37.268369177855519 ], [ -121.85021170093033, 37.267681518443538 ], [ -121.850068373911924, 37.266979249253822 ], [ -121.850011865995654, 37.266269133837383 ], [ -121.85001189932909, 37.266268365549244 ], [ -121.850011876196575, 37.266268074848114 ], [ -121.850042729121441, 37.265556952130119 ], [ -121.850160643279708, 37.264851670542626 ], [ -121.850364480698261, 37.264159022072938 ], [ -121.850652276089363, 37.263485676863134 ], [ -121.851021255862648, 37.262838118989805 ], [ -121.851467864911825, 37.262222584042291 ], [ -121.85186322574134, 37.261783387816791 ], [ -121.85169124482421, 37.261561385295771 ], [ -121.851299037218723, 37.260922611912427 ], [ -121.850987057901705, 37.260256186642216 ], [ -121.85075830953194, 37.259568528175073 ], [ -121.850614992926793, 37.258866259530002 ], [ -121.850558485950103, 37.258156144252709 ], [ -121.850589330332937, 37.257445021267195 ], [ -121.850707226551009, 37.256739739007998 ], [ -121.850911036804561, 37.256047089468915 ], [ -121.851198796067862, 37.25537374280227 ], [ -121.85156773109891, 37.254726183098718 ], [ -121.852014287222687, 37.254110645965078 ], [ -121.852040972928933, 37.254080998116613 ], [ -121.852119218376359, 37.253943656041223 ], [ -121.852565765291246, 37.253328116794947 ], [ -121.853085630999772, 37.252750526873463 ], [ -121.853673808122352, 37.252216447844418 ], [ -121.854324631877418, 37.251731022198442 ], [ -121.85503183464813, 37.251298923861896 ], [ -121.855788606336631, 37.250924313222207 ], [ -121.85658765992379, 37.250610797098112 ], [ -121.85742130160466, 37.250361394037746 ], [ -121.858281504825825, 37.250178505278662 ], [ -121.859159987513536, 37.250063891647613 ] ] ], [ [ [ -121.86778216866449, 37.286299361127192 ], [ -121.868581549975275, 37.285985763403154 ], [ -121.869415546022495, 37.285736275142149 ], [ -121.870276126841389, 37.285553298402384 ], [ -121.87115500672337, 37.285438594857794 ], [ -121.872043723929323, 37.285393268851159 ], [ -121.872933722090181, 37.285417756770819 ], [ -121.873816432514886, 37.285511822852826 ], [ -121.87468335661633, 37.285674561448879 ], [ -121.875526147665312, 37.285904405738236 ], [ -121.876336691088753, 37.286199142800051 ], [ -121.877107182541792, 37.286555934901848 ], [ -121.877830203005388, 37.286971346799696 ], [ -121.878498790187933, 37.287441378788536 ], [ -121.879106505545636, 37.287961505185308 ], [ -121.879647496276959, 37.288526717876259 ], [ -121.880116551694897, 37.289131574509661 ], [ -121.880509153433678, 37.289770250871953 ], [ -121.880529571276682, 37.28981380711538 ], [ -121.880543686553608, 37.289836769300976 ], [ -121.88085605271111, 37.290503115279741 ], [ -121.88108517251348, 37.291190714366223 ], [ -121.881085416852756, 37.29119190870361 ], [ -121.881085454985495, 37.291192023140624 ], [ -121.881106438153154, 37.291294589325098 ], [ -121.881186113822423, 37.291424197817882 ], [ -121.881498492336988, 37.292090542051398 ], [ -121.881727622911868, 37.292778139847989 ], [ -121.881871296739078, 37.293480369757219 ], [ -121.881928127806205, 37.294190469236327 ], [ -121.881897566334956, 37.294901599765105 ], [ -121.881779904170386, 37.29560691269986 ], [ -121.881576272065772, 37.296299615232009 ], [ -121.881288628884676, 37.296973035816684 ], [ -121.880919742821845, 37.297620688440141 ], [ -121.880473164819364, 37.298236335107028 ], [ -121.879953194431963, 37.298814045944233 ], [ -121.879364838467552, 37.299348256341986 ], [ -121.87936403379554, 37.299348856462622 ], [ -121.879363854222305, 37.299349019508355 ], [ -121.87871277854093, 37.299834583740868 ], [ -121.878005253540792, 37.30026682457634 ], [ -121.877248093725328, 37.300641578343637 ], [ -121.876448592063738, 37.300955235072514 ], [ -121.875614449713296, 37.301204773293726 ], [ -121.874753701794504, 37.301387789167372 ], [ -121.873874639936489, 37.301502519658392 ], [ -121.872985732341292, 37.301547859534303 ], [ -121.872095542139789, 37.301523372021343 ], [ -121.871212644829427, 37.301429293015822 ], [ -121.870345545592016, 37.301266528809499 ], [ -121.869502597292154, 37.301036647351602 ], [ -121.868691919948972, 37.300741863131741 ], [ -121.867921322460361, 37.300385015829711 ], [ -121.867198227336246, 37.299969542939351 ], [ -121.86652959916843, 37.299499446630406 ], [ -121.8659218775272, 37.298979255169449 ], [ -121.865380914932842, 37.298413979272432 ], [ -121.864911920499139, 37.297809063810732 ], [ -121.864519409791853, 37.297170335337455 ], [ -121.864207161384016, 37.296503945940408 ], [ -121.863978180524526, 37.295816313964025 ], [ -121.863956495476117, 37.295710201402514 ], [ -121.863878553566295, 37.295583361498373 ], [ -121.863856467681828, 37.295536225025003 ], [ -121.863843750432821, 37.295515529353082 ], [ -121.863531514958012, 37.294849138120064 ], [ -121.863302545380321, 37.29416150478707 ], [ -121.863159044645897, 37.293459252131115 ], [ -121.863102392389848, 37.292749143544164 ], [ -121.863133131740099, 37.292038017885886 ], [ -121.863250964181645, 37.291332723616932 ], [ -121.863454752526465, 37.290640052847081 ], [ -121.863742531957499, 37.289966675933492 ], [ -121.864111529036293, 37.289319077258497 ], [ -121.86455818848826, 37.288703492804693 ], [ -121.865078207504538, 37.288125850127777 ], [ -121.865666577227771, 37.287591711303861 ], [ -121.866317631020564, 37.287106219399732 ], [ -121.867025099050323, 37.28667404898021 ], [ -121.86778216866449, 37.286299361127192 ] ] ], [ [ [ -121.861421156802265, 37.347074942852203 ], [ -121.862090178586712, 37.347545067419233 ], [ -121.8626982685836, 37.348065277743331 ], [ -121.863239570382291, 37.348630564901818 ], [ -121.863708870298083, 37.349235485825176 ], [ -121.864101647608067, 37.349874215680082 ], [ -121.864414118130426, 37.350540603931705 ], [ -121.864643270726916, 37.351228233546571 ], [ -121.864786896373687, 37.35193048276723 ], [ -121.864843609518289, 37.352640588864453 ], [ -121.864812861514125, 37.353351713253893 ], [ -121.864694945998906, 37.354057007350555 ], [ -121.864490996162218, 37.354749678527185 ], [ -121.864202973924549, 37.355423055540712 ], [ -121.863833651128587, 37.356070652797122 ], [ -121.863386582920569, 37.356686232834392 ], [ -121.86286607357502, 37.357263866421455 ], [ -121.862277135089883, 37.357797989692799 ], [ -121.861625438948693, 37.358283457767776 ], [ -121.860917261513165, 37.358715594336161 ], [ -121.860159423571915, 37.359090236731646 ], [ -121.859359224627454, 37.359403776057192 ], [ -121.85852437255528, 37.359653191974814 ], [ -121.85850061249657, 37.35965823636537 ], [ -121.858109814600766, 37.359774986329832 ], [ -121.857248348940502, 37.359957873130952 ], [ -121.856368570982681, 37.360072471977617 ], [ -121.85547895582971, 37.360117678905716 ], [ -121.854588073430691, 37.360093058422301 ], [ -121.853704505953033, 37.359998847704531 ], [ -121.852836765036244, 37.359835954312864 ], [ -121.8526378013634, 37.359781704825807 ], [ -121.852435970846571, 37.360466729300292 ], [ -121.852147817900033, 37.361140076496554 ], [ -121.851778362331899, 37.361787635582459 ], [ -121.85133116056727, 37.36240316946347 ], [ -121.850810518167322, 37.362980749352936 ], [ -121.850221448411858, 37.363514811902512 ], [ -121.849569624049153, 37.364000212816279 ], [ -121.848861322676456, 37.364432276430911 ], [ -121.848103366276732, 37.364806840782791 ], [ -121.847303055493967, 37.365120297726669 ], [ -121.846468099281552, 37.365369627718124 ], [ -121.846098442141468, 37.365448060603896 ], [ -121.846053644706117, 37.365461437375167 ], [ -121.845192083953521, 37.365644235534283 ], [ -121.844312220532089, 37.365758743876086 ], [ -121.843422530367917, 37.365803859308294 ], [ -121.842531584132871, 37.365779147219421 ], [ -121.841647964609564, 37.36568484566908 ], [ -121.840780183938861, 37.365521863092717 ], [ -121.839936601551003, 37.3652917695429 ], [ -121.839125343574239, 37.364996781551874 ], [ -121.838354224499824, 37.36463974076193 ], [ -121.837630671861646, 37.364224086530029 ], [ -121.836961654657458, 37.363753822771955 ], [ -121.836353616203212, 37.3632334793664 ], [ -121.83581241206835, 37.362668068492027 ], [ -121.835343253690212, 37.362063036319356 ], [ -121.834950658210133, 37.361424210524682 ], [ -121.834638405013663, 37.360757744132208 ], [ -121.834409499391597, 37.360070056227002 ], [ -121.834266143669524, 37.359367770110786 ], [ -121.834209716081361, 37.358657649496969 ], [ -121.834240757586826, 37.357946533360391 ], [ -121.834358966756724, 37.357241270069437 ], [ -121.834563202771136, 37.356548651435084 ], [ -121.834851496498402, 37.355875347312164 ], [ -121.835221069544616, 37.355227841381861 ], [ -121.83566836108659, 37.354612368733683 ], [ -121.836189062227248, 37.354034855846756 ], [ -121.836778157540067, 37.353500863547637 ], [ -121.837429973400788, 37.353015533492595 ], [ -121.83813823263948, 37.3525835386883 ], [ -121.838896114986525, 37.352209038526205 ], [ -121.839696322730347, 37.351895638761974 ], [ -121.840531150955684, 37.351646356824162 ], [ -121.840900745650643, 37.351567941435867 ], [ -121.840945535677804, 37.351554566623903 ], [ -121.841806944337748, 37.351371799538704 ], [ -121.842686642164111, 37.351257309913912 ], [ -121.843576159545123, 37.351212200032933 ], [ -121.844466932410114, 37.351236904203382 ], [ -121.845350384611493, 37.351331184579244 ], [ -121.846218010422263, 37.351494133448874 ], [ -121.846416947362059, 37.35154839385288 ], [ -121.846618808974171, 37.350863379436845 ], [ -121.846906972115221, 37.350190045485661 ], [ -121.84727641255445, 37.349542501376824 ], [ -121.847723570745458, 37.348926982567626 ], [ -121.848244139075106, 37.348349415981872 ], [ -121.848833103395421, 37.347815362963274 ], [ -121.849484791343045, 37.347329965752827 ], [ -121.850192926979332, 37.346897898003931 ], [ -121.850950691224213, 37.346523319810366 ], [ -121.851750787502795, 37.34620983767914 ], [ -121.852585511972563, 37.345960469831837 ], [ -121.852609268074616, 37.345955426636685 ], [ -121.853000002282329, 37.345838694928361 ], [ -121.853861315548755, 37.345655839217422 ], [ -121.854740927597192, 37.345541259104827 ], [ -121.855630369641389, 37.345496057745166 ], [ -121.856521078335774, 37.345520670326799 ], [ -121.857404478150414, 37.345614859885494 ], [ -121.858272063862572, 37.345777719583964 ], [ -121.859115482374619, 37.346007681435275 ], [ -121.859926613073256, 37.346302531386343 ], [ -121.860697645959846, 37.346659430617287 ], [ -121.861421156802265, 37.347074942852203 ] ] ] ] } }
]
}
