pop_23,white_23,B19001_001E_x,hinc_23,mhval_23,mhval_23_se,mrent_23,mrent_23_se,total_25_23,total_25_col_bd_23,total_25_col_md_23,total_25_col_pd_23,state_x,county_x,tract_x,total_25_col_phd_23,tot_units_built_23,units_40_49_built_23,units_39_early_built_23,ohu_23,rhu_23,mmhcosts_23,iinc_23,B19001_001E_y,I_10000_23,I_15000_23,I_20000_23,I_25000_23,I_30000_23,I_35000_23,I_40000_23,I_45000_23,I_50000_23,I_60000_23,I_75000_23,I_100000_23,I_125000_23,I_150000_23,I_200000_23,I_201000_23,mov_wc_w_income_23,mov_wc_9000_23,mov_wc_15000_23,mov_wc_25000_23,mov_wc_35000_23,mov_wc_50000_23,mov_wc_65000_23,mov_wc_75000_23,mov_wc_76000_more_23,mov_oc_w_income_23,mov_oc_9000_23,mov_oc_15000_23,mov_oc_25000_23,mov_oc_35000_23,mov_oc_50000_23,mov_oc_65000_23,mov_oc_75000_23,mov_oc_76000_more_23,mov_os_w_income_23,mov_os_9000_23,mov_os_15000_23,mov_os_25000_23,mov_os_35000_23,mov_os_50000_23,mov_os_65000_23,mov_os_75000_23,mov_os_76000_more_23,mov_fa_w_income_23,mov_fa_9000_23,mov_fa_15000_23,mov_fa_25000_23,mov_fa_35000_23,mov_fa_50000_23,mov_fa_65000_23,mov_fa_75000_23,mov_fa_76000_more_23,FIPS,mhval_19,mhval_19_se,mrent_19,mrent_19_se,mov_wc_w_income_19,mov_wc_9000_19,mov_wc_15000_19,mov_wc_25000_19,mov_wc_35000_19,mov_wc_50000_19,mov_wc_65000_19,mov_wc_75000_19,state_y,county_y,tract_y,mov_wc_76000_more_19,mov_oc_w_income_19,mov_oc_9000_19,mov_oc_15000_19,mov_oc_25000_19,mov_oc_35000_19,mov_oc_50000_19,mov_oc_65000_19,mov_oc_75000_19,mov_oc_76000_more_19,mov_os_w_income_19,mov_os_9000_19,mov_os_15000_19,mov_os_25000_19,mov_os_35000_19,mov_os_50000_19,mov_os_65000_19,mov_os_75000_19,mov_os_76000_more_19,mov_fa_w_income_19,mov_fa_9000_19,mov_fa_15000_19,mov_fa_25000_19,mov_fa_35000_19,mov_fa_50000_19,mov_fa_65000_19,mov_fa_75000_19,mov_fa_76000_more_19,iinc_19
3094,2107,1316,250001,1802100,143377,3501,-333333333,2440,890,616,257,06,001,400100,325,1455,33,75,1207,109,4001,123285,1316,79,0,0,24,15,13,23,0,0,45,8,17,89,94,117,792,59,0,13,0,0,0,0,0,46,105,0,0,38,0,7,0,0,60,39,0,12,0,17,0,0,0,10,10,0,0,0,0,10,0,0,0,06001400100,1197900,68223,3501,-333333333,76,0,0,0,31,0,0,0,06,001,400100,45,106,0,0,0,0,0,0,0,106,77,0,0,0,0,0,0,0,77,25,18,0,0,7,0,0,0,0,93542
2093,1408,861,225880,1930000,172363,2949,487,1710,577,467,230,06,001,400200,162,893,102,605,506,355,3218,110313,861,12,15,8,6,0,0,0,3,4,20,29,54,57,41,131,481,58,0,5,7,0,4,4,16,22,74,0,4,6,0,0,0,4,60,82,3,16,0,0,0,0,0,63,0,0,0,0,0,0,0,0,0,06001400200,1385400,191210,2226,225,30,4,0,7,4,0,4,0,06,001,400200,11,39,0,0,0,0,0,22,0,17,32,7,0,0,6,6,6,0,7,20,0,8,4,0,0,0,0,8,91705
5727,3365,2713,157731,1850900,230587,2246,278,4460,1698,1140,531,06,001,400300,234,2897,253,1343,1081,1632,2682,90817,2713,120,96,51,46,72,28,63,0,15,35,170,299,210,130,260,1118,375,38,0,0,0,102,13,0,222,173,0,0,0,12,0,0,0,161,126,0,0,14,38,0,0,0,74,104,8,0,0,0,0,0,0,96,06001400300,1053200,121286,1719,149,280,20,0,0,15,30,0,17,06,001,400300,198,183,17,0,31,14,15,17,39,50,179,38,3,21,14,10,0,19,74,56,3,0,0,0,13,14,0,26,69103
4395,2645,1803,159612,1398400,263483,2485,253,3280,1235,829,307,06,001,400400,276,1996,134,1425,976,827,2568,92569,1803,8,8,91,35,64,9,5,20,0,81,86,78,202,107,298,711,224,0,9,0,0,25,9,0,181,82,0,0,0,0,0,0,0,82,72,34,0,0,11,0,12,0,15,0,0,0,0,0,0,0,0,0,06001400400,1111600,117913,1894,204,138,26,0,0,0,40,8,0,06,001,400400,64,135,36,11,0,0,9,13,9,57,75,5,0,30,0,10,0,0,30,23,12,0,0,0,0,11,0,0,64328
3822,1696,1655,96250,1313500,425242,2154,306,2938,960,761,143,06,001,400500,138,1787,197,1046,784,871,2638,57768,1655,25,36,33,113,14,7,15,32,90,38,297,131,93,130,182,419,304,75,0,10,3,32,10,36,138,89,0,0,18,17,7,0,0,47,67,0,0,7,0,0,0,0,60,0,0,0,0,0,0,0,0,0,06001400500,813800,105558,1792,164,333,13,0,9,47,61,53,7,06,001,400500,143,162,0,10,27,28,41,0,0,56,111,0,0,0,24,44,17,4,22,38,38,0,0,0,0,0,0,0,48750
1957,801,795,134583,1215800,91906,2268,197,1545,495,258,70,06,001,400600,99,814,106,507,357,438,2410,69012,795,42,58,0,0,28,18,0,8,19,5,29,89,74,71,77,277,114,0,0,13,13,0,15,15,58,122,18,0,0,0,10,0,0,94,4,0,0,0,0,0,0,0,4,20,0,0,20,0,0,0,0,0,06001400600,825700,60029,1718,213,187,19,4,18,54,22,19,0,06,001,400600,51,97,0,0,8,6,11,12,2,58,57,35,6,0,0,0,10,0,6,5,0,0,5,0,0,0,0,0,50987
4404,2230,1899,111302,1098200,114395,2185,351,3501,1110,925,161,06,001,400700,118,2185,215,1282,649,1250,2471,58389,1899,61,64,35,98,62,45,9,24,16,130,148,219,217,89,342,340,231,0,0,45,1,0,88,14,83,187,33,25,14,0,42,0,0,73,19,0,0,0,5,0,0,0,14,40,0,0,0,0,0,0,0,40,06001400700,702500,46950,1585,256,319,9,64,131,0,44,23,0,06,001,400700,48,241,16,0,63,31,11,46,20,54,247,26,26,30,30,42,7,10,76,9,0,9,0,0,0,0,0,0,38235
4583,2441,1915,129844,1054000,86061,2228,472,3679,1276,805,105,06,001,400800,209,2020,202,880,733,1182,2411,59789,1915,102,58,125,68,48,16,72,23,8,25,76,255,74,95,389,481,381,66,8,50,9,27,21,40,160,211,38,29,0,0,12,0,31,101,8,0,0,0,8,0,0,0,0,45,0,0,0,0,20,0,0,25,06001400800,697000,47483,1714,389,454,26,9,55,44,77,171,37,06,001,400800,35,137,28,24,0,16,0,10,0,59,64,0,0,0,9,9,12,0,34,73,0,0,73,0,0,0,0,0,41283
2752,959,1127,111131,1101100,40412,2330,250,1968,495,259,36,06,001,400900,86,1317,50,937,389,738,2557,63608,1127,9,123,0,32,9,29,16,0,0,46,97,184,74,84,73,351,176,12,0,0,11,27,0,12,114,81,0,0,10,0,18,0,26,27,62,0,0,28,0,0,21,0,13,21,0,0,0,0,0,11,0,10,06001400900,774700,77036,1544,207,109,12,0,16,13,0,36,0,06,001,400900,32,28,7,0,12,0,0,0,0,9,47,6,0,0,0,29,0,12,0,0,0,0,0,0,0,0,0,0,38375
6529,1985,2522,131845,943700,73919,1955,459,5264,2043,675,184,06,001,401000,94,2768,119,1756,946,1576,2282,56851,2522,127,60,0,0,19,59,94,90,13,189,171,111,250,192,495,652,499,35,1,39,67,89,136,18,114,378,131,0,19,21,70,0,18,119,16,1,0,0,0,0,0,0,15,0,0,0,0,0,0,0,0,0,06001401000,728800,92237,1767,170,405,5,0,45,68,32,118,11,06,001,401000,126,302,4,0,38,92,36,46,9,77,64,0,0,0,34,0,0,15,15,0,0,0,0,0,0,0,0,0,40250
5627,2390,2739,95479,1110000,184433,2198,441,4435,1687,909,314,06,001,401100,150,2875,176,1298,489,2250,2394,61778,2739,173,79,0,69,31,49,11,99,28,61,260,693,186,204,152,644,668,35,27,80,53,19,46,0,408,366,26,15,19,23,61,0,43,179,124,0,0,0,0,0,0,0,124,64,0,0,64,0,0,0,0,0,06001401100,889800,238072,1701,110,547,38,28,64,69,56,83,57,06,001,401100,152,322,40,3,30,14,75,22,0,138,144,31,19,0,31,14,49,0,0,18,0,0,0,0,18,0,0,0,48058
3068,1764,1496,117593,1172000,73165,2500,296,2597,989,629,129,06,001,401200,144,1549,79,706,612,884,2678,87368,1496,45,20,31,22,11,17,89,7,9,96,102,208,171,27,117,524,296,0,0,32,0,9,42,36,177,233,7,28,29,0,37,0,0,132,126,0,21,0,10,0,0,19,76,0,0,0,0,0,0,0,0,0,06001401200,873800,51212,1748,316,195,20,0,21,12,18,7,16,06,001,401200,101,102,20,29,0,0,0,8,9,36,93,7,0,0,16,29,0,7,34,0,0,0,0,0,0,0,0,0,50986
4368,1459,2396,105556,793300,549440,2185,230,3847,1306,449,170,06,001,401300,155,2785,143,507,277,2119,2219,70288,2396,105,128,7,57,64,40,71,72,45,57,83,269,444,342,212,400,574,54,20,17,19,0,33,64,367,344,42,0,32,20,35,7,0,208,169,0,5,0,24,17,35,12,76,6,0,0,0,0,0,0,0,6,06001401300,783100,60488,1237,139,386,76,68,24,14,55,43,37,06,001,401300,69,274,13,5,55,9,41,19,17,115,148,29,32,0,19,16,9,9,34,30,0,0,6,8,9,0,0,7,32375
4876,1278,1709,87208,846800,60864,1899,481,3440,917,341,82,06,001,401400,21,1941,173,1178,389,1320,2059,30873,1709,186,138,15,36,39,90,42,0,29,76,64,253,296,98,115,232,609,11,167,0,172,51,34,0,174,273,0,76,14,23,51,12,28,69,142,0,0,0,0,64,0,37,41,34,0,7,0,0,0,0,0,27,06001401400,546700,78952,1399,136,666,95,143,125,71,81,79,0,06,001,401400,72,286,94,0,43,15,39,9,13,73,102,0,0,0,69,22,11,0,0,40,30,0,10,0,0,0,0,0,25839
2827,596,1254,62744,828300,57327,1409,514,2209,528,246,34,06,001,401500,6,1353,81,839,416,838,2182,39101,1254,126,158,50,98,23,51,26,0,18,47,89,163,51,77,110,167,235,58,2,40,13,13,51,11,47,131,11,42,13,0,16,0,0,49,36,6,0,7,0,0,16,0,7,0,0,0,0,0,0,0,0,0,06001401500,561200,52653,1402,407,312,50,23,61,63,56,36,0,06,001,401500,23,230,0,19,31,31,35,11,10,93,38,0,0,0,0,5,20,5,8,10,0,0,10,0,0,0,0,0,32071
2617,552,969,135234,766300,85346,2195,288,1908,502,283,70,06,001,401600,22,1061,34,459,302,667,2448,73103,969,65,6,14,36,2,32,48,13,7,49,59,93,45,50,97,353,295,26,2,0,21,0,7,7,232,51,0,0,0,0,20,0,20,11,77,27,0,7,0,2,10,24,7,0,0,0,0,0,0,0,0,0,06001401600,577100,57717,1446,185,282,22,50,57,55,0,32,9,06,001,401600,57,176,0,29,13,42,16,0,17,59,27,7,0,6,0,0,7,0,7,21,14,0,7,0,0,0,0,0,37450
3519,1390,1515,146840,758000,68485,2835,186,2866,1042,546,46,06,001,401700,90,1802,183,604,653,862,2979,78895,1515,43,82,13,20,0,10,0,9,106,49,7,60,194,189,236,497,278,23,27,0,0,45,19,0,164,250,49,18,0,0,83,16,7,77,108,0,0,0,0,36,0,35,37,12,0,0,0,0,0,0,0,12,06001401700,585400,37148,1997,334,235,6,10,82,24,10,57,0,06,001,401700,46,160,17,0,0,0,44,53,0,46,11,0,0,0,0,0,0,11,0,29,0,0,0,0,0,0,8,21,55224
1816,482,710,69500,1041000,128635,1648,185,1312,493,171,21,06,001,401800,48,826,32,507,185,525,1769,55256,710,55,69,48,0,26,17,0,0,8,46,131,70,48,8,47,137,76,11,1,28,0,36,0,0,0,39,0,0,0,0,21,10,0,8,41,0,0,0,11,8,0,5,17,0,0,0,0,0,0,0,0,0,06001401800,552300,139815,980,217,213,15,19,49,58,34,21,0,06,001,401800,17,60,5,10,0,11,20,0,5,9,65,22,0,15,16,0,5,0,7,0,0,0,0,0,0,0,0,0,35852
2385,817,952,111364,727700,98182,2574,957,1971,871,170,48,06,001,402200,47,1100,63,560,374,578,2565,50417,952,39,48,35,21,15,35,7,8,0,90,96,63,68,88,188,151,421,54,0,0,67,68,10,104,118,179,8,0,3,11,42,0,42,73,19,0,0,0,0,10,0,0,9,0,0,0,0,0,0,0,0,0,06001402200,684100,90905,1593,448,134,17,0,4,38,21,26,13,06,001,402200,15,146,5,10,0,0,0,32,17,82,14,0,0,9,0,0,0,0,5,12,12,0,0,0,0,0,0,0,38576
2727,424,1282,42078,752500,172189,1252,329,2082,402,144,30,06,001,402400,35,1341,8,590,299,983,1488,31669,1282,115,129,100,102,25,62,44,88,82,83,127,125,6,51,33,110,96,15,8,38,15,0,20,0,0,14,1,0,0,0,0,6,0,7,13,0,0,0,0,0,0,0,13,0,0,0,0,0,0,0,0,0,06001402400,610800,80220,1024,291,169,2,0,0,0,22,52,38,06,001,402400,55,127,8,0,52,0,25,14,9,19,37,0,0,0,0,0,23,0,14,0,0,0,0,0,0,0,0,0,31875
1877,442,717,-666666666,947300,82431,1033,562,1257,281,53,0,06,001,402500,0,805,39,127,109,608,1080,27028,717,73,111,75,40,28,1,32,0,3,3,72,57,129,30,5,58,255,34,60,0,42,68,10,19,22,40,0,0,18,0,0,0,22,0,15,0,0,0,0,15,0,0,0,0,0,0,0,0,0,0,0,0,06001402500,720000,154977,867,151,106,7,0,22,17,0,29,11,06,001,402500,20,27,0,0,0,0,27,0,0,0,0,0,0,0,0,0,0,0,0,0,0,0,0,0,0,0,0,0,20393
1255,141,614,48362,796900,103443,1196,391,936,291,86,15,06,001,402600,25,661,26,126,111,503,1377,36354,614,91,85,57,12,0,0,19,26,36,49,46,39,29,6,35,84,109,27,0,19,9,42,0,8,4,66,10,6,0,0,0,0,0,50,12,8,0,0,0,0,0,0,4,0,0,0,0,0,0,0,0,0,06001402600,557400,81709,976,201,75,12,5,19,18,16,0,0,06,001,402600,5,24,0,6,0,0,13,0,0,5,15,15,0,0,0,0,0,0,0,11,11,0,0,0,0,0,0,0,21337
2056,494,777,97250,892900,37850,2188,461,1483,485,158,55,06,001,402700,25,843,15,518,216,561,2540,47167,777,127,42,36,4,13,20,14,0,28,32,11,67,61,105,45,172,168,51,6,6,19,0,51,0,35,203,32,13,4,26,35,12,16,65,81,22,0,0,0,6,0,0,53,0,0,0,0,0,0,0,0,0,06001402700,673400,81058,1317,230,165,15,0,50,33,30,20,0,06,001,402700,17,33,0,0,0,27,0,0,0,6,24,14,0,5,0,0,0,0,5,7,0,0,0,0,7,0,0,0,40354
2111,467,1402,41094,-666666666,-222222222,1907,206,1860,544,341,34,06,001,402900,75,1779,45,476,0,1402,1932,38107,1402,184,236,65,65,42,17,85,37,13,0,151,96,0,36,161,214,284,0,0,15,12,17,0,35,205,189,0,22,74,9,21,0,18,45,77,0,0,0,17,0,0,0,60,40,0,17,12,0,11,0,0,0,06001402900,-666666666,-222222222,1020,96,127,30,15,7,9,22,0,5,06,001,402900,39,57,0,0,0,9,31,0,9,8,41,9,0,0,5,5,5,0,17,14,0,0,9,0,0,0,5,0,23264
3125,401,1781,50966,580500,41840,1603,811,2816,625,428,45,06,001,403000,0,2157,51,401,389,1392,1607,33864,1781,229,250,46,142,83,44,39,0,20,139,87,109,124,74,287,108,182,55,0,0,0,18,64,0,45,241,11,0,0,0,19,0,0,211,71,0,14,0,0,0,0,23,34,0,0,0,0,0,0,0,0,0,06001403000,455400,41499,822,311,170,108,53,0,0,0,0,0,06,001,403000,9,39,0,0,0,27,0,0,0,12,0,0,0,0,0,0,0,0,0,0,0,0,0,0,0,0,0,0,16044
2174,720,1119,154095,659800,37671,3139,359,1976,771,384,39,06,001,403100,69,1378,52,126,357,762,3079,101250,1119,62,0,59,36,0,49,14,0,28,30,22,20,102,119,191,387,153,18,25,0,8,0,10,0,92,262,6,41,16,3,22,10,0,164,36,0,0,16,0,0,0,12,8,142,0,0,0,12,0,14,0,116,06001403100,608200,31037,2405,376,119,29,26,4,11,0,6,0,06,001,403100,43,153,44,8,7,8,47,0,33,6,157,6,0,61,0,10,10,0,70,0,0,0,0,0,0,0,0,0,50833
5421,1893,2914,123981,1045000,128957,2059,581,4769,1735,993,412,06,001,403501,111,3512,59,814,440,2474,2425,72224,2914,287,95,68,153,105,114,34,17,49,59,106,174,207,351,312,783,513,86,43,78,18,36,0,79,173,472,12,15,14,80,110,0,17,224,217,18,0,81,0,7,0,15,96,0,0,0,0,0,0,0,0,0,06001403501,664100,283918,1302,111,535,74,26,39,52,113,88,105,06,001,403501,38,258,52,0,0,102,14,26,13,51,128,13,0,0,33,29,0,0,53,0,0,0,0,0,0,0,0,0,35911
1885,867,1086,95556,670000,138183,2003,229,1578,665,237,25,06,001,403502,52,1438,59,277,128,958,2037,75340,1086,67,60,43,53,9,17,16,0,0,23,101,161,122,62,180,172,112,0,1,0,15,8,0,16,72,63,0,0,0,0,30,16,0,17,34,9,0,8,9,0,0,0,8,0,0,0,0,0,0,0,0,0,06001403502,464500,76087,1651,128,138,6,3,0,17,8,9,41,06,001,403502,54,66,6,0,7,0,17,7,0,29,102,2,0,10,0,0,36,9,45,0,0,0,0,0,0,0,0,0,47500
4902,1717,2846,105588,889800,87684,2053,238,4171,1543,974,113,06,001,403600,313,3125,61,365,461,2385,2147,90229,2846,161,27,15,40,77,60,16,80,43,117,131,506,490,247,333,503,286,24,33,0,20,6,43,28,132,472,17,0,0,71,46,78,0,260,19,0,0,0,0,0,0,0,19,29,29,0,0,0,0,0,0,0,06001403600,549000,98056,1668,146,495,51,2,69,129,55,46,0,06,001,403600,143,301,25,36,71,0,16,0,0,153,162,9,0,19,14,0,0,0,120,55,32,0,23,0,0,0,0,0,41749
2875,1190,1677,91030,645700,65287,2569,230,2375,780,614,52,06,001,403701,129,1880,84,411,206,1471,2571,73682,1677,110,14,0,102,39,32,0,9,30,85,232,279,173,97,270,205,296,16,82,24,0,0,70,0,104,57,2,0,10,11,0,0,0,34,37,1,6,0,0,0,0,0,30,0,0,0,0,0,0,0,0,0,06001403701,425900,111304,1619,111,173,50,0,12,35,10,11,9,06,001,403701,46,112,9,0,10,2,0,21,14,56,87,0,0,12,7,19,7,0,42,0,0,0,0,0,0,0,0,0,53909
2264,1235,1239,120795,1004800,316752,2301,147,1811,721,474,59,06,001,403702,67,1375,14,613,199,1040,2336,79803,1239,0,31,24,16,23,43,27,11,11,46,50,221,146,150,178,262,336,21,18,0,14,41,87,16,139,165,0,0,0,32,0,36,0,97,56,23,0,11,11,0,0,0,11,0,0,0,0,0,0,0,0,0,06001403702,724700,141106,1738,89,11,0,0,0,0,0,11,0,06,001,403702,0,97,0,13,0,10,12,0,20,42,44,0,35,0,0,9,0,0,0,20,0,0,0,0,10,0,0,10,66417
3996,2450,2012,153750,1419400,196267,2338,144,3302,1208,906,194,06,001,403800,205,2117,80,1192,750,1262,2421,89563,2012,40,55,38,31,0,43,11,0,67,108,104,122,128,165,347,753,228,5,0,26,38,9,0,11,139,197,0,5,10,31,29,18,29,75,68,0,0,0,10,7,34,0,17,5,0,0,0,0,5,0,0,0,06001403800,1052700,79714,1806,133,172,11,19,23,12,0,13,33,06,001,403800,61,127,0,2,33,10,11,11,13,47,92,2,31,0,0,7,0,18,34,12,12,0,0,0,0,0,0,0,67365
3864,2526,2203,104342,592400,73058,2257,257,3328,1434,521,347,06,001,403900,151,2443,40,653,816,1387,2172,76000,2203,34,129,60,22,0,102,0,13,71,39,318,188,204,152,290,581,155,20,0,0,0,80,12,0,43,145,0,42,0,16,32,0,0,55,77,0,0,0,0,0,13,32,32,60,0,0,0,47,13,0,0,0,06001403900,664700,135197,1679,200,432,2,26,16,123,0,192,0,06,001,403900,73,250,29,14,44,13,43,0,45,62,10,0,0,10,0,0,0,0,0,0,0,0,0,0,0,0,0,0,61573
2984,1558,1756,104919,741300,110853,2145,196,2396,981,704,93,06,001,404000,76,1946,244,352,470,1286,2277,72011,1756,51,40,0,50,61,16,107,11,67,44,205,196,186,172,153,397,239,0,21,0,35,0,24,11,148,39,0,0,18,0,15,0,0,6,95,13,0,8,0,53,0,21,0,0,0,0,0,0,0,0,0,0,06001404000,629600,54542,1638,85,108,23,0,0,0,10,0,25,06,001,404000,50,42,0,0,11,0,0,11,10,10,11,0,0,0,11,0,0,0,0,31,0,0,0,0,0,21,10,0,57564
3155,2150,1739,123508,1131400,99730,2343,197,2700,1023,749,151,06,001,404101,221,1888,74,1000,602,1137,2453,87105,1739,82,47,6,19,64,90,14,10,56,98,56,181,165,113,176,562,340,51,7,22,0,7,31,9,213,193,0,0,0,75,15,30,11,62,124,0,0,0,34,30,0,0,60,37,0,10,27,0,0,0,0,0,06001404101,801500,75549,1782,114,170,3,0,10,0,16,16,22,06,001,404101,103,168,9,0,0,14,8,44,6,87,48,12,0,0,0,12,0,0,24,17,8,0,0,0,0,0,0,9,71314
2623,1468,1581,108750,705100,245660,2130,183,2343,831,525,199,06,001,404102,60,1750,70,549,276,1305,2077,78299,1581,40,82,35,64,9,48,42,16,42,69,97,147,183,156,167,384,440,24,0,16,49,67,65,37,182,45,19,0,0,0,0,0,0,26,157,19,0,18,36,0,0,11,73,0,0,0,0,0,0,0,0,0,06001404102,682700,112146,1543,175,280,43,23,57,13,34,10,21,06,001,404102,79,51,0,0,0,0,0,11,10,30,93,0,12,19,23,0,12,0,27,10,0,0,0,0,0,0,0,10,60120
3584,2467,1401,246193,1758200,137881,2918,513,2477,745,715,396,06,001,404200,246,1492,149,443,1178,223,3843,124464,1401,28,0,0,13,8,0,25,6,0,17,49,57,162,83,143,810,197,21,8,0,0,27,0,28,113,46,6,0,0,0,0,0,0,40,17,0,17,0,0,0,0,0,0,0,0,0,0,0,0,0,0,0,06001404200,1220500,69631,2477,767,97,19,0,0,18,0,8,0,06,001,404200,52,114,18,0,0,0,6,0,0,90,24,24,0,0,0,0,0,0,0,51,27,0,0,12,0,0,0,12,81588
3510,2617,1427,215972,1991600,227282,3501,-333333333,2553,782,759,466,06,001,404300,228,1542,109,737,1300,127,4001,102708,1427,8,37,20,19,0,0,41,28,8,92,16,90,93,74,148,753,15,0,0,0,0,6,0,0,9,0,0,0,0,0,0,0,0,0,0,0,0,0,0,0,0,0,0,6,0,6,0,0,0,0,0,0,06001404300,1567400,98457,2329,990,16,0,0,0,0,0,0,0,06,001,404300,16,139,0,0,0,13,0,8,13,105,24,19,0,0,0,0,5,0,0,36,0,25,0,0,0,11,0,0,85968
5657,3042,2381,218272,1399900,170577,3501,-333333333,4358,1603,1184,504,06,001,404400,375,2461,77,612,2071,310,3594,99519,2381,75,17,33,24,70,46,28,26,14,95,49,200,131,80,242,1251,362,0,0,0,0,0,46,18,298,75,23,0,0,0,22,0,16,14,16,0,0,0,0,0,0,0,16,41,41,0,0,0,0,0,0,0,06001404400,995000,64801,3047,388,214,0,12,0,0,46,16,0,06,001,404400,140,127,27,0,9,53,0,0,0,38,56,0,0,0,0,0,0,0,56,37,0,0,0,0,0,0,0,37,78191
1830,1124,685,239271,1965500,177946,3501,-333333333,1347,447,289,221,06,001,404501,107,722,156,144,575,110,4001,108295,685,4,0,0,3,0,16,0,15,0,8,30,46,39,32,125,367,158,14,0,0,0,0,0,14,130,5,0,0,0,0,0,0,0,5,11,0,0,0,0,4,0,0,7,0,0,0,0,0,0,0,0,0,06001404501,1242200,129705,2214,917,96,7,6,0,0,0,5,0,06,001,404501,78,30,0,0,0,0,0,0,0,30,13,0,0,0,0,8,0,0,5,10,5,0,0,0,0,0,0,5,96458
6038,3883,2573,246431,1359100,46727,3501,-333333333,4530,1797,1168,444,06,001,404502,380,2590,275,385,2400,173,3972,123387,2573,20,67,0,44,18,0,0,38,42,14,105,124,201,51,313,1536,330,22,2,0,0,21,17,12,256,141,13,0,29,0,0,0,0,99,125,0,0,0,2,0,0,0,123,0,0,0,0,0,0,0,0,0,06001404502,1001200,68633,2402,348,201,1,16,0,0,18,77,16,06,001,404502,73,234,2,0,9,16,0,0,65,142,0,0,0,0,0,0,0,0,0,0,0,0,0,0,0,0,0,0,95588
4767,2851,1869,226838,1272100,88555,2935,985,3795,1386,1021,282,06,001,404600,288,1930,288,134,1570,299,3665,96623,1869,57,44,0,0,9,0,12,21,10,10,79,116,107,51,311,1042,253,0,11,0,0,11,33,0,198,71,11,0,11,0,0,0,0,49,111,69,0,9,12,0,0,0,21,67,0,10,7,36,0,10,4,0,06001404600,1008300,49700,2245,431,184,15,21,0,0,14,15,41,06,001,404600,78,149,9,9,0,8,30,0,0,93,40,9,0,0,0,31,0,0,0,55,0,25,20,0,0,0,0,10,76220
2223,1471,857,250001,1531400,89401,3175,418,1764,680,499,159,06,001,404700,146,901,196,359,794,63,4001,125625,857,28,0,5,0,0,4,0,11,0,10,33,71,31,28,92,544,79,6,16,6,0,0,0,5,46,85,0,9,0,0,0,0,0,76,15,9,0,0,0,0,6,0,0,0,0,0,0,0,0,0,0,0,06001404700,1044200,59586,3158,950,64,6,0,0,13,11,17,0,06,001,404700,17,82,23,15,0,0,0,0,0,44,61,7,8,0,0,0,0,0,46,8,0,0,8,0,0,0,0,0,96923
2622,1372,1142,97813,1176600,87232,1661,186,1889,592,432,124,06,001,404800,123,1266,134,588,605,537,1967,67450,1142,112,109,0,14,0,10,40,32,6,32,138,92,25,77,113,342,52,0,0,0,21,0,0,14,17,16,16,0,0,0,0,0,0,0,14,0,14,0,0,0,0,0,0,0,0,0,0,0,0,0,0,0,06001404800,870300,56861,1452,213,130,0,8,10,11,19,33,7,06,001,404800,42,17,0,0,11,0,0,6,0,0,0,0,0,0,0,0,0,0,0,0,0,0,0,0,0,0,0,0,58750
4798,2667,2065,131921,1199500,68110,2221,185,3749,1247,862,280,06,001,404900,206,2165,129,1646,1234,831,2412,71484,2065,45,26,7,66,11,76,40,23,60,181,121,163,119,162,349,616,323,22,0,14,19,60,51,0,157,325,0,0,0,29,0,115,46,135,22,15,0,0,0,7,0,0,0,0,0,0,0,0,0,0,0,0,06001404900,880200,43376,1676,247,55,0,36,0,9,10,0,0,06,001,404900,0,60,0,0,0,4,0,17,0,39,16,0,0,8,0,0,8,0,0,14,0,0,0,0,0,0,0,14,65966
3670,2087,1563,146932,1405200,198397,2046,244,2758,824,764,227,06,001,405000,181,1761,111,1144,1051,512,2765,85094,1563,38,101,12,8,0,49,14,27,91,20,17,116,107,189,120,654,108,9,0,0,0,8,0,0,91,60,0,0,0,0,0,0,0,60,0,0,0,0,0,0,0,0,0,25,0,0,1,0,0,0,0,24,06001405000,1037200,54415,1502,218,146,8,11,17,12,0,27,9,06,001,405000,62,55,0,0,0,7,12,0,0,36,16,0,0,0,0,0,8,0,8,25,0,0,1,24,0,0,0,0,84531
4451,2831,1694,250001,1915500,73562,-666666666,-222222222,3176,1128,866,305,06,001,405100,325,1775,175,1404,1602,92,4001,123727,1694,71,0,26,0,0,0,12,0,8,46,53,78,33,141,145,1081,126,0,0,0,0,8,0,0,118,163,12,10,11,0,0,0,0,130,7,0,0,0,0,0,0,0,7,6,0,0,0,0,0,0,0,6,06001405100,1358800,108613,2580,427,90,14,11,0,8,14,9,0,06,001,405100,34,168,0,0,0,9,0,8,0,151,27,7,4,0,0,0,12,0,4,9,0,0,0,0,0,0,0,9,89046
4916,1350,2298,107298,1074700,123539,1847,104,4048,1272,989,115,06,001,405200,215,2571,205,1150,456,1842,1751,63103,2298,89,83,11,13,50,44,83,38,97,175,88,264,326,146,272,519,320,0,0,10,15,0,17,13,265,46,0,0,9,14,0,0,0,23,0,0,0,0,0,0,0,0,0,3,0,0,0,0,0,0,0,3,06001405200,888900,116014,1572,159,209,0,6,0,40,0,14,0,06,001,405200,149,210,11,73,12,0,14,33,0,67,31,0,0,0,15,16,0,0,0,2,0,0,0,0,0,0,2,0,48828
2934,1435,1488,113299,860600,230345,2030,229,2524,1176,581,64,06,001,405301,63,1732,101,572,127,1361,2008,72212,1488,65,35,15,53,8,27,77,66,14,61,58,191,156,65,233,364,147,45,0,29,0,12,29,0,32,155,0,19,16,11,58,7,0,44,96,0,0,8,0,0,0,0,88,0,0,0,0,0,0,0,0,0,06001405301,682000,118944,1681,115,141,50,24,13,0,0,10,0,06,001,405301,44,174,0,0,0,11,10,9,33,111,96,0,0,9,10,0,24,0,53,19,19,0,0,0,0,0,0,0,59554
2560,849,1611,63906,702600,185558,1833,211,2310,886,399,14,06,001,405302,71,1693,120,583,87,1524,1855,52813,1611,139,138,75,133,0,45,89,19,34,119,216,131,63,96,119,195,480,18,40,35,16,79,48,59,185,198,13,31,8,26,8,16,9,87,80,0,25,0,0,0,0,24,31,0,0,0,0,0,0,0,0,0,06001405302,585900,307057,1167,104,53,0,0,11,0,7,22,0,06,001,405302,13,117,0,0,21,10,0,16,9,61,69,8,0,0,0,17,0,0,44,33,14,0,0,0,0,9,0,10,34858
3733,796,1615,73179,629100,73909,1829,96,2942,1033,326,27,06,001,405401,71,1849,92,920,164,1451,1813,40305,1615,32,197,50,111,18,23,33,66,81,83,139,162,76,126,192,226,477,16,37,137,43,0,45,20,179,153,5,0,60,47,22,0,0,19,19,0,0,0,0,0,0,0,19,0,0,0,0,0,0,0,0,0,06001405401,498800,131722,1333,73,198,9,31,37,25,75,4,12,06,001,405401,5,40,0,0,0,0,20,0,0,20,50,0,11,0,0,14,0,15,10,86,29,27,17,13,0,0,0,0,27976
3325,631,1212,52738,965900,251344,1268,214,2562,584,200,12,06,001,405402,25,1335,39,541,138,1074,1236,24675,1212,95,82,74,76,91,106,62,0,18,21,86,125,132,31,121,92,96,5,28,28,0,0,10,25,0,95,6,14,11,28,10,26,0,0,0,0,0,0,0,0,0,0,0,0,0,0,0,0,0,0,0,0,06001405402,573700,199697,1143,67,229,16,51,50,93,0,8,8,06,001,405402,3,77,0,40,8,10,0,0,0,19,0,0,0,0,0,0,0,0,0,40,0,14,26,0,0,0,0,0,26815
3574,696,1629,82740,822600,94511,1734,111,2929,751,277,59,06,001,405500,20,1743,338,634,474,1155,1834,51730,1629,52,156,31,73,80,40,39,75,13,50,147,236,167,148,114,208,146,0,0,0,28,25,25,0,68,28,0,28,0,0,0,0,0,0,8,0,0,0,0,8,0,0,0,28,0,0,0,0,0,0,15,13,06001405500,687900,73997,1368,120,151,0,17,35,29,24,8,16,06,001,405500,22,82,11,14,7,8,34,0,8,0,40,0,0,0,8,16,16,0,0,96,15,0,30,27,0,15,0,9,33566
3153,755,1449,86250,852400,69091,1898,164,2578,874,307,198,06,001,405600,65,1620,198,808,455,994,1886,56016,1449,113,83,29,29,0,29,19,72,119,62,101,208,140,63,145,237,188,26,0,0,0,65,38,0,59,63,12,0,10,0,10,0,0,31,9,0,0,0,0,9,0,0,0,0,0,0,0,0,0,0,0,0,06001405600,563200,71013,1323,97,131,0,18,38,9,27,0,0,06,001,405600,39,131,0,0,36,29,24,12,8,22,14,0,0,0,0,14,0,0,0,0,0,0,0,0,0,0,0,0,35735
3553,537,1491,77372,816700,60194,1844,165,2482,560,247,45,06,001,405700,12,1616,189,459,530,961,1988,63621,1491,95,37,35,57,34,44,0,15,53,55,126,397,90,139,154,160,171,5,0,12,0,35,0,38,81,120,7,0,0,0,31,0,0,82,81,0,20,0,0,0,45,0,16,9,0,0,9,0,0,0,0,0,06001405700,484900,43460,1257,109,93,14,0,0,0,31,20,9,06,001,405700,19,97,43,4,0,8,0,12,0,30,41,0,0,0,0,13,0,0,28,62,45,17,0,0,0,0,0,0,27561
4329,493,1366,68859,745100,102346,1876,426,2994,434,283,42,06,001,405800,26,1463,170,766,594,772,2047,40750,1366,112,58,73,0,28,17,58,76,108,61,168,106,110,108,104,179,184,33,0,14,9,9,39,0,80,326,7,75,84,0,18,0,7,135,45,0,0,0,0,0,0,21,24,0,0,0,0,0,0,0,0,0,06001405800,463300,64447,1359,210,80,0,0,7,6,44,0,0,06,001,405800,23,111,35,0,0,11,31,0,0,34,58,7,0,15,0,0,9,0,27,17,9,0,0,8,0,0,0,0,21934
4206,154,1169,62543,701800,78488,1630,536,2723,287,153,35,06,001,405901,0,1246,97,509,311,858,1416,28214,1169,91,44,72,20,12,82,52,40,73,72,69,132,118,78,117,97,83,0,0,0,10,0,30,14,29,13,13,0,0,0,0,0,0,0,0,0,0,0,0,0,0,0,0,0,0,0,0,0,0,0,0,0,06001405901,434000,56097,1124,119,255,34,14,77,21,46,0,0,06,001,405901,63,22,0,15,7,0,0,0,0,0,27,27,0,0,0,0,0,0,0,41,0,41,0,0,0,0,0,0,19206
2994,377,919,70536,721000,99391,1840,324,2191,422,38,62,06,001,405902,0,1086,109,542,351,568,1668,29917,919,30,29,57,67,29,27,41,49,9,50,99,155,44,51,68,114,135,0,9,43,10,20,0,0,53,0,0,0,0,0,0,0,0,0,19,0,0,0,0,19,0,0,0,0,0,0,0,0,0,0,0,0,06001405902,533900,48398,1303,206,94,7,17,46,11,0,8,5,06,001,405902,0,16,0,0,11,5,0,0,0,0,8,8,0,0,0,0,0,0,0,20,12,0,0,8,0,0,0,0,20133
4638,820,2000,58197,700400,136632,1406,206,3604,762,324,52,06,001,406000,71,2125,72,735,306,1694,1339,34092,2000,241,168,117,43,23,36,183,38,40,155,179,157,109,77,156,278,198,18,0,23,20,47,0,0,90,26,0,0,0,0,8,0,0,18,69,0,0,18,1,35,0,0,15,0,0,0,0,0,0,0,0,0,06001406000,571400,84140,1040,156,153,14,7,16,0,34,24,8,06,001,406000,50,75,11,0,47,0,0,0,0,17,45,10,0,8,0,9,0,0,18,0,0,0,0,0,0,0,0,0,26560
5379,650,1946,67373,809200,43172,1830,231,3818,615,353,35,06,001,406100,107,2135,119,469,555,1391,1904,35334,1946,132,173,0,144,60,69,19,0,93,136,328,118,93,212,110,259,183,11,0,0,16,76,37,0,43,133,0,0,0,53,54,0,0,26,0,0,0,0,0,0,0,0,0,0,0,0,0,0,0,0,0,0,06001406100,565500,69931,1355,261,235,0,28,0,52,48,50,0,06,001,406100,57,88,10,0,8,14,0,22,0,34,79,13,0,0,11,18,27,10,0,0,0,0,0,0,0,0,0,0,25970
5191,293,1508,66518,763300,125437,1531,162,3315,427,126,31,06,001,406201,10,1609,77,668,244,1264,1570,27347,1508,115,32,98,69,41,98,20,63,82,11,222,310,106,85,96,60,431,96,15,100,107,19,50,17,27,38,7,0,0,15,0,0,0,16,30,0,0,0,0,0,0,0,30,53,32,0,0,0,10,0,11,0,06001406201,531500,151645,1091,76,379,94,37,1,130,79,20,18,06,001,406201,0,135,62,0,23,29,21,0,0,0,44,0,0,0,12,0,0,8,24,18,0,0,0,0,9,0,0,9,24005
4958,223,1379,51958,731100,140134,1450,203,3269,369,91,24,06,001,406202,10,1467,76,214,164,1215,1448,28814,1379,70,98,21,79,29,109,56,51,135,78,197,147,80,56,87,86,279,64,11,49,12,94,0,12,37,57,23,0,0,24,0,10,0,0,35,2,0,0,12,0,0,21,0,0,0,0,0,0,0,0,0,0,06001406202,538000,106779,1206,100,352,109,77,44,19,35,27,29,06,001,406202,12,97,11,0,16,21,15,15,19,0,27,0,0,27,0,0,0,0,0,8,8,0,0,0,0,0,0,0,23889
4529,303,1406,59722,690100,84928,1754,529,2992,577,103,76,06,001,406300,0,1474,227,610,558,848,2050,31066,1406,99,215,9,63,48,31,42,64,12,121,155,100,99,63,77,208,93,42,0,7,0,0,9,5,30,0,0,0,0,0,0,0,0,0,4,0,0,0,0,0,4,0,0,0,0,0,0,0,0,0,0,0,06001406300,453500,56442,1277,176,197,28,19,80,4,26,3,8,06,001,406300,29,205,87,37,0,0,13,9,50,9,31,0,22,0,0,9,0,0,0,23,0,0,12,11,0,0,0,0,20472
2456,677,805,67708,835300,40504,1834,114,1818,332,229,73,06,001,406400,24,859,107,439,360,445,1951,35205,805,41,36,28,23,0,22,186,5,5,0,79,76,48,42,89,125,119,56,33,0,0,11,4,0,15,88,38,0,14,0,13,5,0,18,4,0,0,0,0,0,0,0,4,0,0,0,0,0,0,0,0,0,06001406400,594700,60889,1330,195,125,42,26,23,7,18,0,0,06,001,406400,9,96,41,0,6,49,0,0,0,0,48,24,0,12,0,6,0,0,6,0,0,0,0,0,0,0,0,0,22282
6405,830,2006,71167,743300,62288,1786,182,4383,817,246,58,06,001,406500,60,2138,323,862,794,1212,1824,39435,2006,179,43,23,0,17,69,122,84,115,209,238,120,175,182,152,278,237,87,55,6,6,16,0,0,67,31,14,0,0,0,17,0,0,0,16,0,0,16,0,0,0,0,0,64,0,0,0,0,64,0,0,0,06001406500,468800,49458,1349,75,366,72,21,111,69,70,0,0,06,001,406500,23,187,75,0,74,25,0,0,0,13,9,0,0,0,0,0,9,0,0,2,2,0,0,0,0,0,0,0,22752
4476,943,1854,72208,742100,79515,1902,168,3462,766,418,18,06,001,406601,8,1904,156,889,883,971,1928,39460,1854,105,15,111,113,40,0,136,69,110,116,119,247,185,80,153,255,181,29,7,75,33,0,22,0,15,27,0,19,0,0,0,8,0,0,113,71,0,16,0,0,0,0,26,61,0,0,0,0,61,0,0,0,06001406601,481200,33582,1394,126,215,26,0,16,7,28,41,11,06,001,406601,86,36,9,19,0,8,0,0,0,0,113,76,0,0,0,0,0,0,37,0,0,0,0,0,0,0,0,0,25833
2638,348,962,73214,859500,72632,1665,169,1756,452,153,28,06,001,406602,0,1048,79,471,285,677,1837,37027,962,6,69,31,5,26,65,48,43,15,107,71,118,73,84,104,97,80,0,7,0,6,40,9,7,11,0,0,0,0,0,0,0,0,0,0,0,0,0,0,0,0,0,0,5,0,0,0,0,5,0,0,0,06001406602,562900,43475,1233,149,80,11,0,25,6,12,0,0,06,001,406602,26,58,5,0,0,24,10,0,0,19,0,0,0,0,0,0,0,0,0,8,0,0,0,8,0,0,0,0,28014
5718,2486,2118,148007,1167100,60550,1898,641,4323,1398,857,153,06,001,406700,142,2325,539,1253,1333,785,2814,60677,2118,50,11,0,37,13,42,63,0,16,40,199,231,186,230,276,724,270,17,11,59,0,16,0,17,150,12,12,0,0,0,0,0,0,0,2,2,0,0,0,0,0,0,0,0,0,0,0,0,0,0,0,0,06001406700,834200,59975,1417,434,314,21,34,39,51,30,0,0,06,001,406700,139,154,55,0,0,0,0,0,0,99,0,0,0,0,0,0,0,0,0,0,0,0,0,0,0,0,0,0,44621
3905,1072,1429,122525,934600,99142,2496,488,2909,860,488,188,06,001,406800,109,1537,141,562,970,459,2717,58665,1429,0,61,18,15,0,8,56,0,23,64,46,229,244,52,160,453,110,0,0,3,14,0,22,0,71,87,0,47,32,4,0,0,0,4,35,0,0,0,0,16,0,19,0,9,0,9,0,0,0,0,0,0,06001406800,819500,39889,1859,642,106,9,5,17,0,48,0,14,06,001,406800,13,214,23,14,18,0,67,0,11,81,42,17,0,0,0,0,16,0,9,10,0,10,0,0,0,0,0,0,49500
4535,1575,1585,150949,1068600,93866,2284,478,3084,1276,561,164,06,001,406900,57,1635,180,642,902,683,2559,70875,1585,52,29,13,0,0,32,111,37,8,40,59,142,139,110,295,518,174,9,0,0,59,0,37,13,56,33,0,10,0,0,0,0,0,23,6,0,0,0,0,6,0,0,0,0,0,0,0,0,0,0,0,0,06001406900,769200,58095,1646,168,223,23,8,41,12,3,69,9,06,001,406900,58,107,20,15,0,27,22,8,7,8,16,0,0,12,0,4,0,0,0,0,0,0,0,0,0,0,0,0,54423
6315,1105,2179,81959,726300,79134,1946,216,4620,933,531,50,06,001,407000,8,2286,97,1423,1100,1079,1950,42269,2179,27,130,11,53,15,66,130,24,34,275,179,277,105,360,236,257,293,21,34,2,49,79,14,23,71,114,2,0,0,1,46,0,14,51,41,2,0,23,0,0,0,0,16,0,0,0,0,0,0,0,0,0,06001407000,534800,57130,1249,163,87,0,9,41,12,0,7,0,06,001,407000,18,66,5,13,0,0,0,48,0,0,143,7,75,0,0,0,0,0,61,40,40,0,0,0,0,0,0,0,27192
3547,292,1135,65144,752900,208808,1690,166,2569,214,178,64,06,001,407101,23,1184,114,501,449,686,1732,31176,1135,44,76,53,48,32,55,4,62,116,71,128,34,158,102,24,128,44,12,8,2,0,12,0,0,10,33,0,0,0,0,0,0,0,33,0,0,0,0,0,0,0,0,0,0,0,0,0,0,0,0,0,0,06001407101,448100,27318,1319,128,81,0,0,27,26,28,0,0,06,001,407101,0,13,0,0,0,0,0,0,0,13,22,0,0,0,22,0,0,0,0,21,21,0,0,0,0,0,0,0,20772
4464,324,1423,85375,685600,53509,1626,565,2879,489,207,0,06,001,407102,60,1464,85,927,826,597,1816,42027,1423,44,34,49,54,40,8,42,53,131,99,134,182,35,137,184,197,153,0,0,21,0,0,23,11,98,9,0,0,0,0,0,0,0,9,7,7,0,0,0,0,0,0,0,14,7,7,0,0,0,0,0,0,06001407102,530400,52203,1416,213,188,21,53,0,41,0,25,8,06,001,407102,40,96,11,0,11,0,0,51,13,10,6,0,6,0,0,0,0,0,0,15,15,0,0,0,0,0,0,0,31279
6483,727,1896,67008,634000,64227,1489,175,4305,499,271,10,06,001,407200,109,2019,188,1087,535,1361,1476,33973,1896,131,50,15,172,53,59,22,5,82,169,325,318,156,95,178,66,94,0,0,8,11,11,64,0,0,143,7,0,27,39,8,2,0,60,0,0,0,0,0,0,0,0,0,104,0,0,4,0,0,55,0,45,06001407200,426000,54098,1199,78,393,54,96,51,54,50,74,14,06,001,407200,0,228,25,0,29,95,27,8,44,0,20,20,0,0,0,0,0,0,0,49,12,0,4,0,0,33,0,0,22096
2401,295,674,82639,570300,58460,2237,109,1626,292,110,0,06,001,407300,0,802,55,470,267,407,2130,33911,674,25,24,0,32,41,10,21,34,50,13,43,123,108,49,75,26,87,0,5,15,16,16,11,0,24,66,15,21,10,0,0,7,0,13,10,5,0,0,0,0,0,0,5,7,7,0,0,0,0,0,0,0,06001407300,301500,76404,1783,113,161,6,0,31,49,13,27,0,06,001,407300,35,43,0,9,7,0,14,6,0,7,0,0,0,0,0,0,0,0,0,0,0,0,0,0,0,0,0,0,22669
4268,259,1324,51944,623800,54964,1402,474,2929,490,82,0,06,001,407400,0,1406,272,463,344,980,1590,29099,1324,220,93,82,19,48,49,35,85,17,52,102,165,144,137,68,8,214,92,9,0,0,82,18,0,13,38,0,7,0,19,12,0,0,0,30,13,0,0,17,0,0,0,0,20,0,0,0,10,0,10,0,0,06001407400,489600,123887,1185,166,281,94,26,28,39,79,0,0,06,001,407400,15,85,7,22,25,31,0,0,0,0,0,0,0,0,0,0,0,0,0,80,66,12,1,0,1,0,0,0,20542
3687,292,1298,49643,556100,61784,1215,393,2341,477,49,50,06,001,407500,13,1439,227,407,482,816,1428,34091,1298,88,72,52,65,69,79,84,71,76,64,115,75,265,16,46,61,100,30,14,12,0,0,0,17,27,77,0,0,38,0,39,0,0,0,42,0,0,42,0,0,0,0,0,59,30,0,0,19,0,10,0,0,06001407500,411100,89055,1139,104,131,5,28,0,53,0,22,0,06,001,407500,23,129,20,10,0,39,42,18,0,0,0,0,0,0,0,0,0,0,0,38,8,0,30,0,0,0,0,0,21996
6793,1605,2177,87599,820000,148051,1979,299,4507,761,550,42,06,001,407600,139,2227,356,907,1104,1073,2267,37128,2177,72,156,49,35,55,25,32,56,50,267,188,195,170,242,252,333,280,17,0,97,0,0,0,25,141,121,0,15,0,0,0,70,0,36,32,32,0,0,0,0,0,0,0,67,12,0,0,43,12,0,0,0,06001407600,501000,73988,1632,227,168,16,45,7,0,0,16,48,06,001,407600,36,276,38,17,0,28,193,0,0,0,15,15,0,0,0,0,0,0,0,78,26,0,0,25,27,0,0,0,32348
4261,1893,1694,123107,864400,32424,2277,1141,3099,1001,552,116,06,001,407700,134,1871,252,1295,1220,474,2851,71438,1694,93,0,20,0,14,14,0,8,9,77,169,231,265,50,231,513,175,11,0,0,64,0,16,6,78,73,0,0,0,0,21,0,0,52,0,0,0,0,0,0,0,0,0,0,0,0,0,0,0,0,0,0,06001407700,597200,21424,2057,356,32,4,0,0,9,5,0,0,06,001,407700,14,63,10,24,0,12,0,8,0,9,62,36,0,26,0,0,0,0,0,12,0,0,0,0,0,12,0,0,42363
2710,922,751,119188,899900,41355,1703,526,1645,597,384,15,06,001,407800,47,768,139,365,567,184,2444,43265,751,24,22,0,0,42,26,52,10,50,11,45,45,62,29,103,230,323,49,63,34,6,30,14,0,127,160,126,7,4,0,0,0,15,8,8,5,0,0,3,0,0,0,0,8,8,0,0,0,0,0,0,0,06001407800,591900,25301,1303,233,247,114,10,2,8,14,42,13,06,001,407800,44,246,199,16,16,1,8,0,0,6,56,46,7,1,2,0,0,0,0,15,12,3,0,0,0,0,0,0,24375
3101,1354,1322,115500,1030500,110926,1727,505,2304,904,422,94,06,001,407900,40,1406,272,542,923,399,2386,80434,1322,48,3,0,88,5,34,33,60,9,57,118,120,145,70,106,426,91,0,0,4,0,0,0,0,87,22,0,0,0,0,10,6,0,6,15,0,0,0,0,0,0,0,15,0,0,0,0,0,0,0,0,0,06001407900,729500,45935,1580,626,138,38,0,25,50,0,8,7,06,001,407900,10,130,4,0,15,9,0,11,17,74,20,0,0,0,7,0,0,0,13,0,0,0,0,0,0,0,0,0,75169
2767,1625,1019,207750,1209900,68440,3501,-333333333,1942,591,480,260,06,001,408000,171,1037,30,13,877,142,3747,79485,1019,0,0,0,0,0,31,0,33,15,33,52,63,111,29,109,543,63,10,14,0,10,9,0,9,11,162,61,1,4,21,0,0,0,75,13,0,0,0,0,0,0,0,13,32,32,0,0,0,0,0,0,0,06001408000,958400,46737,3476,281,51,23,5,12,0,5,0,0,06,001,408000,6,239,78,16,16,0,0,3,5,121,60,30,0,0,13,0,0,10,7,0,0,0,0,0,0,0,0,0,69123
7552,2214,2965,182083,1115200,89133,1985,1515,5645,2120,1467,318,06,001,408100,219,3089,86,91,2651,314,3744,95991,2965,92,14,0,57,13,126,0,35,0,44,59,172,378,162,372,1441,619,28,21,0,140,50,16,29,335,170,0,0,24,0,22,18,0,106,33,0,0,0,0,0,0,0,33,0,0,0,0,0,0,0,0,0,06001408100,870900,48321,1989,291,252,0,8,24,0,41,26,15,06,001,408100,138,188,43,0,24,54,0,18,0,49,37,0,0,0,0,0,18,0,19,28,0,28,0,0,0,0,0,0,68086
4743,922,1893,84496,883500,40145,2068,193,3327,913,508,143,06,001,408200,133,2048,289,902,1046,847,2312,56250,1893,98,36,23,90,25,102,62,54,25,68,141,284,208,59,118,500,467,0,78,89,93,0,0,65,142,76,20,0,0,0,0,0,20,36,0,0,0,0,0,0,0,0,0,24,0,0,0,0,24,0,0,0,06001408200,590200,39656,1515,160,298,45,0,11,78,0,37,17,06,001,408200,110,114,49,11,22,0,0,9,0,23,0,0,0,0,0,0,0,0,0,12,0,0,0,12,0,0,0,0,31875
4555,987,1866,123939,817300,55410,2257,772,3628,1096,418,49,06,001,408300,81,1980,355,749,1314,552,2603,55777,1866,39,62,100,22,23,68,79,52,123,39,50,177,113,135,400,384,157,8,0,1,0,0,9,40,99,64,0,0,0,0,0,0,0,64,62,0,0,0,0,62,0,0,0,0,0,0,0,0,0,0,0,0,06001408300,609200,27414,1313,377,269,35,5,52,26,13,22,8,06,001,408300,108,20,0,0,4,8,0,0,0,8,20,0,0,0,20,0,0,0,0,37,0,15,0,0,22,0,0,0,33807
4098,261,1333,74801,604100,98116,2097,329,2918,400,135,0,06,001,408400,9,1356,368,464,626,707,2163,35031,1333,23,40,44,30,101,40,0,56,79,101,156,161,90,77,125,210,235,29,0,11,21,42,29,10,93,6,0,0,0,0,6,0,0,0,13,13,0,0,0,0,0,0,0,0,0,0,0,0,0,0,0,0,06001408400,360000,164074,1319,329,43,14,15,0,0,0,13,0,06,001,408400,1,60,0,26,0,24,0,10,0,0,9,9,0,0,0,0,0,0,0,0,0,0,0,0,0,0,0,0,26393
5540,46,1759,87292,589300,44480,1683,204,3773,662,46,0,06,001,408500,13,1884,434,812,791,968,1769,37708,1759,128,69,71,27,29,139,57,12,75,110,124,74,319,166,193,166,110,2,0,0,37,37,0,0,34,38,0,0,0,0,0,0,0,38,0,0,0,0,0,0,0,0,0,0,0,0,0,0,0,0,0,0,06001408500,348600,24482,1507,186,411,120,49,20,139,35,19,0,06,001,408500,29,35,0,0,18,17,0,0,0,0,30,0,0,12,18,0,0,0,0,9,9,0,0,0,0,0,0,0,27239
6364,458,2011,76375,601900,39704,1978,303,4217,492,231,52,06,001,408600,74,2087,134,1032,978,1033,2155,37663,2011,142,51,38,46,47,182,38,61,102,135,125,247,296,247,162,92,197,57,5,5,0,54,0,43,33,317,1,0,0,20,132,0,0,164,0,0,0,0,0,0,0,0,0,37,0,0,37,0,0,0,0,0,06001408600,394200,35486,1380,163,521,123,55,64,73,76,54,0,06,001,408600,76,67,2,0,0,41,15,0,0,9,0,0,0,0,0,0,0,0,0,0,0,0,0,0,0,0,0,0,25211
7411,695,2764,46786,651400,63765,1121,489,4817,592,481,0,06,001,408700,109,2897,162,1753,1167,1597,1590,32813,2764,386,14,216,20,390,142,122,57,91,124,193,338,123,107,85,356,163,36,0,0,0,0,0,57,70,170,0,0,0,0,0,0,59,111,15,0,0,0,15,0,0,0,0,15,0,0,0,0,15,0,0,0,06001408700,413800,49351,1311,318,264,20,0,84,35,0,54,32,06,001,408700,39,96,0,0,18,0,0,41,0,37,17,0,0,17,0,0,0,0,0,1,0,1,0,0,0,0,0,0,26677
7045,323,2365,40981,552900,97173,963,602,4265,264,31,0,06,001,408800,0,2441,125,432,382,1983,1278,27921,2365,179,270,259,102,208,45,94,107,86,224,241,133,313,35,57,12,366,74,0,14,206,64,0,0,8,34,0,0,0,0,27,0,7,0,23,0,23,0,0,0,0,0,0,18,18,0,0,0,0,0,0,0,06001408800,385200,60854,824,270,78,15,35,11,9,0,0,0,06,001,408800,8,61,0,32,29,0,0,0,0,0,0,0,0,0,0,0,0,0,0,25,10,0,15,0,0,0,0,0,19429
4240,197,1166,45045,478300,23743,1285,358,2783,197,31,9,06,001,408900,0,1194,208,196,346,820,1748,24541,1166,74,89,66,51,95,100,58,49,67,44,52,86,115,97,44,79,95,0,22,15,16,0,9,0,33,61,19,0,22,0,0,20,0,0,8,0,0,8,0,0,0,0,0,19,0,19,0,0,0,0,0,0,06001408900,351500,55081,1146,117,150,36,24,9,0,8,18,30,06,001,408900,25,99,22,17,18,5,20,11,0,6,23,0,0,23,0,0,0,0,0,0,0,0,0,0,0,0,0,0,21626
4914,194,1027,77284,548300,86268,1870,242,3056,397,102,5,06,001,409000,0,1099,537,111,514,513,1840,32590,1027,28,18,0,51,32,27,13,14,123,97,84,167,138,49,93,93,279,68,18,76,34,68,15,0,0,22,0,0,0,0,22,0,0,0,0,0,0,0,0,0,0,0,0,0,0,0,0,0,0,0,0,0,06001409000,330600,50095,1674,158,251,26,55,82,6,58,0,0,06,001,409000,24,50,0,0,10,40,0,0,0,0,0,0,0,0,0,0,0,0,0,0,0,0,0,0,0,0,0,0,24375
2388,210,678,72697,517600,65295,2042,217,1676,217,19,0,06,001,409100,0,727,359,33,431,247,1906,37257,678,38,59,0,57,0,12,29,21,23,33,102,79,68,62,49,46,77,8,0,15,0,4,0,0,50,6,0,0,6,0,0,0,0,0,16,0,0,0,0,0,0,8,8,7,0,0,0,0,7,0,0,0,06001409100,360100,31921,1492,491,38,11,5,22,0,0,0,0,06,001,409100,0,19,13,0,0,6,0,0,0,0,22,0,0,0,6,0,6,0,10,0,0,0,0,0,0,0,0,0,23396
3832,77,1046,77339,590000,29557,2003,289,2484,350,47,20,06,001,409200,16,1057,462,44,605,441,2047,40714,1046,0,58,18,0,0,17,32,0,124,79,137,225,146,44,114,52,143,12,0,26,0,8,38,40,19,13,0,0,7,0,0,0,0,6,17,0,0,17,0,0,0,0,0,13,0,0,0,0,13,0,0,0,06001409200,404000,45376,1564,133,117,23,14,21,6,17,36,0,06,001,409200,0,100,0,26,18,0,17,28,11,0,13,0,0,13,0,0,0,0,0,4,0,0,0,0,4,0,0,0,27315
5577,121,1695,66288,555300,50918,1728,233,3341,266,144,0,06,001,409300,23,1803,813,305,704,991,1873,32500,1695,65,92,154,32,71,83,83,109,57,55,274,269,45,103,184,19,231,44,38,31,53,54,11,0,0,53,1,28,0,0,0,0,0,24,0,0,0,0,0,0,0,0,0,10,10,0,0,0,0,0,0,0,06001409300,351400,26692,1429,55,352,57,74,85,105,31,0,0,06,001,409300,0,9,0,0,0,9,0,0,0,0,8,0,0,0,0,0,8,0,0,1,0,0,1,0,0,0,0,0,21622
5032,157,1366,86286,633800,85250,2032,495,3095,248,88,21,06,001,409400,25,1407,145,325,691,675,2036,33480,1366,8,47,10,122,66,35,49,35,75,21,36,318,207,114,125,98,63,0,0,11,35,0,0,0,17,61,0,0,0,0,0,29,32,0,10,0,0,0,0,0,10,0,0,0,0,0,0,0,0,0,0,0,06001409400,417800,57602,1503,177,194,12,31,63,13,9,26,0,06,001,409400,40,39,0,6,11,5,17,0,0,0,21,0,13,0,0,8,0,0,0,10,0,0,0,0,10,0,0,0,21823
4502,456,1117,46750,474800,56405,1802,123,2669,243,49,9,06,001,409500,0,1176,158,290,331,786,1746,27544,1117,59,30,79,60,46,89,36,135,35,47,146,113,75,43,53,71,91,35,0,0,0,13,40,3,0,16,0,0,0,0,16,0,0,0,0,0,0,0,0,0,0,0,0,17,17,0,0,0,0,0,0,0,06001409500,351200,38585,1452,83,128,14,11,18,28,23,27,7,06,001,409500,0,36,19,0,0,0,17,0,0,0,35,0,16,0,0,19,0,0,0,26,26,0,0,0,0,0,0,0,23622
5313,65,1727,58750,524500,68153,1456,253,3607,454,8,0,06,001,409600,0,1848,237,616,688,1039,1838,27552,1727,207,21,135,0,194,35,34,0,111,135,211,242,83,60,14,245,210,36,85,40,0,49,0,0,0,0,0,0,0,0,0,0,0,0,0,0,0,0,0,0,0,0,0,0,0,0,0,0,0,0,0,0,06001409600,353300,33164,1335,331,270,8,159,7,69,0,13,0,06,001,409600,14,18,18,0,0,0,0,0,0,0,0,0,0,0,0,0,0,0,0,0,0,0,0,0,0,0,0,0,24058
5061,306,1693,40870,557600,67277,1327,215,2942,197,155,0,06,001,409700,0,1787,291,403,393,1300,1416,26530,1693,166,103,112,170,61,120,87,114,154,100,89,163,125,30,49,50,105,0,0,65,11,24,0,0,5,32,0,0,8,0,0,0,0,24,0,0,0,0,0,0,0,0,0,0,0,0,0,0,0,0,0,0,06001409700,360600,29124,1620,99,137,0,28,28,29,52,0,0,06,001,409700,0,32,5,0,9,11,0,0,7,0,5,5,0,0,0,0,0,0,0,55,13,0,0,25,0,0,17,0,25956
3405,449,1226,104125,910100,72220,2170,612,2545,671,268,53,06,001,409800,40,1295,349,218,773,453,1980,52124,1226,104,80,12,13,27,0,14,16,12,55,117,121,146,117,114,278,307,1,0,0,8,42,0,72,184,72,0,0,0,0,49,5,0,18,12,0,0,12,0,0,0,0,0,0,0,0,0,0,0,0,0,0,06001409800,612200,31357,1363,316,288,115,7,0,62,58,0,0,06,001,409800,46,163,13,38,0,11,34,0,0,67,14,0,0,14,0,0,0,0,0,0,0,0,0,0,0,0,0,0,36783
3904,995,1434,190813,1048100,74038,2702,238,2916,866,514,258,06,001,409900,122,1526,97,100,1283,151,3260,69785,1434,21,0,0,17,0,39,0,0,35,46,30,171,179,87,250,559,112,0,18,0,0,14,0,0,80,73,33,1,9,0,0,0,16,14,11,0,0,0,11,0,0,0,0,0,0,0,0,0,0,0,0,0,06001409900,780900,53133,2275,673,166,36,0,0,0,44,24,13,06,001,409900,49,89,22,11,12,0,0,0,0,44,22,22,0,0,0,0,0,0,0,2,0,0,0,2,0,0,0,0,53913
3053,985,1220,196500,1056200,63167,3096,1030,2436,798,468,127,06,001,410000,124,1231,259,119,1095,125,3353,96486,1220,10,39,22,0,31,6,50,12,0,37,79,104,85,36,103,606,219,0,0,0,0,0,0,0,219,13,0,0,0,0,0,0,13,0,0,0,0,0,0,0,0,0,0,0,0,0,0,0,0,0,0,0,06001410000,709100,46797,2007,566,145,0,0,0,0,33,14,0,06,001,410000,98,87,21,0,0,7,0,14,0,45,9,0,0,0,0,9,0,0,0,0,0,0,0,0,0,0,0,0,50417
2893,320,1095,90388,747500,77544,1811,351,2011,504,188,31,06,001,410100,22,1160,274,192,675,420,2344,36513,1095,56,7,38,82,39,55,27,43,24,5,85,111,63,141,113,206,136,40,0,13,15,37,11,4,16,74,0,0,3,0,5,12,0,54,0,0,0,0,0,0,0,0,0,0,0,0,0,0,0,0,0,0,06001410100,493300,28026,1123,180,214,0,17,35,26,48,68,0,06,001,410100,20,112,13,9,22,15,0,6,0,47,28,8,0,0,0,0,0,0,20,0,0,0,0,0,0,0,0,0,38828
3545,266,1107,79675,618100,39360,2068,233,2510,231,133,23,06,001,410200,0,1210,200,288,562,545,2086,37321,1107,11,16,71,39,42,7,30,19,50,98,107,188,105,95,174,55,78,13,1,11,0,13,0,0,40,0,0,0,0,0,0,0,0,0,0,0,0,0,0,0,0,0,0,11,11,0,0,0,0,0,0,0,06001410200,349200,34300,1340,104,98,1,23,34,0,40,0,0,06,001,410200,0,23,20,3,0,0,0,0,0,0,24,6,0,0,0,18,0,0,0,0,0,0,0,0,0,0,0,0,24746
3967,39,1080,44167,608200,50219,1920,262,2307,179,73,7,06,001,410300,0,1119,172,256,433,647,2048,31643,1080,56,81,38,44,151,73,69,33,14,58,77,116,61,33,165,11,75,0,30,11,9,0,0,0,25,0,0,0,0,0,0,0,0,0,0,0,0,0,0,0,0,0,0,0,0,0,0,0,0,0,0,0,06001410300,366400,66053,1582,125,156,25,14,41,15,46,15,0,06,001,410300,0,0,0,0,0,0,0,0,0,0,0,0,0,0,0,0,0,0,0,33,15,11,0,0,7,0,0,0,23960
4633,303,1461,115268,658100,37032,1776,296,3245,472,264,0,06,001,410400,13,1574,284,510,751,710,1756,34664,1461,71,68,55,37,46,25,79,20,35,71,152,24,255,127,212,184,162,0,22,0,12,83,30,0,15,259,0,0,85,0,14,76,0,84,0,0,0,0,0,0,0,0,0,0,0,0,0,0,0,0,0,0,06001410400,389400,33241,1556,192,167,16,0,0,22,80,0,10,06,001,410400,39,182,0,20,0,44,16,33,32,37,0,0,0,0,0,0,0,0,0,9,0,0,9,0,0,0,0,0,31649
3056,533,1064,59402,1082400,444348,1320,313,2011,312,205,2,06,001,410500,46,1090,89,260,135,929,1457,28235,1064,77,25,22,114,65,22,26,39,26,144,164,31,27,43,75,164,98,0,0,45,0,14,0,17,22,32,0,0,32,0,0,0,0,0,14,0,0,14,0,0,0,0,0,0,0,0,0,0,0,0,0,0,06001410500,750000,134520,928,309,94,20,10,29,0,0,22,0,06,001,410500,13,0,0,0,0,0,0,0,0,0,0,0,0,0,0,0,0,0,0,0,0,0,0,0,0,0,0,0,20583
2656,1307,1028,204352,1294400,138254,2783,114,2006,656,447,148,06,001,420100,179,1028,128,766,840,188,2754,94419,1028,5,16,2,28,17,11,9,5,5,23,31,102,43,38,159,534,56,0,6,0,0,20,0,0,30,26,0,0,0,5,7,0,0,14,22,0,0,0,12,0,0,4,6,0,0,0,0,0,0,0,0,0,06001420100,1028900,47127,2223,120,74,0,6,0,12,7,17,0,06,001,420100,32,69,7,4,0,0,4,13,7,34,17,7,0,0,0,0,5,0,5,10,5,0,0,0,0,5,0,0,69125
3225,1135,1262,159563,1069900,101167,2614,125,2447,836,434,55,06,001,420200,357,1343,166,491,607,655,2631,84688,1262,65,0,11,11,16,19,23,0,0,62,45,125,118,64,223,480,38,8,0,0,5,8,0,11,6,156,22,0,50,0,0,0,30,54,14,0,0,0,0,0,0,0,14,0,0,0,0,0,0,0,0,0,06001420200,780700,72438,2105,109,95,0,0,37,24,0,0,0,06,001,420200,34,207,44,15,0,31,7,74,0,36,116,0,15,24,0,8,29,0,40,11,0,0,0,0,0,0,0,11,61582
2474,1181,930,137000,1210600,115176,2689,216,1608,518,394,108,06,001,420500,165,989,75,429,475,455,2873,82958,930,10,5,26,15,8,15,14,34,12,27,35,103,107,101,117,301,104,0,13,0,0,33,0,6,52,96,7,0,21,8,0,0,36,24,25,0,11,7,7,0,0,0,0,9,4,0,5,0,0,0,0,0,06001420500,887100,36558,2027,141,66,0,0,10,12,5,0,14,06,001,420500,25,105,3,0,18,6,8,35,0,35,21,15,0,0,6,0,0,0,0,15,0,0,8,0,0,7,0,0,53990
3521,2282,1333,181678,1466900,84278,2789,906,2449,787,840,133,06,001,420600,254,1341,131,1042,1100,233,2467,89826,1333,17,25,25,38,7,0,16,12,97,0,65,100,157,34,140,600,99,15,0,15,0,0,0,0,69,78,10,0,0,0,43,0,0,25,0,0,0,0,0,0,0,0,0,14,0,0,0,0,0,0,14,0,06001420600,1045000,58205,2025,269,46,0,0,0,0,11,6,0,06,001,420600,29,29,0,0,0,13,15,1,0,0,0,0,0,0,0,0,0,0,0,11,11,0,0,0,0,0,0,0,70625
2127,1572,872,244276,1641000,117743,2306,1454,1738,478,541,205,06,001,421100,375,877,114,469,777,95,3669,105417,872,12,6,22,21,0,4,4,5,8,13,24,44,45,28,115,521,27,6,0,5,0,3,3,0,10,48,0,0,0,3,0,0,0,45,3,0,0,0,0,0,0,0,3,8,8,0,0,0,0,0,0,0,06001421100,1174600,58325,2636,985,58,0,0,5,4,0,10,0,06,001,421100,39,24,0,0,0,0,0,15,0,9,24,6,0,0,0,0,0,0,18,6,0,0,0,0,0,0,0,6,81080
3503,2371,1378,250001,1987700,212901,2863,715,2776,855,698,294,06,001,421200,613,1480,213,1068,1312,66,3605,107151,1378,19,0,0,7,0,0,5,0,6,46,29,118,88,53,122,885,39,0,0,0,11,0,0,0,28,88,0,0,0,0,0,0,0,88,30,0,0,5,0,6,9,0,10,27,0,10,0,0,0,0,0,17,06001421200,1406500,174439,1889,729,55,0,0,0,0,11,17,5,06,001,421200,22,164,19,12,7,0,0,0,11,115,50,13,0,0,0,9,0,0,28,20,20,0,0,0,0,0,0,0,71069
4041,2886,1841,128125,1516900,100521,1194,344,3065,758,882,558,06,001,421300,464,1863,53,1395,1505,336,2335,80708,1841,140,9,17,26,153,16,0,28,72,80,88,108,173,71,206,654,134,0,0,0,25,0,9,0,100,235,77,16,25,0,28,0,0,89,54,0,0,7,0,10,0,0,37,0,0,0,0,0,0,0,0,0,06001421300,1127800,54048,1668,350,149,0,0,13,0,0,62,10,06,001,421300,64,90,0,0,0,26,11,0,0,53,92,0,0,10,0,0,0,0,82,70,0,0,0,23,13,0,0,34,82984
1770,1302,652,235000,1641200,105830,2848,298,1411,490,384,145,06,001,421400,195,698,41,519,575,77,3420,75625,652,5,2,16,0,14,15,10,5,0,12,27,18,77,21,67,363,39,0,0,9,0,0,9,0,21,50,0,0,8,4,9,0,0,29,8,8,0,0,0,0,0,0,0,0,0,0,0,0,0,0,0,0,06001421400,1329800,107265,2000,631,59,0,0,0,17,7,0,0,06,001,421400,35,52,0,10,12,13,0,0,7,10,4,0,0,0,0,0,0,0,4,8,0,0,0,0,8,0,0,0,64359
4122,3322,1589,222321,1598900,66746,2877,257,3159,927,780,392,06,001,421500,522,1654,266,729,1302,287,3129,84208,1589,36,0,21,8,10,38,11,32,0,16,109,74,80,76,225,853,148,0,0,8,0,39,0,0,101,145,38,0,0,0,16,40,16,35,33,0,0,0,9,13,11,0,0,116,34,0,13,0,28,0,0,41,06001421500,1159500,55622,2655,266,118,7,16,11,9,7,18,23,06,001,421500,27,53,0,0,0,0,9,0,0,44,101,0,8,0,22,64,0,0,7,73,0,0,10,0,24,0,14,25,79934
3896,2727,1557,228547,1375000,192376,2284,813,2943,1126,639,416,06,001,421600,529,1676,304,663,1217,340,2715,96886,1557,48,34,20,53,0,28,0,28,8,21,59,33,126,89,112,898,236,8,6,41,6,12,13,16,134,19,0,0,0,0,6,0,0,13,41,0,0,12,11,0,0,9,9,0,0,0,0,0,0,0,0,0,06001421600,1161100,49862,1945,286,254,39,6,22,16,0,38,0,06,001,421600,133,103,16,0,0,0,0,7,0,80,10,0,0,0,0,0,0,0,10,45,0,13,0,14,0,10,0,8,81250
3427,2364,1643,114725,1211400,244693,2046,270,2631,939,699,108,06,001,421700,386,1850,83,922,540,1103,2128,65735,1643,56,80,26,46,22,18,96,46,39,60,93,154,171,141,99,496,155,14,0,11,0,27,24,0,79,179,30,27,28,24,17,0,12,41,95,0,0,8,0,23,0,0,64,58,0,9,7,9,0,0,16,17,06001421700,1025700,111618,1791,119,165,44,0,10,13,40,0,0,06,001,421700,58,160,56,46,0,13,0,14,0,31,112,16,0,26,12,17,12,0,29,123,29,0,57,0,8,12,0,17,43862
2193,1444,888,179868,1559500,111513,2928,221,1784,789,358,125,06,001,421800,220,971,69,733,572,316,2879,88409,888,10,5,13,0,18,9,13,10,4,12,45,37,47,51,265,349,67,2,0,3,0,4,9,0,49,53,11,0,0,0,0,8,0,34,47,0,0,8,0,0,25,0,14,16,5,0,0,0,7,0,4,0,06001421800,983800,71301,2128,305,89,8,7,4,29,1,9,0,06,001,421800,31,33,0,7,0,0,13,0,0,13,48,0,0,20,13,5,4,0,6,14,0,5,0,0,9,0,0,0,67770
4109,2351,1698,162143,1212200,69844,2329,279,2976,1194,736,276,06,001,421900,225,1780,355,883,1060,638,2690,89583,1698,42,75,11,52,17,42,0,14,18,98,77,93,144,134,153,728,158,0,11,20,0,10,0,0,117,240,31,1,0,9,8,8,0,183,0,0,0,0,0,0,0,0,0,25,12,0,9,0,0,4,0,0,06001421900,851000,48172,1888,162,63,1,0,11,15,0,0,0,06,001,421900,36,182,21,32,0,7,44,0,11,67,43,6,0,13,0,0,0,0,24,14,4,0,0,0,0,0,10,0,61178
2346,1140,1233,137841,944300,126899,3257,214,1986,696,545,61,06,001,422000,79,1372,126,301,219,1014,3123,85503,1233,29,76,17,22,0,7,36,27,0,51,72,94,127,201,125,349,375,15,13,65,19,88,9,21,145,278,0,0,11,15,25,50,25,152,83,0,8,11,0,27,0,0,37,0,0,0,0,0,0,0,0,0,06001422000,815200,87580,2479,187,198,3,47,20,11,22,46,0,06,001,422000,49,111,14,0,24,0,11,0,0,62,39,0,0,8,8,3,0,0,20,29,8,0,0,0,0,21,0,0,61118
3103,1590,1416,135000,1012200,113775,1979,384,2392,677,495,152,06,001,422100,234,1487,202,394,730,686,2699,63603,1416,56,11,31,9,38,57,50,26,46,41,101,92,109,151,150,448,121,0,0,0,0,28,40,0,53,84,0,0,31,21,0,0,0,32,47,14,0,0,0,0,33,0,0,9,0,0,9,0,0,0,0,0,06001422100,845100,71433,1599,209,171,10,60,0,7,32,0,14,06,001,422100,48,185,0,40,8,30,46,40,11,10,47,28,0,0,0,12,7,0,0,36,0,0,0,18,0,0,0,18,39698
3239,1847,1447,108523,1194300,69676,1989,262,2363,767,836,76,06,001,422200,173,1626,427,579,675,772,2362,83310,1447,146,0,16,49,8,0,30,28,67,60,87,195,101,114,166,380,193,9,8,31,4,10,13,38,80,57,12,0,0,0,8,0,0,37,84,10,0,0,12,12,7,0,43,43,0,0,0,0,11,0,13,19,06001422200,822400,50177,1414,175,163,56,0,25,0,23,0,12,06,001,422200,47,113,42,0,24,0,0,0,0,47,44,21,0,0,0,0,0,0,23,26,0,0,0,0,0,0,12,14,53977
3626,1951,1697,113257,1436800,192751,2280,244,2763,883,631,94,06,001,422300,336,1945,85,820,582,1115,2346,55648,1697,113,7,13,14,12,59,83,32,46,99,88,204,147,129,269,382,144,24,21,0,4,39,10,0,46,218,57,16,0,41,12,14,24,54,132,0,9,20,13,36,37,0,17,61,0,0,16,7,0,0,15,23,06001422300,948200,85087,1812,131,242,32,60,16,46,56,0,0,06,001,422300,32,182,8,13,19,16,17,21,7,81,112,8,0,0,9,36,51,0,8,95,0,13,22,11,8,7,7,27,51452
3970,1566,1915,86250,1247100,369037,2268,204,3158,1500,810,167,06,001,422400,289,2356,95,832,350,1565,2330,55682,1915,81,76,39,27,76,12,90,103,25,180,129,213,129,160,114,461,530,59,13,26,40,106,49,84,153,177,0,0,0,26,17,36,0,98,189,0,15,0,0,60,47,15,52,211,27,23,15,0,93,0,0,53,06001422400,806500,363478,1764,125,428,78,19,96,50,112,0,0,06,001,422400,73,424,103,58,123,36,39,29,0,36,255,27,0,68,0,0,44,21,95,308,191,19,17,31,0,32,0,18,33850
4546,1982,1704,49286,1148200,95935,1860,84,2247,665,408,182,06,001,422500,193,1945,89,894,312,1392,1796,25504,1704,256,71,31,46,77,22,229,71,67,73,62,76,209,105,58,251,354,111,21,73,28,56,9,9,47,532,353,116,4,21,9,8,0,21,320,101,3,18,15,53,107,0,23,178,90,25,12,27,14,0,0,10,06001422500,923600,117191,1763,127,528,304,59,33,32,41,0,11,06,001,422500,48,373,230,29,35,19,11,18,12,19,141,71,8,10,0,17,16,0,19,235,82,18,15,57,17,9,19,18,18469
5015,1645,965,-666666666,1223200,860382,1895,327,1115,579,187,37,06,001,422700,57,1136,74,227,127,838,1934,9032,965,343,19,39,49,35,0,36,10,0,28,81,27,16,53,125,104,516,423,20,18,2,44,0,0,9,924,536,68,102,102,6,28,25,57,82,42,11,0,10,9,10,0,0,209,119,0,18,12,17,28,0,15,06001422700,1256400,444626,1667,129,672,369,15,175,38,53,0,0,06,001,422700,22,882,716,68,73,25,0,0,0,0,245,143,0,23,31,48,0,0,0,194,128,10,13,0,36,7,0,0,7716
9183,2150,1504,30833,-666666666,-222222222,1822,124,1126,497,235,21,06,001,422800,49,1900,61,686,14,1490,1852,6233,1504,369,94,89,105,78,83,51,69,29,55,176,100,95,15,27,69,918,579,40,154,32,64,30,0,19,1779,1387,75,117,113,51,0,0,36,453,253,10,60,0,45,8,77,0,188,155,0,9,0,0,0,0,24,06001422800,-666666666,-222222222,1651,92,1037,793,53,73,44,40,9,10,06,001,422800,15,1819,1596,145,78,0,0,0,0,0,454,403,43,0,0,0,8,0,0,194,178,8,0,8,0,0,0,0,4339
4526,2716,1994,81759,1294100,159159,2345,365,3344,1153,929,192,06,001,423000,499,2149,183,1006,769,1225,2417,59249,1994,50,165,16,0,89,33,157,27,147,148,98,211,102,48,104,599,216,84,29,0,34,43,0,0,26,107,7,21,0,20,13,8,0,38,283,1,92,0,55,73,19,0,43,54,15,0,0,0,39,0,0,0,06001423000,839400,108024,2275,183,443,116,70,95,78,38,0,26,06,001,423000,20,252,24,96,16,35,16,0,0,65,152,23,0,0,69,0,60,0,0,165,16,0,0,87,19,0,13,30,46162
4187,1638,2048,59643,1160200,52414,2123,414,3132,1040,623,131,06,001,423100,95,2192,312,798,736,1312,2155,42112,2048,106,141,145,33,62,188,19,122,30,182,106,201,120,107,204,282,266,75,4,42,0,7,13,62,63,239,59,59,0,0,56,12,0,53,23,16,0,7,0,0,0,0,0,13,7,0,0,0,0,0,6,0,06001423100,870900,46485,1443,189,249,39,8,7,19,15,69,49,06,001,423100,43,237,21,29,26,28,44,0,50,39,73,32,11,0,7,23,0,0,0,58,10,0,0,8,0,20,9,11,49233
2874,1258,1178,74861,1255400,144667,1975,253,1954,652,409,38,06,001,423200,98,1329,184,374,405,773,2194,44655,1178,64,76,34,19,37,25,12,61,147,70,45,107,66,50,57,308,60,0,34,0,0,10,0,0,16,53,0,0,11,0,6,23,0,13,68,0,8,0,0,0,0,0,60,107,99,0,8,0,0,0,0,0,06001423200,892300,104835,1409,167,252,56,16,63,4,51,0,0,06,001,423200,62,74,13,0,10,0,35,0,0,16,37,8,0,19,10,0,0,0,0,32,0,0,0,0,0,32,0,0,40189
3438,1621,1413,95927,1078700,63329,1754,630,2593,732,460,179,06,001,423300,66,1717,158,825,802,611,2101,48856,1413,76,63,81,36,39,12,28,48,85,25,88,155,73,59,205,340,256,49,19,0,13,42,16,13,104,61,0,0,0,0,49,0,0,12,28,8,0,9,0,0,0,0,11,40,0,0,16,0,0,9,0,15,06001423300,889600,39750,1060,150,259,30,42,29,6,0,4,11,06,001,423300,137,111,0,30,0,0,26,7,0,48,46,0,0,30,0,0,0,0,16,18,0,0,18,0,0,0,0,0,48518
5581,2568,2141,121122,1293400,185204,2324,349,4218,1252,1000,337,06,001,423400,260,2392,217,866,874,1267,2541,65380,2141,152,0,141,168,37,14,0,16,0,39,72,284,169,70,302,677,494,132,0,44,11,63,46,0,198,313,0,0,0,48,0,7,40,218,18,0,0,0,0,0,0,18,0,16,0,0,0,0,0,0,16,0,06001423400,925100,87437,1674,216,474,155,61,0,43,126,18,47,06,001,423400,24,149,5,0,10,70,7,20,0,37,213,0,41,38,45,12,26,0,51,0,0,0,0,0,0,0,0,0,41450
3537,1989,1607,106964,1079200,161400,1947,196,2681,978,607,157,06,001,423500,188,1697,98,715,503,1104,2062,57552,1607,93,56,104,34,0,78,32,0,39,80,128,115,136,71,233,408,371,81,57,26,24,62,31,0,90,287,62,5,4,19,55,37,0,105,38,0,0,0,0,13,25,0,0,41,0,0,18,6,0,17,0,0,06001423500,903600,91772,1283,191,295,70,84,31,8,8,8,0,06,001,423500,86,99,32,15,34,7,0,6,0,5,44,12,6,13,5,0,0,0,8,27,0,0,0,9,7,11,0,0,29809
2717,1656,1145,162386,1381000,340209,2211,240,2120,616,643,106,06,001,423601,269,1244,11,841,535,610,2566,63986,1145,56,11,0,54,0,35,30,22,0,43,34,144,74,34,195,413,229,22,11,41,3,9,15,22,106,156,0,13,30,0,24,8,9,72,144,0,21,0,0,3,21,0,99,67,29,0,38,0,0,0,0,0,06001423601,1046600,146561,1833,145,137,36,7,39,5,9,8,0,06,001,423601,33,191,74,10,0,0,48,9,0,50,117,19,9,0,10,16,0,19,44,7,0,0,0,0,0,7,0,0,46958
6739,3409,2300,60625,963200,275709,2183,165,2684,785,599,131,06,001,423602,236,2653,176,880,666,1634,2104,21845,2300,379,94,88,84,55,14,182,41,65,130,295,258,72,219,61,263,1217,652,135,34,44,282,26,27,17,586,335,39,62,60,3,0,0,87,322,33,22,65,41,46,41,0,74,221,46,38,55,0,82,0,0,0,06001423602,592000,215279,1986,191,1594,1001,172,150,81,104,29,0,06,001,423602,57,455,197,82,42,0,68,49,0,17,104,74,0,0,0,0,0,0,30,36,15,0,21,0,0,0,0,0,12351
3537,1982,1143,102566,2000001,-333333333,2049,243,1758,420,378,196,06,001,423700,360,1354,27,917,504,639,2382,31591,1143,64,56,37,3,79,9,99,22,8,46,35,106,79,43,58,399,390,120,74,64,43,9,35,0,45,363,157,1,67,10,26,0,14,88,44,16,9,0,0,19,0,0,0,71,28,0,0,0,0,0,0,43,06001423700,1473700,448742,1701,154,344,188,13,63,0,12,0,0,06,001,423700,68,354,302,8,34,1,0,0,0,9,182,100,26,11,0,16,0,0,29,169,107,2,0,0,40,10,0,10,20034
3460,2549,1446,190625,2000001,-333333333,2628,294,2739,1142,543,365,06,001,423800,314,1478,96,992,1023,423,2851,101849,1446,128,11,0,15,0,9,9,8,32,38,22,80,71,129,231,663,64,4,0,0,0,16,0,0,44,103,20,26,0,0,0,22,0,35,138,7,11,10,0,0,56,50,4,10,10,0,0,0,0,0,0,0,06001423800,1736700,154586,1553,792,145,12,0,51,38,1,0,15,06,001,423800,28,102,10,0,0,10,20,0,11,51,70,8,0,0,0,43,0,0,19,0,0,0,0,0,0,0,0,0,77296
2205,1055,903,94563,1184000,43421,2210,272,1679,511,427,81,06,001,423901,128,960,32,587,338,565,2289,54280,903,56,37,5,20,7,10,7,32,15,105,94,67,21,47,137,243,119,7,2,2,4,4,32,9,59,48,0,0,2,11,4,0,20,11,25,0,0,0,11,8,0,0,6,19,0,0,0,0,0,10,9,0,06001423901,1033200,107266,1656,150,159,24,5,10,9,33,0,53,06,001,423901,25,88,0,17,0,0,7,25,0,39,90,12,7,8,43,0,0,0,20,16,7,0,5,0,4,0,0,0,48750
1541,1013,702,142206,1554100,169414,2506,209,1131,393,325,194,06,001,423902,61,766,49,498,202,500,2647,69183,702,51,12,39,5,4,11,32,6,17,4,63,22,59,28,51,298,146,39,16,10,0,0,18,0,63,126,0,28,6,6,0,26,0,60,37,0,19,0,0,0,6,0,12,6,0,0,0,0,0,0,0,6,06001423902,1045200,77755,1748,188,98,9,2,11,18,24,10,0,06,001,423902,24,41,12,2,2,7,8,1,4,5,57,11,0,0,0,0,20,7,19,10,0,0,0,0,0,0,0,10,54786
3716,1648,1465,88018,1183700,105002,2050,313,2683,809,517,186,06,001,424001,130,1617,43,863,484,981,2393,48718,1465,89,53,83,35,0,17,66,37,64,89,96,172,65,107,123,369,395,56,0,66,6,80,71,42,74,230,21,46,52,7,81,0,8,15,101,0,0,23,16,25,8,0,29,60,21,0,11,12,0,0,0,16,06001424001,948200,102503,1469,176,273,25,56,14,15,41,49,6,06,001,424001,67,168,56,0,0,22,20,42,28,0,131,10,17,0,7,44,40,7,6,7,0,0,0,7,0,0,0,0,34344
2591,1053,1034,102826,1176300,161696,1396,315,1859,506,307,100,06,001,424002,71,1143,77,479,524,510,1806,51042,1034,8,50,60,29,27,22,28,9,38,70,105,58,76,159,126,169,169,35,0,0,12,52,30,0,40,73,39,6,9,0,0,13,0,6,42,8,34,0,0,0,0,0,0,0,0,0,0,0,0,0,0,0,06001424002,763500,80398,1606,237,123,9,6,10,31,21,11,11,06,001,424002,24,91,11,6,10,0,6,0,4,54,67,0,10,8,0,0,42,0,7,0,0,0,0,0,0,0,0,0,36884
1677,818,1292,84680,495000,72776,2458,286,1603,423,380,111,06,001,425101,139,1392,23,0,563,729,2238,78486,1292,23,49,11,15,8,24,170,24,70,42,107,182,108,72,164,223,127,0,0,0,9,0,0,38,80,35,8,0,19,0,0,0,0,8,13,0,0,0,0,0,6,0,7,8,0,0,0,0,0,0,0,8,06001425101,377000,29425,1974,142,56,0,0,0,0,0,5,10,06,001,425101,41,70,10,0,10,0,0,15,16,19,65,12,0,12,0,12,0,0,29,29,0,0,0,0,0,10,9,10,70046
3901,1000,2413,130555,639300,42697,2931,152,3164,1139,940,159,06,001,425102,311,2598,20,55,691,1722,2879,96648,2413,72,0,9,43,10,0,9,68,22,122,82,375,308,348,341,604,434,2,0,9,16,63,21,0,323,446,0,3,72,16,63,11,0,281,269,8,0,6,0,16,29,24,186,57,0,11,0,11,0,0,0,35,06001425102,498100,68571,2544,123,419,36,17,11,10,48,74,6,06,001,425102,217,427,33,26,35,87,29,10,82,125,202,11,0,14,12,17,0,19,129,62,10,0,7,0,36,0,0,9,71550
3108,861,1789,117688,730700,140024,2916,322,2621,1117,511,33,06,001,425103,160,1874,216,120,453,1336,2855,89297,1789,128,12,30,0,14,21,29,98,121,0,120,257,83,140,222,514,500,11,22,0,0,0,34,27,406,231,32,0,13,0,110,9,0,67,122,0,28,6,0,12,0,0,76,0,0,0,0,0,0,0,0,0,06001425103,631000,54097,2792,270,441,10,0,11,83,37,40,0,06,001,425103,260,224,33,8,6,14,35,0,0,128,73,0,0,0,28,0,0,0,45,0,0,0,0,0,0,0,0,0,81837
4070,1833,2153,124043,556800,114698,2487,536,3429,1667,654,211,06,001,425104,144,2583,159,464,620,1533,2487,74671,2153,110,146,90,87,0,113,32,49,21,21,71,88,273,76,137,839,426,26,0,0,4,49,24,0,323,258,0,48,0,0,13,40,72,85,212,12,6,0,73,0,32,48,41,25,25,0,0,0,0,0,0,0,06001425104,528000,106577,1962,297,302,47,6,89,0,39,10,8,06,001,425104,103,143,35,1,1,0,19,24,10,53,120,14,17,7,0,0,22,9,51,32,0,0,9,0,0,23,0,0,50997
6160,4152,2093,250001,2000001,-333333333,3501,-333333333,4244,1507,1107,875,06,001,426100,248,2251,175,1164,1977,116,4001,150179,2093,20,15,17,0,0,17,0,0,0,0,67,62,92,48,179,1576,136,0,0,1,0,0,0,0,135,155,38,0,0,0,59,25,0,33,87,9,0,0,0,0,0,0,78,53,0,0,0,24,0,0,0,29,06001426100,2000001,-333333333,3240,509,127,11,0,0,0,0,0,0,06,001,426100,116,79,15,0,0,0,20,0,0,44,109,65,29,0,0,0,0,0,15,10,0,0,0,0,0,0,0,10,100692
4852,3090,1644,250001,2000001,-333333333,3501,-333333333,3306,1127,940,527,06,001,426200,222,1675,132,1351,1388,256,4001,125500,1644,40,29,4,35,0,20,0,34,0,17,69,63,35,93,126,1079,233,9,0,0,8,9,24,0,183,73,11,0,5,0,0,0,0,57,54,20,21,0,0,0,0,0,13,0,0,0,0,0,0,0,0,0,06001426200,1691600,77775,3223,180,95,9,8,0,5,0,14,0,06,001,426200,59,110,17,0,0,6,19,7,11,50,38,11,10,0,0,0,0,7,10,15,0,5,0,0,0,10,0,0,83274
4146,2285,1343,206118,1449500,82438,3501,-333333333,2859,810,619,232,06,001,427100,128,1502,174,1131,1033,310,3517,93313,1343,0,12,0,19,0,0,20,0,39,47,57,103,102,55,198,691,131,4,0,0,0,8,0,0,119,116,43,11,0,0,0,0,0,62,0,0,0,0,0,0,0,0,0,0,0,0,0,0,0,0,0,0,06001427100,1045400,54632,1754,203,62,22,10,10,0,10,0,0,06,001,427100,10,78,13,4,4,0,18,11,0,28,0,0,0,0,0,0,0,0,0,0,0,0,0,0,0,0,0,0,64344
4371,1423,1557,107535,1044400,83626,2223,127,2990,848,592,79,06,001,427200,44,1642,212,895,557,1000,2335,55466,1557,40,6,58,30,64,51,61,31,84,92,51,165,96,127,280,321,214,73,0,13,0,32,16,10,70,140,10,0,7,25,38,0,10,50,31,0,0,3,11,0,0,0,17,22,0,0,0,0,4,7,0,11,06001427200,747800,87711,1545,131,266,57,4,11,13,17,27,9,06,001,427200,128,88,13,10,0,32,0,9,18,6,12,0,0,0,0,5,7,0,0,7,0,0,0,7,0,0,0,0,43244
5357,1857,2112,136681,1116600,100394,1915,628,3909,1153,761,379,06,001,427300,169,2173,109,624,1081,1031,2797,68613,2112,62,96,47,77,52,13,13,98,63,39,40,284,103,158,224,743,194,21,0,24,0,0,31,20,98,295,0,0,0,18,49,85,0,143,63,0,8,0,0,0,0,0,55,0,0,0,0,0,0,0,0,0,06001427300,815600,32659,1843,288,150,0,0,0,0,13,52,0,06,001,427300,85,128,13,0,0,0,0,25,10,80,47,14,12,0,0,0,0,0,21,23,7,0,0,10,0,0,0,6,50376
4839,1260,1911,95691,713200,136969,2340,196,3546,1129,378,43,06,001,427600,100,2065,155,220,390,1521,2325,43750,1911,151,80,50,28,0,15,112,49,26,35,159,357,430,52,131,236,361,20,8,35,36,14,67,9,172,147,32,0,7,49,0,0,26,33,38,0,0,0,12,12,10,0,4,0,0,0,0,0,0,0,0,0,06001427600,623200,64082,2100,87,226,34,15,0,26,19,39,33,06,001,427600,60,289,0,18,70,45,0,33,0,123,55,0,0,0,0,0,12,21,22,15,0,0,15,0,0,0,0,0,34461
4883,3003,2176,103333,1124200,185036,2336,124,3714,1378,565,206,06,001,427700,162,2318,246,994,834,1342,2444,67872,2176,52,184,122,7,21,58,46,6,0,127,154,279,138,230,233,519,150,30,16,0,0,36,17,10,41,398,72,0,0,0,162,61,0,103,36,0,0,0,0,0,0,0,36,12,0,0,0,0,0,0,0,12,06001427700,684400,48339,1891,90,194,75,14,0,24,21,32,16,06,001,427700,12,134,0,4,0,21,20,0,0,89,136,0,0,14,2,0,14,39,67,35,0,0,0,22,0,0,0,13,57066
4397,2164,1807,148542,1325800,147482,2237,144,3256,1112,698,46,06,001,427800,171,1932,111,1358,766,1041,2391,67112,1807,66,29,23,42,108,22,22,43,91,32,108,92,184,52,218,675,164,0,0,0,18,0,32,0,114,291,7,55,7,36,0,0,20,166,28,0,0,0,6,16,0,0,6,51,0,0,0,19,32,0,0,0,06001427800,976600,109153,1681,196,499,33,49,64,15,79,129,0,06,001,427800,130,207,0,0,0,82,5,17,0,103,23,0,0,0,0,0,0,23,0,80,0,0,0,80,0,0,0,0,45125
4764,2038,1997,105836,1238600,415484,2311,271,3731,1273,709,195,06,001,427900,86,2220,211,905,669,1328,2476,54495,1997,11,14,17,45,129,13,11,50,41,94,291,180,367,185,57,492,256,28,16,0,40,108,0,0,64,84,0,0,13,0,0,26,0,45,41,0,14,0,3,0,0,16,8,16,0,0,0,0,0,0,0,16,06001427900,1001000,132604,1855,112,170,0,0,0,0,15,65,36,06,001,427900,54,171,0,14,27,20,71,16,23,0,130,0,17,15,0,48,47,0,3,0,0,0,0,0,0,0,0,0,48627
2969,744,1218,99956,964300,309308,2214,208,2091,699,350,126,06,001,428000,15,1352,42,508,238,980,2228,60720,1218,5,67,0,20,0,20,3,123,18,75,69,210,75,229,186,118,275,0,0,91,9,7,11,15,142,42,12,0,20,0,0,0,0,10,108,9,11,44,0,0,7,0,37,0,0,0,0,0,0,0,0,0,06001428000,783700,122206,1625,89,206,0,0,20,5,36,53,45,06,001,428000,47,102,22,0,0,0,0,26,25,29,58,9,0,14,0,0,0,24,11,56,34,0,0,14,0,0,0,8,51261
4661,2435,1844,162350,1496400,116561,2181,180,3344,1365,471,194,06,001,428100,0,2001,229,1054,899,945,2305,88917,1844,34,14,71,7,9,46,38,29,19,23,14,217,160,108,376,679,187,0,0,0,0,23,0,23,141,134,0,6,0,0,0,0,0,128,95,0,0,18,0,0,50,0,27,47,31,0,0,0,0,0,0,16,06001428100,931300,37482,1694,108,389,28,2,15,25,136,47,50,06,001,428100,86,67,0,10,12,0,24,11,10,0,54,10,0,0,11,9,0,0,24,6,6,0,0,0,0,0,0,0,50503
6449,3030,2718,105398,1251500,130867,2655,789,4613,1478,908,247,06,001,428200,197,2845,100,1169,1482,1236,2503,64123,2718,68,107,16,44,233,0,46,116,86,14,259,304,135,202,305,783,508,85,0,41,0,6,23,0,353,17,0,0,0,0,0,17,0,0,135,46,0,0,0,0,16,0,73,34,16,0,0,0,0,18,0,0,06001428200,833700,42413,1955,173,239,27,18,17,0,18,0,12,06,001,428200,147,80,0,14,0,0,14,0,0,52,52,0,0,0,0,12,15,0,25,22,22,0,0,0,0,0,0,0,53255
6832,2150,2293,188419,977000,41898,3501,-333333333,4839,1966,900,185,06,001,428301,76,2393,0,61,1999,294,2968,86949,2293,47,0,0,9,26,0,13,23,24,51,73,142,167,406,307,1005,289,64,20,0,0,23,0,0,182,15,0,0,0,0,0,0,0,15,24,0,0,0,0,0,0,0,24,0,0,0,0,0,0,0,0,0,06001428301,737600,35539,2277,172,306,0,38,0,0,107,46,0,06,001,428301,115,87,0,0,0,0,0,0,0,87,0,0,0,0,0,0,0,0,0,25,0,0,25,0,0,0,0,0,61650
6527,2812,2489,206780,1408800,88422,3501,-333333333,4876,2091,1003,409,06,001,428302,272,2619,0,65,2155,334,2493,98078,2489,162,0,14,15,19,14,51,27,18,0,66,175,69,333,246,1280,90,19,0,14,0,0,11,0,46,61,0,0,4,0,0,20,14,23,123,45,0,0,0,0,0,0,78,0,0,0,0,0,0,0,0,0,06001428302,1037500,69212,2200,650,283,27,15,64,0,16,0,18,06,001,428302,143,67,27,0,0,0,20,0,0,20,112,29,0,0,13,0,15,0,55,0,0,0,0,0,0,0,0,0,76729
4870,1825,1816,107083,1001900,144557,2382,172,3615,1144,538,61,06,001,428400,87,1947,51,939,668,1148,2431,49944,1816,155,15,12,27,18,36,58,22,39,117,256,134,144,200,151,432,234,32,19,55,0,17,35,2,74,147,6,19,14,0,11,33,0,64,72,7,0,0,0,0,0,0,65,75,0,0,0,0,0,0,69,6,06001428400,709000,64310,1750,91,246,14,21,23,15,48,22,18,06,001,428400,85,56,0,0,12,7,0,14,0,23,146,34,0,8,0,0,9,56,39,0,0,0,0,0,0,0,0,0,47250
3417,1686,1444,143529,1086500,227202,2677,195,2646,1045,243,51,06,001,428500,59,1622,30,212,430,1014,2613,75359,1444,51,0,0,49,29,7,13,38,47,43,36,117,216,111,181,506,183,16,1,4,0,0,13,0,149,210,8,0,1,9,0,0,0,192,41,5,0,12,0,0,0,0,24,31,5,26,0,0,0,0,0,0,06001428500,878200,80917,1992,161,119,24,0,26,0,0,14,0,06,001,428500,55,39,0,2,7,10,0,0,10,10,53,0,0,0,0,0,0,0,53,0,0,0,0,0,0,0,0,0,58068
3283,1160,1553,125446,1000000,267918,2832,303,2648,882,462,93,06,001,428600,185,1705,6,76,684,869,2829,75606,1553,11,36,17,0,21,0,22,35,24,184,70,114,240,142,207,430,226,13,6,42,6,6,2,20,131,128,4,0,14,0,20,0,0,90,8,0,0,0,0,8,0,0,0,9,0,0,0,9,0,0,0,0,06001428600,683600,75325,2348,140,227,67,13,5,0,4,0,7,06,001,428600,131,330,22,12,25,46,11,5,49,160,95,0,22,19,0,0,0,0,54,19,13,6,0,0,0,0,0,0,62604
5111,1281,1532,137292,1378800,87238,2343,825,3130,1091,456,153,06,001,428700,96,1793,52,0,731,801,3914,52951,1532,45,87,29,77,22,30,33,50,78,35,50,125,69,46,101,655,252,27,0,0,0,41,0,9,175,186,0,0,25,10,18,0,30,103,204,12,58,19,21,43,11,10,30,23,10,0,3,0,0,0,0,10,06001428700,1099400,59811,644,260,270,24,0,24,0,82,47,0,06,001,428700,93,65,0,0,13,0,0,3,3,46,224,6,28,87,39,6,17,0,41,11,0,0,0,0,11,0,0,0,31856
6501,2400,2240,211029,1240300,112304,2859,984,4927,1518,1252,163,06,001,430101,191,2285,20,84,2091,149,2606,90469,2240,123,0,32,16,0,55,0,0,0,30,13,153,148,60,258,1352,192,37,0,54,17,0,10,0,74,36,0,18,0,0,18,0,0,0,30,0,0,0,0,0,0,0,30,22,0,0,0,0,0,11,0,11,06001430101,865800,35800,3468,350,27,0,0,0,0,0,0,0,06,001,430101,27,21,0,21,0,0,0,0,0,0,65,24,30,0,0,5,0,0,6,69,0,0,0,0,0,0,33,36,66315
2434,1379,925,185956,1226500,46929,2809,224,1842,558,280,68,06,001,430102,124,943,0,29,785,140,2687,79659,925,50,33,13,3,51,5,19,0,6,36,30,45,62,47,111,414,85,15,0,0,0,0,0,4,66,90,9,18,0,0,27,0,6,30,6,0,0,0,0,0,0,0,6,0,0,0,0,0,0,0,0,0,06001430102,957500,36760,2210,188,106,14,0,0,0,8,0,0,06,001,430102,84,75,7,0,0,16,7,14,0,31,7,0,0,0,0,0,0,0,7,6,0,0,0,0,0,0,0,6,68049
7403,3554,2326,181250,1124300,50563,2829,289,5610,1673,880,122,06,001,430200,57,2372,309,56,2125,201,3043,54943,2326,25,47,0,0,61,23,22,19,12,103,112,149,270,122,345,1016,120,8,0,0,0,0,0,0,112,31,0,0,0,0,10,0,0,21,0,0,0,0,0,0,0,0,0,0,0,0,0,0,0,0,0,0,06001430200,825000,27522,3035,395,143,26,40,0,9,13,0,0,06,001,430200,55,239,0,103,0,16,0,24,0,96,28,13,0,0,0,0,0,0,15,0,0,0,0,0,0,0,0,0,53849
4094,1889,1286,168750,1147900,28468,3170,1053,2918,750,385,109,06,001,430300,62,1347,110,19,1060,226,2930,71048,1286,17,22,37,14,0,17,13,0,0,19,67,89,84,212,164,531,30,0,0,0,0,0,0,0,30,19,0,0,0,0,11,0,8,0,106,0,0,0,37,36,33,0,0,0,0,0,0,0,0,0,0,0,06001430300,867900,42464,1788,875,56,0,1,10,0,0,12,23,06,001,430300,10,141,0,2,0,0,15,9,0,115,19,0,0,0,0,0,0,0,19,9,9,0,0,0,0,0,0,0,54821
2148,1008,706,208929,1123700,33405,3281,168,1600,541,302,103,06,001,430400,102,718,39,12,634,72,3350,84643,706,0,10,5,0,0,6,0,0,0,36,33,25,39,94,92,366,14,7,0,0,0,0,0,0,7,23,0,0,0,0,0,6,5,12,5,0,0,0,0,0,0,0,5,0,0,0,0,0,0,0,0,0,06001430400,881900,22738,3250,690,38,0,0,0,0,15,9,0,06,001,430400,14,7,0,0,0,0,0,0,0,7,13,0,0,0,13,0,0,0,0,0,0,0,0,0,0,0,0,0,72750
6087,1158,2053,92139,903100,51783,2265,177,4524,1169,221,49,06,001,430500,64,2118,455,17,1139,914,2417,45742,2053,211,0,22,0,12,23,102,7,95,211,165,186,280,259,193,287,392,29,35,72,6,0,164,45,41,99,22,3,12,3,9,24,0,26,96,13,0,0,38,0,0,0,45,32,0,0,0,0,0,0,0,32,06001430500,591700,55117,1691,148,347,159,63,9,7,28,0,33,06,001,430500,48,150,31,26,15,0,0,23,0,55,0,0,0,0,0,0,0,0,0,16,0,0,0,16,0,0,0,0,38289
6786,2161,2196,179605,1025300,60134,2929,306,5017,1102,613,123,06,001,430600,97,2212,155,103,2010,186,3039,71359,2196,0,45,29,52,75,62,38,0,59,71,39,176,184,141,327,898,115,0,3,0,18,0,13,0,81,88,0,0,15,32,0,0,0,41,0,0,0,0,0,0,0,0,0,0,0,0,0,0,0,0,0,0,06001430600,740500,47678,1880,188,212,3,21,36,1,15,86,0,06,001,430600,50,124,76,0,0,0,0,32,0,16,61,0,45,0,0,0,16,0,0,0,0,0,0,0,0,0,0,0,43322
3905,1398,1368,131250,1038800,50147,2493,958,2789,781,299,59,06,001,430700,124,1387,289,104,1061,307,2597,62713,1368,120,27,0,11,0,16,28,20,75,74,62,129,96,125,201,384,159,24,39,35,0,7,0,0,54,40,0,0,0,0,0,0,0,40,21,21,0,0,0,0,0,0,0,9,0,0,0,0,9,0,0,0,06001430700,694500,30096,1917,245,196,34,33,38,28,20,0,0,06,001,430700,43,22,0,0,11,0,0,0,0,11,0,0,0,0,0,0,0,0,0,0,0,0,0,0,0,0,0,0,51176
5796,1787,2081,101784,898000,60197,2587,283,4019,957,338,21,06,001,430800,86,2108,214,139,1497,584,2520,57253,2081,92,0,41,46,78,45,48,149,0,130,126,182,298,186,227,433,71,1,0,2,0,0,0,11,57,78,0,0,0,0,21,0,0,57,37,11,0,11,0,0,0,0,15,0,0,0,0,0,0,0,0,0,06001430800,662800,28884,1839,183,163,1,0,0,6,0,82,43,06,001,430800,31,227,14,11,0,0,0,0,0,202,0,0,0,0,0,0,0,0,0,0,0,0,0,0,0,0,0,0,41949
5474,1280,1817,119028,890100,82192,2216,143,3890,931,409,43,06,001,430900,50,1882,228,30,649,1168,2255,52186,1817,53,11,121,0,84,36,72,31,16,174,39,153,255,158,253,361,403,46,188,22,0,17,0,30,100,29,0,0,9,0,0,0,2,18,0,0,0,0,0,0,0,0,0,0,0,0,0,0,0,0,0,0,06001430900,565200,61159,1705,46,354,51,36,19,65,26,66,14,06,001,430900,77,120,32,0,13,0,0,34,28,13,40,11,11,0,8,0,5,0,5,0,0,0,0,0,0,0,0,0,32201
3143,771,1219,96250,734500,105995,2502,226,2470,806,84,31,06,001,431000,12,1232,140,77,382,837,2389,54015,1219,50,37,22,11,16,55,13,0,10,62,155,199,162,116,121,190,221,27,45,12,0,12,0,0,125,55,0,16,8,0,0,0,8,23,14,14,0,0,0,0,0,0,0,0,0,0,0,0,0,0,0,0,06001431000,568100,41144,1668,150,163,18,17,12,16,7,19,18,06,001,431000,56,28,0,0,0,0,8,8,0,12,24,12,12,0,0,0,0,0,0,9,0,0,0,0,0,0,0,9,42873
3538,1007,1283,105329,824200,51868,2567,140,2621,510,281,6,06,001,431100,21,1339,309,0,388,895,2466,47329,1283,10,25,0,31,0,10,52,58,82,73,103,139,193,154,142,211,232,0,0,0,72,69,17,0,74,58,0,0,0,0,0,0,34,24,42,0,0,0,0,42,0,0,0,0,0,0,0,0,0,0,0,0,06001431100,587700,32932,1741,104,159,19,35,16,39,0,23,10,06,001,431100,17,137,3,0,0,22,53,47,12,0,37,0,0,30,0,0,7,0,0,9,0,0,0,0,9,0,0,0,40360
5572,2168,2318,104646,726500,62198,2739,213,4285,1099,594,64,06,001,431200,26,2550,584,125,1293,1025,2539,56147,2318,119,15,44,0,34,0,38,16,13,171,336,257,262,321,337,355,203,16,0,0,46,48,0,40,53,53,10,4,0,0,0,29,0,10,0,0,0,0,0,0,0,0,0,0,0,0,0,0,0,0,0,0,06001431200,565100,44288,2110,103,288,88,35,3,30,16,58,0,06,001,431200,58,112,0,26,0,28,0,0,0,58,70,0,0,0,0,0,70,0,0,8,0,0,0,0,0,0,0,8,53315
3828,1232,1306,183735,1005400,71110,2583,148,2620,705,532,152,06,001,432100,78,1410,221,751,876,430,2842,83080,1306,23,0,18,19,49,7,11,9,91,13,33,79,49,138,191,576,216,3,0,16,0,9,5,0,183,172,104,0,0,35,0,12,0,21,31,12,0,0,9,10,0,0,0,0,0,0,0,0,0,0,0,0,06001432100,678000,44922,1754,165,102,0,0,18,51,9,10,0,06,001,432100,14,86,11,0,22,0,0,0,0,53,48,33,0,10,0,5,0,0,0,8,0,0,8,0,0,0,0,0,55345
3940,1006,1527,92702,1000500,85352,2231,165,2975,745,244,122,06,001,432200,45,1671,271,652,731,796,2308,48002,1527,119,62,60,79,23,8,17,34,20,51,184,173,144,102,146,305,61,18,0,6,0,0,10,0,27,35,26,0,0,9,0,0,0,0,0,0,0,0,0,0,0,0,0,22,9,13,0,0,0,0,0,0,06001432200,742100,57033,1638,113,87,23,31,0,0,0,8,0,06,001,432200,25,53,15,0,27,0,0,0,0,11,64,8,0,0,12,0,13,0,31,0,0,0,0,0,0,0,0,0,48059
4781,1218,1754,156531,855400,39607,1938,838,3576,1058,308,177,06,001,432300,174,1779,433,688,1318,436,2024,69471,1754,37,91,7,26,15,59,9,57,41,121,52,104,105,105,276,649,66,0,9,0,9,0,0,9,39,93,0,0,0,0,8,10,17,58,14,0,0,0,0,0,0,0,14,11,11,0,0,0,0,0,0,0,06001432300,600200,27799,1519,161,145,18,0,0,51,55,8,0,06,001,432300,13,43,0,0,0,10,0,0,0,33,45,0,32,0,0,0,0,0,13,0,0,0,0,0,0,0,0,0,38582
6332,884,1842,96500,665000,77832,2247,122,4132,615,185,17,06,001,432400,26,1842,446,82,826,1016,2171,39025,1842,32,34,64,17,71,84,13,72,60,112,149,227,311,190,222,184,172,8,17,8,24,34,43,10,28,67,7,40,0,0,0,20,0,0,11,0,0,0,11,0,0,0,0,13,13,0,0,0,0,0,0,0,06001432400,496600,45849,1749,85,413,112,29,50,90,71,20,9,06,001,432400,32,32,9,13,10,0,0,0,0,0,31,31,0,0,0,0,0,0,0,24,15,0,0,0,9,0,0,0,28782
4852,785,1414,123232,760400,56451,1906,191,3681,920,191,11,06,001,432501,21,1455,396,133,886,528,1889,42091,1414,41,32,23,0,44,37,17,34,45,9,61,198,195,134,143,401,181,0,45,8,0,0,22,20,86,0,0,0,0,0,0,0,0,0,27,0,0,0,0,0,0,0,27,0,0,0,0,0,0,0,0,0,06001432501,538800,43978,1713,151,284,99,0,8,11,135,16,0,06,001,432501,15,127,25,0,33,37,32,0,0,0,27,0,7,0,9,0,11,0,0,0,0,0,0,0,0,0,0,0,26704
5111,438,1431,112483,734100,75033,2099,184,3651,1066,169,88,06,001,432502,0,1526,348,24,594,837,2107,36023,1431,41,70,115,25,77,0,0,8,60,29,53,114,180,157,177,325,75,14,3,8,18,23,0,0,9,55,0,0,3,0,11,0,0,41,34,0,0,0,0,17,8,0,9,0,0,0,0,0,0,0,0,0,06001432502,569800,30315,1658,158,210,35,45,9,35,24,11,0,06,001,432502,51,57,0,8,0,0,7,13,10,19,12,0,0,0,12,0,0,0,0,6,0,6,0,0,0,0,0,0,32979
2654,1383,976,96481,996800,100873,2018,576,2065,542,186,53,06,001,432700,23,1024,261,393,732,244,2310,41531,976,77,32,13,0,17,61,41,0,13,55,99,91,29,55,120,273,87,87,0,0,0,0,0,0,0,12,6,0,0,0,6,0,0,0,19,0,0,0,0,0,0,0,19,0,0,0,0,0,0,0,0,0,06001432700,670400,27609,1703,146,121,0,9,12,30,0,0,9,06,001,432700,61,63,11,11,0,10,10,0,6,15,44,12,0,0,0,0,0,0,32,2,0,0,1,0,0,0,0,1,51163
4037,1557,1455,130202,1104400,59803,3039,331,3100,1063,245,69,06,001,432800,70,1584,118,128,1193,262,2548,59212,1455,20,0,102,36,12,24,35,71,23,23,88,119,172,148,213,369,248,21,0,72,40,25,6,30,54,115,62,10,0,20,0,0,0,23,68,32,9,0,0,15,0,0,12,23,0,0,0,12,0,11,0,0,06001432800,801400,36752,2289,700,119,31,11,14,0,13,4,16,06,001,432800,30,109,33,15,15,22,0,24,0,0,15,0,0,0,0,0,0,0,15,9,0,0,0,5,4,0,0,0,54063
3674,1284,1388,102118,771500,51077,2503,556,2842,784,221,46,06,001,433000,123,1454,879,34,1076,312,2124,51536,1388,46,23,66,0,48,12,35,38,59,49,86,160,202,93,239,232,48,0,0,0,0,37,0,0,11,62,24,0,0,0,12,0,0,26,73,0,0,0,0,0,0,52,21,0,0,0,0,0,0,0,0,0,06001433000,574500,25356,1891,306,80,0,0,14,48,0,9,0,06,001,433000,9,41,0,10,15,6,0,0,0,10,31,0,0,0,0,0,20,11,0,15,15,0,0,0,0,0,0,0,43807
4064,354,1304,102703,842100,34388,2505,341,3190,592,211,29,06,001,433102,36,1343,368,11,888,416,2000,52119,1304,36,15,32,40,7,29,44,26,102,41,65,212,114,108,102,331,161,19,19,0,0,34,15,41,33,112,6,0,27,0,0,0,7,72,9,0,0,0,0,0,0,0,9,0,0,0,0,0,0,0,0,0,06001433102,577000,32415,1732,101,181,18,9,62,0,70,11,11,06,001,433102,0,119,0,25,0,0,10,20,0,64,0,0,0,0,0,0,0,0,0,11,0,0,11,0,0,0,0,0,40514
3460,770,1432,64615,597800,90395,2076,199,2681,350,125,37,06,001,433103,23,1543,111,62,330,1102,1997,35385,1432,87,60,28,169,46,55,37,59,45,97,80,240,80,116,183,50,128,30,0,87,0,0,0,0,11,76,32,0,0,0,0,0,0,44,0,0,0,0,0,0,0,0,0,13,0,0,0,13,0,0,0,0,06001433103,555100,61286,1568,127,373,51,0,44,33,41,177,10,06,001,433103,17,81,0,7,0,13,38,14,0,9,44,7,0,20,0,10,7,0,0,28,11,0,0,17,0,0,0,0,38815
4584,728,1776,78603,679300,249747,2114,207,3242,590,276,37,06,001,433104,0,1857,108,107,547,1229,2048,37043,1776,143,74,25,67,16,129,41,54,31,72,211,394,115,113,122,169,215,2,0,25,50,36,0,0,102,38,2,1,4,3,0,0,8,20,61,0,0,9,8,0,35,9,0,0,0,0,0,0,0,0,0,0,06001433104,533500,64600,1662,68,277,11,8,77,12,36,18,12,06,001,433104,103,142,21,0,49,0,13,37,0,22,118,15,0,9,0,11,50,13,20,19,0,0,10,0,9,0,0,0,36787
8135,721,2727,84818,822400,32107,1712,127,5910,1430,129,0,06,001,433200,0,2809,133,155,1417,1310,1685,35941,2727,110,122,145,57,94,202,14,73,25,179,214,526,254,121,265,326,482,22,58,71,61,55,0,85,130,55,7,7,0,0,0,0,0,41,7,0,0,7,0,0,0,0,0,0,0,0,0,0,0,0,0,0,06001433200,543900,45930,1241,132,285,52,20,48,20,4,62,0,06,001,433200,79,132,17,4,0,42,0,0,0,69,8,0,0,0,8,0,0,0,0,0,0,0,0,0,0,0,0,0,31273
7265,1053,2036,102823,811200,45298,2748,192,5492,886,183,21,06,001,433300,14,2054,175,47,1656,380,2500,37102,2036,48,36,18,70,17,17,0,87,64,48,182,402,247,213,410,177,252,0,0,4,0,36,130,47,35,84,84,0,0,0,0,0,0,0,1,0,0,0,0,0,0,1,0,0,0,0,0,0,0,0,0,0,06001433300,578600,26554,1905,503,194,11,0,13,0,85,31,0,06,001,433300,54,1,1,0,0,0,0,0,0,0,37,12,12,0,0,13,0,0,0,19,19,0,0,0,0,0,0,0,37320
5824,784,2174,127601,720000,84403,3042,230,4351,1560,381,44,06,001,433400,66,2237,0,72,1609,565,2696,60320,2174,58,0,94,19,84,37,10,74,35,93,155,225,181,93,388,628,19,0,0,0,1,0,0,0,18,71,0,0,0,10,17,0,0,44,1,1,0,0,0,0,0,0,0,14,0,0,14,0,0,0,0,0,06001433400,580100,54717,1902,202,113,0,2,23,0,12,0,0,06,001,433400,76,131,20,34,9,0,13,0,9,46,13,0,0,0,0,13,0,0,0,0,0,0,0,0,0,0,0,0,43360
4084,1076,1486,75319,801600,64335,2006,518,3277,688,244,40,06,001,433500,0,1585,34,30,1243,243,1949,30483,1486,80,7,53,88,35,73,181,63,27,80,50,198,140,51,123,237,108,0,0,0,28,32,0,0,48,56,7,0,26,10,0,0,0,13,32,11,0,0,0,0,0,0,21,10,0,9,1,0,0,0,0,0,06001433500,584500,23378,2025,416,194,0,2,84,8,59,24,10,06,001,433500,7,51,2,0,0,14,0,0,0,35,58,24,0,0,0,0,0,0,34,0,0,0,0,0,0,0,0,0,36905
5871,1629,2170,82457,815500,59199,1716,249,4643,861,281,42,06,001,433600,5,2277,426,0,1271,899,1864,35546,2170,35,253,0,94,97,5,47,0,42,86,264,237,246,147,299,318,320,6,0,0,72,193,24,6,19,33,25,0,0,0,0,0,0,8,32,0,0,0,0,16,0,0,16,0,0,0,0,0,0,0,0,0,06001433600,552200,68791,1682,269,92,0,29,12,0,0,20,0,06,001,433600,31,19,0,0,0,0,0,0,0,19,37,0,0,0,0,18,0,19,0,0,0,0,0,0,0,0,0,0,26794
3206,231,912,84813,694000,53851,2239,263,2229,218,111,0,06,001,433700,2,1006,332,40,461,451,2366,34320,912,86,23,23,60,26,0,3,0,22,70,87,98,75,84,75,180,231,3,0,32,67,59,3,17,50,47,29,0,0,0,0,0,0,18,0,0,0,0,0,0,0,0,0,0,0,0,0,0,0,0,0,0,06001433700,536100,55293,1749,156,176,19,0,7,0,37,54,14,06,001,433700,45,73,4,28,0,0,0,14,13,14,0,0,0,0,0,0,0,0,0,0,0,0,0,0,0,0,0,0,35096
6850,373,2377,80148,608300,109841,2024,160,4080,407,267,11,06,001,433900,7,2419,131,106,325,2052,2012,42444,2377,34,57,58,74,25,0,81,252,117,146,196,516,246,229,259,87,153,29,0,59,0,25,20,20,0,77,16,0,47,0,0,0,0,14,0,0,0,0,0,0,0,0,0,0,0,0,0,0,0,0,0,0,06001433900,490700,71955,1691,94,124,21,53,0,19,13,0,0,06,001,433900,18,0,0,0,0,0,0,0,0,0,0,0,0,0,0,0,0,0,0,0,0,0,0,0,0,0,0,0,29049
5378,777,1686,55962,595300,153456,1857,231,3978,595,67,11,06,001,434000,0,1909,350,102,475,1211,1896,27840,1686,226,91,85,109,0,132,86,0,75,65,159,167,111,100,70,210,276,76,22,75,36,0,0,0,67,9,0,0,0,0,0,0,0,9,8,0,0,0,0,0,0,0,8,37,0,0,0,0,0,0,0,37,06001434000,447500,59332,1331,136,321,46,87,42,28,64,32,0,06,001,434000,22,0,0,0,0,0,0,0,0,0,14,0,0,0,14,0,0,0,0,16,8,0,0,0,8,0,0,0,31027
5595,1199,1629,129191,960500,51222,2828,80,3494,1135,490,90,06,001,435102,19,1739,0,67,1219,410,2808,53150,1629,36,0,0,17,8,0,191,21,0,56,26,137,250,140,315,432,214,123,34,1,0,7,0,10,39,317,198,17,16,30,5,0,0,51,26,14,7,0,2,3,0,0,0,8,0,0,0,0,8,0,0,0,06001435102,789800,38681,2215,189,238,78,7,7,9,0,0,0,06,001,435102,137,561,354,36,25,12,32,21,11,70,70,41,13,16,0,0,0,0,0,9,0,0,5,4,0,0,0,0,37520
7325,2491,2421,184875,1336700,200764,-666666666,-222222222,5292,1832,1136,76,06,001,435103,160,2480,24,43,2317,104,3849,74257,2421,142,32,0,0,0,18,0,24,0,142,77,226,67,205,373,1115,132,12,30,6,0,1,24,0,59,361,52,0,10,42,0,92,0,165,39,39,0,0,0,0,0,0,0,19,19,0,0,0,0,0,0,0,06001435103,963500,56280,3055,393,154,4,45,20,5,0,22,0,06,001,435103,58,157,16,9,22,0,35,0,16,59,20,5,0,0,0,0,15,0,0,0,0,0,0,0,0,0,0,0,62011
6615,760,2549,119681,895500,64106,2327,120,4975,1400,557,55,06,001,435104,126,2674,16,48,992,1557,2487,59405,2549,20,44,35,26,19,48,90,26,154,43,257,248,283,141,346,769,392,0,25,25,40,46,20,56,180,188,13,0,0,0,48,14,22,91,65,23,0,20,0,0,0,0,22,15,0,0,0,0,15,0,0,0,06001435104,622000,79090,1962,124,452,27,44,69,24,52,50,0,06,001,435104,186,189,14,8,0,96,0,7,16,48,34,9,13,0,0,0,0,0,12,33,21,0,0,0,0,12,0,0,38350
4530,1021,1426,129375,927600,56006,3392,889,3276,734,398,70,06,001,435200,200,1458,161,64,1132,294,2599,53889,1426,10,0,50,0,52,58,15,7,6,43,69,199,179,152,257,329,336,34,0,11,11,48,28,116,88,27,0,0,3,0,8,0,0,16,0,0,0,0,0,0,0,0,0,0,0,0,0,0,0,0,0,0,06001435200,614000,29244,1338,484,81,35,8,5,17,0,0,0,06,001,435200,16,41,23,0,8,5,0,0,0,5,0,0,0,0,0,0,0,0,0,0,0,0,0,0,0,0,0,0,43512
4909,1061,1639,114484,818300,50179,2350,118,3866,915,479,49,06,001,435300,71,1761,283,203,888,751,2390,48399,1639,24,16,0,36,37,7,62,14,93,86,135,219,206,217,282,205,305,14,5,27,0,16,155,7,81,188,5,29,0,6,13,19,57,59,23,0,0,0,23,0,0,0,0,45,0,0,0,22,0,23,0,0,06001435300,543000,51906,1704,142,276,75,56,11,46,42,23,0,06,001,435300,23,118,8,9,0,8,53,18,8,14,9,2,7,0,0,0,0,0,0,48,0,8,0,10,11,10,9,0,37811
5077,1165,1888,83310,643300,44895,1988,516,3689,533,242,56,06,001,435400,27,2346,140,397,621,1267,2383,40050,1888,172,108,51,31,94,30,15,10,8,93,293,149,216,91,274,253,195,30,7,11,26,22,0,8,91,141,0,31,82,18,0,0,0,10,44,0,44,0,0,0,0,0,0,4,4,0,0,0,0,0,0,0,06001435400,508000,77150,1662,118,227,34,42,13,26,0,35,32,06,001,435400,45,255,21,35,31,66,21,34,0,47,0,0,0,0,0,0,0,0,0,21,0,0,9,0,0,0,0,12,33448
4023,1013,1436,81275,732400,72671,2198,105,2925,510,119,32,06,001,435500,17,1464,261,238,416,1020,2184,42184,1436,148,46,50,0,33,16,87,54,62,45,151,151,159,187,108,139,50,23,0,0,0,0,0,0,27,13,0,0,13,0,0,0,0,0,0,0,0,0,0,0,0,0,0,0,0,0,0,0,0,0,0,0,06001435500,543400,70318,1673,163,188,12,3,8,26,39,0,0,06,001,435500,100,103,40,2,0,0,29,32,0,0,7,0,7,0,0,0,0,0,0,34,14,11,0,0,0,0,0,9,35123
4813,604,1469,80325,703600,101314,2123,220,3350,530,105,23,06,001,435601,0,1561,294,198,455,1014,2166,28363,1469,71,87,18,64,21,6,118,20,24,119,163,209,209,139,69,132,174,7,7,27,0,30,53,0,50,100,6,0,60,20,0,0,0,14,13,0,0,0,0,0,0,0,13,0,0,0,0,0,0,0,0,0,06001435601,479700,63477,1789,113,329,53,39,94,16,55,54,0,06,001,435601,18,107,0,24,0,74,0,9,0,0,19,0,0,0,0,10,9,0,0,39,0,0,0,32,0,0,7,0,31882
5506,968,1626,88273,656300,47468,2103,132,3758,411,156,7,06,001,435602,29,1733,184,316,477,1149,2082,34266,1626,20,27,45,75,12,42,32,40,48,73,261,298,251,98,162,142,127,44,28,21,19,0,15,0,0,39,7,0,0,0,6,12,0,14,10,10,0,0,0,0,0,0,0,12,0,0,0,12,0,0,0,0,06001435602,505600,80127,1584,114,199,81,59,16,0,10,12,11,06,001,435602,10,39,0,0,12,0,0,0,17,10,23,16,0,0,7,0,0,0,0,0,0,0,0,0,0,0,0,0,31006
4913,912,1503,100610,798900,54028,2076,200,3575,431,55,61,06,001,435700,0,1527,77,90,972,531,2096,41094,1503,30,40,0,11,49,57,50,0,11,39,246,208,166,134,236,226,7,0,0,0,3,2,0,0,2,82,5,0,0,38,39,0,0,0,24,0,0,0,0,0,0,0,24,0,0,0,0,0,0,0,0,0,06001435700,573800,32202,1744,98,85,26,0,4,0,15,0,0,06,001,435700,40,25,0,0,0,0,8,0,7,10,8,8,0,0,0,0,0,0,0,0,0,0,0,0,0,0,0,0,32370
5802,1166,1689,106860,848600,20781,2728,477,4098,729,197,48,06,001,435800,10,1741,1092,29,1182,507,2696,40705,1689,11,0,29,59,75,58,80,22,59,21,60,249,288,104,267,307,116,28,9,26,19,14,0,0,20,46,0,0,0,0,27,0,0,19,35,0,9,17,9,0,0,0,0,0,0,0,0,0,0,0,0,0,06001435800,554000,29664,2113,337,137,4,0,17,22,0,46,0,06,001,435800,48,14,0,0,0,0,0,0,0,14,75,0,11,44,0,10,10,0,0,0,0,0,0,0,0,0,0,0,40507
5138,1280,1555,117841,825100,32725,3063,409,3879,913,121,30,06,001,435900,48,1614,51,3,1290,265,2257,53530,1555,24,7,69,24,38,18,51,24,5,60,85,196,225,159,225,345,36,32,0,0,0,0,0,0,4,57,0,21,0,1,0,11,24,0,69,0,0,69,0,0,0,0,0,0,0,0,0,0,0,0,0,0,06001435900,599600,18079,2134,179,58,0,0,8,31,0,0,0,06,001,435900,19,47,0,11,9,9,0,18,0,0,0,0,0,0,0,0,0,0,0,12,10,0,2,0,0,0,0,0,38542
4932,1250,1410,116087,842700,31064,1871,537,3671,678,225,69,06,001,436000,24,1410,167,19,1228,182,2210,43405,1410,46,11,35,19,31,17,11,8,92,25,96,141,199,116,268,295,92,0,0,0,0,7,24,0,61,106,12,19,15,11,24,0,0,25,9,0,0,9,0,0,0,0,0,0,0,0,0,0,0,0,0,0,06001436000,592700,22831,2025,559,128,48,4,0,0,0,35,10,06,001,436000,31,56,0,12,12,18,0,0,0,14,30,0,0,0,0,0,27,0,3,21,0,0,10,0,0,0,0,11,43338
5991,877,1690,119706,832000,51583,1678,639,4138,1001,59,8,06,001,436100,10,1775,481,135,1002,688,1961,43821,1690,20,139,36,27,24,19,26,20,17,102,174,136,156,161,171,462,124,0,29,20,9,9,11,30,16,80,11,0,0,0,22,0,15,32,57,8,8,15,0,8,8,0,10,30,0,0,10,0,10,10,0,0,06001436100,597900,21631,1469,194,187,11,24,63,9,9,10,21,06,001,436100,40,87,10,0,0,0,15,31,0,31,33,0,0,0,12,21,0,0,0,120,14,7,22,17,32,28,0,0,39815
4060,385,1284,78125,737400,123828,2176,145,2869,604,110,28,06,001,436200,73,1319,145,198,241,1043,2207,39746,1284,75,55,5,42,38,17,11,51,6,137,169,188,178,91,129,92,175,22,0,36,45,49,0,0,23,104,45,0,10,25,0,0,17,7,21,21,0,0,0,0,0,0,0,11,11,0,0,0,0,0,0,0,06001436200,452600,89780,1668,108,116,27,32,23,19,3,0,10,06,001,436200,2,46,8,0,3,12,23,0,0,0,0,0,0,0,0,0,0,0,0,0,0,0,0,0,0,0,0,0,36551
2754,1028,945,173882,1084400,88632,2663,902,2178,787,220,53,06,001,436402,67,1005,19,52,858,87,3268,73125,945,8,0,0,10,0,0,8,0,0,43,14,93,97,106,167,399,42,6,0,0,0,0,7,0,29,12,0,0,0,5,3,0,0,4,0,0,0,0,0,0,0,0,0,0,0,0,0,0,0,0,0,0,06001436402,762100,69328,3000,916,72,15,16,0,0,0,0,32,06,001,436402,9,25,0,15,10,0,0,0,0,0,0,0,0,0,0,0,0,0,0,0,0,0,0,0,0,0,0,0,70188
5010,639,1697,86952,779200,63957,2267,128,3353,569,360,59,06,001,436500,54,1875,91,23,706,991,2365,41823,1697,57,17,45,11,36,77,46,9,136,191,75,209,203,218,181,186,169,3,0,7,87,19,24,10,19,151,56,0,0,9,0,38,39,9,20,20,0,0,0,0,0,0,0,59,41,7,0,0,0,11,0,0,06001436500,524900,63914,1891,165,195,18,0,48,16,21,26,8,06,001,436500,58,374,102,63,26,40,35,54,7,47,54,0,0,0,16,20,0,18,0,77,77,0,0,0,0,0,0,0,40952
6554,636,1899,80095,759700,68207,2283,288,4654,788,102,31,06,001,436601,0,1997,136,193,790,1109,2342,42500,1899,134,30,0,39,78,131,16,171,28,54,205,196,150,163,248,256,112,0,11,21,9,5,41,0,25,198,7,14,14,7,73,26,0,57,16,0,0,5,0,11,0,0,0,18,0,0,10,0,8,0,0,0,06001436601,516700,73591,1711,132,295,10,18,62,21,45,60,14,06,001,436601,65,165,19,0,10,30,24,39,7,36,12,0,0,12,0,0,0,0,0,61,44,0,10,7,0,0,0,0,32416
5250,328,1685,103178,735900,102078,2159,100,3675,548,137,53,06,001,436602,11,1799,58,15,403,1282,2268,40859,1685,58,28,17,142,17,25,43,28,7,114,147,194,248,254,196,167,116,4,0,15,0,14,13,0,70,47,0,0,7,0,10,0,0,30,0,0,0,0,0,0,0,0,0,59,0,59,0,0,0,0,0,0,06001436602,591900,50068,1553,89,79,19,0,34,7,6,0,6,06,001,436602,7,88,17,7,17,0,0,0,0,47,45,0,0,10,0,35,0,0,0,0,0,0,0,0,0,0,0,0,36870
3533,303,1191,123705,642300,93375,2752,164,2311,617,128,94,06,001,436700,16,1280,24,47,680,511,1955,41331,1191,18,99,0,0,137,7,21,23,7,85,63,81,69,190,184,207,218,0,0,0,18,35,50,69,46,70,11,0,0,18,0,17,0,24,29,0,0,0,29,0,0,0,0,0,0,0,0,0,0,0,0,0,06001436700,544100,59528,2188,553,195,10,26,0,7,80,7,10,06,001,436700,55,0,0,0,0,0,0,0,0,0,28,0,0,0,18,0,0,0,10,0,0,0,0,0,0,0,0,0,36000
4244,444,1324,108867,846800,28804,2538,280,2975,625,147,49,06,001,436800,26,1433,128,35,649,675,2736,37360,1324,73,21,33,40,17,0,19,27,0,30,70,234,199,98,98,365,59,0,0,2,0,16,12,0,29,99,0,0,14,45,7,26,0,7,28,15,0,0,0,0,0,0,13,12,0,0,12,0,0,0,0,0,06001436800,565400,33360,1899,111,152,12,0,4,25,47,28,0,06,001,436800,36,34,0,0,0,19,0,0,7,8,32,10,0,16,0,0,0,0,6,7,0,7,0,0,0,0,0,0,39615
6766,441,1869,107545,811200,36272,2257,79,4301,812,117,51,06,001,436900,25,1916,140,77,882,987,2350,46337,1869,13,7,29,75,39,48,93,50,182,75,70,160,192,230,325,281,136,0,2,38,15,23,24,0,34,178,12,0,39,11,24,0,0,92,11,0,0,0,0,0,0,11,0,7,0,7,0,0,0,0,0,0,06001436900,577600,35018,1680,93,331,3,12,71,45,115,33,44,06,001,436900,8,89,16,0,0,20,4,33,5,11,0,0,0,0,0,0,0,0,0,0,0,0,0,0,0,0,0,0,33163
3617,684,1157,109583,802700,32883,3094,867,2568,601,139,0,06,001,437000,69,1221,32,0,881,276,2418,49742,1157,7,6,18,7,17,58,32,46,21,23,79,192,175,53,252,171,17,11,6,0,0,0,0,0,0,105,30,3,0,0,58,0,2,12,0,0,0,0,0,0,0,0,0,45,38,0,0,0,0,0,0,7,06001437000,533100,41521,2119,320,117,50,24,9,0,7,0,8,06,001,437000,19,40,5,13,7,0,0,0,0,15,0,0,0,0,0,0,0,0,0,0,0,0,0,0,0,0,0,0,40674
7458,711,2246,162303,1096000,125021,2820,438,5723,1858,766,42,06,001,437101,20,2293,39,51,1862,384,3268,66209,2246,99,0,12,9,6,56,84,38,21,75,17,275,103,148,340,963,256,50,44,0,0,61,0,0,101,120,0,0,0,0,0,0,0,120,42,42,0,0,0,0,0,0,0,0,0,0,0,0,0,0,0,0,06001437101,667800,47189,2103,432,339,39,46,0,38,25,26,25,06,001,437101,140,213,0,11,51,10,0,27,48,66,12,0,12,0,0,0,0,0,0,0,0,0,0,0,0,0,0,0,39201
4018,339,1449,81914,695500,51390,2155,159,3106,462,192,64,06,001,437102,0,1562,57,100,807,642,2277,37708,1449,118,34,48,16,54,26,0,42,185,59,77,182,159,119,97,233,99,2,20,0,0,17,12,0,48,26,0,1,0,0,12,13,0,0,12,0,0,0,0,0,0,0,12,7,7,0,0,0,0,0,0,0,06001437102,473600,27538,1694,148,99,44,0,0,8,13,0,0,06,001,437102,34,125,30,0,7,39,0,20,0,29,36,11,0,25,0,0,0,0,0,27,16,0,11,0,0,0,0,0,30255
8975,981,2774,105606,825600,112267,2518,271,6768,1934,335,182,06,001,437200,9,2858,63,65,1676,1098,2351,47866,2774,60,118,39,26,170,59,43,0,21,52,209,463,297,142,439,636,273,65,0,41,52,65,0,17,33,354,51,0,0,15,49,89,0,150,20,0,0,0,0,0,20,0,0,47,19,0,0,0,13,15,0,0,06001437200,625000,41719,2134,198,206,31,34,22,40,21,46,0,06,001,437200,12,197,7,34,49,0,30,60,0,17,113,37,0,0,58,18,0,0,0,184,0,0,184,0,0,0,0,0,39224
3031,315,1019,62201,851700,39871,2042,269,2295,611,74,22,06,001,437300,0,1059,14,180,449,570,2324,29320,1019,27,58,164,38,50,10,7,37,21,57,95,67,68,103,114,103,77,3,32,7,35,0,0,0,0,65,16,13,0,9,0,5,5,17,0,0,0,0,0,0,0,0,0,3,0,3,0,0,0,0,0,0,06001437300,574300,27359,1477,203,105,26,40,8,8,16,0,0,06,001,437300,7,65,2,9,2,10,4,5,5,28,12,0,0,0,0,7,0,0,5,20,16,0,4,0,0,0,0,0,30882
3609,582,1049,100096,774900,46103,2606,449,2579,438,149,5,06,001,437400,0,1049,40,0,937,112,1909,39500,1049,23,20,14,36,18,7,28,21,14,108,77,158,63,118,156,188,143,21,4,5,48,8,19,11,27,37,5,7,4,6,15,0,0,0,0,0,0,0,0,0,0,0,0,0,0,0,0,0,0,0,0,0,06001437400,556500,25810,2188,108,100,10,8,17,4,31,6,0,06,001,437400,24,36,5,0,10,17,0,0,0,4,0,0,0,0,0,0,0,0,0,4,4,0,0,0,0,0,0,0,37816
4663,442,1160,96250,847200,90713,2240,135,2810,371,58,29,06,001,437500,36,1182,88,69,275,885,2269,40804,1160,102,18,12,63,27,17,49,24,38,49,58,129,219,125,87,143,212,92,0,7,30,39,33,6,5,21,5,0,16,0,0,0,0,0,0,0,0,0,0,0,0,0,0,0,0,0,0,0,0,0,0,0,06001437500,570700,42206,1791,67,109,63,20,4,4,15,3,0,06,001,437500,0,78,9,0,40,16,0,6,7,0,4,4,0,0,0,0,0,0,0,8,4,0,0,0,4,0,0,0,35798
3385,331,881,107188,816200,34592,2406,320,2455,383,76,33,06,001,437600,7,909,18,9,475,406,2460,35845,881,49,38,0,23,12,23,22,4,13,0,82,129,98,129,124,135,255,23,0,0,46,53,108,12,13,85,9,9,5,0,54,4,0,4,15,0,15,0,0,0,0,0,0,28,8,0,4,16,0,0,0,0,06001437600,561400,31420,1575,326,158,39,41,26,16,11,3,0,06,001,437600,22,112,47,13,34,0,0,5,0,13,4,4,0,0,0,0,0,0,0,25,21,0,0,4,0,0,0,0,30828
3729,254,1090,72159,611700,113122,2144,132,2275,458,54,0,06,001,437701,0,1163,105,57,290,800,2097,34871,1090,81,27,40,0,0,70,0,56,38,77,174,202,73,67,102,83,84,15,12,0,0,12,0,0,45,25,0,0,0,0,25,0,0,0,25,0,0,25,0,0,0,0,0,0,0,0,0,0,0,0,0,0,06001437701,435600,27250,1664,99,67,19,0,0,0,0,31,17,06,001,437701,0,35,0,10,0,0,16,0,0,9,14,0,0,0,14,0,0,0,0,16,0,7,0,9,0,0,0,0,32109
4027,186,1011,100268,1125000,151845,2254,61,2520,146,47,0,06,001,437702,0,1108,10,40,124,887,2300,36696,1011,26,40,14,12,2,1,65,31,25,69,109,110,233,60,133,81,128,35,0,14,15,28,11,0,25,14,14,0,0,0,0,0,0,0,23,0,0,0,0,0,0,23,0,28,0,0,0,13,15,0,0,0,06001437702,460700,151380,1688,67,89,0,0,7,49,7,26,0,06,001,437702,0,53,0,19,0,0,15,19,0,0,0,0,0,0,0,0,0,0,0,29,16,0,0,0,0,0,13,0,29287
5107,702,1351,150980,826100,32531,2646,242,3650,727,288,32,06,001,437800,31,1390,165,0,983,368,2680,47512,1351,25,0,0,0,6,50,23,0,53,13,92,214,102,83,276,414,137,64,1,12,1,0,0,18,41,67,14,1,0,32,0,0,0,20,0,0,0,0,0,0,0,0,0,27,18,0,0,9,0,0,0,0,06001437800,596600,38097,2050,198,113,12,1,34,16,14,15,0,06,001,437800,21,57,1,5,0,20,0,0,0,31,0,0,0,0,0,0,0,0,0,16,0,0,0,16,0,0,0,0,37873
2283,261,672,93490,813600,61657,2382,199,1464,171,47,0,06,001,437900,79,705,69,7,227,445,2375,40895,672,32,34,0,31,25,8,18,22,15,59,26,113,51,28,104,106,27,8,0,0,6,13,0,0,0,61,5,0,16,9,0,8,0,23,0,0,0,0,0,0,0,0,0,24,0,0,0,0,0,0,0,24,06001437900,518900,67791,1914,132,62,12,0,4,11,10,0,9,06,001,437900,16,37,5,3,4,0,3,4,0,18,29,11,0,7,0,0,0,5,6,10,10,0,0,0,0,0,0,0,29955
3676,674,1084,137418,945200,71747,3080,320,2700,764,220,56,06,001,438000,65,1140,68,16,617,467,3058,50901,1084,46,9,0,25,49,0,0,5,0,31,67,168,83,194,179,228,430,17,32,41,30,143,112,16,39,185,11,36,0,0,0,17,51,70,0,0,0,0,0,0,0,0,0,88,40,30,0,0,0,0,0,18,06001438000,651700,22237,2251,180,71,10,2,7,20,15,0,8,06,001,438000,9,153,13,0,1,21,8,41,49,20,13,0,13,0,0,0,0,0,0,10,0,0,0,0,0,0,0,10,43598
7541,989,2240,154208,911400,51768,3302,669,5648,1853,288,119,06,001,438100,19,2283,79,0,1807,433,2960,64009,2240,40,0,13,46,16,50,62,5,0,10,22,235,163,322,469,787,170,0,88,0,62,20,0,0,0,47,33,0,14,0,0,0,0,0,0,0,0,0,0,0,0,0,0,0,0,0,0,0,0,0,0,0,06001438100,646600,39360,2516,312,182,31,0,10,57,0,24,0,06,001,438100,60,193,50,33,13,30,24,0,21,22,0,0,0,0,0,0,0,0,0,13,0,0,0,0,0,0,0,13,41849
4671,207,1220,107500,633900,185605,2843,370,3254,505,18,0,06,001,438201,45,1223,21,18,1013,207,2072,38822,1220,40,10,0,46,17,46,27,80,10,49,1,265,150,77,248,154,226,1,37,39,31,39,0,0,79,3,3,0,0,0,0,0,0,0,0,0,0,0,0,0,0,0,0,5,0,5,0,0,0,0,0,0,06001438201,389000,107683,2440,587,96,12,0,11,28,0,34,0,06,001,438201,11,27,0,0,0,0,27,0,0,0,82,22,0,10,0,26,0,0,24,10,0,10,0,0,0,0,0,0,30589
4073,954,1178,129113,700000,117811,2646,427,3136,1019,216,13,06,001,438203,21,1231,15,6,930,248,2221,42770,1178,24,0,73,73,68,10,29,12,52,17,62,104,34,88,190,342,191,68,0,8,22,0,0,30,63,56,16,0,0,0,0,0,8,32,0,0,0,0,0,0,0,0,0,0,0,0,0,0,0,0,0,0,06001438203,517900,60255,1654,449,58,10,12,0,24,0,0,0,06,001,438203,12,34,14,0,0,12,0,0,0,8,6,0,6,0,0,0,0,0,0,0,0,0,0,0,0,0,0,0,33278
5745,649,1952,100000,365800,231509,2600,990,4686,940,363,32,06,001,438204,10,2027,73,8,1620,332,1444,37896,1952,45,16,20,39,62,49,26,0,158,105,189,267,208,64,365,339,157,66,0,14,9,16,27,0,25,39,5,9,6,0,8,3,0,8,0,0,0,0,0,0,0,0,0,0,0,0,0,0,0,0,0,0,06001438204,306200,115979,2097,496,195,0,0,27,26,62,33,10,06,001,438204,37,74,22,0,6,0,0,13,0,33,9,0,0,9,0,0,0,0,0,24,19,0,0,0,0,0,0,5,40346
3849,221,864,142500,832100,24743,3193,103,2645,492,77,23,06,001,438300,0,889,21,1,791,73,2286,42047,864,12,0,6,26,4,6,22,7,0,12,30,39,202,122,141,235,150,0,0,16,0,47,14,4,69,29,0,0,22,0,7,0,0,0,30,0,0,10,0,11,0,0,9,8,0,8,0,0,0,0,0,0,06001438300,512900,45644,2329,240,112,0,11,9,37,11,31,7,06,001,438300,6,62,27,0,14,0,10,5,0,6,0,0,0,0,0,0,0,0,0,26,16,0,0,0,0,0,0,10,32817
2741,223,734,107171,602500,52481,2647,803,2031,637,31,28,06,001,438400,0,734,25,0,635,99,2106,35989,734,7,9,0,15,13,0,28,6,0,53,91,75,122,85,144,86,103,19,0,9,3,11,12,28,21,23,0,13,0,0,0,5,0,5,0,0,0,0,0,0,0,0,0,0,0,0,0,0,0,0,0,0,06001438400,518600,50159,2608,235,207,45,9,45,17,6,38,0,06,001,438400,47,10,0,0,0,0,6,0,0,4,0,0,0,0,0,0,0,0,0,0,0,0,0,0,0,0,0,0,30429
2423,890,975,104861,691500,91317,2833,152,1930,501,240,57,06,001,440100,87,1124,8,163,561,414,2713,51069,975,94,22,22,13,8,13,22,25,10,45,65,105,95,117,103,216,186,32,6,5,17,36,9,10,71,100,22,0,0,0,15,0,13,50,0,0,0,0,0,0,0,0,0,42,0,0,0,0,0,20,0,22,06001440100,561300,63070,2238,145,158,11,13,30,24,13,19,9,06,001,440100,39,50,7,4,5,5,9,4,8,8,5,0,0,5,0,0,0,0,0,25,4,0,0,0,0,10,5,6,42565
5368,179,1461,125129,815200,118835,2558,239,3469,602,112,54,06,001,440200,9,1548,116,155,747,714,2513,43718,1461,0,48,22,21,64,41,23,9,37,17,96,174,172,271,125,341,184,0,0,11,46,0,33,0,94,55,13,4,0,0,0,0,30,8,32,0,0,0,0,0,0,0,32,35,11,0,0,0,0,0,0,24,06001440200,617500,51045,1841,117,122,10,3,37,30,15,17,10,06,001,440200,0,94,0,6,14,0,20,43,0,11,0,0,0,0,0,0,0,0,0,55,0,33,10,0,12,0,0,0,33343
6812,1911,2151,123102,945100,163985,2176,527,4912,1029,328,44,06,001,440301,0,2207,8,0,1703,448,1927,48307,2151,43,65,19,84,20,0,48,164,43,31,214,145,220,107,255,693,87,17,0,13,12,0,23,0,22,12,0,0,0,0,0,0,0,12,0,0,0,0,0,0,0,0,0,0,0,0,0,0,0,0,0,0,06001440301,739200,84061,1841,172,257,55,9,96,57,0,20,0,06,001,440301,20,103,23,13,50,0,17,0,0,0,21,0,0,0,0,0,0,0,21,0,0,0,0,0,0,0,0,0,45309
4391,569,1359,142675,1045100,55865,2230,1061,3407,975,347,46,06,001,440304,34,1428,12,35,1054,305,2677,48732,1359,21,41,33,32,33,30,0,6,50,58,103,103,101,115,119,514,34,15,0,0,0,0,0,0,19,40,0,6,0,0,0,0,0,34,43,0,0,0,22,21,0,0,0,23,0,0,0,0,23,0,0,0,06001440304,702200,50207,2191,132,132,16,10,0,21,34,13,0,06,001,440304,38,52,10,12,7,0,0,0,0,23,6,6,0,0,0,0,0,0,0,9,0,0,0,9,0,0,0,0,35165
4021,664,1005,159583,1153400,45314,3501,-333333333,3093,1017,424,156,06,001,440305,80,1017,0,16,935,70,3281,52875,1005,5,0,0,10,9,0,5,9,36,21,21,104,143,111,136,395,180,9,0,0,0,0,0,0,171,117,25,0,0,0,0,0,0,92,0,0,0,0,0,0,0,0,0,8,0,0,0,8,0,0,0,0,06001440305,809100,30296,3007,323,82,13,0,6,0,6,6,0,06,001,440305,51,27,0,27,0,0,0,0,0,0,6,6,0,0,0,0,0,0,0,44,19,0,11,0,14,0,0,0,39714
3706,294,1065,112723,775200,87049,3132,170,2778,654,173,151,06,001,440306,18,1083,30,0,761,304,2667,52114,1065,0,0,0,0,0,18,25,0,0,64,95,293,112,27,93,338,110,5,0,0,27,10,0,14,54,33,0,0,0,0,11,0,0,22,0,0,0,0,0,0,0,0,0,0,0,0,0,0,0,0,0,0,06001440306,602600,36933,2408,208,65,5,0,37,0,0,9,0,06,001,440306,14,28,0,16,0,6,0,0,0,6,16,0,0,9,0,0,7,0,0,37,0,5,7,9,6,5,5,0,30058
4449,673,1514,102500,755100,255583,1764,974,3576,991,429,46,06,001,440307,41,1563,9,11,1080,434,1961,50698,1514,60,9,49,82,30,6,12,58,8,112,102,210,76,71,228,401,321,60,0,35,19,0,25,68,114,84,0,0,3,0,0,0,0,81,61,61,0,0,0,0,0,0,0,0,0,0,0,0,0,0,0,0,06001440307,312500,124263,1953,373,199,2,46,90,35,16,0,0,06,001,440307,10,2,2,0,0,0,0,0,0,0,0,0,0,0,0,0,0,0,0,17,0,0,0,0,0,0,17,0,32004
6303,891,1987,113750,1111700,51058,2374,297,4991,1188,420,44,06,001,440308,126,2083,21,34,899,1088,2470,37217,1987,233,96,8,76,0,9,7,15,62,115,86,242,96,159,317,466,574,60,50,109,0,89,44,52,170,125,49,0,0,0,0,10,0,66,27,0,0,0,0,0,0,10,17,95,0,0,0,57,38,0,0,0,06001440308,728400,49262,2181,101,328,24,33,18,0,69,44,12,06,001,440308,128,93,31,0,0,21,0,7,10,24,83,0,0,8,0,5,30,9,31,66,0,7,7,7,14,0,0,31,49159
3373,356,990,132500,1063100,168636,2793,240,2472,664,183,50,06,001,440331,70,1007,30,30,647,343,2849,49632,990,38,6,0,6,27,0,13,9,11,38,66,112,134,108,156,266,41,0,0,6,0,13,0,0,22,25,0,21,0,0,0,0,0,4,9,0,0,0,0,4,0,5,0,7,7,0,0,0,0,0,0,0,06001440331,791300,96669,2099,107,84,0,0,21,5,39,5,7,06,001,440331,7,75,6,0,6,5,34,8,5,11,14,0,0,0,0,0,7,0,7,6,6,0,0,0,0,0,0,0,40082
3102,276,879,180234,1552300,98520,3501,-333333333,2222,711,553,106,06,001,440332,89,889,0,3,802,77,3706,49706,879,30,5,19,6,3,21,0,8,8,21,32,56,65,114,102,389,137,18,7,0,19,18,13,4,58,26,8,12,0,0,6,0,0,0,7,3,0,0,0,0,0,0,4,18,14,0,4,0,0,0,0,0,06001440332,990700,49160,3501,-333333333,75,0,0,9,14,6,0,0,06,001,440332,46,28,0,6,0,0,0,0,0,22,92,21,25,27,0,0,0,0,19,6,0,0,0,0,0,0,0,6,51705
2516,174,869,127708,1044500,102450,3131,898,2086,701,219,61,06,001,440333,41,889,5,0,723,146,2474,54167,869,99,18,18,0,5,11,0,6,10,36,74,60,97,106,63,266,17,0,0,0,4,2,5,6,0,44,14,0,0,0,0,13,0,17,0,0,0,0,0,0,0,0,0,6,6,0,0,0,0,0,0,0,06001440333,858700,31081,2488,1490,5,0,0,2,1,2,0,0,06,001,440333,0,39,7,0,0,0,7,8,0,17,0,0,0,0,0,0,0,0,0,14,7,0,0,7,0,0,0,0,41542
3902,361,1026,163663,1063100,34046,2714,757,2960,868,376,18,06,001,440334,22,1034,15,3,868,158,3344,47574,1026,30,0,0,0,6,57,15,12,7,12,59,128,85,64,154,397,95,7,0,8,8,0,0,0,72,83,0,0,0,12,0,13,28,30,0,0,0,0,0,0,0,0,0,0,0,0,0,0,0,0,0,0,06001440334,732400,59644,2352,218,149,0,0,51,0,12,21,0,06,001,440334,65,50,0,0,0,0,0,14,12,24,0,0,0,0,0,0,0,0,0,0,0,0,0,0,0,0,0,0,42110
4554,895,1354,156579,1020100,109455,2883,251,3349,930,285,74,06,001,440336,210,1424,21,25,734,620,2669,59727,1354,15,8,57,7,0,0,9,26,13,88,77,96,123,116,229,490,275,0,7,23,12,77,41,13,102,69,1,9,0,0,0,0,18,41,14,0,0,0,14,0,0,0,0,7,0,0,7,0,0,0,0,0,06001440336,739800,71069,2272,88,176,12,15,34,9,20,42,0,06,001,440336,44,37,2,0,20,7,0,8,0,0,0,0,0,0,0,0,0,0,0,50,12,0,11,0,10,0,0,17,42601
4584,2138,1757,175159,1230800,157771,2926,799,3533,866,677,243,06,001,441100,151,1854,86,90,1421,336,2431,70161,1757,113,43,56,76,27,0,55,0,30,55,40,33,192,33,225,779,107,11,0,42,3,0,0,0,51,97,3,3,0,0,0,59,0,32,13,0,0,0,0,0,0,0,13,22,0,22,0,0,0,0,0,0,06001441100,864000,39412,1780,145,149,49,7,20,9,0,9,20,06,001,441100,35,29,0,0,0,0,9,10,0,10,30,0,0,0,0,0,30,0,0,23,23,0,0,0,0,0,0,0,44770
7151,2144,2640,168722,1380600,100945,2595,263,5437,1683,1169,163,06,001,441200,232,2685,103,337,1724,916,2914,76026,2640,0,85,0,5,52,11,29,0,9,66,187,179,201,276,605,935,446,43,0,62,61,64,25,79,112,27,0,0,0,0,0,0,0,27,13,0,0,0,0,0,0,0,13,36,0,36,0,0,0,0,0,0,06001441200,898000,71779,2220,132,244,106,0,0,44,0,23,38,06,001,441200,33,108,23,0,0,0,0,55,0,30,126,40,0,42,0,0,0,0,44,34,0,17,0,0,0,0,0,17,52449
3338,769,1262,167845,1563800,177618,3080,147,2486,890,533,72,06,001,441301,260,1305,29,0,629,633,3075,88135,1262,93,13,13,27,0,29,0,26,0,0,8,137,42,114,258,502,85,0,13,16,0,0,0,0,56,29,5,0,0,15,0,0,0,9,60,0,0,7,0,0,0,6,47,0,0,0,0,0,0,0,0,0,06001441301,1108600,126206,2686,98,180,19,0,15,6,13,50,0,06,001,441301,77,124,18,0,0,10,11,8,13,64,92,0,0,0,0,28,37,8,19,34,10,0,0,0,0,0,0,24,63919
5882,646,1931,210580,1361600,61851,2780,126,4281,1540,915,88,06,001,441302,130,1956,0,8,1346,585,2945,88766,1931,82,8,32,41,23,55,7,19,29,33,52,164,72,137,188,989,143,18,0,0,34,13,21,0,57,81,0,17,9,0,0,24,0,31,69,0,0,0,0,0,21,27,21,184,136,0,19,0,0,9,0,20,06001441302,998200,54295,2399,268,151,19,32,21,32,0,10,0,06,001,441302,37,46,0,9,0,0,11,10,0,16,21,0,0,0,10,0,0,0,11,21,0,13,8,0,0,0,0,0,54308
7667,1636,2422,186000,1218600,117714,2917,883,5385,1908,947,11,06,001,441401,264,2470,15,31,1371,1051,2908,61298,2422,0,0,25,100,84,14,42,22,0,146,75,78,157,247,321,1111,379,29,3,21,0,66,153,39,68,126,0,13,0,0,10,0,0,103,26,0,0,26,0,0,0,0,0,15,0,0,0,0,0,0,0,15,06001441401,913300,70707,1979,167,185,52,17,0,21,18,20,0,06,001,441401,57,166,11,29,0,0,0,0,0,126,0,0,0,0,0,0,0,0,0,21,21,0,0,0,0,0,0,0,45148
5231,755,1757,189806,1418200,65389,3026,398,4079,1285,846,62,06,001,441402,301,1788,28,0,1298,459,3158,72583,1757,10,0,0,9,9,8,30,27,0,89,69,159,99,64,319,865,112,20,20,45,0,0,0,0,27,51,0,21,0,6,0,0,0,24,34,0,0,0,0,0,0,0,34,24,11,13,0,0,0,0,0,0,06001441402,943200,41533,2494,214,178,19,2,48,0,8,23,0,06,001,441402,78,104,10,9,20,0,0,23,18,24,17,8,0,0,0,0,0,0,9,38,0,8,0,0,0,22,0,8,60817
5496,562,1699,200781,1269800,118280,3291,161,4146,1502,950,52,06,001,441501,162,1728,11,0,1510,189,3326,62994,1699,24,0,6,9,49,44,5,9,18,29,99,85,101,169,200,852,101,0,0,0,9,21,0,7,64,0,0,0,0,0,0,0,0,0,17,0,0,0,0,0,0,0,17,23,0,0,0,0,5,0,0,18,06001441501,876200,23966,2232,935,234,3,0,19,45,9,13,23,06,001,441501,122,52,0,10,0,0,12,0,0,30,74,16,0,0,0,29,0,0,29,10,0,0,0,10,0,0,0,0,50956
7528,580,2386,240658,1414800,144328,3367,381,5075,1826,1803,124,06,001,441503,361,2589,17,0,1950,436,3925,117794,2386,17,70,66,22,0,0,4,28,26,17,46,110,80,111,349,1440,212,0,14,16,0,11,0,0,171,59,0,0,0,0,0,0,0,59,68,50,0,0,18,0,0,0,0,75,45,0,0,0,8,0,0,22,06001441503,959600,48834,2891,120,203,13,33,31,37,19,0,0,06,001,441503,70,275,24,0,0,19,19,12,30,171,146,24,17,18,0,10,16,0,61,177,28,0,5,47,31,41,0,25,86054
6045,570,1837,211406,1312600,43606,3394,509,4429,1412,1042,63,06,001,441521,273,1860,9,26,1469,368,3202,71526,1837,37,17,10,37,42,29,44,59,9,34,107,139,59,83,180,951,112,0,10,20,16,19,0,0,47,34,0,1,0,0,7,0,0,26,15,0,0,0,0,0,0,6,9,142,6,0,0,10,0,0,10,116,06001441521,937700,41768,2891,273,34,8,0,9,0,13,0,4,06,001,441521,0,85,0,14,11,0,0,0,0,60,27,0,0,0,0,0,0,0,27,25,12,0,0,0,0,13,0,0,68875
5131,1049,1508,178438,1163500,66997,3431,876,3424,1199,603,64,06,001,441522,41,1524,13,35,1287,221,3225,64981,1508,12,69,0,29,0,24,19,13,0,25,65,96,157,134,183,682,82,7,0,33,0,0,21,0,21,0,0,0,0,0,0,0,0,0,44,0,11,0,0,33,0,0,0,13,0,0,0,0,13,0,0,0,06001441522,830600,40938,2679,658,111,0,0,22,0,7,12,7,06,001,441522,63,67,8,9,0,0,8,0,0,42,0,0,0,0,0,0,0,0,0,9,0,0,0,0,9,0,0,0,52896
4032,417,1395,188679,1056600,64228,3141,108,2783,995,928,52,06,001,441523,171,1425,22,0,549,846,3105,114609,1395,27,0,8,9,20,0,0,20,0,18,60,26,93,154,305,655,161,18,0,0,7,32,9,5,90,139,4,0,8,0,0,50,0,77,44,0,9,0,0,8,0,0,27,36,27,0,0,0,0,0,0,9,06001441523,694100,48539,2634,99,103,17,0,0,0,10,0,10,06,001,441523,66,160,0,0,0,0,0,15,0,145,63,0,22,0,0,15,0,0,26,37,9,0,0,0,0,0,0,28,96264
3989,228,1232,250001,1297400,168836,3246,114,2559,942,1045,106,06,001,441524,100,1330,8,8,776,456,3222,136296,1232,0,25,8,8,8,7,0,0,0,0,17,89,42,15,128,885,102,0,0,0,0,9,0,9,84,48,17,0,0,0,0,8,0,23,61,8,0,0,0,0,0,6,47,27,0,0,0,8,0,0,0,19,06001441524,965900,59838,2633,159,72,0,0,0,0,18,0,0,06,001,441524,54,59,0,11,0,0,7,0,0,41,34,0,0,0,0,0,0,0,34,28,0,0,10,8,10,0,0,0,97083
4418,1249,1515,185208,1174500,47797,3501,-333333333,3354,873,633,45,06,001,441601,61,1566,19,24,1182,333,3079,62672,1515,57,0,9,67,11,13,0,0,26,81,8,149,109,141,124,720,86,0,16,14,0,7,0,14,35,70,0,7,0,0,0,0,0,63,0,0,0,0,0,0,0,0,0,10,0,0,10,0,0,0,0,0,06001441601,811500,46515,2936,478,49,0,0,0,4,0,0,0,06,001,441601,45,43,4,0,1,0,0,0,0,38,12,0,0,0,0,0,0,0,12,55,10,14,22,0,0,0,9,0,50886
7280,1751,2371,131141,1092900,50143,2717,242,4851,1387,638,47,06,001,441602,156,2477,0,0,1243,1128,2539,61906,2371,77,17,29,0,67,44,160,74,0,13,135,134,425,243,306,647,177,21,25,11,17,17,0,0,86,85,4,8,2,0,0,0,0,71,91,7,0,0,0,0,0,0,84,46,0,0,0,0,19,0,0,27,06001441602,841000,46148,2297,95,117,0,8,0,44,0,41,0,06,001,441602,24,141,0,16,0,0,0,0,13,112,26,0,0,0,0,0,0,0,26,105,18,0,0,0,48,11,0,28,43391
6611,2184,2303,180354,1163200,76991,3054,333,4690,1798,747,66,06,001,441800,155,2415,0,32,1347,956,2827,87955,2303,0,76,20,0,55,0,18,0,48,38,61,267,87,207,423,1003,68,4,0,0,20,0,0,0,44,84,0,0,0,0,30,0,0,54,36,0,0,0,0,0,0,0,36,83,0,0,0,0,0,0,21,62,06001441800,857300,32040,2256,153,233,61,37,25,0,0,21,0,06,001,441800,89,88,36,0,25,0,0,0,0,27,0,0,0,0,0,0,0,0,0,49,0,0,0,0,0,0,0,49,51250
3779,707,1345,153089,1158700,91198,3354,127,2698,575,696,29,06,001,441921,120,1406,0,0,347,998,3330,74853,1345,39,9,0,12,0,0,0,19,0,38,89,102,195,130,228,484,380,5,5,6,36,0,29,24,275,217,0,0,21,0,13,104,13,66,121,0,0,12,0,15,13,0,81,73,0,0,0,0,24,0,0,49,06001441921,691500,47451,2782,114,158,12,9,0,0,0,0,7,06,001,441921,130,146,0,0,12,20,0,35,0,79,90,0,0,8,0,0,7,0,75,9,0,9,0,0,0,0,0,0,62390
5762,902,2340,130038,1004800,192883,2801,112,4216,1201,1043,33,06,001,441923,148,2572,24,21,153,2187,2834,70775,2340,145,5,66,24,0,25,85,39,12,9,201,236,233,428,232,600,321,83,0,7,0,17,15,14,185,483,13,5,8,44,39,7,0,367,82,0,0,0,0,0,0,0,82,225,67,0,0,25,12,84,0,37,06001441923,683500,156815,2203,154,412,85,2,45,18,11,94,4,06,001,441923,153,75,0,23,9,0,10,0,20,13,30,0,13,0,0,0,0,0,17,34,0,0,0,0,0,0,0,34,53830
7540,1256,2643,191306,1121100,34854,3201,135,5435,2368,1390,87,06,001,441924,204,2856,39,26,1360,1283,3035,96901,2643,74,10,0,29,21,77,32,73,9,0,50,125,274,260,450,1159,113,0,0,0,15,0,13,0,85,216,21,0,0,0,20,24,0,151,127,26,0,0,0,27,17,0,57,75,0,11,0,23,10,16,0,15,06001441924,809800,49437,2434,144,233,14,0,57,35,0,0,13,06,001,441924,114,118,0,0,13,0,16,0,0,89,187,0,0,14,0,14,10,0,149,123,15,0,0,0,38,0,0,70,71684
4307,666,1685,113510,922700,73460,2465,114,3167,1066,447,61,06,001,441926,46,1701,37,0,482,1203,2424,58640,1685,120,0,6,7,17,70,6,12,39,97,199,109,265,143,283,312,362,18,0,13,13,11,73,0,234,196,0,0,16,9,7,10,17,137,28,8,0,0,0,0,8,0,12,77,0,10,0,0,0,0,12,55,06001441926,701900,71108,2004,95,152,0,18,7,0,10,0,8,06,001,441926,109,188,24,9,33,7,7,46,0,62,66,3,0,0,0,13,16,0,34,136,34,14,0,0,0,11,0,77,52031
4316,885,1566,152381,1016600,87132,2825,115,3181,1336,602,37,06,001,441927,54,1739,19,0,338,1228,2855,77907,1566,37,70,19,8,19,0,0,45,0,64,120,86,176,119,331,472,230,0,9,0,7,5,42,7,160,176,37,0,4,65,0,11,9,50,54,0,0,0,0,0,9,0,45,145,14,0,0,28,27,0,0,76,06001441927,767100,59234,2352,73,209,6,41,48,8,7,8,31,06,001,441927,60,281,9,8,9,72,10,28,21,124,87,0,0,9,8,7,15,0,48,119,35,17,0,0,27,0,0,40,65727
3122,444,1021,214554,2000001,-333333333,-666666666,-222222222,2197,692,767,56,06,001,442000,167,1067,0,0,909,112,2182,95648,1021,9,4,0,3,59,0,17,18,9,32,26,14,19,87,143,581,77,12,0,0,0,0,23,0,42,8,0,0,0,0,0,0,0,8,0,0,0,0,0,0,0,0,0,22,0,1,11,0,0,0,0,10,06001442000,1651400,97252,3501,-333333333,12,10,0,0,2,0,0,0,06,001,442000,0,42,0,18,0,0,13,0,0,11,33,0,0,0,7,0,0,0,26,0,0,0,0,0,0,0,0,0,67848
5279,437,1627,238830,1723900,113676,3501,-333333333,3683,975,1521,76,06,001,442100,323,1688,0,15,1282,345,3585,105678,1627,7,8,4,0,33,0,13,8,8,45,79,90,38,81,173,1040,48,0,0,0,0,0,0,0,48,117,9,0,0,0,0,0,0,108,28,8,0,0,0,0,0,0,20,86,61,0,0,0,0,13,0,12,06001442100,1226700,85590,2934,427,118,0,0,0,0,0,14,5,06,001,442100,99,10,0,10,0,0,0,0,0,0,99,16,0,0,38,0,0,0,45,65,6,0,29,0,0,30,0,0,92228
7451,874,2269,249917,1986800,184093,3501,-333333333,5090,1885,1580,82,06,001,442200,468,2360,51,40,1788,481,3894,113604,2269,0,14,48,26,57,0,94,37,14,0,54,68,121,146,235,1355,59,29,0,0,0,17,0,0,13,155,13,12,0,0,55,0,0,75,69,11,0,0,0,0,0,27,31,15,0,0,0,0,0,0,0,15,06001442200,1452600,137003,2600,1565,151,66,0,42,0,0,18,10,06,001,442200,15,67,9,17,0,0,0,0,0,41,21,0,0,0,0,0,0,0,21,26,26,0,0,0,0,0,0,0,68202
4931,992,1555,136573,1272600,123150,3050,408,3282,973,646,19,06,001,442301,88,1624,26,0,629,926,2943,63462,1555,26,16,45,31,9,36,35,18,0,52,133,141,186,123,177,527,61,10,0,0,19,0,7,0,25,28,0,0,0,0,0,9,8,11,30,0,7,0,0,23,0,0,0,28,17,11,0,0,0,0,0,0,06001442301,861500,70291,2041,154,169,12,12,0,9,9,12,0,06,001,442301,115,57,0,0,10,20,10,10,0,7,37,7,13,0,9,8,0,0,0,15,8,0,0,0,0,0,0,7,43601
6164,550,2279,133850,1105000,79565,2246,410,4271,1416,889,62,06,001,442302,61,2489,39,7,769,1510,2646,72239,2279,68,145,24,77,48,8,67,40,134,86,78,114,210,113,349,718,172,0,71,0,37,18,0,5,41,165,4,0,0,19,9,22,15,96,73,0,0,0,21,0,0,15,37,0,0,0,0,0,0,0,0,0,06001442302,823200,44580,1790,127,237,59,1,22,0,20,48,10,06,001,442302,77,104,10,9,25,8,0,7,9,36,11,0,0,0,0,0,0,11,0,73,12,11,0,0,0,0,0,50,42393
6362,1523,2003,138359,1123000,28437,3292,165,4594,1111,605,50,06,001,442400,45,2054,0,13,1322,681,2968,51432,2003,68,52,32,73,8,7,28,0,40,12,120,129,363,126,361,584,177,13,1,0,20,35,33,2,73,106,0,13,0,13,0,0,0,80,78,0,0,7,0,0,16,0,55,106,106,0,0,0,0,0,0,0,06001442400,787400,35974,2561,163,329,23,13,63,29,57,50,16,06,001,442400,78,17,0,0,0,0,0,0,0,17,55,0,0,0,9,0,0,0,46,23,0,0,0,0,0,0,0,23,44893
3936,837,1262,168750,1360800,121053,3495,909,2648,926,304,41,06,001,442601,24,1278,0,0,795,467,3336,63537,1262,28,0,0,23,0,36,71,0,22,32,124,79,95,94,132,526,52,18,0,0,9,0,0,0,25,64,0,0,0,0,0,0,0,64,48,0,0,0,0,48,0,0,0,0,0,0,0,0,0,0,0,0,06001442601,934600,38190,2372,164,77,8,11,12,14,0,19,0,06,001,442601,13,106,0,0,15,0,28,9,0,54,11,0,11,0,0,0,0,0,0,0,0,0,0,0,0,0,0,0,58226
4779,1157,1637,143393,1448000,97629,2496,283,3480,1219,553,50,06,001,442602,100,1799,14,17,893,744,2772,55640,1637,75,89,64,0,36,0,12,59,61,100,65,96,103,102,148,627,56,12,0,0,0,0,0,0,44,94,0,0,0,0,0,0,0,94,4,0,0,0,0,0,0,0,4,112,70,8,0,0,0,9,0,25,06001442602,974200,68274,1888,108,85,0,0,0,0,0,17,9,06,001,442602,59,71,0,9,0,0,0,13,0,49,16,0,0,8,0,8,0,0,0,0,0,0,0,0,0,0,0,0,48438
2998,921,1081,199154,1282500,172575,3181,185,2187,847,420,43,06,001,442700,97,1081,0,0,835,246,3496,89112,1081,9,0,17,9,0,65,10,0,0,17,43,67,84,46,185,529,79,0,9,0,0,0,0,0,70,15,0,0,0,0,0,0,8,7,17,0,0,0,0,0,17,0,0,39,0,5,7,0,0,0,0,27,06001442700,892200,46764,2409,271,138,8,14,12,0,10,18,0,06,001,442700,76,26,0,0,0,6,0,0,0,20,12,0,0,12,0,0,0,0,0,0,0,0,0,0,0,0,0,0,67976
3087,779,944,180800,1080400,32245,3501,-333333333,2249,772,271,32,06,001,442800,55,944,0,0,749,195,3149,60893,944,7,0,28,0,16,6,27,0,9,47,56,45,59,70,188,386,144,0,9,5,18,0,0,6,106,37,0,0,0,10,0,7,0,20,0,0,0,0,0,0,0,0,0,9,0,9,0,0,0,0,0,0,06001442800,733400,45720,2956,288,98,5,0,11,0,16,5,0,06,001,442800,61,16,0,0,0,0,0,0,4,12,0,0,0,0,0,0,0,0,0,0,0,0,0,0,0,0,0,0,43428
7942,884,2460,169947,1176900,51194,3025,252,5705,1912,1140,94,06,001,442900,86,2460,15,0,1386,1074,3045,63651,2460,57,18,0,27,0,0,0,0,14,148,16,226,303,204,394,1053,415,19,107,0,12,0,80,0,197,329,78,0,10,0,50,0,0,191,16,0,0,0,0,16,0,0,0,11,0,11,0,0,0,0,0,0,06001442900,806200,44930,2416,240,26,26,0,0,0,0,0,0,06,001,442900,0,126,5,0,0,0,0,0,0,121,74,0,0,11,0,18,16,0,29,62,28,0,0,0,17,0,0,17,49872
2721,388,869,154178,1176600,65157,3337,107,1874,490,282,28,06,001,443001,43,922,15,0,750,119,3108,59738,869,24,11,6,5,8,82,7,0,8,20,45,45,82,66,150,310,119,7,0,0,0,13,30,0,69,2,0,0,0,0,0,0,0,2,0,0,0,0,0,0,0,0,0,10,10,0,0,0,0,0,0,0,06001443001,808800,45309,2746,127,63,20,0,5,0,12,5,5,06,001,443001,16,7,0,0,0,0,0,0,0,7,16,0,0,0,0,0,0,0,16,0,0,0,0,0,0,0,0,0,49368
6915,899,2001,141696,1124700,64000,2972,278,4768,1370,584,45,06,001,443002,115,2011,16,0,1491,510,2763,50625,2001,70,50,0,15,91,47,10,16,76,112,124,120,195,114,190,771,157,48,37,0,41,0,0,7,24,63,0,8,0,0,8,7,0,40,32,0,0,9,0,0,10,0,13,0,0,0,0,0,0,0,0,0,06001443002,858500,36637,2548,396,154,17,0,33,15,23,14,0,06,001,443002,52,46,10,0,0,0,0,0,0,36,32,15,0,8,0,9,0,0,0,0,0,0,0,0,0,0,0,0,42311
4657,447,1564,250001,1835500,177974,3501,-333333333,3335,1145,1383,80,06,001,443102,241,1623,0,10,1358,206,4001,116182,1564,22,20,0,7,9,8,29,16,31,0,31,42,146,50,122,1031,72,0,9,6,0,0,0,0,57,83,0,0,11,0,0,11,0,61,27,0,0,0,0,0,13,0,14,12,0,0,0,0,0,0,0,12,06001443102,1381200,94523,3462,265,77,0,4,14,0,0,17,0,06,001,443102,42,0,0,0,0,0,0,0,0,0,40,8,0,0,0,0,11,0,21,19,19,0,0,0,0,0,0,0,87794
4107,702,1250,250001,2000001,-333333333,3501,-333333333,3224,1266,1079,176,06,001,443103,183,1273,29,15,1145,105,4001,97619,1250,35,0,0,0,12,8,0,9,0,0,4,55,32,91,105,899,100,10,0,8,12,40,0,0,30,20,0,0,0,9,0,0,0,11,26,0,0,0,0,0,7,0,19,7,0,7,0,0,0,0,0,0,06001443103,1921100,139090,3081,217,15,5,0,0,10,0,0,0,06,001,443103,0,11,4,7,0,0,0,0,0,0,42,0,0,0,9,0,0,0,33,43,23,0,0,0,0,0,0,20,55395
5301,755,1699,200324,1848700,92327,3043,493,3550,1219,1160,91,06,001,443104,369,1835,14,30,1077,622,3322,96691,1699,83,23,31,7,14,0,26,57,0,93,16,53,136,81,226,853,166,5,0,51,0,6,0,0,104,106,0,0,0,49,0,0,0,57,59,9,12,0,0,0,0,0,38,18,5,0,13,0,0,0,0,0,06001443104,1422300,143897,2402,284,126,23,0,10,6,0,34,0,06,001,443104,53,87,26,0,0,0,0,0,0,61,105,37,0,0,0,12,0,0,56,57,0,0,0,0,0,0,0,57,83378
4616,373,1461,240031,2000001,-333333333,3501,-333333333,3510,936,1468,76,06,001,443105,243,1494,0,9,1285,176,3717,92005,1461,40,29,0,8,0,7,0,10,19,8,50,133,39,72,150,896,127,0,0,9,0,8,0,0,110,94,0,0,0,0,0,0,27,67,10,0,0,10,0,0,0,0,0,12,0,0,0,6,0,0,0,6,06001443105,1507700,99706,3501,-333333333,71,0,0,0,0,0,0,0,06,001,443105,71,28,0,10,0,0,0,0,0,18,0,0,0,0,0,0,0,0,0,48,26,0,0,7,7,0,0,8,75190
3451,411,1157,250001,2000001,-333333333,-666666666,-222222222,2577,747,1032,136,06,001,443200,184,1223,0,38,1130,27,4001,120694,1157,10,0,18,12,5,0,0,35,7,35,22,9,61,77,79,787,34,0,8,0,0,0,0,0,26,19,0,10,0,0,0,0,0,9,0,0,0,0,0,0,0,0,0,205,0,0,0,0,0,0,0,205,06001443200,2000001,-333333333,-666666666,-222222222,41,0,0,0,8,8,0,0,06,001,443200,25,13,0,0,0,0,0,0,6,7,14,14,0,0,0,0,0,0,0,56,0,9,10,0,15,12,0,10,66667
4178,731,1261,250001,1693200,126475,3501,-333333333,2914,966,909,85,06,001,443301,98,1261,0,0,1130,131,3793,69375,1261,34,0,5,20,20,0,0,27,6,62,17,54,57,51,199,709,73,9,0,0,0,7,0,8,49,80,0,0,5,3,0,0,0,72,16,0,0,0,0,0,0,0,16,0,0,0,0,0,0,0,0,0,06001443301,1151400,50416,2719,176,51,0,0,11,0,0,0,0,06,001,443301,40,91,13,7,19,0,0,8,0,44,11,0,0,11,0,0,0,0,0,10,0,0,0,0,0,0,0,10,58922
3323,107,1188,148750,823300,70091,2520,189,2253,1030,689,46,06,001,443321,60,1268,11,9,589,599,2805,108875,1188,24,0,31,18,6,13,0,0,11,6,83,131,150,124,98,493,162,6,0,34,0,0,0,0,122,73,0,0,0,0,8,0,0,65,66,0,0,0,0,0,0,0,66,54,8,0,0,0,0,0,0,46,06001443321,677000,42873,2186,92,121,24,0,10,0,0,0,0,06,001,443321,87,171,0,0,0,9,5,0,0,157,0,0,0,0,0,0,0,0,0,9,0,0,0,0,0,0,0,9,87009
3284,561,989,232679,1660900,79409,2875,970,2341,912,546,23,06,001,443322,150,1028,0,0,799,190,3393,77350,989,13,7,0,50,0,4,21,0,9,15,14,63,43,15,197,538,65,10,0,0,6,4,8,0,37,87,8,16,0,0,4,4,0,55,14,0,0,0,0,0,0,0,14,0,0,0,0,0,0,0,0,0,06001443322,1180100,35981,2846,507,32,3,6,7,0,6,0,0,06,001,443322,10,25,0,5,0,0,6,9,0,5,11,0,0,0,0,5,0,0,6,0,0,0,0,0,0,0,0,0,73802
7198,2273,2647,163367,1197100,61936,-666666666,-222222222,5736,1455,861,168,06,001,444100,116,2832,19,23,2051,596,2765,69388,2647,84,77,15,16,16,34,73,21,142,90,79,138,255,166,437,1004,178,41,0,0,0,16,0,14,107,117,0,0,0,0,58,0,0,59,88,0,0,0,0,0,0,0,88,0,0,0,0,0,0,0,0,0,06001444100,784800,56225,-666666666,-222222222,286,38,57,0,0,0,45,75,06,001,444100,71,164,3,14,0,54,36,0,0,57,41,0,0,0,0,0,14,0,27,0,0,0,0,0,0,0,0,0,49521
6271,1113,2009,137773,1046300,46382,2460,356,4688,996,429,70,06,001,444200,76,2052,36,2,1486,523,2560,51830,2009,53,0,0,21,76,15,12,27,40,146,142,145,117,338,247,630,232,3,0,4,0,70,39,0,116,143,40,0,0,9,0,0,0,94,13,0,0,0,0,0,13,0,0,17,0,0,0,0,0,0,0,17,06001444200,683300,28879,2274,140,352,64,60,35,8,25,31,0,06,001,444200,129,75,0,17,19,0,10,13,0,16,12,0,0,6,0,6,0,0,0,0,0,0,0,0,0,0,0,0,39069
3774,974,1201,200865,1165000,49421,2597,310,2689,651,682,55,06,001,444301,87,1221,6,14,981,220,2843,72267,1201,19,6,8,8,0,11,10,17,18,16,63,72,96,115,137,605,199,37,0,0,0,40,20,5,97,45,0,0,6,3,0,0,0,36,22,0,0,0,0,16,0,0,6,9,0,0,0,9,0,0,0,0,06001444301,845800,56447,2585,435,97,45,0,11,12,0,9,0,06,001,444301,20,55,0,13,0,7,2,2,0,31,0,0,0,0,0,0,0,0,0,21,0,0,0,0,0,21,0,0,50884
5174,587,1475,103565,891400,28074,2716,273,3550,517,281,39,06,001,444400,71,1501,137,44,703,772,2655,44203,1475,45,0,0,6,17,13,55,35,31,126,114,217,220,154,171,271,330,0,6,43,43,97,52,0,89,120,0,0,37,0,0,54,0,29,54,12,0,25,0,0,10,0,7,37,0,0,28,9,0,0,0,0,06001444400,626500,55748,2289,186,133,23,0,11,10,8,25,7,06,001,444400,49,111,23,0,42,0,18,20,0,8,31,3,5,23,0,0,0,0,0,28,0,0,28,0,0,0,0,0,38965
7024,1402,1973,160398,997100,88427,2732,149,4469,1189,649,21,06,001,444500,79,2069,11,126,969,1004,2738,53448,1973,22,10,17,33,13,0,46,35,78,56,65,187,225,184,372,630,261,26,19,0,0,41,0,23,152,60,0,0,0,23,0,20,0,17,47,0,0,20,27,0,0,0,0,73,0,0,10,0,13,0,0,50,06001444500,740700,59860,2275,172,402,50,0,25,82,25,67,13,06,001,444500,140,139,0,0,0,0,13,47,0,79,104,4,0,0,30,0,10,0,60,8,0,0,0,0,0,0,0,8,41086
6005,1070,1788,225543,1093700,33253,3501,-333333333,4641,1145,1133,88,06,001,444601,76,1871,17,10,1512,276,3485,68794,1788,37,0,11,0,7,0,29,20,0,56,35,132,132,146,231,952,60,0,14,0,0,0,0,0,46,141,0,0,0,0,0,0,0,141,0,0,0,0,0,0,0,0,0,17,0,17,0,0,0,0,0,0,06001444601,840100,24756,3113,196,271,12,8,46,10,20,7,19,06,001,444601,149,132,0,9,11,0,11,8,0,93,10,0,0,0,0,0,10,0,0,0,0,0,0,0,0,0,0,0,50568
4890,751,1944,205000,936200,105707,2790,150,4033,1503,970,70,06,001,444602,126,2043,0,92,1532,412,2896,96500,1944,23,15,0,46,10,15,17,14,12,9,43,164,224,142,180,1030,250,0,0,0,0,13,8,0,229,209,22,0,0,16,0,80,0,91,19,0,0,0,0,9,0,0,10,82,54,0,0,0,17,0,0,11,06001444602,598400,39275,2458,209,237,65,0,26,0,44,38,0,06,001,444602,64,47,0,0,0,18,0,13,0,16,34,5,0,7,8,6,0,0,8,10,0,0,0,0,0,0,0,10,60188
6725,1271,2674,143246,1076000,129360,3292,152,4811,2226,1267,92,06,001,450101,155,2775,10,10,837,1837,3385,92521,2674,124,105,0,25,27,0,115,48,0,39,77,394,176,254,305,985,660,121,14,46,27,42,37,44,329,657,95,3,18,99,15,43,14,370,274,12,14,0,34,27,56,0,131,46,0,0,0,0,0,18,9,19,06001450101,678400,30848,2762,131,287,13,16,0,59,44,39,34,06,001,450101,82,422,28,9,20,20,0,100,20,225,328,50,0,22,9,29,31,18,169,54,0,27,0,16,0,0,0,11,85547
7880,1691,1897,232292,1179300,91327,3501,-333333333,5542,1666,1267,93,06,001,450102,199,1999,40,22,1237,660,4001,86200,1897,12,167,0,0,7,0,0,22,0,18,68,55,97,96,274,1081,448,88,13,12,53,0,14,36,232,392,39,27,10,16,30,24,0,246,307,24,0,39,43,36,20,0,145,93,0,0,32,33,15,0,0,13,06001450102,932500,36342,2835,212,273,97,9,15,41,29,0,0,06,001,450102,82,174,36,9,1,30,1,36,0,61,217,85,1,19,21,10,12,22,47,29,17,0,12,0,0,0,0,0,54234
5809,1946,2624,118077,958300,131872,2882,119,4305,1713,802,129,06,001,450200,64,2647,8,17,921,1703,2875,71667,2624,73,44,15,14,0,105,0,138,20,89,330,244,327,209,402,614,776,39,0,0,91,36,71,235,304,268,0,0,14,18,11,21,38,166,186,83,0,21,0,0,0,0,82,0,0,0,0,0,0,0,0,0,06001450200,640200,46350,2616,94,520,70,13,15,0,35,85,45,06,001,450200,257,271,0,0,28,58,0,57,0,128,61,0,0,0,0,30,0,0,31,0,0,0,0,0,0,0,0,0,74840
4967,2291,1849,147875,1041300,41073,3362,195,3677,1345,563,64,06,001,450300,47,2007,30,0,1070,779,2986,71469,1849,10,0,0,0,0,21,11,29,0,95,150,188,325,104,348,568,314,27,0,24,0,23,10,24,206,147,32,0,0,0,0,8,0,107,73,0,0,0,9,15,11,0,38,9,0,0,0,9,0,0,0,0,06001450300,722800,34701,2648,209,107,1,0,0,0,15,0,7,06,001,450300,84,262,38,12,0,41,12,20,0,139,91,7,0,19,7,8,6,0,44,18,0,0,7,0,0,0,0,11,57861
7676,2491,2639,170184,1096000,30330,2934,187,5434,1917,948,108,06,001,450400,87,2836,47,40,1750,889,3045,71121,2639,67,94,51,0,11,46,28,14,14,56,118,269,238,162,304,1167,436,35,0,0,0,0,32,15,354,231,19,0,0,0,33,0,0,179,341,191,0,0,64,70,0,0,16,33,0,0,0,0,0,0,0,33,06001450400,728000,49063,2623,201,260,33,0,33,0,65,14,58,06,001,450400,57,246,0,0,0,23,97,0,0,126,131,0,0,0,17,47,16,0,51,51,0,0,15,0,0,0,0,36,46633
3310,1906,1261,200475,1053500,63152,2909,329,2354,881,398,123,06,001,450501,137,1280,0,12,1023,238,2925,104116,1261,20,0,0,13,2,0,10,7,0,0,46,102,106,112,203,640,99,0,9,0,0,14,38,0,38,138,21,0,9,0,0,14,0,94,12,6,0,0,0,0,0,0,6,15,0,0,8,0,0,0,0,7,06001450501,789800,36313,2550,270,122,49,0,0,0,10,10,20,06,001,450501,33,140,7,0,20,21,10,38,13,31,27,8,0,0,0,0,10,9,0,0,0,0,0,0,0,0,0,0,70449
6066,2250,2023,225290,1432800,94477,3501,-333333333,4426,1446,1070,202,06,001,450502,259,2100,0,15,1765,258,3945,90017,2023,61,8,0,0,15,0,5,0,17,29,63,177,118,146,208,1176,175,0,0,0,0,5,12,0,158,115,11,11,0,4,0,0,0,89,52,9,0,0,0,0,0,24,19,17,0,0,8,0,9,0,0,0,06001450502,1052800,52013,2189,581,103,19,0,0,3,0,8,9,06,001,450502,64,259,14,0,9,0,29,38,0,169,64,7,0,12,0,0,0,0,45,12,12,0,0,0,0,0,0,0,80408
3631,1602,1352,217788,2000001,-333333333,3501,-333333333,2765,969,635,148,06,001,450601,134,1409,16,150,1181,171,4001,96815,1352,22,0,2,12,0,27,0,42,33,22,12,107,99,29,192,753,107,14,0,21,0,0,3,0,69,178,14,10,25,12,0,6,0,111,50,14,2,0,0,0,0,0,34,0,0,0,0,0,0,0,0,0,06001450601,1232600,318064,2500,481,161,12,0,10,0,0,5,0,06,001,450601,134,98,0,10,0,6,0,0,2,80,38,38,0,0,0,0,0,0,0,65,0,0,0,0,0,0,0,65,103491
4573,1680,1451,210898,1211200,39536,3501,-333333333,3030,1166,504,114,06,001,450603,132,1491,22,0,1239,212,3665,88750,1451,9,47,59,7,0,7,0,15,24,35,59,58,87,102,148,794,52,11,1,0,0,0,22,0,18,188,0,0,0,7,0,0,8,173,14,0,0,0,0,0,0,14,0,15,0,0,0,0,0,0,0,15,06001450603,872400,17399,3106,155,114,14,0,8,0,22,12,0,06,001,450603,58,65,0,0,15,39,0,0,0,11,27,18,0,0,0,0,0,0,9,24,0,0,0,12,0,0,0,12,62016
4983,2460,1675,178725,1526400,89015,2853,184,3554,1261,608,133,06,001,450604,119,1733,0,0,1200,475,3043,82807,1675,16,18,0,0,18,28,28,18,16,23,32,103,174,211,297,693,99,8,19,0,19,0,0,0,53,82,0,0,0,17,0,24,10,31,17,0,0,0,0,0,0,0,17,24,7,0,9,0,8,0,0,0,06001450604,1079100,33351,2425,220,154,0,0,0,7,16,0,0,06,001,450604,131,174,27,10,8,15,14,13,0,87,65,10,10,0,0,0,0,0,45,39,24,15,0,0,0,0,0,0,62935
3742,1810,1314,206063,1349300,162376,3227,622,2552,814,856,59,06,001,450605,94,1347,0,22,1025,289,2971,109688,1314,16,0,0,0,11,8,6,18,0,10,60,88,88,49,257,703,159,0,0,0,0,69,0,0,90,60,13,0,0,2,24,0,21,0,87,0,5,0,10,0,0,0,72,0,0,0,0,0,0,0,0,0,06001450605,951100,41622,2705,178,101,0,0,0,0,24,0,0,06,001,450605,77,51,0,15,0,0,16,14,0,6,34,0,0,11,0,0,0,0,23,28,0,0,0,28,0,0,0,0,73651
5946,2679,2020,237083,1621100,85698,3501,-333333333,4320,1587,1309,169,06,001,450606,223,2036,0,0,1744,276,3957,102462,2020,28,16,0,0,1,26,0,22,17,65,36,158,122,116,192,1221,145,0,0,0,0,0,3,47,95,162,19,19,17,3,13,0,0,91,37,0,0,0,0,0,0,0,37,0,0,0,0,0,0,0,0,0,06001450606,1089600,29592,3147,502,110,0,15,7,7,25,16,0,06,001,450606,40,172,0,31,44,0,12,11,0,74,39,0,0,9,8,0,0,0,22,29,29,0,0,0,0,0,0,0,76250
5430,1732,2265,102245,1426800,333957,2119,225,4204,1249,663,134,06,001,450607,98,2547,23,85,771,1494,2287,58261,2265,73,62,42,100,55,164,91,0,27,151,127,192,195,211,168,607,121,0,0,0,22,37,62,0,0,132,0,24,13,10,33,0,0,52,32,18,0,0,0,0,0,0,14,232,0,0,131,79,22,0,0,0,06001450607,1085900,127913,2043,191,283,50,24,16,0,56,61,0,06,001,450607,76,197,0,13,0,38,0,42,0,104,94,0,0,12,23,21,0,0,38,0,0,0,0,0,0,0,0,0,62928
8674,3656,2671,250001,2000001,-333333333,3501,-333333333,6119,2454,1427,410,06,001,450701,481,2686,46,21,2391,280,4001,109564,2671,43,18,19,0,11,29,4,16,7,64,13,209,86,96,356,1700,271,28,0,1,0,54,2,0,186,76,21,0,0,0,0,17,0,38,86,0,0,0,0,0,0,0,86,16,0,0,0,0,0,16,0,0,06001450701,1681500,109090,2371,975,316,99,0,0,3,90,0,0,06,001,450701,124,119,28,18,0,0,26,0,0,47,88,0,0,18,21,0,5,0,44,79,22,17,0,0,0,0,16,24,83634
5469,2448,1941,154609,1630000,182632,2245,977,3767,1053,770,161,06,001,450741,203,2043,168,102,1044,897,2990,49883,1941,60,190,21,96,34,49,35,21,34,16,27,85,149,119,253,752,130,7,0,5,0,6,31,0,81,53,10,5,0,0,0,0,0,38,55,0,0,34,0,0,0,0,21,31,26,0,0,0,0,0,5,0,06001450741,1002400,77692,2227,118,264,71,0,51,10,53,9,18,06,001,450741,52,135,16,11,24,0,11,0,0,73,27,0,0,0,0,16,0,11,0,36,0,0,11,0,0,7,0,18,45176
5169,2310,2110,165952,1080800,103348,3439,370,3840,1515,836,90,06,001,450742,141,2340,9,19,1644,466,3337,67250,2110,55,16,0,33,65,59,86,8,107,70,81,141,124,101,372,792,393,11,18,0,15,89,9,15,236,103,0,22,0,5,0,0,17,59,66,5,0,33,0,0,14,14,0,44,2,13,0,0,7,0,0,22,06001450742,832100,66074,2781,395,133,17,0,9,10,0,24,15,06,001,450742,58,121,0,22,32,9,0,0,0,58,14,7,0,0,0,0,0,0,7,42,9,0,0,13,9,0,0,11,65063
7627,1643,2854,170333,1091800,82502,3092,116,5353,1974,1459,249,06,001,450743,209,3065,13,23,709,2145,3146,96394,2854,24,9,52,12,16,49,82,10,49,99,82,90,369,236,579,1096,606,16,35,0,59,145,103,0,248,247,64,31,26,13,0,0,0,113,71,0,28,0,0,0,0,12,31,95,0,0,0,16,5,0,6,68,06001450743,797900,71938,2442,77,567,14,8,27,18,94,90,22,06,001,450743,294,298,73,19,12,0,43,8,10,133,98,13,11,0,13,0,10,0,51,103,0,0,12,7,10,17,0,57,81069
5750,2534,2068,215147,1293200,106864,3501,-333333333,4051,1477,996,138,06,001,450744,237,2131,0,35,1388,680,3779,83031,2068,46,24,18,117,14,24,0,14,0,57,115,121,69,112,263,1074,183,14,0,0,0,59,0,0,110,85,10,0,0,0,0,51,0,24,0,0,0,0,0,0,0,0,0,0,0,0,0,0,0,0,0,0,06001450744,932500,34851,2754,514,146,34,0,9,0,23,11,10,06,001,450744,59,171,33,27,10,0,0,0,10,91,0,0,0,0,0,0,0,0,0,44,16,16,0,0,0,0,0,12,59429
6287,1587,2227,191250,1212400,70304,3269,482,4391,1472,1292,135,06,001,450745,287,2227,33,0,1549,678,3366,86023,2227,88,22,60,51,70,0,63,47,0,32,17,162,63,126,417,1009,424,270,43,0,21,0,0,35,55,22,11,0,0,0,0,11,0,0,97,42,24,0,0,0,19,0,12,125,42,0,0,0,0,0,0,83,06001450745,951900,37552,2326,298,251,13,11,35,13,0,0,16,06,001,450745,163,73,0,0,19,0,0,0,0,54,149,13,12,0,14,0,16,35,59,62,0,0,21,0,0,0,22,19,73955
3385,1460,1148,177500,1227700,71262,3501,-333333333,2088,708,401,118,06,001,450746,112,1163,0,57,912,236,3835,67282,1148,19,0,13,0,37,7,39,42,7,16,32,58,113,111,145,509,59,0,10,0,0,0,0,10,39,63,13,0,0,8,0,0,15,27,65,18,0,0,0,0,16,18,13,36,0,0,0,0,0,21,0,15,06001450746,866100,24229,1457,423,77,0,0,0,0,0,0,0,06,001,450746,77,77,0,0,15,11,20,10,21,0,51,0,13,12,0,0,26,0,0,0,0,0,0,0,0,0,0,0,66925
6698,1380,2662,158381,992800,60906,3007,261,4765,1816,1284,57,06,001,450750,239,2703,0,18,1346,1316,3336,116636,2662,174,9,26,82,52,17,9,9,19,79,125,175,145,334,396,1011,424,42,26,13,9,0,11,10,313,257,10,0,14,0,0,0,55,178,20,0,0,10,0,0,10,0,0,13,13,0,0,0,0,0,0,0,06001450750,645900,22472,2560,199,488,33,0,14,44,58,14,23,06,001,450750,302,297,0,0,20,25,25,0,40,187,64,7,10,0,7,10,15,0,15,11,0,0,11,0,0,0,0,0,70379
12521,1571,3594,250001,1485500,71892,3501,-333333333,7785,3308,2658,243,06,001,450751,319,3771,0,64,3148,446,4001,145000,3594,0,8,0,0,0,7,0,18,9,31,38,90,111,164,293,2825,444,15,0,29,10,44,42,0,304,163,23,0,24,13,42,0,0,61,78,9,14,0,0,15,0,0,40,20,0,0,0,0,0,0,12,8,06001450751,1048200,33799,3501,-333333333,405,2,26,0,0,27,9,10,06,001,450751,331,255,26,0,0,0,0,0,0,229,127,9,0,15,9,0,16,0,78,38,15,0,23,0,0,0,0,0,112894
9502,1282,2827,250001,1682700,65052,3501,-333333333,6126,2392,2082,303,06,001,450752,271,2892,0,0,2529,298,4001,142729,2827,9,20,8,0,0,3,0,6,0,50,104,29,82,132,182,2202,374,4,5,0,0,20,52,59,234,66,0,0,7,0,21,0,16,22,138,0,0,5,0,0,0,0,133,0,0,0,0,0,0,0,0,0,06001450752,1210200,53288,3078,456,266,12,0,0,0,15,18,0,06,001,450752,221,127,9,15,0,0,15,26,9,53,96,0,0,0,8,0,0,0,88,22,22,0,0,0,0,0,0,0,101844
3892,2762,1282,250001,1597100,77031,3501,-333333333,2773,1041,353,119,06,001,451102,115,1305,0,59,1238,44,4001,107991,1282,8,0,25,0,11,10,9,0,0,11,14,36,82,98,132,846,92,7,0,0,12,0,0,0,73,50,0,0,0,0,0,6,0,44,9,0,0,0,0,9,0,0,0,8,8,0,0,0,0,0,0,0,06001451102,1226800,48863,-666666666,-222222222,84,14,0,8,0,11,5,5,06,001,451102,41,46,14,0,0,0,0,0,3,29,16,0,0,0,0,0,0,0,16,0,0,0,0,0,0,0,0,0,87989
7292,3619,2750,108690,887000,74207,2099,568,5232,1225,501,69,06,001,451201,76,2770,0,57,1750,1000,2462,47167,2750,223,0,23,77,23,71,196,43,0,43,321,255,369,364,372,370,368,55,0,0,40,174,20,12,67,117,12,0,19,18,20,0,0,48,46,0,0,0,0,0,0,22,24,0,0,0,0,0,0,0,0,0,06001451201,641600,28317,1963,181,369,49,0,3,94,70,64,0,06,001,451201,89,219,36,3,0,86,45,0,0,49,40,18,0,6,0,0,0,16,0,8,0,8,0,0,0,0,0,0,50571
5549,2284,2176,168036,915500,48664,3242,157,4167,1392,573,139,06,001,451202,64,2176,8,32,1826,350,3429,80522,2176,26,13,0,9,37,0,0,4,101,59,63,117,169,280,391,907,182,7,0,7,0,0,16,10,142,218,18,34,27,0,9,32,10,88,9,0,0,0,9,0,0,0,0,0,0,0,0,0,0,0,0,0,06001451202,657900,17305,2821,430,204,20,9,18,0,42,0,0,06,001,451202,115,254,47,59,16,12,25,10,16,69,34,0,0,0,0,0,0,0,34,18,18,0,0,0,0,0,0,0,62553
6235,3346,2371,124269,1013300,63236,2766,108,4500,1103,726,105,06,001,451300,157,2371,0,0,1897,474,2921,74313,2371,33,19,33,17,110,29,0,45,0,69,99,422,325,107,283,780,218,0,15,6,0,43,0,14,140,240,18,0,0,20,0,13,12,177,149,29,46,30,0,0,0,0,44,0,0,0,0,0,0,0,0,0,06001451300,673900,34949,2554,674,360,22,0,103,0,45,0,0,06,001,451300,190,90,40,0,0,0,0,0,0,50,63,0,20,0,23,0,0,0,20,0,0,0,0,0,0,0,0,0,50782
5969,2213,2216,117755,1083600,81996,2274,309,4346,1118,478,49,06,001,451401,84,2331,18,0,1262,954,2401,54756,2216,98,92,18,27,0,43,0,0,138,18,320,259,190,110,264,639,330,42,49,55,16,31,0,5,132,28,0,0,0,0,5,17,6,0,41,0,0,32,0,0,9,0,0,0,0,0,0,0,0,0,0,0,06001451401,779200,60501,1814,242,472,24,0,35,74,47,90,43,06,001,451401,159,150,0,0,0,22,0,32,31,65,68,32,21,0,0,15,0,0,0,0,0,0,0,0,0,0,0,0,54906
2145,1267,767,190284,923100,28864,2850,943,1646,504,186,29,06,001,451403,42,779,0,10,656,111,3070,82045,767,20,3,4,6,0,15,11,11,7,5,17,58,93,64,102,351,140,5,0,0,0,3,7,7,118,103,17,0,22,0,0,0,7,57,27,11,0,0,0,0,16,0,0,0,0,0,0,0,0,0,0,0,06001451403,655000,21767,2573,242,104,8,14,0,0,11,13,6,06,001,451403,52,77,23,6,24,12,0,6,0,6,22,7,7,0,0,8,0,0,0,0,0,0,0,0,0,0,0,0,51384
6594,2171,2181,118688,820500,46156,2633,208,4462,1091,347,33,06,001,451404,105,2227,256,84,1282,899,2645,46318,2181,17,65,33,34,47,61,40,27,86,84,151,189,408,286,203,450,178,0,3,0,132,11,0,0,32,61,11,23,10,0,0,0,17,0,68,0,30,0,19,0,19,0,0,6,0,0,0,0,0,6,0,0,06001451404,605800,33682,1884,158,391,50,2,16,11,17,55,23,06,001,451404,217,114,53,0,0,0,0,0,39,22,25,0,0,0,0,25,0,0,0,63,0,31,32,0,0,0,0,0,33115
4533,2574,1743,192049,1286600,117833,2633,208,3504,1157,558,54,06,001,451501,262,1896,44,64,1082,661,3129,64228,1743,52,58,42,77,41,28,12,8,25,10,108,81,29,52,312,808,162,6,41,0,0,25,11,0,79,58,28,10,14,0,0,0,0,6,23,0,0,0,0,7,0,0,16,0,0,0,0,0,0,0,0,0,06001451501,925300,81092,1707,716,134,30,10,0,2,21,44,18,06,001,451501,9,51,0,0,24,0,9,0,9,9,37,0,2,7,0,0,6,0,22,2,0,0,0,2,0,0,0,0,56691
6053,3308,2187,174107,932400,37987,2039,380,4289,1267,596,96,06,001,451503,162,2389,69,34,1712,475,2657,67850,2187,28,23,0,55,124,11,30,85,16,75,25,177,126,152,340,920,196,27,0,7,0,0,45,0,117,169,54,0,30,0,50,0,0,35,44,0,0,44,0,0,0,0,0,0,0,0,0,0,0,0,0,0,06001451503,677600,27883,1494,710,463,55,0,31,17,75,63,27,06,001,451503,195,76,15,5,0,21,0,0,0,35,0,0,0,0,0,0,0,0,0,23,0,0,0,0,0,0,0,23,54663
1493,647,536,169766,992300,86985,3406,422,1105,288,148,46,06,001,451504,14,558,0,5,418,118,2629,77454,536,5,2,6,6,0,13,26,5,0,14,25,33,12,49,96,244,30,1,0,0,8,0,0,0,21,57,0,0,6,7,6,7,0,31,52,0,0,0,0,0,0,25,27,0,0,0,0,0,0,0,0,0,06001451504,762300,71846,1976,576,111,13,0,24,6,16,12,0,06,001,451504,40,22,0,0,0,7,0,7,0,8,32,7,0,13,0,0,7,0,5,11,0,0,11,0,0,0,0,0,51042
3191,2153,1181,232443,1111500,53371,3107,207,2260,872,287,40,06,001,451505,220,1189,0,14,1085,96,3236,109340,1181,25,0,0,0,14,13,13,0,0,0,14,63,154,76,148,661,24,0,0,9,0,0,0,0,15,47,12,0,35,0,0,0,0,0,7,0,0,0,0,0,0,7,0,0,0,0,0,0,0,0,0,0,06001451505,831400,29345,2771,295,122,0,33,0,18,19,18,0,06,001,451505,34,36,0,18,0,0,12,0,0,6,14,0,0,0,0,0,0,14,0,0,0,0,0,0,0,0,0,0,74150
3398,1361,982,135517,1044700,48435,2729,123,2070,621,219,89,06,001,451506,103,1014,0,13,531,451,2708,52875,982,10,0,0,7,8,0,0,6,30,6,110,129,153,101,172,250,98,9,9,0,0,4,20,0,56,87,12,8,0,0,31,36,0,0,19,0,0,0,0,0,0,0,19,40,40,0,0,0,0,0,0,0,06001451506,753000,69216,1940,168,173,9,25,25,37,40,19,0,06,001,451506,18,69,0,0,12,13,15,7,10,12,23,0,0,0,11,0,12,0,0,16,0,0,0,0,9,0,0,7,40644
4866,3346,1775,202056,1549500,129303,2672,206,3481,1239,630,58,06,001,451601,225,1950,63,175,1270,505,3137,87674,1775,20,57,0,19,0,7,12,6,15,55,120,125,142,47,200,950,239,56,0,8,15,0,30,0,130,45,7,0,0,9,19,0,0,10,51,0,0,0,0,0,6,0,45,29,17,0,0,0,0,0,12,0,06001451601,1022700,57897,1909,200,271,40,0,15,17,31,0,21,06,001,451601,147,135,28,12,15,0,0,33,15,32,34,16,0,0,0,7,0,0,11,0,0,0,0,0,0,0,0,0,71272
6767,4525,2718,133594,1055000,92338,2656,197,5050,1854,648,182,06,001,451602,255,2807,67,277,1568,1150,2882,76016,2718,135,0,34,79,69,66,14,40,0,106,97,301,308,253,284,932,539,24,54,83,28,35,17,15,283,171,9,4,17,0,3,0,16,122,196,0,45,53,0,0,16,15,67,0,0,0,0,0,0,0,0,0,06001451602,726100,65537,2117,164,635,67,9,86,161,77,31,0,06,001,451602,204,189,38,6,3,32,53,17,23,17,120,0,0,52,0,17,17,24,10,57,24,0,0,0,0,0,24,9,47486
3108,1811,1056,201968,1063000,91267,3501,-333333333,2095,675,274,41,06,001,451701,41,1089,0,0,873,183,3571,77000,1056,27,13,0,9,0,5,12,21,16,28,31,56,141,84,48,565,95,0,0,0,14,0,29,0,52,34,0,0,0,0,0,0,9,25,28,0,0,0,0,0,0,0,28,0,0,0,0,0,0,0,0,0,06001451701,666400,21875,2431,258,181,4,0,29,0,24,0,0,06,001,451701,124,11,3,0,0,0,0,4,0,4,0,0,0,0,0,0,0,0,0,0,0,0,0,0,0,0,0,0,59485
3989,2330,1304,200972,1133300,61708,3088,591,2757,948,488,97,06,001,451703,119,1304,8,8,1150,154,3269,73293,1304,35,0,9,14,34,27,49,23,0,0,78,58,40,127,151,659,182,29,0,11,20,14,0,0,108,67,17,0,13,0,0,0,0,37,39,5,0,0,0,34,0,0,0,17,0,0,0,0,8,9,0,0,06001451703,845200,46222,2496,387,168,18,4,0,18,13,15,0,06,001,451703,100,139,30,0,10,0,0,17,0,82,21,4,0,0,0,14,0,0,3,13,0,0,0,0,0,0,0,13,74676
4593,2891,1625,147188,1177400,42193,2423,629,3278,1110,402,71,06,001,451704,92,1659,8,18,1224,401,3020,69613,1625,48,6,28,25,54,42,57,26,30,49,24,231,78,122,251,554,313,11,21,11,0,52,33,52,133,66,0,0,0,0,0,0,17,49,46,15,0,0,0,0,0,0,31,26,0,0,0,0,26,0,0,0,06001451704,815700,35035,1958,441,103,0,14,0,6,24,30,0,06,001,451704,29,39,20,0,11,0,0,0,0,8,10,0,0,0,0,0,0,0,10,35,23,0,0,0,0,0,0,12,53050
9,5,5,-666666666,-666666666,-222222222,-666666666,-222222222,9,4,0,0,06,001,981900,0,5,0,5,0,5,-666666666,-666666666,5,0,0,0,0,0,0,0,0,0,0,0,0,0,0,0,5,0,0,0,0,0,0,0,0,0,0,0,0,0,0,0,0,0,0,0,0,0,0,0,0,0,0,0,0,0,0,0,0,0,0,0,0,06001981900,-666666666,-222222222,2750,653,0,0,0,0,0,0,0,0,06,001,981900,0,0,0,0,0,0,0,0,0,0,4,0,0,0,0,0,0,0,4,0,0,0,0,0,0,0,0,0,-666666666
69,36,45,136641,1028400,324624,-666666666,-222222222,69,12,19,22,06,001,982000,6,59,0,32,39,6,2238,135547,45,0,0,0,0,0,0,0,0,0,0,0,0,12,16,4,13,0,0,0,0,0,0,0,0,0,22,0,0,0,0,0,0,0,22,0,0,0,0,0,0,0,0,0,0,0,0,0,0,0,0,0,0,06001982000,480000,177242,-666666666,-222222222,4,0,0,0,0,0,0,0,06,001,982000,4,6,0,0,0,0,0,0,4,2,0,0,0,0,0,0,0,0,0,0,0,0,0,0,0,0,0,0,117813
1038,496,615,181250,967200,58601,3324,354,987,412,238,32,06,001,983200,90,631,9,19,424,191,3873,117946,615,0,17,24,8,0,9,0,8,8,0,18,50,57,39,144,233,115,11,0,21,9,8,0,9,57,59,9,0,0,0,0,0,0,50,50,16,0,0,0,0,0,0,34,11,0,0,11,0,0,0,0,0,06001983200,778300,77423,3042,1248,64,13,0,4,0,0,4,0,06,001,983200,43,58,5,0,0,14,4,4,0,31,4,0,0,0,0,0,0,0,4,0,0,0,0,0,0,0,0,0,109028
0,0,0,-666666666,-666666666,-222222222,-666666666,-222222222,0,0,0,0,06,001,990000,0,0,0,0,0,0,-666666666,-666666666,0,0,0,0,0,0,0,0,0,0,0,0,0,0,0,0,0,0,0,0,0,0,0,0,0,0,0,0,0,0,0,0,0,0,0,0,0,0,0,0,0,0,0,0,0,0,0,0,0,0,0,0,0,06001990000,-666666666,-222222222,-666666666,-222222222,0,0,0,0,0,0,0,0,06,001,990000,0,0,0,0,0,0,0,0,0,0,0,0,0,0,0,0,0,0,0,0,0,0,0,0,0,0,0,0,-666666666
3791,2258,2143,158973,1271300,378635,2898,854,3455,1554,824,248,06,075,010300,175,2552,68,1613,499,1644,2629,99279,2143,108,94,58,0,76,41,44,0,0,0,125,147,58,112,327,953,380,0,8,0,0,4,37,0,331,143,12,3,26,0,22,0,19,61,220,22,3,0,23,13,10,0,149,55,0,0,0,0,28,0,0,27,06075010300,1545800,231900,2206,269,286,0,0,0,18,16,33,32,06,075,010300,187,46,0,0,0,0,16,14,0,16,192,17,0,39,0,0,0,0,136,106,14,10,0,41,0,0,20,21,74880
3177,1352,1738,171667,1229900,647444,2724,304,2664,767,905,209,06,075,010500,62,2140,10,46,364,1374,2935,91990,1738,46,97,0,52,0,65,6,16,33,24,92,202,86,103,159,757,288,7,68,0,11,12,5,0,185,73,0,0,23,0,0,23,0,27,23,0,0,0,0,13,0,10,0,58,0,0,0,0,0,8,0,50,06075010500,1525000,224061,2270,241,100,0,11,3,0,0,0,0,06,075,010500,86,102,0,0,20,0,0,9,0,73,77,15,0,0,18,11,0,1,32,101,13,0,0,12,8,12,0,56,88056
3293,893,1836,86111,1586800,260738,2105,187,2777,715,406,98,06,075,010600,68,2249,156,1431,195,1641,2087,52660,1836,71,144,191,77,31,36,64,131,9,80,11,224,175,121,82,389,205,7,0,0,0,0,0,0,198,152,0,0,19,0,0,18,24,91,45,6,0,0,0,0,0,0,39,24,0,0,0,0,0,0,0,24,06075010600,1045700,190470,1134,291,167,14,5,61,9,6,0,7,06,075,010600,65,65,0,0,0,0,0,12,0,53,59,8,9,0,0,6,7,13,16,100,11,0,0,7,0,0,29,53,41204
4334,2012,2382,150298,1125000,736470,1937,313,4137,1873,888,126,06,075,010800,60,3014,82,1914,471,1911,1977,76402,2382,107,130,17,106,0,124,14,43,176,30,48,248,103,40,276,920,216,0,49,57,0,0,42,0,68,198,14,50,21,11,0,0,0,102,58,0,0,0,0,0,0,0,58,75,0,0,0,0,0,0,0,75,06075010800,1485700,642192,1907,191,251,0,20,18,23,43,34,12,06,075,010800,101,52,10,0,0,15,0,10,0,17,216,17,0,0,0,0,16,0,183,65,19,0,0,0,0,0,17,29,66850
2678,1348,1633,118347,1956900,262485,2349,293,2273,646,545,288,06,075,011200,64,2254,60,1390,362,1271,2696,95563,1633,90,133,95,15,10,40,0,58,20,98,28,108,142,38,200,558,169,0,0,0,10,0,0,8,151,103,0,0,10,0,0,0,0,93,39,0,0,0,0,1,1,0,37,0,0,0,0,0,0,0,0,0,06075011200,1665600,161319,2094,155,213,20,0,22,9,0,18,0,06,075,011200,144,167,31,0,17,16,0,0,8,95,134,9,10,0,1,36,1,14,63,51,0,0,9,0,9,11,0,22,79674
2518,488,1333,35507,1287900,199036,969,292,2188,583,166,25,06,075,011300,18,1555,130,935,130,1203,1003,24844,1333,63,286,86,62,81,81,43,12,0,74,75,77,93,53,45,202,74,2,20,0,0,0,0,0,52,34,12,0,0,0,0,13,0,9,59,10,0,19,0,10,20,0,0,0,0,0,0,0,0,0,0,0,06075011300,1000000,168857,824,156,94,21,11,10,0,9,7,0,06,075,011300,36,21,0,0,0,0,9,0,0,12,39,0,0,0,0,0,0,0,39,7,0,0,7,0,0,0,0,0,20474
1947,825,1111,51964,1214300,1034648,1589,248,1710,612,155,91,06,075,011700,17,1311,31,869,128,983,1633,34220,1111,17,93,97,78,45,96,0,33,36,103,13,75,90,69,60,206,172,8,60,0,36,0,51,0,17,55,5,14,0,16,2,0,0,18,26,2,20,0,0,0,0,0,4,17,0,0,4,0,0,0,0,13,06075011700,1708300,1099696,1107,276,100,65,15,0,0,0,10,0,06,075,011700,10,48,18,0,0,0,10,0,0,20,43,4,8,0,0,11,0,0,20,23,0,0,5,0,0,0,10,8,38125
1635,122,716,43833,-666666666,-222222222,1047,136,1415,224,62,34,06,075,011800,4,820,31,555,4,712,1051,22128,716,117,93,17,47,13,21,11,60,35,45,48,75,75,28,24,7,20,0,14,0,0,0,0,0,6,0,0,0,0,0,0,0,0,0,42,41,0,0,0,0,0,0,1,15,9,0,0,0,0,6,0,0,06075011800,-666666666,-222222222,836,81,60,5,0,6,15,10,0,0,06,075,011800,24,12,12,0,0,0,0,0,0,0,17,0,0,0,0,0,0,10,7,7,1,0,0,0,0,6,0,0,20391
2084,846,1217,101827,851800,58507,2137,240,1728,880,131,44,06,075,011901,54,1703,36,728,212,1005,2184,66250,1217,62,19,0,66,20,25,70,25,24,57,51,161,92,36,190,319,195,29,0,21,14,38,36,0,57,133,24,0,21,7,36,7,0,38,28,9,0,5,0,0,7,0,7,26,0,0,0,26,0,0,0,0,06075011901,667300,59994,2153,127,140,59,9,19,0,0,10,0,06,075,011901,43,149,56,14,0,5,0,19,7,48,136,23,9,0,35,0,18,0,51,87,12,14,0,15,23,13,0,10,58750
2732,1138,1678,77241,910000,192414,1900,127,2411,851,252,74,06,075,011902,98,2095,85,1449,86,1592,1937,50781,1678,69,80,41,16,46,92,32,44,70,81,216,239,150,143,96,263,296,0,0,0,0,9,21,21,245,148,0,24,9,9,0,8,69,29,106,0,18,41,6,12,11,0,18,20,0,0,0,0,12,0,0,8,06075011902,613600,220770,1707,124,191,0,0,0,0,31,0,15,06,075,011902,145,245,0,26,44,49,9,41,8,68,115,0,0,10,23,0,24,19,39,12,0,0,12,0,0,0,0,0,58510
3250,1425,2080,92059,691400,596257,1911,179,2723,1171,386,19,06,075,012100,86,2550,210,1814,147,1933,1903,76318,2080,190,0,35,39,158,18,13,82,73,100,80,255,142,195,135,565,414,18,2,0,0,0,36,0,358,195,83,15,43,0,45,0,0,9,143,17,2,23,101,0,0,0,0,73,23,3,17,2,3,0,0,25,06075012100,644900,94167,1760,120,417,57,12,16,33,62,18,94,06,075,012100,125,289,160,43,12,10,47,0,0,17,161,79,0,12,6,13,16,0,35,146,28,18,5,0,0,95,0,0,52750
3017,1104,1488,54650,1798100,590466,1243,201,2744,630,196,40,06,075,012202,26,1702,63,1164,178,1310,1297,28750,1488,144,112,64,211,57,74,12,0,12,136,145,179,31,65,66,180,233,14,43,66,0,0,0,57,53,149,42,0,0,61,12,11,23,0,45,19,0,0,0,0,13,0,13,0,0,0,0,0,0,0,0,0,06075012202,937500,123141,1141,242,363,48,119,36,48,24,15,0,06,075,012202,73,182,82,36,14,0,0,0,11,39,105,55,26,14,0,7,3,0,0,76,12,0,12,0,0,27,0,25,14791
1766,657,1311,24284,-666666666,-222222222,1038,164,1655,353,75,26,06,075,012301,0,1582,108,1018,28,1283,1019,19492,1311,122,380,58,129,24,47,108,24,50,41,88,53,47,61,61,18,134,31,50,33,2,1,0,0,17,73,0,0,14,0,0,46,0,13,0,0,0,0,0,0,0,0,0,31,12,0,0,19,0,0,0,0,06075012301,-666666666,-222222222,944,288,134,39,37,15,24,19,0,0,06,075,012301,0,74,21,13,15,0,25,0,0,0,0,0,0,0,0,0,0,0,0,4,4,0,0,0,0,0,0,0,21123
2586,1064,1886,55741,-666666666,-222222222,1724,244,2294,601,292,34,06,075,012302,131,2292,61,1523,0,1886,1714,45483,1886,211,107,79,75,108,144,51,39,111,73,151,207,167,121,88,154,275,43,14,0,0,10,14,29,165,143,9,0,42,0,17,16,0,59,121,0,0,10,10,32,22,0,47,178,43,10,0,26,37,0,0,62,06075012302,-666666666,-222222222,1598,94,388,62,39,0,0,42,52,40,06,075,012302,153,126,8,0,0,0,74,20,0,24,78,15,0,8,31,17,0,0,7,166,9,8,8,44,0,0,26,71,47368
4689,888,2270,19128,-666666666,-222222222,494,66,4006,224,132,71,06,075,012502,0,2460,106,1903,0,2270,494,16581,2270,71,630,479,255,30,24,101,42,0,202,82,18,207,32,54,43,312,58,44,14,5,23,129,18,21,22,22,0,0,0,0,0,0,0,45,0,0,41,0,4,0,0,0,20,0,20,0,0,0,0,0,0,06075012502,-666666666,-222222222,526,63,198,43,7,0,54,26,68,0,06,075,012502,0,138,69,16,16,0,7,5,0,25,55,13,25,7,0,0,0,10,0,0,0,0,0,0,0,0,0,0,14562
2045,1370,1291,176750,2000001,-333333333,2949,261,1672,842,377,100,06,075,012601,32,1608,85,1049,263,1028,3057,132426,1291,24,20,7,23,16,0,47,33,0,9,53,69,114,134,286,456,343,43,0,0,0,53,0,0,247,110,11,4,0,0,0,15,0,80,53,0,0,0,0,0,0,0,53,21,0,10,0,0,0,0,0,11,06075012601,1765000,464706,2674,164,242,10,0,0,0,0,35,0,06,075,012601,197,33,10,0,0,14,0,0,0,9,91,0,0,6,0,0,8,0,77,12,0,0,12,0,0,0,0,0,114107
2956,2304,1425,237917,2000001,-333333333,3371,181,2380,1332,632,110,06,075,012602,10,1721,82,1001,450,975,3590,135114,1425,35,58,0,0,0,0,0,21,27,12,42,56,132,20,228,794,427,9,0,0,6,109,45,13,245,203,0,0,14,0,26,0,7,156,83,0,7,0,34,8,5,9,20,41,7,0,0,0,0,0,0,34,06075012602,2000001,-333333333,2608,256,248,11,0,0,9,11,0,11,06,075,012602,206,146,0,0,8,21,0,14,44,59,111,0,9,0,0,0,6,21,75,51,6,24,0,0,11,0,0,10,106438
3973,3180,2074,250001,2000001,-333333333,3501,-333333333,3214,1441,822,289,06,075,012700,70,2402,144,1710,613,1461,3537,155469,2074,112,18,0,19,0,0,0,16,48,0,89,131,50,77,250,1264,516,14,0,0,0,22,0,0,480,48,0,0,0,0,16,0,0,32,112,0,0,0,0,0,0,0,112,0,0,0,0,0,0,0,0,0,06075012700,1977600,319968,2535,234,393,0,0,0,0,0,0,46,06,075,012700,347,110,0,0,0,0,0,0,0,110,197,0,0,0,24,19,31,0,123,87,0,0,27,0,0,0,0,60,97031
2887,1928,1454,231841,1716700,231639,3042,341,2277,1277,456,361,06,075,012901,54,1645,109,1136,324,1130,3352,136976,1454,38,0,0,0,13,0,0,31,7,13,5,106,95,99,193,854,577,0,0,0,0,5,0,33,539,115,1,0,4,0,0,0,9,101,79,35,0,0,0,5,0,8,31,55,0,0,9,0,31,0,0,15,06075012901,1229800,179317,2292,220,287,0,0,0,10,21,78,7,06,075,012901,171,41,0,0,0,1,0,10,0,30,66,1,0,0,0,0,0,0,65,17,0,0,0,0,8,0,9,0,106277
2735,1908,1700,210921,1875000,614607,2707,186,2390,1417,301,77,06,075,012902,62,2049,136,917,387,1313,2722,122229,1700,0,0,38,0,0,0,16,14,24,47,87,163,82,176,152,901,631,0,0,0,0,24,17,39,551,70,9,0,0,0,0,0,0,61,54,0,0,0,0,0,0,19,35,12,0,0,0,12,0,0,0,0,06075012902,2000001,-333333333,2527,273,660,0,0,40,19,57,57,17,06,075,012902,470,268,47,0,43,43,0,0,40,95,41,0,0,0,0,0,0,0,41,50,0,0,11,0,0,0,0,39,83882
3935,2568,2343,206518,1337300,117552,3501,-333333333,3418,1788,842,156,06,075,013101,53,2720,143,1350,660,1683,3622,126508,2343,56,46,14,0,10,31,0,0,32,61,146,110,207,141,287,1202,395,2,0,0,0,0,18,0,375,237,14,0,10,0,14,25,12,162,183,2,0,26,1,33,0,21,100,17,2,0,0,0,0,0,0,15,06075013101,1176100,156537,2633,111,400,4,0,63,4,14,0,26,06,075,013101,289,155,38,12,0,0,2,12,0,91,164,2,4,1,1,0,2,10,144,178,89,0,0,30,0,0,0,59,121169
2725,1778,1565,250001,1989000,293566,3501,-333333333,2294,928,671,121,06,075,013102,268,1985,57,1090,481,1084,3998,141042,1565,0,10,8,38,0,10,44,39,0,94,27,115,23,186,73,898,174,0,0,0,0,0,11,0,163,208,19,0,0,0,9,0,0,180,86,0,0,18,0,0,10,0,58,28,0,8,0,0,0,10,0,10,06075013102,1687500,701056,2563,188,174,11,3,0,4,9,0,8,06,075,013102,139,214,17,0,40,1,0,74,25,57,146,7,0,0,0,16,14,11,98,19,0,0,0,0,0,7,0,12,94271
3721,2376,2209,205265,2000001,-333333333,3255,391,3197,1629,825,224,06,075,013200,151,2648,362,1200,800,1409,3898,122276,2209,141,52,0,29,15,26,16,25,20,88,21,138,198,87,216,1137,283,22,0,29,0,0,0,26,206,232,0,0,27,46,0,20,0,139,269,0,0,0,0,0,0,21,248,24,0,0,1,0,0,23,0,0,06075013200,2000001,-333333333,2832,284,355,30,0,0,0,0,0,0,06,075,013200,325,99,6,0,12,0,0,29,22,30,147,1,15,0,5,0,0,0,126,39,0,0,0,17,0,0,0,22,124913
4160,2835,1999,177898,2000001,-333333333,2516,1024,3146,1296,765,328,06,075,013300,153,2285,154,1537,818,1181,3399,108022,1999,33,140,93,115,12,17,0,73,0,137,16,23,169,117,195,859,288,30,0,7,12,16,24,17,182,57,0,0,0,0,0,0,0,57,110,9,0,13,10,40,11,0,27,0,0,0,0,0,0,0,0,0,06075013300,2000001,-333333333,1762,299,242,34,34,40,8,11,0,11,06,075,013300,104,123,50,0,0,23,7,12,0,31,155,64,0,30,0,0,30,0,31,35,0,0,9,10,0,0,0,16,83395
2544,1856,1614,182241,2000001,-333333333,2996,379,2119,1139,541,100,06,075,013500,59,1966,21,1092,446,1168,3077,117880,1614,10,31,22,11,11,25,29,48,21,39,105,37,296,18,157,754,305,10,0,9,20,0,43,0,223,196,3,0,0,16,42,35,26,74,72,14,0,0,0,10,0,0,48,8,0,0,0,0,0,0,0,8,06075013500,1712800,237471,1862,176,166,7,3,2,0,0,0,7,06,075,013500,147,41,2,3,7,0,0,0,0,29,61,0,8,0,3,0,5,0,45,7,0,0,0,0,0,0,0,7,109856
2840,1312,1713,170568,1050900,114022,3010,329,2633,1093,773,119,06,075,015100,156,2177,32,599,615,1098,3091,102158,1713,106,69,71,10,9,42,7,28,36,9,34,198,113,49,235,697,294,11,0,22,20,30,8,0,203,119,0,0,0,1,14,33,0,71,91,0,0,0,0,0,34,0,57,122,9,0,0,0,0,0,53,60,06075015100,898800,50781,2226,251,257,0,0,11,26,63,29,0,06,075,015100,128,128,0,17,4,3,9,39,14,42,133,0,0,0,11,0,47,9,66,57,0,0,0,0,9,0,9,39,80492
2427,1525,1077,215417,1543600,386208,2702,733,2110,972,588,145,06,075,015300,27,1138,27,829,427,650,3329,94983,1077,11,29,11,11,0,0,41,17,47,60,49,43,88,21,87,562,172,35,9,5,18,30,0,0,75,160,0,0,11,0,62,7,0,80,57,0,4,10,0,0,0,0,43,0,0,0,0,0,0,0,0,0,06075015300,1122400,125391,2556,221,144,53,0,0,8,0,22,0,06,075,015300,61,119,5,23,8,23,3,10,0,47,108,0,0,6,0,0,19,19,64,10,5,0,5,0,0,0,0,0,81518
3936,1570,2250,95909,1826900,829995,2071,471,3369,1447,632,192,06,075,015500,103,2378,24,341,170,2080,2013,70790,2250,325,205,101,147,12,68,28,0,21,0,23,209,127,95,340,549,277,72,11,17,4,0,0,0,173,72,0,0,3,23,0,0,0,46,119,0,4,0,18,0,0,0,97,103,18,74,0,0,0,0,0,11,06075015500,970400,860538,1470,442,343,19,0,0,3,38,69,21,06,075,015500,193,189,0,0,77,0,0,0,0,112,169,0,43,22,0,37,19,0,48,71,48,0,0,0,0,23,0,0,60139
2927,1115,1376,89792,1261700,406863,2299,508,2145,807,444,108,06,075,015600,65,1620,200,684,391,985,2213,50329,1376,58,121,0,77,32,56,0,61,44,0,65,220,114,46,148,334,193,16,25,42,0,6,0,0,104,276,72,19,0,9,12,49,0,115,18,0,8,0,0,0,0,0,10,45,10,0,0,0,0,0,0,35,06075015600,1328100,415983,1842,234,140,0,21,32,13,14,22,0,06,075,015600,38,128,79,0,4,13,18,0,0,14,137,0,0,0,11,0,17,45,64,33,19,0,0,0,0,0,0,14,54114
3220,1333,1416,149643,1179200,142508,2312,612,2527,830,334,179,06,075,015801,56,1688,41,647,323,1093,2495,81375,1416,20,114,3,68,9,36,34,22,15,61,75,145,83,25,191,515,202,30,0,0,4,11,0,37,120,77,0,0,0,0,0,0,0,77,18,0,0,9,0,0,0,0,9,24,0,0,0,0,0,0,0,24,06075015801,1032900,185170,1558,283,267,29,0,41,8,9,19,31,06,075,015801,130,75,0,0,0,10,0,0,0,65,50,0,0,18,0,17,0,0,15,22,0,0,0,0,0,0,0,22,53571
3163,1562,1572,142700,1452100,290320,2443,441,2732,1272,625,180,06,075,015802,159,1815,95,1268,338,1234,2764,84000,1572,136,19,21,12,7,35,41,0,26,23,65,146,186,92,214,549,378,11,30,0,26,5,60,18,228,63,0,14,0,26,0,0,0,23,124,38,0,38,0,0,0,0,48,27,0,0,0,4,0,0,0,23,06075015802,1089300,157490,1704,249,246,0,9,0,0,6,32,25,06,075,015802,174,49,7,11,0,0,0,31,0,0,84,0,0,10,0,32,0,0,42,66,31,0,0,14,0,0,11,10,73875
4876,1650,2159,83162,823600,224807,1461,217,3556,1531,420,44,06,075,015900,78,2375,49,578,509,1650,1663,59866,2159,86,264,106,95,166,10,0,9,28,97,29,257,86,113,234,579,309,21,42,34,0,17,12,0,183,104,0,10,8,0,0,0,11,75,134,4,9,47,0,0,1,8,65,0,0,0,0,0,0,0,0,0,06075015900,741300,98642,1859,289,525,16,7,57,123,39,33,53,06,075,015900,197,184,20,0,32,14,20,0,0,98,213,34,0,54,17,0,0,0,108,108,0,0,36,0,56,16,0,0,43053
2725,934,1724,141304,820100,127378,2256,696,2568,627,372,395,06,075,016000,161,2185,37,630,434,1290,2532,77857,1724,163,124,19,33,21,7,23,31,28,83,56,126,108,379,121,402,282,72,73,22,0,29,0,0,86,86,0,0,0,7,0,7,0,72,15,0,0,5,0,0,0,0,10,12,0,0,0,0,2,0,0,10,06075016000,709400,54573,1580,397,237,26,19,56,14,40,12,0,06,075,016000,70,125,0,38,0,16,8,19,0,44,101,0,9,10,0,11,0,0,71,47,25,0,0,0,0,0,0,22,62939
3198,1424,1872,125913,971900,673516,2437,502,2772,913,777,110,06,075,016200,72,2510,98,896,466,1406,2535,84052,1872,38,78,15,17,39,40,0,38,43,97,150,260,102,107,174,674,321,22,11,2,11,0,75,43,157,172,0,0,82,2,0,16,0,72,113,0,0,0,0,0,0,0,113,21,0,0,0,16,0,0,0,5,06075016200,1278400,433610,1959,244,273,15,12,0,0,34,33,13,06,075,016200,166,196,0,31,43,0,0,14,9,99,15,0,0,0,0,0,15,0,0,10,0,0,0,0,0,0,10,0,75255
3794,2172,1944,101964,1619200,252199,2204,196,3124,1332,768,80,06,075,016300,90,2199,132,1536,282,1662,2305,76202,1944,133,24,88,57,79,13,112,19,67,83,54,232,62,174,242,505,554,81,0,74,11,21,0,48,319,97,0,0,15,0,0,28,15,39,101,22,0,4,0,0,42,0,33,0,0,0,0,0,0,0,0,0,06075016300,1360400,123685,2061,260,507,33,18,20,0,24,56,0,06,075,016300,356,45,0,0,0,0,0,0,25,20,108,11,0,0,10,0,0,32,55,39,0,0,0,0,0,0,0,39,75746
3481,2209,1679,183281,1265000,510012,3003,340,3017,1409,641,225,06,075,016400,172,2009,13,1334,249,1430,3071,138456,1679,100,48,11,17,14,0,5,21,18,15,49,96,61,291,128,805,494,29,26,5,0,36,3,9,386,206,0,0,14,0,22,6,9,155,16,0,0,0,0,0,0,0,16,26,0,0,0,0,0,0,0,26,06075016400,1109600,145346,2597,227,323,32,28,20,2,21,18,0,06,075,016400,202,138,7,21,17,0,0,26,0,67,95,0,0,0,8,0,0,10,77,18,7,0,0,0,0,0,0,11,90455
5393,3650,2303,180152,1339700,354594,2583,248,4708,2088,919,112,06,075,016500,195,2506,70,2003,730,1573,2737,89534,2303,194,12,26,104,26,10,16,0,34,7,72,193,201,198,140,1070,879,34,10,21,0,0,89,16,709,348,51,0,78,103,17,0,0,99,257,132,0,0,0,0,0,0,125,24,0,0,11,0,0,0,0,13,06075016500,1319300,254437,1759,245,720,69,18,38,31,0,69,14,06,075,016500,481,239,49,0,15,25,42,73,35,0,281,42,9,13,0,0,0,0,217,43,0,0,20,0,0,0,0,23,76355
5092,3261,2315,246989,1833600,202797,2908,499,4336,1729,1138,209,06,075,016700,311,2604,164,1897,727,1588,3250,121484,2315,15,0,0,18,45,14,0,19,38,38,97,80,221,195,216,1319,668,0,0,79,0,48,0,23,518,43,0,0,0,0,0,0,0,43,160,0,0,0,23,0,10,0,127,17,0,0,0,0,0,0,0,17,06075016700,1451600,163632,2164,315,587,50,0,8,29,17,20,0,06,075,016700,463,199,107,3,0,3,12,20,0,54,214,14,0,15,0,37,12,11,125,40,0,0,0,0,0,0,0,40,88462
4013,1735,1997,148173,1191400,79635,2716,299,3382,1604,482,137,06,075,016801,191,2325,15,1249,389,1608,2992,85484,1997,45,46,48,86,32,7,82,40,35,32,133,260,83,79,121,868,289,13,0,14,10,8,0,27,217,106,0,7,22,0,7,6,0,64,146,0,0,0,0,0,0,0,146,63,0,0,33,0,20,0,10,0,06075016801,1084700,79084,2081,255,183,5,8,0,27,36,0,0,06,075,016801,107,182,0,0,0,0,20,15,0,147,209,0,0,0,20,0,19,9,161,134,0,0,44,23,20,28,0,19,74588
3754,1881,1924,109107,1076900,658202,2357,172,3168,1126,457,207,06,075,016802,134,2297,84,1035,314,1610,2438,60841,1924,77,85,107,49,24,33,15,49,46,58,127,191,106,74,208,675,460,28,0,0,0,13,0,22,397,90,0,0,31,24,0,0,13,22,289,0,0,97,0,109,0,0,83,92,0,0,29,0,0,0,0,63,06075016802,912300,237200,1724,157,395,0,12,0,19,0,37,17,06,075,016802,310,87,8,0,0,38,0,28,0,13,65,21,0,0,0,0,0,15,29,6,0,0,6,0,0,0,0,0,79085
2890,1946,1620,174545,1658300,133014,2623,557,2426,1053,525,125,06,075,016900,125,1878,71,1383,518,1102,3191,115792,1620,58,90,113,31,22,42,0,23,11,22,190,64,74,21,128,731,377,22,26,16,29,10,47,47,180,144,0,61,9,0,16,30,0,28,42,11,0,0,0,11,0,9,11,108,0,0,0,0,46,0,8,54,06075016900,1189100,160874,2243,160,253,25,17,7,17,25,35,9,06,075,016900,118,123,18,0,8,0,9,24,0,64,63,8,0,0,9,0,13,8,25,35,26,0,0,0,0,9,0,0,75167
4016,2808,2146,240556,1634400,573328,2418,1223,3574,1733,915,277,06,075,017000,140,2550,224,1118,1105,1041,3353,139375,2146,120,23,0,16,41,42,43,0,35,16,76,88,97,127,173,1249,261,0,0,33,0,0,0,0,228,71,0,0,0,0,0,0,0,71,94,0,0,0,0,0,22,0,72,59,13,0,16,0,0,0,0,30,06075017000,1236300,314120,2460,333,253,0,0,16,0,0,0,0,06,075,017000,237,86,0,0,0,0,0,22,0,64,109,17,0,18,21,4,7,11,31,94,5,14,6,0,0,15,24,30,104890
4125,2782,1776,200357,2000001,-333333333,2908,614,3126,1244,903,375,06,075,017101,109,2064,98,1315,599,1177,3291,104559,1776,44,0,0,0,3,14,34,0,70,19,37,267,130,131,136,891,543,0,5,0,26,69,68,37,338,117,0,0,0,27,0,0,33,57,27,0,0,0,0,0,0,0,27,31,11,0,10,0,10,0,0,0,06075017101,1920800,363305,2496,230,528,26,23,21,16,6,71,23,06,075,017101,342,90,23,0,0,0,0,0,0,67,4,0,0,0,0,0,0,0,4,54,8,12,0,0,34,0,0,0,97370
3550,2544,1538,176304,1612500,242033,2972,249,2642,1005,639,314,06,075,017102,159,1739,8,1369,504,1034,3146,93512,1538,53,0,19,53,24,21,0,8,5,0,74,102,174,83,216,706,485,29,0,24,19,39,36,67,271,140,15,4,21,18,0,0,26,56,139,0,20,13,37,19,0,28,22,42,15,0,12,0,5,0,0,10,06075017102,1559600,245169,2389,215,284,40,1,25,16,42,36,0,06,075,017102,124,116,8,23,13,0,0,10,15,47,121,0,0,0,0,8,0,10,103,36,0,0,9,0,9,0,0,18,82163
2360,1005,1174,178125,1246100,223193,2607,296,2008,609,322,145,06,075,017700,117,1468,110,604,287,887,2846,71705,1174,23,52,0,13,25,18,14,4,128,44,79,54,42,29,189,460,316,2,5,6,44,0,97,0,162,112,0,0,4,0,4,7,29,68,93,5,0,0,0,18,0,0,70,25,0,0,0,0,0,0,13,12,06075017700,1035200,141804,2075,225,108,2,3,6,11,7,5,5,06,075,017700,69,87,0,8,20,0,7,7,0,45,60,0,0,12,0,7,16,0,25,12,0,0,0,6,0,0,0,6,54016
3335,533,2381,31215,938400,131238,537,62,3197,713,424,106,06,075,017801,159,2570,53,120,614,1767,1018,23832,2381,182,467,305,156,63,89,47,17,0,39,60,128,11,23,266,528,129,0,26,0,0,0,0,0,103,263,47,37,51,0,23,0,0,105,211,0,41,43,0,39,0,0,88,0,0,0,0,0,0,0,0,0,06075017801,1006800,130637,425,72,281,54,91,0,0,10,29,0,06,075,017801,97,156,37,15,0,0,0,0,0,104,42,0,5,0,0,13,0,0,24,25,0,14,0,0,0,0,0,11,14391
3636,1122,1525,209083,1146700,54978,3362,363,2847,827,793,75,06,075,018000,61,2083,0,392,394,1131,3469,101989,1525,43,26,78,8,12,28,27,0,0,25,82,101,87,39,153,816,631,46,87,5,20,6,27,16,424,291,27,23,0,27,9,0,9,196,192,12,0,23,17,0,0,41,99,69,4,0,0,0,0,0,0,65,06075018000,1000700,67019,2593,241,492,120,89,11,24,37,10,11,06,075,018000,190,448,126,69,47,14,27,19,6,140,178,19,48,8,7,0,14,0,82,72,0,0,13,13,0,0,19,27,78229
3372,2082,2189,179313,1196400,182595,2733,152,3064,1250,930,137,06,075,020300,189,2384,52,1561,802,1387,2981,124063,2189,59,60,56,8,0,17,77,58,10,26,23,219,143,136,332,965,374,10,2,12,0,37,14,20,279,43,10,7,8,7,11,0,0,0,126,0,0,0,15,12,0,22,77,60,0,0,0,0,10,0,0,50,06075020300,1063400,198981,2004,169,303,1,12,46,0,50,0,0,06,075,020300,194,66,1,8,21,0,0,7,0,29,112,0,12,0,0,0,10,0,90,123,14,11,10,0,9,11,0,68,92389
3409,2118,1607,190966,1506100,174310,3244,339,2885,1221,624,225,06,075,020401,198,1865,136,836,747,860,3511,104679,1607,56,16,10,11,10,10,90,0,18,14,106,77,101,91,216,781,396,9,10,28,15,7,61,14,252,164,28,0,14,52,0,8,0,62,134,0,0,0,0,15,0,0,119,10,0,0,0,10,0,0,0,0,06075020401,1247700,173238,2528,317,240,0,10,0,0,54,0,0,06,075,020401,176,200,15,8,17,0,0,38,12,110,41,0,0,10,8,0,0,0,23,56,0,0,0,7,0,15,0,34,87396
4083,2525,2385,158451,1235800,396188,2827,307,3717,1620,718,270,06,075,020402,240,2756,98,342,764,1621,2889,103641,2385,117,160,0,16,0,0,31,7,0,66,99,183,347,134,269,956,717,0,6,0,66,14,15,66,550,200,10,0,0,15,34,0,0,141,86,12,0,0,0,0,0,38,36,36,0,0,19,0,0,0,0,17,06075020402,1327700,257156,2192,249,395,14,0,70,15,15,95,31,06,075,020402,155,239,115,0,15,0,0,30,0,79,136,13,0,7,0,77,0,0,39,44,0,0,12,0,0,0,0,32,81507
2895,2112,1274,248571,1887500,227119,2659,270,2334,707,646,214,06,075,020500,145,1418,17,1063,551,723,2904,118947,1274,0,0,63,9,0,0,0,31,46,14,35,54,151,61,105,705,160,25,0,0,6,0,0,22,107,82,0,0,6,12,0,0,6,58,25,0,0,0,0,0,0,0,25,32,0,0,0,0,15,0,0,17,06075020500,1633100,281987,1993,302,104,5,0,0,11,4,22,0,06,075,020500,62,79,1,1,10,0,14,6,13,34,40,0,14,0,0,0,11,0,15,17,0,0,17,0,0,0,0,0,85494
3644,1212,1557,94360,1415200,464695,2252,496,3034,1190,416,99,06,075,020900,80,1850,46,1227,239,1318,2441,42891,1557,143,0,51,31,72,66,11,7,44,100,89,265,90,126,76,386,425,15,24,45,0,33,10,35,263,52,5,0,22,0,17,8,0,0,112,8,0,7,0,12,33,0,52,17,0,0,0,0,0,0,0,17,06075020900,1067200,109267,1775,185,262,10,5,19,0,20,50,17,06,075,020900,141,151,22,43,0,16,22,0,0,48,165,8,0,0,0,0,35,0,122,20,0,0,0,0,10,0,0,10,63304
3739,2300,1758,157027,2000001,-333333333,2504,470,3243,1270,526,147,06,075,021000,296,2368,21,1750,721,1037,3091,85121,1758,21,0,75,0,122,0,0,54,17,62,109,86,186,96,187,743,379,82,0,0,0,11,0,0,286,71,14,0,14,22,0,0,0,21,180,14,0,16,0,28,0,0,122,55,0,0,15,0,0,0,0,40,06075021000,1611100,416441,1734,202,252,16,13,51,20,0,0,0,06,075,021000,152,245,0,0,16,15,58,18,19,119,122,12,13,0,11,43,0,0,43,91,0,0,0,17,0,0,15,59,78750
4054,2708,2021,244813,2000001,-333333333,3501,-333333333,3426,1384,1012,326,06,075,021100,241,2211,70,1482,911,1110,3761,134907,2021,45,9,0,20,14,18,0,6,86,30,133,94,131,125,146,1164,446,14,0,14,0,8,44,9,357,147,9,0,29,0,12,0,10,87,58,0,0,0,0,10,0,0,48,34,0,0,0,0,0,0,0,34,06075021100,2000001,-333333333,2291,228,240,0,0,0,46,0,28,7,06,075,021100,159,163,15,22,0,0,0,30,0,96,142,5,4,6,11,8,20,0,88,79,0,8,0,10,0,20,0,41,101400
3052,1727,1424,195714,2000001,-333333333,3163,768,2419,769,892,162,06,075,021200,149,1585,65,1084,834,590,3260,124663,1424,14,17,64,20,31,0,12,11,8,0,88,125,94,60,193,687,261,5,4,0,8,0,25,21,198,118,8,0,12,17,13,28,0,40,62,0,0,0,8,11,0,0,43,15,0,0,0,0,0,0,0,15,06075021200,1726100,204915,2015,287,258,1,5,0,20,32,21,0,06,075,021200,179,96,3,0,0,15,24,0,0,54,169,7,0,0,9,0,17,0,136,0,0,0,0,0,0,0,0,0,102895
2948,1976,1212,216944,2000001,-333333333,3247,422,2330,1080,593,107,06,075,021300,139,1344,30,790,639,573,3575,101890,1212,34,0,0,0,20,0,0,0,0,11,15,51,98,57,255,671,186,0,0,29,23,11,27,6,90,303,0,0,7,99,8,43,0,146,82,0,0,0,0,0,0,0,82,18,0,18,0,0,0,0,0,0,06075021300,1567900,163151,2370,189,197,0,0,0,34,49,19,0,06,075,021300,95,39,0,0,8,0,0,0,0,31,90,0,0,0,0,0,0,0,90,13,0,0,0,0,0,0,0,13,96635
3522,2439,1716,228056,1979800,297931,3067,468,2969,1188,593,213,06,075,021400,269,1864,43,1453,677,1039,3431,114444,1716,33,79,6,19,55,45,9,0,4,41,56,92,93,67,173,944,298,30,0,0,0,12,0,40,216,39,7,0,0,10,11,0,0,11,125,0,0,21,0,0,0,0,104,47,5,0,10,0,0,0,0,32,06075021400,1467500,292572,2628,205,262,0,0,0,15,10,44,10,06,075,021400,183,77,0,0,7,8,7,16,0,39,149,10,29,0,6,0,15,10,79,17,8,0,0,0,0,9,0,0,86970
5341,2606,2513,176417,1882100,178539,3054,489,4302,1182,1769,389,06,075,021500,124,2748,121,1514,1048,1465,3163,112989,2513,90,0,10,22,20,68,37,15,21,10,56,205,303,88,468,1100,353,0,92,0,0,15,20,0,226,177,16,0,0,0,0,0,0,161,87,0,0,0,0,0,13,0,74,0,0,0,0,0,0,0,0,0,06075021500,1517400,257880,2574,254,314,34,0,0,50,10,0,28,06,075,021500,192,163,0,0,0,0,29,25,0,109,256,16,0,22,0,62,34,0,122,25,0,0,0,0,0,0,0,25,98627
4417,2272,2111,237909,2000001,-333333333,3229,284,3577,1235,1001,398,06,075,021600,163,2307,117,300,1147,964,3359,132318,2111,35,50,0,35,56,0,0,0,10,31,99,134,20,80,324,1237,296,0,0,0,20,0,0,0,276,0,0,0,0,0,0,0,0,0,141,12,0,0,0,2,0,0,127,34,0,0,0,0,0,34,0,0,06075021600,1114000,153054,2510,457,226,0,0,20,17,10,12,0,06,075,021600,167,124,0,0,64,0,0,0,0,60,120,12,0,0,0,9,0,0,99,57,0,0,7,0,0,22,0,28,89746
4459,2205,1798,139722,1749300,231915,1803,195,3180,1233,863,211,06,075,021700,76,1938,56,413,1257,541,2568,66563,1798,21,52,10,0,23,128,114,54,25,16,126,122,141,98,132,736,186,0,9,22,0,0,0,0,155,134,16,0,12,32,8,13,0,53,40,16,0,0,0,0,10,0,14,7,0,0,0,0,0,0,0,7,06075021700,1347000,189944,1340,344,139,10,0,6,63,11,0,11,06,075,021700,38,50,0,0,0,0,0,9,0,41,60,8,0,0,0,41,11,0,0,23,0,0,0,0,0,0,0,23,68790
3999,2425,1777,222891,1811900,107681,3501,-333333333,3289,1199,803,367,06,075,021800,276,1936,116,1198,1101,676,3711,118732,1777,51,0,11,18,0,23,10,16,40,47,13,128,85,111,246,978,204,18,0,3,12,26,11,0,134,5,0,0,0,0,0,0,0,5,7,0,0,7,0,0,0,0,0,72,0,36,0,0,0,0,0,36,06075021800,1431300,211109,1966,203,256,13,0,1,14,0,28,28,06,075,021800,172,109,0,0,0,0,0,46,23,40,53,0,0,0,0,0,12,0,41,35,13,0,0,0,0,0,0,22,100191
4210,1809,2185,243007,1414100,148388,3501,-333333333,3464,1323,1063,315,06,075,022600,345,2508,0,291,424,1761,3983,142089,2185,21,0,10,0,0,0,0,78,0,31,71,40,92,135,421,1286,638,22,0,0,0,7,98,0,511,318,21,0,13,18,18,17,0,231,195,16,0,0,0,6,0,27,146,169,11,9,0,13,4,27,26,79,06075022600,1111000,63243,3207,112,399,9,18,14,34,6,3,41,06,075,022600,274,130,0,24,0,11,6,27,0,62,197,0,0,0,0,6,72,8,111,142,0,9,0,9,9,31,0,84,102117
2017,1024,1001,250001,1764300,188114,3501,-333333333,1767,759,528,102,06,075,022702,99,1061,44,570,382,619,3842,112853,1001,11,34,22,7,19,0,0,0,54,0,51,23,127,56,50,547,176,0,0,26,0,34,0,0,116,24,0,0,9,0,0,0,0,15,67,11,10,0,0,0,12,0,34,0,0,0,0,0,0,0,0,0,06075022702,1387200,84405,2470,273,173,16,0,12,0,11,17,11,06,075,022702,106,90,31,0,8,0,0,22,0,29,62,4,9,0,0,7,0,0,42,26,5,0,0,0,0,9,0,12,101771
3982,1977,1822,240000,1539400,309279,3501,-333333333,3151,1062,1050,212,06,075,022704,324,2010,36,755,931,891,4001,122778,1822,9,14,63,42,11,25,3,14,30,11,106,140,52,78,132,1092,287,23,12,15,0,0,0,0,237,182,0,0,0,0,13,30,7,132,24,0,10,0,0,0,0,0,14,29,0,0,10,0,0,0,0,19,06075022704,1218200,83865,2215,298,135,10,9,0,0,16,0,13,06,075,022704,87,29,0,0,8,0,0,11,0,10,67,18,18,0,0,21,0,0,10,0,0,0,0,0,0,0,0,0,105052
4755,1767,1895,143531,1379200,184042,2073,708,3854,1334,700,71,06,075,022801,71,2105,54,1070,879,1016,3003,62075,1895,52,40,135,66,0,33,93,90,35,35,55,76,192,80,191,722,285,50,0,0,1,31,22,0,181,77,6,12,0,0,0,0,7,52,40,10,0,0,0,0,8,0,22,39,0,14,0,0,0,0,0,25,06075022801,1096400,144151,1917,566,320,43,7,0,0,10,0,21,06,075,022801,239,74,16,0,0,0,12,0,0,46,47,4,0,12,9,0,0,0,22,24,0,6,0,0,5,0,0,13,51429
2236,1005,751,137969,1157500,79586,2952,419,1838,674,272,43,06,075,022802,30,810,38,554,329,422,3316,66111,751,7,19,34,0,0,16,28,6,0,4,58,34,159,27,55,304,189,53,20,30,9,8,8,0,61,114,15,2,0,11,9,6,0,71,48,35,0,13,0,0,0,0,0,7,0,0,7,0,0,0,0,0,06075022802,1037500,141333,1964,370,274,91,32,46,6,37,15,0,06,075,022802,47,79,22,0,20,0,6,0,0,31,19,0,0,0,0,8,0,0,11,68,44,5,0,0,14,0,0,5,29556
4098,1341,1422,158545,1712300,144103,2273,290,2906,809,496,77,06,075,022803,164,1592,87,880,607,815,2324,62750,1422,44,27,38,9,0,10,75,2,4,56,21,113,122,89,295,517,158,16,0,20,8,0,6,11,97,123,0,0,15,0,38,24,0,46,55,0,10,0,0,0,0,0,45,0,0,0,0,0,0,0,0,0,06075022803,1208700,180303,2254,120,407,35,0,15,16,70,47,85,06,075,022803,139,199,41,0,19,12,35,28,17,47,129,4,58,5,8,0,0,0,54,35,0,0,20,0,0,0,0,15,45462
4197,1093,1408,94214,745500,307223,1888,747,3152,1070,252,42,06,075,022901,69,1513,92,729,318,1090,1686,41316,1408,11,91,35,8,54,82,7,24,26,74,82,243,87,128,208,248,203,0,23,0,9,0,0,63,108,167,16,0,24,13,50,21,0,43,130,10,36,25,0,10,0,0,49,18,0,18,0,0,0,0,0,0,06075022901,1001200,110594,2103,332,86,25,0,6,0,7,0,12,06,075,022901,36,52,24,0,0,11,0,0,0,17,76,0,0,24,0,0,0,0,52,12,4,0,0,8,0,0,0,0,35395
2019,653,727,199671,1431800,345255,3110,453,1660,497,341,100,06,075,022902,88,840,19,631,328,399,3115,62267,727,25,14,0,13,0,0,6,14,29,21,62,40,38,27,77,361,222,8,32,4,0,0,54,0,124,22,11,0,4,0,0,0,0,7,25,0,0,0,0,0,0,0,25,41,0,0,7,0,0,0,0,34,06075022902,957400,82657,1968,325,142,12,24,7,44,14,12,0,06,075,022902,29,38,18,0,0,0,0,0,7,13,58,10,0,0,0,0,6,0,42,27,0,0,0,0,7,0,0,20,42031
2675,1092,1058,201250,1528500,456921,3403,345,2144,743,308,85,06,075,022903,36,1241,90,850,465,593,3459,83477,1058,48,0,10,19,21,23,10,37,5,35,35,131,39,22,89,534,134,0,32,5,0,0,0,0,97,44,0,0,0,0,0,0,0,44,28,0,0,0,0,0,0,28,0,0,0,0,0,0,0,0,0,0,06075022903,1006800,122779,2280,374,311,0,23,34,0,39,17,0,06,075,022903,198,37,0,0,0,12,0,0,0,25,66,10,0,0,7,7,0,0,42,11,0,0,0,0,0,0,0,11,58529
5576,446,1319,140179,1060700,74846,2909,515,4150,1033,116,15,06,075,023001,25,1319,442,415,797,522,2568,37947,1319,61,0,53,12,0,6,3,11,8,66,110,132,161,85,355,256,91,0,0,0,31,0,0,0,60,19,15,0,0,0,0,0,0,4,0,0,0,0,0,0,0,0,0,0,0,0,0,0,0,0,0,0,06075023001,731900,50023,1299,464,82,10,41,0,0,8,0,9,06,075,023001,14,56,17,0,0,10,0,18,0,11,18,18,0,0,0,0,0,0,0,23,0,13,10,0,0,0,0,0,29018
4025,418,1206,118889,1090100,50909,3501,-333333333,3171,1079,159,27,06,075,023003,24,1275,295,345,996,210,2538,43068,1206,30,45,66,0,23,14,15,75,19,27,126,129,38,63,112,424,130,0,40,30,9,10,0,0,41,46,0,21,0,0,15,0,0,10,23,0,0,0,0,0,0,0,23,0,0,0,0,0,0,0,0,0,06075023003,787100,63601,1950,583,25,7,0,0,0,9,0,0,06,075,023003,9,0,0,0,0,0,0,0,0,0,17,0,0,0,0,17,0,0,0,14,0,0,0,0,0,0,0,14,33717
3411,79,1128,46331,1139700,79835,1020,968,2243,169,79,45,06,075,023102,41,1171,41,78,403,725,1275,28395,1128,141,88,122,0,75,33,25,47,62,98,83,99,39,60,32,124,45,0,0,0,0,0,0,0,45,3,3,0,0,0,0,0,0,0,0,0,0,0,0,0,0,0,0,0,0,0,0,0,0,0,0,0,06075023102,721900,119252,636,239,75,0,26,10,0,0,0,0,06,075,023102,39,5,0,0,0,0,0,0,0,5,14,0,0,0,0,0,0,0,14,33,33,0,0,0,0,0,0,0,23362
4512,0,1518,28393,-666666666,-222222222,817,182,2309,127,0,6,06,075,023103,0,1663,211,171,45,1473,832,16705,1518,227,150,149,169,91,134,0,147,75,85,110,98,74,0,9,0,50,18,0,0,32,0,0,0,0,128,34,31,34,0,0,0,29,0,0,0,0,0,0,0,0,0,0,14,14,0,0,0,0,0,0,0,06075023103,606900,46468,712,135,36,36,0,0,0,0,0,0,06,075,023103,0,55,33,0,0,0,0,22,0,0,0,0,0,0,0,0,0,0,0,0,0,0,0,0,0,0,0,0,16474
4214,322,1153,111597,1100300,60288,1079,702,2908,587,229,137,06,075,023200,44,1380,159,727,772,381,1534,33263,1153,89,46,14,0,0,35,0,58,13,91,91,126,46,83,136,325,39,2,0,0,8,0,11,9,9,19,0,0,0,0,19,0,0,0,9,0,0,0,0,9,0,0,0,0,0,0,0,0,0,0,0,0,06075023200,776800,73357,1395,195,106,9,20,0,9,11,0,9,06,075,023200,48,24,0,9,9,0,0,0,0,6,11,4,0,7,0,0,0,0,0,0,0,0,0,0,0,0,0,0,29623
3934,296,1281,92574,927700,72988,2178,719,2920,532,111,4,06,075,023300,15,1349,11,94,672,609,1930,29954,1281,107,33,55,49,49,86,25,7,11,76,70,89,164,119,152,189,236,47,61,0,20,16,31,30,31,120,21,27,15,30,19,0,0,8,40,33,0,0,0,0,7,0,0,0,0,0,0,0,0,0,0,0,06075023300,714100,61665,1002,382,67,30,4,0,0,27,6,0,06,075,023300,0,36,0,10,14,0,0,0,0,12,14,4,0,0,0,4,6,0,0,0,0,0,0,0,0,0,0,0,26986
3811,341,1169,80788,980000,124329,1370,287,2521,289,185,8,06,075,023400,16,1216,20,595,649,520,1514,35304,1169,102,45,109,48,141,23,23,32,0,0,47,55,29,65,248,202,153,48,33,0,0,0,61,0,11,9,0,0,0,0,0,0,0,9,0,0,0,0,0,0,0,0,0,0,0,0,0,0,0,0,0,0,06075023400,703600,76912,675,442,79,7,0,7,20,8,8,0,06,075,023400,29,35,0,8,0,12,0,0,0,15,0,0,0,0,0,0,0,0,0,0,0,0,0,0,0,0,0,0,28423
3342,1793,1306,139600,1524600,152241,2214,350,2631,963,370,238,06,075,025100,53,1430,116,729,784,522,3038,70982,1306,26,21,7,8,5,0,8,26,59,67,84,116,140,124,146,469,233,5,29,54,7,16,8,0,114,46,0,9,0,4,0,8,0,25,27,9,0,0,0,0,0,5,13,0,0,0,0,0,0,0,0,0,06075025100,1419600,167479,1932,438,252,23,5,6,8,22,18,9,06,075,025100,161,64,6,11,0,0,9,24,0,14,16,0,0,0,0,0,6,10,0,0,0,0,0,0,0,0,0,0,70989
5610,2916,2463,163321,1577400,581097,2485,579,4418,1414,1145,198,06,075,025200,161,2652,16,1973,1690,773,2753,99107,2463,233,106,0,55,31,0,20,18,90,0,87,204,226,80,199,1114,383,0,21,16,0,0,16,30,300,73,0,0,0,0,0,0,0,73,51,17,18,0,0,0,0,0,16,36,36,0,0,0,0,0,0,0,06075025200,1182800,96239,1937,569,421,26,0,29,0,44,0,0,06,075,025200,322,28,0,0,0,0,0,0,14,14,84,15,0,0,0,0,17,0,52,50,16,0,0,0,0,0,0,34,73567
4218,1851,1692,189688,1671000,171730,3088,650,3678,1180,614,193,06,075,025300,180,2007,61,1339,873,819,3297,65559,1692,32,17,23,10,0,11,15,10,15,98,56,54,109,172,256,814,204,0,0,0,0,13,33,13,145,93,0,0,12,14,26,18,4,19,24,0,0,6,0,0,0,0,18,25,7,0,0,0,0,0,0,18,06075025300,1174700,69257,1770,548,325,6,15,14,25,39,24,17,06,075,025300,185,90,0,0,17,22,0,0,10,41,72,0,0,1,7,0,9,8,47,51,0,9,0,13,6,8,0,15,63188
3706,1695,1357,183902,1581600,132274,2750,797,2468,949,538,171,06,075,025401,144,1390,88,1021,754,603,3097,88221,1357,79,20,0,0,14,0,50,0,0,66,61,148,68,77,119,655,58,0,0,0,6,11,0,0,41,125,5,25,0,0,0,25,0,70,30,0,0,0,0,0,0,0,30,12,0,0,0,0,0,0,0,12,06075025401,1235200,151525,2103,364,176,0,0,0,0,9,58,22,06,075,025401,87,202,12,13,58,2,67,10,0,40,23,0,0,12,0,0,0,11,0,30,0,0,0,0,11,0,0,19,54668
3163,1069,1087,173352,1292700,117176,2484,1751,2560,898,352,125,06,075,025402,86,1132,103,608,739,348,2905,52279,1087,18,10,19,0,0,80,16,0,0,74,41,41,43,53,241,451,82,0,0,0,8,0,0,0,74,73,0,6,0,33,0,0,6,28,54,35,0,0,0,0,0,0,19,0,0,0,0,0,0,0,0,0,06075025402,1062500,95014,1816,519,106,0,0,0,7,8,20,0,06,075,025402,71,24,0,0,10,14,0,0,0,0,50,18,0,7,0,0,0,0,25,14,0,0,0,14,0,0,0,0,52007
4686,878,1380,128947,1332400,216002,2663,1934,3245,766,362,78,06,075,025403,143,1489,195,594,710,670,2978,45481,1380,67,50,88,63,81,0,0,7,4,33,60,106,120,72,123,506,32,4,0,0,0,8,0,10,10,0,0,0,0,0,0,0,0,0,0,0,0,0,0,0,0,0,0,13,0,0,0,0,13,0,0,0,06075025403,1030500,120890,1708,366,156,2,37,0,0,38,10,0,06,075,025403,69,77,32,18,0,6,21,0,0,0,108,19,0,0,30,0,37,0,22,0,0,0,0,0,0,0,0,0,44178
5290,908,1656,114250,1101500,51583,2468,865,3921,1084,284,70,06,075,025600,0,1753,516,488,1097,559,2171,49572,1656,18,32,27,8,32,64,96,80,27,42,95,248,79,134,189,485,293,72,10,26,124,12,11,0,38,1,1,0,0,0,0,0,0,0,0,0,0,0,0,0,0,0,0,0,0,0,0,0,0,0,0,0,06075025600,848600,55305,1560,527,173,1,13,0,0,14,40,19,06,075,025600,86,70,19,0,6,23,11,0,11,0,0,0,0,0,0,0,0,0,0,0,0,0,0,0,0,0,0,0,36300
5047,450,1559,129663,1179800,77575,1910,294,3849,930,137,57,06,075,025701,43,1572,518,442,967,592,2096,51339,1559,10,11,43,0,32,9,0,23,14,41,81,123,358,186,206,422,87,13,0,0,0,16,9,0,49,100,36,0,0,46,0,0,0,18,0,0,0,0,0,0,0,0,0,0,0,0,0,0,0,0,0,0,06075025701,875600,40058,1924,674,65,19,13,0,0,0,0,3,06,075,025701,30,13,13,0,0,0,0,0,0,0,10,10,0,0,0,0,0,0,0,0,0,0,0,0,0,0,0,0,32148
4601,374,1135,104250,1056100,110921,1752,339,3451,812,113,87,06,075,025702,59,1249,167,621,695,440,1695,36875,1135,76,8,55,0,21,19,0,16,70,30,137,132,143,39,183,206,132,0,0,12,11,47,41,0,21,0,0,0,0,0,0,0,0,0,17,0,0,0,0,0,0,0,17,24,0,0,0,0,0,0,0,24,06075025702,921200,55334,1838,349,96,0,35,7,0,0,22,0,06,075,025702,32,29,1,14,14,0,0,0,0,0,12,0,0,0,0,0,12,0,0,54,54,0,0,0,0,0,0,0,26109
1776,192,621,82546,1124300,37768,1168,327,1428,255,102,7,06,075,025800,0,675,113,224,300,321,2068,34888,621,23,43,44,13,0,7,111,15,16,36,2,57,40,17,81,116,36,0,3,0,13,0,0,0,20,58,2,7,0,18,2,13,0,16,11,5,0,0,0,0,0,0,6,6,0,6,0,0,0,0,0,0,06075025800,856300,75353,1700,141,47,1,6,15,16,0,4,0,06,075,025800,5,30,2,12,6,1,0,0,0,9,14,6,0,2,0,0,0,0,6,11,0,5,6,0,0,0,0,0,35000
4134,619,1444,151418,1145100,49138,3172,497,3244,926,277,107,06,075,025900,66,1525,246,116,1281,163,2985,58250,1444,44,46,29,49,8,2,0,25,8,64,43,106,163,97,220,540,79,0,0,18,17,0,0,0,44,37,14,0,0,0,0,0,0,23,0,0,0,0,0,0,0,0,0,0,0,0,0,0,0,0,0,0,06075025900,850000,52343,2030,439,82,11,0,16,0,0,0,0,06,075,025900,55,62,14,16,0,0,0,0,0,32,0,0,0,0,0,0,0,0,0,0,0,0,0,0,0,0,0,0,38912
6010,805,1785,119088,1131000,83524,2547,540,4666,1091,230,69,06,075,026001,51,1869,109,907,944,841,2181,44383,1785,21,33,18,50,66,6,46,70,10,112,168,131,196,55,282,521,137,12,0,0,0,15,13,9,88,71,0,10,0,0,32,0,0,29,68,11,0,0,0,0,57,0,0,0,0,0,0,0,0,0,0,0,06075026001,831100,60617,1711,129,175,40,16,13,43,14,19,0,06,075,026001,30,97,19,0,0,0,36,8,0,34,49,22,0,0,0,14,13,0,0,0,0,0,0,0,0,0,0,0,28074
3731,1117,1038,119038,1124000,41435,3184,1552,2960,706,358,22,06,075,026002,31,1121,263,345,785,253,2506,36611,1038,96,26,9,6,19,64,35,8,16,15,34,105,118,22,129,336,258,110,9,54,9,17,0,0,59,21,7,0,0,0,0,0,0,14,18,11,0,0,0,7,0,0,0,0,0,0,0,0,0,0,0,0,06075026002,874600,44113,2519,690,124,39,14,27,0,7,17,6,06,075,026002,14,80,8,30,17,9,6,10,0,0,71,8,36,0,5,15,7,0,0,16,16,0,0,0,0,0,0,0,33918
4873,610,1393,99044,1148200,56322,1986,521,3505,943,205,19,06,075,026003,22,1438,233,639,966,427,1962,53414,1393,50,0,18,3,14,29,33,42,45,8,128,333,91,155,65,379,281,0,0,38,79,77,0,62,25,5,0,0,0,0,0,0,0,5,19,5,0,0,14,0,0,0,0,0,0,0,0,0,0,0,0,0,06075026003,831000,44328,1735,406,80,20,8,7,0,21,0,0,06,075,026003,24,46,0,11,6,0,0,0,0,29,14,14,0,0,0,0,0,0,0,0,0,0,0,0,0,0,0,0,33083
3924,703,1121,133542,1102400,60492,3501,-333333333,3160,897,177,28,06,075,026004,22,1267,114,747,747,374,2724,51237,1121,43,11,21,0,23,16,35,0,0,16,80,203,59,94,149,371,151,24,0,6,61,7,0,0,53,10,0,0,10,0,0,0,0,0,1,0,0,0,0,1,0,0,0,0,0,0,0,0,0,0,0,0,06075026004,856900,35184,1708,907,26,0,0,0,0,0,0,0,06,075,026004,26,155,27,14,25,14,0,54,0,21,29,0,0,0,0,14,0,0,15,0,0,0,0,0,0,0,0,0,36308
6601,493,2007,123070,1217800,106976,2032,1191,5020,1464,241,68,06,075,026100,33,2082,270,1048,1344,663,2663,48729,2007,63,60,8,45,82,94,0,39,28,80,76,247,234,108,292,551,179,0,0,0,0,20,25,23,111,27,27,0,0,0,0,0,0,0,22,0,0,0,12,10,0,0,0,0,0,0,0,0,0,0,0,0,06075026100,848500,32803,1812,485,122,15,0,48,0,0,20,0,06,075,026100,39,195,0,35,87,6,13,42,0,12,56,0,0,0,8,7,0,0,41,99,0,0,14,14,15,15,0,41,32398
4955,494,1365,102131,1086100,67373,1648,278,3771,725,62,66,06,075,026301,21,1388,130,904,798,567,1767,32842,1365,74,125,3,19,15,60,7,34,14,26,101,138,172,168,147,262,65,2,0,0,0,36,0,0,27,72,0,0,10,23,13,0,0,26,2,0,2,0,0,0,0,0,0,14,0,14,0,0,0,0,0,0,06075026301,805200,55964,1478,592,151,1,13,0,1,36,77,0,06,075,026301,23,182,75,31,14,11,30,0,0,21,1,0,1,0,0,0,0,0,0,8,8,0,0,0,0,0,0,0,30177
4707,562,1552,99091,1117600,62653,1657,699,3718,654,150,38,06,075,026302,39,1615,149,537,1089,463,2146,44774,1552,60,78,25,10,9,24,72,79,23,52,156,204,138,149,126,347,117,39,21,0,0,22,0,0,35,25,7,0,8,0,0,0,0,10,0,0,0,0,0,0,0,0,0,17,0,0,0,7,10,0,0,0,06075026302,807100,81204,1618,245,102,0,0,0,11,22,27,20,06,075,026302,22,40,0,0,11,6,0,0,0,23,8,0,0,0,0,0,8,0,0,48,41,0,7,0,0,0,0,0,31019
4425,577,1342,94167,1123300,31032,2382,716,3454,762,148,39,06,075,026303,13,1389,222,532,1083,259,2154,41224,1342,28,14,53,20,0,8,45,26,18,96,185,185,94,90,127,353,131,12,5,36,12,17,23,0,26,28,0,0,0,18,0,0,1,9,0,0,0,0,0,0,0,0,0,94,35,0,0,0,58,1,0,0,06075026303,847600,33157,2033,426,204,17,23,53,39,35,19,10,06,075,026303,8,35,3,12,5,5,0,0,0,10,15,0,0,15,0,0,0,0,0,24,0,0,0,0,24,0,0,0,33911
3470,157,1035,80563,956300,90959,1483,234,2525,421,68,11,06,075,026401,0,1046,342,199,739,296,1320,30245,1035,71,24,18,38,33,0,13,0,58,46,177,115,76,67,96,203,18,13,0,5,0,0,0,0,0,0,0,0,0,0,0,0,0,0,29,0,0,0,0,0,0,0,29,0,0,0,0,0,0,0,0,0,06075026401,672100,47635,1851,385,62,5,2,0,1,19,1,12,06,075,026401,22,5,3,0,1,0,1,0,0,0,2,0,0,0,2,0,0,0,0,0,0,0,0,0,0,0,0,0,30258
4654,985,1262,117230,993000,95340,2760,883,3665,1031,369,15,06,075,026402,8,1314,260,229,919,343,2393,44962,1262,27,30,34,7,14,37,18,0,0,121,78,128,169,58,166,375,98,0,0,0,0,0,0,0,98,55,10,20,0,0,10,0,0,15,3,3,0,0,0,0,0,0,0,7,0,0,7,0,0,0,0,0,06075026402,812900,52417,2421,480,461,51,0,84,47,97,55,10,06,075,026402,117,83,49,0,0,0,23,0,0,11,5,0,0,5,0,0,0,0,0,15,0,0,0,0,0,0,0,15,29789
3453,175,1109,73750,1051000,70047,1575,714,2851,475,51,64,06,075,026403,34,1185,266,397,774,335,1873,25082,1109,67,22,141,19,16,21,20,10,36,36,170,48,46,113,157,187,95,18,9,41,0,27,0,0,0,58,32,26,0,0,0,0,0,0,0,0,0,0,0,0,0,0,0,0,0,0,0,0,0,0,0,0,06075026403,814800,41393,1459,220,107,18,0,52,12,14,0,11,06,075,026403,0,119,13,20,29,0,0,33,0,24,29,0,16,0,13,0,0,0,0,14,14,0,0,0,0,0,0,0,26674
2404,153,694,83500,904000,45781,1747,228,1775,353,39,0,06,075,026404,9,732,144,29,384,310,1577,35385,694,51,17,40,13,0,13,13,0,0,66,116,68,57,43,90,107,0,0,0,0,0,0,0,0,0,6,0,6,0,0,0,0,0,0,0,0,0,0,0,0,0,0,0,0,0,0,0,0,0,0,0,0,06075026404,721700,49979,1377,118,5,5,0,0,0,0,0,0,06,075,026404,0,6,0,0,0,6,0,0,0,0,0,0,0,0,0,0,0,0,0,17,0,0,5,12,0,0,0,0,30574
4588,2082,2098,151384,1547200,216447,2966,322,3819,1828,598,490,06,075,030101,219,2225,104,1297,486,1612,2797,78113,2098,58,0,11,15,15,117,10,36,39,84,74,187,130,211,637,474,334,42,0,6,22,66,44,7,147,417,48,0,16,50,56,84,6,157,104,0,15,15,16,0,0,0,58,25,0,0,0,0,0,3,0,22,06075030101,1162300,380958,2335,201,376,44,33,34,14,93,32,14,06,075,030101,112,354,127,13,20,100,0,15,0,79,148,73,0,0,0,39,0,11,25,23,0,0,12,0,0,0,11,0,64214
4808,2337,2120,206515,2000001,-333333333,3291,220,3706,1425,829,585,06,075,030102,248,2264,63,575,978,1142,3396,108261,2120,227,41,34,0,32,14,0,0,20,66,92,77,111,168,105,1133,313,39,1,33,0,14,0,3,223,248,116,21,0,22,16,0,0,73,271,21,27,0,14,24,87,22,76,32,5,0,0,0,0,0,6,21,06075030102,1845500,357058,2795,395,271,37,0,5,21,18,36,0,06,075,030102,154,486,216,2,8,7,25,22,0,206,370,110,0,48,22,83,31,0,76,53,5,0,0,0,0,0,26,22,64358
4120,1806,1971,115292,1312500,242371,2366,163,3208,1257,711,162,06,075,030201,109,2031,336,943,529,1442,2412,76947,1971,155,32,31,18,146,37,0,25,37,88,114,222,139,107,168,652,390,8,9,0,20,52,32,48,221,76,9,0,0,0,20,20,0,27,14,2,0,0,0,0,2,0,10,0,0,0,0,0,0,0,0,0,06075030201,1174500,106372,2083,154,293,1,5,9,46,33,54,11,06,075,030201,134,116,10,0,12,29,10,22,20,13,73,0,8,0,0,21,11,17,16,22,13,0,0,0,0,9,0,0,60759
4017,1863,2045,149306,1360500,372193,2324,328,3322,1451,542,221,06,075,030202,217,2364,20,1094,472,1573,2313,84849,2045,26,34,45,50,0,0,16,69,0,24,227,321,116,102,355,660,490,8,0,35,26,30,0,33,358,140,25,3,0,12,0,21,19,60,84,23,15,0,0,0,0,0,46,0,0,0,0,0,0,0,0,0,06075030202,1250000,224622,2033,214,466,29,0,107,0,0,104,16,06,075,030202,210,116,23,0,0,0,0,0,0,93,83,0,0,22,0,0,0,25,36,56,14,0,3,0,0,0,0,39,79131
6509,2577,2542,191338,1673100,148370,3172,731,5277,2538,925,403,06,075,030301,259,2765,431,1271,1444,1098,2926,96822,2542,31,78,14,0,89,11,47,0,26,123,0,189,141,183,486,1124,549,0,13,21,0,0,0,0,515,64,0,10,16,0,0,0,0,38,45,0,28,17,0,0,0,0,0,70,0,0,0,14,0,0,5,51,06075030301,1526700,143153,2509,281,293,59,1,8,11,24,14,33,06,075,030301,143,197,42,0,19,13,0,10,0,113,112,56,0,35,0,0,0,0,21,127,0,19,19,0,0,14,0,75,80550
3492,1350,1318,170000,1765900,99737,3501,-333333333,2843,1039,345,343,06,075,030302,184,1439,373,654,882,436,3414,74200,1318,46,22,20,10,0,0,25,25,22,46,15,109,79,158,138,603,98,0,0,10,0,12,9,0,67,21,7,0,0,0,7,0,0,7,203,0,0,0,0,6,0,0,197,23,1,5,0,0,7,10,0,0,06075030302,1242200,116681,2311,222,96,9,0,8,0,0,8,0,06,075,030302,71,57,6,8,0,0,7,0,36,0,46,0,18,10,0,11,0,0,7,50,15,10,0,0,16,0,0,9,54066
5120,1836,2193,140524,1832000,170353,2573,737,4293,1592,727,475,06,075,030400,314,2328,385,1156,1851,342,2732,80826,2193,20,99,33,26,0,0,95,24,7,67,125,192,326,158,185,836,387,18,0,32,10,58,64,0,205,23,13,0,0,0,10,0,0,0,18,10,8,0,0,0,0,0,0,0,0,0,0,0,0,0,0,0,06075030400,1495600,145348,2218,261,366,18,25,48,9,55,67,30,06,075,030400,114,46,11,0,12,0,13,0,0,10,118,9,0,29,0,22,0,0,58,0,0,0,0,0,0,0,0,0,62684
3778,1584,1008,182375,1470800,203397,3141,1289,3040,691,373,193,06,075,030500,175,1045,30,150,715,293,3627,47794,1008,0,69,50,0,59,7,0,0,0,62,27,46,62,33,172,421,190,61,62,14,2,0,0,0,51,168,0,0,30,0,71,0,0,67,123,29,0,0,7,0,0,0,87,0,0,0,0,0,0,0,0,0,06075030500,1233100,96496,-666666666,-222222222,249,110,45,34,17,0,12,0,06,075,030500,31,54,4,23,0,4,0,0,0,23,11,2,0,0,0,0,0,0,9,12,2,0,0,0,0,0,0,10,36681
2356,1173,903,238750,2000001,-333333333,3474,412,1875,805,403,230,06,075,030600,55,922,150,560,766,137,4001,105469,903,0,0,0,0,0,6,0,0,13,20,0,42,73,48,138,563,64,7,0,0,0,9,0,5,43,23,0,0,14,0,0,0,0,9,56,0,0,0,0,0,0,0,56,14,0,0,0,0,0,0,0,14,06075030600,1556300,72840,3016,1857,71,0,4,11,0,7,5,0,06,075,030600,44,36,0,0,0,14,0,0,0,22,6,0,0,0,0,0,0,6,0,0,0,0,0,0,0,0,0,0,80370
6600,3273,2685,156827,1657600,83795,3501,-333333333,5030,1871,1352,204,06,075,030700,332,2786,682,531,2266,419,2592,79920,2685,60,20,30,52,37,0,52,71,82,45,123,309,239,171,168,1226,87,0,15,0,26,0,22,0,24,26,0,0,0,26,0,0,0,0,44,0,0,21,0,10,0,0,13,14,0,14,0,0,0,0,0,0,06075030700,1203000,49675,3460,233,349,77,15,0,65,0,0,0,06,075,030700,192,47,0,15,0,16,16,0,0,0,77,0,14,0,0,18,0,0,45,45,15,0,0,0,0,0,0,30,70611
5769,3272,1998,190625,2000001,-333333333,3147,1112,4693,2011,842,402,06,075,030800,132,2203,156,1545,1445,553,2928,83519,1998,23,46,19,27,0,0,0,0,45,26,83,211,135,281,125,977,131,0,0,23,0,0,0,45,63,33,0,0,0,0,0,10,0,23,39,0,0,19,0,13,7,0,0,267,0,0,0,0,0,0,0,267,06075030800,1622200,80264,2324,902,95,0,0,13,0,28,25,0,06,075,030800,29,14,0,6,0,0,8,0,0,0,134,21,0,39,0,0,13,0,61,37,0,0,0,9,9,19,0,0,65646
6425,2480,2310,204375,2000001,-333333333,3501,-333333333,4885,1463,901,467,06,075,030900,188,2519,427,1637,2220,90,3572,79922,2310,169,0,21,18,12,20,20,73,0,56,36,287,103,126,205,1164,132,11,0,0,17,0,0,0,104,21,21,0,0,0,0,0,0,0,4,4,0,0,0,0,0,0,0,0,0,0,0,0,0,0,0,0,06075030900,1450100,183868,2650,1105,222,32,44,18,0,0,0,0,06,075,030900,128,234,40,0,0,0,57,0,0,137,2,2,0,0,0,0,0,0,0,19,19,0,0,0,0,0,0,0,69176
4336,1607,1540,196389,1665400,163577,3410,1282,3429,1062,524,273,06,075,031000,253,1579,66,910,1168,372,3405,72649,1540,50,93,31,19,9,0,30,9,9,34,70,139,39,63,179,766,157,9,0,0,0,0,0,0,148,169,0,0,12,9,101,0,11,36,11,0,0,0,0,0,0,11,0,88,9,0,0,0,0,25,0,54,06075031000,1218300,79627,3182,601,86,12,0,0,0,0,21,0,06,075,031000,53,157,13,2,0,0,60,7,0,75,68,16,0,0,0,12,0,0,40,78,23,32,0,0,0,0,23,0,64930
6276,2440,2387,197432,1495200,169637,3267,603,4734,1827,833,209,06,075,031100,281,2499,307,1230,1528,859,3251,71861,2387,58,82,65,0,0,62,17,44,79,22,92,102,192,69,311,1192,420,33,58,0,0,0,34,104,191,152,22,13,0,30,0,0,0,87,16,0,7,0,0,0,9,0,0,0,0,0,0,0,0,0,0,0,06075031100,1106200,121244,2330,504,410,0,0,0,0,64,49,0,06,075,031100,297,263,52,15,14,20,0,39,19,104,55,2,0,0,0,0,22,0,31,0,0,0,0,0,0,0,0,0,62500
5906,967,1789,107648,1129700,34491,1826,610,4575,1153,227,78,06,075,031201,38,1902,161,1125,927,862,1674,36944,1789,71,57,0,43,112,51,87,27,51,75,134,140,154,114,238,435,337,54,47,46,71,32,18,7,62,103,14,0,7,9,47,0,16,10,7,0,0,0,7,0,0,0,0,0,0,0,0,0,0,0,0,0,06075031201,815400,68703,1498,440,215,33,17,59,13,12,16,0,06,075,031201,65,95,15,0,13,6,5,11,20,25,16,0,16,0,0,0,0,0,0,0,0,0,0,0,0,0,0,0,27328
2919,233,818,156250,1182000,68363,2667,617,2129,706,118,37,06,075,031202,62,853,102,424,562,256,2649,45931,818,42,23,4,4,8,15,15,20,0,13,23,82,98,32,187,252,75,9,0,4,0,3,25,0,34,49,2,5,0,0,0,0,24,18,0,0,0,0,0,0,0,0,0,13,0,0,0,0,0,0,0,13,06075031202,872900,78845,2062,323,122,15,0,10,4,5,0,15,06,075,031202,73,36,0,18,6,0,0,3,4,5,17,0,0,0,12,0,5,0,0,32,4,17,0,0,0,0,0,11,32500
3847,668,1560,132222,1375000,36216,2735,454,3090,921,341,112,06,075,031301,39,1618,629,483,1149,411,2781,55408,1560,21,144,34,23,26,0,26,37,22,58,119,133,73,176,315,353,158,8,0,0,89,0,0,24,37,97,0,0,3,0,18,10,22,44,7,0,7,0,0,0,0,0,0,9,0,0,9,0,0,0,0,0,06075031301,908000,41696,2341,347,40,0,4,0,0,3,23,0,06,075,031301,10,6,0,0,0,6,0,0,0,0,13,0,0,0,0,0,5,0,8,73,0,0,33,0,0,0,31,9,44079
4727,431,1733,127050,1009200,76411,3128,240,3662,1077,633,22,06,075,031302,136,1877,467,285,1089,644,2833,52193,1733,12,7,0,88,13,21,9,29,71,62,105,174,255,180,209,498,107,0,0,0,23,0,30,0,54,181,0,25,0,0,0,5,15,136,20,0,7,0,0,0,0,0,13,13,0,13,0,0,0,0,0,0,06075031302,726000,47657,2620,215,319,60,20,11,0,56,39,11,06,075,031302,122,142,34,7,13,0,15,26,0,47,15,0,0,15,0,0,0,0,0,13,13,0,0,0,0,0,0,0,36460
4511,1515,1782,151500,1533800,148174,2392,227,3628,1359,658,170,06,075,032601,107,1907,266,1004,767,1015,2518,70038,1782,63,88,52,13,0,14,41,18,5,41,64,241,56,183,260,643,305,11,27,0,8,14,18,28,199,239,35,0,0,10,44,44,20,86,92,24,0,5,0,45,0,0,18,29,23,0,6,0,0,0,0,0,06075032601,1071200,83476,1908,152,268,42,0,28,18,29,20,0,06,075,032601,131,232,36,40,8,41,52,13,0,42,18,0,0,10,8,0,0,0,0,59,0,0,0,0,0,13,0,46,46893
4105,1185,1435,157550,1622100,148072,3271,562,3337,1307,401,80,06,075,032602,186,1650,205,1000,688,747,3255,59375,1435,9,30,10,0,14,49,68,48,26,40,72,75,120,105,226,543,253,13,0,22,13,20,9,0,176,149,23,43,23,11,5,0,9,35,6,0,0,0,0,0,0,0,6,25,0,0,0,0,0,0,0,25,06075032602,1165000,51454,2051,184,138,21,0,22,10,17,27,0,06,075,032602,41,98,12,0,0,0,23,0,25,38,15,0,15,0,0,0,0,0,0,35,24,0,0,0,11,0,0,0,50683
6729,2270,2414,158889,1602400,191202,2405,798,5449,1790,761,437,06,075,032700,114,2637,450,1473,1572,842,3621,74347,2414,69,145,0,71,52,30,58,57,16,76,117,195,190,85,299,954,177,22,0,0,54,15,50,0,36,0,0,0,0,0,0,0,0,0,17,0,0,0,0,0,0,0,17,86,15,5,0,0,0,0,0,66,06075032700,1153500,57583,2481,289,168,32,21,0,0,0,0,0,06,075,032700,115,176,15,19,37,27,0,0,0,78,102,17,29,0,0,0,20,0,36,16,0,0,0,0,0,0,0,16,52783
3946,766,1313,148231,1401400,145030,2158,272,3239,957,443,87,06,075,032801,37,1464,511,640,849,464,2394,52590,1313,24,6,33,42,51,67,10,17,0,72,55,111,105,118,176,426,150,13,16,12,10,0,0,26,73,33,0,0,5,0,9,5,0,14,0,0,0,0,0,0,0,0,0,0,0,0,0,0,0,0,0,0,06075032801,1050400,62160,2397,220,313,32,6,8,17,9,123,0,06,075,032801,118,32,0,0,0,0,32,0,0,0,0,0,0,0,0,0,0,0,0,0,0,0,0,0,0,0,0,0,40343
4185,1194,1528,113092,1406700,206615,2019,546,3543,1229,455,131,06,075,032802,60,1528,661,443,1031,497,1795,54903,1528,69,93,45,0,9,38,23,13,52,76,46,187,142,98,145,492,75,18,0,0,0,19,0,27,11,40,0,0,15,8,0,4,0,13,16,0,0,0,16,0,0,0,0,0,0,0,0,0,0,0,0,0,06075032802,1096700,63450,2931,882,228,67,7,9,14,19,46,0,06,075,032802,66,59,0,0,30,0,8,0,21,0,31,0,0,23,0,8,0,0,0,0,0,0,0,0,0,0,0,0,47683
5071,1039,1642,167723,1450500,227170,2805,660,3839,1312,537,284,06,075,032901,69,1778,485,847,1212,430,2395,61886,1642,47,37,26,0,68,0,10,37,31,4,90,79,43,104,428,638,170,47,0,0,0,0,14,41,68,78,0,0,0,0,0,8,13,57,6,0,0,0,0,6,0,0,0,27,13,7,7,0,0,0,0,0,06075032901,1035800,52211,2287,325,116,6,2,23,9,0,24,19,06,075,032901,33,20,8,0,0,0,12,0,0,0,25,0,0,0,6,0,0,0,19,26,0,0,0,0,0,15,0,11,46910
3797,777,1330,113265,1493800,153721,3501,-333333333,2980,995,277,88,06,075,032902,164,1468,718,359,1070,260,1323,47940,1330,29,0,26,38,64,16,7,0,19,25,84,196,235,89,150,352,115,9,12,16,0,9,19,0,50,83,35,4,0,0,0,10,10,24,0,0,0,0,0,0,0,0,0,0,0,0,0,0,0,0,0,0,06075032902,978600,76492,2655,152,161,0,18,28,0,17,16,24,06,075,032902,58,129,10,27,8,0,29,28,17,10,0,0,0,0,0,0,0,0,0,15,0,15,0,0,0,0,0,0,38023
3866,1162,1413,161193,1821000,77519,3501,-333333333,2813,1202,513,234,06,075,033100,79,1461,429,302,1256,157,3527,82857,1413,104,9,9,15,39,52,11,7,38,16,28,102,89,86,245,563,119,12,14,0,0,0,0,11,82,22,6,11,5,0,0,0,0,0,11,11,0,0,0,0,0,0,0,13,0,6,0,0,7,0,0,0,06075033100,1289600,119228,2461,1578,159,17,5,20,0,63,20,0,06,075,033100,34,41,15,20,6,0,0,0,0,0,6,6,0,0,0,0,0,0,0,21,0,0,9,0,0,0,0,12,48300
3535,910,595,68250,-666666666,-222222222,2589,470,907,280,71,9,06,075,033201,169,739,162,50,6,589,2568,7282,595,109,16,55,38,11,13,16,20,5,7,25,20,47,16,138,59,288,199,51,20,2,16,0,0,0,1273,929,182,30,107,13,4,8,0,88,45,0,18,14,11,0,0,0,43,19,0,6,9,0,9,0,0,06075033201,-666666666,-222222222,1759,213,241,122,88,17,0,14,0,0,06,075,033201,0,2454,2123,106,95,76,33,14,7,0,67,30,0,16,9,0,5,0,7,33,27,0,6,0,0,0,0,0,4811
3339,907,1589,74671,1492100,140200,2619,275,2394,735,404,64,06,075,033203,26,1825,821,73,136,1453,2686,56488,1589,93,90,55,122,15,27,77,25,27,135,136,140,19,91,169,368,234,83,28,0,46,22,0,0,55,253,48,13,9,6,0,95,0,82,26,9,0,0,0,0,0,0,17,25,3,0,16,0,0,6,0,0,06075033203,1502500,496195,2240,112,264,107,7,39,25,39,37,0,06,075,033203,10,139,66,6,15,0,10,6,0,36,41,6,0,0,0,0,0,35,0,119,57,26,26,0,0,0,0,10,27164
3327,822,1634,71750,-666666666,-222222222,2122,288,2719,1019,372,37,06,075,033204,48,1921,749,98,0,1634,2122,47831,1634,174,163,66,95,16,10,0,51,22,164,65,130,77,148,278,175,143,34,23,10,3,32,28,13,0,147,22,16,0,10,39,6,32,22,26,0,0,26,0,0,0,0,0,0,0,0,0,0,0,0,0,0,06075033204,-666666666,-222222222,2045,217,444,153,80,114,8,16,30,7,06,075,033204,36,392,165,70,39,26,15,45,0,32,48,10,0,0,0,14,0,0,24,86,0,34,10,0,0,21,0,21,30258
5136,1455,1867,112413,1346900,79612,2287,463,4096,1402,436,160,06,075,035201,35,1956,859,438,1377,490,2433,53625,1867,58,51,49,33,74,11,68,44,22,115,138,128,165,164,226,521,241,0,0,11,0,10,23,29,168,146,25,0,23,28,6,9,0,55,58,0,0,0,58,0,0,0,0,0,0,0,0,0,0,0,0,0,06075035201,951900,43796,1901,398,174,17,0,8,16,47,23,0,06,075,035201,63,148,46,7,0,23,14,0,31,27,34,0,0,0,0,0,0,0,34,36,0,0,0,12,0,0,0,24,42461
4559,1693,1709,118590,1222100,211255,2585,217,3545,1375,356,134,06,075,035202,38,1883,262,620,610,1099,2659,52300,1709,56,7,20,87,16,65,50,17,37,72,129,164,245,102,321,321,264,0,0,62,13,42,19,11,117,63,0,0,10,8,20,10,0,15,77,0,0,0,0,0,0,20,57,0,0,0,0,0,0,0,0,0,06075035202,1001700,99912,1942,155,319,0,11,48,33,11,45,23,06,075,035202,148,77,0,20,0,9,13,14,0,21,99,0,0,0,0,0,21,27,51,0,0,0,0,0,0,0,0,0,41867
6922,1956,2551,163657,1299300,100966,3501,-333333333,5345,1518,967,231,06,075,035300,25,2871,1454,104,1898,653,3270,71605,2551,61,108,142,33,0,71,58,55,19,85,62,110,207,152,383,1005,28,0,0,0,0,0,28,0,0,76,6,0,0,0,0,0,0,70,5,1,0,0,0,0,4,0,0,20,20,0,0,0,0,0,0,0,06075035300,956300,46969,2183,410,215,0,11,34,16,0,0,83,06,075,035300,71,68,0,0,0,0,0,55,0,13,0,0,0,0,0,0,0,0,0,21,21,0,0,0,0,0,0,0,42353
7154,2331,2444,142540,1245400,126905,2551,445,5389,2190,526,178,06,075,035400,80,2472,1227,390,1945,499,2025,56180,2444,37,198,0,25,16,45,69,55,31,61,135,149,107,431,306,779,144,0,12,0,0,0,61,0,71,233,0,0,0,0,16,18,19,180,11,0,0,0,0,0,11,0,0,25,0,0,10,0,15,0,0,0,06075035400,991800,53703,1517,275,79,34,0,0,0,28,0,0,06,075,035400,17,184,90,16,0,0,21,0,0,57,32,0,0,0,0,16,0,0,16,73,0,0,24,0,49,0,0,0,45264
4277,1727,1677,143674,1525500,414817,2378,395,3336,1374,524,223,06,075,040100,57,1947,90,1153,722,955,2502,66048,1677,68,45,17,0,9,0,149,0,55,30,86,83,233,93,208,601,383,65,0,0,8,8,58,27,217,168,50,0,0,50,0,0,0,68,92,0,0,29,28,0,0,28,7,33,0,0,5,28,0,0,0,0,06075040100,1503800,400636,1910,145,382,35,14,8,0,43,72,41,06,075,040100,169,170,0,25,0,48,20,49,0,28,61,25,0,0,0,0,0,0,36,37,10,6,0,0,0,11,0,10,55365
4903,2262,2326,175978,1965600,452996,2641,297,4238,1798,575,210,06,075,040200,115,2596,165,1512,829,1497,2884,87409,2326,71,22,64,19,44,39,30,21,31,50,58,419,94,105,267,992,488,0,10,17,0,0,0,0,461,134,0,0,9,17,0,14,0,94,96,0,0,0,13,0,0,16,67,64,0,0,0,0,0,0,0,64,06075040200,1571400,508508,2137,222,265,50,14,19,4,32,20,10,06,075,040200,116,78,2,0,49,0,0,0,0,27,39,0,0,0,0,0,0,39,0,26,26,0,0,0,0,0,0,0,65129
3999,1685,1706,136458,1833300,671392,2251,251,3282,1308,571,160,06,075,042601,55,1983,157,1206,438,1268,2269,50795,1706,10,60,14,9,44,38,9,21,27,38,88,251,106,190,232,569,333,0,9,0,41,21,0,36,226,241,0,0,0,37,114,11,0,79,83,0,0,0,0,0,0,0,83,0,0,0,0,0,0,0,0,0,06075042601,1302600,411029,1877,171,225,8,25,24,49,0,48,8,06,075,042601,63,113,8,15,10,0,23,23,0,34,79,0,0,0,0,27,0,32,20,39,23,0,0,0,0,0,0,16,48851
3060,1353,1346,168667,1229500,658294,2608,238,2349,1058,576,174,06,075,042602,66,1591,93,1079,601,745,2759,95139,1346,13,49,0,39,9,0,25,54,42,11,27,95,101,132,215,534,234,0,0,0,7,30,42,0,155,117,0,9,0,0,12,23,39,34,0,0,0,0,0,0,0,0,0,0,0,0,0,0,0,0,0,0,06075042602,1503700,849362,2177,281,122,0,0,0,11,13,43,0,06,075,042602,55,70,0,0,0,16,21,0,0,33,71,18,0,0,0,0,10,9,34,5,5,0,0,0,0,0,0,0,72067
5365,1856,2594,119276,1382300,186880,2165,146,4383,1640,772,209,06,075,042700,70,2768,186,1058,685,1909,2190,61337,2594,95,97,141,48,59,78,17,74,100,82,179,176,185,235,423,605,460,21,4,77,0,0,78,94,186,131,4,0,0,0,0,0,0,127,15,0,0,0,0,0,0,0,15,63,0,0,63,0,0,0,0,0,06075042700,1216600,163654,1833,302,420,123,35,53,22,0,24,23,06,075,042700,140,117,4,24,0,0,0,13,8,68,98,0,14,0,54,11,8,0,11,37,0,0,37,0,0,0,0,0,50683
2419,1373,922,246635,2000001,-333333333,3292,699,1768,624,477,313,06,075,042800,47,1017,95,709,693,229,4001,114950,922,14,8,10,7,0,0,16,6,0,7,78,56,28,38,74,580,51,0,0,0,0,0,0,0,51,20,8,0,0,0,0,0,0,12,40,0,13,13,6,0,0,0,8,9,9,0,0,0,0,0,0,0,06075042800,2000001,-333333333,2484,425,85,0,0,0,0,7,0,0,06,075,042800,78,0,0,0,0,0,0,0,0,0,0,0,0,0,0,0,0,0,0,13,6,0,0,0,0,0,0,7,95098
4664,2602,1919,195893,1703800,191416,2701,322,3663,1534,829,234,06,075,045100,122,2164,143,1088,514,1405,2875,97308,1919,21,0,0,23,62,36,40,2,17,125,43,227,95,104,217,907,82,25,0,10,0,0,0,0,47,119,8,0,13,20,0,0,0,78,66,0,0,4,0,0,0,0,62,38,34,4,0,0,0,0,0,0,06075045100,1325000,451177,2189,144,261,10,0,27,0,2,93,0,06,075,045100,129,182,10,45,35,17,0,17,0,58,17,17,0,0,0,0,0,0,0,48,31,0,0,0,0,0,17,0,60867
5208,1868,2220,162289,1230100,428147,2771,371,4040,1735,671,125,06,075,047600,169,2538,92,1829,1002,1218,2760,70240,2220,29,33,32,3,91,0,16,33,55,37,105,163,175,179,376,893,402,0,0,35,35,36,17,23,256,80,0,5,9,0,9,16,0,41,0,0,0,0,0,0,0,0,0,18,0,18,0,0,0,0,0,0,06075047600,1348100,135924,2338,490,591,18,23,0,44,54,154,99,06,075,047600,199,83,0,0,0,0,0,15,22,46,12,12,0,0,0,0,0,0,0,42,7,20,15,0,0,0,0,0,55685
4742,1549,2008,116750,1623700,144592,2103,275,3660,1666,531,166,06,075,047701,113,2082,184,1091,840,1168,2448,69128,2008,139,58,18,23,21,69,28,8,82,121,114,180,184,148,138,677,223,19,0,0,0,13,52,0,139,125,0,8,0,8,45,36,0,28,63,9,0,0,0,0,0,25,29,7,0,0,0,0,0,7,0,0,06075047701,1159500,62120,1723,159,221,78,0,0,27,40,9,37,06,075,047701,30,102,14,51,0,0,8,8,0,21,108,31,0,0,36,0,0,41,0,34,10,7,0,0,0,0,9,8,43030
3441,1373,1592,119957,1638300,179353,2446,271,2843,1064,533,68,06,075,047702,53,1709,108,1084,617,975,2377,71602,1592,65,41,26,20,0,56,44,10,25,46,81,240,179,115,207,437,104,37,1,0,0,0,0,8,58,108,8,0,0,0,0,93,0,7,25,0,0,15,0,0,0,0,10,22,11,0,11,0,0,0,0,0,06075047702,1238900,110317,1721,267,45,0,0,10,8,0,14,0,06,075,047702,13,1,1,0,0,0,0,0,0,0,45,0,9,27,0,9,0,0,0,0,0,0,0,0,0,0,0,0,51411
4227,1824,1703,171120,1882500,214474,2563,571,3455,1533,671,225,06,075,047801,87,1810,178,1021,920,783,2823,77112,1703,21,0,8,34,39,47,18,9,34,123,56,183,103,61,178,789,227,0,20,28,0,0,21,7,151,101,0,0,0,0,0,10,5,86,26,0,0,0,0,0,10,16,0,34,0,0,10,0,0,0,0,24,06075047801,1243700,171253,2018,269,183,44,0,24,0,0,43,0,06,075,047801,72,24,0,0,0,0,0,12,12,0,0,0,0,0,0,0,0,0,0,22,0,0,0,0,22,0,0,0,51752
3897,1655,1465,133625,1501400,299598,2402,422,2857,1145,338,128,06,075,047802,76,1570,257,622,633,832,2312,61324,1465,64,51,7,16,21,25,38,29,19,0,113,173,119,143,131,516,61,0,0,0,0,14,0,9,38,78,0,0,0,0,11,29,0,38,5,0,5,0,0,0,0,0,0,0,0,0,0,0,0,0,0,0,06075047802,1469300,203096,1901,131,108,22,0,11,6,15,0,9,06,075,047802,45,191,44,12,26,37,38,27,7,0,18,0,9,0,0,0,0,0,9,16,16,0,0,0,0,0,0,0,48362
3327,1347,1517,126058,1498200,195829,2203,416,2835,924,554,201,06,075,047902,51,1710,197,937,790,727,2346,70882,1517,85,0,56,41,6,8,22,0,77,73,52,226,96,70,270,435,76,8,0,9,0,10,0,21,28,126,0,0,0,0,10,12,11,93,0,0,0,0,0,0,0,0,0,9,9,0,0,0,0,0,0,0,06075047902,1228700,114875,2142,147,209,22,24,20,9,8,22,24,06,075,047902,80,126,0,0,0,41,76,0,0,9,39,9,0,0,11,0,8,0,11,19,19,0,0,0,0,0,0,0,52992
3808,2081,1338,236190,-666666666,-222222222,3501,-333333333,2567,1262,725,134,06,075,060100,68,1427,81,585,0,1338,4001,80212,1338,0,11,14,22,0,0,0,16,0,19,152,9,105,86,129,775,520,10,5,7,0,28,83,35,352,84,0,0,0,7,39,11,9,18,48,0,0,0,8,0,24,0,16,0,0,0,0,0,0,0,0,0,06075060100,2000001,-333333333,3364,174,224,28,17,8,18,9,12,0,06,075,060100,132,177,0,0,16,25,9,61,14,52,156,37,34,8,43,25,0,0,9,52,7,0,0,19,0,14,0,12,62701
1818,678,1026,100583,1126300,110209,2304,133,1434,556,208,78,06,075,060400,134,1122,39,0,284,742,2356,60141,1026,53,0,42,54,12,65,10,7,50,60,57,96,186,61,93,180,95,0,0,46,6,17,0,0,26,129,12,0,11,44,0,23,0,39,38,0,0,0,0,0,0,0,38,0,0,0,0,0,0,0,0,0,06075060400,880000,99809,1765,86,78,0,0,5,26,32,0,0,06,075,060400,15,83,11,3,0,0,37,0,0,32,12,12,0,0,0,0,0,0,0,0,0,0,0,0,0,0,0,0,50223
3087,158,925,42548,1081300,88450,646,204,1973,267,17,18,06,075,060502,0,970,402,141,259,666,798,25638,925,161,65,32,52,23,102,27,26,31,36,13,114,55,31,51,106,208,44,25,25,30,23,27,0,34,36,0,6,0,0,11,10,0,9,16,0,0,0,0,0,0,0,16,17,17,0,0,0,0,0,0,0,06075060502,732500,83676,395,153,196,69,17,51,21,21,5,12,06,075,060502,0,13,0,0,0,13,0,0,0,0,10,0,0,0,0,0,0,0,10,5,5,0,0,0,0,0,0,0,17207
4558,527,1625,125327,988000,76266,2425,550,3592,781,312,20,06,075,061000,188,1775,236,384,1171,454,2799,55269,1625,67,9,18,25,17,11,0,8,118,165,131,151,87,104,206,508,5,5,0,0,0,0,0,0,0,110,0,15,0,0,10,33,0,52,47,5,0,0,0,4,0,4,34,7,0,7,0,0,0,0,0,0,06075061000,832500,50095,2895,900,95,0,2,3,0,8,12,0,06,075,061000,70,71,0,0,0,0,32,0,0,39,81,0,0,0,9,0,27,0,45,68,0,33,10,0,0,0,25,0,41471
4163,352,1153,117132,1049800,96433,1770,335,3306,474,252,70,06,075,061200,29,1283,132,740,526,627,2132,45824,1153,48,53,37,31,0,8,34,10,22,29,102,155,95,87,147,295,92,28,35,0,17,0,0,12,0,37,18,0,0,0,0,0,0,19,104,0,33,0,0,0,0,0,71,0,0,0,0,0,0,0,0,0,06075061200,759300,84832,1255,447,51,9,0,0,9,10,0,0,06,075,061200,23,37,1,0,36,0,0,0,0,0,24,0,24,0,0,0,0,0,0,10,0,0,0,0,0,10,0,0,27255
179,32,0,-666666666,-666666666,-222222222,-666666666,-222222222,179,30,17,0,06,075,980200,0,0,0,0,0,0,-666666666,-666666666,0,0,0,0,0,0,0,0,0,0,0,0,0,0,0,0,0,26,23,0,0,3,0,0,0,0,4,0,0,0,0,0,0,0,4,0,0,0,0,0,0,0,0,0,0,0,0,0,0,0,0,0,0,06075980200,857100,360193,2342,138,29,5,0,20,0,4,0,0,06,075,980200,0,5,0,0,0,0,5,0,0,0,7,0,0,0,0,0,0,0,7,6,6,0,0,0,0,0,0,0,-666666666
49,37,40,104333,-666666666,-222222222,2233,617,49,29,11,0,06,075,980300,0,40,0,24,0,40,2233,103083,40,0,0,0,0,0,0,0,9,0,0,0,0,19,5,4,3,15,0,0,0,0,0,0,0,15,0,0,0,0,0,0,0,0,0,5,0,0,0,0,0,0,0,5,9,0,0,0,0,4,5,0,0,06075980300,-666666666,-222222222,2225,1121,0,0,0,0,0,0,0,0,06,075,980300,0,9,0,0,0,4,0,0,0,5,4,0,0,4,0,0,0,0,0,0,0,0,0,0,0,0,0,0,84417
0,0,0,-666666666,-666666666,-222222222,-666666666,-222222222,0,0,0,0,06,075,980401,0,0,0,0,0,0,-666666666,-666666666,0,0,0,0,0,0,0,0,0,0,0,0,0,0,0,0,0,0,0,0,0,0,0,0,0,0,0,0,0,0,0,0,0,0,0,0,0,0,0,0,0,0,0,0,0,0,0,0,0,0,0,0,0,06075980401,-666666666,-222222222,-666666666,-222222222,0,0,0,0,0,0,0,0,06,075,980401,0,0,0,0,0,0,0,0,0,0,0,0,0,0,0,0,0,0,0,0,0,0,0,0,0,0,0,0,-666666666
155,0,123,13569,-666666666,-222222222,323,15,151,0,0,0,06,075,980501,0,123,0,4,0,123,323,13078,123,5,100,5,5,0,0,4,0,0,0,4,0,0,0,0,0,0,0,0,0,0,0,0,0,0,0,0,0,0,0,0,0,0,0,0,0,0,0,0,0,0,0,0,0,0,0,0,0,0,0,0,0,06075980501,708300,513073,280,23,6,0,0,0,6,0,0,0,06,075,980501,0,0,0,0,0,0,0,0,0,0,0,0,0,0,0,0,0,0,0,0,0,0,0,0,0,0,0,0,11773
1290,242,573,142321,819400,108943,2354,619,904,271,127,20,06,075,980600,23,629,0,0,351,222,3329,68456,573,18,18,0,33,0,5,6,14,6,33,49,6,61,56,89,179,47,18,7,0,0,0,0,0,22,113,35,12,0,0,17,9,7,33,39,0,0,0,0,0,0,5,34,7,0,0,0,0,0,7,0,0,06075980600,745100,135451,881,240,98,10,33,19,18,0,0,0,06,075,980600,18,10,0,0,0,0,0,5,0,5,12,0,0,0,0,0,0,0,12,0,0,0,0,0,0,0,0,0,40833
322,32,180,53800,-666666666,-222222222,1840,1721,265,112,13,13,06,075,980900,18,198,0,16,24,156,2654,53900,180,29,33,0,3,4,8,0,0,0,30,0,21,0,0,31,21,41,0,0,0,0,0,5,0,36,18,6,0,0,0,0,0,0,12,0,0,0,0,0,0,0,0,0,0,0,0,0,0,0,0,0,0,06075980900,-666666666,-222222222,2727,1249,5,0,0,0,0,0,0,5,06,075,980900,0,0,0,0,0,0,0,0,0,0,15,15,0,0,0,0,0,0,0,0,0,0,0,0,0,0,0,0,47292
0,0,0,-666666666,-666666666,-222222222,-666666666,-222222222,0,0,0,0,06,075,990100,0,0,0,0,0,0,-666666666,-666666666,0,0,0,0,0,0,0,0,0,0,0,0,0,0,0,0,0,0,0,0,0,0,0,0,0,0,0,0,0,0,0,0,0,0,0,0,0,0,0,0,0,0,0,0,0,0,0,0,0,0,0,0,0,06075990100,-666666666,-222222222,-666666666,-222222222,0,0,0,0,0,0,0,0,06,075,990100,0,0,0,0,0,0,0,0,0,0,0,0,0,0,0,0,0,0,0,0,0,0,0,0,0,0,0,0,-666666666
5070,1996,2031,152802,1142100,76924,2656,272,3670,1001,574,152,06,081,600100,198,2265,239,390,1262,769,2746,67440,2031,139,0,18,23,15,20,47,109,68,39,122,151,104,102,266,808,109,0,0,20,15,0,1,0,73,163,0,50,21,0,36,21,0,35,113,0,0,0,0,0,45,0,68,0,0,0,0,0,0,0,0,0,06081600100,867900,48758,1984,927,46,0,0,0,0,0,0,22,06,081,600100,24,81,18,0,2,19,0,0,0,42,20,0,0,0,0,0,0,20,0,0,0,0,0,0,0,0,0,0,60274
4155,68,1094,122917,1076100,45592,1548,251,3073,580,136,32,06,081,600200,23,1258,292,198,780,314,1913,49659,1094,48,18,21,8,16,9,30,32,13,76,45,115,131,112,136,284,16,0,0,0,0,8,0,0,8,28,10,0,0,9,0,0,0,9,0,0,0,0,0,0,0,0,0,18,9,0,9,0,0,0,0,0,06081600200,680400,42810,1975,298,114,0,0,0,77,10,8,0,06,081,600200,19,6,0,0,0,0,0,6,0,0,0,0,0,0,0,0,0,0,0,18,9,0,9,0,0,0,0,0,27434
4070,857,1396,128500,1136100,87036,3501,-333333333,3145,859,325,55,06,081,600300,80,1480,0,15,1013,383,3146,52925,1396,225,0,16,11,14,0,66,44,14,29,0,177,83,78,216,423,72,0,15,29,12,0,0,0,16,124,36,15,16,28,14,9,0,6,16,0,0,0,0,0,0,0,16,0,0,0,0,0,0,0,0,0,06081600300,815700,45124,2653,599,89,0,16,38,15,0,0,0,06,081,600300,20,49,0,0,24,0,12,0,0,13,0,0,0,0,0,0,0,0,0,0,0,0,0,0,0,0,0,0,45317
3391,367,1143,158949,946900,71060,2957,432,2633,898,256,89,06,081,600401,10,1202,67,25,827,316,2817,53422,1143,66,0,17,8,0,0,3,21,48,28,49,93,61,145,323,281,65,0,18,0,0,0,0,0,47,86,0,0,0,0,18,0,0,68,271,0,0,147,124,0,0,0,0,0,0,0,0,0,0,0,0,0,06081600401,642300,45177,2240,381,21,0,8,0,0,0,0,0,06,081,600401,13,71,6,0,26,0,39,0,0,0,0,0,0,0,0,0,0,0,0,0,0,0,0,0,0,0,0,0,34595
4615,351,1158,142250,937600,40665,2767,629,3558,805,61,25,06,081,600402,11,1328,175,732,963,195,2655,37763,1158,0,27,40,75,52,40,32,13,0,6,56,66,89,85,331,246,14,9,0,0,0,0,0,0,5,272,55,7,1,0,84,112,0,13,0,0,0,0,0,0,0,0,0,0,0,0,0,0,0,0,0,0,06081600402,749100,53373,2068,328,165,26,40,25,0,12,48,0,06,081,600402,14,165,17,21,4,10,57,0,0,56,9,0,0,0,9,0,0,0,0,6,0,0,0,6,0,0,0,0,31255
4863,154,1449,105088,987500,95338,2195,197,3860,968,170,13,06,081,600600,31,1710,357,330,543,906,2202,47500,1449,70,34,27,0,18,0,71,73,22,95,144,129,303,93,88,282,123,7,0,0,15,44,35,22,0,61,0,0,0,0,40,7,0,14,0,0,0,0,0,0,0,0,0,0,0,0,0,0,0,0,0,0,06081600600,753300,71023,2079,198,154,47,46,10,39,0,0,12,06,081,600600,0,59,10,14,7,22,0,0,0,6,0,0,0,0,0,0,0,0,0,69,20,11,0,31,7,0,0,0,32001
7861,1638,2470,91500,1119200,49766,2742,136,4916,1382,363,7,06,081,600800,38,3047,67,77,360,2110,2734,41208,2470,122,81,0,31,0,163,136,38,58,39,307,434,294,467,117,183,724,20,9,139,18,202,88,0,248,588,26,42,19,170,175,16,71,69,194,0,0,0,0,194,0,0,0,196,86,0,21,89,0,0,0,0,06081600800,871000,82317,2280,56,370,22,50,54,85,39,37,83,06,081,600800,0,772,181,34,208,58,158,14,0,119,219,27,0,0,0,75,18,13,86,44,0,0,0,0,0,0,0,44,32497
3994,1427,1384,147258,1269100,80966,3501,-333333333,2766,880,385,137,06,081,600900,40,1511,281,12,1087,297,3003,53298,1384,56,16,60,7,14,29,7,20,26,27,127,117,97,126,166,489,11,0,0,0,0,0,0,0,11,52,32,0,0,11,9,0,0,0,0,0,0,0,0,0,0,0,0,10,10,0,0,0,0,0,0,0,06081600900,959100,51924,2764,227,36,0,0,0,0,0,0,0,06,081,600900,36,138,20,40,0,14,9,21,12,22,15,8,0,7,0,0,0,0,0,0,0,0,0,0,0,0,0,0,44509
7415,1238,2274,122917,1155100,27019,2663,544,5276,1492,305,190,06,081,601000,0,2316,0,32,1941,333,3023,49370,2274,66,40,0,34,65,12,14,53,40,65,71,504,198,230,335,547,93,0,0,61,0,0,0,21,11,295,78,11,90,0,73,5,0,38,10,0,0,0,0,0,0,0,10,0,0,0,0,0,0,0,0,0,06081601000,807700,37312,2509,804,80,11,0,0,8,8,15,9,06,081,601000,29,267,148,12,7,12,15,36,0,37,0,0,0,0,0,0,0,0,0,20,0,8,0,0,0,0,0,12,40347
6197,904,1895,155637,1174500,36491,3501,-333333333,4378,1385,316,63,06,081,601100,111,2047,90,51,1570,325,2765,54933,1895,22,25,32,10,0,0,0,23,63,73,93,152,229,203,306,664,94,0,0,12,0,15,0,0,67,66,0,0,0,0,29,0,0,37,1,0,0,0,0,1,0,0,0,0,0,0,0,0,0,0,0,0,06081601100,852800,31300,3011,296,92,16,0,32,0,1,11,9,06,081,601100,23,121,44,0,0,0,35,9,0,33,20,8,0,0,12,0,0,0,0,8,0,8,0,0,0,0,0,0,45840
6706,1775,2101,155554,1208600,68233,2770,268,5118,1553,278,51,06,081,601200,135,2186,742,100,982,1119,2784,56832,2101,17,26,9,137,99,12,45,12,51,74,28,243,114,111,458,665,179,21,0,0,0,57,43,0,58,259,16,7,42,1,32,36,0,125,0,0,0,0,0,0,0,0,0,0,0,0,0,0,0,0,0,0,06081601200,786000,56245,1942,140,140,22,0,23,7,23,17,0,06,081,601200,48,191,56,29,0,8,75,0,0,23,14,0,14,0,0,0,0,0,0,0,0,0,0,0,0,0,0,0,34255
7102,667,2171,113801,1172100,54930,2690,334,5658,2091,228,204,06,081,601400,42,2372,69,13,1328,843,2630,47136,2171,33,27,51,60,0,9,0,96,16,212,251,154,338,301,290,333,145,0,0,0,16,46,31,0,52,45,12,0,33,0,0,0,0,0,44,0,0,0,0,0,0,13,31,0,0,0,0,0,0,0,0,0,06081601400,827000,39679,2658,763,166,0,0,0,0,0,0,0,06,081,601400,166,181,0,0,54,0,39,55,0,33,0,0,0,0,0,0,0,0,0,33,16,0,0,17,0,0,0,0,37894
4917,291,1456,178692,1150800,30187,2357,353,4015,1410,206,32,06,081,601501,8,1523,92,63,1305,151,2624,54205,1456,53,0,0,0,29,63,18,61,52,27,52,168,19,47,289,578,151,0,20,0,27,57,0,18,29,25,0,0,0,0,5,0,0,20,0,0,0,0,0,0,0,0,0,52,16,10,0,15,0,11,0,0,06081601501,835200,34843,2485,510,95,0,0,9,10,14,23,11,06,081,601501,28,96,0,0,7,8,42,17,0,22,0,0,0,0,0,0,0,0,0,19,8,11,0,0,0,0,0,0,37291
4995,431,1661,97465,1626700,217096,2386,124,3733,1044,137,111,06,081,601502,80,1917,36,68,335,1326,2405,38502,1661,155,48,10,37,42,46,112,38,55,61,100,149,152,136,306,214,382,65,94,28,0,122,8,0,65,274,7,17,44,5,123,25,0,53,39,14,0,0,0,13,0,0,12,66,0,0,66,0,0,0,0,0,06081601502,983700,137894,2137,102,281,67,36,56,35,42,0,14,06,081,601502,31,285,43,46,31,34,24,38,18,51,84,0,21,0,0,22,0,0,41,14,0,0,0,0,0,0,0,14,29641
2742,480,931,104750,324700,68501,1935,161,1955,565,117,23,06,081,601601,7,1039,43,31,610,321,1970,44222,931,31,10,16,9,51,15,3,29,9,36,123,93,135,94,102,175,127,8,12,11,17,34,9,14,22,24,16,0,0,0,0,0,8,0,0,0,0,0,0,0,0,0,0,0,0,0,0,0,0,0,0,0,06081601601,264600,31976,2030,262,131,19,0,15,24,24,20,19,06,081,601601,10,106,23,0,4,23,23,17,0,16,3,0,0,0,0,0,0,0,3,55,23,0,7,0,0,0,25,0,33689
6487,443,2077,111181,1142800,29684,3255,152,4884,1602,273,118,06,081,601603,32,2150,9,0,1271,806,2937,45135,2077,125,20,41,16,173,8,40,47,10,62,77,283,234,86,206,649,136,12,27,24,0,26,9,0,38,123,50,0,0,0,37,0,25,11,0,0,0,0,0,0,0,0,0,0,0,0,0,0,0,0,0,0,06081601603,838600,37018,2762,134,110,16,0,22,0,40,9,0,06,081,601603,23,570,75,126,75,183,20,31,27,33,58,11,13,0,0,0,0,0,34,0,0,0,0,0,0,0,0,0,37194
2431,437,1123,123316,633100,25771,2706,306,2079,836,193,6,06,081,601604,0,1315,0,17,712,411,2519,67289,1123,0,0,10,15,0,9,0,39,0,25,200,120,192,91,273,149,87,0,5,0,0,0,11,32,39,21,0,0,0,0,0,0,0,21,0,0,0,0,0,0,0,0,0,10,0,0,0,0,0,0,0,10,06081601604,483800,38871,2186,177,273,23,0,0,27,63,50,28,06,081,601604,82,64,0,9,13,10,21,0,0,11,21,0,0,0,0,0,0,0,21,22,0,0,0,10,0,0,0,12,47117
6016,416,1902,159539,1133400,81180,3188,733,4865,1441,237,68,06,081,601605,29,1930,22,38,1509,393,3118,51250,1902,15,33,100,54,23,81,29,17,46,53,83,101,164,103,360,640,76,18,0,2,29,0,26,0,1,194,56,68,0,0,13,0,0,57,0,0,0,0,0,0,0,0,0,15,0,0,9,6,0,0,0,0,06081601605,845300,32972,2747,310,170,32,1,12,56,46,0,0,06,081,601605,23,96,20,1,1,14,31,0,0,29,0,0,0,0,0,0,0,0,0,38,12,0,26,0,0,0,0,0,38556
4513,1144,1354,179737,1085000,44981,3006,329,3394,564,226,153,06,081,601700,74,1363,44,39,1203,151,2728,64444,1354,0,23,6,0,0,0,4,56,11,8,67,115,89,177,201,597,191,0,0,0,0,31,10,20,130,167,0,18,33,6,19,28,12,51,0,0,0,0,0,0,0,0,0,17,0,0,0,0,17,0,0,0,06081601700,857300,27236,2830,171,104,0,25,0,0,20,0,0,06,081,601700,59,50,16,0,0,0,0,0,0,34,14,14,0,0,0,0,0,0,0,0,0,0,0,0,0,0,0,0,50313
5969,1685,2186,142614,1338900,73087,3324,1300,4444,1313,436,48,06,081,601800,127,2308,419,44,1850,336,3713,60231,2186,101,0,0,32,59,39,39,12,0,67,316,159,105,223,341,693,51,0,0,0,0,0,0,0,51,174,1,0,6,0,67,0,0,100,0,0,0,0,0,0,0,0,0,0,0,0,0,0,0,0,0,0,06081601800,895700,39427,2857,289,238,0,0,23,75,21,23,77,06,081,601800,19,93,13,25,0,0,18,0,19,18,0,0,0,0,0,0,0,0,0,0,0,0,0,0,0,0,0,0,43183
3988,910,1236,102406,1240400,105935,2703,135,2719,627,218,25,06,081,601901,8,1345,58,51,881,355,2774,49015,1236,68,7,7,48,19,19,55,30,15,104,36,159,129,89,67,384,88,0,0,6,53,0,0,0,29,33,9,0,0,0,0,0,0,24,0,0,0,0,0,0,0,0,0,0,0,0,0,0,0,0,0,0,06081601901,914700,46226,1966,212,195,10,32,11,30,13,21,0,06,081,601901,78,30,14,0,1,5,10,0,0,0,10,0,0,0,0,0,0,0,10,0,0,0,0,0,0,0,0,0,35368
5467,1362,2141,148224,904200,87650,3113,180,4194,1640,367,145,06,081,601902,163,2229,96,55,864,1277,3012,71213,2141,56,46,13,15,20,51,36,38,98,0,20,223,297,220,341,667,471,106,8,53,0,109,18,12,165,181,0,0,36,0,16,0,0,129,310,12,0,24,24,0,137,0,113,22,0,0,0,0,0,0,22,0,06081601902,633400,56239,2307,304,226,0,13,0,0,13,23,0,06,081,601902,177,261,11,0,0,0,17,0,81,152,16,16,0,0,0,0,0,0,0,0,0,0,0,0,0,0,0,0,60007
3368,244,959,92083,1168100,59492,2303,152,2233,293,42,44,06,081,602100,23,1054,121,245,293,666,2266,38061,959,59,12,19,19,25,88,6,47,11,27,29,170,129,60,128,130,38,6,0,12,0,0,0,0,20,12,7,0,0,0,5,0,0,0,0,0,0,0,0,0,0,0,0,0,0,0,0,0,0,0,0,0,06081602100,796700,92499,1893,197,75,0,0,35,17,0,8,0,06,081,602100,15,47,9,0,6,9,7,10,0,6,28,0,0,6,6,0,5,5,6,8,8,0,0,0,0,0,0,0,27382
4294,272,1363,140804,1129100,37822,2806,525,2978,725,236,0,06,081,602300,81,1445,376,148,867,496,2967,48380,1363,33,22,101,19,12,12,26,46,19,62,20,84,174,72,218,443,320,90,125,4,83,0,0,18,0,39,14,5,0,11,0,0,0,9,36,4,0,0,0,0,0,0,32,5,0,5,0,0,0,0,0,0,06081602300,795700,76717,-666666666,-222222222,228,37,25,63,45,16,20,0,06,081,602300,22,161,38,74,10,8,0,13,0,18,13,0,0,0,13,0,0,0,0,37,27,0,10,0,0,0,0,0,32220
7522,2579,2725,123240,1213600,94035,2650,261,5548,1306,409,84,06,081,602400,43,2768,819,37,1529,1196,2625,49498,2725,108,137,90,69,43,53,38,34,24,52,192,383,174,197,500,631,525,4,0,101,14,140,44,59,163,106,11,0,10,0,11,35,0,39,247,0,0,0,112,14,106,0,15,0,0,0,0,0,0,0,0,0,06081602400,888700,30684,1675,340,512,130,0,36,55,72,0,89,06,081,602400,130,230,0,13,12,61,0,46,0,98,26,0,0,13,0,0,0,0,13,0,0,0,0,0,0,0,0,0,42885
5179,669,1469,157455,1260900,83596,3501,-333333333,4294,1443,381,187,06,081,602500,128,1548,7,45,1319,150,2805,47630,1469,50,17,12,0,16,39,40,14,44,36,80,118,107,71,227,598,26,14,0,0,0,0,0,0,12,209,14,0,58,29,16,0,2,90,9,0,0,0,0,0,0,0,9,13,0,0,0,0,0,13,0,0,06081602500,939500,45450,3371,486,147,26,30,6,7,0,27,0,06,081,602500,51,76,0,18,11,11,0,0,12,24,32,10,0,0,13,0,0,0,9,20,0,0,0,0,20,0,0,0,42661
5866,1373,1982,165232,1268000,61463,3103,397,4386,1644,339,103,06,081,602700,109,2027,46,0,1266,716,3143,60741,1982,40,65,54,6,31,18,15,67,37,90,160,109,124,114,449,603,141,14,0,12,23,14,12,0,66,198,0,10,0,86,18,13,0,71,48,0,14,0,0,34,0,0,0,0,0,0,0,0,0,0,0,0,06081602700,808100,54206,2696,403,170,9,9,0,20,9,21,0,06,081,602700,102,225,16,0,12,115,21,11,0,50,70,0,15,0,45,0,10,0,0,0,0,0,0,0,0,0,0,0,48991
4828,1071,1528,165000,1123800,29688,3250,259,3461,1042,247,132,06,081,602800,27,1572,0,11,1021,507,2560,55152,1528,33,7,17,30,12,10,18,36,79,52,96,86,86,85,278,603,99,11,0,0,33,16,0,28,11,87,9,0,6,6,0,0,11,55,0,0,0,0,0,0,0,0,0,6,0,0,0,0,6,0,0,0,06081602800,874400,24329,2632,336,4,0,0,0,0,0,0,0,06,081,602800,4,242,69,17,13,7,24,52,0,60,68,0,0,0,0,0,52,0,16,4,0,0,0,4,0,0,0,0,43327
3814,1588,1600,139891,1224800,110028,3346,273,3064,1205,454,56,06,081,602900,90,1671,255,85,886,714,3175,70757,1600,54,0,0,34,60,0,9,26,23,83,81,207,155,83,304,481,140,7,0,0,21,25,12,18,57,65,0,0,2,0,19,0,0,44,57,0,0,0,0,10,21,0,26,0,0,0,0,0,0,0,0,0,06081602900,867200,32938,2905,218,150,24,0,13,13,13,10,0,06,081,602900,77,134,0,11,18,28,20,13,0,44,138,0,0,18,0,17,25,0,78,0,0,0,0,0,0,0,0,0,59301
4506,2419,1969,152005,1212200,71544,2827,112,3529,1169,447,144,06,081,603000,75,2040,136,113,943,1026,2834,71538,1969,25,42,0,16,8,10,57,10,94,40,128,189,177,150,314,709,111,0,0,0,0,0,51,0,60,177,0,18,45,27,0,23,0,64,28,0,0,0,0,0,3,0,25,0,0,0,0,0,0,0,0,0,06081603000,891400,47891,2218,116,142,11,8,10,21,20,11,9,06,081,603000,52,175,11,21,23,10,10,0,10,90,37,8,0,10,0,0,0,0,19,24,0,24,0,0,0,0,0,0,54574
3357,1939,1153,214250,1228800,111244,3501,-333333333,2584,684,369,57,06,081,603100,54,1194,86,42,991,162,2806,71382,1153,0,53,0,14,9,25,2,19,30,16,46,68,92,47,81,651,26,0,12,0,9,0,5,0,0,14,0,0,0,0,0,0,0,14,0,0,0,0,0,0,0,0,0,0,0,0,0,0,0,0,0,0,06081603100,907900,27639,2946,673,29,0,0,0,0,7,0,7,06,081,603100,15,49,0,8,0,0,0,15,15,11,9,0,0,0,0,0,9,0,0,0,0,0,0,0,0,0,0,0,61231
3292,2120,1315,139519,1213400,58992,3477,940,2404,499,326,132,06,081,603200,82,1429,92,115,1025,290,2908,79235,1315,17,21,25,0,67,0,31,7,0,18,130,134,92,135,126,512,96,6,0,0,0,0,24,0,66,25,0,3,0,11,0,0,0,11,75,13,0,0,0,12,0,0,50,0,0,0,0,0,0,0,0,0,06081603200,859500,32011,2634,295,78,17,13,0,0,0,10,0,06,081,603200,38,97,39,0,0,9,0,13,0,36,21,0,0,0,0,21,0,0,0,18,0,8,0,0,0,10,0,0,53027
6408,4298,2400,148520,1242800,63138,2373,755,5039,1360,660,136,06,081,603300,199,2481,71,0,1817,583,3158,72845,2400,64,25,19,79,17,0,41,0,21,39,183,259,240,242,377,794,212,89,0,0,16,37,15,0,55,116,15,0,55,0,11,0,0,35,62,14,0,0,0,0,0,0,48,0,0,0,0,0,0,0,0,0,06081603300,902700,31077,1671,453,222,20,0,36,30,44,30,0,06,081,603300,62,53,0,14,20,0,0,0,0,19,66,37,0,29,0,0,0,0,0,0,0,0,0,0,0,0,0,0,52401
5469,3387,2035,133233,1197600,62194,3501,-333333333,3932,1041,545,186,06,081,603400,155,2195,0,22,1621,414,3409,66250,2035,30,36,26,0,14,57,69,30,39,66,189,187,216,105,302,669,102,0,0,0,23,0,21,0,58,99,15,0,15,21,0,0,11,37,25,0,0,0,0,25,0,0,0,17,0,0,0,0,17,0,0,0,06081603400,913600,32780,1710,344,333,0,10,99,55,38,73,16,06,081,603400,42,176,25,0,48,54,49,0,0,0,0,0,0,0,0,0,0,0,0,0,0,0,0,0,0,0,0,0,51655
5706,1721,1921,141917,1335600,75746,3501,-333333333,4326,1209,388,153,06,081,603700,73,1993,99,0,1510,411,3374,55717,1921,35,29,10,26,31,0,36,30,82,111,190,144,135,115,324,623,119,0,25,50,0,21,5,0,18,91,1,0,15,0,0,0,0,75,37,13,0,0,0,0,11,13,0,58,58,0,0,0,0,0,0,0,06081603700,964300,41729,3043,324,119,15,12,54,10,13,15,0,06,081,603700,0,156,7,75,1,10,19,0,0,44,14,0,0,0,0,0,14,0,0,57,57,0,0,0,0,0,0,0,47089
2057,606,1228,106129,642600,28488,2282,143,1872,678,153,126,06,081,603801,23,1269,0,8,885,343,2304,80786,1228,64,0,7,0,35,9,0,11,16,87,136,201,121,135,188,218,66,0,3,0,0,0,0,0,63,47,0,0,0,0,0,0,0,47,0,0,0,0,0,0,0,0,0,0,0,0,0,0,0,0,0,0,06081603801,504700,87094,1893,93,142,0,0,0,46,0,0,49,06,081,603801,47,140,0,0,0,12,12,36,0,80,40,0,0,0,0,1,1,0,38,14,0,0,0,0,0,14,0,0,55924
5619,2095,1958,144900,1436300,92444,3107,260,4014,1347,325,126,06,081,603802,28,2121,144,36,1387,571,2932,60429,1958,54,62,8,23,43,0,25,41,15,56,154,180,228,159,274,636,222,0,0,0,0,0,16,0,206,214,34,15,35,0,85,14,10,21,25,9,16,0,0,0,0,0,0,35,25,10,0,0,0,0,0,0,06081603802,1071200,42450,2614,184,119,15,0,13,0,0,9,10,06,081,603802,72,95,17,0,0,10,26,22,0,20,0,0,0,0,0,0,0,0,0,0,0,0,0,0,0,0,0,0,51863
5494,2553,2112,122273,1207500,147797,2934,324,4210,1658,402,206,06,081,603900,47,2301,246,433,1395,717,3003,66134,2112,0,0,0,19,14,157,66,41,54,78,125,374,188,212,146,638,136,0,0,19,117,0,0,0,0,313,0,0,0,0,145,0,0,168,46,0,34,0,0,0,0,0,12,0,0,0,0,0,0,0,0,0,06081603900,951400,77015,2770,92,143,0,47,48,0,14,0,0,06,081,603900,34,359,0,0,66,0,43,50,11,189,125,0,0,74,0,0,31,0,20,39,0,0,19,0,0,0,0,20,58125
3286,1541,1203,152448,1296800,89576,2817,724,2544,741,259,33,06,081,604000,29,1257,281,157,1001,202,3033,70795,1203,9,0,0,28,13,0,0,31,36,80,41,147,69,124,179,446,84,0,0,18,9,0,0,0,57,85,0,42,0,0,0,8,17,18,0,0,0,0,0,0,0,0,0,28,8,0,0,0,0,0,0,20,06081604000,937800,29817,3224,136,67,12,0,11,0,10,0,0,06,081,604000,34,167,21,0,28,24,0,53,12,29,0,0,0,0,0,0,0,0,0,25,14,0,0,0,0,0,0,11,62773
3091,614,1634,102391,632000,52389,2683,259,2639,880,441,39,06,081,604102,62,1760,47,0,358,1276,2517,66866,1634,93,46,29,27,39,50,20,2,43,122,141,183,112,114,212,401,472,12,0,70,0,0,128,80,182,269,0,0,0,0,36,38,5,190,108,0,0,0,9,27,48,0,24,43,23,0,0,0,0,10,0,10,06081604102,477200,66846,2365,269,197,26,9,0,58,52,9,0,06,081,604102,43,203,0,0,13,7,10,17,31,125,239,24,0,23,4,19,11,8,150,0,0,0,0,0,0,0,0,0,67806
3761,410,924,157105,997500,109429,2163,293,2618,503,126,44,06,081,604200,38,1117,306,79,742,182,2762,44135,924,13,0,13,14,0,19,0,17,0,69,36,96,66,103,195,283,124,23,0,0,11,12,0,0,78,14,0,0,0,0,0,14,0,0,0,0,0,0,0,0,0,0,0,0,0,0,0,0,0,0,0,0,06081604200,702300,52019,2136,122,110,11,0,0,12,15,41,0,06,081,604200,31,101,19,0,30,0,13,0,0,39,0,0,0,0,0,0,0,0,0,0,0,0,0,0,0,0,0,0,35800
5289,1474,1881,124189,1236000,102667,3183,254,3977,913,448,121,06,081,604400,66,2021,368,126,870,1011,3108,47039,1881,93,32,130,74,36,26,11,23,19,36,101,95,283,110,288,524,222,71,30,27,10,30,0,0,54,201,17,23,0,0,30,14,13,104,43,0,0,0,10,0,0,27,6,30,0,0,0,0,0,0,0,30,06081604400,956500,71576,2200,407,144,5,16,24,24,12,0,11,06,081,604400,52,169,18,0,0,9,28,21,0,93,91,9,0,10,0,0,20,0,52,51,0,0,0,0,0,18,0,33,41534
3515,1416,1310,158696,1871300,110817,2978,1063,2651,702,436,107,06,081,604500,116,1383,482,27,1087,223,2931,67319,1310,30,56,18,37,28,11,84,0,0,89,17,94,62,91,170,523,111,0,0,0,0,0,39,0,72,62,2,23,0,22,0,0,8,7,27,0,0,0,0,11,0,0,16,39,0,13,0,0,0,0,0,26,06081604500,1295200,118025,2713,820,174,37,6,39,0,8,9,0,06,081,604500,75,116,0,21,10,0,0,16,5,64,30,0,0,0,0,10,0,0,20,29,0,0,15,0,14,0,0,0,52935
2585,784,860,178750,2000001,-333333333,3501,-333333333,1870,534,251,77,06,081,604600,120,909,11,6,781,79,2880,78016,860,31,13,8,29,5,13,31,16,16,5,24,54,63,43,125,384,32,0,0,0,5,0,27,0,0,55,17,5,0,0,5,0,0,28,11,0,0,0,0,0,11,0,0,8,0,4,0,0,4,0,0,0,06081604600,1450700,114147,3501,-333333333,94,0,0,0,0,0,42,0,06,081,604600,52,58,6,8,0,0,3,6,0,35,0,0,0,0,0,0,0,0,0,0,0,0,0,0,0,0,0,0,60430
2891,833,940,224861,2000001,-333333333,3501,-333333333,2080,824,240,93,06,081,604700,74,981,209,20,771,169,4001,81738,940,0,15,11,11,0,16,23,18,17,41,23,46,40,21,107,551,21,0,0,0,8,0,0,0,13,24,6,0,0,0,6,0,4,8,30,0,6,0,0,0,0,0,24,0,0,0,0,0,0,0,0,0,06081604700,1597300,58891,2438,955,23,0,0,0,0,0,7,0,06,081,604700,16,43,8,8,20,0,3,0,0,4,21,0,7,0,0,0,0,0,14,17,0,0,0,0,0,0,0,17,67683
5165,1834,1829,160991,2000001,-333333333,3353,396,3995,1227,621,66,06,081,604800,178,2040,417,380,694,1135,3399,70512,1829,0,67,15,34,6,19,148,7,14,29,77,201,103,121,248,740,253,19,0,27,11,27,20,10,139,159,0,0,46,13,8,0,0,92,83,0,0,41,0,42,0,0,0,10,0,0,0,0,10,0,0,0,06081604800,1530300,90937,2528,164,376,34,24,43,23,116,0,12,06,081,604800,124,140,1,55,0,12,16,13,0,43,42,0,0,0,0,9,15,0,18,33,0,0,0,0,11,7,15,0,61351
3144,865,1178,136250,2000001,-333333333,3501,-333333333,2431,805,307,145,06,081,604900,114,1232,63,13,852,326,3697,68000,1178,27,3,4,0,24,6,24,0,15,105,76,136,141,73,144,400,157,0,8,13,17,0,8,0,111,44,0,8,8,0,0,0,0,28,3,0,0,0,3,0,0,0,0,0,0,0,0,0,0,0,0,0,06081604900,1691500,144750,2703,263,96,0,5,18,0,10,11,0,06,081,604900,52,64,0,0,13,0,0,0,0,51,33,0,0,22,11,0,0,0,0,13,13,0,0,0,0,0,0,0,61111
8159,3602,2866,216897,2000001,-333333333,2519,526,5624,1747,943,656,06,081,605000,351,3148,427,203,1740,1126,3286,96346,2866,120,21,0,35,30,58,0,0,21,69,73,436,136,153,199,1515,181,33,14,10,0,0,0,0,124,224,8,0,70,0,19,20,0,107,77,34,0,0,0,0,0,0,43,85,24,0,0,0,0,0,0,61,06081605000,1966300,141566,2405,155,270,66,17,13,0,42,0,0,06,081,605000,132,223,8,15,22,8,27,33,12,98,174,0,8,0,0,0,39,0,127,35,20,0,15,0,0,0,0,0,68724
2955,1484,1199,172841,2000001,-333333333,2426,213,2117,530,477,220,06,081,605100,153,1441,216,611,509,690,3085,78162,1199,17,42,13,0,49,5,39,4,32,60,57,58,124,60,202,437,120,0,0,24,0,11,0,0,85,104,24,0,20,0,19,0,0,41,22,0,0,0,0,16,0,0,6,17,0,0,0,0,0,4,13,0,06081605100,1405400,296824,1893,115,134,27,41,14,8,0,11,0,06,081,605100,33,74,0,12,8,16,0,14,0,24,69,14,14,0,11,0,0,0,30,27,11,0,0,16,0,0,0,0,62813
3653,2132,1391,211917,2000001,-333333333,2714,353,2609,894,536,419,06,081,605200,128,1456,177,815,1187,204,3822,107802,1391,0,0,8,17,7,9,78,38,0,23,22,97,94,122,160,716,46,0,0,0,0,10,18,0,18,99,0,5,4,0,0,29,13,48,59,0,0,15,0,0,0,44,0,0,0,0,0,0,0,0,0,0,06081605200,2000001,-333333333,2183,209,53,0,0,0,11,12,0,0,06,081,605200,30,46,0,1,9,0,6,0,0,30,16,0,0,8,8,0,0,0,0,0,0,0,0,0,0,0,0,0,76103
5059,2820,1928,167476,2000001,-333333333,2645,169,3436,1393,687,129,06,081,605300,118,2078,96,1034,1003,925,2883,100781,1928,45,43,36,37,46,0,18,20,0,38,108,83,192,162,283,817,224,0,0,30,10,0,0,0,184,245,0,0,0,25,0,0,8,212,23,23,0,0,0,0,0,0,0,7,0,0,0,0,0,0,0,7,06081605300,1765400,205342,2509,365,152,23,0,0,10,0,0,0,06,081,605300,119,193,20,15,0,0,10,21,21,106,61,26,0,15,0,8,0,0,12,5,0,0,0,5,0,0,0,0,72881
6420,3687,2740,166522,2000001,-333333333,3196,234,4954,1630,625,313,06,081,605400,270,3005,400,816,1296,1444,3175,82615,2740,101,20,0,0,48,21,0,59,197,17,198,110,239,223,541,966,347,13,0,0,48,33,0,16,237,212,33,0,54,24,0,0,0,101,119,51,0,11,0,0,0,0,57,37,0,0,0,0,0,0,0,37,06081605400,1694000,117508,2383,307,386,18,0,12,37,32,124,0,06,081,605400,163,215,54,17,0,18,0,0,0,126,206,22,21,0,0,30,19,12,102,45,0,0,0,0,19,0,0,26,72334
6148,3111,1794,250001,2000001,-333333333,3501,-333333333,3916,1409,977,630,06,081,605600,298,1887,93,186,1615,179,4001,108125,1794,32,35,0,8,17,46,3,10,18,49,50,40,46,50,112,1278,189,32,0,0,12,9,11,0,125,29,0,0,0,0,0,11,0,18,46,0,0,10,12,16,0,0,8,69,44,0,0,0,0,0,0,25,06081605600,2000001,-333333333,3501,-333333333,181,0,0,0,14,15,15,0,06,081,605600,137,62,0,12,0,0,0,0,0,50,27,17,0,0,0,0,0,0,10,31,11,0,0,0,0,0,0,20,92969
5009,2713,1766,250001,2000001,-333333333,-666666666,-222222222,3623,1329,884,504,06,081,605700,200,1927,119,298,1695,71,4001,102754,1766,33,10,9,19,0,0,0,0,7,10,17,177,144,70,63,1207,93,15,0,0,0,10,0,0,68,75,0,0,0,0,7,45,0,23,0,0,0,0,0,0,0,0,0,17,17,0,0,0,0,0,0,0,06081605700,2000001,-333333333,3135,805,134,37,0,32,0,7,0,0,06,081,605700,58,53,14,0,0,0,0,9,0,30,19,0,0,7,0,0,0,0,12,45,11,0,12,13,0,0,0,9,93824
2559,1880,938,206548,2000001,-333333333,3501,-333333333,1683,546,490,200,06,081,605800,52,970,143,411,654,284,4001,93906,938,0,8,0,12,43,15,13,0,15,9,26,36,42,154,69,496,72,8,8,0,10,0,7,6,33,46,0,0,0,8,0,0,6,32,26,0,0,0,0,0,0,0,26,0,0,0,0,0,0,0,0,0,06081605800,2000001,-333333333,2631,248,97,0,0,0,0,0,21,0,06,081,605800,76,101,0,0,10,12,31,12,23,13,18,9,0,0,0,0,0,0,9,42,15,14,0,13,0,0,0,0,82632
5299,1669,2412,106435,835800,44357,2566,527,3753,1287,766,29,06,081,606000,236,2519,265,77,1007,1405,2435,63094,2412,17,40,42,150,36,41,50,237,14,68,233,241,139,218,391,495,306,0,0,3,24,21,14,45,199,274,0,21,0,27,76,0,0,150,245,210,0,0,0,0,0,0,35,0,0,0,0,0,0,0,0,0,06081606000,645400,43319,2331,403,330,0,48,56,0,85,6,0,06,081,606000,135,253,30,0,15,15,46,59,16,72,52,0,0,27,0,0,0,0,25,13,0,13,0,0,0,0,0,0,40597
4922,985,1420,142105,1226700,83335,2708,201,3169,748,224,76,06,081,606100,25,1496,533,12,778,642,2770,40042,1420,118,25,6,82,6,0,16,84,35,51,52,86,58,164,267,370,273,13,0,23,0,147,20,0,70,83,24,3,34,0,14,8,0,0,39,25,0,9,0,5,0,0,0,11,0,0,0,0,2,0,0,9,06081606100,888500,67606,2222,333,342,3,5,45,34,169,14,0,06,081,606100,72,137,16,13,22,0,0,0,26,60,13,0,0,13,0,0,0,0,0,0,0,0,0,0,0,0,0,0,35287
3794,1413,1768,136250,1283100,168756,2845,216,2979,914,554,113,06,081,606300,215,1969,74,476,981,787,2827,81507,1768,91,20,15,9,27,54,16,18,10,60,115,232,157,106,282,556,199,37,9,25,26,10,9,30,53,237,0,0,0,0,57,5,0,175,17,0,0,0,0,0,0,0,17,0,0,0,0,0,0,0,0,0,06081606300,911200,89095,2232,208,137,16,0,0,11,19,25,0,06,081,606300,66,162,13,4,11,46,12,0,0,76,12,0,12,0,0,0,0,0,0,6,0,6,0,0,0,0,0,0,52151
4693,1953,2479,153102,1396300,665478,3171,325,3855,1347,1170,186,06,081,606400,143,2640,387,472,844,1635,3037,87557,2479,16,155,53,64,80,104,0,18,46,128,175,215,54,112,349,910,132,0,21,0,0,27,0,0,84,365,0,91,0,0,0,0,19,255,164,0,30,17,0,0,0,0,117,22,0,0,0,0,0,0,0,22,06081606400,1187300,77117,2570,231,174,36,0,19,0,0,16,43,06,081,606400,60,217,18,16,0,0,18,21,44,100,128,0,31,0,0,0,0,30,67,67,0,0,0,24,0,0,0,43,75420
3313,2227,1285,237188,2000001,-333333333,3501,-333333333,2379,876,674,193,06,081,606500,95,1382,311,555,1068,217,4001,112500,1285,27,9,0,0,0,0,19,21,26,75,37,9,110,69,176,707,237,10,12,0,0,0,82,0,133,166,0,1,6,0,0,11,0,148,52,0,0,15,0,9,0,10,18,34,0,8,0,0,13,0,0,13,06081606500,2000001,-333333333,3236,196,124,14,0,0,0,20,0,0,06,081,606500,90,14,0,0,0,0,0,7,7,0,63,0,13,0,10,0,0,0,40,22,10,0,0,0,12,0,0,0,126750
3682,2105,1472,191786,1977300,228444,3501,-333333333,2633,1041,547,95,06,081,606600,128,1527,355,404,918,554,3527,104811,1472,19,0,0,14,0,30,17,0,23,60,85,58,112,170,150,734,197,2,0,6,0,0,0,0,189,115,68,0,0,0,0,0,0,47,103,0,0,0,0,0,0,0,103,0,0,0,0,0,0,0,0,0,06081606600,1207300,64553,2241,99,194,38,0,11,8,28,8,11,06,081,606600,90,91,31,0,0,0,0,0,0,60,52,21,0,0,0,0,11,0,20,2,2,0,0,0,0,0,0,0,71213
2444,1294,947,179836,2000001,-333333333,3501,-333333333,1754,587,467,163,06,081,606700,71,963,156,37,707,240,3618,87303,947,22,0,5,5,11,0,37,18,12,42,89,42,45,41,142,436,146,24,0,0,0,5,21,9,87,162,23,0,0,0,61,0,0,78,31,0,0,0,0,0,13,0,18,0,0,0,0,0,0,0,0,0,06081606700,1621000,92034,2074,196,28,0,0,0,8,0,0,0,06,081,606700,20,21,0,0,0,0,0,6,0,15,0,0,0,0,0,0,0,0,0,7,0,0,7,0,0,0,0,0,80354
3610,1627,1277,199034,2000001,-333333333,3501,-333333333,2578,787,627,124,06,081,606800,196,1339,0,0,883,394,4001,99750,1277,49,0,0,0,0,32,6,10,16,27,29,92,25,126,235,630,63,0,0,6,1,0,0,0,56,47,0,0,1,0,0,21,10,15,0,0,0,0,0,0,0,0,0,0,0,0,0,0,0,0,0,0,06081606800,1687900,126224,2784,829,224,0,0,16,13,15,20,0,06,081,606800,160,34,19,0,0,1,0,0,0,14,15,0,0,15,0,0,0,0,0,0,0,0,0,0,0,0,0,0,87480
2607,1370,868,250001,2000001,-333333333,3501,-333333333,1908,653,454,173,06,081,606900,161,902,0,0,717,151,3955,90833,868,23,0,0,0,17,7,0,10,18,15,27,46,69,68,51,517,53,0,0,0,11,0,8,0,34,50,11,0,0,0,0,0,0,39,74,74,0,0,0,0,0,0,0,16,0,0,0,0,0,0,0,16,06081606900,1717100,64547,2346,114,116,55,11,0,10,0,3,6,06,081,606900,31,69,39,0,2,28,0,0,0,0,30,0,8,0,10,2,0,0,10,9,0,0,0,0,9,0,0,0,69205
3377,1569,1370,225326,2000001,-333333333,2713,212,2492,823,478,170,06,081,607000,210,1477,0,42,922,448,3108,110000,1370,7,0,10,0,23,9,28,16,19,118,55,75,119,109,70,712,95,0,9,0,8,0,9,0,69,47,0,0,0,0,0,11,0,36,0,0,0,0,0,0,0,0,0,10,0,0,10,0,0,0,0,0,06081607000,1603400,41669,2421,332,74,3,0,38,0,0,0,0,06,081,607000,33,75,0,19,43,0,0,0,0,13,52,12,0,0,0,0,0,0,40,0,0,0,0,0,0,0,0,0,70000
2797,1675,1006,250001,2000001,-333333333,3501,-333333333,2088,790,548,34,06,081,607100,89,1100,201,75,788,218,4001,91528,1006,37,6,0,0,18,7,11,23,42,13,25,52,32,60,55,625,119,0,0,0,0,13,8,0,98,18,10,0,0,0,8,0,0,0,191,7,0,0,0,94,0,0,90,22,0,0,0,0,0,0,0,22,06081607100,1492600,105046,2830,562,174,7,0,15,0,9,7,0,06,081,607100,136,155,14,0,0,0,12,8,0,121,17,9,0,0,0,0,0,0,8,28,0,0,0,0,0,0,0,28,98214
4629,1024,1650,122000,1782800,152703,3028,202,2977,799,355,61,06,081,607200,82,1835,499,125,503,1147,3095,46538,1650,149,26,9,15,5,45,45,37,63,7,192,142,150,142,158,465,372,57,15,39,0,44,23,63,131,29,0,0,0,0,0,0,0,29,28,0,0,0,0,0,28,0,0,104,104,0,0,0,0,0,0,0,06081607200,1049000,149036,2544,165,537,8,55,83,118,41,117,3,06,081,607200,112,145,7,0,44,20,25,10,23,16,143,0,0,9,23,21,11,20,59,13,13,0,0,0,0,0,0,0,43298
3939,2059,1251,250001,2000001,-333333333,3501,-333333333,2706,980,507,211,06,081,607300,125,1312,560,33,1078,173,4001,94344,1251,15,0,0,46,38,0,20,0,0,17,16,95,50,46,77,831,208,8,0,43,0,15,0,0,142,83,63,0,0,0,0,0,0,20,14,0,0,0,0,0,0,0,14,10,0,10,0,0,0,0,0,0,06081607300,1428300,92126,3292,486,115,35,0,0,10,0,14,0,06,081,607300,56,34,0,0,0,10,0,13,0,11,0,0,0,0,0,0,0,0,0,20,9,0,0,0,11,0,0,0,70263
4749,2388,1997,147933,1375000,510170,2470,570,3743,1152,771,125,06,081,607400,289,2148,145,318,894,1103,2876,73819,1997,16,63,66,226,43,64,14,25,59,0,169,74,72,129,244,733,257,25,15,11,0,26,41,14,125,353,39,0,194,0,0,0,29,91,104,0,0,25,0,0,30,0,49,27,18,0,0,0,0,0,0,9,06081607400,1231000,120859,2213,211,221,11,19,80,10,33,4,0,06,081,607400,64,310,64,0,0,60,0,27,28,131,70,12,0,20,0,0,0,0,38,20,0,10,0,0,0,0,0,10,48384
6298,1632,2543,219063,1634700,73271,3501,-333333333,4636,1640,933,206,06,081,607500,275,2758,56,40,815,1728,3880,106637,2543,103,49,0,0,10,70,28,60,21,35,75,166,86,235,206,1399,466,32,16,13,62,34,12,35,262,469,8,25,19,23,12,16,13,353,341,47,13,0,0,49,40,0,192,102,0,24,0,0,0,0,11,67,06081607500,1191400,95145,3014,224,339,18,0,15,0,15,50,27,06,081,607500,214,399,29,31,47,47,18,41,34,152,203,0,0,0,0,22,0,0,181,78,21,18,0,0,9,0,0,30,71283
4352,1530,1847,124156,1536900,139588,2660,368,3126,824,684,115,06,081,607600,113,1953,520,83,731,1116,2687,81439,1847,73,24,7,28,22,38,0,72,30,14,112,289,228,193,112,605,240,11,32,2,0,7,6,10,172,204,9,16,13,9,0,0,11,146,139,0,0,0,11,0,0,0,128,14,0,4,0,0,0,10,0,0,06081607600,1126500,39891,2089,239,380,27,37,37,0,83,24,12,06,081,607600,160,141,22,16,15,13,14,26,10,25,0,0,0,0,0,0,0,0,0,0,0,0,0,0,0,0,0,0,68854
4472,1165,1411,150875,1230800,108899,3280,289,3468,926,530,133,06,081,607701,93,1458,195,0,866,545,3377,49601,1411,22,9,10,45,67,22,9,31,67,42,65,114,141,51,247,469,99,12,1,0,0,39,0,0,47,194,28,10,64,0,0,0,29,63,26,26,0,0,0,0,0,0,0,0,0,0,0,0,0,0,0,0,06081607701,847700,38874,3007,248,153,30,0,0,45,0,0,0,06,081,607701,78,95,0,20,6,15,0,0,0,54,91,0,0,0,9,0,49,0,33,50,22,0,0,0,11,0,0,17,32743
3038,814,807,150987,1232100,68906,3501,-333333333,2341,352,123,20,06,081,607702,56,840,80,8,648,159,3731,46725,807,15,45,17,8,27,6,8,4,8,0,70,50,52,86,166,245,86,0,17,0,0,15,28,0,26,59,9,0,5,0,26,0,0,19,10,0,0,0,0,0,0,0,10,2,2,0,0,0,0,0,0,0,06081607702,899300,42461,3501,-333333333,159,17,24,0,27,9,18,4,06,081,607702,60,72,36,16,8,9,0,0,0,3,5,0,0,5,0,0,0,0,0,43,0,9,17,0,9,0,0,8,33981
3564,1389,1139,212934,1387400,57332,3501,-333333333,2837,851,227,117,06,081,607800,205,1153,20,0,1060,79,3366,64662,1139,25,0,0,48,0,0,0,35,41,21,27,91,62,48,138,603,151,0,10,12,50,9,0,0,70,155,0,9,0,0,26,0,0,120,23,0,13,0,0,5,0,0,5,0,0,0,0,0,0,0,0,0,06081607800,1035100,39905,3224,191,90,0,0,0,6,0,20,7,06,081,607800,57,70,13,0,0,0,11,5,18,23,18,0,18,0,0,0,0,0,0,0,0,0,0,0,0,0,0,0,48529
2986,1472,1718,139853,1090900,48012,3501,-333333333,2479,1123,597,122,06,081,607900,111,1758,0,27,865,853,3618,111359,1718,46,81,40,31,42,16,40,22,36,58,84,138,114,166,294,510,117,0,0,0,0,33,8,15,61,113,0,27,0,0,0,39,0,47,66,13,8,0,11,5,10,0,19,0,0,0,0,0,0,0,0,0,06081607900,842500,39510,3160,111,223,8,11,0,0,27,46,9,06,081,607900,122,152,0,0,20,0,20,31,0,81,48,0,0,18,0,15,0,0,15,67,0,0,11,0,9,18,0,29,66831
3539,1587,1435,195050,1252900,340014,3473,282,2643,1065,610,81,06,081,608001,283,1509,22,15,587,848,3451,103452,1435,22,78,0,21,8,0,49,13,36,48,54,54,71,117,171,693,346,12,13,0,8,10,9,52,242,102,0,0,0,0,28,0,11,63,57,0,0,0,0,34,0,0,23,74,17,0,0,0,49,8,0,0,06081608001,1004400,101682,2998,117,270,0,13,24,8,30,43,11,06,081,608001,141,139,16,0,11,19,20,12,7,54,101,0,0,20,20,0,10,0,51,128,79,0,0,10,0,0,0,39,80343
3539,1290,1300,226429,1761000,117177,3501,-333333333,2585,742,846,100,06,081,608002,267,1335,0,0,1048,252,3813,91750,1300,29,0,22,0,0,33,24,8,20,43,128,39,47,40,115,752,48,10,0,0,0,0,0,0,38,39,7,0,0,0,0,9,0,23,70,13,0,0,0,0,0,0,57,15,0,0,0,0,15,0,0,0,06081608002,1277400,105178,3390,194,112,26,0,0,15,8,0,0,06,081,608002,63,90,12,0,0,0,20,13,0,45,49,0,0,0,1,0,1,0,47,24,5,0,0,0,0,0,6,13,84000
3778,1161,1379,164141,2000001,-333333333,3501,-333333333,2878,1107,608,120,06,081,608013,257,1447,0,53,744,635,4001,83242,1379,60,0,0,14,21,0,17,47,16,27,37,135,79,126,221,579,395,38,36,7,0,9,33,9,263,143,0,17,0,0,0,0,30,96,39,0,5,0,0,7,6,7,14,18,0,0,0,0,0,0,0,18,06081608013,1308100,177396,3501,-333333333,370,18,14,17,0,19,25,22,06,081,608013,255,110,0,4,16,0,9,0,0,81,14,0,0,0,0,14,0,0,0,33,10,0,0,0,0,9,14,0,82237
2288,830,784,246750,2000001,-333333333,3501,-333333333,1674,591,386,48,06,081,608023,224,831,7,0,672,112,3766,87667,784,8,5,0,0,0,0,0,4,13,14,41,77,46,55,72,449,119,34,0,32,0,0,0,24,29,33,0,0,0,0,0,23,0,10,55,8,0,0,11,0,0,0,36,0,0,0,0,0,0,0,0,0,06081608023,1650200,90522,3501,-333333333,54,0,0,0,9,0,0,7,06,081,608023,38,0,0,0,0,0,0,0,0,0,27,8,0,0,0,7,0,0,12,17,5,0,0,5,0,0,0,7,73393
3364,769,1264,218125,1666400,102456,3459,373,2505,804,799,30,06,081,608100,214,1304,0,0,877,387,3607,109340,1264,28,9,0,0,0,4,23,18,6,6,52,66,87,51,228,686,155,0,0,11,0,23,6,0,115,68,0,0,0,0,0,0,16,52,109,0,0,0,0,7,20,0,82,23,0,10,0,0,0,0,0,13,06081608100,1104400,103783,2513,246,197,24,0,17,0,35,10,0,06,081,608100,111,51,0,13,0,0,0,0,0,38,16,0,0,0,0,0,0,0,16,44,0,0,0,0,10,15,0,19,76268
3760,1104,1437,181625,1760800,142867,3501,-333333333,2676,701,671,106,06,081,608200,217,1450,18,45,793,644,4001,103684,1437,7,6,0,6,75,18,17,0,19,6,63,115,72,154,175,704,169,8,5,3,0,8,11,0,134,48,0,0,0,0,0,27,0,21,19,0,0,0,0,0,0,0,19,0,0,0,0,0,0,0,0,0,06081608200,1470200,169358,3198,134,268,11,0,70,38,0,24,0,06,081,608200,125,80,0,0,0,0,11,23,0,46,170,14,0,0,0,0,21,31,104,32,0,0,9,0,0,0,0,23,74730
3234,710,1355,200417,2000001,-333333333,3174,129,2364,761,798,12,06,081,608300,208,1392,0,0,684,671,3266,118164,1355,22,14,0,12,0,53,10,0,0,20,18,124,85,102,212,683,142,3,0,0,38,18,0,20,63,178,33,1,11,0,8,0,0,125,56,13,0,0,0,0,12,0,31,0,0,0,0,0,0,0,0,0,06081608300,1569700,72942,2862,104,286,40,0,35,50,8,0,0,06,081,608300,153,77,11,0,0,0,13,0,9,44,75,14,0,0,7,9,7,0,38,26,0,0,0,0,0,0,0,26,83935
4938,1833,2018,158208,1272100,597046,3473,267,3883,1517,731,15,06,081,608400,193,2282,22,17,721,1297,3447,75226,2018,148,0,0,0,0,40,38,33,37,94,76,63,281,137,268,803,397,2,0,46,0,76,67,13,193,764,121,0,0,10,124,184,0,325,215,41,0,0,17,35,14,0,108,0,0,0,0,0,0,0,0,0,06081608400,843300,81364,2927,160,614,100,63,133,143,59,15,19,06,081,608400,82,401,1,0,20,0,115,0,38,227,265,26,0,15,34,17,17,86,70,295,157,0,57,47,0,0,0,34,54654
5038,1721,1623,173345,1740100,87426,2606,948,3672,1012,529,141,06,081,608501,75,1807,604,34,944,679,2894,62101,1623,30,6,9,37,0,35,23,20,68,29,53,111,126,130,372,574,170,0,23,0,0,0,0,9,138,130,19,0,0,12,12,10,0,77,10,0,0,0,0,0,0,0,10,15,11,0,0,0,0,0,0,4,06081608501,1164200,65512,2185,373,153,16,8,8,23,0,10,0,06,081,608501,88,91,0,0,0,0,20,14,0,57,58,10,0,14,0,0,0,0,34,8,0,0,8,0,0,0,0,0,54185
2539,934,1139,137072,1191500,543139,3209,217,2124,897,408,81,06,081,608502,20,1174,3,10,621,518,2927,72006,1139,97,7,0,7,22,11,0,0,0,110,54,55,149,113,186,328,115,7,0,12,0,0,0,19,77,95,17,0,0,0,0,21,0,57,23,0,0,0,0,0,0,0,23,0,0,0,0,0,0,0,0,0,06081608502,875000,135654,2712,97,127,10,11,11,15,11,26,0,06,081,608502,43,171,31,24,0,0,9,23,22,62,46,0,0,0,12,0,0,0,34,66,29,0,37,0,0,0,0,0,73630
4666,1939,1953,142875,1622700,164208,2872,429,3408,1067,503,143,06,081,608600,149,2010,142,11,627,1326,2974,79500,1953,65,0,157,69,27,10,26,29,51,76,112,95,191,160,218,667,334,30,19,43,10,68,0,50,114,112,13,0,21,0,0,24,0,54,44,0,0,0,9,0,12,0,23,10,0,0,10,0,0,0,0,0,06081608600,1143900,66953,2480,143,270,13,0,40,25,0,15,11,06,081,608600,166,219,2,0,0,12,13,0,37,155,77,12,14,0,12,0,39,0,0,52,0,0,11,0,0,11,0,30,72656
7101,3403,2738,231400,2000001,-333333333,2775,272,4990,1865,1365,211,06,081,608700,261,2963,353,194,1869,869,3841,130586,2738,44,27,12,73,38,0,42,10,0,79,131,109,98,146,347,1582,242,53,12,21,0,0,34,11,111,217,23,0,0,0,0,0,0,194,92,20,0,17,0,0,9,0,46,27,3,0,0,0,0,0,24,0,06081608700,1491300,117615,2160,305,178,23,17,0,0,21,13,0,06,081,608700,104,220,81,0,0,0,0,0,0,139,116,21,5,18,0,17,0,0,55,18,0,0,0,0,0,18,0,0,64048
6050,3123,2024,250001,2000001,-333333333,3501,-333333333,4151,1443,1182,180,06,081,608800,329,2174,114,33,1811,213,4001,118118,2024,0,6,11,0,12,0,21,0,44,14,17,76,100,129,158,1436,308,0,0,16,0,0,21,15,256,214,0,12,0,0,0,0,0,202,0,0,0,0,0,0,0,0,0,0,0,0,0,0,0,0,0,0,06081608800,1583300,59105,1845,1580,211,22,20,0,14,0,14,0,06,081,608800,141,129,0,47,0,0,0,0,23,59,0,0,0,0,0,0,0,0,0,0,0,0,0,0,0,0,0,0,91589
7181,3144,2950,189211,2000001,-333333333,3001,218,5323,1839,1330,162,06,081,608900,470,3165,53,19,1046,1904,3125,100708,2950,123,126,107,58,26,47,74,0,0,14,138,196,242,112,309,1378,512,50,0,70,26,16,0,27,323,344,22,0,101,14,0,0,17,190,99,0,0,0,0,0,0,0,99,0,0,0,0,0,0,0,0,0,06081608900,1670900,132041,2382,121,617,132,0,128,62,17,30,0,06,081,608900,248,109,0,39,2,0,0,0,0,68,92,21,0,0,0,0,19,0,52,61,0,22,0,21,18,0,0,0,77714
2786,1287,966,172571,2000001,-333333333,2112,209,2026,764,319,76,06,081,609000,123,1018,142,80,636,330,3169,77371,966,65,37,0,10,85,0,20,28,17,8,59,25,47,64,79,422,160,21,11,10,0,0,0,0,118,105,20,5,15,0,0,0,0,65,0,0,0,0,0,0,0,0,0,0,0,0,0,0,0,0,0,0,06081609000,1589300,87653,1880,318,38,6,4,0,0,0,0,0,06,081,609000,28,70,18,9,6,11,0,0,14,12,3,0,3,0,0,0,0,0,0,24,24,0,0,0,0,0,0,0,60417
1570,711,559,224219,1622500,73360,3194,1501,1123,325,196,59,06,081,609100,41,606,294,50,398,161,2862,95521,559,19,0,9,0,20,25,0,22,6,17,20,53,22,29,32,285,135,39,0,0,0,0,0,0,96,10,0,0,1,5,0,0,0,4,3,0,0,0,0,3,0,0,0,0,0,0,0,0,0,0,0,0,06081609100,1143000,69100,1884,221,22,0,0,0,7,0,5,0,06,081,609100,10,25,6,5,5,0,0,0,0,9,20,0,20,0,0,0,0,0,0,0,0,0,0,0,0,0,0,0,53824
3494,2105,1414,185804,2000001,-333333333,2709,496,2623,1008,463,56,06,081,609201,145,1529,308,200,794,620,2775,101065,1414,15,6,0,20,51,23,37,27,24,39,66,52,138,134,178,604,227,1,0,0,0,0,13,28,185,141,0,0,10,24,12,8,21,66,23,0,0,0,0,0,23,0,0,10,0,0,0,0,10,0,0,0,06081609201,1473100,123476,2208,138,125,9,0,0,7,1,20,10,06,081,609201,78,141,0,17,16,0,0,0,0,108,32,11,0,0,0,0,0,0,21,12,12,0,0,0,0,0,0,0,86583
5030,2398,2202,168295,2000001,-333333333,2615,178,3811,1052,776,151,06,081,609202,259,2321,226,131,709,1493,2812,105144,2202,76,11,8,76,16,0,0,72,19,24,66,123,364,192,182,973,374,0,19,6,22,45,26,20,236,59,21,0,16,0,0,0,0,22,28,0,0,0,0,0,0,0,28,27,15,0,12,0,0,0,0,0,06081609202,1156300,81375,2136,118,308,31,31,37,36,25,38,11,06,081,609202,99,233,26,0,63,35,0,46,0,63,133,0,8,9,11,54,26,0,25,38,14,0,13,11,0,0,0,0,54297
3423,2067,1156,243214,2000001,-333333333,3501,-333333333,2234,640,485,204,06,081,609300,223,1220,616,142,932,224,4001,104515,1156,0,8,0,31,8,30,30,9,0,59,45,42,95,32,54,713,182,0,0,0,0,0,0,0,182,0,0,0,0,0,0,0,0,0,8,0,0,0,0,0,0,8,0,0,0,0,0,0,0,0,0,0,06081609300,1738600,124701,2952,711,28,0,0,0,0,0,0,0,06,081,609300,28,67,11,0,9,0,0,15,0,32,37,0,0,25,0,0,0,0,12,41,11,0,8,0,0,0,0,22,80550
3414,2065,1051,250001,2000001,-333333333,3501,-333333333,2099,737,397,188,06,081,609400,271,1148,524,89,920,131,4001,107091,1051,4,8,0,0,0,13,20,0,11,9,30,11,31,53,151,710,6,6,0,0,0,0,0,0,0,126,0,0,27,27,20,0,0,52,45,0,9,0,0,0,0,0,36,0,0,0,0,0,0,0,0,0,06081609400,1889800,211100,3262,399,42,0,3,2,0,5,9,0,06,081,609400,23,68,0,0,2,21,4,0,0,41,27,0,0,0,0,0,0,0,27,0,0,0,0,0,0,0,0,0,98542
4971,2804,1683,250001,2000001,-333333333,2684,1356,3381,976,835,312,06,081,609500,299,1733,194,155,1420,263,4001,101853,1683,18,0,8,7,17,0,9,18,9,84,103,58,83,49,169,1051,135,12,0,8,7,0,25,0,83,52,0,0,27,0,0,0,0,25,0,0,0,0,0,0,0,0,0,52,19,0,0,0,0,17,0,16,06081609500,1675900,63683,2734,896,65,14,0,0,0,0,0,0,06,081,609500,51,41,0,0,0,0,0,9,0,32,0,0,0,0,0,0,0,0,0,58,15,32,11,0,0,0,0,0,106179
3609,2189,1235,250001,2000001,-333333333,2888,603,2389,595,558,301,06,081,609601,237,1281,19,22,940,295,4001,108256,1235,67,15,0,0,6,12,0,17,12,43,0,59,68,146,95,695,233,0,0,12,21,48,56,25,71,76,29,20,0,3,0,0,0,24,38,1,0,0,0,6,2,0,29,0,0,0,0,0,0,0,0,0,06081609601,1901500,131812,2689,228,171,0,0,9,11,23,0,13,06,081,609601,115,140,8,17,0,0,0,0,0,115,24,0,0,0,11,0,0,13,0,15,15,0,0,0,0,0,0,0,108202
1750,927,609,250001,2000001,-333333333,3501,-333333333,1270,365,321,102,06,081,609602,146,623,31,10,496,113,4001,128636,609,9,0,0,12,0,4,0,4,10,11,10,7,34,26,77,405,79,8,0,0,7,0,0,0,64,38,0,0,0,0,0,0,0,38,0,0,0,0,0,0,0,0,0,0,0,0,0,0,0,0,0,0,06081609602,1646000,82475,2410,424,39,0,0,0,0,0,0,0,06,081,609602,39,49,7,0,11,0,0,0,0,31,20,0,0,0,0,0,0,10,10,15,0,0,0,5,10,0,0,0,78529
4580,3230,1746,250001,2000001,-333333333,3501,-333333333,3572,1208,691,218,06,081,609603,429,1933,120,97,1485,261,4001,102616,1746,14,0,0,0,0,21,12,20,9,91,42,117,39,51,144,1186,249,0,25,0,0,0,14,0,210,28,28,0,0,0,0,0,0,0,131,0,0,20,49,0,62,0,0,0,0,0,0,0,0,0,0,0,06081609603,1690100,127187,2829,426,304,31,15,30,13,16,0,0,06,081,609603,199,250,56,0,56,0,55,0,0,83,47,0,0,16,0,0,0,0,31,0,0,0,0,0,0,0,0,0,85411
4596,3272,1685,250001,2000001,-333333333,3501,-333333333,3412,1154,969,261,06,081,609700,192,1751,190,133,1561,124,4001,129333,1685,20,8,8,18,13,0,8,7,0,65,10,72,22,47,170,1217,48,0,0,13,0,21,0,0,14,205,16,0,0,0,0,0,0,189,46,5,0,0,7,11,0,0,23,29,0,0,0,0,0,29,0,0,06081609700,1956600,154895,3320,665,104,11,0,0,10,2,9,0,06,081,609700,72,150,56,0,16,0,0,0,0,78,53,0,0,38,0,0,15,0,0,0,0,0,0,0,0,0,0,0,84038
4504,2442,1687,220625,2000001,-333333333,3501,-333333333,3252,1076,638,142,06,081,609800,247,1764,398,140,1424,263,3934,100060,1687,41,37,0,7,27,75,18,9,0,22,28,143,73,51,210,946,151,0,0,8,0,9,12,47,75,136,1,5,0,46,6,0,0,78,9,0,0,0,0,0,0,0,9,0,0,0,0,0,0,0,0,0,06081609800,1422400,176674,1908,222,163,26,25,1,40,0,28,0,06,081,609800,43,72,7,0,0,15,0,0,0,50,69,18,16,0,0,12,14,0,9,0,0,0,0,0,0,0,0,0,50378
2971,2039,1079,250001,2000001,-333333333,3501,-333333333,2216,775,470,147,06,081,609900,118,1121,306,384,850,229,4001,109750,1079,12,11,44,15,23,0,0,8,2,41,35,10,86,125,69,598,126,0,9,21,0,0,0,0,96,21,0,0,3,2,0,8,0,8,37,12,0,0,0,0,0,0,25,0,0,0,0,0,0,0,0,0,06081609900,1604100,94461,3501,-333333333,43,9,0,0,0,0,0,0,06,081,609900,34,40,0,15,0,0,0,16,0,9,0,0,0,0,0,0,0,0,0,10,0,0,0,0,0,0,0,10,70577
4673,2710,1971,159316,2000001,-333333333,2765,224,3501,1248,643,106,06,081,610000,177,2043,197,664,753,1218,2955,95750,1971,0,0,0,50,58,0,0,43,0,38,80,260,97,182,366,797,277,38,0,12,0,0,35,44,148,199,10,0,0,0,0,16,0,173,155,0,0,21,0,21,0,12,101,51,0,0,0,0,0,0,0,51,06081610000,1277800,236022,2265,130,147,5,0,31,9,0,34,0,06,081,610000,68,135,20,10,0,39,0,0,10,56,134,0,0,8,7,14,37,0,68,37,0,0,0,0,26,0,0,11,67970
2543,1085,897,126767,1400900,198846,2296,125,1922,637,203,14,06,081,610100,8,915,218,54,418,479,2475,51131,897,19,7,38,37,0,17,7,50,0,66,44,77,66,98,133,238,60,0,0,11,0,5,0,0,44,97,6,3,27,2,24,7,0,28,53,0,0,9,0,7,26,0,11,5,0,0,5,0,0,0,0,0,06081610100,1003300,72767,1876,118,109,9,32,0,5,0,0,28,06,081,610100,35,43,7,0,0,9,7,0,5,15,12,0,0,0,0,0,0,0,12,6,0,6,0,0,0,0,0,0,46714
5433,677,1856,73472,1019900,177515,2387,161,3538,742,214,37,06,081,610201,17,1942,352,149,367,1489,2340,35321,1856,34,87,76,32,40,79,68,33,78,109,303,265,138,129,155,230,242,0,32,39,101,0,25,0,45,177,0,0,34,0,11,47,0,85,27,11,0,0,0,12,0,0,4,26,0,0,26,0,0,0,0,0,06081610201,849000,96728,1879,177,150,24,0,16,28,26,18,13,06,081,610201,25,204,37,0,7,29,21,36,31,43,69,0,0,0,19,0,16,0,34,35,0,7,0,0,0,28,0,0,29437
4971,1743,2501,179052,-666666666,-222222222,3501,-333333333,4258,1203,1118,329,06,081,610202,340,2696,20,31,55,2446,3732,107474,2501,52,65,24,131,38,18,8,0,9,64,168,116,121,191,428,1068,317,29,30,22,8,24,0,4,200,714,46,16,127,32,8,34,25,426,385,13,0,0,49,0,15,26,282,305,23,0,18,104,0,9,0,151,06081610202,2000001,-333333333,3244,116,537,132,36,104,49,17,27,0,06,081,610202,172,567,99,15,44,24,17,28,12,328,325,18,10,0,0,10,52,9,226,141,11,9,0,0,10,0,12,99,70450
2815,340,895,80438,750000,663671,2399,136,1847,268,55,18,06,081,610203,5,992,125,35,80,815,2351,37146,895,41,23,0,12,31,15,39,8,105,68,72,198,86,58,65,74,68,0,0,20,0,8,24,5,11,64,14,0,7,8,8,0,6,21,12,0,0,0,0,0,0,0,12,53,6,0,27,0,0,0,20,0,06081610203,869800,79917,1969,92,170,10,22,0,25,34,32,18,06,081,610203,29,36,9,0,5,8,0,0,7,7,50,0,0,0,8,0,0,0,42,45,24,0,21,0,0,0,0,0,27724
4698,1324,1592,139762,313800,78748,3501,-333333333,3487,623,421,194,06,081,610302,155,1766,91,18,756,836,3378,59943,1592,50,7,0,0,0,7,0,96,40,106,93,198,112,108,164,611,163,29,16,0,3,26,13,0,76,307,30,43,53,0,15,0,0,166,75,0,0,0,0,0,0,19,56,49,0,0,0,0,0,0,0,49,06081610302,244000,78753,2553,692,331,119,28,57,34,54,0,0,06,081,610302,39,218,14,16,34,14,12,19,21,88,88,17,0,21,0,0,8,0,42,61,0,0,0,0,0,9,0,52,41607
7125,2675,2830,222632,2000001,-333333333,3501,-333333333,5166,1948,1682,221,06,081,610303,523,2959,0,20,1856,974,4001,126316,2830,26,66,16,14,138,19,14,91,13,26,112,103,159,162,237,1634,282,0,8,0,12,48,12,0,202,174,0,0,15,0,62,13,0,84,32,0,0,14,0,0,0,0,18,227,13,16,116,0,11,0,0,71,06081610303,1439600,101785,3501,-333333333,300,53,0,0,0,0,89,0,06,081,610303,158,284,42,20,0,21,0,57,40,104,232,0,22,57,22,0,41,0,90,87,56,0,0,0,16,0,0,15,109205
4495,1890,1787,211477,1486000,177942,3501,-333333333,3223,1278,699,117,06,081,610304,330,1925,9,0,1180,607,3958,118648,1787,56,29,6,55,0,0,40,69,0,27,23,104,165,109,159,945,140,2,0,0,0,20,41,8,69,124,0,14,0,0,0,20,10,80,43,0,0,0,0,0,11,0,32,26,0,0,0,0,0,0,0,26,06081610304,1157800,99146,3157,144,241,0,0,0,13,0,12,6,06,081,610304,210,90,0,0,13,16,0,0,0,61,32,11,0,0,0,0,0,0,21,13,13,0,0,0,0,0,0,0,88906
5768,989,1457,114464,1372300,130326,2663,256,3405,717,216,33,06,081,610400,54,1586,550,44,787,670,2808,44715,1457,56,0,22,5,33,28,64,8,70,8,47,330,157,99,186,344,64,0,7,0,0,14,10,6,27,123,0,0,0,0,28,14,30,51,73,0,0,0,65,0,3,0,5,36,21,15,0,0,0,0,0,0,06081610400,972100,95415,2303,194,398,0,0,22,145,79,120,17,06,081,610400,15,218,43,0,20,39,33,47,0,36,11,0,0,11,0,0,0,0,0,49,14,23,0,0,12,0,0,0,31556
4485,552,1311,84540,1021700,83887,2054,365,3178,563,77,80,06,081,610500,72,1418,246,338,741,570,2105,45060,1311,77,0,16,0,102,17,55,20,71,11,126,230,65,86,165,270,75,37,18,0,0,10,0,0,10,14,0,0,0,0,0,0,0,14,75,0,0,0,0,0,0,25,50,0,0,0,0,0,0,0,0,0,06081610500,865200,57489,1727,209,150,68,15,25,42,0,0,0,06,081,610500,0,34,5,0,0,0,5,0,18,6,0,0,0,0,0,0,0,0,0,0,0,0,0,0,0,0,0,0,30316
6133,559,1499,101017,1029400,192836,2311,147,3899,330,209,13,06,081,610601,50,1611,329,116,424,1075,2336,39414,1499,11,39,23,13,39,22,50,80,58,140,107,150,170,123,217,257,382,56,37,105,0,43,33,31,77,117,5,8,37,0,31,0,0,36,28,0,0,0,0,28,0,0,0,0,0,0,0,0,0,0,0,0,06081610601,837400,76676,1854,199,152,0,20,111,0,11,0,0,06,081,610601,10,128,0,1,19,0,0,12,0,96,11,0,0,0,11,0,0,0,0,42,24,18,0,0,0,0,0,0,28070
2709,1271,1031,165272,1756200,216636,3106,923,1827,493,248,81,06,081,610602,172,1116,160,266,815,216,3087,64894,1031,21,34,15,17,18,33,26,8,6,58,9,96,69,89,89,443,117,0,0,21,0,7,15,17,57,147,0,11,15,8,0,69,6,38,19,0,0,0,0,0,13,0,6,0,0,0,0,0,0,0,0,0,06081610602,1176700,98485,2604,373,415,0,0,158,0,124,44,0,06,081,610602,89,119,17,0,0,9,0,0,0,93,17,0,0,0,0,0,0,0,17,0,0,0,0,0,0,0,0,0,48958
6064,2046,1985,131708,1835900,250874,2855,179,4386,754,596,210,06,081,610700,291,2284,225,142,915,1070,3345,36753,1985,26,21,5,69,15,46,31,61,91,141,136,262,68,168,167,678,166,18,17,0,0,39,0,14,78,180,0,0,25,53,14,0,13,75,148,0,0,0,33,9,16,23,67,58,0,0,0,0,10,15,18,15,06081610700,1094400,133868,2657,400,491,95,19,20,67,80,0,17,06,081,610700,193,205,19,8,4,32,0,28,0,114,176,7,0,0,16,0,88,20,45,142,0,0,20,15,38,36,0,33,44138
4435,940,1470,96591,1080700,221438,2719,130,3061,528,333,40,06,081,610800,63,1634,137,170,209,1261,2704,44688,1470,43,37,0,24,0,14,32,48,105,33,271,147,221,108,117,270,327,51,0,7,26,31,3,0,209,68,2,0,0,0,5,0,11,50,8,0,0,0,0,0,0,0,8,39,30,0,0,0,0,0,0,9,06081610800,882500,94452,2233,117,393,104,42,16,88,63,23,9,06,081,610800,48,148,6,0,6,0,20,40,31,45,84,0,14,0,12,14,13,0,31,32,32,0,0,0,0,0,0,0,31224
6723,2519,2246,135256,1667700,129744,3003,288,4703,1175,631,91,06,081,611000,222,2303,289,75,963,1283,3090,56453,2246,52,0,0,45,0,0,49,118,41,77,374,169,44,331,266,680,400,1,117,35,143,43,16,0,45,203,32,0,0,0,23,16,0,132,59,0,0,0,0,24,16,19,0,23,16,0,0,0,0,0,0,7,06081611000,1213000,89513,2694,273,350,32,73,21,38,58,15,0,06,081,611000,113,102,14,6,0,0,8,0,7,67,95,0,0,43,0,0,13,13,26,37,16,0,21,0,0,0,0,0,61853
6415,3557,2273,211354,2000001,-333333333,3501,-333333333,4484,1531,905,426,06,081,611100,322,2291,44,33,1991,282,3232,97813,2273,63,0,0,9,0,0,15,0,0,85,143,79,211,224,277,1167,64,0,0,17,0,0,7,0,40,134,21,0,0,31,0,0,0,82,278,30,0,0,0,20,129,0,99,39,20,0,0,0,0,0,0,19,06081611100,1560400,73934,2436,474,231,0,23,32,20,40,23,26,06,081,611100,67,169,0,7,0,19,0,0,0,143,0,0,0,0,0,0,0,0,0,27,0,0,0,0,0,0,0,27,81932
2750,1800,1028,232500,2000001,-333333333,3501,-333333333,2011,753,220,157,06,081,611200,176,1068,116,0,924,104,3865,109306,1028,0,8,0,6,0,31,5,76,0,32,7,17,58,61,92,635,43,0,9,6,0,8,0,0,20,105,1,0,2,3,0,0,0,99,17,0,0,0,0,0,0,0,17,0,0,0,0,0,0,0,0,0,06081611200,1522600,79432,2856,1415,72,0,0,0,0,13,0,20,06,081,611200,39,56,0,0,16,0,16,0,0,24,12,0,0,0,0,0,0,0,12,0,0,0,0,0,0,0,0,0,81630
4849,2579,1748,222875,2000001,-333333333,3147,239,3658,1392,496,206,06,081,611300,256,1900,358,83,1229,519,3694,83205,1748,10,10,14,9,30,19,9,55,13,34,59,130,130,123,110,993,172,10,0,0,0,12,6,10,134,224,0,33,0,0,2,0,8,181,9,0,0,0,0,0,0,0,9,17,0,0,0,8,0,0,0,9,06081611300,1565400,86315,2400,340,133,2,16,10,19,13,0,0,06,081,611300,73,110,28,8,31,0,0,0,1,42,19,0,8,0,0,0,11,0,0,20,10,0,0,0,10,0,0,0,56813
4198,2644,1319,250001,2000001,-333333333,3501,-333333333,2697,679,932,507,06,081,611400,168,1578,187,297,1107,212,4001,105165,1319,37,8,8,26,0,18,0,0,22,6,75,9,83,56,94,877,228,24,13,0,0,13,13,61,104,137,43,0,38,0,24,0,0,32,71,19,0,5,28,9,0,0,10,36,13,0,0,0,5,0,14,4,06081611400,2000001,-333333333,3501,-333333333,114,40,13,0,8,3,18,0,06,081,611400,32,195,96,14,4,30,0,0,16,35,121,67,6,22,0,14,0,0,12,71,8,13,0,13,0,16,0,21,67226
2823,1826,947,250001,2000001,-333333333,3501,-333333333,1992,749,586,196,06,081,611500,212,1095,135,85,873,74,4001,119302,947,3,49,0,0,0,0,0,19,0,7,0,36,56,18,75,684,60,0,0,0,0,12,0,0,48,63,0,0,0,0,0,0,7,56,127,24,0,46,0,12,17,17,11,9,0,0,0,0,0,0,0,9,06081611500,2000001,-333333333,3501,-333333333,49,10,0,6,0,0,0,0,06,081,611500,33,73,8,0,5,0,6,9,0,45,37,5,0,3,7,5,0,0,17,11,0,0,0,0,0,0,0,11,106538
2304,1147,750,250001,2000001,-333333333,3501,-333333333,1560,390,418,98,06,081,611600,161,796,373,74,633,117,4001,105114,750,0,0,0,5,4,7,10,10,5,17,12,51,13,61,63,492,40,0,0,0,0,14,0,0,26,81,9,0,0,0,0,41,0,31,10,0,0,0,0,2,0,0,8,0,0,0,0,0,0,0,0,0,06081611600,1725100,67235,2960,1300,116,18,15,7,0,13,0,0,06,081,611600,63,100,11,0,0,0,0,10,0,79,10,0,0,0,0,0,0,0,10,5,0,0,3,2,0,0,0,0,84087
6229,632,1777,149669,1136000,59224,3252,315,4461,870,518,217,06,081,611700,75,2110,358,96,763,1014,3207,47297,1777,42,0,0,13,44,33,33,91,33,116,37,104,138,209,196,688,142,8,0,0,14,0,39,0,81,239,23,22,0,11,46,0,0,137,133,11,20,0,12,0,0,9,81,97,0,0,0,20,10,16,0,51,06081611700,875000,76371,1820,300,69,9,10,30,0,20,0,0,06,081,611700,0,121,38,0,38,0,11,0,14,20,84,11,14,22,0,0,0,0,37,84,28,16,17,10,0,13,0,0,27440
4969,224,1104,131618,1049400,73905,3501,-333333333,3396,546,89,62,06,081,611800,20,1143,91,23,719,385,2953,38047,1104,16,29,29,12,7,0,8,0,0,50,59,78,235,145,169,267,163,15,23,28,3,12,61,0,21,168,9,11,34,46,29,8,0,31,44,22,0,0,0,0,0,0,22,30,13,0,17,0,0,0,0,0,06081611800,777200,60814,2570,410,100,9,5,3,11,22,17,0,06,081,611800,33,91,6,7,6,6,25,12,11,18,13,9,0,0,0,4,0,0,0,20,0,10,10,0,0,0,0,0,28078
4397,2263,1836,168235,2000001,-333333333,3324,252,2848,772,901,220,06,081,612500,474,2072,201,65,553,1283,3406,91297,1836,35,0,73,0,0,63,10,11,86,54,41,106,158,216,250,733,87,0,52,0,0,0,0,0,35,839,0,0,0,0,390,150,18,281,222,51,0,3,63,17,16,0,72,51,4,14,18,0,0,0,0,15,06081612500,2000001,-333333333,2430,308,210,0,43,17,1,16,0,0,06,081,612500,133,145,11,0,0,12,0,39,0,83,86,25,0,4,38,0,19,0,0,101,15,16,0,0,16,0,0,54,85750
4446,3011,1929,188977,2000001,-333333333,2684,268,3321,1012,600,304,06,081,612600,934,2128,189,231,474,1455,2810,95077,1929,89,14,9,67,25,32,0,26,36,26,134,105,183,120,114,949,196,50,0,0,0,0,0,0,146,326,36,0,0,25,50,72,0,143,106,0,0,0,0,7,19,0,80,161,0,0,0,0,47,21,64,29,06081612600,2000001,-333333333,2364,115,236,76,43,20,17,0,0,0,06,081,612600,80,218,38,5,0,14,0,14,0,147,246,0,0,0,37,15,14,53,127,301,0,0,0,180,42,50,0,29,69786
2042,1563,742,250001,2000001,-333333333,3501,-333333333,1429,488,373,211,06,081,612700,166,774,158,72,622,120,4001,118750,742,6,6,12,4,8,4,6,0,4,11,16,33,33,72,26,501,73,6,0,12,5,0,7,0,43,51,9,0,8,0,15,3,0,16,27,2,0,0,0,0,0,0,25,12,0,0,4,0,0,0,0,8,06081612700,2000001,-333333333,2330,344,35,4,3,0,0,8,0,0,06,081,612700,20,53,0,0,18,0,0,0,0,35,22,9,0,0,1,0,5,0,7,0,0,0,0,0,0,0,0,0,96797
3104,2356,973,250001,2000001,-333333333,3501,-333333333,1779,484,693,222,06,081,612800,218,1067,320,14,806,167,4001,167813,973,26,28,0,11,9,7,27,6,0,28,20,21,24,6,76,684,108,0,12,0,0,0,12,0,84,103,26,0,9,0,0,9,7,52,28,12,0,0,0,0,3,0,13,3,0,0,0,0,3,0,0,0,06081612800,2000001,-333333333,2104,655,132,23,0,0,4,24,7,0,06,081,612800,74,110,12,4,0,13,12,0,0,69,12,0,0,0,0,0,0,12,0,55,23,10,0,0,0,12,0,10,99375
4407,2940,1594,250001,2000001,-333333333,3313,204,2963,919,990,221,06,081,612900,408,1931,104,122,1254,340,4001,136875,1594,0,13,0,34,0,7,53,24,8,8,67,71,84,58,117,1050,95,0,0,0,18,0,0,9,68,178,11,0,3,0,21,0,0,143,81,0,14,0,0,0,8,6,53,70,23,0,0,0,8,10,0,29,06081612900,2000001,-333333333,3107,355,122,25,10,0,10,0,9,21,06,081,612900,47,123,11,7,11,0,10,0,0,84,121,23,31,15,17,0,9,17,9,34,22,0,0,0,12,0,0,0,87059
3108,1989,1174,250001,2000001,-333333333,3501,-333333333,2254,707,659,243,06,081,613000,315,1531,13,12,890,284,4001,102438,1174,23,11,0,0,8,0,9,20,23,63,50,23,60,53,131,700,51,0,0,0,0,0,0,0,51,139,0,0,0,0,29,0,12,98,160,0,0,13,9,0,96,10,32,83,17,0,0,0,0,0,12,54,06081613000,2000001,-333333333,2867,425,138,12,0,4,0,0,7,14,06,081,613000,101,198,11,30,13,40,41,8,22,33,87,15,0,10,9,0,0,0,53,7,7,0,0,0,0,0,0,0,72308
6629,5036,2592,250001,2000001,-333333333,3501,-333333333,5199,1537,1441,631,06,081,613200,412,2750,15,217,2211,381,4001,100913,2592,19,17,45,17,15,16,30,33,13,15,18,179,97,293,159,1626,95,0,0,27,0,0,0,0,68,0,0,0,0,0,0,0,0,0,115,0,0,0,0,26,0,0,89,0,0,0,0,0,0,0,0,0,06081613200,2000001,-333333333,2914,587,164,49,18,0,3,0,0,0,06,081,613200,94,150,73,2,16,0,0,0,0,59,99,0,0,0,0,38,21,19,21,29,29,0,0,0,0,0,0,0,80625
2750,2156,896,250001,2000001,-333333333,3501,-333333333,1925,660,475,129,06,081,613300,165,999,111,150,805,91,4001,72830,896,15,0,0,0,0,0,5,3,37,7,51,35,74,38,12,619,52,0,0,0,0,10,11,0,31,45,0,0,0,0,1,0,6,38,199,0,37,103,5,7,41,0,6,6,6,0,0,0,0,0,0,0,06081613300,2000001,-333333333,2345,210,171,13,11,0,31,23,0,0,06,081,613300,93,60,10,0,5,5,0,12,0,28,22,12,0,0,10,0,0,0,0,0,0,0,0,0,0,0,0,0,84926
2947,2463,1050,250001,2000001,-333333333,3501,-333333333,2076,713,529,178,06,081,613400,156,1191,44,208,832,218,4001,120132,1050,28,0,0,22,0,22,10,9,33,12,19,11,36,84,100,664,93,11,0,22,0,0,0,11,49,63,14,10,0,0,5,0,10,24,60,0,0,7,0,0,0,0,53,17,0,7,0,0,0,10,0,0,06081613400,2000001,-333333333,1922,260,23,16,0,0,0,0,0,0,06,081,613400,7,81,38,0,8,7,0,6,0,22,25,0,11,6,0,0,8,0,0,130,102,0,0,7,21,0,0,0,73393
4385,2407,1323,167872,1353200,164594,2948,343,3095,759,533,117,06,081,613501,169,1340,16,78,950,373,3638,72300,1323,0,0,32,0,7,21,28,22,8,39,104,47,127,159,217,512,47,0,1,0,14,0,0,5,27,112,1,0,44,0,0,12,0,55,30,9,0,0,9,0,0,0,12,8,0,0,0,0,0,0,0,8,06081613501,920700,55941,2643,643,198,6,3,20,60,37,0,0,06,081,613501,72,203,0,8,37,0,0,8,13,137,0,0,0,0,0,0,0,0,0,25,0,0,0,0,12,0,0,13,48060
5880,5021,2444,225725,1484100,106064,2034,1022,4556,1436,666,303,06,081,613502,144,2528,40,86,2178,266,3740,96489,2444,37,62,16,87,45,0,25,59,0,24,86,102,136,182,209,1374,115,0,0,11,0,0,12,0,92,323,0,0,73,57,0,0,51,142,141,59,0,24,0,0,0,0,58,22,0,0,22,0,0,0,0,0,06081613502,1145200,75388,2209,599,368,51,29,0,0,0,11,53,06,081,613502,224,134,0,29,0,0,0,27,0,78,15,0,0,13,2,0,0,0,0,66,2,64,0,0,0,0,0,0,54945
5913,4010,2049,159653,1298800,106289,2603,984,4177,1117,827,298,06,081,613600,124,2276,60,240,1904,145,2060,54583,2049,17,54,25,51,0,13,0,31,0,128,22,294,152,160,234,868,100,10,4,19,0,0,0,42,25,38,0,5,0,0,33,0,0,0,0,0,0,0,0,0,0,0,0,0,0,0,0,0,0,0,0,0,06081613600,988000,105103,1770,165,150,36,37,7,0,0,19,31,06,081,613600,20,132,61,4,0,0,4,0,0,63,52,52,0,0,0,0,0,0,0,0,0,0,0,0,0,0,0,0,48053
4154,2549,1517,215554,1149900,154806,961,774,3277,559,695,177,06,081,613800,273,2145,200,461,1091,426,2254,67568,1517,31,14,45,0,74,0,14,0,0,43,56,144,128,38,78,852,151,19,0,32,26,46,0,0,28,39,0,0,0,0,14,0,0,25,16,0,0,0,0,0,0,0,16,0,0,0,0,0,0,0,0,0,06081613800,925800,136617,1896,453,190,6,5,1,84,0,1,0,06,081,613800,93,55,10,42,0,0,0,0,0,3,26,0,0,0,26,0,0,0,0,0,0,0,0,0,0,0,0,0,47429
6045,3459,1978,250001,2000001,-333333333,2661,418,4325,1161,1125,250,06,081,613900,639,2099,463,288,1325,653,3153,78750,1978,0,0,60,0,0,48,45,30,0,99,0,193,63,74,146,1220,312,112,18,49,0,18,28,33,54,344,25,63,71,23,71,41,0,50,216,23,0,25,0,0,104,0,64,104,0,28,46,0,0,0,0,30,06081613900,2000001,-333333333,2319,181,335,99,75,3,39,90,0,8,06,081,613900,21,482,34,134,88,12,26,14,0,174,148,0,12,21,15,29,0,0,71,197,51,20,0,17,12,38,0,59,71216
5972,1443,1886,200385,1517900,87947,3186,215,4549,1835,630,173,06,081,614000,136,2063,12,17,1364,522,3110,70558,1886,8,11,0,0,91,0,22,7,15,30,119,49,194,169,226,945,256,13,0,9,34,47,47,21,85,251,5,0,47,19,46,22,15,97,46,0,0,0,4,25,7,10,0,36,0,0,21,0,0,15,0,0,06081614000,1025600,56098,3087,312,231,54,23,12,0,21,24,28,06,081,614000,69,150,16,2,31,36,38,0,0,27,53,28,0,8,0,0,0,0,17,37,0,0,14,11,0,0,0,12,52361
0,0,0,-666666666,-666666666,-222222222,-666666666,-222222222,0,0,0,0,06,081,984300,0,0,0,0,0,0,-666666666,-666666666,0,0,0,0,0,0,0,0,0,0,0,0,0,0,0,0,0,0,0,0,0,0,0,0,0,0,0,0,0,0,0,0,0,0,0,0,0,0,0,0,0,0,0,0,0,0,0,0,0,0,0,0,0,06081984300,-666666666,-222222222,-666666666,-222222222,0,0,0,0,0,0,0,0,06,081,984300,0,0,0,0,0,0,0,0,0,0,0,0,0,0,0,0,0,0,0,0,0,0,0,0,0,0,0,0,-666666666
0,0,0,-666666666,-666666666,-222222222,-666666666,-222222222,0,0,0,0,06,081,990100,0,0,0,0,0,0,-666666666,-666666666,0,0,0,0,0,0,0,0,0,0,0,0,0,0,0,0,0,0,0,0,0,0,0,0,0,0,0,0,0,0,0,0,0,0,0,0,0,0,0,0,0,0,0,0,0,0,0,0,0,0,0,0,0,06081990100,-666666666,-222222222,-666666666,-222222222,0,0,0,0,0,0,0,0,06,081,990100,0,0,0,0,0,0,0,0,0,0,0,0,0,0,0,0,0,0,0,0,0,0,0,0,0,0,0,0,-666666666
7558,1260,2962,152188,1022400,87336,3021,231,5306,1482,782,130,06,085,500100,246,3147,392,215,978,1984,3042,71373,2962,92,38,35,0,19,166,108,54,27,102,60,321,265,173,308,1194,1040,36,52,34,189,54,46,56,573,290,22,21,18,0,14,14,0,201,179,0,0,41,0,0,0,17,121,0,0,0,0,0,0,0,0,0,06085500100,777800,65684,2068,227,448,42,80,138,17,0,17,20,06,085,500100,134,270,42,14,17,9,35,16,0,137,64,0,0,14,0,0,0,50,0,119,22,0,18,0,0,29,0,50,38813
5323,1313,1937,122238,1117800,298029,2718,113,4099,1152,425,22,06,085,500200,126,2230,338,613,476,1461,2838,54660,1937,149,77,0,31,0,0,0,0,36,125,57,349,155,100,318,540,453,66,57,26,45,88,2,0,169,464,25,66,23,62,36,45,0,207,76,26,0,0,0,0,0,0,50,16,0,0,0,0,0,0,0,16,06085500200,739300,137248,2230,177,679,111,25,40,22,64,3,108,06,085,500200,306,358,82,33,0,18,108,16,8,93,265,0,25,0,42,33,0,16,149,0,0,0,0,0,0,0,0,0,51325
4104,1853,1791,137917,1108200,57563,2770,172,3289,1290,389,97,06,085,500300,145,1925,230,355,676,1115,2896,64788,1791,102,10,0,26,32,8,0,24,70,75,176,181,184,42,339,522,364,29,9,75,21,20,63,18,129,287,22,26,31,15,92,28,0,73,36,0,0,25,0,0,0,0,11,12,0,0,0,0,0,12,0,0,06085500300,833200,55190,2785,301,450,83,57,27,42,70,56,9,06,085,500300,106,383,68,24,42,24,37,24,0,164,112,22,0,44,5,14,0,0,27,98,0,19,22,24,0,0,0,33,53021
2651,794,1032,151809,1650000,188829,2346,137,1876,504,450,62,06,085,500400,78,1052,47,424,428,604,2478,76739,1032,5,0,15,0,5,12,16,18,0,12,76,154,67,102,185,365,346,43,0,10,49,53,53,0,138,91,0,10,16,0,0,17,0,48,22,0,22,0,0,0,0,0,0,53,0,0,0,25,0,0,0,28,06085500400,1186700,120652,1796,119,261,35,16,27,39,49,38,0,06,085,500400,57,45,0,6,19,7,0,0,0,13,36,25,0,0,0,6,0,5,0,78,0,0,0,21,7,0,0,50,48257
5661,3267,2144,177625,1580900,160644,2334,549,4261,1471,862,102,06,085,500500,302,2307,316,739,1701,443,4001,89600,2144,44,22,0,0,21,28,17,20,9,16,45,210,250,217,293,952,314,32,30,21,3,18,0,0,210,69,22,9,0,13,0,8,0,17,28,0,0,28,0,0,0,0,0,8,0,0,0,0,0,0,0,8,06085500500,1088700,71186,1603,429,329,82,67,11,73,0,21,14,06,085,500500,61,46,16,0,0,5,0,0,0,25,0,0,0,0,0,0,0,0,0,0,0,0,0,0,0,0,0,0,63824
5834,1704,2304,136250,1697700,195035,2708,360,3961,1323,954,193,06,085,500600,67,2530,0,839,689,1615,2959,77135,2304,128,96,0,0,79,97,48,0,7,83,206,178,134,258,274,716,513,54,0,0,39,8,70,172,170,309,15,35,0,0,47,0,0,212,194,0,0,33,0,8,0,54,99,141,62,10,17,11,11,19,0,11,06085500600,1065500,117677,1963,682,704,55,4,13,38,95,84,104,06,085,500600,311,120,25,0,0,0,10,11,0,74,129,0,0,56,0,0,0,0,73,25,0,0,0,25,0,0,0,0,61463
4464,1412,2429,146986,1016400,76050,2965,323,3944,1546,660,75,06,085,500800,155,3051,15,201,504,1925,3065,75995,2429,101,149,135,4,12,27,59,109,28,83,18,106,265,168,322,843,711,23,33,16,0,173,64,10,392,202,0,0,2,24,17,58,8,93,283,13,0,64,20,28,11,0,147,225,9,0,80,9,34,0,12,81,06085500800,658300,52103,2717,147,474,43,67,29,21,26,70,0,06,085,500800,218,138,0,6,0,0,17,12,15,88,266,7,0,33,7,15,8,23,173,37,0,8,0,0,0,13,7,9,72833
4216,1346,2216,81197,884200,43227,2135,360,2651,866,626,75,06,085,500901,73,2451,41,416,459,1757,2370,34798,2216,249,210,112,85,38,10,0,0,32,187,151,78,132,152,363,417,498,142,94,22,71,0,43,12,114,449,210,0,16,20,0,58,0,145,75,22,0,0,0,0,0,0,53,51,12,24,0,0,15,0,0,0,06085500901,721200,52444,1901,91,578,186,119,32,11,24,11,22,06,085,500901,173,207,67,6,9,11,10,9,0,95,198,45,0,0,33,8,42,0,70,140,81,39,8,0,0,0,0,12,39917
4864,958,558,40167,-666666666,-222222222,1899,191,761,164,33,0,06,085,500902,5,629,77,169,0,558,1937,7804,558,42,45,56,37,24,33,41,39,29,33,20,108,24,8,16,3,377,151,60,66,26,74,0,0,0,1140,810,182,96,32,11,0,9,0,23,10,0,5,8,0,0,0,0,75,26,15,20,0,0,0,0,14,06085500902,1150000,495870,1636,79,476,171,97,70,19,52,35,11,06,085,500902,21,924,761,54,71,26,6,6,0,0,74,74,0,0,0,0,0,0,0,96,86,0,0,0,0,0,0,10,5173
5102,1233,2529,63291,1075600,97202,1769,162,3846,859,352,67,06,085,501000,65,2809,113,926,205,2324,1711,39315,2529,167,85,85,71,323,157,141,40,31,130,186,363,304,50,132,264,370,33,23,31,138,0,55,0,90,154,0,0,53,18,0,0,0,83,70,0,0,18,0,0,0,21,31,0,0,0,0,0,0,0,0,0,06085501000,833900,113523,1452,115,646,79,187,116,28,0,41,0,06,085,501000,195,340,37,111,132,0,0,0,0,60,31,0,0,0,0,0,12,0,19,62,14,20,15,0,0,0,0,13,24756
3997,1072,1773,107969,987100,121335,2565,309,3303,1050,445,50,06,085,501101,75,1869,79,334,452,1321,2541,52589,1773,153,92,13,46,113,22,11,65,81,48,54,187,63,157,255,413,665,222,58,73,13,0,70,22,207,132,23,0,20,1,0,14,36,38,68,0,25,0,24,0,0,0,19,55,42,0,0,0,0,0,0,13,06085501101,709800,61303,1883,158,767,204,125,92,48,52,78,15,06,085,501101,153,89,25,7,0,9,0,8,0,40,38,0,0,8,0,7,10,0,13,78,7,0,11,0,17,0,8,35,36447
4147,759,1355,147773,1105500,46409,2627,241,2955,504,255,52,06,085,501102,78,1411,136,760,849,506,2699,61528,1355,68,6,0,0,36,0,8,0,39,67,48,192,107,135,264,385,274,28,45,3,33,35,12,0,118,78,0,0,0,0,14,0,0,64,0,0,0,0,0,0,0,0,0,0,0,0,0,0,0,0,0,0,06085501102,745300,58505,1777,112,278,65,2,35,2,57,8,20,06,085,501102,89,83,8,0,25,0,0,0,0,50,0,0,0,0,0,0,0,0,0,13,6,0,0,7,0,0,0,0,37328
4490,1365,1479,109208,1007100,88749,2053,271,2717,621,328,25,06,085,501200,62,1529,123,981,577,902,2183,40405,1479,77,14,0,30,11,73,20,40,17,136,64,186,116,152,260,283,444,24,32,138,132,75,9,0,34,317,40,48,32,22,41,38,33,63,51,33,7,0,0,0,0,0,11,0,0,0,0,0,0,0,0,0,06085501200,708600,54074,1674,161,379,44,19,55,50,130,48,0,06,085,501200,33,98,0,16,12,7,7,22,8,26,26,3,15,0,0,0,0,0,8,45,26,0,7,0,6,0,0,6,36780
4076,1565,1134,134185,1446200,121400,2137,201,2437,710,481,71,06,085,501300,125,1299,59,736,604,530,2430,35629,1134,6,28,31,75,60,25,11,70,25,9,36,69,91,90,121,387,595,157,65,38,23,71,50,25,166,326,48,41,135,28,15,32,0,27,38,8,6,0,0,12,3,0,9,0,0,0,0,0,0,0,0,0,06085501300,992800,79194,1750,221,525,209,15,102,8,48,35,0,06,085,501300,108,80,52,7,12,0,9,0,0,0,54,43,0,11,0,0,0,0,0,37,31,0,0,0,0,6,0,0,21209
2797,403,946,78258,791200,108571,1910,184,2041,307,54,46,06,085,501401,5,984,27,143,235,711,1975,33787,946,57,39,30,36,26,10,53,0,27,92,76,258,60,13,74,95,148,17,0,31,44,22,7,6,21,102,6,7,0,27,8,0,11,43,21,0,21,0,0,0,0,0,0,0,0,0,0,0,0,0,0,0,06085501401,484300,51707,1550,124,154,24,12,30,57,0,4,6,06,085,501401,21,80,6,11,3,51,0,9,0,0,9,0,0,5,0,4,0,0,0,39,14,0,15,0,0,0,0,10,28608
2716,761,839,93092,960900,116644,2504,476,2099,319,105,0,06,085,501402,7,849,62,251,369,470,1994,38129,839,51,40,0,10,25,43,19,7,4,102,53,91,68,125,84,117,192,0,14,71,16,32,0,11,48,26,0,6,0,0,0,0,20,0,24,6,0,0,0,0,0,18,0,0,0,0,0,0,0,0,0,0,06085501402,644200,63906,1820,186,116,18,14,22,9,13,23,8,06,085,501402,9,18,0,7,0,6,0,0,0,5,13,0,13,0,0,0,0,0,0,0,0,0,0,0,0,0,0,0,31296
4015,329,1289,74931,-666666666,-222222222,1838,117,2626,633,95,0,06,085,501501,57,1349,0,34,467,822,1826,37400,1289,57,0,69,40,0,62,63,37,40,62,215,129,145,41,117,212,114,12,0,61,18,18,0,5,0,45,31,0,0,4,0,0,0,10,13,0,0,0,0,0,0,0,13,81,69,0,0,12,0,0,0,0,06085501501,518100,64757,1707,215,247,0,64,39,27,77,13,0,06,085,501501,27,103,40,0,37,0,26,0,0,0,0,0,0,0,0,0,0,0,0,34,13,9,12,0,0,0,0,0,25986
4134,726,1214,105611,1034400,171547,2674,577,2813,506,349,22,06,085,501502,43,1254,116,272,690,524,2209,47669,1214,0,23,41,62,21,7,19,26,31,144,173,32,144,44,63,384,173,17,53,32,0,17,0,0,54,117,46,16,0,5,2,0,0,48,38,0,0,0,0,0,0,0,38,77,0,31,0,0,0,7,0,39,06085501502,677100,77996,1463,115,391,33,89,82,77,37,12,0,06,085,501502,61,77,20,0,34,0,23,0,0,0,0,0,0,0,0,0,0,0,0,16,0,0,0,0,0,8,0,8,26569
4507,631,1394,106354,973700,105722,2447,182,3005,351,253,51,06,085,501700,43,1649,32,819,401,993,2521,44246,1394,38,8,27,41,73,41,38,23,16,133,59,179,79,128,170,341,279,23,0,42,69,50,21,19,55,72,0,0,13,0,0,0,0,59,44,0,11,0,0,0,7,0,26,77,0,0,8,26,9,0,0,34,06085501700,668400,102415,1957,175,335,65,78,5,28,22,41,34,06,085,501700,62,129,11,18,29,0,0,0,23,48,42,0,8,8,0,0,12,6,8,39,0,0,23,0,0,0,0,16,29766
4836,1692,1724,138750,1315200,95104,2316,106,3347,951,431,84,06,085,501800,118,1873,159,977,868,856,2489,59802,1724,24,0,9,0,0,8,20,68,37,221,88,107,212,105,182,643,242,18,11,7,0,30,35,8,133,148,30,12,0,0,22,6,2,76,20,0,0,0,0,0,0,0,20,10,0,0,0,0,10,0,0,0,06085501800,890600,26177,1994,259,406,13,0,111,35,30,88,26,06,085,501800,103,83,32,0,12,0,0,16,0,23,12,0,0,0,0,0,12,0,0,0,0,0,0,0,0,0,0,0,48777
5134,1771,2147,130532,1105900,46678,2256,202,3741,1216,333,35,06,085,502001,140,2265,566,627,1037,1110,2432,65860,2147,54,132,41,0,75,50,29,42,17,118,147,191,159,212,373,507,62,6,8,0,0,0,0,0,48,128,14,0,0,0,0,4,100,10,119,0,0,0,0,0,16,40,63,90,44,0,46,0,0,0,0,0,06085502001,808900,96285,1562,134,293,58,26,2,65,21,4,10,06,085,502001,107,94,18,0,16,9,0,14,19,18,0,0,0,0,0,0,0,0,0,22,14,8,0,0,0,0,0,0,41814
5430,1236,1863,115391,1084400,52074,2414,169,3373,808,403,42,06,085,502002,83,1950,337,282,529,1334,2546,45777,1863,10,29,47,22,49,20,38,103,14,96,146,255,281,107,187,459,385,27,29,11,10,117,15,20,156,198,3,0,39,9,0,71,12,64,140,0,0,0,0,0,2,40,98,178,0,0,43,0,135,0,0,0,06085502002,829900,70996,1965,130,432,117,26,40,23,56,53,0,06,085,502002,117,136,10,9,70,0,9,0,0,38,13,0,0,0,0,0,13,0,0,75,0,0,13,0,0,42,20,0,26922
4963,2297,2116,124605,1170500,225671,3141,198,3666,1296,710,110,06,085,502101,137,2291,310,73,1286,830,3030,54724,2116,81,113,19,58,22,0,164,99,38,47,167,81,175,116,323,613,438,125,11,12,22,8,58,43,159,244,28,9,101,0,0,0,0,106,89,8,0,0,0,9,0,0,72,0,0,0,0,0,0,0,0,0,06085502101,841100,65664,1924,164,283,30,20,31,38,8,22,12,06,085,502101,122,137,7,0,0,19,0,25,8,78,87,1,14,15,0,0,6,12,39,0,0,0,0,0,0,0,0,0,52375
2996,1503,1414,106250,1125000,120894,2851,458,2383,880,333,72,06,085,502202,73,1463,77,35,707,707,2832,49659,1414,59,32,9,48,0,40,32,16,101,130,60,91,184,61,183,368,172,0,90,5,0,15,0,0,62,268,53,76,36,0,0,0,37,66,61,0,30,0,10,0,10,0,11,9,0,0,0,0,0,0,0,9,06085502202,883500,53034,2095,284,355,44,59,27,49,22,0,0,06,085,502202,154,22,9,13,0,0,0,0,0,0,46,0,21,14,0,0,0,0,11,0,0,0,0,0,0,0,0,0,65667
3023,1627,1164,167000,2000001,-333333333,2581,303,2141,803,493,122,06,085,502301,118,1293,170,233,691,473,3424,78426,1164,2,0,47,0,47,0,0,5,21,53,53,87,93,54,211,491,277,47,23,0,0,55,19,37,96,44,0,0,0,0,0,0,0,44,116,17,13,24,17,12,4,0,29,14,0,0,0,14,0,0,0,0,06085502301,1429200,159631,2077,211,244,19,27,12,0,8,38,32,06,085,502301,108,33,2,0,11,0,6,0,0,14,63,0,0,31,17,0,0,0,15,27,2,0,14,0,0,0,0,11,67432
3417,1486,1337,122429,1776800,320978,2235,121,2605,719,338,87,06,085,502302,80,1369,80,172,401,936,2361,59208,1337,12,6,0,30,0,0,52,15,49,38,110,147,238,191,120,329,332,69,0,0,34,0,126,0,103,70,21,0,11,0,0,0,16,22,27,0,7,0,0,0,20,0,0,0,0,0,0,0,0,0,0,0,06085502302,1519700,143165,1915,98,83,9,0,0,0,14,18,0,06,085,502302,42,74,10,0,39,0,11,7,0,7,90,13,8,0,11,13,22,10,13,35,7,0,0,0,0,0,0,28,52778
7189,4623,2756,222988,1960800,162486,2694,588,5403,2111,1019,313,06,085,502400,152,2866,428,777,1991,765,4001,85106,2756,185,62,25,0,13,84,27,46,16,76,79,185,233,37,172,1516,383,36,3,6,0,40,26,0,272,11,0,11,0,0,0,0,0,0,72,0,35,0,0,26,0,0,11,64,53,0,11,0,0,0,0,0,06085502400,1129700,61511,2023,344,349,51,0,17,34,10,46,68,06,085,502400,123,80,0,0,22,0,0,0,0,58,71,35,0,0,16,20,0,0,0,59,59,0,0,0,0,0,0,0,68485
6600,3472,2389,221319,1832900,73563,3133,1147,4541,1248,928,348,06,085,502500,359,2649,605,475,1956,433,4001,102159,2389,14,17,0,13,0,42,0,155,0,27,50,60,190,162,308,1351,257,0,16,0,15,0,0,0,226,91,0,0,23,0,0,0,0,68,40,11,0,0,0,0,0,0,29,0,0,0,0,0,0,0,0,0,06085502500,1246800,72347,1787,192,290,23,28,27,0,12,11,11,06,085,502500,178,50,0,24,0,0,0,0,0,26,45,0,0,0,45,0,0,0,0,29,0,0,0,0,18,0,0,11,83057
3103,1628,1369,160972,2000001,-333333333,3501,-333333333,2309,789,425,141,06,085,502601,80,1422,79,54,865,504,4001,120787,1369,0,18,33,35,43,32,8,0,10,64,24,51,161,187,114,589,179,0,0,14,0,11,11,0,143,57,0,0,1,13,0,0,10,33,0,0,0,0,0,0,0,0,0,0,0,0,0,0,0,0,0,0,06085502601,1332600,73383,2385,904,288,2,0,42,12,70,66,8,06,085,502601,88,60,0,0,29,2,19,0,10,0,34,0,13,0,0,0,0,0,21,0,0,0,0,0,0,0,0,0,63242
2882,1829,1039,217688,1931500,115920,2467,1237,2101,927,394,92,06,085,502603,75,1075,144,0,761,278,3189,68700,1039,0,42,21,10,0,50,0,58,9,25,20,66,87,58,51,542,70,0,1,0,2,0,0,0,67,88,33,12,0,0,0,0,0,43,2,2,0,0,0,0,0,0,0,17,9,0,0,8,0,0,0,0,06085502603,1205900,90830,2441,563,216,23,9,0,46,10,0,0,06,085,502603,128,46,11,0,7,0,0,0,0,28,42,1,0,33,0,0,0,0,8,13,13,0,0,0,0,0,0,0,49946
4072,2018,2033,120489,825800,85744,2697,115,3057,1016,510,69,06,085,502604,54,2320,28,12,532,1501,2649,80777,2033,52,15,45,56,22,6,23,15,33,98,109,241,411,182,229,496,230,77,0,11,14,13,17,13,85,106,14,0,0,0,19,35,0,38,46,16,0,0,0,0,0,0,30,74,0,18,0,0,0,0,0,56,06085502604,580500,145946,2264,67,599,46,13,49,59,164,124,0,06,085,502604,144,194,18,0,0,0,56,33,39,48,117,0,0,0,0,0,13,0,104,79,13,15,0,12,0,0,0,39,59566
5670,2447,2129,136792,1569100,133850,2366,182,3826,886,764,215,06,085,502701,97,2226,128,11,1095,1034,2796,71274,2129,75,56,0,66,9,52,97,59,74,54,131,142,183,132,244,755,459,0,13,0,21,19,39,0,367,68,0,0,0,0,12,0,0,56,0,0,0,0,0,0,0,0,0,28,0,8,0,0,0,0,0,20,06085502701,1071300,55337,1954,144,424,111,11,20,0,101,35,30,06,085,502701,116,97,0,0,21,0,28,9,0,39,12,3,0,0,0,9,0,0,0,36,0,10,0,0,0,0,0,26,51330
4417,1960,1488,179722,1613600,105312,3261,246,3054,634,599,126,06,085,502800,98,1541,81,41,1143,345,3285,64293,1488,8,0,0,8,83,35,16,52,13,22,62,64,185,141,151,648,187,0,0,73,0,0,20,0,94,38,10,16,0,0,0,0,0,12,19,0,11,0,0,0,0,0,8,0,0,0,0,0,0,0,0,0,06085502800,1146200,57268,2826,353,139,12,7,13,13,0,16,5,06,085,502800,73,41,16,0,0,17,0,0,0,8,27,0,0,10,0,0,8,0,9,0,0,0,0,0,0,0,0,0,53180
6199,3313,2199,142330,1426100,50542,2823,300,4249,1050,1053,130,06,085,502901,64,2318,28,17,1232,967,3065,50859,2199,17,0,125,72,70,132,0,18,0,65,90,243,141,132,251,843,444,57,13,0,25,96,0,0,253,51,4,0,23,0,0,0,0,24,0,0,0,0,0,0,0,0,0,293,194,99,0,0,0,0,0,0,06085502901,989700,70959,1912,166,251,25,18,37,0,0,41,27,06,085,502901,103,21,0,0,5,0,0,16,0,0,16,0,0,16,0,0,0,0,0,11,0,0,0,0,0,0,0,11,57556
9118,5448,3064,183851,1554700,161806,3501,-333333333,5941,2084,1364,269,06,085,502902,214,3081,56,11,2569,495,3611,71507,3064,133,0,20,29,68,13,26,0,71,54,201,269,231,89,422,1438,437,89,0,26,21,27,18,0,256,49,0,0,0,0,13,0,0,36,22,0,0,0,0,0,8,0,14,50,0,0,0,0,0,0,0,50,06085502902,1149200,51670,3501,-333333333,449,3,0,13,19,36,14,0,06,085,502902,364,56,1,0,0,0,0,0,0,55,13,0,0,0,0,0,0,0,13,63,0,0,0,0,17,0,0,46,65054
5341,2840,1903,233750,1692100,75148,3410,586,3769,1547,905,127,06,085,502903,105,1990,52,9,1688,215,3735,97721,1903,30,15,7,38,37,17,7,9,75,24,23,90,56,149,243,1083,188,0,0,0,0,29,0,0,159,75,0,0,0,0,0,0,0,75,38,0,0,0,0,0,0,0,38,20,9,0,0,0,0,0,0,11,06085502903,1155000,46392,3045,413,206,9,12,21,7,7,11,7,06,085,502903,132,24,0,10,0,0,7,0,0,7,0,0,0,0,0,0,0,0,0,0,0,0,0,0,0,0,0,0,59123
4698,2404,1639,123576,1316700,86087,3174,222,3283,923,609,68,06,085,502906,83,1686,30,19,924,715,3097,62372,1639,72,17,18,28,0,61,0,36,50,62,95,164,241,52,198,545,206,39,9,0,16,24,29,8,81,10,0,0,0,0,0,0,0,10,0,0,0,0,0,0,0,0,0,39,29,0,0,0,10,0,0,0,06085502906,963400,70044,2289,203,256,48,66,0,41,0,15,7,06,085,502906,79,47,0,0,13,12,0,0,0,22,110,25,0,39,0,35,0,0,11,11,0,0,0,0,11,0,0,0,52008
3811,1958,1338,205313,1457900,85822,3501,-333333333,2841,1089,491,46,06,085,502907,74,1366,7,21,1062,276,2934,67284,1338,18,10,0,42,9,26,0,62,17,17,98,91,86,64,114,684,194,2,20,0,0,31,21,0,120,18,0,8,10,0,0,0,0,0,0,0,0,0,0,0,0,0,0,6,0,0,0,0,0,0,6,0,06085502907,953200,34727,3004,341,135,21,5,0,22,12,22,17,06,085,502907,36,95,21,16,34,0,0,0,0,24,5,5,0,0,0,0,0,0,0,0,0,0,0,0,0,0,0,0,47628
6411,2996,2212,174286,1503100,85217,2091,411,4287,1226,727,69,06,085,502908,454,2269,12,0,1590,622,2400,56534,2212,13,104,17,0,17,0,34,64,62,243,148,70,188,120,186,946,95,10,0,0,0,0,0,0,85,124,19,0,0,0,45,21,0,39,18,0,0,0,0,0,0,0,18,5,5,0,0,0,0,0,0,0,06085502908,996600,56164,2158,402,221,4,20,72,20,16,16,4,06,085,502908,69,96,0,0,0,0,61,0,35,0,20,0,0,20,0,0,0,0,0,13,0,0,0,0,0,0,0,13,52887
4855,1806,2025,109295,1153200,164741,2353,236,3423,1021,343,26,06,085,502909,132,2172,0,0,961,1064,2439,61238,2025,29,0,137,12,38,72,22,64,46,121,157,243,191,246,210,437,186,13,6,7,7,0,61,0,92,60,0,0,19,19,0,0,22,0,51,0,0,0,0,0,51,0,0,12,0,12,0,0,0,0,0,0,06085502909,865000,57510,1947,175,333,43,16,17,32,64,16,15,06,085,502909,130,146,43,15,11,14,0,0,10,53,72,0,0,0,0,72,0,0,0,44,0,0,0,0,0,0,0,44,55298
3638,1539,1430,117391,1346600,66603,2268,103,2428,593,395,86,06,085,502910,95,1535,12,0,680,750,2379,57286,1430,47,38,9,30,4,26,0,70,79,24,60,155,213,77,110,488,224,4,15,24,43,0,26,29,83,57,0,6,0,0,8,0,0,43,24,0,12,12,0,0,0,0,0,0,0,0,0,0,0,0,0,0,06085502910,962600,66003,1733,167,110,5,0,8,0,21,59,9,06,085,502910,8,71,12,0,10,0,0,0,0,49,38,14,0,12,6,0,0,0,6,0,0,0,0,0,0,0,0,0,50756
4309,2769,1657,164271,1636600,270800,3501,-333333333,3067,1015,643,241,06,085,503001,23,1709,214,26,1360,297,3760,93153,1657,22,9,7,23,10,23,9,21,0,81,56,172,225,162,189,648,149,0,19,11,0,0,0,6,113,13,0,0,13,0,0,0,0,0,94,0,0,0,0,0,0,0,94,0,0,0,0,0,0,0,0,0,06085503001,1157800,80624,2898,260,199,16,13,18,9,17,31,25,06,085,503001,70,55,12,0,0,0,0,13,0,30,15,0,0,0,0,0,0,0,15,0,0,0,0,0,0,0,0,0,73226
3669,1748,1326,133108,1562900,135874,2260,150,2633,881,381,80,06,085,503002,29,1375,8,0,898,428,2489,53486,1326,6,30,0,0,39,20,9,6,7,100,65,173,183,135,82,471,91,0,3,4,29,4,18,0,33,14,14,0,0,0,0,0,0,0,83,6,0,0,0,11,56,0,10,0,0,0,0,0,0,0,0,0,06085503002,1063400,71061,1931,426,132,1,0,0,28,33,0,0,06,085,503002,70,5,0,0,0,0,5,0,0,0,52,0,0,12,0,14,0,0,26,0,0,0,0,0,0,0,0,0,51988
5071,2566,1828,193542,1467900,76272,3114,774,3586,1025,812,111,06,085,503003,176,1880,20,0,1611,217,3323,98063,1828,67,12,29,10,10,0,0,9,0,115,106,61,125,156,263,865,96,0,0,0,9,25,0,0,62,76,33,0,0,0,0,0,0,43,57,0,0,37,0,0,9,0,11,0,0,0,0,0,0,0,0,0,06085503003,979700,48699,3024,456,202,11,0,60,18,16,20,0,06,085,503003,77,47,10,0,0,11,0,0,0,26,19,0,0,0,0,0,0,0,19,27,0,12,15,0,0,0,0,0,60963
2028,129,726,60588,873600,61426,898,397,1538,252,62,35,06,085,503105,21,762,24,5,202,524,1500,25577,726,14,143,28,64,22,0,7,11,25,45,35,91,73,33,30,105,104,26,45,6,13,0,6,0,8,12,0,0,0,0,5,0,0,7,0,0,0,0,0,0,0,0,0,0,0,0,0,0,0,0,0,0,06085503105,666300,53364,686,111,131,28,21,32,13,30,0,0,06,085,503105,7,17,0,0,0,0,11,0,0,6,7,0,0,0,0,0,0,0,7,21,18,0,3,0,0,0,0,0,20246
3915,66,967,79196,638400,110699,1911,137,2259,236,66,35,06,085,503110,0,967,0,18,249,718,1748,32867,967,56,32,9,9,18,0,28,55,37,126,85,198,55,133,86,40,87,0,9,0,21,14,8,0,35,0,0,0,0,0,0,0,0,0,0,0,0,0,0,0,0,0,0,48,10,34,0,0,0,0,0,4,06085503110,-666666666,-222222222,1611,111,169,49,9,36,45,10,10,0,06,085,503110,10,34,23,0,0,0,0,0,0,11,36,0,0,0,0,0,0,0,36,20,0,7,0,0,0,0,13,0,22625
5211,246,1141,125521,858500,48807,2819,325,3761,645,127,49,06,085,503111,51,1215,6,0,721,420,2807,38274,1141,0,9,46,9,14,9,7,28,8,15,62,112,249,200,125,248,186,18,9,27,7,60,35,0,30,47,1,20,0,0,26,0,0,0,12,0,0,0,6,0,0,6,0,12,0,12,0,0,0,0,0,0,06085503111,628900,29062,2660,231,145,39,11,0,21,40,17,0,06,085,503111,17,13,13,0,0,0,0,0,0,0,12,12,0,0,0,0,0,0,0,0,0,0,0,0,0,0,0,0,31905
4069,470,1497,73419,797700,57939,1659,227,2604,425,133,29,06,085,503112,29,1524,18,432,436,1061,1875,40023,1497,123,140,48,19,73,76,4,58,49,91,89,203,172,90,150,112,283,0,47,72,56,0,64,0,44,72,9,7,11,22,0,23,0,0,0,0,0,0,0,0,0,0,0,36,0,0,0,0,0,0,0,36,06085503112,596500,68036,1479,277,345,0,87,23,41,66,46,0,06,085,503112,82,108,19,0,49,12,18,0,0,10,19,0,0,10,9,0,0,0,0,83,28,0,44,0,0,0,0,11,30730
4340,746,1328,95495,982900,107374,2203,259,3059,663,94,12,06,085,503113,0,1328,92,439,533,795,2365,41792,1328,4,42,0,131,18,86,68,15,57,68,53,211,112,43,224,196,191,28,0,15,0,39,3,20,86,28,10,0,0,10,0,0,8,0,0,0,0,0,0,0,0,0,0,0,0,0,0,0,0,0,0,0,06085503113,610500,47185,1865,153,165,15,24,45,30,29,14,0,06,085,503113,8,57,0,0,0,0,8,36,0,13,84,24,0,0,0,0,43,0,17,23,23,0,0,0,0,0,0,0,25662
6597,1900,2409,106875,337600,73350,3050,493,4935,1007,573,88,06,085,503116,115,2409,0,0,1326,1083,2864,38892,2409,140,88,221,43,54,32,90,22,44,83,127,148,261,150,348,558,779,136,82,35,128,0,21,37,340,229,39,0,0,0,84,0,0,106,10,0,0,0,0,0,0,0,10,0,0,0,0,0,0,0,0,0,06085503116,239200,43233,2584,138,474,39,12,76,112,52,0,0,06,085,503116,183,312,16,0,27,0,102,121,0,46,143,0,0,14,0,0,25,0,104,67,16,0,0,0,0,18,0,33,39516
2770,84,663,95884,777300,107818,2299,119,1725,227,28,8,06,085,503117,6,696,37,57,218,445,2250,31354,663,51,26,5,5,6,24,21,0,12,88,22,99,89,81,65,69,6,0,0,0,6,0,0,0,0,1,0,0,1,0,0,0,0,0,1,0,0,1,0,0,0,0,0,0,0,0,0,0,0,0,0,0,06085503117,567900,67823,1626,172,98,0,26,9,0,17,40,0,06,085,503117,6,22,0,0,0,0,0,0,0,22,10,0,6,0,0,0,0,0,4,20,8,0,3,6,3,0,0,0,19728
4745,366,1474,103468,764000,99900,2672,114,3423,459,183,109,06,085,503118,32,1566,10,42,564,910,2671,46364,1474,33,39,13,9,0,20,31,54,97,119,200,110,130,84,264,271,177,10,0,9,20,42,21,34,41,80,30,0,12,0,26,0,0,12,15,0,0,0,0,0,0,0,15,0,0,0,0,0,0,0,0,0,06085503118,472700,46553,2132,78,572,9,45,124,116,48,47,62,06,085,503118,121,103,29,0,10,9,21,15,0,19,11,0,0,0,0,0,0,0,11,40,0,31,0,9,0,0,0,0,32371
4837,524,1464,77241,692400,82967,1722,168,3197,524,180,17,06,085,503121,17,1541,19,191,507,957,1891,33507,1464,32,97,90,156,21,66,20,84,21,21,72,215,154,55,210,150,525,66,113,115,86,0,22,53,70,29,0,0,0,9,0,0,0,20,0,0,0,0,0,0,0,0,0,0,0,0,0,0,0,0,0,0,06085503121,512300,66487,1483,115,575,161,30,165,71,22,28,44,06,085,503121,54,19,0,0,9,0,0,0,0,10,45,26,0,9,0,0,0,0,10,0,0,0,0,0,0,0,0,0,27385
3349,181,1254,48750,286100,178933,1125,462,2209,367,59,26,06,085,503122,0,1307,0,8,468,786,1166,27250,1254,149,94,94,80,119,48,19,0,26,100,30,170,131,81,65,48,305,53,30,62,38,71,8,5,38,0,0,0,0,0,0,0,0,0,0,0,0,0,0,0,0,0,0,0,0,0,0,0,0,0,0,0,06085503122,122200,36753,737,74,131,22,4,26,29,45,0,0,06,085,503122,5,15,15,0,0,0,0,0,0,0,14,0,0,0,0,0,0,0,14,0,0,0,0,0,0,0,0,0,21880
3935,732,1650,60119,167300,100816,1989,246,2789,336,234,26,06,085,503123,0,1720,54,81,453,1197,1883,35855,1650,102,92,103,24,73,104,92,76,42,115,252,64,123,109,135,144,177,47,15,16,48,41,0,10,0,57,31,0,0,0,7,0,0,19,0,0,0,0,0,0,0,0,0,34,21,0,0,13,0,0,0,0,06085503123,-666666666,-222222222,1619,97,387,24,55,41,61,19,55,0,06,085,503123,132,50,7,0,20,0,0,23,0,0,9,0,0,0,0,0,0,9,0,10,10,0,0,0,0,0,0,0,26266
3467,275,922,129079,1078300,37962,3341,319,2606,636,263,4,06,085,503207,8,932,0,5,775,147,2354,38056,922,17,0,18,5,43,0,18,0,28,22,90,69,117,78,133,284,176,39,37,4,47,0,5,10,34,0,0,0,0,0,0,0,0,0,0,0,0,0,0,0,0,0,0,18,0,0,9,9,0,0,0,0,06085503207,717200,32332,2343,604,104,4,2,31,7,22,22,7,06,085,503207,9,31,0,5,16,0,0,0,10,0,0,0,0,0,0,0,0,0,0,13,9,2,0,0,2,0,0,0,30054
2981,138,718,147750,921900,42970,3501,-333333333,1962,305,114,2,06,085,503208,5,734,5,4,569,149,2886,41545,718,5,19,0,20,40,0,10,38,17,0,56,77,31,55,108,242,40,7,12,0,0,7,0,0,14,52,0,7,2,11,5,0,0,27,7,7,0,0,0,0,0,0,0,0,0,0,0,0,0,0,0,0,06085503208,647300,24827,2167,759,124,7,0,20,54,13,21,0,06,085,503208,9,11,5,0,0,6,0,0,0,0,15,6,0,0,4,5,0,0,0,21,21,0,0,0,0,0,0,0,32601
4131,132,977,119719,945700,46495,2217,499,2928,444,114,0,06,085,503210,12,1020,19,0,689,288,2460,37658,977,8,42,4,9,32,26,3,5,24,43,63,109,131,56,180,242,122,7,7,0,18,11,23,20,36,12,0,0,0,0,12,0,0,0,0,0,0,0,0,0,0,0,0,0,0,0,0,0,0,0,0,0,06085503210,644400,14638,2017,363,157,69,19,12,22,16,13,0,06,085,503210,6,9,0,0,0,0,0,0,0,9,0,0,0,0,0,0,0,0,0,0,0,0,0,0,0,0,0,0,30858
4341,488,1187,102292,1000300,67514,3235,221,3291,575,67,16,06,085,503211,21,1221,41,0,925,262,2318,37869,1187,84,0,0,0,21,13,14,42,5,8,133,257,71,125,207,207,135,28,11,0,86,0,0,0,10,0,0,0,0,0,0,0,0,0,22,22,0,0,0,0,0,0,0,0,0,0,0,0,0,0,0,0,06085503211,711600,38253,2213,180,193,35,0,15,6,49,36,0,06,085,503211,52,16,0,0,10,0,0,6,0,0,0,0,0,0,0,0,0,0,0,13,0,0,0,13,0,0,0,0,31327
4074,210,1005,113807,1048900,49685,3501,-333333333,2961,644,98,26,06,085,503212,24,1005,5,0,791,214,2569,31205,1005,37,18,8,17,25,38,59,45,6,11,68,58,133,81,158,243,79,18,0,46,0,8,7,0,0,7,0,0,0,0,0,0,0,7,0,0,0,0,0,0,0,0,0,0,0,0,0,0,0,0,0,0,06085503212,712900,33038,2263,356,101,15,0,38,0,0,25,23,06,085,503212,0,3,0,3,0,0,0,0,0,0,3,0,0,0,3,0,0,0,0,16,16,0,0,0,0,0,0,0,33639
5162,351,1313,72686,358100,49515,1646,501,3126,457,124,23,06,085,503213,13,1347,22,43,783,530,1713,25422,1313,92,85,22,78,20,9,71,16,45,105,157,178,28,112,240,55,66,11,33,0,21,0,1,0,0,0,0,0,0,0,0,0,0,0,31,0,0,3,0,28,0,0,0,23,23,0,0,0,0,0,0,0,06085503213,296400,72484,2038,683,168,43,27,12,51,19,0,0,06,085,503213,16,8,0,0,0,0,0,0,0,8,19,0,0,19,0,0,0,0,0,28,0,8,0,0,0,10,0,10,28810
4000,36,967,90781,743100,59641,2694,303,2367,287,0,0,06,085,503217,10,1001,0,34,587,380,2663,40031,967,74,17,0,38,0,24,54,0,35,0,147,104,125,55,129,165,591,18,18,184,18,97,184,11,61,8,0,0,0,0,8,0,0,0,0,0,0,0,0,0,0,0,0,0,0,0,0,0,0,0,0,0,06085503217,460300,29986,1575,344,175,11,0,17,22,78,0,0,06,085,503217,47,8,0,0,0,8,0,0,0,0,25,0,12,13,0,0,0,0,0,10,0,0,10,0,0,0,0,0,33215
4587,120,1071,73297,873200,21610,1711,175,2818,137,13,20,06,085,503218,7,1095,39,24,342,729,1743,26423,1071,6,49,32,58,27,29,50,99,63,61,101,154,99,85,104,54,127,9,23,35,10,39,0,11,0,78,0,0,25,36,0,17,0,0,0,0,0,0,0,0,0,0,0,25,17,0,8,0,0,0,0,0,06085503218,635500,17046,1379,88,284,94,15,52,54,42,27,0,06,085,503218,0,0,0,0,0,0,0,0,0,0,0,0,0,0,0,0,0,0,0,29,12,17,0,0,0,0,0,0,22416
6735,379,1813,98438,793500,74444,2124,309,5015,775,231,8,06,085,503304,39,1835,9,0,1067,746,2030,30148,1813,34,94,62,79,77,20,25,63,65,89,197,154,180,166,218,290,260,50,27,0,6,71,9,40,57,13,13,0,0,0,0,0,0,0,0,0,0,0,0,0,0,0,0,131,0,0,0,0,131,0,0,0,06085503304,529100,58737,1781,181,572,134,40,91,146,29,53,0,06,085,503304,79,0,0,0,0,0,0,0,0,0,13,0,0,0,0,0,13,0,0,0,0,0,0,0,0,0,0,0,26049
5759,137,1440,102500,937400,52619,3005,692,3835,974,86,41,06,085,503305,0,1440,13,21,851,589,2443,35866,1440,9,136,7,27,47,0,30,17,60,63,89,228,188,109,137,293,250,97,0,63,29,40,0,12,9,75,66,9,0,0,0,0,0,0,15,0,0,0,0,0,0,0,15,27,7,10,0,0,10,0,0,0,06085503305,596300,27211,2120,313,169,45,18,8,35,36,15,0,06,085,503305,12,113,88,0,0,0,13,0,0,12,0,0,0,0,0,0,0,0,0,0,0,0,0,0,0,0,0,0,25910
4005,166,831,113906,771900,63605,3243,370,2732,238,61,4,06,085,503306,13,864,4,23,683,148,2060,35766,831,9,16,7,24,41,0,45,16,39,50,35,125,29,83,131,181,53,6,0,0,0,27,12,0,8,26,11,0,0,0,5,0,10,0,16,0,0,1,0,8,0,7,0,4,0,0,0,0,4,0,0,0,06085503306,564300,38820,1918,363,230,23,56,23,17,29,22,17,06,085,503306,43,36,15,0,9,0,0,12,0,0,0,0,0,0,0,0,0,0,0,0,0,0,0,0,0,0,0,0,28213
3508,724,1102,160972,1185700,220477,3490,615,2498,714,410,15,06,085,503312,24,1202,181,69,944,158,2861,63029,1102,18,0,7,8,14,10,7,0,7,25,41,61,145,104,246,409,17,0,0,0,0,17,0,0,0,0,0,0,0,0,0,0,0,0,7,0,0,0,7,0,0,0,0,0,0,0,0,0,0,0,0,0,06085503312,895800,75169,2356,649,163,18,7,9,9,40,40,0,06,085,503312,40,63,0,8,0,0,24,9,6,16,0,0,0,0,0,0,0,0,0,39,9,30,0,0,0,0,0,0,33367
4643,624,1279,214531,1569100,72557,-666666666,-222222222,3017,1019,414,102,06,085,503313,45,1279,12,0,1170,109,3216,56613,1279,15,13,0,14,0,29,0,62,13,41,9,121,111,27,151,673,178,0,16,11,12,22,0,0,117,36,0,36,0,0,0,0,0,0,8,0,0,2,0,0,0,0,6,0,0,0,0,0,0,0,0,0,06085503313,949500,39018,3095,428,138,21,11,23,14,27,10,0,06,085,503313,32,79,21,0,0,0,0,58,0,0,5,0,0,5,0,0,0,0,0,0,0,0,0,0,0,0,0,0,49345
8188,567,2145,157179,979600,63036,3113,318,5478,1288,267,57,06,085,503315,73,2167,24,0,1290,855,2665,49954,2145,121,26,27,39,0,24,46,0,8,104,93,173,158,140,499,687,296,26,23,46,3,0,128,10,60,127,18,0,0,63,20,9,9,8,23,0,0,0,8,8,0,0,7,38,5,0,0,0,0,33,0,0,06085503315,732300,64229,2297,194,425,63,43,32,96,85,30,10,06,085,503315,66,61,7,0,4,0,0,40,0,10,26,10,8,0,0,8,0,0,0,67,30,0,0,16,10,11,0,0,31811
4440,195,1118,162321,1307600,111761,3501,-333333333,3528,882,166,31,06,085,503321,43,1118,0,0,1037,81,2837,44588,1118,25,0,13,0,0,0,13,0,0,0,103,52,220,106,118,468,160,41,14,0,7,12,5,0,81,45,0,0,16,9,5,0,15,0,5,0,0,0,0,0,0,5,0,0,0,0,0,0,0,0,0,0,06085503321,870000,36514,3368,249,215,76,9,11,14,7,23,17,06,085,503321,58,44,1,0,0,30,0,0,0,13,12,0,0,0,0,0,12,0,0,0,0,0,0,0,0,0,0,0,36989
4612,503,1135,111326,1112500,17525,2439,671,3408,716,112,11,06,085,503322,17,1135,7,125,786,349,2341,36567,1135,8,12,13,63,12,9,33,65,10,24,112,95,170,130,118,261,61,0,16,0,0,19,0,0,26,51,0,0,0,0,0,0,0,51,0,0,0,0,0,0,0,0,0,0,0,0,0,0,0,0,0,0,06085503322,786500,36782,2743,476,133,21,27,7,5,17,0,12,06,085,503322,44,5,0,0,5,0,0,0,0,0,0,0,0,0,0,0,0,0,0,16,16,0,0,0,0,0,0,0,32447
3711,326,1024,164063,1104200,50620,-666666666,-222222222,2520,600,180,41,06,085,503323,19,1062,0,0,878,146,2985,49519,1024,0,9,39,18,0,10,43,0,13,12,99,97,76,38,208,362,116,53,0,9,0,18,0,0,36,6,0,0,6,0,0,0,0,0,16,16,0,0,0,0,0,0,0,0,0,0,0,0,0,0,0,0,06085503323,774600,59775,3096,691,32,8,0,6,0,18,0,0,06,085,503323,0,0,0,0,0,0,0,0,0,0,7,7,0,0,0,0,0,0,0,0,0,0,0,0,0,0,0,0,38851
3228,240,928,165904,1270500,85988,2425,1650,2413,531,431,50,06,085,503324,47,934,0,0,754,174,2437,50792,928,35,10,4,6,9,0,5,13,23,67,24,113,23,60,132,404,13,0,0,0,0,0,4,0,9,0,0,0,0,0,0,0,0,0,3,3,0,0,0,0,0,0,0,10,10,0,0,0,0,0,0,0,06085503324,938300,30918,3068,354,139,18,22,10,6,27,10,9,06,085,503324,37,11,0,0,0,0,0,0,0,11,21,0,0,0,4,0,0,7,10,5,5,0,0,0,0,0,0,0,40938
4365,332,1113,145861,1144900,33462,2519,368,3043,737,343,70,06,085,503325,21,1150,0,10,818,295,3168,47654,1113,17,0,0,18,21,16,16,66,27,8,39,51,152,155,148,379,43,1,9,0,21,6,0,0,6,17,7,0,0,0,0,10,0,0,0,0,0,0,0,0,0,0,0,0,0,0,0,0,0,0,0,0,06085503325,804600,49304,2716,601,150,54,28,16,0,0,11,0,06,085,503325,41,32,9,0,0,10,0,0,0,13,23,0,0,23,0,0,0,0,0,0,0,0,0,0,0,0,0,0,40533
7028,822,1916,207188,1858900,151375,3501,-333333333,4658,1872,769,27,06,085,503326,226,1988,17,10,1588,328,4001,51631,1916,0,41,28,28,0,46,7,36,0,21,0,183,112,228,221,965,184,11,0,0,0,40,0,0,133,57,0,13,0,0,0,0,0,44,0,0,0,0,0,0,0,0,0,24,7,0,0,7,10,0,0,0,06085503326,1169900,44306,3383,505,41,0,0,0,0,0,6,0,06,085,503326,35,8,0,0,0,0,0,0,0,8,0,0,0,0,0,0,0,0,0,38,20,0,10,0,0,0,0,8,60473
4410,420,1403,167232,1217300,69350,3501,-333333333,3140,940,393,77,06,085,503327,58,1523,0,9,1031,372,3108,62264,1403,16,20,10,20,13,40,49,0,71,21,128,111,44,131,75,654,153,33,8,0,18,11,19,11,53,12,0,0,12,0,0,0,0,0,0,0,0,0,0,0,0,0,0,0,0,0,0,0,0,0,0,0,06085503327,827800,31336,2278,531,182,26,23,11,8,35,0,31,06,085,503327,48,25,0,25,0,0,0,0,0,0,0,0,0,0,0,0,0,0,0,26,16,10,0,0,0,0,0,0,34766
3370,501,1012,234167,1670200,114355,3501,-333333333,2384,710,816,55,06,085,503329,131,1044,0,0,912,100,3729,89821,1012,9,0,0,6,0,9,0,0,0,11,19,59,45,99,133,622,47,0,12,0,9,8,0,0,18,19,0,0,0,8,0,0,0,11,38,10,0,0,0,0,0,0,28,0,0,0,0,0,0,0,0,0,06085503329,1070400,49194,3205,323,82,7,0,4,5,13,0,7,06,085,503329,46,34,10,7,0,11,0,0,0,6,17,0,0,4,0,0,0,0,13,8,0,8,0,0,0,0,0,0,65598
6885,438,1990,250001,1876500,94596,3501,-333333333,4634,1535,1623,137,06,085,503330,301,1998,21,0,1781,209,4001,119186,1990,0,26,0,0,0,0,0,0,0,0,12,113,60,65,210,1504,193,18,0,0,0,21,28,25,101,23,0,12,0,0,11,0,0,0,0,0,0,0,0,0,0,0,0,8,0,0,0,0,0,0,0,8,06085503330,1279400,91730,2827,311,298,58,0,48,0,32,20,0,06,085,503330,140,45,11,0,0,0,0,0,0,34,5,5,0,0,0,0,0,0,0,130,0,0,0,37,24,0,0,69,94074
3553,1108,1353,133068,1213900,123869,3304,497,2877,873,464,181,06,085,503331,86,1422,0,8,1184,169,3394,49667,1353,49,8,0,64,15,36,41,23,64,28,98,142,85,82,110,508,96,0,0,25,24,27,0,0,20,23,0,0,0,0,11,0,6,6,21,0,0,0,0,0,14,0,7,8,0,0,0,0,0,0,0,8,06085503331,837900,42328,1875,277,189,16,15,28,12,57,16,12,06,085,503331,33,46,0,9,0,9,0,28,0,0,29,14,8,7,0,0,0,0,0,0,0,0,0,0,0,0,0,0,44460
5641,3004,2839,139696,1001400,142102,3501,-333333333,4838,1502,975,147,06,085,503332,168,2880,0,0,2567,272,2774,66476,2839,76,31,30,113,35,65,83,69,135,121,146,225,206,191,368,945,200,0,26,0,15,0,23,26,110,89,0,0,0,0,55,0,25,9,36,18,0,0,0,0,0,0,18,92,0,0,0,0,0,0,0,92,06085503332,881300,51673,2017,1563,226,0,0,34,14,0,60,0,06,085,503332,118,13,0,0,0,0,0,0,0,13,73,0,0,0,0,16,0,15,42,0,0,0,0,0,0,0,0,0,48929
4507,845,1384,183409,1353500,260669,3501,-333333333,3352,1162,461,39,06,085,503333,179,1384,0,0,1086,298,3759,59721,1384,13,19,0,0,14,12,33,0,51,40,93,59,147,138,128,637,76,0,0,6,10,0,43,0,17,92,0,0,7,6,28,0,0,51,0,0,0,0,0,0,0,0,0,37,0,0,0,0,0,0,0,37,06085503333,874500,82990,2970,409,171,8,32,0,11,6,8,0,06,085,503333,106,56,0,0,0,19,25,0,12,0,4,0,0,0,0,0,0,0,4,12,0,0,0,0,0,0,0,12,49028
2930,122,824,163000,928600,53576,2942,720,2203,529,199,18,06,085,503336,20,824,26,0,629,195,2582,50000,824,20,16,17,17,4,5,0,14,52,18,19,110,48,49,207,228,56,0,6,0,0,0,14,7,29,40,8,0,0,6,12,9,0,5,0,0,0,0,0,0,0,0,0,8,0,0,8,0,0,0,0,0,06085503336,606200,35203,2291,347,133,19,8,37,18,25,0,6,06,085,503336,20,22,9,0,0,7,0,6,0,0,0,0,0,0,0,0,0,0,0,0,0,0,0,0,0,0,0,0,37832
4204,203,1051,155972,786000,114639,2510,1105,3129,965,228,23,06,085,503337,5,1068,0,0,919,132,2244,47554,1051,35,18,5,13,25,19,16,19,37,21,35,88,120,64,211,325,75,24,7,0,0,9,0,0,35,11,0,4,0,7,0,0,0,0,0,0,0,0,0,0,0,0,0,0,0,0,0,0,0,0,0,0,06085503337,583500,57619,1620,983,190,37,0,18,66,24,17,8,06,085,503337,20,20,0,15,0,5,0,0,0,0,62,62,0,0,0,0,0,0,0,14,7,0,0,0,0,0,0,7,28390
4203,79,936,93571,818100,51407,3129,1161,2903,244,49,15,06,085,503401,13,1023,23,5,679,257,2468,34157,936,7,0,9,48,7,12,21,62,21,41,145,129,75,123,95,141,84,5,18,14,0,19,14,0,14,41,13,0,0,0,8,0,20,0,0,0,0,0,0,0,0,0,0,0,0,0,0,0,0,0,0,0,06085503401,603600,29143,2164,285,131,15,18,19,17,45,11,6,06,085,503401,0,20,0,0,0,12,4,4,0,0,3,3,0,0,0,0,0,0,0,0,0,0,0,0,0,0,0,0,26816
4594,200,1001,77153,832400,59647,2128,96,2668,314,31,40,06,085,503402,10,1056,0,23,425,576,2183,28333,1001,43,57,59,20,69,17,38,10,24,92,56,58,101,15,109,233,153,44,24,0,23,45,0,0,17,0,0,0,0,0,0,0,0,0,0,0,0,0,0,0,0,0,0,41,29,0,0,12,0,0,0,0,06085503402,606500,27170,1522,172,191,78,32,15,38,16,0,0,06,085,503402,12,31,7,0,0,0,8,0,0,16,0,0,0,0,0,0,0,0,0,8,8,0,0,0,0,0,0,0,20659
5550,19,1113,143674,788600,54043,3501,-333333333,3676,639,59,4,06,085,503504,5,1229,63,0,750,363,2249,38000,1113,0,0,31,0,21,0,44,13,10,50,29,154,119,118,241,283,155,17,0,0,35,0,8,24,71,0,0,0,0,0,0,0,0,0,0,0,0,0,0,0,0,0,0,26,0,0,26,0,0,0,0,0,06085503504,609300,18156,2120,673,225,57,72,39,0,0,49,0,06,085,503504,8,27,27,0,0,0,0,0,0,0,0,0,0,0,0,0,0,0,0,18,0,18,0,0,0,0,0,0,30777
6736,216,1240,107091,879400,28272,2838,227,4091,373,36,28,06,085,503506,9,1284,0,0,632,608,2606,39463,1240,12,42,17,8,3,0,21,0,21,78,84,282,156,105,132,279,121,11,1,0,27,28,23,0,31,17,0,0,0,8,0,0,0,9,6,0,6,0,0,0,0,0,0,13,13,0,0,0,0,0,0,0,06085503506,599600,18526,2166,165,224,18,79,44,0,38,30,8,06,085,503506,7,0,0,0,0,0,0,0,0,0,6,0,6,0,0,0,0,0,0,31,31,0,0,0,0,0,0,0,26947
2385,57,411,153542,910000,74995,2722,1310,1609,135,25,0,06,085,503507,7,420,15,9,277,134,2557,35448,411,9,8,0,19,6,7,11,0,0,0,23,40,27,53,105,103,50,10,14,0,8,9,0,0,9,6,0,0,0,6,0,0,0,0,0,0,0,0,0,0,0,0,0,0,0,0,0,0,0,0,0,0,06085503507,643200,32435,2550,261,81,7,11,8,7,33,0,0,06,085,503507,15,4,0,2,2,0,0,0,0,0,2,0,2,0,0,0,0,0,0,0,0,0,0,0,0,0,0,0,26277
5920,289,1214,125561,885900,38058,2922,570,3985,461,62,11,06,085,503508,0,1241,82,18,892,322,2277,36199,1214,12,36,0,13,58,11,0,55,38,35,20,90,228,286,60,272,127,0,9,0,10,8,53,38,9,19,0,0,0,0,0,0,0,19,55,26,0,9,0,0,0,0,20,9,0,0,9,0,0,0,0,0,06085503508,584900,30804,2045,412,240,42,0,2,78,44,31,35,06,085,503508,8,8,0,0,0,0,8,0,0,0,0,0,0,0,0,0,0,0,0,0,0,0,0,0,0,0,0,0,24366
4207,193,805,156339,966000,69420,3501,-333333333,2646,330,93,6,06,085,503509,19,833,2,7,604,201,2987,43319,805,25,5,16,8,7,14,0,11,22,34,49,110,32,53,153,266,86,0,6,0,0,10,30,0,40,4,0,0,4,0,0,0,0,0,0,0,0,0,0,0,0,0,0,11,0,0,0,11,0,0,0,0,06085503509,661600,26359,2805,507,160,24,36,29,7,0,41,4,06,085,503509,19,9,0,0,0,0,0,0,0,9,27,12,0,0,0,0,4,11,0,20,0,0,20,0,0,0,0,0,32250
4409,482,1132,117560,881300,45133,2246,296,2873,480,140,23,06,085,503510,23,1310,38,0,667,465,2552,39661,1132,9,0,13,0,12,0,43,0,53,109,121,82,213,110,130,237,187,0,0,66,27,40,33,0,21,52,0,0,52,0,0,0,0,0,4,0,0,0,0,0,4,0,0,19,19,0,0,0,0,0,0,0,06085503510,567700,37782,1635,255,358,61,10,79,22,94,37,9,06,085,503510,46,0,0,0,0,0,0,0,0,0,0,0,0,0,0,0,0,0,0,21,21,0,0,0,0,0,0,0,30887
3391,148,787,125066,978300,51296,3026,537,2366,387,76,3,06,085,503511,33,821,19,0,608,179,2471,34556,787,31,0,33,11,11,30,28,0,0,0,102,78,69,95,77,222,173,6,0,17,21,63,29,0,37,53,25,9,4,0,4,3,0,8,0,0,0,0,0,0,0,0,0,24,5,4,0,11,0,0,0,4,06085503511,635200,20190,2418,155,255,41,28,29,68,26,30,6,06,085,503511,27,36,7,0,0,15,0,0,0,14,8,8,0,0,0,0,0,0,0,0,0,0,0,0,0,0,0,0,34364
3609,656,914,100357,921600,117501,1946,132,2196,222,139,5,06,085,503601,33,936,116,158,342,572,2128,37481,914,18,37,30,11,16,11,19,44,22,34,84,130,109,53,155,141,188,26,0,89,0,50,5,5,13,0,0,0,0,0,0,0,0,0,0,0,0,0,0,0,0,0,0,10,0,0,0,0,0,0,0,10,06085503601,651100,43438,1474,141,87,0,12,34,11,17,5,0,06,085,503601,8,47,30,0,4,13,0,0,0,0,0,0,0,0,0,0,0,0,0,29,23,0,6,0,0,0,0,0,29647
5018,256,1271,89888,721300,100687,2219,204,3175,326,134,34,06,085,503602,36,1271,60,136,592,679,2068,34219,1271,84,46,7,23,19,43,41,31,11,109,76,203,119,61,185,213,92,5,11,0,36,22,0,0,18,54,12,0,3,0,19,0,0,20,0,0,0,0,0,0,0,0,0,28,0,0,0,0,0,0,0,28,06085503602,550900,53329,1399,167,398,85,21,67,107,58,11,19,06,085,503602,30,171,41,0,0,58,21,32,0,19,25,12,0,13,0,0,0,0,0,17,5,0,12,0,0,0,0,0,22790
3727,7,860,83500,880900,28529,1953,220,2460,150,46,0,06,085,503703,0,878,0,14,373,487,2169,31717,860,46,23,14,37,5,5,44,30,61,12,73,138,136,34,128,74,101,28,23,12,13,6,9,0,10,18,0,0,0,14,0,0,0,4,12,0,0,0,12,0,0,0,0,21,21,0,0,0,0,0,0,0,06085503703,628500,27426,1410,54,127,36,35,14,21,21,0,0,06,085,503703,0,27,6,5,0,8,8,0,0,0,6,0,0,0,0,0,0,0,6,17,17,0,0,0,0,0,0,0,26135
5088,162,1345,105284,694000,69251,2698,355,3595,602,237,11,06,085,503707,0,1412,77,17,542,803,2570,38912,1345,40,0,22,39,0,19,95,31,24,87,179,134,195,48,141,291,488,20,0,26,106,296,21,0,19,9,9,0,0,0,0,0,0,0,0,0,0,0,0,0,0,0,0,0,0,0,0,0,0,0,0,0,06085503707,488100,53974,2123,118,167,30,14,64,0,10,24,0,06,085,503707,25,0,0,0,0,0,0,0,0,0,10,0,0,0,0,0,0,0,10,9,0,0,0,9,0,0,0,0,32687
2442,104,702,101410,967500,73070,1679,742,1780,454,115,41,06,085,503708,24,720,17,0,409,293,2146,38523,702,37,39,5,9,23,21,13,0,18,33,75,56,51,90,109,123,121,29,6,0,0,0,50,0,36,48,20,1,3,0,7,7,0,10,12,0,0,4,0,0,0,8,0,10,10,0,0,0,0,0,0,0,06085503708,663700,35139,1338,623,118,21,0,0,10,35,15,0,06,085,503708,37,39,13,11,0,11,0,0,0,4,5,0,0,0,5,0,0,0,0,13,5,0,0,0,0,8,0,0,26484
5849,323,2167,66420,1041700,74253,1383,792,4391,772,470,20,06,085,503709,218,2339,0,14,673,1494,2043,33604,2167,198,176,74,189,71,89,86,114,16,29,122,232,36,58,151,526,262,15,45,0,23,39,14,0,126,104,4,0,40,0,0,12,0,48,74,0,13,0,0,18,43,0,0,1,0,0,1,0,0,0,0,0,06085503709,744600,120157,810,294,421,61,44,35,77,65,8,28,06,085,503709,103,133,46,44,1,0,6,0,0,36,10,0,10,0,0,0,0,0,0,47,29,0,0,0,18,0,0,0,16097
3358,77,1027,58956,938600,91821,1167,204,2041,382,24,27,06,085,503710,30,1152,47,65,254,773,1331,34133,1027,14,73,24,213,0,46,18,38,14,109,64,124,33,25,161,71,163,19,0,76,31,0,12,0,25,10,0,10,0,0,0,0,0,0,0,0,0,0,0,0,0,0,0,0,0,0,0,0,0,0,0,0,06085503710,657700,107090,972,244,111,39,0,29,0,37,0,6,06,085,503710,0,40,9,0,0,20,0,0,11,0,0,0,0,0,0,0,0,0,0,0,0,0,0,0,0,0,0,0,25723
4423,98,995,108565,908200,90486,2406,443,2674,354,132,0,06,085,503711,26,1030,135,40,437,558,2437,36820,995,34,12,28,20,25,0,45,21,0,112,74,107,35,71,234,177,130,17,0,30,15,61,0,0,7,32,6,20,0,0,0,0,6,0,0,0,0,0,0,0,0,0,0,17,15,2,0,0,0,0,0,0,06085503711,602400,31318,2035,167,144,19,0,29,32,37,6,0,06,085,503711,21,60,24,12,0,16,0,8,0,0,12,0,0,0,12,0,0,0,0,8,2,0,0,2,0,4,0,0,26613
4015,219,1295,65893,641400,26971,1817,268,2754,412,261,0,06,085,503712,52,1349,94,0,270,1025,1968,29462,1295,39,86,87,88,69,29,66,18,56,84,92,151,84,127,105,114,315,38,57,44,56,25,22,0,73,37,0,3,3,11,8,0,12,0,0,0,0,0,0,0,0,0,0,52,43,0,0,0,9,0,0,0,06085503712,440600,26893,1455,128,210,62,30,49,7,10,10,0,06,085,503712,42,24,0,0,5,9,0,0,10,0,27,10,0,0,11,0,0,0,6,30,0,0,18,0,12,0,0,0,26029
3197,53,1083,66002,482300,62795,1759,902,2019,283,40,13,06,085,503713,3,1141,7,0,286,797,1983,32083,1083,58,123,14,49,83,15,7,91,7,7,177,137,163,42,93,17,227,23,53,62,15,27,17,30,0,71,0,0,0,47,8,0,0,16,19,0,0,0,0,19,0,0,0,0,0,0,0,0,0,0,0,0,06085503713,342600,25322,1519,192,185,0,97,38,17,13,8,0,06,085,503713,12,31,0,0,15,0,16,0,0,0,0,0,0,0,0,0,0,0,0,0,0,0,0,0,0,0,0,0,24283
7718,648,2072,106364,1087000,54880,2768,231,5218,1132,284,5,06,085,503802,49,2119,27,25,1167,905,2760,41313,2072,116,59,86,91,44,5,23,105,50,97,20,256,215,59,352,494,321,4,24,37,95,104,0,29,28,71,41,1,7,0,0,14,0,8,28,0,0,0,0,0,0,0,28,28,14,0,0,14,0,0,0,0,06085503802,752000,56945,2315,206,450,93,9,79,71,171,4,1,06,085,503802,22,43,3,0,36,4,0,0,0,0,71,0,0,0,0,32,0,18,21,0,0,0,0,0,0,0,0,0,34261
5261,417,1217,175272,1253300,138556,3475,1121,3566,1026,365,103,06,085,503803,91,1270,0,47,869,348,3258,50277,1217,25,7,0,0,27,20,16,0,7,13,50,116,100,149,185,502,220,44,12,15,54,18,6,0,71,56,0,0,0,0,16,0,0,40,8,0,0,8,0,0,0,0,0,9,0,0,9,0,0,0,0,0,06085503803,826000,60338,1840,89,119,9,3,9,7,19,11,0,06,085,503803,61,29,0,0,0,20,0,0,0,9,0,0,0,0,0,0,0,0,0,46,3,15,12,0,0,16,0,0,31128
5618,680,1755,111414,1017200,73305,2734,455,4182,861,365,61,06,085,503804,79,1785,15,0,1079,676,2456,37798,1755,43,10,35,95,40,0,37,89,9,112,106,168,203,151,259,398,166,12,9,53,0,9,26,0,57,74,0,0,0,11,0,44,0,19,28,0,0,0,0,0,10,0,18,0,0,0,0,0,0,0,0,0,06085503804,672100,35144,2500,310,145,31,10,30,0,0,26,0,06,085,503804,48,97,8,10,12,0,10,0,0,57,41,0,0,0,0,0,16,12,13,30,16,0,0,0,0,0,0,14,38714
6441,635,1541,104009,903100,65120,2316,213,4226,597,99,22,06,085,503902,0,1620,605,88,967,574,2544,40844,1541,0,14,24,10,77,0,57,31,31,66,151,247,246,132,192,263,478,81,0,12,57,235,73,0,20,70,28,0,5,5,0,32,0,0,64,0,0,0,0,0,64,0,0,0,0,0,0,0,0,0,0,0,06085503902,644000,22783,1848,107,357,82,53,26,35,81,50,0,06,085,503902,30,144,82,0,0,16,30,0,8,8,13,0,0,0,0,0,13,0,0,0,0,0,0,0,0,0,0,0,35988
2961,424,826,124167,1019600,58164,2228,939,2269,446,145,51,06,085,503903,3,899,151,77,450,376,2584,40704,826,0,25,18,69,5,6,0,22,18,28,53,72,113,40,142,215,209,18,12,48,22,39,7,0,63,26,12,0,0,0,0,5,0,9,0,0,0,0,0,0,0,0,0,24,7,0,0,0,17,0,0,0,06085503903,676500,33339,2289,473,223,44,22,33,12,33,0,29,06,085,503903,50,35,8,0,12,4,5,0,0,6,21,0,0,0,11,0,0,5,5,20,20,0,0,0,0,0,0,0,33750
5106,305,1526,81250,819700,54284,2077,313,3671,523,171,33,06,085,504001,22,1592,159,88,793,733,2223,36071,1526,79,49,53,65,116,16,6,38,56,99,140,257,59,80,160,253,98,33,9,20,0,7,8,10,11,16,2,7,0,7,0,0,0,0,16,0,0,0,0,14,1,0,1,0,0,0,0,0,0,0,0,0,06085504001,627700,31143,1717,179,231,27,13,88,41,7,30,0,06,085,504001,25,61,1,19,22,19,0,0,0,0,0,0,0,0,0,0,0,0,0,12,1,0,11,0,0,0,0,0,28589
6358,247,1401,89720,927400,88216,2441,174,3994,632,81,21,06,085,504002,15,1483,34,32,785,616,2452,36264,1401,41,18,29,0,14,42,30,36,138,44,144,220,108,110,155,272,340,0,107,102,31,64,17,0,19,75,0,0,65,0,0,0,10,0,14,14,0,0,0,0,0,0,0,0,0,0,0,0,0,0,0,0,06085504002,632300,30668,1891,242,221,83,52,11,44,0,0,0,06,085,504002,31,30,0,0,0,0,0,0,0,30,32,0,0,0,32,0,0,0,0,67,21,28,8,10,0,0,0,0,29554
4166,480,1094,133571,918900,49730,2419,411,3183,449,216,87,06,085,504101,49,1219,355,144,785,309,2796,40568,1094,0,48,29,0,28,0,42,31,30,71,56,140,61,110,161,287,99,0,0,58,0,25,0,0,16,38,16,0,0,0,15,7,0,0,47,0,22,25,0,0,0,0,0,0,0,0,0,0,0,0,0,0,06085504101,659500,43743,1517,461,158,27,15,20,11,24,20,24,06,085,504101,17,129,81,0,4,9,18,7,10,0,39,14,0,14,0,0,6,0,5,22,6,6,5,0,0,5,0,0,26430
5399,306,1360,123198,909300,54584,2919,492,3781,521,195,7,06,085,504102,9,1423,157,65,939,421,2664,41547,1360,14,65,13,36,26,33,0,55,43,72,64,138,152,42,293,314,174,1,62,17,0,45,0,10,39,43,0,0,0,0,0,31,0,12,13,0,9,4,0,0,0,0,0,3,3,0,0,0,0,0,0,0,06085504102,652600,42121,1951,445,129,21,75,0,0,33,0,0,06,085,504102,0,53,0,18,0,35,0,0,0,0,36,0,14,0,0,22,0,0,0,0,0,0,0,0,0,0,0,0,30892
6476,2084,1875,190890,1187300,51357,3325,218,4682,1315,683,135,06,085,504201,63,2016,387,153,1527,348,3359,50394,1875,24,0,21,8,23,15,21,18,10,97,39,184,162,167,273,813,370,46,26,31,26,61,19,19,142,116,0,0,7,24,15,51,0,19,12,0,0,0,0,0,0,0,12,7,0,0,0,0,0,0,0,7,06085504201,862000,30340,2535,501,389,16,12,27,24,51,74,60,06,085,504201,125,38,20,0,0,0,18,0,0,0,21,12,9,0,0,0,0,0,0,0,0,0,0,0,0,0,0,0,50146
4286,1320,1309,198042,1541900,78309,3179,104,3449,1161,508,65,06,085,504202,134,1421,76,109,1177,132,3920,56083,1309,13,0,5,11,25,0,19,5,0,14,82,85,135,140,162,613,70,0,0,0,7,0,14,0,49,5,0,0,0,0,0,0,0,5,4,0,0,4,0,0,0,0,0,1,0,1,0,0,0,0,0,0,06085504202,1017500,62506,3501,-333333333,90,11,0,0,0,44,0,9,06,085,504202,26,50,0,0,0,0,0,10,0,40,17,0,0,0,0,0,0,6,11,17,0,0,0,0,0,0,0,17,51250
5775,483,1875,152083,1228100,109071,2431,242,4025,1225,745,46,06,085,504307,63,1885,0,59,1460,415,2396,66897,1875,18,0,28,62,59,12,16,0,39,49,85,116,157,289,215,730,193,0,31,30,0,37,0,35,60,17,0,0,0,0,0,0,17,0,0,0,0,0,0,0,0,0,0,8,8,0,0,0,0,0,0,0,06085504307,866200,56471,2000,372,190,50,9,13,0,17,0,21,06,085,504307,80,62,36,17,0,0,0,0,0,9,23,0,0,0,0,0,23,0,0,0,0,0,0,0,0,0,0,0,44129
4726,1072,1516,191339,1549400,157989,3017,596,3619,1064,600,144,06,085,504308,273,1524,10,17,1222,294,2933,66917,1516,99,39,52,18,16,54,10,9,0,49,74,35,49,60,225,727,234,55,0,22,0,11,64,7,75,12,0,0,0,0,0,0,0,12,0,0,0,0,0,0,0,0,0,0,0,0,0,0,0,0,0,0,06085504308,1015100,65200,-666666666,-222222222,332,139,0,42,6,15,17,16,06,085,504308,97,34,0,0,0,0,0,0,23,11,0,0,0,0,0,0,0,0,0,0,0,0,0,0,0,0,0,0,42580
7944,686,3109,173188,1210000,76497,3086,357,6168,1828,1961,92,06,085,504311,484,3209,37,48,1758,1351,3212,92510,3109,25,11,0,25,66,39,0,44,26,178,151,173,247,379,294,1451,870,62,2,56,55,204,0,13,478,110,0,12,29,0,39,0,0,30,62,0,0,0,0,0,0,0,62,38,24,0,0,0,0,0,0,14,06085504311,885300,68392,2604,341,624,119,25,67,34,88,47,56,06,085,504311,188,119,51,17,0,19,0,0,0,32,42,11,14,0,0,17,0,0,0,102,18,0,56,0,0,0,0,28,65128
4483,334,1310,183125,1279500,84187,3110,447,3289,837,475,29,06,085,504314,294,1382,5,0,1099,211,3118,58077,1310,0,19,9,0,6,16,7,55,12,87,21,144,28,96,180,630,157,4,13,34,0,7,0,8,91,40,0,0,0,0,5,0,0,35,0,0,0,0,0,0,0,0,0,21,0,0,0,0,21,0,0,0,06085504314,938400,54470,2740,101,163,26,11,0,69,7,0,0,06,085,504314,50,71,12,7,8,13,0,0,10,21,0,0,0,0,0,0,0,0,0,7,3,0,0,0,0,0,0,4,43512
6396,849,1827,174410,1227900,73485,3463,191,4589,1929,465,60,06,085,504315,144,1963,0,0,1464,363,3453,61147,1827,28,37,6,0,8,36,26,0,33,54,15,105,300,107,288,784,292,4,36,10,71,72,0,0,99,65,7,0,0,0,0,46,0,12,7,0,0,0,0,7,0,0,0,123,103,0,14,0,0,0,6,0,06085504315,878800,33185,2627,165,354,34,8,40,106,26,26,40,06,085,504315,74,34,0,0,0,0,0,0,0,34,11,0,0,0,0,0,0,0,11,163,43,0,23,55,0,0,0,42,45260
5526,374,1499,188098,1155000,57269,3501,-333333333,4014,1239,683,75,06,085,504316,66,1547,0,8,1125,374,3266,46731,1499,20,12,7,11,48,0,18,0,0,25,143,104,87,57,263,704,250,17,32,22,0,0,0,66,113,39,0,0,0,11,0,0,0,28,11,0,0,0,0,11,0,0,0,110,9,0,0,0,10,15,14,62,06085504316,787700,94987,2335,164,293,0,31,52,20,27,79,11,06,085,504316,73,15,0,0,0,15,0,0,0,0,0,0,0,0,0,0,0,0,0,0,0,0,0,0,0,0,0,0,41569
3536,327,1049,175515,1265400,114834,3501,-333333333,2827,921,448,26,06,085,504317,27,1145,15,34,804,245,2634,59583,1049,9,0,17,0,8,17,0,19,0,50,26,93,69,85,239,417,67,0,0,9,0,21,9,0,28,19,0,0,0,0,0,0,0,19,12,0,0,0,0,0,0,0,12,12,0,0,0,0,0,0,0,12,06085504317,870100,47229,3033,1053,76,2,14,13,3,12,0,17,06,085,504317,15,18,0,0,0,0,0,0,18,0,0,0,0,0,0,0,0,0,0,12,12,0,0,0,0,0,0,0,44423
7161,620,1982,111042,264600,16203,2228,231,4658,925,442,24,06,085,504318,35,2102,10,0,1582,400,1929,38912,1982,134,16,0,81,74,48,11,37,71,94,148,217,173,154,230,494,240,58,4,7,19,36,0,41,75,68,10,0,14,0,0,0,0,44,12,0,12,0,0,0,0,0,0,48,0,13,0,0,0,0,0,35,06085504318,148200,31525,1411,266,318,58,34,51,53,15,24,10,06,085,504318,73,89,19,0,20,0,0,17,0,33,40,0,0,4,9,13,0,9,5,57,26,0,21,0,0,10,0,0,30731
6319,569,1962,214286,1280400,85174,2883,424,4881,1886,899,81,06,085,504319,82,2070,19,30,1575,387,3076,61861,1962,45,0,14,86,79,0,0,86,0,15,143,40,169,49,172,1064,221,0,0,15,0,20,0,0,186,99,0,0,0,0,67,0,0,32,15,0,0,0,0,0,15,0,0,96,37,6,0,0,44,0,0,9,06085504319,859000,43986,2418,728,273,0,57,0,0,0,16,0,06,085,504319,200,187,15,0,0,0,107,0,0,65,68,0,19,0,0,0,0,0,49,189,91,20,0,0,0,0,0,78,50183
2946,345,909,179313,1231900,58311,3478,408,2237,834,161,67,06,085,504320,52,915,0,8,680,229,3317,61588,909,4,0,0,76,4,16,0,4,10,25,26,25,106,68,158,387,106,0,19,17,4,30,0,0,36,24,0,10,0,0,0,0,0,14,10,5,0,0,0,0,0,0,5,15,0,15,0,0,0,0,0,0,06085504320,915300,32873,3125,657,83,16,0,12,7,8,0,21,06,085,504320,19,20,0,4,0,8,8,0,0,0,14,7,0,0,0,0,0,0,7,5,0,0,0,0,0,0,0,5,48314
5459,551,1658,182773,1274100,99831,2870,300,4073,1383,416,89,06,085,504321,55,1756,14,7,1184,474,2809,55463,1658,47,47,5,10,8,29,7,18,20,50,175,105,120,66,208,743,509,0,25,51,156,98,8,52,119,18,0,0,10,0,8,0,0,0,34,3,0,0,0,0,9,0,22,9,9,0,0,0,0,0,0,0,06085504321,853500,41635,2684,171,623,48,52,47,241,31,106,31,06,085,504321,67,76,18,0,17,10,12,0,0,19,43,0,0,0,10,0,18,0,15,23,15,0,0,0,0,0,0,8,31651
5649,408,2147,174485,1111000,47899,3235,104,4122,1299,1140,97,06,085,504322,273,2155,0,91,790,1357,3284,85068,2147,76,109,0,39,23,22,0,30,13,23,28,65,178,297,388,856,531,15,0,72,37,7,20,6,374,116,0,0,0,14,0,0,0,102,232,0,10,0,65,0,9,0,148,89,66,23,0,0,0,0,0,0,06085504322,840600,84678,2476,342,503,0,50,15,18,0,17,0,06,085,504322,403,121,0,19,0,0,0,0,0,102,197,0,0,0,0,0,34,47,116,17,0,0,0,0,0,0,0,17,65096
5690,831,1843,151445,1134900,64114,3002,221,4181,1215,743,154,06,085,504323,113,1880,0,0,1107,736,3002,67622,1843,24,42,0,11,29,36,9,36,29,53,75,207,179,173,357,583,149,6,0,0,20,26,3,12,82,113,21,12,0,8,0,22,0,50,65,0,0,0,0,0,0,0,65,102,37,0,0,0,40,0,0,25,06085504323,854500,29238,2616,101,324,49,10,19,38,11,3,0,06,085,504323,194,192,48,53,11,0,0,0,30,50,156,0,0,8,11,0,0,52,85,260,81,33,0,42,12,35,28,29,40146
4055,561,1184,146576,1172500,49523,2690,227,3100,692,459,18,06,085,504410,21,1247,9,0,762,422,2830,56719,1184,37,15,0,104,41,0,13,0,37,18,52,71,84,146,235,331,329,37,13,0,0,17,65,38,159,0,0,0,0,0,0,0,0,0,59,0,27,0,9,0,15,0,8,3,0,3,0,0,0,0,0,0,06085504410,805100,78664,2129,751,73,12,0,22,11,5,0,0,06,085,504410,23,18,0,0,0,10,0,0,0,8,52,0,34,0,0,0,18,0,0,0,0,0,0,0,0,0,0,0,29550
5446,767,1583,161106,1134100,93288,3501,-333333333,3833,1038,502,149,06,085,504411,63,1641,20,14,1185,398,3378,41804,1583,70,51,32,0,25,37,18,12,8,71,64,124,108,152,244,567,126,11,4,0,10,0,11,11,79,24,0,13,0,11,0,0,0,0,0,0,0,0,0,0,0,0,0,40,0,0,0,40,0,0,0,0,06085504411,853500,65897,3303,351,465,120,23,88,25,88,78,31,06,085,504411,12,56,0,0,0,33,10,13,0,0,0,0,0,0,0,0,0,0,0,63,0,0,39,0,0,0,15,9,32248
5052,263,1417,154671,1029800,142339,2535,288,3628,941,418,22,06,085,504412,55,1417,36,28,813,604,2517,47420,1417,25,10,0,0,30,0,37,22,10,44,141,80,81,212,265,460,437,0,12,27,33,91,47,63,164,81,11,0,0,0,0,0,9,61,0,0,0,0,0,0,0,0,0,0,0,0,0,0,0,0,0,0,06085504412,689400,57071,2139,200,265,0,26,0,34,79,46,18,06,085,504412,62,240,1,17,104,0,0,24,40,54,0,0,0,0,0,0,0,0,0,0,0,0,0,0,0,0,0,0,32474
2039,198,767,156042,1207500,87623,1474,231,1537,680,280,21,06,085,504413,86,785,0,0,475,292,2160,57167,767,36,85,5,17,51,10,26,0,11,11,17,54,15,7,116,306,59,0,6,0,0,6,0,0,47,15,0,0,0,15,0,0,0,0,0,0,0,0,0,0,0,0,0,32,0,11,0,11,0,0,0,10,06085504413,931700,68750,1197,71,125,0,0,0,0,4,0,4,06,085,504413,117,6,6,0,0,0,0,0,0,0,9,0,0,5,0,0,0,0,4,14,0,0,0,0,0,7,0,7,53750
5314,530,1742,166034,1619700,142945,3501,-333333333,3595,1475,504,46,06,085,504414,103,1822,0,0,1168,574,3084,61235,1742,103,116,62,0,0,26,15,11,24,13,158,75,132,111,189,707,117,12,0,6,6,9,0,0,84,48,0,0,0,0,0,20,0,28,10,0,0,0,0,0,0,0,10,0,0,0,0,0,0,0,0,0,06085504414,983500,59570,3188,278,188,37,0,0,39,0,0,0,06,085,504414,112,26,2,0,0,0,0,0,0,24,28,5,0,0,0,0,8,0,15,13,2,0,0,11,0,0,0,0,63765
4690,523,1476,181429,1269900,109946,3501,-333333333,3463,1205,729,20,06,085,504415,71,1512,0,13,1243,233,3054,70350,1476,24,65,59,0,9,9,7,12,15,40,56,92,112,145,150,681,118,10,25,10,18,0,0,0,55,89,0,0,35,0,0,0,0,54,67,0,0,0,0,6,0,0,61,54,22,0,10,0,0,0,0,22,06085504415,956500,35571,3270,158,200,29,19,87,0,13,0,0,06,085,504415,52,156,0,0,27,21,20,45,0,43,1,0,0,0,1,0,0,0,0,0,0,0,0,0,0,0,0,0,50754
3883,699,1138,203214,1201000,62429,3413,602,2588,908,514,71,06,085,504416,203,1176,0,0,815,323,3032,71875,1138,38,0,0,41,15,0,43,0,6,12,36,59,38,39,238,573,145,16,27,5,0,0,0,0,97,6,0,0,2,0,0,4,0,0,0,0,0,0,0,0,0,0,0,0,0,0,0,0,0,0,0,0,06085504416,766500,58156,2727,140,201,32,10,0,0,18,13,19,06,085,504416,109,13,0,0,3,0,0,10,0,0,24,0,0,10,0,0,0,14,0,2,0,0,0,0,0,2,0,0,52866
3877,272,1142,133017,992100,90311,2606,174,2845,573,340,31,06,085,504418,62,1165,0,0,586,556,2646,43667,1142,14,33,0,20,24,52,49,9,9,29,39,165,71,123,260,245,292,49,12,41,25,78,10,0,77,32,0,0,0,32,0,0,0,0,26,0,0,0,0,13,0,0,13,22,0,0,17,5,0,0,0,0,06085504418,719300,64998,2101,170,483,60,34,96,86,46,18,55,06,085,504418,88,24,0,0,0,0,14,0,0,10,37,0,0,11,0,0,9,8,9,52,0,34,0,0,0,0,10,8,36269
5459,553,1529,174821,1478400,109577,3501,-333333333,3815,1371,555,96,06,085,504421,199,1542,13,0,1171,358,3605,64281,1529,119,10,14,11,21,38,33,31,0,0,13,158,138,106,128,709,265,33,0,0,28,128,0,0,76,0,0,0,0,0,0,0,0,0,0,0,0,0,0,0,0,0,0,42,0,0,7,13,0,0,0,22,06085504421,927400,39549,3164,215,195,0,10,0,36,46,9,8,06,085,504421,86,70,19,20,7,0,10,14,0,0,0,0,0,0,0,0,0,0,0,40,7,0,12,0,0,0,0,21,46944
3117,309,923,116050,1153300,47883,1650,1038,2195,635,257,44,06,085,504422,16,971,0,7,589,334,2477,40245,923,49,17,25,14,47,36,7,0,17,61,36,115,57,63,156,223,99,7,13,0,19,0,7,23,30,0,0,0,0,0,0,0,0,0,0,0,0,0,0,0,0,0,0,8,8,0,0,0,0,0,0,0,06085504422,759700,66055,1101,654,54,22,11,6,0,10,0,0,06,085,504422,5,23,7,0,0,3,8,0,0,5,0,0,0,0,0,0,0,0,0,0,0,0,0,0,0,0,0,0,39283
2150,424,571,183920,1194200,71692,3501,-333333333,1517,512,231,12,06,085,504423,42,617,28,0,461,110,3198,57157,571,8,0,0,0,0,14,26,0,10,9,19,60,29,24,96,276,127,12,10,0,0,0,15,0,90,6,0,0,0,0,0,0,0,6,8,0,0,0,0,0,0,0,8,26,5,0,0,0,0,0,0,21,06085504423,864100,30388,1828,675,61,6,0,0,13,18,13,0,06,085,504423,11,61,6,27,0,6,22,0,0,0,8,0,0,0,0,0,8,0,0,8,0,0,0,0,0,0,0,8,40661
10763,904,4053,235236,1146000,41089,3430,241,8358,2686,3447,62,06,085,504505,240,4351,0,0,1771,2282,3543,112547,4053,9,16,0,6,114,19,28,47,0,15,245,119,219,314,502,2400,1918,234,0,49,12,126,187,59,1251,169,0,9,10,0,11,35,29,75,178,9,20,0,0,7,0,0,142,292,39,0,0,7,16,46,0,184,06085504505,836200,30135,2538,163,1019,111,10,48,86,75,104,0,06,085,504505,585,228,0,37,0,0,0,11,0,180,89,45,0,0,0,0,0,23,21,155,67,16,12,13,8,0,13,26,64627
6858,489,2192,161900,826000,356806,3107,227,4711,1544,822,101,06,085,504506,111,2238,0,0,1329,863,2888,61785,2192,97,53,25,82,0,0,16,15,44,66,90,145,242,110,323,884,349,0,66,60,14,0,0,0,209,435,0,0,0,23,74,50,42,246,153,0,48,0,0,0,0,19,86,93,23,0,0,16,17,0,0,37,06085504506,603800,138410,2478,164,313,30,12,37,0,0,37,59,06,085,504506,138,49,0,0,0,0,0,0,0,49,78,16,16,0,0,0,0,0,46,54,17,0,0,0,0,0,0,37,60914
6336,680,1650,158250,1159000,31656,2851,309,4199,1219,548,11,06,085,504507,51,1725,0,0,1247,403,3177,55451,1650,82,0,11,36,7,0,22,6,9,114,30,199,138,133,224,639,218,47,14,0,0,41,99,0,17,102,0,0,0,8,0,0,28,66,41,8,0,0,14,19,0,0,0,0,0,0,0,0,0,0,0,0,06085504507,823400,35822,2037,285,167,9,9,15,14,0,0,0,06,085,504507,120,3,3,0,0,0,0,0,0,0,30,9,0,0,0,10,0,0,11,64,54,0,0,0,10,0,0,0,42367
1185,373,524,93707,-666666666,-222222222,2444,761,936,367,79,14,06,085,504601,43,549,10,0,337,187,1800,50370,524,27,0,0,0,0,118,31,0,12,16,35,44,34,23,61,123,6,0,0,0,0,0,0,6,0,20,0,0,0,0,7,0,0,13,65,36,0,0,0,0,0,0,29,10,10,0,0,0,0,0,0,0,06085504601,124800,19722,1310,753,37,5,0,0,15,0,12,0,06,085,504601,5,22,0,4,0,0,0,5,5,8,19,0,0,0,0,0,0,0,19,0,0,0,0,0,0,0,0,0,35507
1639,230,545,89861,1023400,251515,2366,374,1220,319,103,0,06,085,504602,0,570,17,36,379,166,2537,47929,545,0,27,22,15,0,18,20,15,0,65,44,47,24,41,53,154,0,0,0,0,0,0,0,0,0,36,0,0,0,0,0,9,0,27,1,0,0,1,0,0,0,0,0,0,0,0,0,0,0,0,0,0,06085504602,564600,80000,2056,322,45,0,0,11,0,0,0,0,06,085,504602,34,36,0,0,0,11,13,0,12,0,0,0,0,0,0,0,0,0,0,7,7,0,0,0,0,0,0,0,42386
707,296,192,186042,-666666666,-222222222,3501,-333333333,377,112,106,18,06,085,504700,5,201,0,40,0,192,4001,94239,192,0,0,0,0,8,0,0,0,0,0,16,38,6,0,41,83,8,4,0,0,0,0,0,0,4,10,0,0,0,8,2,0,0,0,63,0,10,0,0,0,8,6,39,0,0,0,0,0,0,0,0,0,06085504700,-666666666,-222222222,3501,-333333333,13,0,0,0,0,0,0,0,06,085,504700,13,14,5,0,5,0,0,0,0,4,64,8,4,0,9,0,8,4,31,17,9,0,0,0,0,8,0,0,54333
4859,1054,1675,128875,435500,169236,2985,211,3697,1172,511,37,06,085,504802,85,1786,65,7,1115,560,2613,53882,1675,73,0,17,0,91,53,15,6,34,64,23,202,230,151,184,532,344,16,14,12,30,31,32,11,198,60,4,0,0,12,12,0,0,32,81,8,0,0,7,0,7,0,59,61,25,0,8,0,0,8,0,20,06085504802,436000,204247,2587,138,392,12,0,14,25,41,43,28,06,085,504802,229,105,15,0,0,12,15,8,0,55,74,0,9,0,0,12,7,11,35,114,19,0,0,11,37,15,0,32,45591
7647,2335,3190,147851,241400,20731,3477,543,5845,1405,1091,89,06,085,504805,313,3312,0,13,1835,1355,2345,60037,3190,43,50,17,26,23,102,77,65,52,91,155,393,259,291,479,1067,612,0,0,26,0,101,0,40,445,186,0,11,0,39,16,34,0,86,43,0,0,0,0,0,0,0,43,63,0,0,13,19,13,18,0,0,06085504805,201900,34563,3044,137,438,0,15,74,17,92,0,15,06,085,504805,225,384,0,31,17,52,29,0,31,224,105,0,0,16,0,34,0,17,38,72,38,0,0,0,16,0,0,18,48856
2748,631,825,140096,1246800,113735,3501,-333333333,2216,431,322,21,06,085,504806,75,825,24,17,576,249,3375,56250,825,24,0,12,29,8,17,20,0,8,5,41,126,86,65,102,282,90,5,0,0,15,5,5,0,60,29,0,0,0,0,8,0,3,18,0,0,0,0,0,0,0,0,0,5,0,0,0,0,0,0,0,5,06085504806,917700,43245,3224,360,114,19,3,4,8,13,9,0,06,085,504806,58,34,0,0,0,13,16,0,0,5,13,13,0,0,0,0,0,0,0,17,7,0,0,0,0,5,0,5,38648
11354,1866,5542,223900,1198500,106086,3267,180,9094,2568,4403,262,06,085,505006,913,6020,0,0,761,4781,3297,144921,5542,111,0,0,176,49,25,26,14,0,38,73,221,169,191,1392,3057,1579,0,3,43,48,72,24,35,1354,725,97,0,15,0,20,0,20,573,408,8,42,15,26,8,36,0,273,335,70,0,22,0,66,20,0,157,06085505006,822100,58650,2925,55,1418,28,0,29,15,57,44,41,06,085,505006,1204,956,35,0,50,88,62,134,18,569,731,39,58,46,40,43,16,0,489,392,55,18,0,50,13,0,19,237,113144
4191,906,982,155167,1355700,66964,3165,368,2824,676,227,56,06,085,505007,20,1015,14,0,592,390,2994,43601,982,40,0,12,9,12,8,12,21,8,11,42,175,91,49,107,385,254,96,36,19,24,47,10,0,22,73,30,13,11,6,4,0,0,9,23,8,8,7,0,0,0,0,0,35,7,0,6,0,7,0,0,15,06085505007,949400,56602,2422,148,443,99,53,26,66,56,27,10,06,085,505007,106,46,14,0,12,0,8,4,0,8,90,42,9,8,0,0,8,0,23,40,19,0,7,0,9,0,0,5,30280
3920,807,2013,108539,948800,168654,2210,202,3285,986,631,67,06,085,505100,261,2147,429,31,632,1381,2408,70187,2013,165,96,59,70,44,21,9,28,24,41,147,254,162,79,261,553,394,30,24,20,25,35,77,12,171,122,0,0,0,0,0,21,0,101,79,46,0,0,0,0,0,0,33,41,16,0,9,16,0,0,0,0,06085505100,632400,42712,1728,239,428,71,54,117,38,30,27,0,06,085,505100,91,271,30,0,63,0,11,67,12,88,131,44,0,0,0,0,0,0,87,53,0,0,12,0,0,0,0,41,50580
8473,2028,3572,138438,1154400,86037,3154,155,6343,1589,1275,156,06,085,505202,272,3823,48,474,884,2688,3172,75612,3572,292,14,30,135,82,25,15,48,53,128,142,366,352,172,313,1405,978,71,0,91,35,119,104,38,520,267,11,0,24,0,43,26,0,163,293,11,15,0,14,66,0,0,187,130,10,0,10,13,13,42,0,42,06085505202,884100,59617,1995,137,484,20,81,84,22,92,18,3,06,085,505202,164,150,28,16,16,38,0,0,21,31,337,4,63,28,67,47,0,17,111,150,0,0,0,0,63,58,0,29,42713
5557,2484,1384,118021,1212000,82576,3014,345,2111,670,598,73,06,085,505203,102,1494,149,224,730,654,3458,18708,1384,180,20,0,49,0,22,0,28,54,53,163,40,112,79,137,447,559,201,118,28,5,0,11,12,184,464,205,26,75,11,50,14,11,72,472,253,39,67,58,18,11,0,26,45,37,0,0,8,0,0,0,0,06085505203,864500,57354,2436,313,525,235,9,60,6,13,7,20,06,085,505203,175,476,324,9,20,57,16,11,0,39,491,371,33,12,7,26,9,11,22,90,51,14,11,8,0,0,0,6,11648
5118,1069,2020,187759,1537600,171808,3337,338,4025,1244,973,101,06,085,505301,270,2170,0,36,474,1546,3215,87333,2020,66,24,0,4,16,29,0,25,37,63,26,216,130,217,233,934,395,56,0,33,0,8,0,16,282,338,0,25,1,108,23,60,0,121,127,0,0,0,28,0,0,0,99,52,0,0,0,0,0,0,19,33,06085505301,911200,54754,2926,350,314,20,0,14,0,38,32,16,06,085,505301,194,153,11,0,14,1,47,0,0,80,204,0,42,32,10,35,16,0,69,69,0,0,9,0,0,14,0,46,42134
4796,1498,1629,184125,1544500,85945,3303,257,3295,978,697,29,06,085,505302,191,1691,8,0,1080,549,2968,80288,1629,29,100,20,17,9,0,14,16,9,16,75,130,94,74,267,759,208,14,0,3,14,4,0,10,163,28,0,0,8,0,0,9,0,11,102,0,5,0,25,0,3,0,69,15,0,0,0,0,0,0,0,15,06085505302,942700,70574,2320,245,285,10,0,19,31,15,47,11,06,085,505302,152,42,2,13,8,0,0,0,0,19,48,1,0,20,0,0,7,0,20,51,15,8,0,0,0,0,15,13,48165
5699,1383,2191,140536,1395800,193618,2445,169,3962,1152,955,54,06,085,505303,62,2401,18,23,873,1318,2740,65197,2191,27,0,97,9,57,38,0,39,87,157,162,194,178,97,242,807,530,54,0,26,0,54,31,23,342,219,0,0,0,31,0,29,0,159,129,0,0,0,66,0,0,0,63,41,0,0,0,0,0,24,17,0,06085505303,861300,105813,2094,183,414,30,18,25,0,51,17,21,06,085,505303,252,154,0,66,0,68,0,0,0,20,24,0,0,0,0,0,0,0,24,57,0,0,0,57,0,0,0,0,41793
3746,966,1136,216550,1648300,80666,3501,-333333333,2854,692,812,6,06,085,505304,49,1136,65,0,912,224,3625,71667,1136,30,15,11,9,8,10,8,8,0,14,38,96,85,91,66,647,187,0,0,75,0,0,74,0,38,115,0,69,14,0,0,0,0,32,32,0,23,0,9,0,0,0,0,0,0,0,0,0,0,0,0,0,06085505304,996000,76534,3129,214,67,1,0,0,0,0,0,8,06,085,505304,58,43,7,0,0,7,8,0,0,21,63,28,7,0,5,0,15,0,8,0,0,0,0,0,0,0,0,0,47381
5531,2068,2114,219000,1705900,98363,2894,255,4090,1231,1222,292,06,085,505305,480,2311,14,0,1206,908,2919,118153,2114,127,0,0,13,29,32,24,0,17,61,121,139,162,95,187,1107,373,22,0,0,0,12,0,0,339,80,50,0,0,0,10,20,0,0,139,19,0,0,0,0,0,0,120,72,0,0,0,0,0,0,0,72,06085505305,1106000,79050,2258,135,269,77,0,23,0,0,0,31,06,085,505305,138,109,0,0,0,0,63,31,0,15,285,0,0,0,0,0,70,52,163,15,15,0,0,0,0,0,0,0,53389
6681,1416,2932,158350,983300,215782,3019,162,5483,2133,1756,168,06,085,505401,327,2988,102,74,641,2291,3039,83553,2932,204,13,0,37,168,21,77,19,0,7,174,197,212,131,501,1171,1125,30,5,62,50,0,80,111,787,148,20,0,0,14,0,28,0,86,105,55,0,0,17,18,15,0,0,286,63,50,41,44,0,0,40,48,06085505401,956100,166626,2594,128,784,18,9,101,53,0,159,24,06,085,505401,420,216,36,0,0,37,0,0,12,131,298,0,0,33,32,0,65,21,147,217,50,0,112,0,10,14,0,31,63269
2942,763,1153,161845,1392900,292645,2615,300,2293,562,629,69,06,085,505402,44,1198,76,21,696,457,2401,62036,1153,60,21,16,20,0,13,95,18,10,24,37,93,129,25,114,478,206,26,5,65,25,0,8,0,77,0,0,0,0,0,0,0,0,0,134,0,0,0,6,100,0,0,28,110,6,0,0,9,0,7,0,88,06085505402,893300,79837,2220,339,207,29,6,60,0,13,13,0,06,085,505402,86,22,0,0,0,10,0,0,0,12,59,0,0,0,0,0,8,0,51,46,0,0,0,0,0,0,0,46,50304
8568,1643,3726,172679,1174500,136458,2998,172,6172,2050,1841,95,06,085,505403,468,3934,0,22,840,2886,3070,103883,3726,235,20,71,16,0,77,9,154,6,0,155,240,311,166,639,1627,1183,184,13,129,21,11,0,15,810,264,0,0,7,20,59,14,0,164,245,0,0,19,0,74,27,0,125,129,27,0,18,0,0,0,0,84,06085505403,1081200,75091,2712,155,620,72,28,18,61,56,87,66,06,085,505403,232,165,20,18,44,0,0,20,0,63,345,0,0,48,43,56,40,19,139,27,0,0,0,0,0,27,0,0,60424
4621,1922,1645,150282,1578600,162839,2473,376,3212,1139,361,82,06,085,505500,115,1760,222,28,856,789,2428,58017,1645,66,9,16,64,30,9,10,22,12,57,169,122,130,103,287,539,404,122,14,25,29,22,0,5,187,31,0,0,0,0,0,0,0,31,168,0,0,44,0,0,8,0,116,21,0,15,0,0,0,0,0,6,06085505500,1064200,51777,2010,164,289,16,0,26,35,37,58,12,06,085,505500,105,88,9,0,19,20,13,0,0,27,39,0,0,14,3,0,11,0,11,10,0,0,0,0,0,10,0,0,50560
4666,2310,1380,117269,1460300,156202,2266,244,2454,665,529,33,06,085,505600,200,1513,91,371,404,976,2553,26133,1380,53,58,31,43,41,63,0,7,67,45,51,137,118,150,119,397,578,126,134,94,45,18,20,44,97,303,136,35,28,32,0,24,0,48,252,175,20,12,0,18,9,0,18,140,45,48,11,0,0,0,0,36,06085505600,1021300,76032,1806,237,527,233,58,62,40,32,15,4,06,085,505600,83,298,224,6,28,30,0,0,0,10,403,314,28,26,0,0,11,0,24,45,30,0,0,0,7,8,0,0,13544
5368,1799,2463,118203,1439300,276334,2472,224,3917,1222,945,33,06,085,505700,55,2676,319,558,724,1739,2600,71869,2463,103,0,188,31,16,55,26,65,32,122,140,343,210,288,271,573,624,42,91,0,0,33,0,0,458,125,4,24,38,0,0,0,9,50,285,149,0,9,0,20,0,0,107,200,19,0,0,0,0,0,168,13,06085505700,1071400,150026,1876,96,778,413,61,47,34,0,97,17,06,085,505700,109,311,97,54,10,0,19,11,16,104,248,27,0,31,0,0,0,25,165,94,59,0,0,15,20,0,0,0,42892
3851,1827,1590,147955,1429400,85219,2717,312,2986,1066,512,93,06,085,505800,107,1716,465,52,1070,520,3079,81122,1590,38,25,0,14,40,10,18,76,14,34,171,119,162,83,102,684,218,43,16,0,0,0,0,33,126,10,0,0,0,0,4,3,0,3,15,0,0,0,0,0,0,0,15,14,0,0,1,0,0,0,0,13,06085505800,1008900,66505,2336,212,220,0,0,2,65,15,29,53,06,085,505800,56,43,13,0,7,7,0,0,0,16,25,0,0,18,0,0,0,0,7,35,2,0,0,0,8,25,0,0,62905
4905,1923,1804,191783,1466100,138808,3162,114,3737,1219,826,110,06,085,506000,227,1919,261,24,1191,613,3339,83750,1804,12,6,37,80,0,22,8,33,35,6,53,176,74,184,242,836,286,27,0,0,0,11,28,18,202,82,0,10,17,0,9,0,29,17,141,0,0,14,0,0,42,0,85,143,29,0,20,0,77,0,17,0,06085506000,979100,52335,2597,169,293,78,11,21,10,34,9,29,06,085,506000,101,124,18,0,23,28,17,0,14,24,36,10,0,0,0,0,0,0,26,104,47,12,15,0,0,0,0,30,56538
4707,1740,1512,169167,2000001,-333333333,2498,1276,3415,1094,618,91,06,085,506101,260,1670,22,11,957,555,3113,67730,1512,13,14,18,10,48,31,0,0,51,47,124,86,83,173,106,708,268,13,11,0,0,76,21,6,141,101,52,0,0,0,0,0,0,49,14,0,0,0,0,0,0,0,14,61,12,0,16,0,8,0,0,25,06085506101,1239800,89805,2275,209,294,28,0,59,27,11,7,9,06,085,506101,153,72,7,0,0,28,0,28,0,9,43,0,0,0,0,0,30,0,13,56,0,0,0,14,0,0,0,42,57994
4502,1432,1802,182424,1628200,189775,3501,-333333333,3500,1245,989,120,06,085,506102,171,1880,26,16,979,823,3318,87656,1802,52,0,0,12,0,0,4,20,0,71,93,232,153,83,295,787,275,28,9,0,27,4,28,7,172,105,33,0,0,0,0,0,0,72,129,0,0,59,0,19,0,0,51,81,0,0,0,0,0,0,0,81,06085506102,1103600,72268,2711,118,408,44,9,0,32,39,13,0,06,085,506102,271,77,0,0,0,0,0,0,0,77,194,11,0,10,9,10,14,30,110,36,8,0,9,11,0,0,0,8,73526
5217,1236,1735,222014,2000001,-333333333,3200,613,3700,1104,1064,115,06,085,506103,441,1735,8,8,1162,573,3744,85536,1735,61,14,30,8,65,21,0,29,0,15,37,98,125,50,257,925,376,27,0,6,34,0,6,9,294,66,10,0,0,8,0,10,14,24,44,0,13,7,0,0,0,0,24,100,34,0,0,11,8,21,6,20,06085506103,1417200,125155,2428,145,125,7,0,0,0,0,40,0,06,085,506103,78,105,6,11,0,0,10,20,0,58,53,0,26,0,0,0,12,0,15,72,37,12,0,11,0,0,0,12,61290
8346,2281,2790,183773,2000001,-333333333,2648,274,5863,1770,1563,257,06,085,506202,224,2790,13,8,1702,1088,3004,74854,2790,42,0,26,27,14,28,16,17,16,64,201,299,377,80,361,1222,394,41,17,49,33,26,34,0,194,113,31,16,9,25,16,16,0,0,15,0,0,0,0,0,0,0,15,44,13,17,14,0,0,0,0,0,06085506202,1392100,76685,2296,208,342,20,18,12,6,27,43,32,06,085,506202,184,93,19,0,0,34,0,16,0,24,0,0,0,0,0,0,0,0,0,5,5,0,0,0,0,0,0,0,62513
6256,933,2257,119301,903400,231060,2450,150,4215,1228,921,61,06,085,506203,277,2441,158,0,575,1682,2553,48601,2257,144,119,0,40,7,18,140,50,15,38,50,309,208,214,379,526,510,98,64,35,0,17,18,0,278,224,0,63,18,0,15,18,16,94,95,0,0,0,14,15,21,18,27,152,45,47,0,0,12,17,0,31,06085506203,731600,186018,2288,142,465,48,37,15,0,36,16,45,06,085,506203,268,98,17,0,0,12,0,28,0,41,112,31,0,0,18,40,0,0,23,138,66,0,0,16,0,0,0,56,41597
5746,1252,2042,182717,1749600,122368,3183,313,4054,1191,1180,54,06,085,506204,239,2232,59,26,1391,651,3425,58038,2042,77,15,0,48,0,74,26,34,25,0,84,212,155,81,267,944,276,0,36,0,0,0,21,15,204,80,0,0,0,0,0,38,0,42,63,0,0,18,45,0,0,0,0,29,14,0,0,0,0,0,0,15,06085506204,1161200,56888,2378,363,239,38,0,29,0,40,0,16,06,085,506204,116,0,0,0,0,0,0,0,0,0,34,0,34,0,0,0,0,0,0,75,48,0,0,13,0,0,0,14,60536
4717,1697,1997,122404,1052400,278799,2447,153,3678,1116,253,75,06,085,506301,91,2323,71,0,511,1486,2402,47943,1997,67,99,24,0,83,0,120,77,30,35,108,229,141,397,249,338,415,13,0,0,33,55,48,0,266,13,10,0,3,0,0,0,0,0,51,0,0,0,0,0,3,13,35,23,11,0,0,0,0,0,0,12,06085506301,847700,186383,2078,131,310,37,21,23,34,54,20,16,06,085,506301,105,56,0,17,0,0,0,21,0,18,101,0,0,4,26,0,0,0,71,2,0,2,0,0,0,0,0,0,43176
6352,2739,2545,188705,1785600,97257,3127,171,4753,1459,1178,54,06,085,506302,297,2698,20,18,1181,1364,3225,84000,2545,37,11,11,8,0,97,9,24,43,106,100,71,147,272,438,1171,355,0,0,0,1,2,88,44,220,81,0,0,0,22,0,0,0,59,149,0,0,0,0,0,0,0,149,57,21,8,20,0,0,0,0,8,06085506302,1062800,59804,2254,174,179,14,0,0,28,0,91,13,06,085,506302,33,52,0,10,0,0,0,0,10,32,91,74,0,0,0,0,0,0,17,69,36,0,18,0,0,0,0,15,48354
6034,1320,2348,114188,1565400,208349,2431,144,3992,786,822,108,06,085,506304,390,2604,40,0,585,1763,2467,72526,2348,38,83,64,74,17,10,0,75,122,34,317,226,254,265,195,574,577,63,51,0,52,158,17,27,209,54,13,0,12,0,0,15,0,14,95,0,0,0,37,0,0,0,58,109,0,0,0,91,0,0,0,18,06085506304,1007000,116563,2180,83,503,32,46,94,15,22,84,11,06,085,506304,199,217,0,0,67,0,70,0,0,80,291,16,0,40,46,33,0,0,156,67,54,0,0,0,13,0,0,0,53081
5615,1537,2111,97589,1331500,473229,2162,194,3818,924,353,91,06,085,506305,208,2507,181,111,595,1516,2284,54009,2111,96,117,13,44,29,9,94,44,35,153,54,408,252,82,221,460,364,98,47,18,3,82,18,0,98,138,12,0,0,0,32,67,0,27,69,0,0,0,0,69,0,0,0,32,0,0,0,0,0,0,0,32,06085506305,1044800,88179,1799,150,683,135,70,57,188,88,59,0,06,085,506305,86,145,25,14,0,0,27,38,0,41,54,0,0,0,0,54,0,0,0,0,0,0,0,0,0,0,0,0,33980
4945,2032,2208,166667,1505800,303585,2941,558,3993,1313,692,121,06,085,506401,142,2442,44,36,683,1525,2982,82772,2208,21,27,85,27,19,20,0,46,0,29,176,265,233,81,231,948,465,0,7,15,66,125,0,57,195,446,19,0,0,0,37,166,0,224,33,9,0,12,0,0,0,0,12,14,0,0,0,0,0,0,0,14,06085506401,1003500,94126,2376,396,563,30,7,171,0,78,22,81,06,085,506401,174,221,0,0,9,0,12,70,0,130,179,106,3,8,0,0,0,0,62,67,25,0,0,0,0,0,0,42,52397
5242,1970,2158,117337,1574900,199190,2423,128,4015,1333,489,92,06,085,506402,80,2375,51,20,851,1307,2367,47602,2158,151,0,57,50,13,75,24,107,101,60,72,190,234,175,174,675,201,5,0,61,0,42,33,0,60,53,0,0,4,0,0,0,17,32,27,0,0,0,0,0,0,15,12,0,0,0,0,0,0,0,0,0,06085506402,965600,72989,1844,98,322,20,28,19,0,27,119,0,06,085,506402,109,133,0,0,9,0,0,13,10,101,0,0,0,0,0,0,0,0,0,34,0,25,9,0,0,0,0,0,48556
4897,2628,2154,156354,1236700,338165,3030,485,3546,1292,674,127,06,085,506502,165,2440,166,250,911,1243,3202,89975,2154,26,0,38,17,16,58,31,0,45,34,203,314,79,164,433,696,517,61,40,18,0,123,20,0,255,149,0,0,55,19,13,0,0,62,220,0,0,0,20,22,32,56,90,0,0,0,0,0,0,0,0,0,06085506502,887800,78737,2310,176,324,24,32,18,0,13,32,0,06,085,506502,205,99,15,0,0,29,13,0,0,42,123,0,0,1,0,6,30,0,86,0,0,0,0,0,0,0,0,0,65750
6477,2583,2704,112045,1596100,311147,2271,177,4762,1423,574,74,06,085,506503,167,2813,212,37,777,1927,2478,58629,2704,239,91,24,168,17,83,0,37,20,76,251,221,283,179,368,647,722,184,65,0,0,0,322,23,128,39,9,0,0,0,0,0,30,0,23,0,0,0,11,0,0,0,12,0,0,0,0,0,0,0,0,0,06085506503,1046300,79103,1952,185,709,60,15,55,137,67,131,30,06,085,506503,214,169,2,0,12,32,0,54,0,69,52,0,0,0,18,0,0,0,34,62,18,18,13,0,0,0,0,13,40500
4081,1524,1566,128214,1682100,102795,2174,239,2891,874,484,78,06,085,506601,89,1700,48,0,696,870,2224,60902,1566,13,33,44,21,28,15,8,6,63,46,169,194,135,93,129,569,223,26,0,10,45,8,15,14,105,73,0,6,0,0,0,0,0,67,36,0,0,12,11,0,0,0,13,44,0,24,0,0,0,0,0,20,06085506601,1157200,63878,1815,85,196,10,48,17,44,9,0,8,06,085,506601,60,50,11,0,0,19,0,0,0,20,76,15,0,12,0,0,0,8,41,27,0,0,0,0,0,0,0,27,53627
4336,1832,1510,250001,1697900,78400,3501,-333333333,3092,1304,673,65,06,085,506603,189,1517,46,0,999,511,3641,98013,1510,10,36,16,10,0,6,3,17,0,56,8,105,70,48,192,933,334,16,0,0,0,5,48,0,265,58,10,0,0,0,0,0,9,39,27,0,0,0,6,0,0,0,21,4,0,4,0,0,0,0,0,0,06085506603,1130000,40229,2569,894,216,11,6,38,9,9,9,0,06,085,506603,134,46,0,0,17,0,0,0,0,29,32,0,0,0,0,0,0,0,32,0,0,0,0,0,0,0,0,0,64695
6966,2552,2422,186250,1808400,90814,2852,774,4891,1486,1149,111,06,085,506604,657,2578,15,0,2002,420,3582,95848,2422,96,0,29,0,0,48,18,54,15,84,75,198,146,224,321,1114,45,0,0,0,0,0,0,0,45,0,0,0,0,0,0,0,0,0,22,0,0,0,0,0,0,0,22,167,0,0,0,0,0,167,0,0,06085506604,1257900,64233,1850,393,159,15,0,0,15,0,0,0,06,085,506604,129,63,25,0,0,0,23,15,0,0,49,23,0,0,0,0,0,0,26,18,0,0,0,0,18,0,0,0,62341
4277,1585,1566,137663,1718800,75055,2349,84,3456,998,502,72,06,085,506605,190,1622,40,38,821,745,2372,59904,1566,34,21,0,18,9,17,62,28,23,50,72,196,204,97,164,571,258,48,0,9,31,34,15,10,111,66,0,0,14,0,45,0,0,7,43,0,0,0,0,0,0,0,43,22,10,0,0,0,0,0,0,12,06085506605,1133800,56327,2020,138,464,71,19,0,72,59,62,0,06,085,506605,181,28,0,11,0,17,0,0,0,0,155,11,12,11,19,10,0,11,81,44,10,0,12,0,0,0,22,0,52370
4900,1751,1777,119604,1574800,146913,2442,494,3221,1087,659,19,06,085,506606,253,1841,16,22,1002,775,2337,48044,1777,105,80,41,26,29,117,0,7,66,85,51,119,172,170,174,535,344,0,0,82,74,48,44,32,64,34,0,0,0,0,34,0,0,0,0,0,0,0,0,0,0,0,0,20,14,0,0,0,6,0,0,0,06085506606,1168600,55733,2187,117,488,69,0,114,8,27,55,20,06,085,506606,195,61,0,0,19,8,34,0,0,0,107,12,0,81,0,1,0,6,7,11,11,0,0,0,0,0,0,0,40896
4400,1643,1312,195972,1983200,150439,3226,580,3056,1188,513,69,06,085,506701,111,1359,56,17,1046,266,3705,83429,1312,8,8,9,32,6,0,17,21,0,0,17,153,111,57,239,634,185,17,2,22,0,9,0,0,135,36,14,0,1,2,0,0,0,19,32,0,0,0,0,22,0,0,10,0,0,0,0,0,0,0,0,0,06085506701,1188400,67823,2919,262,200,29,4,22,1,31,11,8,06,085,506701,94,21,20,0,1,0,0,0,0,0,61,0,0,0,53,0,0,0,8,16,8,0,8,0,0,0,0,0,49520
5698,2572,1936,124167,1546000,153526,2814,271,3885,1370,543,84,06,085,506702,232,2119,51,35,1103,833,2901,62266,1936,60,0,42,41,0,0,23,28,15,27,221,246,286,79,165,703,290,24,0,0,0,0,0,11,255,64,0,0,28,36,0,0,0,0,0,0,0,0,0,0,0,0,0,68,13,0,0,0,22,12,13,8,06085506702,1200800,87893,2262,144,421,49,15,93,35,18,47,0,06,085,506702,164,99,20,0,21,21,0,0,16,21,35,2,17,0,0,0,0,0,16,16,16,0,0,0,0,0,0,0,50500
3915,1719,1415,177404,1473000,116473,2804,507,2793,1031,448,58,06,085,506703,195,1523,118,89,714,701,3055,75554,1415,90,6,0,45,0,44,0,12,12,4,79,135,110,85,134,659,329,28,3,55,20,0,15,85,123,78,0,0,0,11,8,4,16,39,83,9,0,0,0,0,0,0,74,9,0,0,0,0,0,0,0,9,06085506703,1008100,69979,2537,411,221,49,10,17,8,11,14,0,06,085,506703,112,52,6,0,7,0,0,0,0,39,10,0,0,0,10,0,0,0,0,9,2,7,0,0,0,0,0,0,58571
6233,3946,2176,244286,2000001,-333333333,2929,787,4379,1856,1233,220,06,085,506801,222,2318,74,14,1460,716,3449,119047,2176,110,0,43,0,13,14,45,0,17,0,60,110,290,28,244,1202,427,20,13,0,0,17,30,50,297,157,0,0,0,0,10,40,0,107,88,29,0,43,0,10,0,0,6,46,0,0,0,46,0,0,0,0,06085506801,1701100,83592,2505,332,366,24,9,0,46,47,87,0,06,085,506801,153,92,0,0,36,0,16,15,0,25,43,0,0,0,0,0,0,0,43,2,2,0,0,0,0,0,0,0,64371
5705,2546,1910,205147,1726700,114042,2719,231,3926,1461,763,202,06,085,506802,137,2084,11,29,1434,476,3644,90917,1910,37,0,43,0,0,60,0,15,141,82,71,47,86,72,284,972,601,47,8,39,4,98,6,31,368,55,0,13,6,0,0,10,0,26,13,0,0,13,0,0,0,0,0,0,0,0,0,0,0,0,0,0,06085506802,1173300,29014,2565,477,319,0,4,47,30,54,37,0,06,085,506802,147,42,0,13,2,0,11,0,0,16,7,0,0,7,0,0,0,0,0,54,23,0,0,0,0,0,11,20,63287
7027,3295,2238,195741,1647500,70050,3049,451,4546,1445,791,148,06,085,506803,209,2257,31,66,1387,851,3351,76341,2238,13,0,35,22,25,11,27,86,12,80,203,201,96,136,191,1100,194,12,11,14,15,2,0,0,140,3,2,0,1,0,0,0,0,0,0,0,0,0,0,0,0,0,0,14,0,0,0,0,0,0,0,14,06085506803,1170300,56344,2336,700,148,15,7,16,0,0,16,0,06,085,506803,94,0,0,0,0,0,0,0,0,0,18,0,0,0,0,0,0,0,18,46,0,0,0,0,15,0,0,31,61339
4403,2591,1508,216364,1716100,114910,3501,-333333333,3045,967,872,192,06,085,506804,140,1588,10,7,1147,361,3961,113854,1508,12,11,20,10,11,12,23,10,0,23,109,111,63,48,214,831,32,0,0,0,0,0,26,0,6,11,11,0,0,0,0,0,0,0,44,9,0,0,0,0,0,26,9,0,0,0,0,0,0,0,0,0,06085506804,1277000,82029,3501,-333333333,86,0,0,23,0,0,13,0,06,085,506804,50,25,10,0,11,0,0,0,0,4,93,19,0,0,0,11,0,12,51,12,0,0,0,0,0,0,0,12,81359
8156,5695,2809,216484,2000001,-333333333,3501,-333333333,5584,2091,1490,273,06,085,506900,272,2840,183,98,2086,723,4001,104309,2809,35,15,69,0,17,99,0,0,15,74,129,133,94,154,414,1561,209,20,26,3,0,5,3,0,152,68,0,0,0,44,0,0,0,24,3,0,0,0,0,3,0,0,0,0,0,0,0,0,0,0,0,0,06085506900,1633000,124360,2378,240,438,34,30,0,71,0,68,0,06,085,506900,235,25,0,0,0,25,0,0,0,0,41,0,16,0,0,0,17,0,8,38,0,0,0,0,0,0,26,12,74226
3417,2659,1129,250001,2000001,-333333333,2857,406,2480,985,853,117,06,085,507002,152,1190,83,183,1054,75,4001,108281,1129,26,0,126,7,9,0,0,0,0,0,0,37,31,26,106,761,206,9,0,0,0,0,8,0,189,26,0,0,10,0,0,0,0,16,49,12,0,21,0,0,0,0,16,39,0,0,0,0,0,0,0,39,06085507002,2000001,-333333333,2335,243,63,50,0,6,0,0,0,7,06,085,507002,0,67,20,10,0,0,18,0,0,19,34,0,0,6,14,0,0,0,14,20,0,0,0,0,0,0,0,20,73938
3006,2238,1369,163828,2000001,-333333333,2426,130,2149,906,435,125,06,085,507100,122,1482,49,187,451,918,2699,89750,1369,37,10,11,11,0,7,20,9,40,31,24,186,148,76,240,519,210,9,0,0,0,3,0,8,190,60,23,21,0,0,0,0,0,16,63,47,0,0,0,0,0,0,16,21,0,0,0,13,0,0,0,8,06085507100,1921900,469733,1989,154,220,0,0,0,10,33,18,8,06,085,507100,151,20,0,0,0,0,0,9,0,11,65,0,0,0,7,0,0,25,33,0,0,0,0,0,0,0,0,0,74326
3239,1680,1172,225691,2000001,-333333333,2996,284,2184,726,512,91,06,085,507203,131,1268,65,10,607,565,3793,110511,1172,80,0,0,0,58,8,8,0,0,7,17,57,92,31,193,621,367,86,28,13,0,20,33,0,187,72,10,0,0,0,8,0,0,54,10,10,0,0,0,0,0,0,0,12,0,0,0,0,0,0,0,12,06085507203,1386500,102011,2756,173,177,19,12,5,0,9,0,0,06,085,507203,132,92,15,0,0,5,0,0,0,72,9,9,0,0,0,0,0,0,0,28,0,0,14,0,0,0,0,14,77364
4571,2881,1803,236386,2000001,-333333333,3429,1023,3292,1243,932,193,06,085,507205,234,1888,72,12,1499,304,4001,119792,1803,19,8,11,15,40,0,8,7,20,30,39,149,57,253,117,1030,209,0,0,0,41,0,14,0,154,55,0,0,0,0,0,17,0,38,57,6,0,0,0,36,0,0,15,0,0,0,0,0,0,0,0,0,06085507205,1509100,103886,3501,-333333333,345,7,0,33,10,14,12,0,06,085,507205,269,81,11,0,24,0,0,34,0,12,54,0,0,0,11,22,0,0,21,30,0,0,8,0,7,15,0,0,79554
2690,1713,956,250001,2000001,-333333333,3501,-333333333,1962,790,519,225,06,085,507206,140,1073,66,55,902,54,4001,121818,956,21,4,16,8,0,0,14,9,6,13,8,7,42,57,91,660,109,12,11,0,0,0,7,0,79,11,0,0,0,0,0,6,0,5,20,0,0,0,5,0,0,0,15,0,0,0,0,0,0,0,0,0,06085507206,2000001,-333333333,2964,1162,55,16,6,0,0,0,0,0,06,085,507206,33,36,0,0,0,5,0,4,0,27,20,0,0,6,0,0,0,0,14,7,0,0,0,0,0,0,0,7,96818
6588,2470,2434,236482,2000001,-333333333,3078,2212,4881,1436,1690,178,06,085,507301,569,2694,181,117,2047,387,3967,114321,2434,35,89,20,21,74,35,64,27,0,38,18,167,85,50,251,1460,194,16,0,0,0,4,53,0,121,77,0,0,0,11,0,0,0,66,2,0,2,0,0,0,0,0,0,104,18,0,0,0,0,0,0,86,06085507301,2000001,-333333333,818,600,151,2,21,12,0,2,14,0,06,085,507301,100,33,2,0,2,0,0,0,0,29,13,0,0,0,0,13,0,0,0,51,26,0,0,0,0,0,0,25,85858
2552,1481,905,250001,2000001,-333333333,3501,-333333333,2002,672,620,189,06,085,507302,168,1013,98,57,798,107,4001,96991,905,31,47,0,41,0,14,12,0,0,7,34,32,10,37,77,563,63,0,18,0,6,0,0,9,30,41,12,3,0,0,0,11,0,15,11,0,0,0,0,0,0,0,11,40,12,0,0,0,0,0,0,28,06085507302,2000001,-333333333,3501,-333333333,146,10,13,16,0,8,16,0,06,085,507302,83,40,20,0,20,0,0,0,0,0,38,0,0,0,0,16,0,0,22,20,0,10,0,0,0,0,0,10,101371
5712,1283,1883,250001,2000001,-333333333,3501,-333333333,4364,1379,1424,302,06,085,507401,450,1943,57,17,1762,121,3926,93443,1883,28,20,14,11,11,9,0,104,67,15,92,94,26,126,106,1160,148,0,0,19,4,0,0,8,117,38,0,0,8,10,0,9,0,11,26,0,0,0,0,9,8,0,9,42,0,0,9,22,11,0,0,0,06085507401,2000001,-333333333,3497,227,93,0,8,8,8,0,16,0,06,085,507401,53,122,30,0,14,12,10,10,0,46,20,0,0,0,8,0,0,0,12,59,0,0,42,10,0,0,0,7,67902
3961,1702,1545,239375,2000001,-333333333,3278,645,3048,1222,774,181,06,085,507402,147,1624,77,16,1151,394,4001,94758,1545,59,15,19,0,0,25,11,6,0,19,63,156,49,35,201,887,139,19,0,8,0,5,14,0,93,41,0,0,0,0,0,0,0,41,0,0,0,0,0,0,0,0,0,42,13,0,0,0,0,0,0,29,06085507402,1784900,133730,3351,273,135,24,4,4,19,9,8,9,06,085,507402,58,30,0,0,3,0,0,0,0,27,18,12,0,0,0,0,0,0,6,4,0,0,0,0,0,0,0,4,57887
5814,1556,2120,200833,2000001,-333333333,3501,-333333333,4360,1244,1694,235,06,085,507500,458,2213,68,111,1931,189,4001,114310,2120,30,18,0,0,0,11,32,15,92,73,58,68,274,117,263,1069,122,40,0,0,0,0,0,0,82,35,0,0,0,0,0,0,0,35,126,0,0,0,0,22,0,0,104,6,0,6,0,0,0,0,0,0,06085507500,2000001,-333333333,3501,-333333333,132,0,0,0,0,0,25,0,06,085,507500,107,49,0,0,13,0,0,0,0,36,81,0,0,0,0,22,22,0,37,43,21,0,0,0,0,0,0,22,81672
6134,2030,2049,250001,2000001,-333333333,3501,-333333333,4692,1809,1600,361,06,085,507600,205,2165,99,45,1774,275,4001,94535,2049,24,17,0,46,0,0,20,18,16,16,78,92,70,70,184,1398,195,0,15,29,0,16,0,0,135,30,0,18,0,0,0,0,0,12,0,0,0,0,0,0,0,0,0,0,0,0,0,0,0,0,0,0,06085507600,2000001,-333333333,2917,946,163,34,0,32,17,0,0,0,06,085,507600,80,50,0,0,0,0,12,38,0,0,0,0,0,0,0,0,0,0,0,0,0,0,0,0,0,0,0,0,82010
3464,804,1310,217891,2000001,-333333333,3501,-333333333,2610,859,962,31,06,085,507701,290,1356,105,19,1008,302,2950,92604,1310,10,12,41,0,22,37,41,25,1,0,61,81,59,109,118,693,154,0,0,0,0,0,14,9,131,45,0,0,0,0,0,0,0,45,15,0,0,0,0,0,0,0,15,60,0,0,0,10,0,0,0,50,06085507701,1925500,300963,2340,820,8,0,0,0,0,8,0,0,06,085,507701,0,40,0,0,0,0,0,0,21,19,10,0,0,0,0,0,0,0,10,36,24,0,0,0,0,0,0,12,86284
6500,1051,2183,250001,2000001,-333333333,3501,-333333333,4588,1266,1809,146,06,085,507702,681,2262,0,0,1929,254,3974,111855,2183,73,49,82,0,9,0,0,20,0,117,47,41,157,53,232,1303,181,0,0,15,0,0,0,0,166,320,0,0,0,0,0,55,0,265,0,0,0,0,0,0,0,0,0,18,0,0,0,0,0,0,0,18,06085507702,2000001,-333333333,3501,-333333333,134,0,0,21,0,0,18,0,06,085,507702,95,37,0,0,0,0,0,0,37,0,93,18,0,19,0,0,0,0,56,25,0,0,0,0,0,0,0,25,85439
5010,1219,1929,218520,2000001,-333333333,3402,166,3384,1379,945,175,06,085,507805,307,2180,0,0,716,1213,3425,124354,1929,20,20,52,24,25,45,14,13,35,26,53,32,116,119,301,1034,632,0,11,12,8,32,9,16,544,68,0,0,26,0,12,0,0,30,76,0,0,0,0,14,0,0,62,150,0,20,10,19,0,0,0,101,06085507805,1592500,131358,2872,140,368,89,54,0,56,38,0,0,06,085,507805,131,50,5,0,0,13,0,32,0,0,98,50,0,0,18,0,0,0,30,126,0,0,0,0,32,15,0,79,74196
5840,685,2108,193571,2000001,-333333333,3415,178,3896,1606,1409,128,06,085,507806,210,2195,5,0,577,1531,3544,120673,2108,97,34,6,28,36,0,71,38,20,56,56,115,97,103,427,924,498,49,8,40,11,41,12,10,327,50,0,0,6,0,13,0,0,31,21,11,0,0,0,0,0,10,0,199,45,8,7,6,0,48,0,85,06085507806,2000001,-333333333,2977,123,153,41,0,6,0,10,11,0,06,085,507806,85,73,13,0,13,9,9,0,0,29,143,12,0,0,0,0,17,0,114,149,7,10,15,0,11,10,0,96,95600
3197,492,1080,250001,2000001,-333333333,3431,347,2210,717,916,51,06,085,507807,194,1117,46,11,785,295,3392,120484,1080,9,10,0,5,12,9,11,26,11,8,32,67,48,39,71,722,144,19,0,0,0,13,13,5,94,43,11,0,0,0,10,10,0,12,22,0,0,0,8,0,0,0,14,9,0,0,0,0,0,0,0,9,06085507807,1687000,125264,3117,193,121,10,0,0,0,12,25,0,06,085,507807,74,107,15,0,0,23,59,10,0,0,27,0,0,5,0,0,11,11,0,0,0,0,0,0,0,0,0,0,81410
5786,829,1918,250001,2000001,-333333333,3501,-333333333,3779,1327,1378,273,06,085,507808,391,1950,0,0,1355,563,3758,128512,1918,56,15,0,0,41,9,18,6,10,25,38,137,87,22,262,1192,339,31,0,0,24,9,32,0,243,62,19,0,9,0,0,0,0,34,11,0,0,0,0,0,11,0,0,44,23,13,0,0,0,0,0,8,06085507808,1774800,76804,3321,209,234,15,0,25,28,8,18,0,06,085,507808,140,81,17,14,0,0,0,0,12,38,0,0,0,0,0,0,0,0,0,15,0,15,0,0,0,0,0,0,103194
5159,889,1782,220000,2000001,-333333333,3501,-333333333,3639,1030,1643,54,06,085,507903,296,1787,9,0,1520,262,4001,121703,1782,8,15,13,8,18,0,31,0,9,20,51,104,116,165,196,1028,146,9,0,0,0,30,9,0,98,10,10,0,0,0,0,0,0,0,31,10,0,0,0,5,0,0,16,27,13,0,0,0,0,0,0,14,06085507903,1667600,68383,3501,-333333333,266,0,9,0,8,42,10,16,06,085,507903,181,26,15,0,0,11,0,0,0,0,25,0,0,0,14,0,0,0,11,54,12,0,0,0,11,0,0,31,83873
3050,419,1049,250001,2000001,-333333333,3501,-333333333,2163,635,901,31,06,085,507904,293,1121,35,7,893,156,4001,141875,1049,0,0,0,0,11,8,0,10,26,9,71,40,22,21,166,665,62,8,0,0,0,0,0,0,54,37,0,0,0,0,7,0,13,17,45,9,0,0,0,0,0,0,36,4,0,0,0,0,0,0,0,4,06085507904,1692400,72329,3268,156,70,4,0,0,0,0,0,9,06,085,507904,57,46,0,0,12,0,0,9,7,18,28,0,0,0,12,0,16,0,0,9,9,0,0,0,0,0,0,0,93707
6368,1042,2027,134906,2000001,-333333333,2388,287,3908,1004,1320,121,06,085,507905,154,2263,0,102,1077,950,2752,71175,2027,55,50,19,150,0,70,64,53,24,43,100,116,217,170,134,762,114,20,0,0,0,14,0,0,80,0,0,0,0,0,0,0,0,0,52,0,0,0,0,0,43,0,9,48,0,0,0,17,0,31,0,0,06085507905,1501900,195129,2183,127,171,0,0,0,0,25,27,14,06,085,507905,105,101,18,0,0,0,14,14,0,55,151,22,15,33,0,0,15,0,66,32,0,0,0,21,11,0,0,0,63611
4443,636,1401,250001,2000001,-333333333,3501,-333333333,3046,953,1087,70,06,085,507906,428,1489,18,13,1130,271,4001,106111,1401,0,35,0,0,15,7,15,10,15,10,41,61,78,60,90,964,166,12,0,0,9,18,0,0,127,29,0,0,0,0,0,0,10,19,17,17,0,0,0,0,0,0,0,29,0,0,0,0,0,11,0,18,06085507906,1669200,66628,3501,-333333333,177,50,10,13,7,0,0,0,06,085,507906,97,30,0,0,0,14,0,16,0,0,3,0,0,0,3,0,0,0,0,46,17,0,0,0,0,0,0,29,89340
2224,617,761,189861,2000001,-333333333,3501,-333333333,1503,525,447,26,06,085,508003,107,816,28,25,499,262,3672,90000,761,29,30,6,0,0,21,18,10,3,52,8,58,34,39,79,374,89,7,0,6,0,0,0,12,64,26,9,0,0,0,17,0,0,0,39,0,0,0,0,0,0,0,39,17,0,0,0,0,5,0,0,12,06085508003,1569100,68063,2878,246,73,6,0,0,0,5,0,12,06,085,508003,50,13,6,0,0,0,7,0,0,0,11,0,0,0,0,0,5,6,0,31,5,0,0,0,5,15,0,6,54678
5987,1219,2091,249097,2000001,-333333333,3111,267,4016,1168,1437,299,06,085,508004,339,2224,82,0,1201,890,3247,121702,2091,11,36,0,103,51,0,26,26,0,23,55,71,193,91,232,1173,402,69,36,0,18,0,0,14,265,88,12,0,0,0,53,0,0,23,29,0,0,0,0,29,0,0,0,254,24,26,40,43,0,18,0,103,06085508004,1662600,102818,2740,357,188,31,0,0,0,58,0,0,06,085,508004,99,16,0,0,0,0,16,0,0,0,149,0,23,0,0,0,0,0,126,21,0,0,0,0,0,0,10,11,70368
6712,1741,2411,250001,2000001,-333333333,3501,-333333333,4537,1661,1601,214,06,085,508101,446,2503,0,0,1483,928,3299,164232,2411,0,0,9,42,29,44,88,0,22,60,55,51,115,91,245,1560,397,0,0,0,0,15,0,21,361,19,0,0,0,0,0,0,19,0,53,0,14,3,0,10,0,0,26,114,0,0,31,0,0,0,0,83,06085508101,1546700,93005,3501,-333333333,140,2,0,0,0,0,0,5,06,085,508101,133,39,0,0,0,0,0,39,0,0,64,0,0,0,23,0,0,0,41,93,53,0,0,0,0,15,0,25,112115
3491,909,1335,222872,2000001,-333333333,3425,248,2401,856,836,30,06,085,508102,206,1577,15,16,540,795,3390,138824,1335,49,0,9,0,8,0,7,0,9,41,33,62,70,80,199,768,284,14,0,15,0,0,0,0,255,101,0,0,0,0,0,35,0,66,27,9,0,0,0,0,0,0,18,86,39,0,0,9,7,0,13,18,06085508102,1395200,229106,2794,364,125,0,0,0,0,0,11,27,06,085,508102,87,57,0,0,15,0,28,0,0,14,59,10,0,9,11,11,0,0,18,195,45,56,30,19,0,22,0,23,104453
5590,2086,1745,250001,2000001,-333333333,3501,-333333333,3664,1094,1415,93,06,085,508203,354,1865,43,0,1081,664,4001,123553,1745,53,8,0,39,0,0,0,31,0,51,59,127,95,46,143,1093,196,9,2,24,7,10,27,20,97,70,7,13,0,0,0,0,0,50,0,0,0,0,0,0,0,0,0,132,48,9,21,10,0,0,10,34,06085508203,1665200,64838,2551,303,185,2,12,3,0,11,0,0,06,085,508203,157,37,1,0,0,0,0,8,0,28,15,0,0,2,0,0,0,0,13,66,28,0,0,9,0,0,0,29,100250
4839,1210,1605,250001,2000001,-333333333,3501,-333333333,3219,1003,845,251,06,085,508204,374,1605,20,0,931,674,3385,105036,1605,56,65,33,0,0,38,14,8,0,0,31,123,68,37,155,977,411,12,98,0,0,11,24,0,266,48,0,0,0,0,0,30,9,9,32,0,0,14,10,6,2,0,0,57,0,12,17,13,0,0,0,15,06085508204,1580100,54422,2586,326,244,2,0,3,0,0,16,17,06,085,508204,206,76,0,8,13,0,13,13,0,29,71,6,0,39,0,0,10,0,16,39,0,0,16,0,0,0,0,23,68125
4537,2048,1521,250001,2000001,-333333333,3271,271,3358,1003,1066,170,06,085,508301,130,1521,0,65,1266,255,3411,106938,1521,27,31,0,0,0,0,0,20,23,38,64,55,38,86,140,999,141,8,18,0,14,17,10,20,54,63,23,23,0,6,0,11,0,0,0,0,0,0,0,0,0,0,0,0,0,0,0,0,0,0,0,0,06085508301,1984500,137313,3339,481,93,6,0,5,0,0,0,0,06,085,508301,82,46,13,0,0,21,6,6,0,0,68,11,0,0,7,0,21,0,29,20,0,0,0,7,0,0,0,13,82850
2663,946,937,216042,2000001,-333333333,3501,-333333333,1994,714,599,49,06,085,508303,141,962,47,0,834,103,4001,79674,937,0,7,0,0,7,40,12,46,4,40,17,49,57,18,119,521,60,0,0,0,0,13,6,17,24,43,23,6,0,0,0,7,0,7,10,1,0,0,0,0,0,0,9,33,16,0,4,0,0,13,0,0,06085508303,1933200,142857,3501,-333333333,62,0,5,0,0,9,6,0,06,085,508303,42,15,0,8,0,0,7,0,0,0,0,0,0,0,0,0,0,0,0,19,6,0,6,7,0,0,0,0,75658
8281,2590,2483,213344,2000001,-333333333,3501,-333333333,5529,2007,1592,162,06,085,508401,612,2512,43,0,1541,942,4001,105292,2483,37,12,0,39,11,16,84,29,20,97,100,140,84,177,340,1297,263,16,0,0,0,21,0,18,208,32,2,0,3,0,0,0,0,27,40,0,0,0,0,0,0,0,40,0,0,0,0,0,0,0,0,0,06085508401,1662300,71930,2852,326,395,64,2,0,15,0,27,0,06,085,508401,287,34,2,0,19,0,0,0,0,13,20,0,0,2,0,0,0,0,18,95,0,14,0,49,0,0,0,32,89167
3315,1654,979,250001,2000001,-333333333,3501,-333333333,2305,727,679,121,06,085,508403,188,1041,0,0,828,151,3163,98214,979,8,11,8,0,8,0,7,25,0,24,39,41,28,30,120,630,67,0,0,14,21,0,0,0,32,48,0,14,0,0,8,26,0,0,0,0,0,0,0,0,0,0,0,0,0,0,0,0,0,0,0,0,06085508403,1737100,114349,3305,338,99,13,4,5,6,16,7,3,06,085,508403,45,15,4,5,0,6,0,0,0,0,10,0,0,0,10,0,0,0,0,57,6,0,0,9,0,0,26,16,63333
6374,2674,2308,182917,2000001,-333333333,3501,-333333333,4487,1583,1502,185,06,085,508404,318,2351,62,65,1305,1003,3659,109786,2308,137,0,40,30,0,12,54,25,124,34,46,143,178,163,223,1099,341,43,0,0,0,44,4,0,250,150,0,0,42,40,0,0,0,68,13,0,0,0,0,0,0,0,13,90,0,0,14,0,0,0,9,67,06085508404,1719000,79673,2399,467,346,14,21,0,0,28,25,71,06,085,508404,187,140,25,0,49,0,0,0,0,66,110,0,0,23,18,17,0,0,52,53,0,0,36,0,0,0,17,0,85336
6058,1308,2622,166235,1391100,589722,2780,218,4367,1401,1728,26,06,085,508503,251,2868,0,59,523,2099,2693,103082,2622,83,47,0,123,10,0,41,0,65,108,104,205,197,139,475,1025,816,51,26,150,95,18,64,58,354,64,0,0,0,0,15,13,0,36,81,0,0,0,0,24,22,16,19,340,17,0,56,0,0,0,0,267,06085508503,1227800,167307,2268,84,832,33,21,176,46,31,53,55,06,085,508503,417,62,0,0,0,0,0,29,0,33,217,0,16,21,13,17,29,0,121,112,30,0,51,0,0,15,0,16,80469
4893,1552,2024,214583,1936100,220973,3221,255,3815,1587,1013,154,06,085,508505,174,2153,9,29,891,1133,3107,113977,2024,57,15,0,9,9,59,41,12,6,106,46,189,64,147,195,1069,446,0,12,18,61,20,63,16,256,118,27,0,42,0,9,0,11,29,10,0,0,0,0,0,0,0,10,29,10,0,9,0,0,0,0,10,06085508505,1172300,71546,2699,139,424,11,21,25,12,92,48,17,06,085,508505,198,158,0,16,0,19,0,7,0,116,215,0,0,12,0,27,0,0,176,75,44,0,0,0,0,12,9,10,87058
3336,788,1442,199881,1066100,76655,2789,69,2542,981,883,108,06,085,508507,52,1619,0,45,342,1100,2815,122667,1442,12,24,14,13,53,6,10,13,0,73,29,87,114,103,171,720,402,0,8,0,0,4,0,0,390,273,19,0,14,53,0,29,0,158,48,0,0,0,0,0,0,0,48,39,0,0,0,0,0,8,0,31,06085508507,536500,102584,2445,106,211,28,0,9,7,18,11,0,06,085,508507,138,182,0,0,0,0,29,0,43,110,93,0,0,0,0,0,18,0,75,215,36,27,8,28,38,9,0,69,81354
5871,1391,1980,141667,2000001,-333333333,2682,216,4140,1189,946,55,06,085,508508,255,2116,53,0,928,1052,2746,73285,1980,53,0,92,9,0,0,24,12,0,39,168,148,289,188,216,742,485,0,9,15,38,92,6,31,294,121,0,9,8,38,26,0,0,40,29,0,0,10,0,0,0,0,19,8,0,0,0,0,0,0,0,8,06085508508,1350900,121241,2371,91,505,14,15,17,90,0,86,40,06,085,508508,243,84,0,0,0,0,12,13,0,59,107,0,0,31,15,0,0,0,61,88,0,13,13,0,30,0,0,32,61644
3860,980,1473,234375,2000001,-333333333,3237,423,2815,827,745,56,06,085,508601,564,1528,97,137,921,552,3129,139630,1473,20,27,17,33,32,0,17,7,21,133,31,62,44,32,213,784,145,0,0,0,0,9,0,33,103,142,0,0,5,33,9,0,28,67,59,0,0,0,0,0,0,0,59,52,5,0,15,0,5,14,0,13,06085508601,1431300,179918,2733,341,148,20,0,0,9,0,30,0,06,085,508601,89,14,5,0,0,0,0,0,0,9,0,0,0,0,0,0,0,0,0,17,0,7,0,10,0,0,0,0,86563
5764,2346,2602,169340,1825400,110086,3253,406,4458,1360,1072,160,06,085,508602,299,2823,147,237,573,2029,3110,91250,2602,59,86,16,97,0,25,0,0,46,42,19,162,417,171,493,969,714,58,8,19,16,94,37,13,469,313,36,0,0,0,17,51,44,165,373,0,157,22,0,19,0,19,156,97,0,0,0,0,0,0,0,97,06085508602,1219700,95314,2515,242,434,8,0,13,147,0,19,0,06,085,508602,247,248,18,9,0,0,0,12,20,189,299,0,0,0,17,17,13,43,209,180,0,10,18,14,23,0,40,75,79151
3590,691,1381,146940,1800600,408525,2899,134,2640,659,658,31,06,085,508800,217,1423,250,27,452,929,2897,61492,1381,28,15,28,0,12,11,24,12,0,68,131,83,147,146,214,462,544,9,0,34,11,86,31,32,341,186,12,0,0,9,12,24,44,85,178,9,11,0,35,10,51,0,62,0,0,0,0,0,0,0,0,0,06085508800,1207400,134086,2607,119,272,16,12,0,0,12,36,0,06,085,508800,196,210,29,0,0,0,21,26,8,126,176,15,0,18,0,8,77,0,58,66,29,0,0,0,0,0,0,37,62440
4685,753,1581,152841,1245000,87507,2666,419,3358,877,626,56,06,085,508900,84,1737,48,25,795,786,2584,53944,1581,71,30,49,0,0,32,35,0,37,56,155,104,125,84,338,465,287,21,12,0,7,44,7,25,171,122,26,13,0,0,0,10,0,73,52,14,0,9,0,0,7,0,22,20,0,0,0,0,9,0,0,11,06085508900,881200,59903,2043,185,479,12,12,81,74,50,95,8,06,085,508900,147,72,32,31,0,0,0,0,0,9,51,9,0,9,0,16,0,8,9,66,0,0,27,0,0,0,0,39,42406
4565,1271,2175,199809,1152900,123451,2990,143,3648,1187,1312,90,06,085,509102,368,2345,16,0,603,1572,2918,131614,2175,70,26,0,13,0,21,18,0,0,18,124,66,206,151,379,1083,435,34,16,0,0,15,0,14,356,161,0,0,0,0,0,0,35,126,119,0,0,0,0,31,0,0,88,82,55,0,27,0,0,0,0,0,06085509102,932400,77906,2836,88,720,42,22,12,0,0,77,0,06,085,509102,567,199,9,0,0,0,59,17,0,114,186,16,0,0,13,38,0,18,101,53,0,0,0,0,0,0,0,53,102721
4100,1531,1978,155608,2000001,-333333333,2898,164,3143,1135,863,57,06,085,509106,254,2030,45,21,448,1530,2912,113848,1978,110,32,47,0,47,11,25,34,0,10,109,134,304,30,316,769,379,11,42,9,10,42,19,0,246,71,17,0,0,0,0,0,0,54,227,21,28,0,0,0,14,0,164,74,15,0,0,0,0,9,4,46,06085509106,1542000,108309,2312,117,368,35,58,48,12,42,17,16,06,085,509106,140,65,0,0,22,0,7,9,0,27,209,14,19,13,8,9,21,0,125,69,8,11,0,0,0,13,0,37,61994
5071,649,2030,165213,1781300,976308,2817,72,3517,921,1059,127,06,085,509107,117,2166,59,54,70,1960,2826,85208,2030,37,0,0,23,7,8,92,28,8,93,216,146,211,72,293,796,703,8,11,8,181,11,195,26,263,186,0,0,0,0,8,0,154,24,367,0,9,9,0,49,22,30,248,67,27,19,0,0,21,0,0,0,06085509107,979200,357046,2274,54,437,9,0,0,41,34,34,18,06,085,509107,301,183,0,0,29,9,34,17,28,66,224,53,0,7,21,36,35,0,72,166,40,23,0,51,0,0,9,43,65040
4468,1165,1932,178636,1533500,141042,2510,193,3447,991,1015,28,06,085,509108,274,1993,41,8,825,1107,2756,107675,1932,82,23,11,0,44,0,18,22,13,33,151,146,139,135,254,861,186,11,0,15,0,0,0,10,150,172,0,0,15,14,0,45,0,98,102,0,13,0,0,14,0,5,70,44,0,0,10,9,0,0,0,25,06085509108,1169300,135381,2223,150,309,11,0,18,0,0,38,13,06,085,509108,229,78,0,0,0,0,10,10,0,58,77,10,9,0,0,29,10,0,19,70,7,6,0,22,12,0,0,23,74038
6750,2019,2506,219091,1576700,156158,3411,337,4583,1159,1691,163,06,085,509109,368,2842,0,0,1026,1480,3648,107596,2506,9,13,0,36,46,0,40,14,27,108,208,118,147,133,304,1303,944,78,78,32,40,111,13,0,592,138,0,18,0,18,0,0,0,102,317,24,0,0,0,6,73,18,196,114,0,24,21,49,0,0,0,20,06085509109,1087100,60210,3069,248,285,27,0,13,11,23,40,0,06,085,509109,171,225,7,29,10,7,12,35,0,125,201,0,20,0,0,38,24,0,119,83,0,0,12,0,22,10,0,39,110040
5420,2748,2671,172150,1482600,420274,2938,295,4346,1128,1295,240,06,085,509201,343,2829,116,106,1049,1622,2921,113064,2671,19,19,0,39,46,56,51,23,32,57,236,174,100,227,492,1100,656,18,0,101,0,45,0,57,435,205,0,0,0,9,10,0,0,186,174,0,0,0,19,0,0,44,111,81,0,18,0,15,0,0,11,37,06085509201,863800,146176,2601,109,508,17,15,11,213,19,29,16,06,085,509201,188,398,0,0,77,0,13,16,0,292,441,44,60,85,6,30,29,43,144,143,0,30,0,65,0,0,0,48,80254
3830,1833,1592,197159,1776200,110794,2617,341,2835,973,606,145,06,085,509202,292,1938,44,33,934,658,2929,94612,1592,86,20,11,33,29,0,55,52,0,8,48,112,146,87,112,793,156,3,0,2,0,9,0,26,116,93,0,12,0,0,0,0,5,76,113,0,0,0,0,20,0,0,93,27,0,0,0,0,0,0,0,27,06085509202,1322500,134484,2150,262,199,28,38,0,14,9,34,0,06,085,509202,76,130,0,0,19,0,0,40,11,60,143,13,0,0,11,0,8,26,85,71,10,0,0,0,0,10,10,41,62289
3466,1458,1227,184875,2000001,-333333333,3129,248,2573,851,580,95,06,085,509302,380,1406,18,0,760,467,2887,69488,1227,10,62,0,11,0,42,25,39,36,28,19,185,26,50,97,597,234,0,90,6,33,0,24,9,72,8,0,0,0,0,8,0,0,0,0,0,0,0,0,0,0,0,0,184,0,20,0,146,0,9,0,9,06085509302,1537700,68830,1753,297,115,16,0,9,0,6,34,5,06,085,509302,45,51,13,0,0,8,0,0,0,30,62,0,0,0,0,0,12,0,50,0,0,0,0,0,0,0,0,0,71938
3604,1428,1655,182344,1690400,164588,2661,275,2820,780,884,111,06,085,509303,324,1879,15,22,569,1086,3140,101951,1655,37,85,49,46,45,42,30,27,67,17,41,105,35,124,126,779,314,0,17,49,0,10,0,0,238,147,0,33,0,0,0,0,0,114,145,0,0,0,0,20,0,69,56,40,12,0,21,0,0,0,0,7,06085509303,1103800,121181,2225,272,273,24,0,30,19,8,6,24,06,085,509303,162,80,13,0,6,0,8,0,13,40,64,0,6,8,0,9,28,0,13,36,14,0,7,0,8,7,0,0,74714
2951,1117,1121,181806,1579200,334164,3053,280,2150,587,615,75,06,085,509304,287,1325,37,45,516,605,3198,92168,1121,23,0,0,27,17,15,16,26,66,0,33,109,42,94,117,536,199,0,0,0,11,22,12,18,136,118,0,0,12,0,11,58,10,27,45,3,0,5,0,6,5,0,26,131,39,0,0,0,28,0,0,64,06085509304,1125000,79310,2618,186,175,0,0,33,17,14,66,0,06,085,509304,45,132,0,12,0,13,20,48,13,26,138,0,0,0,75,0,0,0,63,129,10,0,15,0,0,0,13,91,61786
4396,1619,2231,150195,1923600,609315,2644,195,3514,1004,983,173,06,085,509401,420,2445,82,141,439,1792,2649,94692,2231,134,88,14,48,50,67,0,9,14,30,95,129,217,218,309,809,307,0,0,0,0,0,24,0,283,170,23,11,14,0,0,18,0,104,202,0,0,0,0,0,13,10,179,158,20,54,0,32,0,0,0,52,06085509401,1657100,420983,2209,116,297,26,0,9,10,0,68,0,06,085,509401,184,176,8,32,8,0,9,17,0,102,217,12,0,0,9,0,37,8,151,145,34,0,0,18,18,31,9,35,80786
4625,1574,2049,168869,718000,126265,2906,182,3278,841,691,206,06,085,509403,421,2405,66,0,171,1878,2876,93707,2049,32,0,0,34,0,0,189,98,10,0,4,282,92,180,201,927,516,21,0,0,0,79,14,0,402,155,42,0,22,0,16,0,20,55,128,13,15,0,20,0,20,0,60,61,0,0,18,0,0,0,0,43,06085509403,1035700,127291,2358,125,623,49,0,0,69,0,55,41,06,085,509403,409,272,46,48,0,0,59,0,15,104,276,9,27,30,0,16,35,8,151,179,59,0,12,8,29,0,13,58,54388
6208,2059,3116,195294,1529800,333608,3501,-333333333,4835,1229,1484,533,06,085,509404,582,3412,48,80,917,2199,3440,137063,3116,79,54,14,50,86,0,0,0,68,86,156,215,146,272,436,1454,621,68,0,23,0,0,31,0,499,310,0,0,62,0,0,108,0,140,143,0,0,0,0,0,32,0,111,194,31,0,14,0,16,0,46,87,06085509404,1136700,78054,2851,204,296,19,0,0,15,12,29,0,06,085,509404,221,72,0,0,0,0,0,41,0,31,307,0,14,20,76,42,35,15,105,364,114,19,88,31,12,0,0,100,55078
5682,1958,2358,148750,2000001,-333333333,2872,269,4119,1207,853,227,06,085,509500,366,2812,161,471,410,1948,3027,76676,2358,58,60,27,0,44,0,81,0,45,130,140,345,70,179,346,833,389,36,0,0,0,0,44,29,280,390,0,61,0,64,18,23,17,207,206,0,0,0,26,37,59,20,64,101,0,0,28,0,13,0,0,60,06085509500,1658700,312704,2281,107,455,34,0,148,13,43,21,19,06,085,509500,177,388,0,53,31,0,31,0,132,141,303,0,0,0,65,0,12,47,179,109,0,0,16,0,0,0,0,93,61322
3625,1416,1706,193024,2000001,-333333333,3392,299,2773,999,942,168,06,085,509600,226,1820,68,259,397,1309,3412,120802,1706,33,0,11,18,65,11,0,30,8,8,126,152,70,103,267,804,364,0,23,12,8,15,20,19,267,141,0,0,0,0,13,0,10,118,163,33,0,34,8,0,0,0,88,69,21,0,0,0,3,0,0,45,06085509600,1734900,144782,2926,300,159,2,9,21,1,16,8,0,06,085,509600,102,137,0,0,10,0,8,0,0,119,157,20,0,12,9,7,0,0,109,149,8,43,0,0,0,34,0,64,82976
3009,1505,1371,222596,2000001,-333333333,3159,287,2202,758,687,50,06,085,509700,375,1552,135,170,656,715,3256,121500,1371,34,43,31,14,0,14,21,21,25,50,29,95,100,36,96,762,134,0,0,0,16,9,0,0,109,80,0,0,19,9,0,0,0,52,121,31,0,0,10,33,0,0,47,9,0,0,9,0,0,0,0,0,06085509700,1535700,237516,2648,147,181,0,7,0,0,13,0,0,06,085,509700,161,117,0,6,0,9,19,16,0,67,88,0,0,17,8,0,16,8,39,20,13,0,0,0,0,0,0,7,88929
5975,2419,2487,169071,2000001,-333333333,2464,297,4057,1499,1092,360,06,085,509801,369,2662,103,20,1385,1102,2811,97109,2487,33,0,65,0,74,24,37,15,129,106,92,136,193,185,393,1005,294,0,18,29,100,14,20,0,113,132,26,0,0,14,0,12,0,80,52,0,0,0,0,0,0,38,14,126,0,0,65,0,0,15,0,46,06085509801,1983800,410759,2045,246,258,17,0,24,0,33,36,0,06,085,509801,148,185,0,0,73,0,70,0,0,42,108,0,0,12,0,0,63,20,13,45,0,15,0,0,0,0,14,16,63941
3015,1217,1087,214261,2000001,-333333333,2728,427,1977,628,633,123,06,085,509802,248,1205,30,0,609,478,3237,103354,1087,0,30,14,0,0,0,0,9,18,14,89,95,59,93,107,559,96,36,0,0,0,0,0,0,60,35,2,0,0,0,0,0,10,23,24,0,0,16,0,0,0,0,8,16,0,0,0,8,8,0,0,0,06085509802,1828400,160893,2416,172,115,17,27,8,0,11,0,0,06,085,509802,52,43,1,13,0,0,0,0,0,29,18,0,0,0,10,0,0,0,8,71,27,0,7,0,7,0,0,30,102656
2649,1654,794,250001,2000001,-333333333,3501,-333333333,1598,441,568,142,06,085,509901,200,811,86,0,673,121,4001,126193,794,9,0,0,2,0,0,4,0,15,5,24,0,26,15,103,591,136,10,0,14,0,0,0,11,101,24,0,0,6,0,0,0,0,18,20,0,5,0,0,15,0,0,0,0,0,0,0,0,0,0,0,0,06085509901,2000001,-333333333,2890,508,49,4,5,0,0,0,5,0,06,085,509901,35,17,4,0,0,0,0,0,0,13,0,0,0,0,0,0,0,0,0,8,8,0,0,0,0,0,0,0,106528
5056,2344,1791,250001,2000001,-333333333,2607,420,3541,1256,1126,205,06,085,509902,320,1879,60,7,1259,532,2955,101618,1791,52,30,68,19,27,13,35,0,31,43,20,110,58,44,226,1015,133,4,19,9,14,11,10,0,66,47,0,0,18,0,0,0,8,21,18,0,0,0,0,0,0,0,18,39,10,0,0,0,0,0,0,29,06085509902,2000001,-333333333,2135,190,151,29,0,10,0,20,10,0,06,085,509902,82,211,15,14,20,14,0,38,13,97,10,0,0,0,0,10,0,0,0,60,31,0,0,0,0,0,0,29,55192
5990,3313,2025,250001,2000001,-333333333,3501,-333333333,4119,1334,1588,400,06,085,510001,364,2112,78,29,1842,183,4001,143491,2025,11,7,0,37,0,17,0,9,11,51,34,65,175,182,109,1317,190,0,3,12,0,0,0,0,175,46,0,7,0,32,7,0,0,0,19,3,0,0,0,16,0,0,0,0,0,0,0,0,0,0,0,0,06085510001,2000001,-333333333,3501,-333333333,228,13,5,28,5,13,49,0,06,085,510001,115,70,20,0,0,0,5,21,0,24,117,0,0,0,23,0,0,0,94,76,0,0,0,0,0,0,0,76,81295
4094,1821,1329,250001,2000001,-333333333,3501,-333333333,2784,888,803,315,06,085,510002,440,1417,51,10,1134,195,3958,118387,1329,12,0,0,13,9,0,0,53,0,33,8,30,15,60,147,949,183,0,0,0,0,15,1,0,167,7,0,0,0,0,0,0,7,0,11,0,0,11,0,0,0,0,0,4,0,0,0,0,0,4,0,0,06085510002,2000001,-333333333,2956,431,104,14,0,0,0,0,12,0,06,085,510002,78,66,8,0,6,0,0,13,0,39,20,0,0,9,0,0,0,0,11,19,0,0,10,0,0,0,0,9,85441
2865,1386,1036,248333,2000001,-333333333,3501,-333333333,2042,681,550,230,06,085,510100,225,1121,12,0,905,131,4001,117550,1036,11,7,21,31,69,31,10,20,11,19,22,53,40,23,85,583,124,0,0,0,0,0,15,0,109,0,0,0,0,0,0,0,0,0,13,0,0,0,0,0,13,0,0,11,0,0,0,0,11,0,0,0,06085510100,2000001,-333333333,3501,-333333333,87,0,0,12,0,9,6,8,06,085,510100,52,6,6,0,0,0,0,0,0,0,0,0,0,0,0,0,0,0,0,14,0,14,0,0,0,0,0,0,97000
4598,2667,1520,250001,2000001,-333333333,3501,-333333333,3110,885,1083,335,06,085,510200,307,1629,173,64,1414,106,4001,123044,1520,20,0,19,17,8,11,5,0,10,53,35,24,77,110,64,1067,180,0,1,0,0,0,10,0,169,73,0,0,0,42,0,0,0,31,53,15,0,0,0,13,0,0,25,12,6,6,0,0,0,0,0,0,06085510200,2000001,-333333333,3375,2534,63,0,1,0,0,32,0,1,06,085,510200,29,63,7,0,13,12,14,0,0,17,12,0,0,0,0,12,0,0,0,0,0,0,0,0,0,0,0,0,107845
4756,2565,1748,250001,2000001,-333333333,3501,-333333333,3332,1263,943,297,06,085,510300,469,1838,104,82,1270,478,4001,118438,1748,58,7,32,10,5,31,25,10,53,41,19,38,79,87,110,1143,389,13,0,0,18,0,14,40,304,83,0,0,0,15,0,52,0,16,14,0,14,0,0,0,0,0,0,67,11,0,13,0,16,0,0,27,06085510300,2000001,-333333333,3327,214,184,0,0,12,12,13,0,0,06,085,510300,147,63,0,0,8,0,11,0,0,44,84,0,0,10,0,8,0,0,66,43,0,0,12,0,0,0,13,18,115500
3692,1573,1280,250001,2000001,-333333333,3501,-333333333,2592,971,834,158,06,085,510400,411,1460,66,19,937,343,4001,136579,1280,22,0,11,0,11,20,0,11,7,27,22,22,126,35,90,876,152,7,0,4,19,0,8,10,104,109,0,0,0,0,0,13,0,96,25,7,0,0,0,8,0,0,10,48,4,0,12,12,0,0,20,0,06085510400,2000001,-333333333,3394,364,172,29,16,0,21,0,33,0,06,085,510400,73,111,0,0,0,0,0,14,0,97,19,0,0,0,0,0,0,0,19,44,0,0,0,0,10,24,0,10,101938
4637,2331,1724,250001,2000001,-333333333,3501,-333333333,3266,896,1255,303,06,085,510500,331,1937,144,141,1285,439,4001,124063,1724,90,20,32,22,28,30,0,9,0,16,89,47,213,56,134,938,263,43,16,0,7,1,0,0,196,96,0,1,14,0,0,9,0,72,37,11,0,0,0,0,0,0,26,38,2,0,11,0,0,0,0,25,06085510500,2000001,-333333333,3066,754,87,15,27,8,6,7,0,7,06,085,510500,17,32,6,0,6,0,0,8,12,0,117,11,0,0,12,18,0,0,76,35,28,0,0,0,0,0,7,0,107578
6458,2607,2277,160972,2000001,-333333333,2918,527,4266,1046,1204,419,06,085,510600,850,2523,300,28,1300,977,3326,74402,2277,137,11,9,16,0,57,22,35,108,149,62,119,269,115,201,967,177,48,0,0,0,25,19,0,85,190,22,22,0,0,39,23,17,67,123,0,0,0,65,13,23,0,22,36,0,0,0,14,22,0,0,0,06085510600,2000001,-333333333,2330,212,286,17,23,77,0,46,0,0,06,085,510600,123,166,44,25,0,0,0,24,0,73,171,0,0,30,16,29,0,13,83,60,0,0,19,0,0,0,0,41,69947
4871,1934,2260,185000,2000001,-333333333,2792,257,3696,889,958,369,06,085,510700,781,2503,148,35,1004,1256,2908,89722,2260,43,87,27,13,17,31,0,11,37,50,147,292,138,94,191,1082,336,0,0,23,0,69,61,39,144,182,0,0,0,0,9,0,0,173,188,0,25,27,0,59,32,0,45,162,8,0,0,16,0,61,0,77,06085510700,1667600,104815,2305,94,242,17,16,15,36,28,34,0,06,085,510700,96,145,0,0,46,0,0,54,19,26,81,0,0,0,0,0,0,18,63,72,28,0,0,17,27,0,0,0,70891
5276,1755,1916,250001,2000001,-333333333,3501,-333333333,3626,1069,1472,194,06,085,510801,580,2130,36,30,1344,572,4001,133958,1916,8,8,37,36,27,0,21,8,16,29,36,89,119,40,275,1167,130,15,0,5,0,0,5,0,105,38,0,0,0,0,0,0,0,38,34,0,0,13,0,7,7,0,7,21,0,0,0,0,0,0,0,21,06085510801,2000001,-333333333,2468,513,204,35,10,0,18,10,0,15,06,085,510801,116,168,43,0,0,16,0,0,0,109,66,33,0,0,0,0,11,0,22,95,14,0,0,0,0,0,0,81,76085
2044,1149,710,250001,2000001,-333333333,3501,-333333333,1400,384,528,92,06,085,510802,196,751,26,9,508,202,4001,114929,710,8,12,7,0,3,0,0,0,7,10,16,16,37,32,67,495,95,16,7,3,0,0,0,0,69,13,0,0,0,0,0,5,0,8,27,0,0,0,0,0,0,0,27,9,0,0,0,0,0,0,0,9,06085510802,2000001,-333333333,1945,218,71,15,9,1,0,0,1,14,06,085,510802,31,45,1,0,0,0,8,8,6,22,10,1,0,0,0,0,0,0,9,7,7,0,0,0,0,0,0,0,73553
3352,1489,1193,250001,2000001,-333333333,2667,1101,2135,603,631,154,06,085,510803,260,1218,51,0,512,681,2888,122910,1193,111,34,26,20,29,15,0,43,20,0,43,24,23,43,56,706,31,0,0,0,0,9,2,0,20,55,11,18,0,0,0,0,8,18,21,0,0,0,9,0,2,0,10,66,24,0,8,0,0,0,0,34,06085510803,2000001,-333333333,2838,238,85,0,20,0,19,17,0,14,06,085,510803,15,75,15,0,0,0,7,0,13,40,20,0,0,0,0,6,0,14,0,33,0,0,0,10,12,0,0,11,71887
4991,2289,2029,169083,2000001,-333333333,3203,548,3458,890,829,193,06,085,510900,721,2203,394,41,1257,772,3377,113558,2029,44,36,0,21,35,0,0,18,10,96,78,152,198,180,309,852,349,67,0,21,0,18,53,0,190,21,0,0,21,0,0,0,0,0,87,0,9,0,21,0,0,0,57,35,0,18,0,0,0,0,0,17,06085510900,2000001,-333333333,2779,779,171,0,40,11,0,14,11,0,06,085,510900,95,125,17,0,0,0,0,0,0,108,146,32,0,0,36,14,16,0,48,208,59,0,35,0,19,0,0,95,74959
7252,2703,2331,250001,2000001,-333333333,3501,-333333333,4837,1292,1197,291,06,085,511000,1089,2562,179,67,1372,959,3801,127656,2331,44,0,0,29,18,16,15,0,35,17,85,128,122,200,282,1340,521,0,61,36,24,12,0,0,388,93,0,0,0,0,0,0,38,55,124,0,0,0,0,53,12,0,59,69,0,0,0,0,0,0,0,69,06085511000,2000001,-333333333,2760,239,337,42,0,17,14,19,16,0,06,085,511000,229,31,16,0,0,0,0,0,0,15,153,0,0,0,47,46,40,0,20,66,16,19,0,0,0,14,0,17,86097
5437,2539,1984,250001,2000001,-333333333,3501,-333333333,3867,1053,1491,235,06,085,511100,438,2046,432,124,1620,364,4001,121667,1984,20,10,28,0,127,18,35,0,21,46,45,79,50,131,209,1165,285,41,5,27,7,13,10,25,157,106,9,0,0,0,22,0,0,75,48,0,11,0,0,0,16,0,21,0,0,0,0,0,0,0,0,0,06085511100,2000001,-333333333,2777,242,164,28,10,2,0,26,16,0,06,085,511100,82,90,11,0,34,8,0,0,10,27,82,7,0,21,15,0,0,14,25,20,10,0,0,0,10,0,0,0,91976
4877,2771,1712,250001,2000001,-333333333,3501,-333333333,3246,679,1159,443,06,085,511200,562,1833,157,831,1198,514,4001,122670,1712,39,0,0,0,1,20,0,16,20,0,35,46,70,150,214,1101,158,0,1,3,0,6,5,5,138,156,11,0,0,15,0,0,27,103,31,7,0,0,0,15,0,0,9,30,14,0,0,0,16,0,0,0,06085511200,2000001,-333333333,3075,347,170,0,0,5,0,8,24,44,06,085,511200,89,32,0,0,0,0,0,0,0,32,21,0,0,0,0,0,0,0,21,120,43,6,0,0,52,0,0,19,94779
4036,2307,1568,233864,2000001,-333333333,2608,719,3028,1103,956,252,06,085,511301,251,1897,205,676,817,751,3131,82973,1568,45,45,0,36,0,31,25,32,36,29,111,27,97,83,72,899,193,40,33,28,4,18,10,28,32,171,4,5,7,17,13,0,0,125,82,8,11,0,24,10,0,0,29,11,0,0,0,0,0,0,0,11,06085511301,2000001,-333333333,2173,559,172,56,36,0,5,0,6,10,06,085,511301,59,135,8,0,11,4,0,13,0,99,72,0,10,0,0,0,44,0,18,46,17,0,0,0,0,11,10,8,63032
3438,2078,1970,133594,1814300,550734,3019,463,3114,989,768,200,06,085,511302,475,2441,30,465,474,1496,2753,91275,1970,91,130,99,55,67,28,49,59,13,57,63,124,143,75,116,801,248,21,9,0,0,18,21,0,179,51,0,5,0,0,0,0,0,46,30,0,17,0,0,0,0,0,13,129,0,0,13,0,0,36,0,80,06085511302,1612700,506726,2201,272,212,48,20,9,16,16,25,0,06,085,511302,78,153,18,0,0,8,0,19,42,66,148,0,14,0,32,52,0,0,50,69,0,0,16,0,0,22,0,31,52685
3745,1944,1365,250001,2000001,-333333333,3501,-333333333,2675,842,884,196,06,085,511400,477,1452,162,677,875,490,4001,176679,1365,18,12,0,12,0,0,11,2,0,16,7,45,29,72,96,1045,139,0,15,0,0,0,0,0,124,39,0,0,0,0,0,0,0,39,151,11,0,0,0,0,26,13,101,42,0,18,0,0,0,0,0,24,06085511400,2000001,-333333333,3140,269,210,9,22,27,0,9,20,0,06,085,511400,123,15,0,7,0,8,0,0,0,0,75,43,0,0,0,0,12,0,20,21,14,0,0,0,0,0,0,7,100417
3234,1100,208,44861,-666666666,-222222222,1682,196,524,227,145,10,06,085,511608,45,208,0,0,0,208,1591,8467,208,42,18,0,12,5,0,0,28,26,11,18,6,20,0,17,5,288,115,79,55,22,11,0,6,0,537,308,74,84,0,36,0,6,29,394,285,13,44,10,10,19,0,13,83,26,23,23,0,0,0,0,11,06085511608,-666666666,-222222222,1201,92,431,257,81,42,24,27,0,0,06,085,511608,0,341,289,0,32,20,0,0,0,0,562,482,40,24,4,9,3,0,0,94,66,6,0,6,0,0,0,16,5398
3356,1673,1633,144575,1238800,312995,3501,-333333333,2656,596,583,281,06,085,511609,789,1988,0,0,174,1459,3489,80625,1633,28,8,49,8,20,5,33,10,9,78,92,184,151,193,150,615,308,1,7,53,39,33,30,0,145,141,8,9,36,3,0,14,0,71,134,10,17,31,13,8,0,0,55,147,0,26,8,0,0,0,50,63,06085511609,1632600,298357,2968,132,236,5,7,8,18,31,23,23,06,085,511609,121,147,10,0,21,11,5,28,0,72,128,41,10,0,0,0,36,7,34,226,62,11,0,9,16,35,22,71,85114
4469,2593,1544,239435,2000001,-333333333,3501,-333333333,3218,963,1059,282,06,085,511701,326,1646,27,107,1416,128,4001,95977,1544,26,19,10,20,10,12,8,0,0,44,61,94,104,118,132,886,129,0,0,11,0,0,11,10,97,53,0,0,15,0,0,20,9,9,3,3,0,0,0,0,0,0,0,0,0,0,0,0,0,0,0,0,06085511701,2000001,-333333333,2691,514,63,8,0,5,0,9,0,0,06,085,511701,41,75,15,0,13,0,0,27,15,5,44,0,0,0,20,0,0,0,24,40,10,11,0,0,0,0,0,19,103559
3100,1667,1027,250001,2000001,-333333333,3501,-333333333,2176,615,750,310,06,085,511702,243,1092,122,55,896,131,4001,124231,1027,6,0,0,16,9,15,0,11,24,13,56,42,36,12,60,727,108,15,0,9,7,0,0,0,77,15,9,0,0,0,0,0,0,6,9,0,0,0,0,0,9,0,0,15,8,0,0,0,0,0,7,0,06085511702,2000001,-333333333,3501,-333333333,8,0,0,5,0,0,0,0,06,085,511702,3,0,0,0,0,0,0,0,0,0,28,13,0,0,0,0,7,8,0,0,0,0,0,0,0,0,0,0,101493
4344,1830,1622,250001,2000001,-333333333,3501,-333333333,3458,1175,1075,381,06,085,511704,421,1918,58,19,1555,67,4001,108000,1622,41,34,0,0,36,0,0,34,0,55,81,81,51,79,29,1101,200,29,0,48,11,0,17,0,95,104,10,0,12,0,17,33,0,32,0,0,0,0,0,0,0,0,0,18,7,11,0,0,0,0,0,0,06085511704,2000001,-333333333,3087,1184,78,0,0,25,11,0,0,0,06,085,511704,42,52,0,0,12,15,0,0,9,16,19,0,0,0,0,0,0,0,19,54,0,17,0,0,12,0,0,25,100603
2086,1317,643,250001,2000001,-333333333,2466,456,1595,311,345,102,06,085,511705,453,652,43,38,510,133,4001,84286,643,6,0,0,24,17,13,3,10,0,9,20,28,12,17,84,400,41,16,0,3,1,0,7,0,14,68,15,3,13,0,6,0,0,31,139,0,9,0,103,0,0,0,27,9,4,0,5,0,0,0,0,0,06085511705,2000001,-333333333,1830,304,27,9,2,1,0,9,3,0,06,085,511705,3,26,10,0,0,1,4,2,1,8,15,3,0,1,0,0,5,0,6,23,23,0,0,0,0,0,0,0,92000
3250,1914,1220,221923,2000001,-333333333,2872,1297,2358,754,768,209,06,085,511707,113,1342,73,114,988,232,3809,69688,1220,22,51,44,0,0,16,10,0,26,41,57,79,30,78,146,620,108,0,5,10,0,25,0,0,68,17,0,0,0,0,0,0,0,17,42,26,0,5,0,0,0,0,11,5,0,5,0,0,0,0,0,0,06085511707,2000001,-333333333,2664,631,240,7,16,8,92,34,0,0,06,085,511707,83,89,7,0,0,8,30,12,0,32,17,6,0,0,0,0,0,0,11,0,0,0,0,0,0,0,0,0,78929
4650,3584,1725,198458,1194000,49731,2384,490,3382,1091,892,127,06,085,511800,170,1876,191,397,1381,344,4001,89489,1725,45,22,16,0,9,0,49,12,26,27,92,145,153,147,138,844,126,0,0,0,14,0,0,11,101,110,0,0,4,19,5,16,0,66,26,0,3,20,3,0,0,0,0,0,0,0,0,0,0,0,0,0,06085511800,1031700,96668,2168,291,152,18,9,0,11,0,36,0,06,085,511800,78,79,10,0,11,9,0,10,0,39,14,0,0,14,0,0,0,0,0,0,0,0,0,0,0,0,0,0,62625
3052,1378,1030,250001,1663100,326243,3501,-333333333,2038,729,603,137,06,085,511905,139,1101,8,0,849,181,3898,123227,1030,14,0,5,0,0,23,0,0,8,5,74,38,48,9,63,743,54,0,0,0,25,0,0,0,29,43,0,0,0,0,0,0,0,43,0,0,0,0,0,0,0,0,0,0,0,0,0,0,0,0,0,0,06085511905,1379000,118704,3375,470,95,0,22,0,0,9,9,0,06,085,511905,55,12,12,0,0,0,0,0,0,0,52,10,0,0,11,0,0,0,31,10,0,0,0,0,0,0,0,10,84471
4114,1308,1239,250001,1712100,207854,3501,-333333333,2779,1089,771,113,06,085,511907,249,1333,0,0,1090,149,4001,120609,1239,9,12,20,21,0,20,9,9,0,10,23,60,15,23,113,895,89,0,0,0,0,14,0,0,75,72,38,0,0,0,0,0,0,34,11,0,0,0,0,0,0,0,11,46,46,0,0,0,0,0,0,0,06085511907,1176000,55440,3501,-333333333,157,31,0,0,0,0,0,9,06,085,511907,117,19,0,0,0,0,0,9,0,10,0,0,0,0,0,0,0,0,0,0,0,0,0,0,0,0,0,0,80500
3121,1673,1089,250001,2000001,-333333333,3501,-333333333,2269,921,572,98,06,085,511910,76,1098,9,13,971,118,4001,124063,1089,29,0,0,0,29,0,0,33,0,13,19,23,31,31,65,816,84,0,7,7,0,16,0,0,54,13,0,0,0,0,0,0,0,13,40,19,12,0,0,0,9,0,0,28,0,10,0,0,0,0,0,18,06085511910,1549700,69866,3501,-333333333,57,0,0,8,0,0,4,9,06,085,511910,36,28,0,0,0,0,0,9,0,19,57,12,0,0,0,0,11,0,34,32,0,0,0,32,0,0,0,0,93705
4871,2718,2009,162321,1859200,416169,1777,219,3783,1400,569,78,06,085,511911,158,2092,28,101,1496,513,2981,80714,2009,36,0,79,25,38,0,23,66,71,70,56,154,185,148,207,851,185,0,3,0,43,41,33,0,65,0,0,0,0,0,0,0,0,0,40,29,0,0,0,0,0,0,11,0,0,0,0,0,0,0,0,0,06085511911,1358000,201601,1677,718,245,14,27,23,35,14,30,25,06,085,511911,77,115,0,0,0,14,0,0,29,72,31,31,0,0,0,0,0,0,0,10,0,0,0,0,0,0,0,10,61658
5455,1870,1707,245054,1991700,136309,3501,-333333333,3792,1272,1402,133,06,085,511912,286,1716,0,0,1490,217,4001,108024,1707,32,7,10,9,22,11,0,37,9,24,38,36,118,52,258,1044,117,0,19,0,0,0,18,0,80,34,9,0,0,0,15,0,0,10,15,0,0,0,7,8,0,0,0,21,0,0,0,0,0,0,0,21,06085511912,1394600,62216,3501,-333333333,102,0,3,16,0,13,10,0,06,085,511912,60,0,0,0,0,0,0,0,0,0,46,10,0,0,0,0,0,0,36,9,0,0,0,0,0,0,0,9,81077
4554,2744,1437,250001,1856000,39158,3501,-333333333,2987,1319,545,65,06,085,511913,242,1450,0,0,1320,117,4001,97375,1437,9,0,0,40,0,0,10,0,29,13,47,118,56,43,71,1001,188,7,1,0,0,24,0,0,156,1,0,0,1,0,0,0,0,0,24,24,0,0,0,0,0,0,0,0,0,0,0,0,0,0,0,0,06085511913,1272700,70697,-666666666,-222222222,95,0,9,5,21,12,9,0,06,085,511913,39,27,9,0,2,0,0,0,9,7,16,0,0,0,0,0,0,0,16,23,0,4,0,0,19,0,0,0,60755
6319,2926,2029,243836,1687100,115916,2595,1733,4172,1425,1024,331,06,085,511914,253,2091,19,17,1826,203,3561,85595,2029,8,33,54,34,22,0,42,15,6,42,8,102,105,110,203,1245,189,21,19,25,17,0,0,0,107,67,18,0,16,0,3,10,0,20,0,0,0,0,0,0,0,0,0,37,22,0,0,0,15,0,0,0,06085511914,1210700,45344,3501,-333333333,183,6,0,0,0,50,0,0,06,085,511914,127,21,21,0,0,0,0,0,0,0,38,13,0,0,0,0,0,0,25,42,28,0,14,0,0,0,0,0,65451
3994,1104,1357,97266,1308700,127646,2194,319,2487,552,363,78,06,085,511915,62,1466,8,0,494,863,2341,43730,1357,122,135,141,17,19,0,13,27,23,28,32,123,85,139,107,346,458,16,0,57,10,94,0,0,281,57,0,0,9,0,0,0,0,48,0,0,0,0,0,0,0,0,0,0,0,0,0,0,0,0,0,0,06085511915,872500,40304,1718,138,242,26,11,48,9,34,0,14,06,085,511915,100,50,0,0,21,0,0,12,0,17,41,0,3,0,0,18,0,0,20,0,0,0,0,0,0,0,0,0,31174
4358,1973,1543,187891,1551000,83918,2123,272,2817,987,583,57,06,085,511916,161,1630,35,0,1017,526,3406,96838,1543,18,34,28,20,0,56,26,13,0,48,86,103,93,54,222,742,100,16,1,0,0,16,0,0,67,48,0,0,10,35,0,0,3,0,12,0,0,0,0,12,0,0,0,10,10,0,0,0,0,0,0,0,06085511916,1106800,65763,1357,575,134,24,1,0,0,15,8,0,06,085,511916,86,29,0,0,10,0,0,9,0,10,23,0,0,0,0,14,0,9,0,16,0,0,0,0,0,0,0,16,63170
6215,1263,1880,193636,1225600,56102,3501,-333333333,4323,1515,693,142,06,085,512001,50,1880,0,0,1725,155,3812,73831,1880,6,0,0,69,0,18,0,0,25,7,65,129,291,123,290,857,196,1,0,2,0,87,15,10,81,32,1,0,20,0,0,0,0,11,0,0,0,0,0,0,0,0,0,0,0,0,0,0,0,0,0,0,06085512001,954500,69241,3094,292,185,43,28,7,21,44,0,0,06,085,512001,42,65,18,0,1,0,0,0,0,46,0,0,0,0,0,0,0,0,0,199,137,0,53,0,0,0,0,9,67240
6866,2907,2186,184808,1232800,55807,2415,797,4651,1364,747,151,06,085,512005,81,2197,0,18,1794,392,2765,75434,2186,56,24,0,30,74,0,48,0,0,35,32,119,196,116,567,889,114,26,0,16,23,0,0,19,30,77,25,2,0,1,19,0,0,30,7,0,0,0,0,0,7,0,0,13,0,0,0,0,7,6,0,0,06085512005,903400,32320,2837,223,491,164,0,28,70,25,60,36,06,085,512005,108,133,22,0,11,30,1,18,23,28,34,6,0,0,0,17,0,0,11,43,20,20,0,3,0,0,0,0,49449
4407,1609,1488,133438,1120200,53664,3176,147,3178,918,300,115,06,085,512019,24,1543,0,0,930,558,3215,66610,1488,54,19,21,16,74,0,15,14,0,26,106,171,152,132,254,434,246,11,0,0,71,0,0,39,125,25,0,0,7,0,11,7,0,0,27,0,0,0,0,0,0,0,27,146,44,0,35,34,33,0,0,0,06085512019,835100,23497,2418,142,305,18,13,25,34,46,74,48,06,085,512019,47,69,15,0,0,13,30,0,0,11,10,10,0,0,0,0,0,0,0,9,9,0,0,0,0,0,0,0,43822
5889,1920,1976,150179,1091700,68788,3352,423,4287,1361,498,160,06,085,512021,127,2110,0,11,1619,357,3130,61431,1976,41,0,45,0,21,91,33,29,0,24,40,107,353,203,228,761,149,0,34,0,15,30,0,0,70,29,1,0,0,0,0,28,0,0,0,0,0,0,0,0,0,0,0,30,0,0,0,0,0,30,0,0,06085512021,764400,57203,3138,165,205,6,8,12,8,0,9,10,06,085,512021,152,96,23,0,15,0,0,0,0,58,142,0,0,0,0,54,0,0,88,0,0,0,0,0,0,0,0,0,51546
6277,1129,1874,95571,369900,50113,2446,212,4437,683,162,59,06,085,512022,16,1939,0,0,1080,794,2127,41300,1874,49,47,22,31,39,36,8,13,174,106,87,384,140,219,313,206,262,1,22,8,76,72,36,0,47,11,0,0,0,0,0,0,11,0,97,0,0,0,0,28,42,0,27,9,0,0,0,0,0,0,9,0,06085512022,255800,61677,2099,207,193,33,16,37,50,11,23,1,06,085,512022,22,50,12,0,22,0,6,1,9,0,0,0,0,0,0,0,0,0,0,58,10,0,0,23,0,0,25,0,36127
5431,1012,1894,114000,674700,30241,2462,277,3741,775,443,37,06,085,512023,62,2024,0,0,939,955,2499,54117,1894,6,0,18,37,28,15,6,36,24,184,116,401,152,258,356,257,483,0,42,0,28,53,19,33,308,96,10,0,17,19,18,12,9,11,0,0,0,0,0,0,0,0,0,0,0,0,0,0,0,0,0,0,06085512023,474900,37738,2133,196,363,36,21,64,48,51,57,7,06,085,512023,79,67,9,12,6,15,8,6,0,11,25,14,0,0,0,0,0,0,11,28,0,12,16,0,0,0,0,0,41865
5056,1955,1777,134784,1114500,65097,2023,479,3550,1158,471,45,06,085,512024,113,1840,49,0,934,843,2344,56795,1777,13,0,58,41,78,7,107,9,15,66,188,77,152,189,240,537,209,30,30,0,7,21,3,0,118,60,39,0,0,21,0,0,0,0,68,10,0,0,0,0,25,9,24,27,5,7,6,0,0,0,0,9,06085512024,825600,40483,1712,303,427,49,34,38,12,43,68,36,06,085,512024,147,152,0,0,20,14,0,89,0,29,25,11,0,0,0,0,0,0,14,41,13,0,13,0,0,0,0,15,49831
3008,1240,946,216711,1236100,65628,3501,-333333333,2170,605,459,30,06,085,512025,95,998,0,0,787,159,3543,68971,946,0,0,18,0,8,0,28,0,16,20,10,108,40,57,97,544,30,0,0,0,0,0,0,0,30,59,0,0,0,49,0,10,0,0,0,0,0,0,0,0,0,0,0,4,0,4,0,0,0,0,0,0,06085512025,899100,29273,2242,1569,192,0,15,31,65,0,31,0,06,085,512025,50,17,0,0,17,0,0,0,0,0,0,0,0,0,0,0,0,0,0,0,0,0,0,0,0,0,0,0,52823
3627,661,1239,131850,787600,120957,2818,264,2588,671,322,98,06,085,512026,21,1269,9,0,967,272,2569,61993,1239,38,22,0,8,13,12,11,0,95,27,70,137,168,79,182,377,204,37,0,9,36,17,8,34,63,8,8,0,0,0,0,0,0,0,3,0,0,0,0,0,0,3,0,0,0,0,0,0,0,0,0,0,06085512026,654600,35473,2394,224,143,0,0,26,10,7,27,13,06,085,512026,60,31,14,0,0,0,17,0,0,0,0,0,0,0,0,0,0,0,0,0,0,0,0,0,0,0,0,0,48860
4130,1677,1490,125152,1127100,44503,2842,274,2989,687,413,15,06,085,512027,126,1667,0,17,712,778,2999,46106,1490,59,43,49,8,13,34,37,16,70,51,120,87,156,72,262,413,116,0,0,13,0,2,7,25,69,30,6,0,6,0,10,0,8,0,23,0,7,0,0,0,0,0,16,0,0,0,0,0,0,0,0,0,06085512027,869500,38339,2331,165,450,7,10,23,83,113,48,0,06,085,512027,166,51,0,0,0,10,0,0,0,41,74,13,0,0,0,19,0,22,20,20,0,0,0,0,20,0,0,0,49578
7939,3498,2531,183125,1109600,24006,3501,-333333333,5094,1472,881,139,06,085,512029,84,2531,0,7,2028,503,3488,67767,2531,22,0,0,0,52,37,28,21,27,76,76,197,148,327,334,1186,164,5,0,0,24,23,0,0,112,93,0,0,18,45,0,0,0,30,51,0,0,26,0,0,0,0,25,0,0,0,0,0,0,0,0,0,06085512029,804800,29618,2622,470,551,192,52,19,54,56,37,0,06,085,512029,141,96,0,0,24,0,16,45,0,11,54,0,0,0,0,0,0,0,54,10,0,0,0,0,0,10,0,0,54504
2917,1284,878,188571,1308900,78391,3268,147,1949,551,285,27,06,085,512030,116,944,4,7,778,100,3213,55417,878,5,8,16,8,5,5,0,22,19,54,40,41,47,115,61,432,55,9,0,0,0,5,3,0,38,14,0,0,0,5,0,0,9,0,0,0,0,0,0,0,0,0,0,0,0,0,0,0,0,0,0,0,06085512030,917900,22648,3501,-333333333,297,96,3,38,5,17,5,0,06,085,512030,133,0,0,0,0,0,0,0,0,0,0,0,0,0,0,0,0,0,0,0,0,0,0,0,0,0,0,0,55048
4277,1834,1377,188487,1223200,53034,3501,-333333333,3034,1001,532,103,06,085,512031,36,1377,0,0,1190,187,3579,73929,1377,5,0,0,17,6,8,0,0,14,69,48,202,60,68,263,617,137,10,0,12,14,5,0,0,96,41,4,0,0,0,4,15,0,18,27,0,0,14,7,0,0,0,6,0,0,0,0,0,0,0,0,0,06085512031,882400,23507,2963,201,272,0,23,11,38,6,17,8,06,085,512031,169,21,11,0,0,0,0,0,0,10,53,10,0,32,0,0,0,0,11,0,0,0,0,0,0,0,0,0,52839
3544,1138,1233,167860,1142300,29912,3501,-333333333,2436,1001,355,21,06,085,512032,44,1261,0,0,928,305,3267,65774,1233,136,0,8,0,38,0,30,17,9,40,28,64,43,100,257,463,139,35,0,3,9,8,10,8,66,4,0,0,0,0,0,0,0,4,9,0,0,0,9,0,0,0,0,0,0,0,0,0,0,0,0,0,06085512032,822900,44622,-666666666,-222222222,42,14,0,2,0,0,13,0,06,085,512032,13,23,0,0,0,0,0,0,0,23,14,0,0,9,0,0,0,0,5,0,0,0,0,0,0,0,0,0,43405
2958,1152,1004,163462,1040100,77291,3501,-333333333,2108,672,307,21,06,085,512034,22,1004,0,13,812,192,3213,65694,1004,0,12,0,0,32,0,17,9,61,66,15,70,104,80,144,394,130,8,0,14,14,25,0,8,61,2,0,0,0,0,2,0,0,0,0,0,0,0,0,0,0,0,0,0,0,0,0,0,0,0,0,0,06085512034,749600,55538,2662,213,133,17,11,5,0,0,68,0,06,085,512034,32,7,0,0,0,0,7,0,0,0,13,0,0,13,0,0,0,0,0,0,0,0,0,0,0,0,0,0,61500
4642,1205,1322,198500,1151500,39566,3501,-333333333,3178,1013,344,33,06,085,512035,54,1340,0,0,1024,298,3192,84583,1322,9,51,8,18,0,14,0,58,0,6,64,10,133,98,213,640,65,7,1,19,0,0,0,0,38,46,0,0,0,0,0,0,0,46,0,0,0,0,0,0,0,0,0,47,0,0,0,0,0,0,0,47,06085512035,809000,44460,2983,426,223,0,8,66,16,74,5,11,06,085,512035,43,43,7,0,0,18,0,0,0,18,15,0,0,0,0,0,0,0,15,8,0,0,0,8,0,0,0,0,40169
4766,1538,1805,134386,1299600,185365,3284,165,3504,1046,589,47,06,085,512036,207,1805,0,12,623,1182,3256,66331,1805,24,16,5,0,13,34,28,48,40,58,104,162,267,217,235,554,536,63,0,45,58,138,34,9,189,96,9,30,0,40,8,0,0,9,244,0,9,0,20,17,94,25,79,70,48,0,0,0,0,22,0,0,06085512036,898900,43104,2708,100,296,23,20,19,12,14,79,8,06,085,512036,121,36,7,0,0,0,0,12,0,17,162,11,11,30,0,14,25,28,43,77,7,0,15,0,7,9,0,39,68632
3024,981,949,177578,1215600,43472,3501,-333333333,2107,565,254,44,06,085,512037,37,955,16,14,805,144,3473,70393,949,11,10,0,8,5,0,2,6,9,67,32,67,58,77,220,377,80,0,0,8,9,4,0,0,59,6,0,0,0,0,0,0,6,0,17,0,0,0,0,0,0,0,17,31,0,11,0,9,5,0,0,6,06085512037,863600,28644,3388,427,171,14,19,26,13,0,8,4,06,085,512037,87,43,0,0,7,0,8,8,20,0,7,4,0,0,0,0,0,0,3,29,0,0,9,0,0,0,11,9,53393
3191,567,1016,99357,311000,221407,2599,347,1906,258,138,59,06,085,512038,16,1026,0,9,647,369,2028,42917,1016,0,36,11,27,10,55,40,62,7,75,73,121,133,64,85,217,243,0,75,22,29,0,20,60,37,92,10,0,19,0,15,18,11,19,56,11,32,0,0,13,0,0,0,0,0,0,0,0,0,0,0,0,06085512038,465400,87013,2290,316,473,77,51,115,15,55,51,0,06,085,512038,109,141,10,0,65,10,36,4,4,12,17,0,0,0,0,0,8,0,9,9,0,9,0,0,0,0,0,0,36864
5954,607,1440,137619,1041700,82541,2105,365,3740,641,263,0,06,085,512039,64,1449,0,10,1072,368,2268,43947,1440,43,10,13,23,52,0,21,0,10,91,96,160,154,252,162,353,421,0,8,37,130,3,81,85,77,115,0,0,42,0,6,14,37,16,3,0,0,0,0,0,3,0,0,15,0,0,0,0,15,0,0,0,06085512039,640300,42508,2832,297,292,2,0,68,78,0,21,25,06,085,512039,98,42,0,0,11,0,0,31,0,0,0,0,0,0,0,0,0,0,0,15,0,0,0,15,0,0,0,0,41778
2930,172,788,131806,1077500,38772,1857,119,1953,422,127,12,06,085,512042,15,843,8,0,490,298,2334,44413,788,55,21,25,2,0,0,15,42,4,24,82,40,71,37,93,277,170,34,0,36,12,55,2,0,31,20,8,12,0,0,0,0,0,0,2,2,0,0,0,0,0,0,0,12,0,0,0,0,0,0,0,12,06085512042,746400,57867,1654,185,160,26,12,29,38,10,35,0,06,085,512042,10,13,13,0,0,0,0,0,0,0,7,0,0,7,0,0,0,0,0,0,0,0,0,0,0,0,0,0,32250
5515,612,1682,70000,807600,49630,1887,252,3665,451,123,0,06,085,512043,0,1682,33,0,711,971,1770,33657,1682,56,6,129,94,96,19,10,80,61,232,88,338,201,35,97,140,210,34,21,0,50,33,33,0,39,98,25,48,0,0,0,0,0,25,21,0,21,0,0,0,0,0,0,0,0,0,0,0,0,0,0,0,06085512043,505000,102666,1487,172,189,0,42,75,13,25,8,5,06,085,512043,21,74,55,0,19,0,0,0,0,0,0,0,0,0,0,0,0,0,0,0,0,0,0,0,0,0,0,0,25691
5320,2254,1726,194375,1231100,34546,3501,-333333333,3642,1199,729,32,06,085,512045,131,1734,36,0,1400,326,3799,74079,1726,8,13,0,12,0,19,10,9,82,39,75,163,136,134,195,831,178,18,0,10,0,16,12,6,116,49,0,11,0,0,0,0,0,38,29,0,9,0,0,0,0,0,20,10,10,0,0,0,0,0,0,0,06085512045,874100,19955,3004,540,207,24,0,14,27,9,43,0,06,085,512045,90,10,0,0,0,0,10,0,0,0,0,0,0,0,0,0,0,0,0,0,0,0,0,0,0,0,0,0,48775
5304,2702,1634,171474,1200500,49243,3271,1218,3838,1139,448,63,06,085,512047,75,1683,37,8,1296,338,3139,64266,1634,4,8,28,13,14,64,26,10,0,36,50,181,36,196,323,645,47,0,0,0,0,0,10,0,37,72,0,10,22,7,16,0,0,17,71,26,0,0,0,24,0,0,21,5,0,0,0,0,0,0,0,5,06085512047,883900,18277,2575,618,270,57,18,46,6,73,24,0,06,085,512047,46,169,23,41,12,20,43,23,0,7,13,0,0,0,0,0,0,13,0,10,0,0,0,0,0,0,0,10,43641
4451,1663,1748,119076,739000,264563,3204,96,3304,820,459,61,06,085,512052,145,1779,0,0,775,973,3032,50155,1748,52,32,14,10,0,24,31,22,47,89,202,103,297,208,255,362,243,0,0,0,30,32,19,39,123,18,0,0,3,0,0,0,0,15,18,0,13,0,0,0,0,0,5,12,0,0,0,0,0,0,12,0,06085512052,463500,70098,2647,154,377,0,28,11,76,90,8,0,06,085,512052,164,79,38,9,14,0,0,0,0,18,32,17,0,0,0,0,0,0,15,19,9,0,0,0,0,10,0,0,51415
4996,1811,1640,116667,1126300,46008,2534,400,3272,996,208,49,06,085,512053,117,1684,0,41,1084,556,2878,52500,1640,101,16,11,9,0,15,0,47,9,59,97,329,200,118,248,381,192,10,9,25,17,37,17,0,77,10,10,0,0,0,0,0,0,0,0,0,0,0,0,0,0,0,0,0,0,0,0,0,0,0,0,0,06085512053,871600,52019,2144,316,298,44,13,24,51,55,18,13,06,085,512053,80,29,0,29,0,0,0,0,0,0,85,0,28,0,0,34,0,13,10,16,8,0,0,0,0,0,0,8,41508
1729,422,477,97417,1458300,475248,2225,206,1224,180,39,4,06,085,512100,7,489,98,58,216,261,2218,48824,477,5,0,20,0,4,0,0,5,25,48,105,27,60,14,61,103,28,0,0,14,0,0,10,0,4,45,0,4,10,0,0,10,11,10,0,0,0,0,0,0,0,0,0,0,0,0,0,0,0,0,0,0,06085512100,1074300,142432,1803,1035,72,20,0,0,7,8,18,0,06,085,512100,19,11,0,0,5,0,6,0,0,0,0,0,0,0,0,0,0,0,0,0,0,0,0,0,0,0,0,0,46750
5191,2567,1718,245065,1368500,176300,3501,-333333333,3614,1352,469,115,06,085,512200,89,1800,59,83,1562,156,4001,80562,1718,44,0,0,0,0,0,2,0,0,19,131,111,144,110,195,962,180,8,0,0,17,0,0,52,103,19,0,0,0,0,0,0,0,19,53,0,0,0,0,0,13,0,40,14,0,0,0,0,0,0,0,14,06085512200,984400,56438,2309,1126,141,0,2,13,35,18,11,0,06,085,512200,62,55,0,0,0,0,10,13,0,32,0,0,0,0,0,0,0,0,0,30,0,0,0,0,0,0,0,30,65000
4289,1923,1337,228583,1229600,95954,2824,149,3007,1067,404,62,06,085,512305,72,1397,5,44,1190,147,4001,72045,1337,11,0,0,0,0,28,7,18,71,13,24,58,102,100,133,772,194,20,0,0,28,0,0,0,146,35,0,35,0,0,0,0,0,0,13,13,0,0,0,0,0,0,0,35,35,0,0,0,0,0,0,0,06085512305,1026500,78024,1916,383,183,2,56,12,19,16,36,0,06,085,512305,42,50,40,0,0,0,1,0,0,9,14,13,0,0,1,0,0,0,0,64,64,0,0,0,0,0,0,0,52069
6804,2859,2243,149531,1076000,48748,1750,327,4453,1092,510,117,06,085,512307,34,2357,29,0,1730,513,2454,55806,2243,3,0,32,12,71,21,166,24,18,98,101,189,169,222,291,826,318,23,1,29,10,77,28,0,150,48,1,0,0,0,15,22,0,10,21,0,0,0,21,0,0,0,0,0,0,0,0,0,0,0,0,0,06085512307,846700,38481,2427,394,272,21,0,0,14,38,0,0,06,085,512307,199,15,0,0,0,0,0,14,1,0,35,0,0,0,14,8,0,0,13,25,13,0,0,0,0,0,0,12,58378
8336,4435,2704,238021,1350200,231174,3501,-333333333,5737,1654,1256,268,06,085,512308,180,2783,23,49,2494,210,3851,86544,2704,31,0,0,14,0,0,0,32,0,162,53,178,191,288,162,1593,456,7,72,0,0,0,9,0,368,38,8,0,5,0,0,0,0,25,0,0,0,0,0,0,0,0,0,127,47,0,0,48,0,32,0,0,06085512308,1020000,73736,3501,-333333333,530,0,81,46,74,10,44,25,06,085,512308,250,28,0,18,0,0,0,0,0,10,122,17,35,29,0,0,0,0,41,0,0,0,0,0,0,0,0,0,68813
4954,2668,1649,194280,1297200,97592,2189,757,3423,1067,379,26,06,085,512309,63,1712,0,49,1407,242,3425,63716,1649,17,25,0,0,10,36,8,9,0,32,31,97,160,113,303,808,189,27,22,6,20,6,29,14,65,25,0,0,11,0,0,0,0,14,26,0,0,0,0,0,14,0,12,22,0,0,7,0,0,0,0,15,06085512309,892100,39757,2231,145,131,8,25,10,0,14,0,0,06,085,512309,74,96,18,6,0,8,0,17,0,47,34,0,8,0,0,6,0,0,20,7,0,7,0,0,0,0,0,0,54850
5549,1075,1776,98263,1016800,129812,1900,136,3391,689,173,42,06,085,512310,62,1806,13,34,778,998,2003,43490,1776,61,58,57,50,24,26,32,94,41,83,105,298,107,126,238,376,290,48,9,12,26,38,76,0,81,37,3,0,5,0,8,0,0,21,0,0,0,0,0,0,0,0,0,21,21,0,0,0,0,0,0,0,06085512310,793800,66745,1489,147,168,10,7,8,11,63,13,0,06,085,512310,56,34,0,0,19,15,0,0,0,0,52,2,20,0,9,0,0,0,21,0,0,0,0,0,0,0,0,0,37797
4083,1432,1310,149545,1027700,113894,3501,-333333333,2746,873,232,142,06,085,512311,30,1363,0,25,988,322,3144,59112,1310,65,0,27,39,8,18,35,22,16,79,55,84,136,73,183,470,334,109,17,20,4,43,43,0,98,18,0,0,10,0,8,0,0,0,0,0,0,0,0,0,0,0,0,0,0,0,0,0,0,0,0,0,06085512311,758200,81684,1188,327,175,41,0,17,9,0,62,0,06,085,512311,46,42,0,7,11,0,7,0,0,17,53,0,35,0,0,0,18,0,0,0,0,0,0,0,0,0,0,0,41301
3515,1493,1154,200758,977300,54388,3200,322,2353,783,212,62,06,085,512312,79,1207,0,0,952,202,3052,78053,1154,13,0,5,7,0,7,19,19,13,21,16,99,144,78,126,587,198,0,0,30,0,12,0,16,140,7,0,7,0,0,0,0,0,0,7,0,7,0,0,0,0,0,0,0,0,0,0,0,0,0,0,0,06085512312,718800,36323,2147,211,261,22,31,8,32,17,5,25,06,085,512312,121,46,33,13,0,0,0,0,0,0,0,0,0,0,0,0,0,0,0,55,18,0,0,0,0,18,0,19,51583
3868,1108,1111,108542,987200,86083,2610,225,2491,652,162,107,06,085,512313,32,1170,31,0,491,620,2711,47625,1111,38,15,23,6,33,9,51,48,28,54,57,146,124,65,57,357,217,16,33,0,8,76,0,0,84,65,11,0,0,0,0,9,18,27,55,0,25,0,0,0,0,4,26,9,0,0,0,0,0,0,0,9,06085512313,853900,58913,1747,153,314,60,21,0,50,45,35,24,06,085,512313,79,92,23,0,13,1,26,8,0,21,6,5,0,0,1,0,0,0,0,68,17,0,0,0,0,22,0,29,30703
7199,2365,2298,114762,957500,71618,2090,337,4750,1049,347,111,06,085,512314,28,2407,140,112,1233,1065,2300,55843,2298,16,7,0,113,26,23,67,13,27,46,277,369,255,103,334,622,252,7,11,22,0,103,45,0,64,40,0,0,28,0,12,0,0,0,29,8,0,0,0,0,0,0,21,0,0,0,0,0,0,0,0,0,06085512314,707600,45363,1591,176,444,50,28,5,84,52,38,34,06,085,512314,153,70,8,0,5,5,33,0,0,19,87,0,12,0,0,75,0,0,0,19,0,19,0,0,0,0,0,0,38542
4511,1796,1458,194107,1459300,354054,1824,457,3411,816,143,133,06,085,512401,0,1616,94,71,1157,301,3149,64827,1458,26,29,9,0,43,0,17,0,30,0,80,121,146,69,169,719,457,154,0,54,39,31,48,42,89,26,17,0,0,0,9,0,0,0,0,0,0,0,0,0,0,0,0,0,0,0,0,0,0,0,0,0,06085512401,1020200,89589,1734,873,260,25,0,138,0,0,0,0,06,085,512401,97,102,0,0,70,0,32,0,0,0,44,10,0,8,9,0,8,9,0,9,0,0,0,9,0,0,0,0,31538
6010,2610,1717,145788,1447300,152864,2321,561,4535,929,355,157,06,085,512402,25,1776,117,279,1221,496,2750,40446,1717,13,16,0,71,16,10,40,26,31,51,135,168,218,112,246,564,175,0,21,0,9,80,0,0,65,312,0,0,0,148,0,146,18,0,23,0,0,0,0,0,0,0,23,0,0,0,0,0,0,0,0,0,06085512402,1077900,52546,1432,384,155,7,26,16,20,0,9,8,06,085,512402,69,158,86,36,0,0,36,0,0,0,0,0,0,0,0,0,0,0,0,0,0,0,0,0,0,0,0,0,39846
7683,1212,2267,101809,893500,64901,2287,311,4764,699,224,13,06,085,512505,28,2307,72,50,1256,1011,2344,47674,2267,61,99,33,0,62,18,30,36,14,159,205,389,49,393,227,492,512,42,13,21,102,83,37,17,197,14,0,6,8,0,0,0,0,0,88,46,0,0,0,0,21,0,21,0,0,0,0,0,0,0,0,0,06085512505,626800,32413,1894,205,667,70,82,150,136,75,0,0,06,085,512505,154,92,22,36,3,0,18,0,0,13,25,12,0,0,0,0,13,0,0,17,0,17,0,0,0,0,0,0,34828
7731,1516,1922,158173,962000,46296,3330,1700,4764,973,399,0,06,085,512509,56,2015,0,0,1575,347,4001,47189,1922,29,27,30,59,8,0,0,41,37,82,88,141,197,202,291,690,660,29,0,130,105,105,66,3,222,43,17,0,0,0,3,14,0,9,32,16,0,16,0,0,0,0,0,53,0,29,0,0,24,0,0,0,06085512509,635300,42544,1808,148,232,41,0,21,0,72,21,18,06,085,512509,59,56,0,0,56,0,0,0,0,0,44,0,8,24,6,0,0,0,6,0,0,0,0,0,0,0,0,0,43750
7035,2633,2442,109902,982900,71315,2449,362,4807,1108,516,133,06,085,512510,79,2530,0,18,1642,800,3112,55761,2442,80,23,31,149,85,70,10,51,58,65,142,310,253,155,269,691,203,24,0,52,17,0,20,33,57,95,0,21,0,0,0,0,49,25,0,0,0,0,0,0,0,0,0,0,0,0,0,0,0,0,0,0,06085512510,732000,57215,2136,190,444,109,28,51,70,25,38,31,06,085,512510,92,162,16,14,16,0,0,59,0,57,70,0,0,0,4,34,32,0,0,2,2,0,0,0,0,0,0,0,45704
3385,1184,855,152063,1040200,200880,2195,282,2410,340,117,37,06,085,512602,49,958,56,35,546,309,2198,40250,855,26,0,19,0,14,15,20,0,0,37,31,92,85,72,183,261,57,5,0,0,0,1,0,0,51,15,13,0,0,0,0,0,0,2,0,0,0,0,0,0,0,0,0,0,0,0,0,0,0,0,0,0,06085512602,958900,80276,1275,189,56,26,0,22,0,0,0,0,06,085,512602,8,56,9,5,21,0,12,0,0,9,12,0,0,11,1,0,0,0,0,0,0,0,0,0,0,0,0,0,35208
4915,322,1166,95769,793800,108998,1955,244,2990,187,46,21,06,085,512603,0,1270,125,238,200,966,2049,34344,1166,0,28,21,50,29,70,19,55,23,28,95,174,158,168,112,136,179,27,27,16,33,23,20,16,17,67,25,0,0,33,9,0,0,0,0,0,0,0,0,0,0,0,0,73,46,0,0,27,0,0,0,0,06085512603,525200,63253,1667,126,231,17,0,73,50,30,35,8,06,085,512603,18,30,0,0,17,0,13,0,0,0,0,0,0,0,0,0,0,0,0,13,7,0,6,0,0,0,0,0,27680
4736,641,1150,83702,795400,53612,2322,129,2714,254,42,9,06,085,512604,0,1180,9,119,495,655,2312,36094,1150,10,27,9,33,38,61,88,9,6,104,106,188,142,61,113,155,229,12,26,26,54,35,76,0,0,110,7,26,25,17,8,15,0,12,0,0,0,0,0,0,0,0,0,23,0,13,0,10,0,0,0,0,06085512604,445600,122372,1727,125,304,17,55,18,56,79,32,0,06,085,512604,47,89,19,25,14,9,9,5,0,8,0,0,0,0,0,0,0,0,0,0,0,0,0,0,0,0,0,0,28820
11383,4882,2644,52386,1645800,216009,1941,90,4450,1775,1638,322,06,085,513000,300,3003,31,16,68,2576,1966,21003,2644,383,45,117,57,64,54,30,178,226,356,192,240,374,48,51,229,1212,547,100,149,53,101,121,16,125,1377,637,206,168,97,159,35,25,50,940,441,44,153,48,93,50,0,111,614,118,89,133,6,59,52,35,122,06085513000,887500,88151,1632,82,1069,456,118,42,184,137,64,20,06,085,513000,48,632,288,50,33,83,109,0,0,69,1036,561,27,139,80,153,16,1,59,702,222,21,89,61,193,75,0,41,22318
1157,726,291,128438,1020200,240558,2681,427,812,161,66,6,06,085,513500,0,374,38,52,209,82,1938,34231,291,11,6,0,0,0,7,0,0,0,0,28,64,22,29,7,117,76,10,0,0,32,12,16,0,6,22,22,0,0,0,0,0,0,0,0,0,0,0,0,0,0,0,0,0,0,0,0,0,0,0,0,0,06085513500,983000,101100,1510,1106,52,19,10,6,0,11,6,0,06,085,513500,0,29,16,0,0,0,0,0,0,13,0,0,0,0,0,0,0,0,0,0,0,0,0,0,0,0,0,0,37049
