{
"type": "FeatureCollection",
"name": "BART_buffers_halfmile",
"crs": { "type": "name", "properties": { "name": "urn:ogc:def:crs:EPSG::2227" } },
"features": [
{ "type": "Feature", "properties": { "parent_sta": "901109", "stop_id": "WOAK_1", "stop_name": "North Station Entrance / Exit", "stop_code": "WOAK_1", "stop_desc": "Pedestrian Access Point", "stop_lat": 37.80503, "stop_lon": -122.2953, "zone_id": "BA:79542", "stop_url": null, "tts_stop_n": null, "platform_c": null, "location_t": "2", "stop_timez": "America/Los_Angeles", "wheelchair": null, "level_id": null, "route_info": "{'route_id': None, 'route_type': None}" }, "geometry": { "type": "Polygon", "coordinates": [ [ [ 6045333.164801715873182, 2119269.526334483642131 ], [ 6045199.972440315410495, 2119047.308304532896727 ], [ 6045045.640260714106262, 2118839.215449512470514 ], [ 6044871.654566168785095, 2118647.251817372161895 ], [ 6044679.690934028476477, 2118473.266122826840729 ], [ 6044471.598079008050263, 2118318.933943225536495 ], [ 6044249.380049057304859, 2118185.741581824608147 ], [ 6044015.1769252801314, 2118074.971753874793649 ], [ 6043771.244211788289249, 2117987.691233371384442 ], [ 6043519.931113959290087, 2117924.740579439792782 ], [ 6043263.657914306968451, 2117886.726041289977729 ], [ 6043004.892663836479187, 2117874.013719704467803 ], [ 6042746.127413365989923, 2117886.726041289977729 ], [ 6042489.854213713668287, 2117924.740579439792782 ], [ 6042238.541115884669125, 2117987.691233371384442 ], [ 6041994.608402392826974, 2118074.971753874793649 ], [ 6041760.405278615653515, 2118185.741581824608147 ], [ 6041538.187248664908111, 2118318.933943225536495 ], [ 6041330.094393644481897, 2118473.266122826840729 ], [ 6041138.130761504173279, 2118647.251817372161895 ], [ 6040964.145066958852112, 2118839.215449512470514 ], [ 6040809.812887357547879, 2119047.308304532896727 ], [ 6040676.620525957085192, 2119269.526334483642131 ], [ 6040565.850698006339371, 2119503.729458260815591 ], [ 6040478.570177503861487, 2119747.662171752657741 ], [ 6040415.619523571804166, 2119998.975269581656903 ], [ 6040377.604985421523452, 2120255.248469234444201 ], [ 6040364.892663836479187, 2120514.013719704467803 ], [ 6040377.604985421523452, 2120772.778970174491405 ], [ 6040415.619523571804166, 2121029.052169827278703 ], [ 6040478.570177503861487, 2121280.365267656277865 ], [ 6040565.850698006339371, 2121524.297981148120016 ], [ 6040676.620525957085192, 2121758.501104925293475 ], [ 6040691.339963625185192, 2121783.059003037400544 ], [ 6040703.594999191351235, 2121808.97009872738272 ], [ 6040836.787360591813922, 2122031.188128678128123 ], [ 6040991.119540193118155, 2122239.280983698554337 ], [ 6041165.105234738439322, 2122431.244615838862956 ], [ 6041357.06886687874794, 2122605.230310384184122 ], [ 6041565.161721899174154, 2122759.562489985488355 ], [ 6041787.379751849919558, 2122892.754851386416703 ], [ 6042021.582875627093017, 2123003.524679336231202 ], [ 6042265.515589118935168, 2123090.805199839640409 ], [ 6042516.82868694793433, 2123153.755853771232069 ], [ 6042773.101886600255966, 2123191.770391921047121 ], [ 6043031.86713707074523, 2123204.482713506557047 ], [ 6043290.632387541234493, 2123191.770391921047121 ], [ 6043546.90558719355613, 2123153.755853771232069 ], [ 6043798.218685022555292, 2123090.805199839640409 ], [ 6044042.151398514397442, 2123003.524679336231202 ], [ 6044276.354522291570902, 2122892.754851386416703 ], [ 6044498.572552242316306, 2122759.562489985488355 ], [ 6044706.665407262742519, 2122605.230310384184122 ], [ 6044898.629039403051138, 2122431.244615838862956 ], [ 6045072.614733948372304, 2122239.280983698554337 ], [ 6045226.946913549676538, 2122031.188128678128123 ], [ 6045360.139274950139225, 2121808.97009872738272 ], [ 6045470.909102900885046, 2121574.76697495020926 ], [ 6045558.18962340336293, 2121330.834261458367109 ], [ 6045621.140277335420251, 2121079.521163629367948 ], [ 6045659.154815485700965, 2120823.24796397658065 ], [ 6045671.86713707074523, 2120564.482713506557047 ], [ 6045659.154815485700965, 2120305.717463036533445 ], [ 6045621.140277335420251, 2120049.444263383746147 ], [ 6045558.18962340336293, 2119798.131165554746985 ], [ 6045470.909102900885046, 2119554.198452062904835 ], [ 6045360.139274950139225, 2119319.995328285731375 ], [ 6045345.419837282039225, 2119295.437430173624307 ], [ 6045333.164801715873182, 2119269.526334483642131 ] ] ] } },
{ "type": "Feature", "properties": { "parent_sta": "901509", "stop_id": "16TH_1", "stop_name": "A 16TH & Mission SW Entrance / Exit", "stop_code": "16TH_1", "stop_desc": "Pedestrian Access Point", "stop_lat": 37.76474, "stop_lon": -122.42004, "zone_id": "BA:79542", "stop_url": null, "tts_stop_n": null, "platform_c": null, "location_t": "2", "stop_timez": "America/Los_Angeles", "wheelchair": null, "level_id": null, "route_info": "{'route_id': None, 'route_type': None}" }, "geometry": { "type": "Polygon", "coordinates": [ [ [ 6008566.812137158587575, 2104745.645911492407322 ], [ 6008374.848505018278956, 2104571.660216947086155 ], [ 6008166.755649997852743, 2104417.328037345781922 ], [ 6007944.537620047107339, 2104284.135675944853574 ], [ 6007710.334496269933879, 2104173.365847995039076 ], [ 6007466.401782778091729, 2104086.085327491629869 ], [ 6007215.088684949092567, 2104023.134673560038209 ], [ 6006958.81548529677093, 2103985.120135410223156 ], [ 6006700.050234826281667, 2103972.40781382471323 ], [ 6006441.284984355792403, 2103985.120135410223156 ], [ 6006185.011784703470767, 2104023.134673560038209 ], [ 6005933.698686874471605, 2104086.085327491629869 ], [ 6005689.765973382629454, 2104173.365847995039076 ], [ 6005455.562849605455995, 2104284.135675944853574 ], [ 6005233.344819654710591, 2104417.328037345781922 ], [ 6005025.251964634284377, 2104571.660216947086155 ], [ 6004833.288332493975759, 2104745.645911492407322 ], [ 6004659.302637948654592, 2104937.60954363271594 ], [ 6004504.970458347350359, 2105145.702398653142154 ], [ 6004371.778096946887672, 2105367.920428603887558 ], [ 6004261.008268996141851, 2105602.123552381061018 ], [ 6004173.727748493663967, 2105846.056265872903168 ], [ 6004110.777094561606646, 2106097.36936370190233 ], [ 6004072.762556411325932, 2106353.642563354689628 ], [ 6004060.050234826281667, 2106612.40781382471323 ], [ 6004072.762556411325932, 2106871.173064294736832 ], [ 6004110.777094561606646, 2107127.44626394752413 ], [ 6004173.727748493663967, 2107378.759361776523292 ], [ 6004261.008268996141851, 2107622.692075268365443 ], [ 6004371.778096946887672, 2107856.895199045538902 ], [ 6004504.970458347350359, 2108079.113228996284306 ], [ 6004582.147086647339165, 2108183.173866028431803 ], [ 6004651.136069332249463, 2108298.275029933545738 ], [ 6004805.468248933553696, 2108506.367884953971952 ], [ 6004979.453943478874862, 2108698.331517094280571 ], [ 6005171.417575619183481, 2108872.317211639601737 ], [ 6005379.510430639609694, 2109026.64939124090597 ], [ 6005601.728460590355098, 2109159.841752641834319 ], [ 6005835.931584367528558, 2109270.611580591648817 ], [ 6006079.864297859370708, 2109357.892101095058024 ], [ 6006331.17739568836987, 2109420.842755026649684 ], [ 6006587.450595340691507, 2109458.857293176464736 ], [ 6006846.21584581118077, 2109471.569614761974663 ], [ 6007104.981096281670034, 2109458.857293176464736 ], [ 6007361.254295933991671, 2109420.842755026649684 ], [ 6007612.567393762990832, 2109357.892101095058024 ], [ 6007856.500107254832983, 2109270.611580591648817 ], [ 6007901.656074706465006, 2109249.254398565739393 ], [ 6007916.667199540883303, 2109243.883332216646522 ], [ 6008150.870323318056762, 2109133.113504266832024 ], [ 6008373.088353268802166, 2108999.921142865903676 ], [ 6008581.18120828922838, 2108845.588963264599442 ], [ 6008773.144840429536998, 2108671.603268719278276 ], [ 6008947.130534974858165, 2108479.639636578969657 ], [ 6009101.462714576162398, 2108271.546781558543444 ], [ 6009234.655075976625085, 2108049.32875160779804 ], [ 6009345.424903927370906, 2107815.12562783062458 ], [ 6009432.70542442984879, 2107571.19291433878243 ], [ 6009495.656078361906111, 2107319.879816509783268 ], [ 6009533.670616512186825, 2107063.60661685699597 ], [ 6009546.38293809723109, 2106804.841366386972368 ], [ 6009533.670616512186825, 2106546.076115916948766 ], [ 6009495.656078361906111, 2106289.802916264161468 ], [ 6009432.70542442984879, 2106038.489818435162306 ], [ 6009345.424903927370906, 2105794.557104943320155 ], [ 6009234.655075976625085, 2105560.353981166146696 ], [ 6009101.462714576162398, 2105338.135951215401292 ], [ 6008947.130534974858165, 2105130.043096194975078 ], [ 6008773.144840429536998, 2104938.07946405466646 ], [ 6008594.350028240121901, 2104776.029292191378772 ], [ 6008566.812137158587575, 2104745.645911492407322 ] ] ] } },
{ "type": "Feature", "properties": { "parent_sta": "901609", "stop_id": "24TH_3", "stop_name": "A 24TH & Mission SW Entrance / Exit", "stop_code": "24TH_3", "stop_desc": "Pedestrian Access Point", "stop_lat": 37.75194, "stop_lon": -122.41883, "zone_id": "BA:79542", "stop_url": null, "tts_stop_n": null, "platform_c": null, "location_t": "2", "stop_timez": "America/Los_Angeles", "wheelchair": null, "level_id": null, "route_info": "{'route_id': None, 'route_type': None}" }, "geometry": { "type": "Polygon", "coordinates": [ [ [ 6008820.947838948108256, 2100078.71480124630034 ], [ 6008628.984206807799637, 2099904.729106700979173 ], [ 6008420.891351787373424, 2099750.39692709967494 ], [ 6008198.67332183662802, 2099617.204565698746592 ], [ 6007964.47019805945456, 2099506.434737748932093 ], [ 6007720.53748456761241, 2099419.154217245522887 ], [ 6007469.224386738613248, 2099356.203563313931227 ], [ 6007212.951187086291611, 2099318.189025164116174 ], [ 6006954.185936615802348, 2099305.476703578606248 ], [ 6006695.420686145313084, 2099318.189025164116174 ], [ 6006439.147486492991447, 2099356.203563313931227 ], [ 6006187.834388663992286, 2099419.154217245522887 ], [ 6005943.901675172150135, 2099506.434737748932093 ], [ 6005709.698551394976676, 2099617.204565698746592 ], [ 6005487.480521444231272, 2099750.39692709967494 ], [ 6005279.387666423805058, 2099904.729106700979173 ], [ 6005087.424034283496439, 2100078.71480124630034 ], [ 6004913.438339738175273, 2100270.678433386608958 ], [ 6004759.10616013687104, 2100478.771288407035172 ], [ 6004625.913798736408353, 2100700.989318357780576 ], [ 6004515.143970785662532, 2100935.192442134954035 ], [ 6004427.863450283184648, 2101179.125155626796186 ], [ 6004364.912796351127326, 2101430.438253455795348 ], [ 6004326.898258200846612, 2101686.711453108582646 ], [ 6004314.185936615802348, 2101945.476703578606248 ], [ 6004326.898258200846612, 2102204.24195404862985 ], [ 6004364.912796351127326, 2102460.515153701417148 ], [ 6004427.863450283184648, 2102711.82825153041631 ], [ 6004515.143970785662532, 2102955.760965022258461 ], [ 6004625.913798736408353, 2103189.96408879943192 ], [ 6004759.10616013687104, 2103412.182118750177324 ], [ 6004818.690679658204317, 2103492.522542985156178 ], [ 6004908.407714494504035, 2103642.206372633110732 ], [ 6005062.739894095808268, 2103850.299227653536946 ], [ 6005236.725588641129434, 2104042.262859793845564 ], [ 6005428.689220781438053, 2104216.248554339166731 ], [ 6005636.782075801864266, 2104370.580733940470964 ], [ 6005859.00010575260967, 2104503.773095341399312 ], [ 6006093.20322952978313, 2104614.54292329121381 ], [ 6006337.13594302162528, 2104701.823443794623017 ], [ 6006588.449040850624442, 2104764.774097726214677 ], [ 6006844.722240502946079, 2104802.78863587602973 ], [ 6007103.487490973435342, 2104815.500957461539656 ], [ 6007362.252741443924606, 2104802.78863587602973 ], [ 6007618.525941096246243, 2104764.774097726214677 ], [ 6007869.839038925245404, 2104701.823443794623017 ], [ 6008113.771752417087555, 2104614.54292329121381 ], [ 6008347.974876194261014, 2104503.773095341399312 ], [ 6008570.192906145006418, 2104370.580733940470964 ], [ 6008570.475421722978354, 2104370.371206108015031 ], [ 6008633.037556889466941, 2104332.872905367054045 ], [ 6008841.130411909893155, 2104178.540725765749812 ], [ 6009033.094044050201774, 2104004.555031220428646 ], [ 6009207.07973859552294, 2103812.591399080120027 ], [ 6009361.411918196827173, 2103604.498544059693813 ], [ 6009494.60427959728986, 2103382.28051410894841 ], [ 6009605.374107548035681, 2103148.07739033177495 ], [ 6009692.654628050513566, 2102904.144676839932799 ], [ 6009755.605281982570887, 2102652.831579010933638 ], [ 6009793.619820132851601, 2102396.55837935814634 ], [ 6009806.332141717895865, 2102137.793128888122737 ], [ 6009793.619820132851601, 2101879.027878418099135 ], [ 6009755.605281982570887, 2101622.754678765311837 ], [ 6009692.654628050513566, 2101371.441580936312675 ], [ 6009605.374107548035681, 2101127.508867444470525 ], [ 6009494.60427959728986, 2100893.305743667297065 ], [ 6009361.411918196827173, 2100671.087713716551661 ], [ 6009207.07973859552294, 2100462.994858696125448 ], [ 6009033.094044050201774, 2100271.031226555816829 ], [ 6008841.130411909893155, 2100097.045532010495663 ], [ 6008830.244233014062047, 2100088.971791485790163 ], [ 6008820.947838948108256, 2100078.71480124630034 ] ] ] } },
{ "type": "Feature", "properties": { "parent_sta": "901709", "stop_id": "GLEN_1", "stop_name": "Main Entrance / Exit", "stop_code": "GLEN_1", "stop_desc": "Pedestrian Access Point", "stop_lat": 37.73318, "stop_lon": -122.43388, "zone_id": "BA:79542", "stop_url": null, "tts_stop_n": null, "platform_c": null, "location_t": "2", "stop_timez": "America/Los_Angeles", "wheelchair": null, "level_id": null, "route_info": "{'route_id': None, 'route_type': None}" }, "geometry": { "type": "Polygon", "coordinates": [ [ [ 6005102.613331752829254, 2095203.853077739942819 ], [ 6005089.901010167784989, 2094945.087827269919217 ], [ 6005051.886472017504275, 2094688.814627617364749 ], [ 6004988.935818085446954, 2094437.501529788132757 ], [ 6004901.655297582969069, 2094193.568816296057776 ], [ 6004790.885469632223248, 2093959.365692519349977 ], [ 6004657.693108231760561, 2093737.147662568138912 ], [ 6004503.360928630456328, 2093529.054807547945529 ], [ 6004329.375234085135162, 2093337.09117540740408 ], [ 6004137.411601944826543, 2093163.105480862315744 ], [ 6003929.31874692440033, 2093008.773301261244342 ], [ 6003707.100716973654926, 2092875.580939860315993 ], [ 6003472.897593196481466, 2092764.811111910035834 ], [ 6003228.964879704639316, 2092677.530591406859457 ], [ 6002977.651781875640154, 2092614.579937475500628 ], [ 6002721.378582223318517, 2092576.565399325452745 ], [ 6002462.613331752829254, 2092563.853077739942819 ], [ 6002203.84808128233999, 2092576.565399325452745 ], [ 6001947.574881630018353, 2092614.579937475500628 ], [ 6001696.261783801019192, 2092677.530591406859457 ], [ 6001452.329070309177041, 2092764.811111910035834 ], [ 6001218.125946532003582, 2092875.580939860315993 ], [ 6000995.907916581258178, 2093008.773301261244342 ], [ 6000787.815061560831964, 2093163.105480862315744 ], [ 6000595.851429420523345, 2093337.09117540740408 ], [ 6000421.865734875202179, 2093529.054807547945529 ], [ 6000267.533555273897946, 2093737.147662568138912 ], [ 6000134.341193873435259, 2093959.365692519349977 ], [ 6000023.571365922689438, 2094193.568816296057776 ], [ 5999936.290845420211554, 2094437.501529788132757 ], [ 5999873.340191488154233, 2094688.814627617364749 ], [ 5999835.325653337873518, 2094945.087827269919217 ], [ 5999822.613331752829254, 2095203.853077739942819 ], [ 5999835.325653337873518, 2095462.618328209966421 ], [ 5999873.340191488154233, 2095718.891527862520888 ], [ 5999936.290845420211554, 2095970.204625691752881 ], [ 6000023.571365922689438, 2096214.137339183827862 ], [ 6000134.341193873435259, 2096448.34046296053566 ], [ 6000267.533555273897946, 2096670.558492911746725 ], [ 6000421.865734875202179, 2096878.651347931940109 ], [ 6000595.851429420523345, 2097070.614980072481558 ], [ 6000787.815061560831964, 2097244.600674617569894 ], [ 6000995.907916581258178, 2097398.932854218874127 ], [ 6001218.125946532003582, 2097532.125215619802475 ], [ 6001452.329070309177041, 2097642.895043569616973 ], [ 6001696.261783801019192, 2097730.17556407302618 ], [ 6001947.574881630018353, 2097793.12621800461784 ], [ 6002203.84808128233999, 2097831.140756154432893 ], [ 6002462.613331752829254, 2097843.853077739942819 ], [ 6002721.378582223318517, 2097831.140756154432893 ], [ 6002977.651781875640154, 2097793.12621800461784 ], [ 6003228.964879704639316, 2097730.17556407302618 ], [ 6003472.897593196481466, 2097642.895043569616973 ], [ 6003707.100716973654926, 2097532.125215619802475 ], [ 6003929.31874692440033, 2097398.932854218874127 ], [ 6004137.411601944826543, 2097244.600674617569894 ], [ 6004329.375234085135162, 2097070.614980072481558 ], [ 6004503.360928630456328, 2096878.651347931940109 ], [ 6004657.693108231760561, 2096670.558492911746725 ], [ 6004790.885469632223248, 2096448.34046296053566 ], [ 6004901.655297582969069, 2096214.137339183827862 ], [ 6004988.935818085446954, 2095970.204625691752881 ], [ 6005051.886472017504275, 2095718.891527862520888 ], [ 6005089.901010167784989, 2095462.618328209966421 ], [ 6005102.613331752829254, 2095203.853077739942819 ] ] ] } },
{ "type": "Feature", "properties": { "parent_sta": "901809", "stop_id": "BALB_2", "stop_name": "A1 Geneva Ave Entrance / Exit", "stop_code": "BALB_2", "stop_desc": "Pedestrian Access Point", "stop_lat": 37.72082, "stop_lon": -122.44763, "zone_id": "BA:79542", "stop_url": null, "tts_stop_n": null, "platform_c": null, "location_t": "2", "stop_timez": "America/Los_Angeles", "wheelchair": null, "level_id": null, "route_info": "{'route_id': None, 'route_type': None}" }, "geometry": { "type": "Polygon", "coordinates": [ [ [ 6000434.506384210661054, 2089113.74510547472164 ], [ 6000260.520689665339887, 2088921.781473334180191 ], [ 6000068.557057525031269, 2088747.795778789091855 ], [ 5999860.464202504605055, 2088593.463599188020453 ], [ 5999638.246172553859651, 2088460.271237787092105 ], [ 5999404.043048776686192, 2088349.501409836811945 ], [ 5999160.110335284844041, 2088262.220889333635569 ], [ 5998908.797237455844879, 2088199.270235402276739 ], [ 5998652.524037803523242, 2088161.255697252228856 ], [ 5998393.758787333033979, 2088148.54337566671893 ], [ 5998134.993536862544715, 2088161.255697252228856 ], [ 5997878.720337210223079, 2088199.270235402276739 ], [ 5997627.407239381223917, 2088262.220889333635569 ], [ 5997383.474525889381766, 2088349.501409836811945 ], [ 5997149.271402112208307, 2088460.271237787092105 ], [ 5996927.053372161462903, 2088593.463599188020453 ], [ 5996718.960517141036689, 2088747.795778789091855 ], [ 5996526.996885000728071, 2088921.781473334180191 ], [ 5996353.011190455406904, 2089113.74510547472164 ], [ 5996198.679010854102671, 2089321.837960494915023 ], [ 5996065.486649453639984, 2089544.055990446126089 ], [ 5995954.716821502894163, 2089778.259114222833887 ], [ 5995867.436301000416279, 2090022.191827714908868 ], [ 5995804.485647068358958, 2090273.50492554414086 ], [ 5995766.471108918078244, 2090529.778125196695328 ], [ 5995753.758787333033979, 2090788.54337566671893 ], [ 5995766.471108918078244, 2091047.308626136742532 ], [ 5995781.638933777809143, 2091149.561795520596206 ], [ 5995784.112090610899031, 2091199.904059372842312 ], [ 5995803.003329548984766, 2091327.258447552798316 ], [ 5995809.960337068885565, 2091468.871588894398883 ], [ 5995847.974875219166279, 2091725.14478854695335 ], [ 5995910.9255291512236, 2091976.457886376185343 ], [ 5995998.206049653701484, 2092220.390599868260324 ], [ 5996108.975877604447305, 2092454.593723644968122 ], [ 5996242.168239004909992, 2092676.811753596179187 ], [ 5996396.500418606214225, 2092884.90460861637257 ], [ 5996570.486113151535392, 2093076.86824075691402 ], [ 5996762.44974529184401, 2093250.853935302002355 ], [ 5996970.542600312270224, 2093405.186114903073758 ], [ 5997192.760630263015628, 2093538.378476304002106 ], [ 5997426.963754040189087, 2093649.148304254282266 ], [ 5997670.896467532031238, 2093736.428824757458642 ], [ 5997922.2095653610304, 2093799.379478688817471 ], [ 5998178.482765013352036, 2093837.394016838865355 ], [ 5998437.2480154838413, 2093850.106338424375281 ], [ 5998696.013265954330564, 2093837.394016838865355 ], [ 5998952.2864656066522, 2093799.379478688817471 ], [ 5998958.800143359228969, 2093797.747887348989025 ], [ 5999004.184743702411652, 2093791.015717837959528 ], [ 5999255.497841531410813, 2093728.065063906600699 ], [ 5999499.430555023252964, 2093640.784543403424323 ], [ 5999733.633678800426424, 2093530.014715453144163 ], [ 5999955.851708751171827, 2093396.822354052215815 ], [ 6000163.944563771598041, 2093242.490174451144412 ], [ 6000355.90819591190666, 2093068.504479906056076 ], [ 6000529.893890457227826, 2092876.540847765514627 ], [ 6000684.226070058532059, 2092668.447992745321244 ], [ 6000817.418431458994746, 2092446.229962794110179 ], [ 6000928.188259409740567, 2092212.026839017402381 ], [ 6001015.468779912218451, 2091968.094125525327399 ], [ 6001078.419433844275773, 2091716.781027696095407 ], [ 6001116.433971994556487, 2091460.50782804354094 ], [ 6001129.146293579600751, 2091201.742577573517337 ], [ 6001117.772487515583634, 2090970.223436450818554 ], [ 6001120.345329134725034, 2090917.852042159531265 ], [ 6001107.633007549680769, 2090659.086791689507663 ], [ 6001069.618469399400055, 2090402.813592036953196 ], [ 6001006.667815467342734, 2090151.500494207721204 ], [ 6000919.38729496486485, 2089907.567780715646222 ], [ 6000808.617467014119029, 2089673.364656938938424 ], [ 6000675.425105613656342, 2089451.146626987727359 ], [ 6000628.082501265220344, 2089387.312514565419406 ], [ 6000588.838563811965287, 2089321.837960494915023 ], [ 6000434.506384210661054, 2089113.74510547472164 ] ] ] } },
{ "type": "Feature", "properties": { "parent_sta": "902109", "stop_id": "LAKE_4", "stop_name": "A1 NE Chinatown Entrance / Exit", "stop_code": "LAKE_4", "stop_desc": "Pedestrian Access Point", "stop_lat": 37.7976, "stop_lon": -122.26553, "zone_id": "BA:79542", "stop_url": null, "tts_stop_n": null, "platform_c": null, "location_t": "2", "stop_timez": "America/Los_Angeles", "wheelchair": null, "level_id": null, "route_info": "{'route_id': None, 'route_type': None}" }, "geometry": { "type": "Polygon", "coordinates": [ [ [ 6053723.95739480573684, 2115826.151301458477974 ], [ 6053549.971700260415673, 2115634.187669318169355 ], [ 6053358.008068120107055, 2115460.201974772848189 ], [ 6053149.915213099680841, 2115305.869795171543956 ], [ 6052927.697183148935437, 2115172.677433770615608 ], [ 6052693.494059371761978, 2115061.907605820801109 ], [ 6052449.561345879919827, 2114974.627085317391902 ], [ 6052198.248248050920665, 2114911.676431385800242 ], [ 6051941.975048398599029, 2114873.66189323598519 ], [ 6051683.209797928109765, 2114860.949571650475264 ], [ 6051424.444547457620502, 2114873.66189323598519 ], [ 6051315.416391189210117, 2114889.834692465607077 ], [ 6051300.499319560825825, 2114890.567521202377975 ], [ 6051044.226119908504188, 2114928.582059352193028 ], [ 6050792.913022079505026, 2114991.532713283784688 ], [ 6050548.980308587662876, 2115078.813233787193894 ], [ 6050314.777184810489416, 2115189.583061737008393 ], [ 6050092.559154859744012, 2115322.775423137936741 ], [ 6049884.466299839317799, 2115477.107602739240974 ], [ 6049692.50266769900918, 2115651.093297284562141 ], [ 6049518.516973153688014, 2115843.056929424870759 ], [ 6049364.18479355238378, 2116051.149784445296973 ], [ 6049230.992432151921093, 2116273.367814396042377 ], [ 6049120.222604201175272, 2116507.570938173215836 ], [ 6049032.942083698697388, 2116751.503651665057987 ], [ 6048969.991429766640067, 2117002.816749494057149 ], [ 6048931.976891616359353, 2117259.089949146844447 ], [ 6048919.264570031315088, 2117517.855199616868049 ], [ 6048931.976891616359353, 2117776.620450086891651 ], [ 6048949.845923941582441, 2117897.083681037649512 ], [ 6048952.675548755563796, 2117954.682017331011593 ], [ 6048990.69008690584451, 2118210.955216983798891 ], [ 6049053.640740837901831, 2118462.268314812798053 ], [ 6049140.921261340379715, 2118706.201028304640204 ], [ 6049251.691089291125536, 2118940.404152081813663 ], [ 6049384.883450691588223, 2119162.622182032559067 ], [ 6049539.215630292892456, 2119370.715037052985281 ], [ 6049713.201324838213623, 2119562.678669193293899 ], [ 6049905.164956978522241, 2119736.664363738615066 ], [ 6050113.257811998948455, 2119890.996543339919299 ], [ 6050335.475841949693859, 2120024.188904740847647 ], [ 6050569.678965726867318, 2120134.958732690662146 ], [ 6050813.611679218709469, 2120222.239253194071352 ], [ 6051064.924777047708631, 2120285.189907125663012 ], [ 6051321.197976700030267, 2120323.204445275478065 ], [ 6051579.963227170519531, 2120335.916766860987991 ], [ 6051838.728477641008794, 2120323.204445275478065 ], [ 6052095.001677293330431, 2120285.189907125663012 ], [ 6052346.314775122329593, 2120222.239253194071352 ], [ 6052590.247488614171743, 2120134.958732690662146 ], [ 6052663.43590777926147, 2120100.343188422732055 ], [ 6052791.022927558980882, 2120054.691822779830545 ], [ 6053025.226051336154342, 2119943.921994830016047 ], [ 6053247.444081286899745, 2119810.729633429087698 ], [ 6053455.536936307325959, 2119656.397453827783465 ], [ 6053647.500568447634578, 2119482.411759282462299 ], [ 6053821.486262992955744, 2119290.44812714215368 ], [ 6053975.818442594259977, 2119082.355272121727467 ], [ 6054109.010803994722664, 2118860.137242170982063 ], [ 6054219.780631945468485, 2118625.934118393808603 ], [ 6054307.06115244794637, 2118382.001404901966453 ], [ 6054370.011806380003691, 2118130.688307072967291 ], [ 6054408.026344530284405, 2117874.415107420179993 ], [ 6054420.73866611532867, 2117615.649856950156391 ], [ 6054408.026344530284405, 2117356.884606480132788 ], [ 6054370.011806380003691, 2117100.61140682734549 ], [ 6054307.06115244794637, 2116849.298308998346329 ], [ 6054219.780631945468485, 2116605.365595506504178 ], [ 6054109.010803994722664, 2116371.162471729330719 ], [ 6053975.818442594259977, 2116148.944441778585315 ], [ 6053821.486262992955744, 2115940.851586758159101 ], [ 6053752.909876425750554, 2115865.189203831367195 ], [ 6053723.95739480573684, 2115826.151301458477974 ] ] ] } },
{ "type": "Feature", "properties": { "parent_sta": "902409", "stop_id": "SANL_2", "stop_name": "East Entrance / Exit", "stop_code": "SANL_2", "stop_desc": "Pedestrian Access Point", "stop_lat": 37.72152, "stop_lon": -122.16045, "zone_id": "BA:79542", "stop_url": null, "tts_stop_n": null, "platform_c": null, "location_t": "2", "stop_timez": "America/Los_Angeles", "wheelchair": null, "level_id": null, "route_info": "{'route_id': None, 'route_type': None}" }, "geometry": { "type": "Polygon", "coordinates": [ [ [ 6082405.124802902340889, 2086975.014089056290686 ], [ 6082161.192089410498738, 2086887.73356855311431 ], [ 6081909.878991581499577, 2086824.782914621755481 ], [ 6081653.60579192917794, 2086786.768376471707597 ], [ 6081394.840541458688676, 2086774.056054886197671 ], [ 6081136.075290988199413, 2086786.768376471707597 ], [ 6080879.802091335877776, 2086824.782914621755481 ], [ 6080628.488993506878614, 2086887.73356855311431 ], [ 6080384.556280015036464, 2086975.014089056290686 ], [ 6080150.353156237863004, 2087085.783917006570846 ], [ 6079928.1351262871176, 2087218.976278407499194 ], [ 6079720.042271266691387, 2087373.308458008570597 ], [ 6079528.078639126382768, 2087547.294152553658932 ], [ 6079354.092944581061602, 2087739.257784694200382 ], [ 6079332.746551570482552, 2087768.040063784224913 ], [ 6079326.751559780910611, 2087774.654517930466682 ], [ 6079172.419380179606378, 2087982.747372950660065 ], [ 6079039.227018779143691, 2088204.96540290187113 ], [ 6078928.45719082839787, 2088439.168526678578928 ], [ 6078841.176670325919986, 2088683.101240170653909 ], [ 6078778.226016393862665, 2088934.414337999885902 ], [ 6078740.211478243581951, 2089190.687537652440369 ], [ 6078727.499156658537686, 2089449.452788122463971 ], [ 6078740.211478243581951, 2089708.218038592487574 ], [ 6078778.226016393862665, 2089964.491238245042041 ], [ 6078841.176670325919986, 2090215.804336074274033 ], [ 6078928.45719082839787, 2090459.737049566349015 ], [ 6079039.227018779143691, 2090693.940173343056813 ], [ 6079172.419380179606378, 2090916.158203294267878 ], [ 6079326.751559780910611, 2091124.251058314461261 ], [ 6079500.737254326231778, 2091316.21469045500271 ], [ 6079692.700886466540396, 2091490.200385 ], [ 6079900.79374148696661, 2091644.532564601162449 ], [ 6080123.011771437712014, 2091777.724926002090797 ], [ 6080166.456740563735366, 2091798.272866088431329 ], [ 6080183.224595030769706, 2091808.323131283279508 ], [ 6080417.427718807943165, 2091919.092959233559668 ], [ 6080661.360432299785316, 2092006.373479736736044 ], [ 6080912.673530128784478, 2092069.324133668094873 ], [ 6081168.946729781106114, 2092107.338671818142757 ], [ 6081427.711980251595378, 2092120.050993403652683 ], [ 6081686.477230722084641, 2092107.338671818142757 ], [ 6081942.750430374406278, 2092069.324133668094873 ], [ 6082194.06352820340544, 2092006.373479736736044 ], [ 6082437.996241695247591, 2091919.092959233559668 ], [ 6082672.19936547242105, 2091808.323131283279508 ], [ 6082894.417395423166454, 2091675.13076988235116 ], [ 6083102.510250443592668, 2091520.798590281279758 ], [ 6083294.473882583901286, 2091346.812895736191422 ], [ 6083468.459577129222453, 2091154.849263595649973 ], [ 6083622.791756730526686, 2090946.756408575456589 ], [ 6083755.984118130989373, 2090724.538378624245524 ], [ 6083866.753946081735194, 2090490.335254847537726 ], [ 6083869.998077111318707, 2090481.268516007810831 ], [ 6083883.560605756007135, 2090452.592958470573649 ], [ 6083970.841126258485019, 2090208.660244978498667 ], [ 6084033.79178019054234, 2089957.347147149266675 ], [ 6084071.806318340823054, 2089701.073947496712208 ], [ 6084084.518639925867319, 2089442.308697026688606 ], [ 6084071.806318340823054, 2089183.543446556665003 ], [ 6084033.79178019054234, 2088927.270246904110536 ], [ 6083970.841126258485019, 2088675.957149074878544 ], [ 6083883.560605756007135, 2088432.024435582803562 ], [ 6083772.790777805261314, 2088197.821311806095764 ], [ 6083639.598416404798627, 2087975.603281854884699 ], [ 6083485.266236803494394, 2087767.510426834691316 ], [ 6083311.280542258173227, 2087575.546794694149867 ], [ 6083119.316910117864609, 2087401.561100149061531 ], [ 6082911.224055097438395, 2087247.228920547990128 ], [ 6082689.006025146692991, 2087114.03655914706178 ], [ 6082676.956043430604041, 2087108.337342245271429 ], [ 6082639.327926679514349, 2087085.783917006570846 ], [ 6082405.124802902340889, 2086975.014089056290686 ] ] ] } },
{ "type": "Feature", "properties": { "parent_sta": "902509", "stop_id": "BAYF_2", "stop_name": "West Entrance / Exit", "stop_code": "BAYF_2", "stop_desc": "Pedestrian Access Point", "stop_lat": 37.69687, "stop_lon": -122.12699, "zone_id": "BA:79542", "stop_url": null, "tts_stop_n": null, "platform_c": null, "location_t": "2", "stop_timez": "America/Los_Angeles", "wheelchair": null, "level_id": null, "route_info": "{'route_id': None, 'route_type': None}" }, "geometry": { "type": "Polygon", "coordinates": [ [ [ 6090964.612286641262472, 2077658.208516811719164 ], [ 6090705.847036170773208, 2077670.92083839722909 ], [ 6090449.573836518451571, 2077708.935376547276974 ], [ 6090198.26073868945241, 2077771.886030478635803 ], [ 6089954.328025197610259, 2077859.166550981812179 ], [ 6089720.1249014204368, 2077969.936378932092339 ], [ 6089497.906871469691396, 2078103.128740333020687 ], [ 6089289.814016449265182, 2078257.46091993409209 ], [ 6089097.850384308956563, 2078431.446614479180425 ], [ 6088923.864689763635397, 2078623.410246619721875 ], [ 6088769.532510162331164, 2078831.503101639915258 ], [ 6088636.340148761868477, 2079053.721131591126323 ], [ 6088525.570320811122656, 2079287.924255367834121 ], [ 6088438.289800308644772, 2079531.856968859909102 ], [ 6088375.339146376587451, 2079783.170066689141095 ], [ 6088337.324608226306736, 2080039.443266341695562 ], [ 6088324.612286641262472, 2080298.208516811719164 ], [ 6088337.324608226306736, 2080556.973767281742766 ], [ 6088375.339146376587451, 2080813.246966934297234 ], [ 6088438.289800308644772, 2081064.560064763529226 ], [ 6088525.570320811122656, 2081308.492778255604208 ], [ 6088636.340148761868477, 2081542.695902032312006 ], [ 6088769.532510162331164, 2081764.913931983523071 ], [ 6088923.864689763635397, 2081973.006787003716454 ], [ 6089097.850384308956563, 2082164.970419144257903 ], [ 6089289.814016449265182, 2082338.956113689346239 ], [ 6089497.906871469691396, 2082493.288293290417641 ], [ 6089720.1249014204368, 2082626.48065469134599 ], [ 6089855.560916873626411, 2082690.53711938788183 ], [ 6089871.880091495811939, 2082700.318456233013421 ], [ 6090106.083215272985399, 2082811.088284183293581 ], [ 6090350.015928764827549, 2082898.368804686469957 ], [ 6090601.329026593826711, 2082961.319458617828786 ], [ 6090857.602226246148348, 2082999.33399676787667 ], [ 6090861.815360868349671, 2082999.540974799543619 ], [ 6090871.799611927941442, 2083001.021998540265486 ], [ 6091130.564862398430705, 2083013.734320125775412 ], [ 6091389.330112868919969, 2083001.021998540265486 ], [ 6091645.603312521241605, 2082963.007460390217602 ], [ 6091896.916410350240767, 2082900.056806458858773 ], [ 6092140.849123842082918, 2082812.776285955682397 ], [ 6092375.052247619256377, 2082702.006458005402237 ], [ 6092597.270277570001781, 2082568.814096604473889 ], [ 6092805.363132590427995, 2082414.481917003402486 ], [ 6092997.326764730736613, 2082240.496222458314151 ], [ 6093171.31245927605778, 2082048.532590317772701 ], [ 6093325.644638877362013, 2081840.439735297579318 ], [ 6093458.8370002778247, 2081618.221705346368253 ], [ 6093483.121922984719276, 2081566.875550315249711 ], [ 6093484.346632449887693, 2081564.832246017176658 ], [ 6093595.116460400633514, 2081330.62912224046886 ], [ 6093682.396980903111398, 2081086.696408748393878 ], [ 6093745.347634835168719, 2080835.383310919161886 ], [ 6093783.362172985449433, 2080579.110111266607419 ], [ 6093796.074494570493698, 2080320.344860796583816 ], [ 6093783.362172985449433, 2080061.579610326560214 ], [ 6093745.347634835168719, 2079805.306410674005747 ], [ 6093682.396980903111398, 2079553.993312844773754 ], [ 6093595.116460400633514, 2079310.060599352698773 ], [ 6093484.346632449887693, 2079075.857475575990975 ], [ 6093351.154271049425006, 2078853.63944562477991 ], [ 6093196.822091448120773, 2078645.546590604586527 ], [ 6093022.836396902799606, 2078453.582958464045078 ], [ 6092830.872764762490988, 2078279.597263918956742 ], [ 6092622.779909742064774, 2078125.265084317885339 ], [ 6092400.56187979131937, 2077992.072722916956991 ], [ 6092166.358756014145911, 2077881.302894966676831 ], [ 6091922.42604252230376, 2077794.022374463500455 ], [ 6091671.112944693304598, 2077731.071720532141626 ], [ 6091414.839745040982962, 2077693.057182382093742 ], [ 6091351.696451535448432, 2077689.955151288071647 ], [ 6091223.377537111751735, 2077670.92083839722909 ], [ 6090964.612286641262472, 2077658.208516811719164 ] ] ] } },
{ "type": "Feature", "properties": { "parent_sta": "902609", "stop_id": "HAYW_1", "stop_name": "Main Entrance / Exit", "stop_code": "HAYW_1", "stop_desc": "Pedestrian Access Point", "stop_lat": 37.66958, "stop_lon": -122.0866, "zone_id": "BA:79542", "stop_url": null, "tts_stop_n": null, "platform_c": null, "location_t": "2", "stop_timez": "America/Los_Angeles", "wheelchair": null, "level_id": null, "route_info": "{'route_id': None, 'route_type': None}" }, "geometry": { "type": "Polygon", "coordinates": [ [ [ 6105107.575314458459616, 2069903.524855457711965 ], [ 6105069.560776308178902, 2069647.251655805157498 ], [ 6105006.610122376121581, 2069395.938557975925505 ], [ 6104919.329601873643696, 2069152.005844483850524 ], [ 6104808.559773922897875, 2068917.802720707142726 ], [ 6104675.367412522435188, 2068695.584690755931661 ], [ 6104521.035232921130955, 2068487.491835735738277 ], [ 6104347.049538375809789, 2068295.528203595196828 ], [ 6104155.08590623550117, 2068121.542509050108492 ], [ 6103946.993051215074956, 2067967.21032944903709 ], [ 6103724.775021264329553, 2067834.017968048108742 ], [ 6103490.571897487156093, 2067723.248140097828582 ], [ 6103246.639183995313942, 2067635.967619594652206 ], [ 6102995.326086166314781, 2067573.016965663293377 ], [ 6102739.052886513993144, 2067535.002427513245493 ], [ 6102480.287636043503881, 2067522.290105927735567 ], [ 6102221.522385573014617, 2067535.002427513245493 ], [ 6101965.24918592069298, 2067573.016965663293377 ], [ 6101713.936088091693819, 2067635.967619594652206 ], [ 6101470.003374599851668, 2067723.248140097828582 ], [ 6101356.968336837366223, 2067776.709731401177123 ], [ 6101270.419881463982165, 2067807.677263904595748 ], [ 6101036.216757686808705, 2067918.447091854875907 ], [ 6100813.998727736063302, 2068051.639453255804256 ], [ 6100605.905872715637088, 2068205.971632856875658 ], [ 6100413.942240575328469, 2068379.957327401963994 ], [ 6100239.956546030007303, 2068571.920959542505443 ], [ 6100085.62436642870307, 2068780.013814562698826 ], [ 6099952.432005028240383, 2069002.231844513909891 ], [ 6099841.662177077494562, 2069236.434968290617689 ], [ 6099754.381656575016677, 2069480.367681782692671 ], [ 6099691.431002642959356, 2069731.680779611924663 ], [ 6099653.416464492678642, 2069987.953979264479131 ], [ 6099640.704142907634377, 2070246.719229734502733 ], [ 6099653.416464492678642, 2070505.484480204526335 ], [ 6099691.431002642959356, 2070761.757679857080802 ], [ 6099754.381656575016677, 2071013.070777686312795 ], [ 6099841.662177077494562, 2071257.003491178387776 ], [ 6099952.432005028240383, 2071491.206614955095574 ], [ 6100085.62436642870307, 2071713.424644906306639 ], [ 6100239.956546030007303, 2071921.517499926500022 ], [ 6100413.942240575328469, 2072113.481132067041472 ], [ 6100428.706723704002798, 2072126.862879552878439 ], [ 6100457.621309303678572, 2072158.765208580764011 ], [ 6100649.584941443987191, 2072332.750903125852346 ], [ 6100857.677796464413404, 2072487.083082726923749 ], [ 6101079.895826415158808, 2072620.275444127852097 ], [ 6101314.098950192332268, 2072731.045272078132257 ], [ 6101558.031663684174418, 2072818.325792581308633 ], [ 6101809.34476151317358, 2072881.276446512667462 ], [ 6102065.617961165495217, 2072919.290984662715346 ], [ 6102324.38321163598448, 2072932.003306248225272 ], [ 6102583.148462106473744, 2072919.290984662715346 ], [ 6102839.421661758795381, 2072881.276446512667462 ], [ 6103090.734759587794542, 2072818.325792581308633 ], [ 6103334.667473079636693, 2072731.045272078132257 ], [ 6103568.870596856810153, 2072620.275444127852097 ], [ 6103791.088626807555556, 2072487.083082726923749 ], [ 6103999.18148182798177, 2072332.750903125852346 ], [ 6104084.712068657390773, 2072255.230497888056561 ], [ 6104155.08590623550117, 2072203.037702805362642 ], [ 6104347.049538375809789, 2072029.052008260274306 ], [ 6104521.035232921130955, 2071837.088376119732857 ], [ 6104675.367412522435188, 2071628.995521099539474 ], [ 6104808.559773922897875, 2071406.777491148328409 ], [ 6104919.329601873643696, 2071172.57436737162061 ], [ 6105006.610122376121581, 2070928.641653879545629 ], [ 6105069.560776308178902, 2070677.328556050313637 ], [ 6105107.575314458459616, 2070421.055356397759169 ], [ 6105120.287636043503881, 2070162.290105927735567 ], [ 6105107.575314458459616, 2069903.524855457711965 ] ] ] } },
{ "type": "Feature", "properties": { "parent_sta": "902709", "stop_id": "SHAY_1", "stop_name": "Main Entrance / Exit", "stop_code": "SHAY_1", "stop_desc": "Pedestrian Access Point", "stop_lat": 37.63451, "stop_lon": -122.05686, "zone_id": "BA:79542", "stop_url": null, "tts_stop_n": null, "platform_c": null, "location_t": "2", "stop_timez": "America/Los_Angeles", "wheelchair": null, "level_id": null, "route_info": "{'route_id': None, 'route_type': None}" }, "geometry": { "type": "Polygon", "coordinates": [ [ [ 6113514.34868629463017, 2057250.019319295883179 ], [ 6113501.636364709585905, 2056991.254068825859576 ], [ 6113463.621826559305191, 2056734.980869173305109 ], [ 6113400.67117262724787, 2056483.667771344073117 ], [ 6113313.390652124769986, 2056239.735057851998135 ], [ 6113202.620824174024165, 2056005.531934075290337 ], [ 6113069.428462773561478, 2055783.313904124079272 ], [ 6112915.096283172257245, 2055575.221049103885889 ], [ 6112741.110588626936078, 2055383.25741696334444 ], [ 6112549.14695648662746, 2055209.271722418256104 ], [ 6112341.054101466201246, 2055054.939542817184702 ], [ 6112118.836071515455842, 2054921.747181416256353 ], [ 6111884.632947738282382, 2054810.977353465976194 ], [ 6111640.700234246440232, 2054723.696832962799817 ], [ 6111389.38713641744107, 2054660.746179031440988 ], [ 6111133.113936765119433, 2054622.731640881393105 ], [ 6110874.34868629463017, 2054610.019319295883179 ], [ 6110615.583435824140906, 2054622.731640881393105 ], [ 6110359.31023617181927, 2054660.746179031440988 ], [ 6110107.997138342820108, 2054723.696832962799817 ], [ 6109864.064424850977957, 2054810.977353465976194 ], [ 6109629.861301073804498, 2054921.747181416256353 ], [ 6109407.643271123059094, 2055054.939542817184702 ], [ 6109199.55041610263288, 2055209.271722418256104 ], [ 6109007.586783962324262, 2055383.25741696334444 ], [ 6108833.601089417003095, 2055575.221049103885889 ], [ 6108679.268909815698862, 2055783.313904124079272 ], [ 6108546.076548415236175, 2056005.531934075290337 ], [ 6108435.306720464490354, 2056239.735057851998135 ], [ 6108348.02619996201247, 2056483.667771344073117 ], [ 6108285.075546029955149, 2056734.980869173305109 ], [ 6108247.061007879674435, 2056991.254068825859576 ], [ 6108234.34868629463017, 2057250.019319295883179 ], [ 6108247.061007879674435, 2057508.784569765906781 ], [ 6108285.075546029955149, 2057765.057769418461248 ], [ 6108348.02619996201247, 2058016.370867247693241 ], [ 6108435.306720464490354, 2058260.303580739768222 ], [ 6108546.076548415236175, 2058494.50670451647602 ], [ 6108679.268909815698862, 2058716.724734467687085 ], [ 6108833.601089417003095, 2058924.817589487880468 ], [ 6109007.586783962324262, 2059116.781221628421918 ], [ 6109199.55041610263288, 2059290.766916173510253 ], [ 6109407.643271123059094, 2059445.099095774581656 ], [ 6109629.861301073804498, 2059578.291457175510004 ], [ 6109864.064424850977957, 2059689.061285125790164 ], [ 6110107.997138342820108, 2059776.34180562896654 ], [ 6110359.31023617181927, 2059839.292459560325369 ], [ 6110615.583435824140906, 2059877.306997710373253 ], [ 6110874.34868629463017, 2059890.019319295883179 ], [ 6111133.113936765119433, 2059877.306997710373253 ], [ 6111389.38713641744107, 2059839.292459560325369 ], [ 6111640.700234246440232, 2059776.34180562896654 ], [ 6111884.632947738282382, 2059689.061285125790164 ], [ 6112118.836071515455842, 2059578.291457175510004 ], [ 6112341.054101466201246, 2059445.099095774581656 ], [ 6112549.14695648662746, 2059290.766916173510253 ], [ 6112741.110588626936078, 2059116.781221628421918 ], [ 6112915.096283172257245, 2058924.817589487880468 ], [ 6113069.428462773561478, 2058716.724734467687085 ], [ 6113202.620824174024165, 2058494.50670451647602 ], [ 6113313.390652124769986, 2058260.303580739768222 ], [ 6113400.67117262724787, 2058016.370867247693241 ], [ 6113463.621826559305191, 2057765.057769418461248 ], [ 6113501.636364709585905, 2057508.784569765906781 ], [ 6113514.34868629463017, 2057250.019319295883179 ] ] ] } },
{ "type": "Feature", "properties": { "parent_sta": "902909", "stop_id": "FRMT_1", "stop_name": "East Plaza Entrance / Exit", "stop_code": "FRMT_1", "stop_desc": "Pedestrian Access Point", "stop_lat": 37.55751, "stop_lon": -121.97643, "zone_id": "BA:79542", "stop_url": null, "tts_stop_n": null, "platform_c": null, "location_t": "2", "stop_timez": "America/Los_Angeles", "wheelchair": null, "level_id": null, "route_info": "{'route_id': None, 'route_type': None}" }, "geometry": { "type": "Polygon", "coordinates": [ [ [ 6134647.449290421791375, 2026361.698294207919389 ], [ 6134403.516576929949224, 2026274.417773704743013 ], [ 6134152.203479100950062, 2026211.467119773384184 ], [ 6133895.930279448628426, 2026173.4525816233363 ], [ 6133637.165028978139162, 2026160.740260037826374 ], [ 6133378.399778507649899, 2026173.4525816233363 ], [ 6133122.126578855328262, 2026211.467119773384184 ], [ 6132870.8134810263291, 2026274.417773704743013 ], [ 6132626.880767534486949, 2026361.698294207919389 ], [ 6132392.67764375731349, 2026472.468122158199549 ], [ 6132170.459613806568086, 2026605.660483559127897 ], [ 6131962.366758786141872, 2026759.992663160199299 ], [ 6131770.403126645833254, 2026933.978357705287635 ], [ 6131596.417432100512087, 2027125.941989845829085 ], [ 6131442.085252499207854, 2027334.034844866022468 ], [ 6131308.892891098745167, 2027556.252874817233533 ], [ 6131198.123063147999346, 2027790.455998593941331 ], [ 6131110.842542645521462, 2028034.388712086016312 ], [ 6131047.891888713464141, 2028285.701809915248305 ], [ 6131009.877350563183427, 2028541.975009567802772 ], [ 6130997.165028978139162, 2028800.740260037826374 ], [ 6131009.877350563183427, 2029059.505510507849976 ], [ 6131047.891888713464141, 2029315.778710160404444 ], [ 6131110.842542645521462, 2029567.091807989636436 ], [ 6131198.123063147999346, 2029811.024521481711417 ], [ 6131308.892891098745167, 2030045.227645258419216 ], [ 6131442.085252499207854, 2030267.445675209630281 ], [ 6131448.350391143001616, 2030275.893236767034978 ], [ 6131501.635718531906605, 2030364.794434652430937 ], [ 6131655.967898133210838, 2030572.88728967262432 ], [ 6131829.953592678532004, 2030764.850921813165769 ], [ 6132021.917224818840623, 2030938.836616358254105 ], [ 6132230.010079839266837, 2031093.168795959325507 ], [ 6132452.22810979001224, 2031226.361157360253856 ], [ 6132686.4312335671857, 2031337.130985310534015 ], [ 6132930.363947059027851, 2031424.411505813710392 ], [ 6133181.677044888027012, 2031487.362159745069221 ], [ 6133437.950244540348649, 2031525.376697895117104 ], [ 6133696.715495010837913, 2031538.08901948062703 ], [ 6133955.480745481327176, 2031525.376697895117104 ], [ 6134211.753945133648813, 2031487.362159745069221 ], [ 6134463.067042962647974, 2031424.411505813710392 ], [ 6134706.999756454490125, 2031337.130985310534015 ], [ 6134941.202880231663585, 2031226.361157360253856 ], [ 6135163.420910182408988, 2031093.168795959325507 ], [ 6135371.513765202835202, 2030938.836616358254105 ], [ 6135398.997513673268259, 2030913.926798738073558 ], [ 6135402.718359308317304, 2030911.167231540195644 ], [ 6135594.681991448625922, 2030737.181536995107308 ], [ 6135768.667685993947089, 2030545.217904854565859 ], [ 6135922.999865595251322, 2030337.125049834372476 ], [ 6136056.192226995714009, 2030114.907019883161411 ], [ 6136166.96205494645983, 2029880.703896106453612 ], [ 6136254.242575448937714, 2029636.771182614378631 ], [ 6136317.193229380995035, 2029385.458084785146639 ], [ 6136355.207767531275749, 2029129.184885132592171 ], [ 6136367.920089116320014, 2028870.419634662568569 ], [ 6136355.207767531275749, 2028611.654384192544967 ], [ 6136317.193229380995035, 2028355.3811845399905 ], [ 6136254.242575448937714, 2028104.068086710758507 ], [ 6136250.151523833163083, 2028092.634363402379677 ], [ 6136245.272221470251679, 2028073.155096460599452 ], [ 6136157.991700967773795, 2027829.222382968524471 ], [ 6136047.221873017027974, 2027595.019259191816673 ], [ 6135914.029511616565287, 2027372.801229240605608 ], [ 6135759.697332015261054, 2027164.708374220412225 ], [ 6135585.711637469939888, 2026972.744742079870775 ], [ 6135393.748005329631269, 2026798.759047534782439 ], [ 6135185.655150309205055, 2026644.426867933711037 ], [ 6134963.437120358459651, 2026511.234506532782689 ], [ 6134882.325602252967656, 2026472.871615550015122 ], [ 6134881.652414198964834, 2026472.468122158199549 ], [ 6134647.449290421791375, 2026361.698294207919389 ] ] ] } },
{ "type": "Feature", "properties": { "parent_sta": "903109", "stop_id": "ROCK_2", "stop_name": "Main (South) Entrance / Exit", "stop_code": "ROCK_2", "stop_desc": "Pedestrian Access Point", "stop_lat": 37.8445, "stop_lon": -122.25144, "zone_id": "BA:79542", "stop_url": null, "tts_stop_n": null, "platform_c": null, "location_t": "2", "stop_timez": "America/Los_Angeles", "wheelchair": null, "level_id": null, "route_info": "{'route_id': None, 'route_type': None}" }, "geometry": { "type": "Polygon", "coordinates": [ [ [ 6058597.188307982869446, 2134435.098942394368351 ], [ 6058559.173769832588732, 2134178.825742741581053 ], [ 6058496.223115900531411, 2133927.512644912581891 ], [ 6058408.942595398053527, 2133683.57993142073974 ], [ 6058298.172767447307706, 2133449.376807643566281 ], [ 6058164.980406046845019, 2133227.158777692820877 ], [ 6058010.648226445540786, 2133019.065922672394663 ], [ 6057836.662531900219619, 2132827.102290532086045 ], [ 6057644.698899759911001, 2132653.116595986764878 ], [ 6057436.606044739484787, 2132498.784416385460645 ], [ 6057214.388014788739383, 2132365.592054984532297 ], [ 6056980.184891011565924, 2132254.822227034717798 ], [ 6056736.252177519723773, 2132167.541706531308591 ], [ 6056484.939079690724611, 2132104.591052599716932 ], [ 6056228.665880038402975, 2132066.576514449901879 ], [ 6055969.900629567913711, 2132053.864192864391953 ], [ 6055711.135379097424448, 2132066.576514449901879 ], [ 6055454.862179445102811, 2132104.591052599716932 ], [ 6055203.549081616103649, 2132167.541706531308591 ], [ 6055131.054001946933568, 2132193.480860804207623 ], [ 6055063.904772664420307, 2132210.300867126323283 ], [ 6054819.972059172578156, 2132297.58138762973249 ], [ 6054585.768935395404696, 2132408.351215579546988 ], [ 6054363.550905444659293, 2132541.543576980475336 ], [ 6054155.458050424233079, 2132695.875756581779569 ], [ 6053963.49441828392446, 2132869.861451127100736 ], [ 6053789.508723738603294, 2133061.825083267409354 ], [ 6053635.176544137299061, 2133269.917938287835568 ], [ 6053501.984182736836374, 2133492.135968238580972 ], [ 6053391.214354786090553, 2133726.339092015754431 ], [ 6053303.933834283612669, 2133970.271805507596582 ], [ 6053240.983180351555347, 2134221.584903336595744 ], [ 6053202.968642201274633, 2134477.858102989383042 ], [ 6053190.256320616230369, 2134736.623353459406644 ], [ 6053202.968642201274633, 2134995.388603929430246 ], [ 6053240.983180351555347, 2135251.661803582217544 ], [ 6053303.933834283612669, 2135502.974901411216706 ], [ 6053391.214354786090553, 2135746.907614903058857 ], [ 6053501.984182736836374, 2135981.110738680232316 ], [ 6053635.176544137299061, 2136203.32876863097772 ], [ 6053789.508723738603294, 2136411.421623651403934 ], [ 6053963.49441828392446, 2136603.385255791712552 ], [ 6054155.458050424233079, 2136777.370950337033719 ], [ 6054363.550905444659293, 2136931.703129938337952 ], [ 6054585.768935395404696, 2137064.8954913392663 ], [ 6054819.972059172578156, 2137175.665319289080799 ], [ 6055063.904772664420307, 2137262.945839792490005 ], [ 6055315.217870493419468, 2137325.896493724081665 ], [ 6055571.491070145741105, 2137363.911031873896718 ], [ 6055830.256320616230369, 2137376.623353459406644 ], [ 6056089.021571086719632, 2137363.911031873896718 ], [ 6056345.294770739041269, 2137325.896493724081665 ], [ 6056596.607868568040431, 2137262.945839792490005 ], [ 6056669.102948237210512, 2137237.006685519590974 ], [ 6056736.252177519723773, 2137220.186679197475314 ], [ 6056980.184891011565924, 2137132.906158694066107 ], [ 6057214.388014788739383, 2137022.136330744251609 ], [ 6057436.606044739484787, 2136888.943969343323261 ], [ 6057644.698899759911001, 2136734.611789742019027 ], [ 6057836.662531900219619, 2136560.626095196697861 ], [ 6058010.648226445540786, 2136368.662463056389242 ], [ 6058164.980406046845019, 2136160.569608035963029 ], [ 6058298.172767447307706, 2135938.351578085217625 ], [ 6058408.942595398053527, 2135704.148454308044165 ], [ 6058496.223115900531411, 2135460.215740816202015 ], [ 6058559.173769832588732, 2135208.902642987202853 ], [ 6058597.188307982869446, 2134952.629443334415555 ], [ 6058609.900629567913711, 2134693.864192864391953 ], [ 6058597.188307982869446, 2134435.098942394368351 ] ] ] } },
{ "type": "Feature", "properties": { "parent_sta": "904109", "stop_id": "ASHB_2", "stop_name": "Adeline Street East Entrance / Exit Elevator", "stop_code": "ASHB_2", "stop_desc": "Pedestrian Access Point", "stop_lat": 37.85276, "stop_lon": -122.26957, "zone_id": "BA:79542", "stop_url": null, "tts_stop_n": null, "platform_c": null, "location_t": "2", "stop_timez": "America/Los_Angeles", "wheelchair": null, "level_id": null, "route_info": "{'route_id': None, 'route_type': None}" }, "geometry": { "type": "Polygon", "coordinates": [ [ [ 6053191.67578300088644, 2136658.847321600653231 ], [ 6053080.905955050140619, 2136424.644197823479772 ], [ 6052947.713593649677932, 2136202.426167872734368 ], [ 6052793.381414048373699, 2135994.333312852308154 ], [ 6052619.395719503052533, 2135802.369680711999536 ], [ 6052427.432087362743914, 2135628.383986166678369 ], [ 6052219.3392323423177, 2135474.051806565374136 ], [ 6051997.121202391572297, 2135340.859445164445788 ], [ 6051762.918078614398837, 2135230.089617214631289 ], [ 6051518.985365122556686, 2135142.809096711222082 ], [ 6051267.672267293557525, 2135079.858442779630423 ], [ 6051011.399067641235888, 2135041.84390462981537 ], [ 6050752.633817170746624, 2135029.131583044305444 ], [ 6050493.868566700257361, 2135041.84390462981537 ], [ 6050237.595367047935724, 2135079.858442779630423 ], [ 6049986.282269218936563, 2135142.809096711222082 ], [ 6049742.349555727094412, 2135230.089617214631289 ], [ 6049508.146431949920952, 2135340.859445164445788 ], [ 6049285.928401999175549, 2135474.051806565374136 ], [ 6049077.835546978749335, 2135628.383986166678369 ], [ 6048885.871914838440716, 2135802.369680711999536 ], [ 6048711.88622029311955, 2135994.333312852308154 ], [ 6048557.554040691815317, 2136202.426167872734368 ], [ 6048540.2485834332183, 2136231.298579015303403 ], [ 6048468.81792829092592, 2136327.611668112687767 ], [ 6048335.625566890463233, 2136549.82969806343317 ], [ 6048330.637464601546526, 2136560.376154254190624 ], [ 6048318.834960923530161, 2136580.067442014813423 ], [ 6048208.06513297278434, 2136814.270565791986883 ], [ 6048120.784612470306456, 2137058.203279283829033 ], [ 6048057.833958538249135, 2137309.516377112828195 ], [ 6048019.819420387968421, 2137565.789576765615493 ], [ 6048007.107098802924156, 2137824.554827235639095 ], [ 6048019.819420387968421, 2138083.320077705662698 ], [ 6048057.833958538249135, 2138339.593277358449996 ], [ 6048120.784612470306456, 2138590.906375187449157 ], [ 6048142.090927348472178, 2138650.453536143992096 ], [ 6048154.659523725509644, 2138700.63018552865833 ], [ 6048187.882311671040952, 2138793.481657617725432 ], [ 6048191.301676853559911, 2138807.132528624031693 ], [ 6048278.582197356037796, 2139051.065242115873843 ], [ 6048389.352025306783617, 2139285.268365893047303 ], [ 6048522.544386707246304, 2139507.486395843792707 ], [ 6048676.876566308550537, 2139715.57925086421892 ], [ 6048850.862260853871703, 2139907.542883004527539 ], [ 6049042.825892994180322, 2140081.528577549848706 ], [ 6049250.918748014606535, 2140235.860757151152939 ], [ 6049473.136777965351939, 2140369.053118552081287 ], [ 6049707.339901742525399, 2140479.822946501895785 ], [ 6049951.272615234367549, 2140567.103467005304992 ], [ 6050202.585713063366711, 2140630.054120936896652 ], [ 6050458.858912715688348, 2140668.068659086711705 ], [ 6050717.624163186177611, 2140680.780980672221631 ], [ 6050976.389413656666875, 2140668.068659086711705 ], [ 6051232.662613308988512, 2140630.054120936896652 ], [ 6051483.975711137987673, 2140567.103467005304992 ], [ 6051727.908424629829824, 2140479.822946501895785 ], [ 6051962.111548407003284, 2140369.053118552081287 ], [ 6052184.329578357748687, 2140235.860757151152939 ], [ 6052392.422433378174901, 2140081.528577549848706 ], [ 6052584.38606551848352, 2139907.542883004527539 ], [ 6052758.371760063804686, 2139715.57925086421892 ], [ 6052912.703939665108919, 2139507.486395843792707 ], [ 6052921.200647975318134, 2139493.31049444898963 ], [ 6052927.876274444162846, 2139484.309454130940139 ], [ 6053061.068635844625533, 2139262.091424180194736 ], [ 6053171.838463795371354, 2139027.888300403021276 ], [ 6053259.118984297849238, 2138783.955586911179125 ], [ 6053301.602546299807727, 2138614.351700269151479 ], [ 6053318.961865863762796, 2138565.835652229841799 ], [ 6053381.912519795820117, 2138314.522554400842637 ], [ 6053419.927057946100831, 2138058.249354748055339 ], [ 6053432.639379531145096, 2137799.484104278031737 ], [ 6053419.927057946100831, 2137540.718853808008134 ], [ 6053381.912519795820117, 2137284.445654155220836 ], [ 6053318.961865863762796, 2137033.132556326221675 ], [ 6053294.443437331356108, 2136964.608139100950211 ], [ 6053278.956303503364325, 2136902.780035092495382 ], [ 6053191.67578300088644, 2136658.847321600653231 ] ] ] } },
{ "type": "Feature", "properties": { "parent_sta": "904209", "stop_id": "DBRK_4", "stop_name": "A1 Shattuck Ave & Addison Street (East) Entrance / Exit", "stop_code": "DBRK_4", "stop_desc": "Pedestrian Access Point", "stop_lat": 37.87101, "stop_lon": -122.26814, "zone_id": "BA:79542", "stop_url": null, "tts_stop_n": null, "platform_c": null, "location_t": "2", "stop_timez": "America/Los_Angeles", "wheelchair": null, "level_id": null, "route_info": "{'route_id': None, 'route_type': None}" }, "geometry": { "type": "Polygon", "coordinates": [ [ [ 6052550.648430556058884, 2141558.082527772523463 ], [ 6052316.445306778885424, 2141447.312699822708964 ], [ 6052072.512593287043273, 2141360.032179319299757 ], [ 6051821.199495458044112, 2141297.081525387708098 ], [ 6051564.926295805722475, 2141259.066987237893045 ], [ 6051306.161045335233212, 2141246.354665652383119 ], [ 6051047.395794864743948, 2141259.066987237893045 ], [ 6050791.122595212422311, 2141297.081525387708098 ], [ 6050539.80949738342315, 2141360.032179319299757 ], [ 6050295.876783891580999, 2141447.312699822708964 ], [ 6050061.673660114407539, 2141558.082527772523463 ], [ 6049839.455630163662136, 2141691.274889173451811 ], [ 6049631.362775143235922, 2141845.607068774756044 ], [ 6049439.399143002927303, 2142019.592763320077211 ], [ 6049265.413448457606137, 2142211.556395460385829 ], [ 6049111.081268856301904, 2142419.649250480812043 ], [ 6048977.888907455839217, 2142641.867280431557447 ], [ 6048867.119079505093396, 2142876.070404208730906 ], [ 6048779.838559002615511, 2143120.003117700573057 ], [ 6048716.88790507055819, 2143371.316215529572219 ], [ 6048678.873366920277476, 2143627.589415182359517 ], [ 6048666.161045335233212, 2143886.354665652383119 ], [ 6048669.265517108142376, 2143949.547640311531723 ], [ 6048668.284416942857206, 2143969.518392955884337 ], [ 6048637.313706438057125, 2144178.305963782127947 ], [ 6048624.60138485301286, 2144437.071214252151549 ], [ 6048637.313706438057125, 2144695.836464722175151 ], [ 6048675.328244588337839, 2144952.109664374962449 ], [ 6048738.27889852039516, 2145203.422762203961611 ], [ 6048825.559419022873044, 2145447.355475695803761 ], [ 6048936.329246973618865, 2145681.558599472977221 ], [ 6049069.521608374081552, 2145903.776629423722625 ], [ 6049223.853787975385785, 2146111.869484444148839 ], [ 6049397.839482520706952, 2146303.833116584457457 ], [ 6049589.80311466101557, 2146477.818811129778624 ], [ 6049797.895969681441784, 2146632.150990731082857 ], [ 6050020.113999632187188, 2146765.343352132011205 ], [ 6050254.317123409360647, 2146876.113180081825703 ], [ 6050498.249836901202798, 2146963.39370058523491 ], [ 6050749.56293473020196, 2147026.34435451682657 ], [ 6051005.836134382523596, 2147064.358892666641623 ], [ 6051264.60138485301286, 2147077.071214252151549 ], [ 6051310.55350892432034, 2147074.813731156289577 ], [ 6051330.978347865864635, 2147075.817139150574803 ], [ 6051589.743598336353898, 2147063.104817565064877 ], [ 6051846.016797988675535, 2147025.090279415249825 ], [ 6052097.329895817674696, 2146962.139625483658165 ], [ 6052341.262609309516847, 2146874.859104980248958 ], [ 6052575.465733086690307, 2146764.089277030434459 ], [ 6052797.68376303743571, 2146630.896915629506111 ], [ 6053005.776618057861924, 2146476.564736028201878 ], [ 6053197.740250198170543, 2146302.579041482880712 ], [ 6053371.725944743491709, 2146110.615409342572093 ], [ 6053526.058124344795942, 2145902.522554322145879 ], [ 6053659.250485745258629, 2145680.304524371400476 ], [ 6053770.02031369600445, 2145446.101400594227016 ], [ 6053857.300834198482335, 2145202.168687102384865 ], [ 6053920.251488130539656, 2144950.855589273385704 ], [ 6053952.298505436629057, 2144734.812147367745638 ], [ 6053955.140551785007119, 2144726.86915993411094 ], [ 6054018.09120571706444, 2144475.556062105111778 ], [ 6054056.105743867345154, 2144219.28286245232448 ], [ 6054068.818065452389419, 2143960.517611982300878 ], [ 6054056.105743867345154, 2143701.752361512277275 ], [ 6054018.09120571706444, 2143445.479161859489977 ], [ 6053955.140551785007119, 2143194.166064030490816 ], [ 6053867.860031282529235, 2142950.233350538648665 ], [ 6053757.090203331783414, 2142716.030226761475205 ], [ 6053623.897841931320727, 2142493.812196810729802 ], [ 6053469.565662330016494, 2142285.719341790303588 ], [ 6053295.579967784695327, 2142093.755709649994969 ], [ 6053103.616335644386709, 2141919.770015104673803 ], [ 6052895.523480623960495, 2141765.43783550336957 ], [ 6052777.401087172329426, 2141694.637997516896576 ], [ 6052772.866460506804287, 2141691.274889173451811 ], [ 6052550.648430556058884, 2141558.082527772523463 ] ] ] } },
{ "type": "Feature", "properties": { "parent_sta": "904309", "stop_id": "NBRK_1", "stop_name": "North Entrance / Exit", "stop_code": "NBRK_1", "stop_desc": "Pedestrian Access Point", "stop_lat": 37.87409, "stop_lon": -122.28336, "zone_id": "BA:79542", "stop_url": null, "tts_stop_n": null, "platform_c": null, "location_t": "2", "stop_timez": "America/Los_Angeles", "wheelchair": null, "level_id": null, "route_info": "{'route_id': None, 'route_type': None}" }, "geometry": { "type": "Polygon", "coordinates": [ [ [ 6049605.365240875631571, 2145359.917780665680766 ], [ 6049567.350702725350857, 2145103.644581012893468 ], [ 6049504.400048793293536, 2144852.331483183894306 ], [ 6049417.119528290815651, 2144608.398769692052156 ], [ 6049306.34970034006983, 2144374.195645914878696 ], [ 6049173.157338939607143, 2144151.977615964133292 ], [ 6049018.82515933830291, 2143943.884760943707079 ], [ 6048844.839464792981744, 2143751.92112880339846 ], [ 6048652.875832652673125, 2143577.935434258077294 ], [ 6048444.782977632246912, 2143423.603254656773061 ], [ 6048222.564947681501508, 2143290.410893255844712 ], [ 6047988.361823904328048, 2143179.641065306030214 ], [ 6047744.429110412485898, 2143092.360544802621007 ], [ 6047493.116012583486736, 2143029.409890871029347 ], [ 6047236.842812931165099, 2142991.395352721214294 ], [ 6046978.077562460675836, 2142978.683031135704368 ], [ 6046719.312311990186572, 2142991.395352721214294 ], [ 6046463.039112337864935, 2143029.409890871029347 ], [ 6046211.726014508865774, 2143092.360544802621007 ], [ 6045967.793301017023623, 2143179.641065306030214 ], [ 6045733.590177239850163, 2143290.410893255844712 ], [ 6045705.689688866958022, 2143307.133802425116301 ], [ 6045687.109408656135201, 2143315.921620490960777 ], [ 6045464.891378705389798, 2143449.113981891889125 ], [ 6045256.798523684963584, 2143603.446161493193358 ], [ 6045064.834891544654965, 2143777.431856038514525 ], [ 6044890.849196999333799, 2143969.395488178823143 ], [ 6044736.517017398029566, 2144177.488343199249357 ], [ 6044603.324655997566879, 2144399.706373149994761 ], [ 6044492.554828046821058, 2144633.90949692716822 ], [ 6044405.274307544343174, 2144877.842210419010371 ], [ 6044342.323653612285852, 2145129.155308248009533 ], [ 6044304.309115462005138, 2145385.428507900796831 ], [ 6044291.596793876960874, 2145644.193758370820433 ], [ 6044304.309115462005138, 2145902.959008840844035 ], [ 6044342.323653612285852, 2146159.232208493631333 ], [ 6044405.274307544343174, 2146410.545306322630495 ], [ 6044492.554828046821058, 2146654.478019814472646 ], [ 6044603.324655997566879, 2146888.681143591646105 ], [ 6044736.517017398029566, 2147110.899173542391509 ], [ 6044890.849196999333799, 2147318.992028562817723 ], [ 6045064.834891544654965, 2147510.955660703126341 ], [ 6045256.798523684963584, 2147684.941355248447508 ], [ 6045464.891378705389798, 2147839.273534849751741 ], [ 6045687.109408656135201, 2147972.465896250680089 ], [ 6045921.312532433308661, 2148083.235724200494587 ], [ 6046165.245245925150812, 2148170.516244703903794 ], [ 6046416.558343754149973, 2148233.466898635495454 ], [ 6046672.83154340647161, 2148271.481436785310507 ], [ 6046931.596793876960874, 2148284.193758370820433 ], [ 6047190.362044347450137, 2148271.481436785310507 ], [ 6047446.635243999771774, 2148233.466898635495454 ], [ 6047697.948341828770936, 2148170.516244703903794 ], [ 6047941.881055320613086, 2148083.235724200494587 ], [ 6048176.084179097786546, 2147972.465896250680089 ], [ 6048203.984667470678687, 2147955.742987081408501 ], [ 6048222.564947681501508, 2147946.955169015564024 ], [ 6048444.782977632246912, 2147813.762807614635676 ], [ 6048652.875832652673125, 2147659.430628013331443 ], [ 6048844.839464792981744, 2147485.444933468010277 ], [ 6049018.82515933830291, 2147293.481301327701658 ], [ 6049173.157338939607143, 2147085.388446307275444 ], [ 6049306.34970034006983, 2146863.170416356530041 ], [ 6049417.119528290815651, 2146628.967292579356581 ], [ 6049504.400048793293536, 2146385.03457908751443 ], [ 6049567.350702725350857, 2146133.721481258515269 ], [ 6049605.365240875631571, 2145877.448281605727971 ], [ 6049618.077562460675836, 2145618.683031135704368 ], [ 6049605.365240875631571, 2145359.917780665680766 ] ] ] } },
{ "type": "Feature", "properties": { "parent_sta": "905109", "stop_id": "CAST_1", "stop_name": "Main Entrance / Exit", "stop_code": "CAST_1", "stop_desc": "Pedestrian Access Point", "stop_lat": 37.69131, "stop_lon": -122.07593, "zone_id": "BA:79542", "stop_url": null, "tts_stop_n": null, "platform_c": null, "location_t": "2", "stop_timez": "America/Los_Angeles", "wheelchair": null, "level_id": null, "route_info": "{'route_id': None, 'route_type': None}" }, "geometry": { "type": "Polygon", "coordinates": [ [ [ 6108341.313448904082179, 2078021.221928321756423 ], [ 6108328.601127319037914, 2077762.45667785173282 ], [ 6108290.5865891687572, 2077506.183478199178353 ], [ 6108227.635935236699879, 2077254.870380369946361 ], [ 6108140.355414734221995, 2077010.937666877871379 ], [ 6108029.585586783476174, 2076776.734543101163581 ], [ 6107896.393225383013487, 2076554.516513149952516 ], [ 6107742.061045781709254, 2076346.423658129759133 ], [ 6107568.075351236388087, 2076154.460025989217684 ], [ 6107376.111719096079469, 2075980.474331444129348 ], [ 6107168.018864075653255, 2075826.142151843057945 ], [ 6106945.800834124907851, 2075692.949790442129597 ], [ 6106711.597710347734392, 2075582.179962491849437 ], [ 6106467.664996855892241, 2075494.899441988673061 ], [ 6106216.351899026893079, 2075431.948788057314232 ], [ 6105960.078699374571443, 2075393.934249907266349 ], [ 6105701.313448904082179, 2075381.221928321756423 ], [ 6105442.548198433592916, 2075393.934249907266349 ], [ 6105186.274998781271279, 2075431.948788057314232 ], [ 6104934.961900952272117, 2075494.899441988673061 ], [ 6104691.029187460429966, 2075582.179962491849437 ], [ 6104456.826063683256507, 2075692.949790442129597 ], [ 6104234.608033732511103, 2075826.142151843057945 ], [ 6104026.515178712084889, 2075980.474331444129348 ], [ 6103834.551546571776271, 2076154.460025989217684 ], [ 6103660.565852026455104, 2076346.423658129759133 ], [ 6103506.233672425150871, 2076554.516513149952516 ], [ 6103373.041311024688184, 2076776.734543101163581 ], [ 6103262.271483073942363, 2077010.937666877871379 ], [ 6103174.990962571464479, 2077254.870380369946361 ], [ 6103112.040308639407158, 2077506.183478199178353 ], [ 6103074.025770489126444, 2077762.45667785173282 ], [ 6103061.313448904082179, 2078021.221928321756423 ], [ 6103074.025770489126444, 2078279.987178791780025 ], [ 6103112.040308639407158, 2078536.260378444334492 ], [ 6103174.990962571464479, 2078787.573476273566484 ], [ 6103262.271483073942363, 2079031.506189765641466 ], [ 6103373.041311024688184, 2079265.709313542349264 ], [ 6103506.233672425150871, 2079487.927343493560329 ], [ 6103660.565852026455104, 2079696.020198513753712 ], [ 6103834.551546571776271, 2079887.983830654295161 ], [ 6104026.515178712084889, 2080061.969525199383497 ], [ 6104234.608033732511103, 2080216.3017048004549 ], [ 6104456.826063683256507, 2080349.494066201383248 ], [ 6104691.029187460429966, 2080460.263894151663408 ], [ 6104934.961900952272117, 2080547.544414654839784 ], [ 6105186.274998781271279, 2080610.495068586198613 ], [ 6105442.548198433592916, 2080648.509606736246496 ], [ 6105701.313448904082179, 2080661.221928321756423 ], [ 6105960.078699374571443, 2080648.509606736246496 ], [ 6106216.351899026893079, 2080610.495068586198613 ], [ 6106467.664996855892241, 2080547.544414654839784 ], [ 6106711.597710347734392, 2080460.263894151663408 ], [ 6106945.800834124907851, 2080349.494066201383248 ], [ 6107168.018864075653255, 2080216.3017048004549 ], [ 6107376.111719096079469, 2080061.969525199383497 ], [ 6107568.075351236388087, 2079887.983830654295161 ], [ 6107742.061045781709254, 2079696.020198513753712 ], [ 6107896.393225383013487, 2079487.927343493560329 ], [ 6108029.585586783476174, 2079265.709313542349264 ], [ 6108140.355414734221995, 2079031.506189765641466 ], [ 6108227.635935236699879, 2078787.573476273566484 ], [ 6108290.5865891687572, 2078536.260378444334492 ], [ 6108328.601127319037914, 2078279.987178791780025 ], [ 6108341.313448904082179, 2078021.221928321756423 ] ] ] } },
{ "type": "Feature", "properties": { "parent_sta": "905209", "stop_id": "WDUB_1", "stop_name": "TBD Pedestrian Access Point", "stop_code": "WDUB_1", "stop_desc": "Pedestrian Access Point", "stop_lat": 37.69992, "stop_lon": -121.92789, "zone_id": "BA:79542", "stop_url": null, "tts_stop_n": null, "platform_c": null, "location_t": "2", "stop_timez": "America/Los_Angeles", "wheelchair": null, "level_id": null, "route_info": "{'route_id': None, 'route_type': None}" }, "geometry": { "type": "Polygon", "coordinates": [ [ [ 6151192.611612753942609, 2079971.431664822157472 ], [ 6151154.597074603661895, 2079715.158465169603005 ], [ 6151091.646420671604574, 2079463.845367340371013 ], [ 6151004.365900169126689, 2079219.912653848296031 ], [ 6150893.596072218380868, 2078985.709530071588233 ], [ 6150760.403710817918181, 2078763.491500120377168 ], [ 6150606.071531216613948, 2078555.398645100183785 ], [ 6150432.085836671292782, 2078363.435012959642336 ], [ 6150240.122204530984163, 2078189.449318414554 ], [ 6150032.02934951055795, 2078035.117138813482597 ], [ 6149809.811319559812546, 2077901.924777412554249 ], [ 6149575.608195782639086, 2077791.154949462274089 ], [ 6149331.675482290796936, 2077703.874428959097713 ], [ 6149080.362384461797774, 2077640.923775027738884 ], [ 6148824.089184809476137, 2077602.909236877691001 ], [ 6148565.323934338986874, 2077590.196915292181075 ], [ 6148306.55868386849761, 2077602.909236877691001 ], [ 6148050.285484216175973, 2077640.923775027738884 ], [ 6147798.972386387176812, 2077703.874428959097713 ], [ 6147555.039672895334661, 2077791.154949462274089 ], [ 6147320.836549118161201, 2077901.924777412554249 ], [ 6147098.618519167415798, 2078035.117138813482597 ], [ 6146890.525664146989584, 2078189.449318414554 ], [ 6146698.562032006680965, 2078363.435012959642336 ], [ 6146524.576337461359799, 2078555.398645100183785 ], [ 6146370.244157860055566, 2078763.491500120377168 ], [ 6146237.051796459592879, 2078985.709530071588233 ], [ 6146126.281968508847058, 2079219.912653848296031 ], [ 6146039.001448006369174, 2079463.845367340371013 ], [ 6145976.050794074311852, 2079715.158465169603005 ], [ 6145938.036255924031138, 2079971.431664822157472 ], [ 6145925.323934338986874, 2080230.196915292181075 ], [ 6145938.036255924031138, 2080488.962165762204677 ], [ 6145959.454959796741605, 2080633.355338503606617 ], [ 6145956.880976025946438, 2080685.749981814762577 ], [ 6145969.593297610990703, 2080944.51523228478618 ], [ 6146007.607835761271417, 2081200.788431937340647 ], [ 6146070.558489693328738, 2081452.101529766572639 ], [ 6146157.839010195806623, 2081696.034243258647621 ], [ 6146268.608838146552444, 2081930.237367035355419 ], [ 6146401.801199547015131, 2082152.455396986566484 ], [ 6146556.133379148319364, 2082360.548252006759867 ], [ 6146730.11907369364053, 2082552.511884147301316 ], [ 6146922.082705833949149, 2082726.497578692389652 ], [ 6147130.175560854375362, 2082880.829758293461055 ], [ 6147352.393590805120766, 2083014.022119694389403 ], [ 6147586.596714582294226, 2083124.791947644669563 ], [ 6147830.529428074136376, 2083212.072468147845939 ], [ 6148081.842525903135538, 2083275.023122079204768 ], [ 6148338.115725555457175, 2083313.037660229252651 ], [ 6148596.880976025946438, 2083325.749981814762577 ], [ 6148855.646226496435702, 2083313.037660229252651 ], [ 6149111.919426148757339, 2083275.023122079204768 ], [ 6149363.2325239777565, 2083212.072468147845939 ], [ 6149607.165237469598651, 2083124.791947644669563 ], [ 6149841.36836124677211, 2083014.022119694389403 ], [ 6150063.586391197517514, 2082880.829758293461055 ], [ 6150271.679246217943728, 2082726.497578692389652 ], [ 6150463.642878358252347, 2082552.511884147301316 ], [ 6150637.628572903573513, 2082360.548252006759867 ], [ 6150791.960752504877746, 2082152.455396986566484 ], [ 6150925.153113905340433, 2081930.237367035355419 ], [ 6151035.922941856086254, 2081696.034243258647621 ], [ 6151123.203462358564138, 2081452.101529766572639 ], [ 6151186.154116290621459, 2081200.788431937340647 ], [ 6151224.168654440902174, 2080944.51523228478618 ], [ 6151236.880976025946438, 2080685.749981814762577 ], [ 6151224.168654440902174, 2080426.984731344738975 ], [ 6151202.749950568191707, 2080282.591558603337035 ], [ 6151205.323934338986874, 2080230.196915292181075 ], [ 6151192.611612753942609, 2079971.431664822157472 ] ] ] } },
{ "type": "Feature", "properties": { "parent_sta": "906109", "stop_id": "COLM_1", "stop_name": "West Entrance / Exit to Parking Garage", "stop_code": "COLM_1", "stop_desc": "Pedestrian Access Point", "stop_lat": 37.68448, "stop_lon": -122.46636, "zone_id": "BA:79542", "stop_url": null, "tts_stop_n": null, "platform_c": null, "location_t": "2", "stop_timez": "America/Los_Angeles", "wheelchair": null, "level_id": null, "route_info": "{'route_id': None, 'route_type': None}" }, "geometry": { "type": "Polygon", "coordinates": [ [ [ 5994099.130658248439431, 2075390.415037486469373 ], [ 5993907.167026108130813, 2075216.429342941381037 ], [ 5993699.074171087704599, 2075062.097163340309635 ], [ 5993476.856141136959195, 2074928.904801939381287 ], [ 5993242.653017359785736, 2074818.134973989101127 ], [ 5992998.720303867943585, 2074730.854453485924751 ], [ 5992747.407206038944423, 2074667.903799554565921 ], [ 5992491.134006386622787, 2074629.889261404518038 ], [ 5992232.368755916133523, 2074617.176939819008112 ], [ 5991973.603505445644259, 2074629.889261404518038 ], [ 5991717.330305793322623, 2074667.903799554565921 ], [ 5991466.017207964323461, 2074730.854453485924751 ], [ 5991222.08449447248131, 2074818.134973989101127 ], [ 5990987.881370695307851, 2074928.904801939381287 ], [ 5990765.663340744562447, 2075062.097163340309635 ], [ 5990557.570485724136233, 2075216.429342941381037 ], [ 5990365.606853583827615, 2075390.415037486469373 ], [ 5990191.621159038506448, 2075582.378669627010822 ], [ 5990037.288979437202215, 2075790.471524647204205 ], [ 5989904.096618036739528, 2076012.68955459841527 ], [ 5989793.326790085993707, 2076246.892678375123069 ], [ 5989706.046269583515823, 2076490.82539186719805 ], [ 5989643.095615651458502, 2076742.138489696430042 ], [ 5989605.081077501177788, 2076998.41168934898451 ], [ 5989592.368755916133523, 2077257.176939819008112 ], [ 5989605.081077501177788, 2077515.942190289031714 ], [ 5989643.095615651458502, 2077772.215389941586182 ], [ 5989706.046269583515823, 2078023.528487770818174 ], [ 5989793.326790085993707, 2078267.461201262893155 ], [ 5989904.096618036739528, 2078501.664325039600953 ], [ 5990037.288979437202215, 2078723.882354990812019 ], [ 5990191.621159038506448, 2078931.975210011005402 ], [ 5990365.606853583827615, 2079123.938842151546851 ], [ 5990557.570485724136233, 2079297.924536696635187 ], [ 5990729.444719277322292, 2079425.395155901554972 ], [ 5990832.859547182917595, 2079539.495835464680567 ], [ 5990837.769314659759402, 2079543.94578931806609 ], [ 5990927.656537832692266, 2079643.121057079872116 ], [ 5991119.620169973000884, 2079817.106751624960452 ], [ 5991327.713024993427098, 2079971.438931226031855 ], [ 5991549.931054944172502, 2080104.631292626960203 ], [ 5991784.134178721345961, 2080215.401120577240363 ], [ 5992028.066892213188112, 2080302.681641080416739 ], [ 5992279.379990042187274, 2080365.632295011775568 ], [ 5992535.65318969450891, 2080403.646833161823452 ], [ 5992794.418440164998174, 2080416.359154747333378 ], [ 5993053.183690635487437, 2080403.646833161823452 ], [ 5993309.456890287809074, 2080365.632295011775568 ], [ 5993560.769988116808236, 2080302.681641080416739 ], [ 5993804.702701608650386, 2080215.401120577240363 ], [ 5994038.905825385823846, 2080104.631292626960203 ], [ 5994261.12385533656925, 2079971.438931226031855 ], [ 5994469.216710356995463, 2079817.106751624960452 ], [ 5994661.180342497304082, 2079643.121057079872116 ], [ 5994835.166037042625248, 2079451.157424939330667 ], [ 5994989.498216643929482, 2079243.064569919137284 ], [ 5995122.690578044392169, 2079020.846539967926219 ], [ 5995233.46040599513799, 2078786.643416191218421 ], [ 5995320.740926497615874, 2078542.71070269914344 ], [ 5995383.691580429673195, 2078291.397604869911447 ], [ 5995421.706118579953909, 2078035.12440521735698 ], [ 5995434.418440164998174, 2077776.359154747333378 ], [ 5995421.706118579953909, 2077517.593904277309775 ], [ 5995383.691580429673195, 2077261.320704624755308 ], [ 5995320.740926497615874, 2077010.007606795523316 ], [ 5995233.46040599513799, 2076766.074893303448334 ], [ 5995122.690578044392169, 2076531.871769526740536 ], [ 5994989.498216643929482, 2076309.653739575529471 ], [ 5994835.166037042625248, 2076101.560884555336088 ], [ 5994661.180342497304082, 2075909.597252414794639 ], [ 5994656.270575020462275, 2075905.147298561409116 ], [ 5994566.383351847529411, 2075805.97203079960309 ], [ 5994374.419719707220793, 2075631.986336254514754 ], [ 5994202.545486154034734, 2075504.515717049594969 ], [ 5994099.130658248439431, 2075390.415037486469373 ] ] ] } },
{ "type": "Feature", "properties": { "parent_sta": "906209", "stop_id": "SSAN_1", "stop_name": "East Concourse Entrance / Exit", "stop_code": "SSAN_1", "stop_desc": "Pedestrian Access Point", "stop_lat": 37.66432, "stop_lon": -122.44384, "zone_id": "BA:79542", "stop_url": null, "tts_stop_n": null, "platform_c": null, "location_t": "2", "stop_timez": "America/Los_Angeles", "wheelchair": null, "level_id": null, "route_info": "{'route_id': None, 'route_type': None}" }, "geometry": { "type": "Polygon", "coordinates": [ [ [ 6000007.388734622858465, 2067679.815559348789975 ], [ 5999763.456021131016314, 2067592.535038845613599 ], [ 5999512.142923302017152, 2067529.58438491425477 ], [ 5999255.869723649695516, 2067491.569846764206886 ], [ 5998997.104473179206252, 2067478.85752517869696 ], [ 5998738.339222708716989, 2067491.569846764206886 ], [ 5998482.066023056395352, 2067529.58438491425477 ], [ 5998230.75292522739619, 2067592.535038845613599 ], [ 5997986.820211735554039, 2067679.815559348789975 ], [ 5997752.61708795838058, 2067790.585387299070135 ], [ 5997530.399058007635176, 2067923.777748699998483 ], [ 5997322.306202987208962, 2068078.109928301069885 ], [ 5997130.342570846900344, 2068252.095622846158221 ], [ 5996956.356876301579177, 2068444.059254986699671 ], [ 5996802.024696700274944, 2068652.152110006893054 ], [ 5996668.832335299812257, 2068874.370139958104119 ], [ 5996558.062507349066436, 2069108.573263734811917 ], [ 5996470.781986846588552, 2069352.505977226886898 ], [ 5996407.831332914531231, 2069603.819075056118891 ], [ 5996369.816794764250517, 2069860.092274708673358 ], [ 5996357.104473179206252, 2070118.85752517869696 ], [ 5996369.816794764250517, 2070377.622775648720562 ], [ 5996407.831332914531231, 2070633.89597530127503 ], [ 5996470.781986846588552, 2070885.209073130507022 ], [ 5996558.062507349066436, 2071129.141786622582003 ], [ 5996567.718629017472267, 2071149.557940553640947 ], [ 5996596.005753177218139, 2071228.615156452404335 ], [ 5996706.77558112796396, 2071462.818280229112133 ], [ 5996839.967942528426647, 2071685.036310180323198 ], [ 5996994.30012212973088, 2071893.129165200516582 ], [ 5997168.285816675052047, 2072085.092797341058031 ], [ 5997360.249448815360665, 2072259.078491886146367 ], [ 5997568.342303835786879, 2072413.410671487217769 ], [ 5997790.560333786532283, 2072546.603032888146117 ], [ 5998024.763457563705742, 2072657.372860838426277 ], [ 5998268.696171055547893, 2072744.653381341602653 ], [ 5998520.009268884547055, 2072807.604035272961482 ], [ 5998776.282468536868691, 2072845.618573423009366 ], [ 5999035.047719007357955, 2072858.330895008519292 ], [ 5999293.812969477847219, 2072845.618573423009366 ], [ 5999550.086169130168855, 2072807.604035272961482 ], [ 5999801.399266959168017, 2072744.653381341602653 ], [ 6000045.331980451010168, 2072657.372860838426277 ], [ 6000279.535104228183627, 2072546.603032888146117 ], [ 6000501.753134178929031, 2072413.410671487217769 ], [ 6000709.845989199355245, 2072259.078491886146367 ], [ 6000712.256221694871783, 2072256.89398448728025 ], [ 6000737.232602920383215, 2072238.370237707393244 ], [ 6000929.196235060691833, 2072064.384543162304908 ], [ 6000936.401405367068946, 2072056.434862783411518 ], [ 6000955.419822944328189, 2072039.197573852725327 ], [ 6001129.405517489649355, 2071847.233941712183878 ], [ 6001283.737697090953588, 2071639.141086691990495 ], [ 6001416.930058491416276, 2071416.92305674077943 ], [ 6001527.699886442162097, 2071182.719932964071631 ], [ 6001614.980406944639981, 2070938.78721947199665 ], [ 6001677.931060876697302, 2070687.474121642764658 ], [ 6001715.945599026978016, 2070431.20092199021019 ], [ 6001728.657920612022281, 2070172.435671520186588 ], [ 6001715.945599026978016, 2069913.670421050162986 ], [ 6001677.931060876697302, 2069657.397221397608519 ], [ 6001614.980406944639981, 2069406.084123568376526 ], [ 6001527.699886442162097, 2069162.151410076301545 ], [ 6001416.930058491416276, 2068927.948286299593747 ], [ 6001283.737697090953588, 2068705.730256348382682 ], [ 6001129.405517489649355, 2068497.637401328189299 ], [ 6000955.419822944328189, 2068305.673769187647849 ], [ 6000763.45619080401957, 2068131.688074642559513 ], [ 6000555.363335783593357, 2067977.355895041488111 ], [ 6000333.145305832847953, 2067844.163533640559763 ], [ 6000322.886179879307747, 2067839.311328432988375 ], [ 6000241.591858400031924, 2067790.585387299070135 ], [ 6000007.388734622858465, 2067679.815559348789975 ] ] ] } },
{ "type": "Feature", "properties": { "parent_sta": "906309", "stop_id": "SBRN_1", "stop_name": "Huntington Ave Entrance / Exit", "stop_code": "SBRN_1", "stop_desc": "Pedestrian Access Point", "stop_lat": 37.63779, "stop_lon": -122.41617, "zone_id": "BA:79542", "stop_url": null, "tts_stop_n": null, "platform_c": null, "location_t": "2", "stop_timez": "America/Los_Angeles", "wheelchair": null, "level_id": null, "route_info": "{'route_id': None, 'route_type': None}" }, "geometry": { "type": "Polygon", "coordinates": [ [ [ 6009480.080223795957863, 2059803.194462613202631 ], [ 6009417.129569863900542, 2059551.881364783970639 ], [ 6009329.849049361422658, 2059307.948651291895658 ], [ 6009219.079221410676837, 2059073.74552751518786 ], [ 6009085.88686001021415, 2058851.527497563976794 ], [ 6008931.554680408909917, 2058643.434642543783411 ], [ 6008757.56898586358875, 2058451.471010403241962 ], [ 6008565.605353723280132, 2058277.485315858153626 ], [ 6008357.512498702853918, 2058123.153136257082224 ], [ 6008135.294468752108514, 2057989.960774856153876 ], [ 6007901.091344974935055, 2057879.190946905873716 ], [ 6007657.158631483092904, 2057791.91042640269734 ], [ 6007405.845533654093742, 2057728.959772471338511 ], [ 6007149.572334001772106, 2057690.945234321290627 ], [ 6006890.807083531282842, 2057678.232912735780701 ], [ 6006632.041833060793579, 2057690.945234321290627 ], [ 6006375.768633408471942, 2057728.959772471338511 ], [ 6006124.45553557947278, 2057791.91042640269734 ], [ 6006100.713761426508427, 2057800.405369028681889 ], [ 6006011.277801685966551, 2057822.807910715928301 ], [ 6005767.345088194124401, 2057910.088431219104677 ], [ 6005533.141964416950941, 2058020.858259169384837 ], [ 6005310.923934466205537, 2058154.050620570313185 ], [ 6005102.831079445779324, 2058308.382800171384588 ], [ 6004910.867447305470705, 2058482.368494716472924 ], [ 6004736.881752760149539, 2058674.332126857014373 ], [ 6004582.549573158845305, 2058882.424981877207756 ], [ 6004449.357211758382618, 2059104.643011828418821 ], [ 6004338.587383807636797, 2059338.846135605126619 ], [ 6004251.306863305158913, 2059582.778849097201601 ], [ 6004188.356209373101592, 2059834.091946926433593 ], [ 6004150.341671222820878, 2060090.36514657898806 ], [ 6004137.629349637776613, 2060349.130397049011663 ], [ 6004150.341671222820878, 2060607.895647519035265 ], [ 6004188.356209373101592, 2060864.168847171589732 ], [ 6004251.306863305158913, 2061115.481945000821725 ], [ 6004338.587383807636797, 2061359.414658492896706 ], [ 6004449.357211758382618, 2061593.617782269604504 ], [ 6004582.549573158845305, 2061815.835812220815569 ], [ 6004736.881752760149539, 2062023.928667241008952 ], [ 6004910.867447305470705, 2062215.892299381550401 ], [ 6004949.000739943236113, 2062250.454301209421828 ], [ 6004978.999831221066415, 2062283.553197860717773 ], [ 6005170.963463361375034, 2062457.538892405806109 ], [ 6005379.056318381801248, 2062611.871072006877512 ], [ 6005601.274348332546651, 2062745.06343340780586 ], [ 6005835.477472109720111, 2062855.83326135808602 ], [ 6006079.410185601562262, 2062943.113781861262396 ], [ 6006330.723283430561423, 2063006.064435792621225 ], [ 6006586.99648308288306, 2063044.078973942669109 ], [ 6006845.761733553372324, 2063056.791295528179035 ], [ 6007104.526984023861587, 2063044.078973942669109 ], [ 6007360.800183676183224, 2063006.064435792621225 ], [ 6007612.113281505182385, 2062943.113781861262396 ], [ 6007856.045994997024536, 2062855.83326135808602 ], [ 6008090.249118774197996, 2062745.06343340780586 ], [ 6008312.467148724943399, 2062611.871072006877512 ], [ 6008520.560003745369613, 2062457.538892405806109 ], [ 6008712.523635885678232, 2062283.553197860717773 ], [ 6008886.509330430999398, 2062091.589565720176324 ], [ 6008890.310749122872949, 2062086.463945963885635 ], [ 6008922.065092174336314, 2062051.428427415899932 ], [ 6009076.397271775640547, 2061843.335572395706549 ], [ 6009209.589633176103234, 2061621.117542444495484 ], [ 6009320.359461126849055, 2061386.914418667787686 ], [ 6009407.63998162932694, 2061142.981705175712705 ], [ 6009470.590635561384261, 2060891.668607346480712 ], [ 6009478.05188650265336, 2060841.368939243257046 ], [ 6009480.080223795957863, 2060833.271362858358771 ], [ 6009518.094761946238577, 2060576.998163205804303 ], [ 6009530.807083531282842, 2060318.232912735780701 ], [ 6009518.094761946238577, 2060059.467662265757099 ], [ 6009480.080223795957863, 2059803.194462613202631 ] ] ] } },
{ "type": "Feature", "properties": { "parent_sta": "909509", "stop_id": "BERY_1", "stop_name": "Main Entrance / Exit", "stop_code": "BERY_1", "stop_desc": "Pedestrian Access Point", "stop_lat": 37.36847, "stop_lon": -121.87457, "zone_id": "BA:79542", "stop_url": null, "tts_stop_n": null, "platform_c": null, "location_t": "2", "stop_timez": "America/Los_Angeles", "wheelchair": null, "level_id": null, "route_info": "{'route_id': None, 'route_type': None}" }, "geometry": { "type": "Polygon", "coordinates": [ [ [ 6164832.366958484053612, 1958468.040753867011517 ], [ 6164745.086437981575727, 1958224.108040374936536 ], [ 6164634.316610030829906, 1957989.904916598228738 ], [ 6164501.124248630367219, 1957767.686886647017673 ], [ 6164346.792069029062986, 1957559.59403162682429 ], [ 6164172.80637448374182, 1957367.63039948628284 ], [ 6163980.842742343433201, 1957193.644704941194504 ], [ 6163772.749887323006988, 1957039.312525340123102 ], [ 6163550.531857372261584, 1956906.120163939194754 ], [ 6163316.328733595088124, 1956795.350335988914594 ], [ 6163072.396020103245974, 1956708.069815485738218 ], [ 6162821.082922274246812, 1956645.119161554379389 ], [ 6162564.809722621925175, 1956607.104623404331505 ], [ 6162306.044472151435912, 1956594.392301818821579 ], [ 6162047.279221680946648, 1956607.104623404331505 ], [ 6161791.006022028625011, 1956645.119161554379389 ], [ 6161539.69292419962585, 1956708.069815485738218 ], [ 6161295.760210707783699, 1956795.350335988914594 ], [ 6161061.55708693061024, 1956906.120163939194754 ], [ 6160839.339056979864836, 1957039.312525340123102 ], [ 6160631.246201959438622, 1957193.644704941194504 ], [ 6160439.282569819130003, 1957367.63039948628284 ], [ 6160265.296875273808837, 1957559.59403162682429 ], [ 6160247.820173563435674, 1957583.158636005362496 ], [ 6160142.707530248910189, 1957699.132566203130409 ], [ 6159988.375350647605956, 1957907.225421223323792 ], [ 6159855.182989247143269, 1958129.443451174534857 ], [ 6159744.413161296397448, 1958363.646574951242656 ], [ 6159657.132640793919563, 1958607.579288443317637 ], [ 6159594.181986861862242, 1958858.892386272549629 ], [ 6159577.642320400103927, 1958970.393760525854304 ], [ 6159573.748629255220294, 1958981.275898269610479 ], [ 6159510.797975323162973, 1959232.588996098842472 ], [ 6159472.783437172882259, 1959488.862195751396939 ], [ 6159460.071115587837994, 1959747.627446221420541 ], [ 6159472.783437172882259, 1960006.392696691444144 ], [ 6159510.797975323162973, 1960262.665896343998611 ], [ 6159536.939646128565073, 1960367.029296280350536 ], [ 6159547.687693193554878, 1960439.486744018970057 ], [ 6159610.638347125612199, 1960690.79984184820205 ], [ 6159697.918867628090084, 1960934.732555340277031 ], [ 6159808.688695578835905, 1961168.935679116984829 ], [ 6159941.881056979298592, 1961391.153709068195894 ], [ 6160096.213236580602825, 1961599.246564088389277 ], [ 6160270.198931125923991, 1961791.210196228930727 ], [ 6160462.16256326623261, 1961965.195890774019063 ], [ 6160670.255418286658823, 1962119.528070375090465 ], [ 6160892.473448237404227, 1962252.720431776018813 ], [ 6161126.676572014577687, 1962363.490259726298973 ], [ 6161370.609285506419837, 1962450.770780229475349 ], [ 6161621.922383335418999, 1962513.721434160834178 ], [ 6161878.195582987740636, 1962551.735972310882062 ], [ 6162136.960833458229899, 1962564.448293896391988 ], [ 6162395.726083928719163, 1962551.735972310882062 ], [ 6162651.9992835810408, 1962513.721434160834178 ], [ 6162903.312381410039961, 1962450.770780229475349 ], [ 6163147.245094901882112, 1962363.490259726298973 ], [ 6163381.448218679055572, 1962252.720431776018813 ], [ 6163603.666248629800975, 1962119.528070375090465 ], [ 6163811.759103650227189, 1961965.195890774019063 ], [ 6164003.722735790535808, 1961791.210196228930727 ], [ 6164177.708430335856974, 1961599.246564088389277 ], [ 6164332.040609937161207, 1961391.153709068195894 ], [ 6164465.232971337623894, 1961168.935679116984829 ], [ 6164548.230889743193984, 1960993.451324603054672 ], [ 6164592.481304200366139, 1960919.623968275729567 ], [ 6164703.25113215111196, 1960685.420844499021769 ], [ 6164790.531652653589845, 1960441.488131006946787 ], [ 6164823.05291348695755, 1960311.65598003170453 ], [ 6164845.636481925845146, 1960248.539134509162977 ], [ 6164908.587135857902467, 1959997.226036679930985 ], [ 6164946.601674008183181, 1959740.952837027376518 ], [ 6164959.313995593227446, 1959482.187586557352915 ], [ 6164946.601674008183181, 1959223.422336087329313 ], [ 6164944.962769561447203, 1959212.373739760136232 ], [ 6164933.332150566391647, 1958975.627051348797977 ], [ 6164895.317612416110933, 1958719.35385169624351 ], [ 6164832.366958484053612, 1958468.040753867011517 ] ] ] } },
{ "type": "Feature", "properties": { "parent_sta": "mtc:12th-st-oakland-city-center-bart", "stop_id": "12TH_2", "stop_name": "A2 13th St and Broadway Entrance / Exit", "stop_code": "12TH_2", "stop_desc": "Pedestrian Access Point", "stop_lat": 37.80337, "stop_lon": -122.27196, "zone_id": "BA:79542", "stop_url": null, "tts_stop_n": null, "platform_c": null, "location_t": "2", "stop_timez": "America/Los_Angeles", "wheelchair": "0", "level_id": "mtc:12th-st-oakland-city-center-bart-street", "route_info": "{'route_id': None, 'route_type': None}" }, "geometry": { "type": "Polygon", "coordinates": [ [ [ 6051994.199228138662875, 2118232.071654719300568 ], [ 6051861.006866738200188, 2118009.853624768555164 ], [ 6051706.674687136895955, 2117801.760769748128951 ], [ 6051532.688992591574788, 2117609.797137607820332 ], [ 6051340.72536045126617, 2117435.811443062499166 ], [ 6051132.632505430839956, 2117281.479263461194932 ], [ 6050910.414475480094552, 2117148.286902060266584 ], [ 6050676.211351702921093, 2117037.517074110452086 ], [ 6050432.278638211078942, 2116950.236553607042879 ], [ 6050180.96554038207978, 2116887.285899675451219 ], [ 6049924.692340729758143, 2116849.271361525636166 ], [ 6049665.92709025926888, 2116836.55903994012624 ], [ 6049407.161839788779616, 2116849.271361525636166 ], [ 6049150.88864013645798, 2116887.285899675451219 ], [ 6048899.575542307458818, 2116950.236553607042879 ], [ 6048655.642828815616667, 2117037.517074110452086 ], [ 6048421.439705038443208, 2117148.286902060266584 ], [ 6048398.54511646181345, 2117162.009390359278768 ], [ 6048355.621966233476996, 2117182.310528487432748 ], [ 6048133.403936282731593, 2117315.502889888361096 ], [ 6047925.311081262305379, 2117469.835069489665329 ], [ 6047733.34744912199676, 2117643.820764034986496 ], [ 6047559.361754576675594, 2117835.784396175295115 ], [ 6047405.029574975371361, 2118043.877251195721328 ], [ 6047271.837213574908674, 2118266.095281146466732 ], [ 6047161.067385624162853, 2118500.298404923640192 ], [ 6047073.786865121684968, 2118744.231118415482342 ], [ 6047010.836211189627647, 2118995.544216244481504 ], [ 6046972.821673039346933, 2119251.817415897268802 ], [ 6046960.109351454302669, 2119510.582666367292404 ], [ 6046972.821673039346933, 2119769.347916837316006 ], [ 6047010.836211189627647, 2120025.621116490103304 ], [ 6047073.786865121684968, 2120276.934214319102466 ], [ 6047161.067385624162853, 2120520.866927810944617 ], [ 6047258.365387240424752, 2120726.586267972830683 ], [ 6047267.965175807476044, 2120764.910772207658738 ], [ 6047355.245696309953928, 2121008.843485699500889 ], [ 6047466.015524260699749, 2121243.046609476674348 ], [ 6047490.725556442514062, 2121284.272807538043708 ], [ 6047514.887346887029707, 2121351.800488080363721 ], [ 6047625.657174837775528, 2121586.00361185753718 ], [ 6047758.849536238238215, 2121808.221641808282584 ], [ 6047913.181715839542449, 2122016.314496828708798 ], [ 6048087.167410384863615, 2122208.278128969017416 ], [ 6048279.131042525172234, 2122382.263823514338583 ], [ 6048487.223897545598447, 2122536.596003115642816 ], [ 6048709.441927496343851, 2122669.788364516571164 ], [ 6048943.645051273517311, 2122780.558192466385663 ], [ 6049187.577764765359461, 2122867.838712969794869 ], [ 6049438.890862594358623, 2122930.789366901386529 ], [ 6049695.16406224668026, 2122968.803905051201582 ], [ 6049953.929312717169523, 2122981.516226636711508 ], [ 6050212.694563187658787, 2122968.803905051201582 ], [ 6050468.967762839980423, 2122930.789366901386529 ], [ 6050720.280860668979585, 2122867.838712969794869 ], [ 6050964.213574160821736, 2122780.558192466385663 ], [ 6051198.416697937995195, 2122669.788364516571164 ], [ 6051420.634727888740599, 2122536.596003115642816 ], [ 6051628.727582909166813, 2122382.263823514338583 ], [ 6051820.691215049475431, 2122208.278128969017416 ], [ 6051994.676909594796598, 2122016.314496828708798 ], [ 6052123.445996575057507, 2121842.689482153393328 ], [ 6052146.937380089424551, 2121816.770734550897032 ], [ 6052301.269559690728784, 2121608.677879530470818 ], [ 6052434.461921091191471, 2121386.459849579725415 ], [ 6052545.231749041937292, 2121152.256725802551955 ], [ 6052632.512269544415176, 2120908.324012310709804 ], [ 6052695.462923476472497, 2120657.010914481710643 ], [ 6052733.477461626753211, 2120400.737714828923345 ], [ 6052746.189783211797476, 2120141.972464358899742 ], [ 6052733.477461626753211, 2119883.20721388887614 ], [ 6052695.462923476472497, 2119626.934014236088842 ], [ 6052632.512269544415176, 2119375.62091640708968 ], [ 6052545.231749041937292, 2119131.68820291524753 ], [ 6052434.461921091191471, 2118897.48507913807407 ], [ 6052301.269559690728784, 2118675.267049187328666 ], [ 6052146.937380089424551, 2118467.174194166902453 ], [ 6052060.057249584235251, 2118371.316741885151714 ], [ 6051994.199228138662875, 2118232.071654719300568 ] ] ] } },
{ "type": "Feature", "properties": { "parent_sta": "mtc:19th-st-oakland-bart", "stop_id": "19TH_3", "stop_name": "A2 20th and Broadway Entrance / Exit", "stop_code": "19TH_3", "stop_desc": "Pedestrian Access Point", "stop_lat": 37.80881, "stop_lon": -122.26854, "zone_id": "BA:79542", "stop_url": null, "tts_stop_n": null, "platform_c": null, "location_t": "2", "stop_timez": "America/Los_Angeles", "wheelchair": "1", "level_id": "mtc:19th-st-oakland-bart-street", "route_info": "{'route_id': None, 'route_type': None}" }, "geometry": { "type": "Polygon", "coordinates": [ [ [ 6052691.793335855007172, 2119614.769354335032403 ], [ 6052537.461156253702939, 2119406.67649931460619 ], [ 6052363.475461708381772, 2119214.712867174297571 ], [ 6052171.511829568073153, 2119040.727172628976405 ], [ 6051963.41897454764694, 2118886.394993027672172 ], [ 6051741.200944596901536, 2118753.202631626743823 ], [ 6051506.997820819728076, 2118642.432803676929325 ], [ 6051263.065107327885926, 2118555.152283173520118 ], [ 6051011.752009498886764, 2118492.201629241928458 ], [ 6050755.478809846565127, 2118454.187091092113405 ], [ 6050496.713559376075864, 2118441.474769506603479 ], [ 6050237.9483089055866, 2118454.187091092113405 ], [ 6049981.675109253264964, 2118492.201629241928458 ], [ 6049730.362011424265802, 2118555.152283173520118 ], [ 6049486.429297932423651, 2118642.432803676929325 ], [ 6049252.226174155250192, 2118753.202631626743823 ], [ 6049030.008144204504788, 2118886.394993027672172 ], [ 6048821.915289184078574, 2119040.727172628976405 ], [ 6048629.951657043769956, 2119214.712867174297571 ], [ 6048455.965962498448789, 2119406.67649931460619 ], [ 6048301.633782897144556, 2119614.769354335032403 ], [ 6048168.441421496681869, 2119836.987384285777807 ], [ 6048139.787475776858628, 2119897.571062353439629 ], [ 6048079.040591409429908, 2119998.921115973498672 ], [ 6047968.270763458684087, 2120233.124239750672132 ], [ 6047880.990242956206203, 2120477.056953242514282 ], [ 6047818.039589024148881, 2120728.370051071513444 ], [ 6047780.025050873868167, 2120984.643250724300742 ], [ 6047767.312729288823903, 2121243.408501194324344 ], [ 6047780.025050873868167, 2121502.173751664347947 ], [ 6047818.039589024148881, 2121758.446951317135245 ], [ 6047880.990242956206203, 2122009.760049146134406 ], [ 6047968.270763458684087, 2122253.692762637976557 ], [ 6048079.040591409429908, 2122487.895886415150017 ], [ 6048212.232952809892595, 2122710.11391636589542 ], [ 6048366.565132411196828, 2122918.206771386321634 ], [ 6048442.074101770296693, 2123001.51808071648702 ], [ 6048459.288474383763969, 2123037.914813604671508 ], [ 6048592.480835784226656, 2123260.132843555416912 ], [ 6048746.813015385530889, 2123468.225698575843126 ], [ 6048920.798709930852056, 2123660.189330716151744 ], [ 6049112.762342071160674, 2123834.175025261472911 ], [ 6049320.855197091586888, 2123988.507204862777144 ], [ 6049543.073227042332292, 2124121.699566263705492 ], [ 6049777.276350819505751, 2124232.46939421351999 ], [ 6050021.209064311347902, 2124319.749914716929197 ], [ 6050191.806870561093092, 2124362.482440619729459 ], [ 6050224.496119886636734, 2124374.178841053973883 ], [ 6050475.809217715635896, 2124437.129494985565543 ], [ 6050732.082417367957532, 2124475.144033135380596 ], [ 6050990.847667838446796, 2124487.856354720890522 ], [ 6051249.612918308936059, 2124475.144033135380596 ], [ 6051505.886117961257696, 2124437.129494985565543 ], [ 6051757.199215790256858, 2124374.178841053973883 ], [ 6052001.131929282099009, 2124286.898320550564677 ], [ 6052235.335053059272468, 2124176.128492600750178 ], [ 6052457.553083010017872, 2124042.93613119982183 ], [ 6052665.645938030444086, 2123888.603951598517597 ], [ 6052857.609570170752704, 2123714.61825705319643 ], [ 6053031.595264716073871, 2123522.654624912887812 ], [ 6053185.927444317378104, 2123314.561769892461598 ], [ 6053319.119805717840791, 2123092.343739941716194 ], [ 6053429.889633668586612, 2122858.140616164542735 ], [ 6053517.170154171064496, 2122614.207902672700584 ], [ 6053580.120808103121817, 2122362.894804843701422 ], [ 6053618.135346253402531, 2122106.621605190914124 ], [ 6053630.847667838446796, 2121847.856354720890522 ], [ 6053618.135346253402531, 2121589.09110425086692 ], [ 6053580.120808103121817, 2121332.817904598079622 ], [ 6053517.170154171064496, 2121081.50480676908046 ], [ 6053429.889633668586612, 2120837.572093277238309 ], [ 6053319.119805717840791, 2120603.36896950006485 ], [ 6053185.927444317378104, 2120381.150939549319446 ], [ 6053031.595264716073871, 2120173.058084528893232 ], [ 6052951.003871349617839, 2120084.139184441417456 ], [ 6052944.997952751815319, 2120071.44073647307232 ], [ 6052901.736591005697846, 2119999.263514903839678 ], [ 6052824.985697255469859, 2119836.987384285777807 ], [ 6052691.793335855007172, 2119614.769354335032403 ] ] ] } },
{ "type": "Feature", "properties": { "parent_sta": "mtc:civic-center-bart", "stop_id": "CIVC_2", "stop_name": "A3 1150 Market Street - UN Plaza Stairs Entrance / Exit", "stop_code": "CIVC_2", "stop_desc": "Pedestrian Access Point", "stop_lat": 37.77976, "stop_lon": -122.41425, "zone_id": "BA:79542", "stop_url": null, "tts_stop_n": null, "platform_c": null, "location_t": "2", "stop_timez": "America/Los_Angeles", "wheelchair": "0", "level_id": "mtc:civic-center-bart-street", "route_info": "{'route_id': None, 'route_type': None}" }, "geometry": { "type": "Polygon", "coordinates": [ [ [ 6010080.636606918647885, 2109657.324979359284043 ], [ 6009872.543751898221672, 2109502.99279975797981 ], [ 6009650.325721947476268, 2109369.800438357051462 ], [ 6009416.122598170302808, 2109259.030610407236964 ], [ 6009172.189884678460658, 2109171.750089903827757 ], [ 6008920.876786849461496, 2109108.799435972236097 ], [ 6008664.603587197139859, 2109070.784897822421044 ], [ 6008405.838336726650596, 2109058.072576236911118 ], [ 6008147.073086256161332, 2109070.784897822421044 ], [ 6007890.799886603839695, 2109108.799435972236097 ], [ 6007639.486788774840534, 2109171.750089903827757 ], [ 6007395.554075282998383, 2109259.030610407236964 ], [ 6007161.350951505824924, 2109369.800438357051462 ], [ 6006939.13292155507952, 2109502.99279975797981 ], [ 6006731.040066534653306, 2109657.324979359284043 ], [ 6006539.076434394344687, 2109831.31067390460521 ], [ 6006365.090739849023521, 2110023.274306044913828 ], [ 6006351.859752430580556, 2110041.114227400161326 ], [ 6006314.272369476035237, 2110082.58551372308284 ], [ 6006159.940189874731004, 2110290.678368743509054 ], [ 6006026.747828474268317, 2110512.896398694254458 ], [ 6005915.978000523522496, 2110747.099522471427917 ], [ 6005828.697480021044612, 2110991.032235963270068 ], [ 6005765.746826088987291, 2111242.34533379226923 ], [ 6005727.732287938706577, 2111498.618533445056528 ], [ 6005715.019966353662312, 2111757.38378391508013 ], [ 6005727.732287938706577, 2112016.149034385103732 ], [ 6005765.746826088987291, 2112272.42223403789103 ], [ 6005828.697480021044612, 2112523.735331866890192 ], [ 6005915.978000523522496, 2112767.668045358732343 ], [ 6006026.491729527711868, 2113001.329693406820297 ], [ 6006046.182758919894695, 2113056.362433856818825 ], [ 6006156.952586870640516, 2113290.565557633992285 ], [ 6006290.144948271103203, 2113512.783587584737688 ], [ 6006444.477127872407436, 2113720.876442605163902 ], [ 6006618.462822417728603, 2113912.840074745472521 ], [ 6006810.426454558037221, 2114086.825769290793687 ], [ 6007018.519309578463435, 2114241.15794889209792 ], [ 6007240.737339529208839, 2114374.350310293026268 ], [ 6007446.624550141394138, 2114471.72770871873945 ], [ 6007635.274790642783046, 2114584.800311408936977 ], [ 6007869.477914419956505, 2114695.570139358751476 ], [ 6008113.410627911798656, 2114782.850659862160683 ], [ 6008364.723725740797818, 2114845.801313793752342 ], [ 6008620.996925393119454, 2114883.815851943567395 ], [ 6008879.762175863608718, 2114896.528173529077321 ], [ 6009138.527426334097981, 2114883.815851943567395 ], [ 6009394.800625986419618, 2114845.801313793752342 ], [ 6009646.11372381541878, 2114782.850659862160683 ], [ 6009890.046437307260931, 2114695.570139358751476 ], [ 6010124.24956108443439, 2114584.800311408936977 ], [ 6010346.467591035179794, 2114451.607950008008629 ], [ 6010349.199389490298927, 2114449.581910191569477 ], [ 6010414.994610480964184, 2114410.145772383082658 ], [ 6010623.087465501390398, 2114255.813592781778425 ], [ 6010815.051097641699016, 2114081.827898236457258 ], [ 6010989.036792187020183, 2113889.86426609614864 ], [ 6011143.368971788324416, 2113681.771411075722426 ], [ 6011276.561333188787103, 2113459.553381124977022 ], [ 6011387.331161139532924, 2113225.350257347803563 ], [ 6011474.611681642010808, 2112981.417543855961412 ], [ 6011537.562335574068129, 2112730.10444602696225 ], [ 6011575.576873724348843, 2112473.831246374174953 ], [ 6011588.289195309393108, 2112215.06599590415135 ], [ 6011575.576873724348843, 2111956.300745434127748 ], [ 6011537.562335574068129, 2111700.02754578134045 ], [ 6011474.611681642010808, 2111448.714447952341288 ], [ 6011387.331161139532924, 2111204.781734460499138 ], [ 6011276.561333188787103, 2110970.578610683325678 ], [ 6011143.368971788324416, 2110748.360580732580274 ], [ 6010989.036792187020183, 2110540.267725712154061 ], [ 6010815.051097641699016, 2110348.304093571845442 ], [ 6010632.114266241900623, 2110182.49981432268396 ], [ 6010549.644225804135203, 2110091.508146608248353 ], [ 6010357.680593663826585, 2109917.522452062927186 ], [ 6010336.501818208955228, 2109901.815201677381992 ], [ 6010272.600239058956504, 2109831.31067390460521 ], [ 6010080.636606918647885, 2109657.324979359284043 ] ] ] } },
{ "type": "Feature", "properties": { "parent_sta": "mtc:daly-city-bart", "stop_id": "DALY_1", "stop_name": "TBD Pedestrian Access Point", "stop_code": "DALY_1", "stop_desc": "Pedestrian Access Point", "stop_lat": 37.70613, "stop_lon": -122.46902, "zone_id": "BA:79542", "stop_url": null, "tts_stop_n": null, "platform_c": null, "location_t": "2", "stop_timez": "America/Los_Angeles", "wheelchair": "0", "level_id": "mtc:daly-city-bart-ground", "route_info": "{'route_id': None, 'route_type': None}" }, "geometry": { "type": "Polygon", "coordinates": [ [ [ 5994124.913850995711982, 2083824.6943879656028 ], [ 5993950.928156450390816, 2083632.730755825061351 ], [ 5993758.964524310082197, 2083458.745061279973015 ], [ 5993550.871669289655983, 2083304.412881678901613 ], [ 5993328.65363933891058, 2083171.220520277973264 ], [ 5993094.45051556173712, 2083060.450692327693105 ], [ 5992850.517802069894969, 2082973.170171824516729 ], [ 5992599.204704240895808, 2082910.219517893157899 ], [ 5992342.931504588574171, 2082872.204979743110016 ], [ 5992084.166254118084908, 2082859.49265815760009 ], [ 5991825.401003647595644, 2082872.204979743110016 ], [ 5991569.127803995274007, 2082910.219517893157899 ], [ 5991317.814706166274846, 2082973.170171824516729 ], [ 5991073.881992674432695, 2083060.450692327693105 ], [ 5990839.678868897259235, 2083171.220520277973264 ], [ 5990617.460838946513832, 2083304.412881678901613 ], [ 5990593.473151851445436, 2083322.203362916829064 ], [ 5990550.181302098557353, 2083348.15149907511659 ], [ 5990342.088447078131139, 2083502.483678676187992 ], [ 5990150.124814937822521, 2083676.469373221276328 ], [ 5989976.139120392501354, 2083868.433005361817777 ], [ 5989821.806940791197121, 2084076.52586038201116 ], [ 5989688.614579390734434, 2084298.743890333222225 ], [ 5989577.844751439988613, 2084532.947014109930024 ], [ 5989490.564230937510729, 2084776.879727602005005 ], [ 5989427.613577005453408, 2085028.192825431236997 ], [ 5989389.599038855172694, 2085284.466025083791465 ], [ 5989376.886717270128429, 2085543.231275553815067 ], [ 5989389.599038855172694, 2085801.996526023838669 ], [ 5989427.613577005453408, 2086058.269725676393136 ], [ 5989490.564230937510729, 2086309.582823505625129 ], [ 5989577.844751439988613, 2086553.51553699770011 ], [ 5989688.614579390734434, 2086787.718660774407908 ], [ 5989821.806940791197121, 2087009.936690725618973 ], [ 5989957.846758680418134, 2087193.365151168312877 ], [ 5989958.019311171025038, 2087193.653037606272846 ], [ 5990112.351490772329271, 2087401.74589262646623 ], [ 5990286.337185317650437, 2087593.709524767007679 ], [ 5990478.300817457959056, 2087767.695219312096015 ], [ 5990686.39367247838527, 2087922.027398913167417 ], [ 5990908.611702429130673, 2088055.219760314095765 ], [ 5991142.814826206304133, 2088165.989588264375925 ], [ 5991386.747539698146284, 2088253.270108767552301 ], [ 5991638.060637527145445, 2088316.22076269891113 ], [ 5991894.333837179467082, 2088354.235300848959014 ], [ 5992153.099087649956346, 2088366.94762243446894 ], [ 5992411.864338120445609, 2088354.235300848959014 ], [ 5992668.137537772767246, 2088316.22076269891113 ], [ 5992919.450635601766407, 2088253.270108767552301 ], [ 5993163.383349093608558, 2088165.989588264375925 ], [ 5993397.586472870782018, 2088055.219760314095765 ], [ 5993619.804502821527421, 2087922.027398913167417 ], [ 5993650.4190275631845, 2087899.322119914460927 ], [ 5993678.145744016394019, 2087882.703365625813603 ], [ 5993886.238599036820233, 2087728.371186024742201 ], [ 5994078.202231177128851, 2087554.385491479653865 ], [ 5994252.187925722450018, 2087362.421859339112416 ], [ 5994406.520105323754251, 2087154.329004318919033 ], [ 5994539.712466724216938, 2086932.110974367707968 ], [ 5994650.482294674962759, 2086697.90785059100017 ], [ 5994737.762815177440643, 2086453.975137098925188 ], [ 5994800.713469109497964, 2086202.662039269693196 ], [ 5994838.728007259778678, 2085946.388839617138728 ], [ 5994851.440328844822943, 2085687.623589147115126 ], [ 5994838.728007259778678, 2085428.858338677091524 ], [ 5994800.713469109497964, 2085172.585139024537057 ], [ 5994737.762815177440643, 2084921.272041195305064 ], [ 5994650.482294674962759, 2084677.339327703230083 ], [ 5994539.712466724216938, 2084443.136203926522285 ], [ 5994406.520105323754251, 2084220.91817397531122 ], [ 5994367.341414170339704, 2084168.091824220027775 ], [ 5994333.472342184744775, 2084111.584691425552592 ], [ 5994296.998373394832015, 2084062.405237607192248 ], [ 5994279.246030597016215, 2084032.787242985796183 ], [ 5994124.913850995711982, 2083824.6943879656028 ] ] ] } },
{ "type": "Feature", "properties": { "parent_sta": "mtc:dublin-pleasanton-bart", "stop_id": "DUBL_1", "stop_name": "Main Entrance / Exit", "stop_code": "DUBL_1", "stop_desc": "Pedestrian Access Point", "stop_lat": 37.70165, "stop_lon": -121.89819, "zone_id": "BA:79542", "stop_url": null, "tts_stop_n": null, "platform_c": null, "location_t": "2", "stop_timez": "America/Los_Angeles", "wheelchair": "0", "level_id": "mtc:dublin/-pleasanton-bart-street", "route_info": "{'route_id': None, 'route_type': None}" }, "geometry": { "type": "Polygon", "coordinates": [ [ [ 6159819.598949257284403, 2080968.607527544954792 ], [ 6159806.886627672240138, 2080709.842277074931189 ], [ 6159768.872089521959424, 2080453.569077422376722 ], [ 6159705.921435589902103, 2080202.25597959314473 ], [ 6159618.640915087424219, 2079958.323266101069748 ], [ 6159507.871087136678398, 2079724.12014232436195 ], [ 6159374.678725736215711, 2079501.902112373150885 ], [ 6159220.346546134911478, 2079293.809257352957502 ], [ 6159046.360851589590311, 2079101.845625212416053 ], [ 6158854.397219449281693, 2078927.859930667327717 ], [ 6158646.304364428855479, 2078773.527751066256315 ], [ 6158424.086334478110075, 2078640.335389665327966 ], [ 6158189.883210700936615, 2078529.565561715047807 ], [ 6157945.950497209094465, 2078442.28504121187143 ], [ 6157694.637399380095303, 2078379.334387280512601 ], [ 6157438.364199727773666, 2078341.319849130464718 ], [ 6157179.598949257284403, 2078328.607527544954792 ], [ 6156920.833698786795139, 2078341.319849130464718 ], [ 6156664.560499134473503, 2078379.334387280512601 ], [ 6156413.247401305474341, 2078442.28504121187143 ], [ 6156169.31468781363219, 2078529.565561715047807 ], [ 6155935.111564036458731, 2078640.335389665327966 ], [ 6155712.893534085713327, 2078773.527751066256315 ], [ 6155504.800679065287113, 2078927.859930667327717 ], [ 6155312.837046924978495, 2079101.845625212416053 ], [ 6155138.851352379657328, 2079293.809257352957502 ], [ 6154984.519172778353095, 2079501.902112373150885 ], [ 6154851.326811377890408, 2079724.12014232436195 ], [ 6154740.556983427144587, 2079958.323266101069748 ], [ 6154653.276462924666703, 2080202.25597959314473 ], [ 6154590.325808992609382, 2080453.569077422376722 ], [ 6154552.311270842328668, 2080709.842277074931189 ], [ 6154539.598949257284403, 2080968.607527544954792 ], [ 6154552.311270842328668, 2081227.372778014978394 ], [ 6154590.325808992609382, 2081483.645977667532861 ], [ 6154653.276462924666703, 2081734.959075496764854 ], [ 6154740.556983427144587, 2081978.891788988839835 ], [ 6154851.326811377890408, 2082213.094912765547633 ], [ 6154984.519172778353095, 2082435.312942716758698 ], [ 6155138.851352379657328, 2082643.405797736952081 ], [ 6155312.837046924978495, 2082835.369429877493531 ], [ 6155504.800679065287113, 2083009.355124422581866 ], [ 6155712.893534085713327, 2083163.687304023653269 ], [ 6155935.111564036458731, 2083296.879665424581617 ], [ 6156169.31468781363219, 2083407.649493374861777 ], [ 6156413.247401305474341, 2083494.930013878038153 ], [ 6156664.560499134473503, 2083557.880667809396982 ], [ 6156920.833698786795139, 2083595.895205959444866 ], [ 6157179.598949257284403, 2083608.607527544954792 ], [ 6157438.364199727773666, 2083595.895205959444866 ], [ 6157694.637399380095303, 2083557.880667809396982 ], [ 6157945.950497209094465, 2083494.930013878038153 ], [ 6158189.883210700936615, 2083407.649493374861777 ], [ 6158424.086334478110075, 2083296.879665424581617 ], [ 6158646.304364428855479, 2083163.687304023653269 ], [ 6158854.397219449281693, 2083009.355124422581866 ], [ 6159046.360851589590311, 2082835.369429877493531 ], [ 6159220.346546134911478, 2082643.405797736952081 ], [ 6159374.678725736215711, 2082435.312942716758698 ], [ 6159507.871087136678398, 2082213.094912765547633 ], [ 6159618.640915087424219, 2081978.891788988839835 ], [ 6159705.921435589902103, 2081734.959075496764854 ], [ 6159768.872089521959424, 2081483.645977667532861 ], [ 6159806.886627672240138, 2081227.372778014978394 ], [ 6159819.598949257284403, 2080968.607527544954792 ] ] ] } },
{ "type": "Feature", "properties": { "parent_sta": "mtc:embarcadero-bart", "stop_id": "EMBR_2", "stop_name": "A1 Market & Drumm Street (NE) Entrance / Exit", "stop_code": "EMBR_2", "stop_desc": "Pedestrian Access Point", "stop_lat": 37.79368, "stop_lon": -122.39603, "zone_id": "BA:79542", "stop_url": null, "tts_stop_n": null, "platform_c": null, "location_t": "2", "stop_timez": "America/Los_Angeles", "wheelchair": "1", "level_id": "mtc:embarcadero-bart-street", "route_info": "{'route_id': None, 'route_type': None}" }, "geometry": { "type": "Polygon", "coordinates": [ [ [ 6015024.099197028204799, 2114382.24009286146611 ], [ 6014816.006342007778585, 2114227.907913260161877 ], [ 6014593.788312057033181, 2114094.715551859233528 ], [ 6014359.585188279859722, 2113983.94572390941903 ], [ 6014115.652474788017571, 2113896.665203406009823 ], [ 6013864.339376959018409, 2113833.714549474418163 ], [ 6013608.066177306696773, 2113795.700011324603111 ], [ 6013349.300926836207509, 2113782.987689739093184 ], [ 6013090.535676365718246, 2113795.700011324603111 ], [ 6012834.262476713396609, 2113833.714549474418163 ], [ 6012582.949378884397447, 2113896.665203406009823 ], [ 6012339.016665392555296, 2113983.94572390941903 ], [ 6012104.813541615381837, 2114094.715551859233528 ], [ 6011882.595511664636433, 2114227.907913260161877 ], [ 6011674.502656644210219, 2114382.24009286146611 ], [ 6011482.539024503901601, 2114556.225787406787276 ], [ 6011308.553329958580434, 2114748.189419547095895 ], [ 6011269.824385212734342, 2114800.409356470219791 ], [ 6011263.511840789578855, 2114807.374175956007093 ], [ 6011109.179661188274622, 2115015.467030976433307 ], [ 6010975.987299787811935, 2115237.685060927178711 ], [ 6010865.217471837066114, 2115471.88818470435217 ], [ 6010777.93695133458823, 2115715.820898196194321 ], [ 6010714.986297402530909, 2115967.133996025193483 ], [ 6010676.971759252250195, 2116223.407195677980781 ], [ 6010664.25943766720593, 2116482.172446148004383 ], [ 6010676.971759252250195, 2116740.937696618027985 ], [ 6010714.986297402530909, 2116997.210896270815283 ], [ 6010777.93695133458823, 2117248.523994099814445 ], [ 6010865.217471837066114, 2117492.456707591656595 ], [ 6010975.987299787811935, 2117726.659831368830055 ], [ 6011109.179661188274622, 2117948.877861319575459 ], [ 6011263.511840789578855, 2118156.970716340001673 ], [ 6011437.497535334900022, 2118348.934348480310291 ], [ 6011629.46116747520864, 2118522.920043025631458 ], [ 6011635.722155943512917, 2118527.56350854318589 ], [ 6011696.817719650454819, 2118594.972075365483761 ], [ 6011888.781351790763438, 2118768.957769910804927 ], [ 6011896.203324483707547, 2118774.462280012667179 ], [ 6011985.685826971195638, 2118873.191007310990244 ], [ 6012177.649459111504257, 2119047.176701856311411 ], [ 6012385.74231413193047, 2119201.508881457615644 ], [ 6012607.960344082675874, 2119334.701242858543992 ], [ 6012842.163467859849334, 2119445.47107080835849 ], [ 6013086.096181351691484, 2119532.751591311767697 ], [ 6013337.409279180690646, 2119595.702245243359357 ], [ 6013593.682478833012283, 2119633.71678339317441 ], [ 6013852.447729303501546, 2119646.429104978684336 ], [ 6014111.21297977399081, 2119633.71678339317441 ], [ 6014367.486179426312447, 2119595.702245243359357 ], [ 6014618.799277255311608, 2119532.751591311767697 ], [ 6014862.731990747153759, 2119445.47107080835849 ], [ 6015096.935114524327219, 2119334.701242858543992 ], [ 6015319.153144475072622, 2119201.508881457615644 ], [ 6015527.245999495498836, 2119047.176701856311411 ], [ 6015578.49631442129612, 2119000.726124011911452 ], [ 6015581.176306911744177, 2118998.73850611736998 ], [ 6015773.139939052052796, 2118824.752811572048813 ], [ 6015947.125633597373962, 2118632.789179431740195 ], [ 6016101.457813198678195, 2118424.696324411313981 ], [ 6016234.650174599140882, 2118202.478294460568577 ], [ 6016345.420002549886703, 2117968.275170683395118 ], [ 6016432.700523052364588, 2117724.342457191552967 ], [ 6016495.651176984421909, 2117473.029359362553805 ], [ 6016533.665715134702623, 2117216.756159709766507 ], [ 6016546.378036719746888, 2116957.990909239742905 ], [ 6016533.665715134702623, 2116699.225658769719303 ], [ 6016495.651176984421909, 2116442.952459116932005 ], [ 6016432.700523052364588, 2116191.639361287932843 ], [ 6016345.420002549886703, 2115947.706647796090692 ], [ 6016234.650174599140882, 2115713.503524018917233 ], [ 6016101.457813198678195, 2115491.285494068171829 ], [ 6015947.125633597373962, 2115283.192639047745615 ], [ 6015773.139939052052796, 2115091.229006907436997 ], [ 6015581.176306911744177, 2114917.24331236211583 ], [ 6015580.133589673787355, 2114916.469980552792549 ], [ 6015496.048635288141668, 2114823.696529871318489 ], [ 6015304.085003147833049, 2114649.710835325997323 ], [ 6015294.041702740825713, 2114642.26221609255299 ], [ 6015216.062829168513417, 2114556.225787406787276 ], [ 6015024.099197028204799, 2114382.24009286146611 ] ] ] } },
{ "type": "Feature", "properties": { "parent_sta": "mtc:great-mall-milpitas-bart", "stop_id": "MLPT_1", "stop_name": "West Station Entrance / Exit", "stop_code": "MLPT_1", "stop_desc": "Pedestrian Access Point", "stop_lat": 37.40996, "stop_lon": -121.89122, "zone_id": "BA:79542", "stop_url": null, "tts_stop_n": null, "platform_c": null, "location_t": "2", "stop_timez": "America/Los_Angeles", "wheelchair": "0", "level_id": "mtc:great-mall/milpitas-bart-street", "route_info": "{'route_id': None, 'route_type': None}" }, "geometry": { "type": "Polygon", "coordinates": [ [ [ 6159418.57141385320574, 1972507.898851381149143 ], [ 6159226.607781712897122, 1972333.913156836060807 ], [ 6159018.514926692470908, 1972179.580977234989405 ], [ 6158796.296896741725504, 1972046.388615834061056 ], [ 6158562.093772964552045, 1971935.618787883780897 ], [ 6158318.161059472709894, 1971848.33826738060452 ], [ 6158066.847961643710732, 1971785.387613449245691 ], [ 6157810.574761991389096, 1971747.373075299197808 ], [ 6157551.809511520899832, 1971734.660753713687882 ], [ 6157293.044261050410569, 1971747.373075299197808 ], [ 6157036.771061398088932, 1971785.387613449245691 ], [ 6156785.45796356908977, 1971848.33826738060452 ], [ 6156541.52525007724762, 1971935.618787883780897 ], [ 6156307.32212630007416, 1972046.388615834061056 ], [ 6156085.104096349328756, 1972179.580977234989405 ], [ 6155877.011241328902543, 1972333.913156836060807 ], [ 6155685.047609188593924, 1972507.898851381149143 ], [ 6155511.061914643272758, 1972699.862483521690592 ], [ 6155356.729735041968524, 1972907.955338541883975 ], [ 6155223.537373641505837, 1973130.17336849309504 ], [ 6155112.767545690760016, 1973364.376492269802839 ], [ 6155025.487025188282132, 1973608.30920576187782 ], [ 6154962.536371256224811, 1973859.622303591109812 ], [ 6154924.521833105944097, 1974115.89550324366428 ], [ 6154911.809511520899832, 1974374.660753713687882 ], [ 6154924.521833105944097, 1974633.426004183711484 ], [ 6154962.536371256224811, 1974889.699203836265951 ], [ 6154975.591708412393928, 1974941.819031337276101 ], [ 6154978.398280264809728, 1974998.948113813763484 ], [ 6155016.412818415090442, 1975255.221313466317952 ], [ 6155042.912475984543562, 1975361.013876675162464 ], [ 6155075.34595298115164, 1975579.662618190050125 ], [ 6155138.296606913208961, 1975830.975716019282117 ], [ 6155225.577127415686846, 1976074.908429511357099 ], [ 6155336.346955366432667, 1976309.111553288064897 ], [ 6155469.539316766895354, 1976531.329583239275962 ], [ 6155623.871496368199587, 1976739.422438259469345 ], [ 6155797.857190913520753, 1976931.386070400010794 ], [ 6155989.820823053829372, 1977105.37176494509913 ], [ 6156197.913678074255586, 1977259.703944546170533 ], [ 6156420.131708025000989, 1977392.896305947098881 ], [ 6156654.334831802174449, 1977503.666133897379041 ], [ 6156898.2675452940166, 1977590.946654400555417 ], [ 6157149.580643123015761, 1977653.897308331914246 ], [ 6157405.853842775337398, 1977691.911846481962129 ], [ 6157664.619093245826662, 1977704.624168067472056 ], [ 6157923.384343716315925, 1977691.911846481962129 ], [ 6158179.657543368637562, 1977653.897308331914246 ], [ 6158430.970641197636724, 1977590.946654400555417 ], [ 6158674.903354689478874, 1977503.666133897379041 ], [ 6158909.106478466652334, 1977392.896305947098881 ], [ 6159131.324508417397738, 1977259.703944546170533 ], [ 6159339.417363437823951, 1977105.37176494509913 ], [ 6159531.38099557813257, 1976931.386070400010794 ], [ 6159705.366690123453736, 1976739.422438259469345 ], [ 6159859.698869724757969, 1976531.329583239275962 ], [ 6159992.891231125220656, 1976309.111553288064897 ], [ 6160103.661059075966477, 1976074.908429511357099 ], [ 6160149.88412909489125, 1975945.723603037884459 ], [ 6160210.980365974828601, 1975816.546463441103697 ], [ 6160298.260886477306485, 1975572.613749949028715 ], [ 6160304.089327330701053, 1975549.345309752272442 ], [ 6160337.574409550987184, 1975455.760774274123833 ], [ 6160400.525063483044505, 1975204.44767644489184 ], [ 6160438.539601633325219, 1974948.174476792337373 ], [ 6160451.251923218369484, 1974689.409226322313771 ], [ 6160438.539601633325219, 1974430.643975852290168 ], [ 6160400.525063483044505, 1974174.370776199735701 ], [ 6160337.574409550987184, 1973923.057678370503709 ], [ 6160250.2938890485093, 1973679.124964878428727 ], [ 6160139.524061097763479, 1973444.921841101720929 ], [ 6160006.331699697300792, 1973222.703811150509864 ], [ 6159851.999520095996559, 1973014.610956130316481 ], [ 6159708.868380597792566, 1972856.690079461084679 ], [ 6159592.557108398526907, 1972699.862483521690592 ], [ 6159418.57141385320574, 1972507.898851381149143 ] ] ] } },
{ "type": "Feature", "properties": { "parent_sta": "mtc:macarthur-bart", "stop_id": "MCAR_1", "stop_name": "Main Entrance / Exit", "stop_code": "MCAR_1", "stop_desc": "Pedestrian Access Point", "stop_lat": 37.82907, "stop_lon": -122.26686, "zone_id": "BA:79542", "stop_url": null, "tts_stop_n": null, "platform_c": null, "location_t": "2", "stop_timez": "America/Los_Angeles", "wheelchair": "0", "level_id": "mtc:macarthur-bart-street", "route_info": "{'route_id': None, 'route_type': None}" }, "geometry": { "type": "Polygon", "coordinates": [ [ [ 6054052.078970406204462, 2129160.101020466070622 ], [ 6054039.366648821160197, 2128901.33576999604702 ], [ 6054001.352110670879483, 2128645.062570343259722 ], [ 6053938.401456738822162, 2128393.74947251426056 ], [ 6053851.120936236344278, 2128149.81675902241841 ], [ 6053740.351108285598457, 2127915.61363524524495 ], [ 6053607.15874688513577, 2127693.395605294499546 ], [ 6053452.826567283831537, 2127485.302750274073333 ], [ 6053278.84087273851037, 2127293.339118133764714 ], [ 6053086.877240598201752, 2127119.353423588443547 ], [ 6052878.784385577775538, 2126965.021243987139314 ], [ 6052656.566355627030134, 2126831.828882586210966 ], [ 6052422.363231849856675, 2126721.059054636396468 ], [ 6052178.430518358014524, 2126633.778534132987261 ], [ 6051927.117420529015362, 2126570.827880201395601 ], [ 6051670.844220876693726, 2126532.813342051580548 ], [ 6051412.078970406204462, 2126520.101020466070622 ], [ 6051153.313719935715199, 2126532.813342051580548 ], [ 6050897.040520283393562, 2126570.827880201395601 ], [ 6050645.7274224543944, 2126633.778534132987261 ], [ 6050401.794708962552249, 2126721.059054636396468 ], [ 6050167.59158518537879, 2126831.828882586210966 ], [ 6049945.373555234633386, 2126965.021243987139314 ], [ 6049737.280700214207172, 2127119.353423588443547 ], [ 6049545.317068073898554, 2127293.339118133764714 ], [ 6049371.331373528577387, 2127485.302750274073333 ], [ 6049216.999193927273154, 2127693.395605294499546 ], [ 6049083.806832526810467, 2127915.61363524524495 ], [ 6048973.037004576064646, 2128149.81675902241841 ], [ 6048885.756484073586762, 2128393.74947251426056 ], [ 6048822.805830141529441, 2128645.062570343259722 ], [ 6048784.791291991248727, 2128901.33576999604702 ], [ 6048772.078970406204462, 2129160.101020466070622 ], [ 6048784.791291991248727, 2129418.866270936094224 ], [ 6048822.805830141529441, 2129675.139470588881522 ], [ 6048885.756484073586762, 2129926.452568417880684 ], [ 6048973.037004576064646, 2130170.385281909722835 ], [ 6049083.806832526810467, 2130404.588405686896294 ], [ 6049216.999193927273154, 2130626.806435637641698 ], [ 6049371.331373528577387, 2130834.899290658067912 ], [ 6049545.317068073898554, 2131026.86292279837653 ], [ 6049737.280700214207172, 2131200.848617343697697 ], [ 6049945.373555234633386, 2131355.18079694500193 ], [ 6050167.59158518537879, 2131488.373158345930278 ], [ 6050401.794708962552249, 2131599.142986295744777 ], [ 6050645.7274224543944, 2131686.423506799153984 ], [ 6050897.040520283393562, 2131749.374160730745643 ], [ 6051153.313719935715199, 2131787.388698880560696 ], [ 6051412.078970406204462, 2131800.101020466070622 ], [ 6051670.844220876693726, 2131787.388698880560696 ], [ 6051927.117420529015362, 2131749.374160730745643 ], [ 6052178.430518358014524, 2131686.423506799153984 ], [ 6052422.363231849856675, 2131599.142986295744777 ], [ 6052656.566355627030134, 2131488.373158345930278 ], [ 6052878.784385577775538, 2131355.18079694500193 ], [ 6053086.877240598201752, 2131200.848617343697697 ], [ 6053278.84087273851037, 2131026.86292279837653 ], [ 6053452.826567283831537, 2130834.899290658067912 ], [ 6053607.15874688513577, 2130626.806435637641698 ], [ 6053740.351108285598457, 2130404.588405686896294 ], [ 6053851.120936236344278, 2130170.385281909722835 ], [ 6053938.401456738822162, 2129926.452568417880684 ], [ 6054001.352110670879483, 2129675.139470588881522 ], [ 6054039.366648821160197, 2129418.866270936094224 ], [ 6054052.078970406204462, 2129160.101020466070622 ] ] ] } },
{ "type": "Feature", "properties": { "parent_sta": "mtc:millbrae-bart", "stop_id": "MLBR_1", "stop_name": "Main Entrance / Exit", "stop_code": "MLBR_1", "stop_desc": "Pedestrian Access Point", "stop_lat": 37.60046, "stop_lon": -122.38645, "zone_id": "BA:79542", "stop_url": null, "tts_stop_n": null, "platform_c": null, "location_t": "2", "stop_timez": "America/Los_Angeles", "wheelchair": "0", "level_id": "mtc:millbrae-bart-east-plaza", "route_info": "{'route_id': None, 'route_type': None}" }, "geometry": { "type": "Polygon", "coordinates": [ [ [ 6017525.323388905264437, 2045354.317058625165373 ], [ 6017414.553560954518616, 2045120.113934848457575 ], [ 6017281.361199554055929, 2044897.89590489724651 ], [ 6017127.029019952751696, 2044689.803049877053127 ], [ 6016953.04332540743053, 2044497.839417736511678 ], [ 6016761.079693267121911, 2044323.853723191423342 ], [ 6016552.986838246695697, 2044169.521543590351939 ], [ 6016330.768808295950294, 2044036.329182189423591 ], [ 6016096.565684518776834, 2043925.559354239143431 ], [ 6015852.632971026934683, 2043838.278833735967055 ], [ 6015601.319873197935522, 2043775.328179804608226 ], [ 6015345.046673545613885, 2043737.313641654560342 ], [ 6015086.281423075124621, 2043724.601320069050416 ], [ 6014827.516172604635358, 2043737.313641654560342 ], [ 6014571.242972952313721, 2043775.328179804608226 ], [ 6014319.929875123314559, 2043838.278833735967055 ], [ 6014075.997161631472409, 2043925.559354239143431 ], [ 6013841.794037854298949, 2044036.329182189423591 ], [ 6013619.576007903553545, 2044169.521543590351939 ], [ 6013411.483152883127332, 2044323.853723191423342 ], [ 6013219.519520742818713, 2044497.839417736511678 ], [ 6013045.533826197497547, 2044689.803049877053127 ], [ 6012985.257961484603584, 2044771.075645192526281 ], [ 6012895.830213038250804, 2044869.743960715830326 ], [ 6012741.498033436946571, 2045077.836815736023709 ], [ 6012608.305672036483884, 2045300.054845687234774 ], [ 6012497.535844085738063, 2045534.257969463942572 ], [ 6012410.255323583260179, 2045778.190682956017554 ], [ 6012347.304669651202857, 2046029.503780785249546 ], [ 6012309.290131500922143, 2046285.776980437804013 ], [ 6012296.577809915877879, 2046544.542230907827616 ], [ 6012309.290131500922143, 2046803.307481377851218 ], [ 6012347.304669651202857, 2047059.580681030405685 ], [ 6012410.255323583260179, 2047310.893778859637678 ], [ 6012497.535844085738063, 2047554.826492351712659 ], [ 6012608.305672036483884, 2047789.029616128420457 ], [ 6012741.498033436946571, 2048011.247646079631522 ], [ 6012895.830213038250804, 2048219.340501099824905 ], [ 6013069.81590758357197, 2048411.304133240366355 ], [ 6013261.779539723880589, 2048585.28982778545469 ], [ 6013469.872394744306803, 2048739.622007386526093 ], [ 6013692.090424695052207, 2048872.814368787454441 ], [ 6013926.293548472225666, 2048983.584196737734601 ], [ 6014170.226261964067817, 2049070.864717240910977 ], [ 6014421.539359793066978, 2049133.815371172269806 ], [ 6014432.778950830921531, 2049135.482607008423656 ], [ 6014435.579019197262824, 2049136.484487490030006 ], [ 6014686.892117026261985, 2049199.435141421388835 ], [ 6014943.165316678583622, 2049237.449679571436718 ], [ 6015201.930567149072886, 2049250.162001156946644 ], [ 6015460.695817619562149, 2049237.449679571436718 ], [ 6015716.969017271883786, 2049199.435141421388835 ], [ 6015968.282115100882947, 2049136.484487490030006 ], [ 6016212.214828592725098, 2049049.203966986853629 ], [ 6016446.417952369898558, 2048938.43413903657347 ], [ 6016668.635982320643961, 2048805.241777635645121 ], [ 6016876.728837341070175, 2048650.909598034573719 ], [ 6017068.692469481378794, 2048476.923903489485383 ], [ 6017242.67816402669996, 2048284.960271348943934 ], [ 6017397.010343628004193, 2048076.867416328750551 ], [ 6017530.20270502846688, 2047854.649386377539486 ], [ 6017640.972532979212701, 2047620.446262600831687 ], [ 6017728.253053481690586, 2047376.513549108756706 ], [ 6017791.203707413747907, 2047125.200451279524714 ], [ 6017829.218245564028621, 2046868.927251626970246 ], [ 6017841.930567149072886, 2046610.162001156946644 ], [ 6017829.218245564028621, 2046351.396750686923042 ], [ 6017791.203707413747907, 2046095.123551034368575 ], [ 6017728.253053481690586, 2045843.810453205136582 ], [ 6017640.972532979212701, 2045599.877739713061601 ], [ 6017530.20270502846688, 2045365.674615936353803 ], [ 6017528.179276175796986, 2045362.298728846479207 ], [ 6017525.323388905264437, 2045354.317058625165373 ] ] ] } },
{ "type": "Feature", "properties": { "parent_sta": "mtc:montgomery-bart", "stop_id": "MONT_4", "stop_name": "B2 Market & 2nd Street (South) Entrance / Exit", "stop_code": "MONT_4", "stop_desc": "Pedestrian Access Point", "stop_lat": 37.78941, "stop_lon": -122.40105, "zone_id": "BA:79542", "stop_url": null, "tts_stop_n": null, "platform_c": null, "location_t": "2", "stop_timez": "America/Los_Angeles", "wheelchair": "1", "level_id": "mtc:montgomery-bart-street", "route_info": "{'route_id': None, 'route_type': None}" }, "geometry": { "type": "Polygon", "coordinates": [ [ [ 6013892.723958689719439, 2113293.837305713444948 ], [ 6013700.76032654941082, 2113119.851611168123782 ], [ 6013492.667471528984606, 2112965.519431566819549 ], [ 6013270.449441578239202, 2112832.3270701658912 ], [ 6013036.246317801065743, 2112721.557242216076702 ], [ 6012792.313604309223592, 2112634.276721712667495 ], [ 6012541.000506480224431, 2112571.326067781075835 ], [ 6012284.727306827902794, 2112533.311529631260782 ], [ 6012025.96205635741353, 2112520.599208045750856 ], [ 6011767.196805886924267, 2112533.311529631260782 ], [ 6011510.92360623460263, 2112571.326067781075835 ], [ 6011259.610508405603468, 2112634.276721712667495 ], [ 6011015.677794913761318, 2112721.557242216076702 ], [ 6010781.474671136587858, 2112832.3270701658912 ], [ 6010559.256641185842454, 2112965.519431566819549 ], [ 6010351.163786165416241, 2113119.851611168123782 ], [ 6010159.200154025107622, 2113293.837305713444948 ], [ 6009985.214459479786456, 2113485.800937853753567 ], [ 6009830.882279878482223, 2113693.89379287417978 ], [ 6009697.689918478019536, 2113916.111822824925184 ], [ 6009586.920090527273715, 2114150.314946602098644 ], [ 6009499.63957002479583, 2114394.247660093940794 ], [ 6009436.688916092738509, 2114645.560757922939956 ], [ 6009398.674377942457795, 2114901.833957575727254 ], [ 6009385.96205635741353, 2115160.599208045750856 ], [ 6009398.674377942457795, 2115419.364458515774459 ], [ 6009405.219223473221064, 2115463.486223161220551 ], [ 6009410.375648530200124, 2115568.447666474152356 ], [ 6009448.390186680480838, 2115824.720866126939654 ], [ 6009511.340840612538159, 2116076.033963955938816 ], [ 6009598.621361115016043, 2116319.966677447780967 ], [ 6009709.391189065761864, 2116554.169801224954426 ], [ 6009842.583550466224551, 2116776.38783117569983 ], [ 6009996.915730067528784, 2116984.480686196126044 ], [ 6010170.901424612849951, 2117176.444318336434662 ], [ 6010197.172838209196925, 2117200.255339675582945 ], [ 6010284.813828462734818, 2117346.475498191546649 ], [ 6010439.146008064039052, 2117554.568353211972862 ], [ 6010613.131702609360218, 2117746.531985352281481 ], [ 6010805.095334749668837, 2117920.517679897602648 ], [ 6011013.18818977009505, 2118074.849859498906881 ], [ 6011235.406219720840454, 2118208.042220899835229 ], [ 6011469.609343498013914, 2118318.812048849649727 ], [ 6011713.542056989856064, 2118406.092569353058934 ], [ 6011964.855154818855226, 2118469.043223284650594 ], [ 6012221.128354471176863, 2118507.057761434465647 ], [ 6012479.893604941666126, 2118519.770083019975573 ], [ 6012738.65885541215539, 2118507.057761434465647 ], [ 6012994.932055064477026, 2118469.043223284650594 ], [ 6013246.245152893476188, 2118406.092569353058934 ], [ 6013490.177866385318339, 2118318.812048849649727 ], [ 6013724.380990162491798, 2118208.042220899835229 ], [ 6013946.599020113237202, 2118074.849859498906881 ], [ 6014154.691875133663416, 2117920.517679897602648 ], [ 6014346.655507273972034, 2117746.531985352281481 ], [ 6014520.641201819293201, 2117554.568353211972862 ], [ 6014674.973381420597434, 2117346.475498191546649 ], [ 6014808.165742821060121, 2117124.257468240801245 ], [ 6014918.935570771805942, 2116890.054344463627785 ], [ 6015006.216091274283826, 2116646.121630971785635 ], [ 6015069.166745206341147, 2116394.808533142786473 ], [ 6015092.814197831787169, 2116235.390356760937721 ], [ 6015116.06715165451169, 2116142.559361467137933 ], [ 6015154.081689804792404, 2115886.286161814350635 ], [ 6015166.794011389836669, 2115627.520911344327033 ], [ 6015154.081689804792404, 2115368.75566087430343 ], [ 6015116.06715165451169, 2115112.482461221516132 ], [ 6015053.116497722454369, 2114861.169363392516971 ], [ 6014965.835977219976485, 2114617.23664990067482 ], [ 6014855.066149269230664, 2114383.03352612350136 ], [ 6014721.873787868767977, 2114160.815496172755957 ], [ 6014567.541608267463744, 2113952.722641152329743 ], [ 6014393.555913722142577, 2113760.759009012021124 ], [ 6014260.862767170183361, 2113640.492951286491007 ], [ 6014237.404203764162958, 2113614.610415092669427 ], [ 6014045.440571623854339, 2113440.624720547348261 ], [ 6013985.416693459264934, 2113396.107978517189622 ], [ 6013892.723958689719439, 2113293.837305713444948 ] ] ] } },
{ "type": "Feature", "properties": { "parent_sta": "mtc:oakland-coliseum-bart", "stop_id": "COLS_5", "stop_name": "Snell St Entrance / Exit", "stop_code": "COLS_5", "stop_desc": "Pedestrian Access Point", "stop_lat": 37.754, "stop_lon": -122.19679, "zone_id": "BA:79542", "stop_url": null, "tts_stop_n": null, "platform_c": null, "location_t": "2", "stop_timez": "America/Los_Angeles", "wheelchair": "1", "level_id": "mtc:oakland-coliseum-bart-ground", "route_info": "{'route_id': None, 'route_type': None}" }, "geometry": { "type": "Polygon", "coordinates": [ [ [ 6072505.673535909503698, 2099192.549611377995461 ], [ 6072283.455505958758295, 2099059.357249977067113 ], [ 6072049.252382181584835, 2098948.587422027252614 ], [ 6071805.319668689742684, 2098861.306901523843408 ], [ 6071554.006570860743523, 2098798.356247592251748 ], [ 6071297.733371208421886, 2098760.341709442436695 ], [ 6071038.968120737932622, 2098747.629387856926769 ], [ 6070780.202870267443359, 2098760.341709442436695 ], [ 6070523.929670615121722, 2098798.356247592251748 ], [ 6070272.616572786122561, 2098861.306901523843408 ], [ 6070028.68385929428041, 2098948.587422027252614 ], [ 6069794.48073551710695, 2099059.357249977067113 ], [ 6069572.262705566361547, 2099192.549611377995461 ], [ 6069364.169850545935333, 2099346.881790979299694 ], [ 6069172.206218405626714, 2099520.867485524620861 ], [ 6068998.220523860305548, 2099712.831117664929479 ], [ 6068843.888344259001315, 2099920.923972685355693 ], [ 6068823.029454237781465, 2099955.724928226321936 ], [ 6068810.087738557718694, 2099973.174811793491244 ], [ 6068676.895377157256007, 2100195.392841744236648 ], [ 6068566.125549206510186, 2100429.595965521410108 ], [ 6068559.586009579710662, 2100447.872754397336394 ], [ 6068543.925634312443435, 2100480.983835951890796 ], [ 6068456.645113809965551, 2100724.916549443732947 ], [ 6068393.69445987790823, 2100976.229647272732109 ], [ 6068355.679921727627516, 2101232.502846925519407 ], [ 6068342.967600142583251, 2101491.268097395543009 ], [ 6068355.679921727627516, 2101750.033347865566611 ], [ 6068393.69445987790823, 2102006.306547518353909 ], [ 6068456.645113809965551, 2102257.619645347353071 ], [ 6068543.925634312443435, 2102501.552358839195222 ], [ 6068654.695462263189256, 2102735.755482616368681 ], [ 6068787.887823663651943, 2102957.973512567114085 ], [ 6068942.220003264956176, 2103166.066367587540299 ], [ 6069116.205697810277343, 2103358.029999727848917 ], [ 6069308.169329950585961, 2103532.015694273170084 ], [ 6069516.262184971012175, 2103686.347873874474317 ], [ 6069738.480214921757579, 2103819.540235275402665 ], [ 6069972.683338698931038, 2103930.310063225217164 ], [ 6070216.616052190773189, 2104017.59058372862637 ], [ 6070298.5078185480088, 2104038.103403348010033 ], [ 6070414.361870495602489, 2104079.556645972654223 ], [ 6070665.67496832460165, 2104142.507299904245883 ], [ 6070921.948167976923287, 2104180.521838054060936 ], [ 6071180.71341844741255, 2104193.234159639570862 ], [ 6071439.478668917901814, 2104180.521838054060936 ], [ 6071695.751868570223451, 2104142.507299904245883 ], [ 6071947.064966399222612, 2104079.556645972654223 ], [ 6072190.997679891064763, 2103992.276125469245017 ], [ 6072425.200803668238223, 2103881.506297519430518 ], [ 6072647.418833618983626, 2103748.31393611850217 ], [ 6072855.51168863940984, 2103593.981756517197937 ], [ 6073047.475320779718459, 2103419.99606197187677 ], [ 6073221.461015325039625, 2103228.032429831568152 ], [ 6073375.793194926343858, 2103019.939574811141938 ], [ 6073508.985556326806545, 2102797.721544860396534 ], [ 6073619.755384277552366, 2102563.518421083223075 ], [ 6073707.035904780030251, 2102319.585707591380924 ], [ 6073769.986558712087572, 2102068.272609762381762 ], [ 6073808.001096862368286, 2101811.999410109594464 ], [ 6073820.71341844741255, 2101553.234159639570862 ], [ 6073808.001096862368286, 2101294.46890916954726 ], [ 6073769.986558712087572, 2101038.195709516759962 ], [ 6073707.035904780030251, 2100786.8826116877608 ], [ 6073686.37462087534368, 2100729.13819153374061 ], [ 6073676.348234673030674, 2100689.110614072997123 ], [ 6073589.06771417055279, 2100445.177900581154972 ], [ 6073478.297886219806969, 2100210.974776803981513 ], [ 6073345.105524819344282, 2099988.756746853236109 ], [ 6073190.773345218040049, 2099780.663891832809895 ], [ 6073016.787650672718883, 2099588.700259692501277 ], [ 6072824.824018532410264, 2099414.71456514718011 ], [ 6072616.73116351198405, 2099260.382385545875877 ], [ 6072514.581680226139724, 2099199.156341476831585 ], [ 6072505.673535909503698, 2099192.549611377995461 ] ] ] } },
{ "type": "Feature", "properties": { "parent_sta": "mtc:powell", "stop_id": "POWL_8", "stop_name": "B1 Market Street & 5th Street Entrance / Exit", "stop_code": "POWL_8", "stop_desc": "Pedestrian Access Point", "stop_lat": 37.78371, "stop_lon": -122.40829, "zone_id": "BA:79542", "stop_url": null, "tts_stop_n": null, "platform_c": null, "location_t": "2", "stop_timez": "America/Los_Angeles", "wheelchair": "0", "level_id": "mtc:powell-street", "route_info": "{'route_id': None, 'route_type': None}" }, "geometry": { "type": "Polygon", "coordinates": [ [ [ 6011703.353562444448471, 2111253.804637971799821 ], [ 6011481.135532493703067, 2111120.612276570871472 ], [ 6011246.932408716529608, 2111009.842448621056974 ], [ 6011002.999695224687457, 2110922.561928117647767 ], [ 6010751.686597395688295, 2110859.611274186056107 ], [ 6010495.413397743366659, 2110821.596736036241055 ], [ 6010236.648147272877395, 2110808.884414450731128 ], [ 6009977.882896802388132, 2110821.596736036241055 ], [ 6009721.609697150066495, 2110859.611274186056107 ], [ 6009470.296599321067333, 2110922.561928117647767 ], [ 6009226.363885829225183, 2111009.842448621056974 ], [ 6008992.160762052051723, 2111120.612276570871472 ], [ 6008769.942732101306319, 2111253.804637971799821 ], [ 6008561.849877080880105, 2111408.136817573104054 ], [ 6008369.886244940571487, 2111582.12251211842522 ], [ 6008195.90055039525032, 2111774.086144258733839 ], [ 6008041.568370793946087, 2111982.178999279160053 ], [ 6007908.3760093934834, 2112204.397029229905456 ], [ 6007797.606181442737579, 2112438.600153007078916 ], [ 6007710.325660940259695, 2112682.532866498921067 ], [ 6007647.375007008202374, 2112933.845964327920228 ], [ 6007609.36046885792166, 2113190.119163980707526 ], [ 6007596.648147272877395, 2113448.884414450731128 ], [ 6007609.36046885792166, 2113707.649664920754731 ], [ 6007647.375007008202374, 2113963.922864573542029 ], [ 6007710.325660940259695, 2114215.23596240254119 ], [ 6007797.606181442737579, 2114459.168675894383341 ], [ 6007908.3760093934834, 2114693.371799671556801 ], [ 6007944.577396898530424, 2114753.770165826193988 ], [ 6007951.416578727774322, 2114772.884398555848747 ], [ 6008062.186406678520143, 2115007.087522333022207 ], [ 6008195.37876807898283, 2115229.305552283767611 ], [ 6008349.710947680287063, 2115437.398407304193825 ], [ 6008523.69664222560823, 2115629.362039444502443 ], [ 6008687.519513741135597, 2115777.842435263097286 ], [ 6008766.365071108564734, 2115884.153362645301968 ], [ 6008940.350765653885901, 2116076.116994785610586 ], [ 6009132.31439779419452, 2116250.102689330931753 ], [ 6009340.407252814620733, 2116404.434868932235986 ], [ 6009562.625282765366137, 2116537.627230333164334 ], [ 6009796.828406542539597, 2116648.397058282978833 ], [ 6009798.304208517074585, 2116648.925108673051 ], [ 6009799.022143605165184, 2116649.355422404594719 ], [ 6010033.225267382338643, 2116760.125250354409218 ], [ 6010277.157980874180794, 2116847.405770857818425 ], [ 6010528.471078703179955, 2116910.356424789410084 ], [ 6010784.744278355501592, 2116948.370962939225137 ], [ 6011043.509528825990856, 2116961.083284524735063 ], [ 6011302.274779296480119, 2116948.370962939225137 ], [ 6011558.547978948801756, 2116910.356424789410084 ], [ 6011809.861076777800918, 2116847.405770857818425 ], [ 6012053.793790269643068, 2116760.125250354409218 ], [ 6012287.996914046816528, 2116649.355422404594719 ], [ 6012510.214943997561932, 2116516.163061003666371 ], [ 6012718.307799017988145, 2116361.830881402362138 ], [ 6012910.271431158296764, 2116187.845186857040972 ], [ 6013084.25712570361793, 2115995.881554716732353 ], [ 6013238.589305304922163, 2115787.788699696306139 ], [ 6013257.446991470642388, 2115756.326551078353077 ], [ 6013280.666807543486357, 2115725.018253404181451 ], [ 6013413.859168943949044, 2115502.800223453436047 ], [ 6013524.628996894694865, 2115268.597099676262587 ], [ 6013611.909517397172749, 2115024.664386184420437 ], [ 6013674.86017132923007, 2114773.351288355421275 ], [ 6013712.874709479510784, 2114517.078088702633977 ], [ 6013725.587031064555049, 2114258.312838232610375 ], [ 6013712.874709479510784, 2113999.547587762586772 ], [ 6013674.86017132923007, 2113743.274388109799474 ], [ 6013611.909517397172749, 2113491.961290280800313 ], [ 6013524.628996894694865, 2113248.028576788958162 ], [ 6013413.859168943949044, 2113013.825453011784703 ], [ 6013280.666807543486357, 2112791.607423061039299 ], [ 6013126.334627942182124, 2112583.514568040613085 ], [ 6012952.348933396860957, 2112391.550935900304466 ], [ 6012783.057318350300193, 2112238.11395986424759 ], [ 6012695.798183155246079, 2112141.838340346701443 ], [ 6012503.83455101493746, 2111967.852645801380277 ], [ 6012459.872022604569793, 2111935.247812590096146 ], [ 6012362.786708293482661, 2111828.130675107706338 ], [ 6012170.823076153174043, 2111654.144980562385172 ], [ 6012164.308067807927728, 2111649.313121064100415 ], [ 6012103.410049605183303, 2111582.12251211842522 ], [ 6011911.446417464874685, 2111408.136817573104054 ], [ 6011703.353562444448471, 2111253.804637971799821 ] ] ] } },
{ "type": "Feature", "properties": { "parent_sta": "mtc:union-city-bart", "stop_id": "UCTY_1", "stop_name": "TBD Pedestrian Access Point", "stop_code": "UCTY_1", "stop_desc": "Pedestrian Access Point", "stop_lat": 37.5906, "stop_lon": -122.01742, "zone_id": "BA:79542", "stop_url": null, "tts_stop_n": null, "platform_c": null, "location_t": "2", "stop_timez": "America/Los_Angeles", "wheelchair": "0", "level_id": "mtc:union-city-bart-street", "route_info": "{'route_id': None, 'route_type': None}" }, "geometry": { "type": "Polygon", "coordinates": [ [ [ 6124380.148236277513206, 2039797.77284438861534 ], [ 6124246.955874877050519, 2039575.554814437404275 ], [ 6124092.623695275746286, 2039367.461959417210892 ], [ 6123918.638000730425119, 2039175.498327276669443 ], [ 6123726.674368590116501, 2039001.512632731581107 ], [ 6123518.581513569690287, 2038847.180453130509704 ], [ 6123296.363483618944883, 2038713.988091729581356 ], [ 6123062.160359841771424, 2038603.218263779301196 ], [ 6122818.227646349929273, 2038515.93774327612482 ], [ 6122566.914548520930111, 2038452.987089344765991 ], [ 6122310.641348868608475, 2038414.972551194718108 ], [ 6122051.876098398119211, 2038402.260229609208182 ], [ 6121793.110847927629948, 2038414.972551194718108 ], [ 6121536.837648275308311, 2038452.987089344765991 ], [ 6121285.524550446309149, 2038515.93774327612482 ], [ 6121041.591836954466999, 2038603.218263779301196 ], [ 6120807.388713177293539, 2038713.988091729581356 ], [ 6120585.170683226548135, 2038847.180453130509704 ], [ 6120575.042595279403031, 2038854.6919550888706 ], [ 6120548.524709456600249, 2038870.586164181353524 ], [ 6120340.431854436174035, 2039024.918343782424927 ], [ 6120148.468222295865417, 2039198.904038327513263 ], [ 6119974.48252775054425, 2039390.867670468054712 ], [ 6119820.150348149240017, 2039598.960525488248095 ], [ 6119686.95798674877733, 2039821.17855543945916 ], [ 6119686.267733232118189, 2039822.63797388295643 ], [ 6119670.986266849562526, 2039848.133560255169868 ], [ 6119560.216438898816705, 2040082.336684031877667 ], [ 6119472.93591839633882, 2040326.269397523952648 ], [ 6119409.985264464281499, 2040577.58249535318464 ], [ 6119371.970726314000785, 2040833.855695005739108 ], [ 6119359.258404728956521, 2041092.62094547576271 ], [ 6119371.970726314000785, 2041351.386195945786312 ], [ 6119409.985264464281499, 2041607.65939559834078 ], [ 6119472.93591839633882, 2041858.972493427572772 ], [ 6119560.216438898816705, 2042102.905206919647753 ], [ 6119670.986266849562526, 2042337.108330696355551 ], [ 6119804.178628250025213, 2042559.326360647566617 ], [ 6119958.510807851329446, 2042767.41921566776 ], [ 6120132.496502396650612, 2042959.382847808301449 ], [ 6120324.460134536959231, 2043133.368542353389785 ], [ 6120532.552989557385445, 2043287.700721954461187 ], [ 6120754.771019508130848, 2043420.893083355389535 ], [ 6120757.311797867529094, 2043422.094782022759318 ], [ 6120874.677437826991081, 2043492.441039421362802 ], [ 6121108.880561604164541, 2043603.210867371642962 ], [ 6121352.813275096006691, 2043690.491387874819338 ], [ 6121604.126372925005853, 2043753.442041806178167 ], [ 6121860.39957257732749, 2043791.456579956226051 ], [ 6122119.164823047816753, 2043804.168901541735977 ], [ 6122377.930073518306017, 2043791.456579956226051 ], [ 6122634.203273170627654, 2043753.442041806178167 ], [ 6122885.516370999626815, 2043690.491387874819338 ], [ 6123129.449084491468966, 2043603.210867371642962 ], [ 6123363.652208268642426, 2043492.441039421362802 ], [ 6123585.870238219387829, 2043359.248678020434454 ], [ 6123793.963093239814043, 2043204.916498419363052 ], [ 6123985.926725380122662, 2043030.930803874274716 ], [ 6124159.912419925443828, 2042838.967171733733267 ], [ 6124314.244599526748061, 2042630.874316713539883 ], [ 6124447.436960927210748, 2042408.656286762328818 ], [ 6124558.206788877956569, 2042174.45316298562102 ], [ 6124645.487309380434453, 2041930.520449493546039 ], [ 6124708.437963312491775, 2041679.207351664314047 ], [ 6124746.452501462772489, 2041422.934152011759579 ], [ 6124759.164823047816753, 2041164.168901541735977 ], [ 6124746.452501462772489, 2040905.403651071712375 ], [ 6124708.437963312491775, 2040649.130451419157907 ], [ 6124645.487309380434453, 2040397.817353589925915 ], [ 6124558.206788877956569, 2040153.884640097850934 ], [ 6124447.436960927210748, 2039919.681516321143135 ], [ 6124401.775768150575459, 2039843.500418566865847 ], [ 6124380.148236277513206, 2039797.77284438861534 ] ] ] } },
{ "type": "Feature", "properties": { "parent_sta": "mtc:warm-springs-south-fremont-bart", "stop_id": "WARM_1", "stop_name": "Main (East) Entrance / Exit", "stop_code": "WARM_1", "stop_desc": "Pedestrian Access Point", "stop_lat": 37.50225, "stop_lon": -121.93843, "zone_id": "BA:79542", "stop_url": null, "tts_stop_n": null, "platform_c": null, "location_t": "2", "stop_timez": "America/Los_Angeles", "wheelchair": "0", "level_id": "mtc:ground", "route_info": "{'route_id': None, 'route_type': None}" }, "geometry": { "type": "Polygon", "coordinates": [ [ [ 6144690.514402244240046, 2005865.261901010526344 ], [ 6144439.201304415240884, 2005802.311247079167515 ], [ 6144182.928104762919247, 2005764.296708929119632 ], [ 6143924.162854292429984, 2005751.584387343609706 ], [ 6143665.39760382194072, 2005764.296708929119632 ], [ 6143580.819983029738069, 2005776.842613833025098 ], [ 6143576.624562793411314, 2005777.04872161266394 ], [ 6143320.351363141089678, 2005815.063259762711823 ], [ 6143069.038265312090516, 2005878.013913694070652 ], [ 6142825.105551820248365, 2005965.294434197247028 ], [ 6142590.902428043074906, 2006076.064262147527188 ], [ 6142368.684398092329502, 2006209.256623548455536 ], [ 6142160.591543071903288, 2006363.588803149526939 ], [ 6141968.62791093159467, 2006537.574497694615275 ], [ 6141794.642216386273503, 2006729.538129835156724 ], [ 6141640.31003678496927, 2006937.630984855350107 ], [ 6141507.117675384506583, 2007159.849014806561172 ], [ 6141396.347847433760762, 2007394.05213858326897 ], [ 6141309.067326931282878, 2007637.984852075343952 ], [ 6141246.116672999225557, 2007889.297949904575944 ], [ 6141208.102134848944843, 2008145.571149557130411 ], [ 6141195.389813263900578, 2008404.336400027154014 ], [ 6141208.102134848944843, 2008663.101650497177616 ], [ 6141246.116672999225557, 2008919.374850149732083 ], [ 6141309.067326931282878, 2009170.687947978964075 ], [ 6141317.065489646978676, 2009193.041315293870866 ], [ 6141321.978402980603278, 2009212.654764751205221 ], [ 6141409.258923483081162, 2009456.587478243280202 ], [ 6141520.028751433826983, 2009690.790602019988 ], [ 6141653.22111283428967, 2009913.008631971199065 ], [ 6141807.553292435593903, 2010121.101486991392449 ], [ 6141981.53898698091507, 2010313.065119131933898 ], [ 6142173.502619121223688, 2010487.050813677022234 ], [ 6142381.595474141649902, 2010641.382993278093636 ], [ 6142603.813504092395306, 2010774.575354679021984 ], [ 6142838.016627869568765, 2010885.345182629302144 ], [ 6143081.949341361410916, 2010972.62570313247852 ], [ 6143333.262439190410078, 2011035.576357063837349 ], [ 6143589.535638842731714, 2011073.590895213885233 ], [ 6143661.343305185437202, 2011077.118579650530592 ], [ 6143908.296961470507085, 2011138.977250321535394 ], [ 6144164.570161122828722, 2011176.991788471583277 ], [ 6144423.335411593317986, 2011189.704110057093203 ], [ 6144682.100662063807249, 2011176.991788471583277 ], [ 6144938.373861716128886, 2011138.977250321535394 ], [ 6145189.686959545128047, 2011076.026596390176564 ], [ 6145433.619673036970198, 2010988.746075887000188 ], [ 6145667.822796814143658, 2010877.976247936720029 ], [ 6145890.040826764889061, 2010744.78388653579168 ], [ 6146098.133681785315275, 2010590.451706934720278 ], [ 6146290.097313925623894, 2010416.466012389631942 ], [ 6146464.08300847094506, 2010224.502380249090493 ], [ 6146618.415188072249293, 2010016.40952522889711 ], [ 6146751.60754947271198, 2009794.191495277686045 ], [ 6146862.377377423457801, 2009559.988371500978246 ], [ 6146949.657897925935686, 2009316.055658008903265 ], [ 6147012.608551857993007, 2009064.742560179671273 ], [ 6147050.623090008273721, 2008808.469360527116805 ], [ 6147063.335411593317986, 2008549.704110057093203 ], [ 6147050.623090008273721, 2008290.938859587069601 ], [ 6147012.608551857993007, 2008034.665659934515134 ], [ 6146949.657897925935686, 2007783.352562105283141 ], [ 6146862.377377423457801, 2007539.41984861320816 ], [ 6146751.60754947271198, 2007305.216724836500362 ], [ 6146618.415188072249293, 2007082.998694885289297 ], [ 6146464.08300847094506, 2006874.905839865095913 ], [ 6146290.097313925623894, 2006682.942207724554464 ], [ 6146098.133681785315275, 2006508.956513179466128 ], [ 6145890.040826764889061, 2006354.624333578394726 ], [ 6145667.822796814143658, 2006221.431972177466378 ], [ 6145433.619673036970198, 2006110.662144227186218 ], [ 6145408.100774565711617, 2006101.531336352461949 ], [ 6145380.114089846611023, 2006088.294620286440477 ], [ 6145136.181376354768872, 2006001.014099783264101 ], [ 6144915.250812893733382, 2005945.673874528612942 ], [ 6144690.514402244240046, 2005865.261901010526344 ] ] ] } }
]
}
