{
"type": "FeatureCollection",
"name": "Caltrain_buffers_halfmile",
"crs": { "type": "name", "properties": { "name": "urn:ogc:def:crs:EPSG::2227" } },
"features": [
{ "type": "Feature", "properties": { "parent_sta": "22nd_street", "stop_id": 0, "stop_name": "22nd Street", "location_t": 2 }, "geometry": { "type": "Polygon", "coordinates": [ [ [ 6017323.97294971998781, 2103589.421548283658922 ], [ 6017285.958411569707096, 2103333.148348630871624 ], [ 6017223.007757637649775, 2103081.835250801872462 ], [ 6017135.72723713517189, 2102837.902537310030311 ], [ 6017024.957409184426069, 2102603.699413532856852 ], [ 6016891.765047783963382, 2102381.481383582111448 ], [ 6016737.432868182659149, 2102173.388528561685234 ], [ 6016563.447173637337983, 2101981.424896421376616 ], [ 6016371.483541497029364, 2101807.439201876055449 ], [ 6016163.39068647660315, 2101653.107022274751216 ], [ 6015941.172656525857747, 2101519.914660873822868 ], [ 6015706.969532748684287, 2101409.144832924008369 ], [ 6015463.036819256842136, 2101321.864312420599163 ], [ 6015211.723721427842975, 2101258.913658489007503 ], [ 6014955.450521775521338, 2101220.89912033919245 ], [ 6014696.685271305032074, 2101208.186798753682524 ], [ 6014437.920020834542811, 2101220.89912033919245 ], [ 6014415.849177216179669, 2101224.17302072327584 ], [ 6014262.102271508425474, 2101231.72612186241895 ], [ 6014005.829071856103837, 2101269.740660012234002 ], [ 6013754.515974027104676, 2101332.691313943825662 ], [ 6013510.583260535262525, 2101419.971834447234869 ], [ 6013276.380136758089066, 2101530.741662397049367 ], [ 6013054.162106807343662, 2101663.934023797977716 ], [ 6012846.069251786917448, 2101818.266203399281949 ], [ 6012654.105619646608829, 2101992.251897944603115 ], [ 6012480.119925101287663, 2102184.215530084911734 ], [ 6012325.78774549998343, 2102392.308385105337948 ], [ 6012192.595384099520743, 2102614.526415056083351 ], [ 6012081.825556148774922, 2102848.729538833256811 ], [ 6011994.545035646297038, 2103092.662252325098962 ], [ 6011931.594381714239717, 2103343.975350154098123 ], [ 6011893.579843563959002, 2103600.248549806885421 ], [ 6011880.867521978914738, 2103859.013800276909024 ], [ 6011893.579843563959002, 2104117.779050746932626 ], [ 6011931.594381714239717, 2104374.052250399719924 ], [ 6011994.545035646297038, 2104625.365348228719085 ], [ 6012081.825556148774922, 2104869.298061720561236 ], [ 6012192.595384099520743, 2105103.501185497734696 ], [ 6012325.78774549998343, 2105325.719215448480099 ], [ 6012480.119925101287663, 2105533.812070468906313 ], [ 6012654.105619646608829, 2105725.775702609214932 ], [ 6012846.069251786917448, 2105899.761397154536098 ], [ 6013054.162106807343662, 2106054.093576755840331 ], [ 6013276.380136758089066, 2106187.28593815676868 ], [ 6013510.583260535262525, 2106298.055766106583178 ], [ 6013754.515974027104676, 2106385.336286609992385 ], [ 6014005.829071856103837, 2106448.286940541584045 ], [ 6014262.102271508425474, 2106486.301478691399097 ], [ 6014520.867521978914738, 2106499.013800276909024 ], [ 6014779.632772449404001, 2106486.301478691399097 ], [ 6014801.703616067767143, 2106483.027578307315707 ], [ 6014955.450521775521338, 2106475.474477168172598 ], [ 6015211.723721427842975, 2106437.459939018357545 ], [ 6015463.036819256842136, 2106374.509285086765885 ], [ 6015706.969532748684287, 2106287.228764583356678 ], [ 6015941.172656525857747, 2106176.45893663354218 ], [ 6016163.39068647660315, 2106043.266575232613832 ], [ 6016371.483541497029364, 2105888.934395631309599 ], [ 6016563.447173637337983, 2105714.948701085988432 ], [ 6016737.432868182659149, 2105522.985068945679814 ], [ 6016891.765047783963382, 2105314.8922139252536 ], [ 6017024.957409184426069, 2105092.674183974508196 ], [ 6017135.72723713517189, 2104858.471060197334737 ], [ 6017223.007757637649775, 2104614.538346705492586 ], [ 6017285.958411569707096, 2104363.225248876493424 ], [ 6017323.97294971998781, 2104106.952049223706126 ], [ 6017336.685271305032074, 2103848.186798753682524 ], [ 6017323.97294971998781, 2103589.421548283658922 ] ] ] } },
{ "type": "Feature", "properties": { "parent_sta": "PS_TAMN", "stop_id": 0, "stop_name": "Tamien Station", "location_t": 2 }, "geometry": { "type": "Polygon", "coordinates": [ [ [ 6160423.986548505723476, 1937090.763940941076726 ], [ 6160201.768518554978073, 1936957.571579540148377 ], [ 6159967.565394777804613, 1936846.801751589868218 ], [ 6159723.632681285962462, 1936759.521231086691841 ], [ 6159472.319583456963301, 1936696.570577155333012 ], [ 6159216.046383804641664, 1936658.556039005285129 ], [ 6158957.2811333341524, 1936645.843717419775203 ], [ 6158698.515882863663137, 1936658.556039005285129 ], [ 6158442.2426832113415, 1936696.570577155333012 ], [ 6158190.929585382342339, 1936759.521231086691841 ], [ 6157946.996871890500188, 1936846.801751589868218 ], [ 6157712.793748113326728, 1936957.571579540148377 ], [ 6157490.575718162581325, 1937090.763940941076726 ], [ 6157282.482863142155111, 1937245.096120542148128 ], [ 6157090.519231001846492, 1937419.081815087236464 ], [ 6156916.533536456525326, 1937611.045447227777913 ], [ 6156762.201356855221093, 1937819.138302247971296 ], [ 6156629.008995454758406, 1938041.356332199182361 ], [ 6156518.239167504012585, 1938275.55945597589016 ], [ 6156430.9586470015347, 1938519.492169467965141 ], [ 6156368.007993069477379, 1938770.805267297197133 ], [ 6156329.993454919196665, 1939027.078466949751601 ], [ 6156317.2811333341524, 1939285.843717419775203 ], [ 6156329.993454919196665, 1939544.608967889798805 ], [ 6156368.007993069477379, 1939800.882167542353272 ], [ 6156430.9586470015347, 1940052.195265371585265 ], [ 6156518.239167504012585, 1940296.127978863660246 ], [ 6156629.008995454758406, 1940530.331102640368044 ], [ 6156762.201356855221093, 1940752.549132591579109 ], [ 6156916.533536456525326, 1940960.641987611772493 ], [ 6157090.519231001846492, 1941152.605619752313942 ], [ 6157282.482863142155111, 1941326.591314297402278 ], [ 6157490.575718162581325, 1941480.92349389847368 ], [ 6157508.255866955034435, 1941491.520567268831655 ], [ 6157515.868700422346592, 1941497.166629368439317 ], [ 6157738.086730373091996, 1941630.358990769367665 ], [ 6157972.289854150265455, 1941741.128818719647825 ], [ 6158216.222567642107606, 1941828.409339222824201 ], [ 6158467.535665471106768, 1941891.35999315418303 ], [ 6158723.808865123428404, 1941929.374531304230914 ], [ 6158982.574115593917668, 1941942.08685288974084 ], [ 6159241.339366064406931, 1941929.374531304230914 ], [ 6159497.612565716728568, 1941891.35999315418303 ], [ 6159748.92566354572773, 1941828.409339222824201 ], [ 6159992.85837703756988, 1941741.128818719647825 ], [ 6160227.06150081474334, 1941630.358990769367665 ], [ 6160449.279530765488744, 1941497.166629368439317 ], [ 6160657.372385785914958, 1941342.834449767367914 ], [ 6160849.336017926223576, 1941168.848755222279578 ], [ 6161023.321712471544743, 1940976.885123081738129 ], [ 6161177.653892072848976, 1940768.792268061544746 ], [ 6161310.846253473311663, 1940546.574238110333681 ], [ 6161421.616081424057484, 1940312.371114333625883 ], [ 6161508.896601926535368, 1940068.438400841550902 ], [ 6161571.847255858592689, 1939817.125303012318909 ], [ 6161609.861794008873403, 1939560.852103359764442 ], [ 6161622.574115593917668, 1939302.08685288974084 ], [ 6161609.861794008873403, 1939043.321602419717237 ], [ 6161571.847255858592689, 1938787.04840276716277 ], [ 6161508.896601926535368, 1938535.735304937930778 ], [ 6161421.616081424057484, 1938291.802591445855796 ], [ 6161310.846253473311663, 1938057.599467669147998 ], [ 6161177.653892072848976, 1937835.381437717936933 ], [ 6161023.321712471544743, 1937627.28858269774355 ], [ 6160849.336017926223576, 1937435.324950557202101 ], [ 6160657.372385785914958, 1937261.339256012113765 ], [ 6160449.279530765488744, 1937107.007076411042362 ], [ 6160431.599381973035634, 1937096.410003040684387 ], [ 6160423.986548505723476, 1937090.763940941076726 ] ] ] } },
{ "type": "Feature", "properties": { "parent_sta": "bayshore", "stop_id": 0, "stop_name": "Bayshore", "location_t": 2 }, "geometry": { "type": "Polygon", "coordinates": [ [ [ 6014221.697459912858903, 2085881.309505866840482 ], [ 6014183.682921762578189, 2085625.036306214286014 ], [ 6014120.732267830520868, 2085373.723208385054022 ], [ 6014033.451747328042984, 2085129.790494892979041 ], [ 6013922.681919377297163, 2084895.587371116271242 ], [ 6013789.489557976834476, 2084673.369341165060177 ], [ 6013635.157378375530243, 2084465.276486144866794 ], [ 6013461.171683830209076, 2084273.312854004325345 ], [ 6013269.208051689900458, 2084099.327159459237009 ], [ 6013061.115196669474244, 2083944.994979858165607 ], [ 6012838.89716671872884, 2083811.802618457237259 ], [ 6012604.694042941555381, 2083701.032790506957099 ], [ 6012360.76132944971323, 2083613.752270003780723 ], [ 6012109.448231620714068, 2083550.801616072421893 ], [ 6011853.175031968392432, 2083512.78707792237401 ], [ 6011594.409781497903168, 2083500.074756336864084 ], [ 6011590.51968749333173, 2083500.265864400658756 ], [ 6011588.906298628076911, 2083500.186603688169271 ], [ 6011330.141048157587647, 2083512.898925273679197 ], [ 6011073.867848505266011, 2083550.91346342372708 ], [ 6010822.554750676266849, 2083613.864117355085909 ], [ 6010578.622037184424698, 2083701.144637858262286 ], [ 6010344.418913407251239, 2083811.914465808542445 ], [ 6010122.200883456505835, 2083945.106827209470794 ], [ 6009914.108028436079621, 2084099.439006810542196 ], [ 6009722.144396295771003, 2084273.424701355630532 ], [ 6009548.158701750449836, 2084465.388333496171981 ], [ 6009393.826522149145603, 2084673.481188516365364 ], [ 6009260.634160748682916, 2084895.699218467576429 ], [ 6009149.864332797937095, 2085129.902342244284227 ], [ 6009062.583812295459211, 2085373.835055736359209 ], [ 6008999.63315836340189, 2085625.148153565591201 ], [ 6008961.618620213121176, 2085881.421353218145669 ], [ 6008948.906298628076911, 2086140.186603688169271 ], [ 6008961.618620213121176, 2086398.951854158192873 ], [ 6008999.63315836340189, 2086655.22505381074734 ], [ 6009062.583812295459211, 2086906.538151639979333 ], [ 6009149.864332797937095, 2087150.470865132054314 ], [ 6009260.634160748682916, 2087384.673988908762112 ], [ 6009393.826522149145603, 2087606.892018859973177 ], [ 6009548.158701750449836, 2087814.98487388016656 ], [ 6009722.144396295771003, 2088006.94850602070801 ], [ 6009914.108028436079621, 2088180.934200565796345 ], [ 6010122.200883456505835, 2088335.266380166867748 ], [ 6010344.418913407251239, 2088468.458741567796096 ], [ 6010578.622037184424698, 2088579.228569518076256 ], [ 6010822.554750676266849, 2088666.509090021252632 ], [ 6011073.867848505266011, 2088729.459743952611461 ], [ 6011330.141048157587647, 2088767.474282102659345 ], [ 6011588.906298628076911, 2088780.186603688169271 ], [ 6011592.796392632648349, 2088779.995495624374598 ], [ 6011594.409781497903168, 2088780.074756336864084 ], [ 6011853.175031968392432, 2088767.362434751354158 ], [ 6012109.448231620714068, 2088729.347896601306275 ], [ 6012360.76132944971323, 2088666.397242669947445 ], [ 6012604.694042941555381, 2088579.116722166771069 ], [ 6012838.89716671872884, 2088468.346894216490909 ], [ 6013061.115196669474244, 2088335.154532815562561 ], [ 6013269.208051689900458, 2088180.822353214491159 ], [ 6013461.171683830209076, 2088006.836658669402823 ], [ 6013635.157378375530243, 2087814.873026528861374 ], [ 6013789.489557976834476, 2087606.780171508667991 ], [ 6013922.681919377297163, 2087384.562141557456926 ], [ 6014033.451747328042984, 2087150.359017780749127 ], [ 6014120.732267830520868, 2086906.426304288674146 ], [ 6014183.682921762578189, 2086655.113206459442154 ], [ 6014221.697459912858903, 2086398.840006806887686 ], [ 6014234.409781497903168, 2086140.074756336864084 ], [ 6014221.697459912858903, 2085881.309505866840482 ] ] ] } },
{ "type": "Feature", "properties": { "parent_sta": "belmont", "stop_id": 0, "stop_name": "Belmont", "location_t": 2 }, "geometry": { "type": "Polygon", "coordinates": [ [ [ 6049333.278545278124511, 2016105.82989984145388 ], [ 6049245.998024775646627, 2015861.897186349378899 ], [ 6049135.228196824900806, 2015627.6940625726711 ], [ 6049002.035835424438119, 2015405.476032621460035 ], [ 6048847.703655823133886, 2015197.383177601266652 ], [ 6048673.717961277812719, 2015005.419545460725203 ], [ 6048481.754329137504101, 2014831.433850915636867 ], [ 6048273.661474117077887, 2014677.101671314565465 ], [ 6048051.443444166332483, 2014543.909309913637117 ], [ 6047817.240320389159024, 2014433.139481963356957 ], [ 6047573.307606897316873, 2014345.858961460180581 ], [ 6047321.994509068317711, 2014282.908307528821751 ], [ 6047065.721309415996075, 2014244.893769378773868 ], [ 6046806.956058945506811, 2014232.181447793263942 ], [ 6046548.190808475017548, 2014244.893769378773868 ], [ 6046291.917608822695911, 2014282.908307528821751 ], [ 6046040.604510993696749, 2014345.858961460180581 ], [ 6045796.671797501854599, 2014433.139481963356957 ], [ 6045562.468673724681139, 2014543.909309913637117 ], [ 6045340.250643773935735, 2014677.101671314565465 ], [ 6045132.157788753509521, 2014831.433850915636867 ], [ 6044940.194156613200903, 2015005.419545460725203 ], [ 6044878.544127911329269, 2015073.439870132599026 ], [ 6044838.389492246322334, 2015103.220577608561143 ], [ 6044646.425860106013715, 2015277.206272153649479 ], [ 6044472.440165560692549, 2015469.169904294190928 ], [ 6044318.107985959388316, 2015677.262759314384311 ], [ 6044184.915624558925629, 2015899.480789265595376 ], [ 6044074.145796608179808, 2016133.683913042303175 ], [ 6043986.865276105701923, 2016377.616626534378156 ], [ 6043923.914622173644602, 2016628.929724363610148 ], [ 6043885.900084023363888, 2016885.202924016164616 ], [ 6043873.187762438319623, 2017143.968174486188218 ], [ 6043885.900084023363888, 2017402.73342495621182 ], [ 6043923.914622173644602, 2017659.006624608766288 ], [ 6043986.865276105701923, 2017910.31972243799828 ], [ 6044074.145796608179808, 2018154.252435930073261 ], [ 6044079.344245431944728, 2018165.243632502155378 ], [ 6044086.970367345027626, 2018186.557215430308133 ], [ 6044197.740195295773447, 2018420.760339207015932 ], [ 6044330.932556696236134, 2018642.978369158226997 ], [ 6044358.065805391408503, 2018679.563319889362901 ], [ 6044395.789386118762195, 2018742.501312007661909 ], [ 6044550.121565720066428, 2018950.594167027855292 ], [ 6044724.107260265387595, 2019142.557799168396741 ], [ 6044916.070892405696213, 2019316.543493713485077 ], [ 6045124.163747426122427, 2019470.875673314556479 ], [ 6045346.381777376867831, 2019604.068034715484828 ], [ 6045580.58490115404129, 2019714.837862665764987 ], [ 6045824.517614645883441, 2019802.118383168941364 ], [ 6046075.830712474882603, 2019865.069037100300193 ], [ 6046332.103912127204239, 2019903.083575250348076 ], [ 6046590.869162597693503, 2019915.795896835858002 ], [ 6046849.634413068182766, 2019903.083575250348076 ], [ 6047105.907612720504403, 2019865.069037100300193 ], [ 6047357.220710549503565, 2019802.118383168941364 ], [ 6047601.153424041345716, 2019714.837862665764987 ], [ 6047835.356547818519175, 2019604.068034715484828 ], [ 6048057.574577769264579, 2019470.875673314556479 ], [ 6048265.667432789690793, 2019316.543493713485077 ], [ 6048457.631064929999411, 2019142.557799168396741 ], [ 6048631.616759475320578, 2018950.594167027855292 ], [ 6048785.948939076624811, 2018742.501312007661909 ], [ 6048919.141300477087498, 2018520.283282056450844 ], [ 6049015.784057529643178, 2018315.949340127175674 ], [ 6049135.228196824900806, 2018116.668833013856784 ], [ 6049245.998024775646627, 2017882.465709237148985 ], [ 6049333.278545278124511, 2017638.532995745074004 ], [ 6049396.229199210181832, 2017387.219897915842012 ], [ 6049434.243737360462546, 2017130.946698263287544 ], [ 6049446.956058945506811, 2016872.181447793263942 ], [ 6049434.243737360462546, 2016613.41619732324034 ], [ 6049396.229199210181832, 2016357.142997670685872 ], [ 6049333.278545278124511, 2016105.82989984145388 ] ] ] } },
{ "type": "Feature", "properties": { "parent_sta": "burlingame", "stop_id": 0, "stop_name": "Burlingame", "location_t": 2 }, "geometry": { "type": "Polygon", "coordinates": [ [ [ 6029606.280268131755292, 2036998.744529658695683 ], [ 6029432.294573586434126, 2036806.780897518154234 ], [ 6029240.330941446125507, 2036632.795202973065898 ], [ 6029032.238086425699294, 2036478.463023371994495 ], [ 6028810.02005647495389, 2036345.270661971066147 ], [ 6028575.81693269778043, 2036234.500834020785987 ], [ 6028331.88421920593828, 2036147.220313517609611 ], [ 6028080.571121376939118, 2036084.269659586250782 ], [ 6027824.297921724617481, 2036046.255121436202899 ], [ 6027565.532671254128218, 2036033.542799850692973 ], [ 6027306.767420783638954, 2036046.255121436202899 ], [ 6027050.494221131317317, 2036084.269659586250782 ], [ 6026799.181123302318156, 2036147.220313517609611 ], [ 6026555.248409810476005, 2036234.500834020785987 ], [ 6026427.843872679397464, 2036294.758692372590303 ], [ 6026286.780061995610595, 2036330.093337503727525 ], [ 6026042.847348503768444, 2036417.373858006903902 ], [ 6025808.644224726594985, 2036528.143685957184061 ], [ 6025586.426194775849581, 2036661.33604735811241 ], [ 6025378.333339755423367, 2036815.668226959183812 ], [ 6025186.369707615114748, 2036989.653921504272148 ], [ 6025012.384013069793582, 2037181.617553644813597 ], [ 6024858.051833468489349, 2037389.71040866500698 ], [ 6024827.160343860276043, 2037441.249745386652648 ], [ 6024747.183348082005978, 2037549.086240863194689 ], [ 6024613.990986681543291, 2037771.304270814405754 ], [ 6024503.22115873079747, 2038005.507394591113552 ], [ 6024415.940638228319585, 2038249.440108083188534 ], [ 6024352.989984296262264, 2038500.753205912420526 ], [ 6024314.97544614598155, 2038757.026405564974993 ], [ 6024302.263124560937285, 2039015.791656034998596 ], [ 6024314.97544614598155, 2039274.556906505022198 ], [ 6024352.989984296262264, 2039530.830106157576665 ], [ 6024415.940638228319585, 2039782.143203986808658 ], [ 6024503.22115873079747, 2040026.075917478883639 ], [ 6024613.990986681543291, 2040260.279041255591437 ], [ 6024747.183348082005978, 2040482.497071206802502 ], [ 6024901.515527683310211, 2040690.589926226995885 ], [ 6025075.501222228631377, 2040882.553558367537335 ], [ 6025267.464854368939996, 2041056.53925291262567 ], [ 6025475.55770938936621, 2041210.871432513697073 ], [ 6025497.098254485055804, 2041223.782338382909074 ], [ 6025538.467126212082803, 2041254.463584698038176 ], [ 6025760.685156162828207, 2041387.655946098966524 ], [ 6025994.888279940001667, 2041498.425774049246684 ], [ 6026238.820993431843817, 2041585.70629455242306 ], [ 6026490.134091260842979, 2041648.656948483781889 ], [ 6026746.407290913164616, 2041686.671486633829772 ], [ 6027005.172541383653879, 2041699.383808219339699 ], [ 6027263.937791854143143, 2041686.671486633829772 ], [ 6027520.210991506464779, 2041648.656948483781889 ], [ 6027771.524089335463941, 2041585.70629455242306 ], [ 6028015.456802827306092, 2041498.425774049246684 ], [ 6028249.659926604479551, 2041387.655946098966524 ], [ 6028471.877956555224955, 2041254.463584698038176 ], [ 6028517.674078721553087, 2041220.498865676112473 ], [ 6028588.992043863981962, 2041177.75252241268754 ], [ 6028645.628787237219512, 2041135.747850751038641 ], [ 6028834.211229795590043, 2041046.55499806930311 ], [ 6029056.429259746335447, 2040913.362636668374762 ], [ 6029264.522114766761661, 2040759.03045706730336 ], [ 6029456.485746907070279, 2040585.044762522215024 ], [ 6029630.471441452391446, 2040393.081130381673574 ], [ 6029784.803621053695679, 2040184.988275361480191 ], [ 6029917.995982454158366, 2039962.770245410269126 ], [ 6030028.765810404904187, 2039728.567121633561328 ], [ 6030116.046330907382071, 2039484.634408141486347 ], [ 6030178.996984839439392, 2039233.321310312254354 ], [ 6030217.011522989720106, 2038977.048110659699887 ], [ 6030229.723844574764371, 2038718.282860189676285 ], [ 6030217.011522989720106, 2038459.517609719652683 ], [ 6030178.996984839439392, 2038203.244410067098215 ], [ 6030116.046330907382071, 2037951.931312237866223 ], [ 6030028.765810404904187, 2037707.998598745791242 ], [ 6029917.995982454158366, 2037473.795474969083443 ], [ 6029903.626066382043064, 2037449.820718410657719 ], [ 6029893.804809133522213, 2037429.055414630100131 ], [ 6029760.612447733059525, 2037206.837384678889066 ], [ 6029606.280268131755292, 2036998.744529658695683 ] ] ] } },
{ "type": "Feature", "properties": { "parent_sta": "california_ave", "stop_id": 0, "stop_name": "California Avenue", "location_t": 2 }, "geometry": { "type": "Polygon", "coordinates": [ [ [ 6087903.954710533842444, 1981805.031868712045252 ], [ 6087816.67419003136456, 1981561.099155219970271 ], [ 6087705.904362080618739, 1981326.896031443262473 ], [ 6087572.712000680156052, 1981104.678001492051408 ], [ 6087418.379821078851819, 1980896.585146471858025 ], [ 6087244.394126533530653, 1980704.621514331316575 ], [ 6087052.430494393222034, 1980530.63581978622824 ], [ 6086844.33763937279582, 1980376.303640185156837 ], [ 6086622.119609422050416, 1980243.111278784228489 ], [ 6086387.916485644876957, 1980132.341450833948329 ], [ 6086143.983772153034806, 1980045.060930330771953 ], [ 6085892.670674324035645, 1979982.110276399413124 ], [ 6085636.397474671714008, 1979944.09573824936524 ], [ 6085377.632224201224744, 1979931.383416663855314 ], [ 6085118.866973730735481, 1979944.09573824936524 ], [ 6084862.593774078413844, 1979982.110276399413124 ], [ 6084611.280676249414682, 1980045.060930330771953 ], [ 6084367.347962757572532, 1980132.341450833948329 ], [ 6084133.144838980399072, 1980243.111278784228489 ], [ 6083910.926809029653668, 1980376.303640185156837 ], [ 6083702.833954009227455, 1980530.63581978622824 ], [ 6083647.611637691035867, 1980580.686409847578034 ], [ 6083603.778787610121071, 1980606.958809124073014 ], [ 6083395.685932589694858, 1980761.290988725144416 ], [ 6083357.442745528183877, 1980795.952593052294105 ], [ 6083256.094975652173162, 1980871.117221944499761 ], [ 6083240.206176828593016, 1980885.517989777494222 ], [ 6083228.984037545509636, 1980893.840895507019013 ], [ 6083037.020405405201018, 1981067.826590052107349 ], [ 6082863.034710859879851, 1981259.790222192648798 ], [ 6082708.702531258575618, 1981467.883077212842181 ], [ 6082575.510169858112931, 1981690.101107164053246 ], [ 6082464.74034190736711, 1981924.304230940761045 ], [ 6082377.459821404889226, 1982168.236944432836026 ], [ 6082314.509167472831905, 1982419.550042262068018 ], [ 6082276.494629322551191, 1982675.823241914622486 ], [ 6082263.782307737506926, 1982934.588492384646088 ], [ 6082276.494629322551191, 1983193.35374285466969 ], [ 6082314.509167472831905, 1983449.626942507224157 ], [ 6082377.459821404889226, 1983700.94004033645615 ], [ 6082464.74034190736711, 1983944.872753828531131 ], [ 6082575.510169858112931, 1984179.075877605238929 ], [ 6082708.702531258575618, 1984401.293907556449994 ], [ 6082863.034710859879851, 1984609.386762576643378 ], [ 6083037.020405405201018, 1984801.350394717184827 ], [ 6083228.984037545509636, 1984975.336089262273163 ], [ 6083437.07689256593585, 1985129.668268863344565 ], [ 6083659.294922516681254, 1985262.860630264272913 ], [ 6083893.498046293854713, 1985373.630458214553073 ], [ 6084137.430759785696864, 1985460.910978717729449 ], [ 6084388.743857614696026, 1985523.861632649088278 ], [ 6084645.017057267017663, 1985561.876170799136162 ], [ 6084903.782307737506926, 1985574.588492384646088 ], [ 6085162.54755820799619, 1985561.876170799136162 ], [ 6085418.820757860317826, 1985523.861632649088278 ], [ 6085670.133855689316988, 1985460.910978717729449 ], [ 6085772.385988740250468, 1985424.324580495711416 ], [ 6085860.660595435649157, 1985402.21294260234572 ], [ 6086104.593308927491307, 1985314.932422099169344 ], [ 6086338.796432704664767, 1985204.162594148889184 ], [ 6086561.014462655410171, 1985070.970232747960836 ], [ 6086769.107317675836384, 1984916.638053146889433 ], [ 6086862.105416393838823, 1984832.349489649990574 ], [ 6086966.627028471790254, 1984754.830978954909369 ], [ 6087158.590660612098873, 1984580.845284409821033 ], [ 6087332.576355157420039, 1984388.881652269279584 ], [ 6087486.908534758724272, 1984180.788797249086201 ], [ 6087571.292030512355268, 1984040.003439968451858 ], [ 6087572.712000680156052, 1984038.088831835659221 ], [ 6087705.904362080618739, 1983815.870801884448156 ], [ 6087816.67419003136456, 1983581.667678107740358 ], [ 6087903.954710533842444, 1983337.734964615665376 ], [ 6087966.905364465899765, 1983086.421866786433384 ], [ 6088004.91990261618048, 1982830.148667133878917 ], [ 6088017.632224201224744, 1982571.383416663855314 ], [ 6088004.91990261618048, 1982312.618166193831712 ], [ 6087966.905364465899765, 1982056.344966541277245 ], [ 6087903.954710533842444, 1981805.031868712045252 ] ] ] } },
{ "type": "Feature", "properties": { "parent_sta": "hayward_park", "stop_id": 0, "stop_name": "Hayward Park", "location_t": 2 }, "geometry": { "type": "Polygon", "coordinates": [ [ [ 6037470.20533437654376, 2026010.317856037523597 ], [ 6037211.440083906054497, 2025997.605534452013671 ], [ 6036952.674833435565233, 2026010.317856037523597 ], [ 6036696.401633783243597, 2026048.332394187571481 ], [ 6036445.088535954244435, 2026111.28304811893031 ], [ 6036201.155822462402284, 2026198.563568622106686 ], [ 6035966.952698685228825, 2026309.333396572386846 ], [ 6035744.734668734483421, 2026442.525757973315194 ], [ 6035536.641813714057207, 2026596.857937574386597 ], [ 6035344.678181573748589, 2026770.843632119474933 ], [ 6035170.692487028427422, 2026962.807264260016382 ], [ 6035016.360307427123189, 2027170.900119280209765 ], [ 6034883.167946026660502, 2027393.11814923142083 ], [ 6034772.398118075914681, 2027627.321273008128628 ], [ 6034711.547728998586535, 2027797.386717614950612 ], [ 6034685.991753938607872, 2027851.420287052169442 ], [ 6034598.711233436129987, 2028095.353000544244424 ], [ 6034572.271641926839948, 2028200.905766598181799 ], [ 6034553.035257454961538, 2028241.57768436614424 ], [ 6034465.754736952483654, 2028485.510397858219221 ], [ 6034402.804083020426333, 2028736.823495687451214 ], [ 6034364.789544870145619, 2028993.096695340005681 ], [ 6034352.077223285101354, 2029251.861945810029283 ], [ 6034364.789544870145619, 2029510.627196280052885 ], [ 6034402.804083020426333, 2029766.900395932607353 ], [ 6034465.754736952483654, 2030018.213493761839345 ], [ 6034553.035257454961538, 2030262.146207253914326 ], [ 6034663.805085405707359, 2030496.349331030622125 ], [ 6034796.997446806170046, 2030718.56736098183319 ], [ 6034951.329626407474279, 2030926.660216002026573 ], [ 6035125.315320952795446, 2031118.623848142568022 ], [ 6035317.278953093104064, 2031292.609542687656358 ], [ 6035525.371808113530278, 2031446.94172228872776 ], [ 6035747.589838064275682, 2031580.134083689656109 ], [ 6035981.792961841449142, 2031690.903911639936268 ], [ 6036225.725675333291292, 2031778.184432143112645 ], [ 6036250.765668787062168, 2031784.456623986363411 ], [ 6036291.124401629902422, 2031798.897209502756596 ], [ 6036542.437499458901584, 2031861.847863434115425 ], [ 6036798.710699111223221, 2031899.862401584163308 ], [ 6037057.475949581712484, 2031912.574723169673234 ], [ 6037316.241200052201748, 2031899.862401584163308 ], [ 6037572.514399704523385, 2031861.847863434115425 ], [ 6037823.827497533522546, 2031798.897209502756596 ], [ 6038067.760211025364697, 2031711.616688999580219 ], [ 6038301.963334802538157, 2031600.84686104930006 ], [ 6038524.18136475328356, 2031467.654499648371711 ], [ 6038732.274219773709774, 2031313.322320047300309 ], [ 6038924.237851914018393, 2031139.336625502211973 ], [ 6039098.223546459339559, 2030947.372993361670524 ], [ 6039252.555726060643792, 2030739.280138341477141 ], [ 6039385.748087461106479, 2030517.062108390266076 ], [ 6039496.5179154118523, 2030282.858984613558277 ], [ 6039583.798435914330184, 2030038.926271121483296 ], [ 6039599.780291113071144, 2029975.123128687264398 ], [ 6039613.664535974152386, 2029945.767359360819682 ], [ 6039638.788694972172379, 2029875.55003889487125 ], [ 6039639.752141510136425, 2029873.513002339052036 ], [ 6039727.03266201261431, 2029629.580288846977055 ], [ 6039730.473703719675541, 2029615.842880302341655 ], [ 6039752.123668172396719, 2029555.335283125983551 ], [ 6039752.642595327459276, 2029553.263609794666991 ], [ 6039779.922282374463975, 2029477.021992006106302 ], [ 6039842.872936306521297, 2029225.70889417687431 ], [ 6039843.924085934646428, 2029218.622618986293674 ], [ 6039855.856623670086265, 2029170.985258039552718 ], [ 6039893.871161820366979, 2028914.712058386998251 ], [ 6039906.583483405411243, 2028655.946807916974649 ], [ 6039893.871161820366979, 2028397.181557446951047 ], [ 6039855.856623670086265, 2028140.908357794396579 ], [ 6039792.905969738028944, 2027889.595259965164587 ], [ 6039705.625449235551059, 2027645.662546473089606 ], [ 6039594.855621284805238, 2027411.459422696381807 ], [ 6039461.663259884342551, 2027189.241392745170742 ], [ 6039307.331080283038318, 2026981.148537724977359 ], [ 6039133.345385737717152, 2026789.18490558443591 ], [ 6038941.381753597408533, 2026615.199211039347574 ], [ 6038733.288898576982319, 2026460.867031438276172 ], [ 6038511.070868626236916, 2026327.674670037347823 ], [ 6038276.867744849063456, 2026216.904842087067664 ], [ 6038032.935031357221305, 2026129.624321583891287 ], [ 6038019.98901563603431, 2026126.381513459375128 ], [ 6037977.791631857864559, 2026111.28304811893031 ], [ 6037726.478534028865397, 2026048.332394187571481 ], [ 6037470.20533437654376, 2026010.317856037523597 ] ] ] } },
{ "type": "Feature", "properties": { "parent_sta": "hillsdale", "stop_id": 0, "stop_name": "Hillsdale", "location_t": 2 }, "geometry": { "type": "Polygon", "coordinates": [ [ [ 6040461.635688227601349, 2021950.637241445481777 ], [ 6040210.322590398602188, 2021887.686587514122948 ], [ 6039954.049390746280551, 2021849.672049364075065 ], [ 6039695.284140275791287, 2021836.959727778565139 ], [ 6039436.518889805302024, 2021849.672049364075065 ], [ 6039180.245690152980387, 2021887.686587514122948 ], [ 6038928.932592323981225, 2021950.637241445481777 ], [ 6038684.999878832139075, 2022037.917761948658153 ], [ 6038450.796755054965615, 2022148.687589898938313 ], [ 6038228.578725104220212, 2022281.879951299866661 ], [ 6038020.485870083793998, 2022436.212130900938064 ], [ 6037828.522237943485379, 2022610.1978254460264 ], [ 6037654.536543398164213, 2022802.161457586567849 ], [ 6037500.20436379685998, 2023010.254312606761232 ], [ 6037482.289148935116827, 2023040.144042850239202 ], [ 6037452.361057263799012, 2023080.497403097338974 ], [ 6037319.168695863336325, 2023302.71543304855004 ], [ 6037296.526348701678216, 2023350.588653879240155 ], [ 6037189.968796141445637, 2023494.264881309820339 ], [ 6037182.414512937888503, 2023506.868441405938938 ], [ 6037148.387269309721887, 2023552.748868244234473 ], [ 6037015.1949079092592, 2023774.966898195445538 ], [ 6036904.425079958513379, 2024009.170021972153336 ], [ 6036817.144559456035495, 2024253.102735464228317 ], [ 6036754.193905523978174, 2024504.41583329346031 ], [ 6036716.17936737369746, 2024760.689032946014777 ], [ 6036703.467045788653195, 2025019.454283416038379 ], [ 6036716.17936737369746, 2025278.219533886061981 ], [ 6036754.193905523978174, 2025534.492733538616449 ], [ 6036817.144559456035495, 2025785.805831367848441 ], [ 6036904.425079958513379, 2026029.738544859923422 ], [ 6037015.1949079092592, 2026263.941668636631221 ], [ 6037148.387269309721887, 2026486.159698587842286 ], [ 6037302.71944891102612, 2026694.252553608035669 ], [ 6037476.705143456347287, 2026886.216185748577118 ], [ 6037668.668775596655905, 2027060.201880293665454 ], [ 6037876.761630617082119, 2027214.534059894736856 ], [ 6037877.778651765547693, 2027215.143638912122697 ], [ 6037883.357803119346499, 2027219.281419561477378 ], [ 6038105.575833070091903, 2027352.473780962405726 ], [ 6038339.778956847265363, 2027463.243608912685886 ], [ 6038583.711670339107513, 2027550.524129415862262 ], [ 6038835.024768168106675, 2027613.474783347221091 ], [ 6039091.297967820428312, 2027651.489321497268975 ], [ 6039350.063218290917575, 2027664.201643082778901 ], [ 6039608.828468761406839, 2027651.489321497268975 ], [ 6039865.101668413728476, 2027613.474783347221091 ], [ 6040116.414766242727637, 2027550.524129415862262 ], [ 6040360.347479734569788, 2027463.243608912685886 ], [ 6040594.550603511743248, 2027352.473780962405726 ], [ 6040816.768633462488651, 2027219.281419561477378 ], [ 6041024.861488482914865, 2027064.949239960405976 ], [ 6041216.825120623223484, 2026890.96354541531764 ], [ 6041390.81081516854465, 2026698.999913274776191 ], [ 6041545.142994769848883, 2026490.907058254582807 ], [ 6041555.322630943730474, 2026473.92336134891957 ], [ 6041587.429126918315887, 2026430.632762918248773 ], [ 6041720.621488318778574, 2026208.414732967037708 ], [ 6041738.792965365573764, 2026169.99437277787365 ], [ 6041851.296474498696625, 2026018.300950992386788 ], [ 6041871.66274846624583, 2025984.321875684894621 ], [ 6041898.709218328818679, 2025947.853932663798332 ], [ 6042031.901579729281366, 2025725.635902712587267 ], [ 6042142.671407680027187, 2025491.432778935879469 ], [ 6042229.951928182505071, 2025247.500065443804488 ], [ 6042292.902582114562392, 2024996.186967614572495 ], [ 6042330.917120264843106, 2024739.913767962018028 ], [ 6042343.629441849887371, 2024481.148517491994426 ], [ 6042330.917120264843106, 2024222.383267021970823 ], [ 6042292.902582114562392, 2023966.110067369416356 ], [ 6042229.951928182505071, 2023714.796969540184364 ], [ 6042142.671407680027187, 2023470.864256048109382 ], [ 6042031.901579729281366, 2023236.661132271401584 ], [ 6041898.709218328818679, 2023014.443102320190519 ], [ 6041744.377038727514446, 2022806.350247299997136 ], [ 6041570.391344182193279, 2022614.386615159455687 ], [ 6041378.427712041884661, 2022440.400920614367351 ], [ 6041170.334857021458447, 2022286.068741013295949 ], [ 6040948.116827070713043, 2022152.8763796123676 ], [ 6040941.683968326076865, 2022149.833864017855376 ], [ 6040939.77152549661696, 2022148.687589898938313 ], [ 6040705.5684017194435, 2022037.917761948658153 ], [ 6040461.635688227601349, 2021950.637241445481777 ] ] ] } },
{ "type": "Feature", "properties": { "parent_sta": "lawrence", "stop_id": 0, "stop_name": "Lawrence", "location_t": 2 }, "geometry": { "type": "Polygon", "coordinates": [ [ [ 6126479.429488484747708, 1958201.969396548345685 ], [ 6126411.984150235541165, 1958211.973967402474955 ], [ 6126403.186602019704878, 1958212.406163231935352 ], [ 6126146.913402367383242, 1958250.420701381983235 ], [ 6125895.60030453838408, 1958313.371355313342065 ], [ 6125731.882817360572517, 1958371.95040890481323 ], [ 6125581.389493645168841, 1958409.647024091333151 ], [ 6125337.45678015332669, 1958496.927544594509527 ], [ 6125103.253656376153231, 1958607.697372544789687 ], [ 6124881.035626425407827, 1958740.889733945718035 ], [ 6124672.942771404981613, 1958895.221913546789438 ], [ 6124480.979139264672995, 1959069.207608091877773 ], [ 6124306.993444719351828, 1959261.171240232419223 ], [ 6124152.661265118047595, 1959469.264095252612606 ], [ 6124019.468903717584908, 1959691.482125203823671 ], [ 6123908.699075766839087, 1959925.685248980531469 ], [ 6123821.418555264361203, 1960169.61796247260645 ], [ 6123758.467901332303882, 1960420.931060301838443 ], [ 6123720.453363182023168, 1960677.20425995439291 ], [ 6123707.741041596978903, 1960935.969510424416512 ], [ 6123720.453363182023168, 1961194.734760894440114 ], [ 6123758.467901332303882, 1961451.007960546994582 ], [ 6123821.418555264361203, 1961702.321058376226574 ], [ 6123908.699075766839087, 1961946.253771868301556 ], [ 6124019.468903717584908, 1962180.456895645009354 ], [ 6124152.661265118047595, 1962402.674925596220419 ], [ 6124306.993444719351828, 1962610.767780616413802 ], [ 6124480.979139264672995, 1962802.731412756955251 ], [ 6124672.942771404981613, 1962976.717107302043587 ], [ 6124881.035626425407827, 1963131.049286903114989 ], [ 6125103.253656376153231, 1963264.241648304043338 ], [ 6125337.45678015332669, 1963375.011476254323497 ], [ 6125581.389493645168841, 1963462.291996757499874 ], [ 6125832.702591474168003, 1963525.242650688858703 ], [ 6126088.975791126489639, 1963563.257188838906586 ], [ 6126347.741041596978903, 1963575.969510424416512 ], [ 6126348.383518557995558, 1963575.937947555212304 ], [ 6126425.651814076118171, 1963579.733895501121879 ], [ 6126684.417064546607435, 1963567.021573915611953 ], [ 6126702.916554728522897, 1963564.277433770475909 ], [ 6126866.377328932285309, 1963556.247120873071253 ], [ 6126935.695820577442646, 1963559.652519998373464 ], [ 6127194.46107104793191, 1963546.940198412863538 ], [ 6127203.754339783452451, 1963545.561672217445448 ], [ 6127238.027683763764799, 1963543.877930796705186 ], [ 6127494.300883416086435, 1963505.863392646657303 ], [ 6127745.613981245085597, 1963442.912738715298474 ], [ 6127989.546694736927748, 1963355.632218212122098 ], [ 6128027.883021066896617, 1963337.500486221164465 ], [ 6128053.281705162487924, 1963328.412691737757996 ], [ 6128287.484828939661384, 1963217.642863787477836 ], [ 6128509.702858890406787, 1963084.450502386549488 ], [ 6128717.795713910833001, 1962930.118322785478085 ], [ 6128909.75934605114162, 1962756.132628240389749 ], [ 6129083.745040596462786, 1962564.1689960998483 ], [ 6129238.077220197767019, 1962356.076141079654917 ], [ 6129371.269581598229706, 1962133.858111128443852 ], [ 6129482.039409548975527, 1961899.654987351736054 ], [ 6129569.319930051453412, 1961655.722273859661072 ], [ 6129632.270583983510733, 1961404.40917603042908 ], [ 6129670.285122133791447, 1961148.135976377874613 ], [ 6129670.87116305436939, 1961136.206839391961694 ], [ 6129681.776069493964314, 1961062.691931644221768 ], [ 6129694.488391079008579, 1960803.926681174198166 ], [ 6129681.776069493964314, 1960545.161430704174563 ], [ 6129643.7615313436836, 1960288.888231051620096 ], [ 6129580.810877411626279, 1960037.575133222388104 ], [ 6129493.530356909148395, 1959793.642419730313122 ], [ 6129382.760528958402574, 1959559.439295953605324 ], [ 6129249.568167557939887, 1959337.221266002394259 ], [ 6129095.235987956635654, 1959129.128410982200876 ], [ 6128921.250293411314487, 1958937.164778841659427 ], [ 6128729.286661271005869, 1958763.179084296571091 ], [ 6128521.193806250579655, 1958608.846904695499688 ], [ 6128298.975776299834251, 1958475.65454329457134 ], [ 6128064.772652522660792, 1958364.88471534429118 ], [ 6127820.839939030818641, 1958277.604194841114804 ], [ 6127569.526841201819479, 1958214.653540909755975 ], [ 6127313.253641549497843, 1958176.639002759708092 ], [ 6127054.488391079008579, 1958163.926681174198166 ], [ 6126795.723140608519316, 1958176.639002759708092 ], [ 6126793.648192820139229, 1958176.946792189031839 ], [ 6126639.093661890365183, 1958184.539569411193952 ], [ 6126542.469202770851552, 1958198.872453975025564 ], [ 6126479.429488484747708, 1958201.969396548345685 ] ] ] } },
{ "type": "Feature", "properties": { "parent_sta": "menlo_park", "stop_id": 0, "stop_name": "Menlo Park", "location_t": 2 }, "geometry": { "type": "Polygon", "coordinates": [ [ [ 6072018.592693055048585, 1990126.871627991553396 ], [ 6071796.374663104303181, 1990260.063989392481744 ], [ 6071588.281808083876967, 1990414.396168993553147 ], [ 6071396.318175943568349, 1990588.381863538641483 ], [ 6071222.332481398247182, 1990780.345495679182932 ], [ 6071214.472205687314272, 1990790.943850592244416 ], [ 6071203.700353521853685, 1990800.70688830758445 ], [ 6071029.714658976532519, 1990992.670520448125899 ], [ 6070875.382479375228286, 1991200.763375468319282 ], [ 6070742.190117974765599, 1991422.981405419530347 ], [ 6070631.420290024019778, 1991657.184529196238145 ], [ 6070544.139769521541893, 1991901.117242688313127 ], [ 6070481.189115589484572, 1992152.430340517545119 ], [ 6070443.174577439203858, 1992408.703540170099586 ], [ 6070430.462255854159594, 1992667.468790640123188 ], [ 6070443.174577439203858, 1992926.234041110146791 ], [ 6070481.189115589484572, 1993182.507240762701258 ], [ 6070544.139769521541893, 1993433.82033859193325 ], [ 6070631.420290024019778, 1993677.753052084008232 ], [ 6070742.190117974765599, 1993911.95617586071603 ], [ 6070875.382479375228286, 1994134.174205811927095 ], [ 6071029.714658976532519, 1994342.267060832120478 ], [ 6071052.293853811919689, 1994367.179363321978599 ], [ 6071063.347841977141798, 1994382.083940984215587 ], [ 6071237.333536522462964, 1994574.047573124757037 ], [ 6071429.297168662771583, 1994748.033267669845372 ], [ 6071637.390023683197796, 1994902.365447270916775 ], [ 6071859.6080536339432, 1995035.557808671845123 ], [ 6072093.81117741111666, 1995146.327636622125283 ], [ 6072337.74389090295881, 1995233.608157125301659 ], [ 6072589.056988731957972, 1995296.558811056660488 ], [ 6072845.330188384279609, 1995334.573349206708372 ], [ 6073104.095438854768872, 1995347.285670792218298 ], [ 6073362.860689325258136, 1995334.573349206708372 ], [ 6073619.133888977579772, 1995296.558811056660488 ], [ 6073870.446986806578934, 1995233.608157125301659 ], [ 6074114.379700298421085, 1995146.327636622125283 ], [ 6074348.582824075594544, 1995035.557808671845123 ], [ 6074570.800854026339948, 1994902.365447270916775 ], [ 6074609.273361390456557, 1994873.832291168160737 ], [ 6074654.269429077394307, 1994846.862686089938506 ], [ 6074862.36228409782052, 1994692.530506488867104 ], [ 6074915.798220796510577, 1994644.098996537970379 ], [ 6074935.499724749475718, 1994629.487365368986502 ], [ 6075127.463356889784336, 1994455.501670823898166 ], [ 6075145.698190007358789, 1994435.382632843218744 ], [ 6075291.84364228323102, 1994326.993778327479959 ], [ 6075483.807274423539639, 1994153.008083782391623 ], [ 6075657.792968968860805, 1993961.044451641850173 ], [ 6075664.589441670104861, 1993951.880469041876495 ], [ 6075670.958483821712434, 1993944.85331391938962 ], [ 6075825.290663423016667, 1993736.760458899196237 ], [ 6075958.483024823479354, 1993514.542428947985172 ], [ 6076069.252852774225175, 1993280.339305171277374 ], [ 6076156.53337327670306, 1993036.406591679202393 ], [ 6076219.484027208760381, 1992785.0934938499704 ], [ 6076257.498565359041095, 1992528.820294197415933 ], [ 6076270.21088694408536, 1992270.055043727392331 ], [ 6076257.498565359041095, 1992011.289793257368729 ], [ 6076219.484027208760381, 1991755.016593604814261 ], [ 6076156.53337327670306, 1991503.703495775582269 ], [ 6076069.252852774225175, 1991259.770782283507288 ], [ 6075958.483024823479354, 1991025.567658506799489 ], [ 6075825.290663423016667, 1990803.349628555588424 ], [ 6075670.958483821712434, 1990595.256773535395041 ], [ 6075653.628888260573149, 1990576.13651128532365 ], [ 6075642.881823500618339, 1990561.645771928597242 ], [ 6075468.896128955297172, 1990369.682139788055792 ], [ 6075276.932496814988554, 1990195.696445242967457 ], [ 6075068.83964179456234, 1990041.364265641896054 ], [ 6074846.621611843816936, 1989908.171904240967706 ], [ 6074612.418488066643476, 1989797.402076290687546 ], [ 6074368.485774574801326, 1989710.12155578751117 ], [ 6074117.172676745802164, 1989647.170901856152341 ], [ 6073860.899477093480527, 1989609.156363706104457 ], [ 6073602.134226622991264, 1989596.444042120594531 ], [ 6073343.368976152502, 1989609.156363706104457 ], [ 6073087.095776500180364, 1989647.170901856152341 ], [ 6072835.782678671181202, 1989710.12155578751117 ], [ 6072591.849965179339051, 1989797.402076290687546 ], [ 6072357.646841402165592, 1989908.171904240967706 ], [ 6072135.428811451420188, 1990041.364265641896054 ], [ 6072022.851231501437724, 1990124.857489309506491 ], [ 6072018.592693055048585, 1990126.871627991553396 ] ] ] } },
{ "type": "Feature", "properties": { "parent_sta": "mtc:caltrain-4th-&-king", "stop_id": 0, "stop_name": "Caltrain 4th & King", "location_t": 2 }, "geometry": { "type": "Polygon", "coordinates": [ [ [ 6016725.92128580622375, 2110163.014883320778608 ], [ 6016662.970631874166429, 2109911.701785491779447 ], [ 6016575.690111371688545, 2109667.769072 ], [ 6016464.920283420942724, 2109433.565948222763836 ], [ 6016331.727922020480037, 2109211.347918272018433 ], [ 6016177.395742419175804, 2109003.255063251592219 ], [ 6016003.410047873854637, 2108811.2914311112836 ], [ 6015811.446415733546019, 2108637.305736565962434 ], [ 6015603.353560713119805, 2108482.973556964658201 ], [ 6015381.135530762374401, 2108349.781195563729852 ], [ 6015146.932406985200942, 2108239.011367613915354 ], [ 6014902.999693493358791, 2108151.730847110506147 ], [ 6014651.686595664359629, 2108088.780193178914487 ], [ 6014395.413396012037992, 2108050.765655029099435 ], [ 6014136.648145541548729, 2108038.053333443589509 ], [ 6013877.882895071059465, 2108050.765655029099435 ], [ 6013621.609695418737829, 2108088.780193178914487 ], [ 6013370.296597589738667, 2108151.730847110506147 ], [ 6013126.363884097896516, 2108239.011367613915354 ], [ 6012892.160760320723057, 2108349.781195563729852 ], [ 6012669.942730369977653, 2108482.973556964658201 ], [ 6012461.849875349551439, 2108637.305736565962434 ], [ 6012269.886243209242821, 2108811.2914311112836 ], [ 6012171.153977346606553, 2108920.225699609611183 ], [ 6012121.383627163246274, 2108965.334915599320084 ], [ 6011947.397932617925107, 2109157.298547739628702 ], [ 6011793.065753016620874, 2109365.391402760054916 ], [ 6011659.873391616158187, 2109587.60943271080032 ], [ 6011549.103563665412366, 2109821.812556487973779 ], [ 6011461.823043162934482, 2110065.74526997981593 ], [ 6011398.872389230877161, 2110317.058367808815092 ], [ 6011360.857851080596447, 2110573.33156746160239 ], [ 6011348.145529495552182, 2110832.096817931625992 ], [ 6011360.857851080596447, 2111090.862068401649594 ], [ 6011398.872389230877161, 2111347.135268054436892 ], [ 6011461.823043162934482, 2111598.448365883436054 ], [ 6011549.103563665412366, 2111842.381079375278205 ], [ 6011659.873391616158187, 2112076.584203152451664 ], [ 6011793.065753016620874, 2112298.802233103197068 ], [ 6011947.397932617925107, 2112506.895088123623282 ], [ 6012121.383627163246274, 2112698.8587202639319 ], [ 6012163.195908825844526, 2112736.755163379013538 ], [ 6012173.834879539906979, 2112748.493458678945899 ], [ 6012365.798511680215597, 2112922.479153224267066 ], [ 6012573.891366700641811, 2113076.811332825571299 ], [ 6012796.109396651387215, 2113210.003694226499647 ], [ 6013030.312520428560674, 2113320.773522176314145 ], [ 6013274.245233920402825, 2113408.054042679723352 ], [ 6013525.558331749401987, 2113471.004696611315012 ], [ 6013781.831531401723623, 2113509.019234761130065 ], [ 6014040.596781872212887, 2113521.731556346639991 ], [ 6014299.36203234270215, 2113509.019234761130065 ], [ 6014555.635231995023787, 2113471.004696611315012 ], [ 6014806.948329824022949, 2113408.054042679723352 ], [ 6015050.881043315865099, 2113320.773522176314145 ], [ 6015285.084167093038559, 2113210.003694226499647 ], [ 6015507.302197043783963, 2113076.811332825571299 ], [ 6015715.395052064210176, 2112922.479153224267066 ], [ 6015907.358684204518795, 2112748.493458678945899 ], [ 6015912.996892304159701, 2112742.272654673550278 ], [ 6015959.615376148372889, 2112700.020123817026615 ], [ 6016133.601070693694055, 2112508.056491676717997 ], [ 6016143.699237637221813, 2112494.440689741633832 ], [ 6016178.797601073980331, 2112455.715613262262195 ], [ 6016333.129780675284564, 2112247.622758241835982 ], [ 6016466.322142075747252, 2112025.404728291090578 ], [ 6016577.091970026493073, 2111791.201604513917118 ], [ 6016664.372490528970957, 2111547.268891022074968 ], [ 6016727.323144461028278, 2111295.955793193075806 ], [ 6016765.337682611308992, 2111039.682593540288508 ], [ 6016778.050004196353257, 2110780.917343070264906 ], [ 6016774.822382494807243, 2110715.21759402519092 ], [ 6016776.648145541548729, 2110678.053333443589509 ], [ 6016763.935823956504464, 2110419.288082973565906 ], [ 6016725.92128580622375, 2110163.014883320778608 ] ] ] } },
{ "type": "Feature", "properties": { "parent_sta": "mtc:millbrae-bart", "stop_id": 0, "stop_name": "Millbrae BART", "location_t": 2 }, "geometry": { "type": "Polygon", "coordinates": [ [ [ 6017790.262369609437883, 2045347.723797390703112 ], [ 6017702.981849106959999, 2045103.791083898628131 ], [ 6017592.212021156214178, 2044869.587960121920332 ], [ 6017459.019659755751491, 2044647.369930170709267 ], [ 6017304.687480154447258, 2044439.277075150515884 ], [ 6017130.701785609126091, 2044247.313443009974435 ], [ 6016938.738153468817472, 2044073.327748464886099 ], [ 6016730.645298448391259, 2043918.995568863814697 ], [ 6016508.427268497645855, 2043785.803207462886348 ], [ 6016274.224144720472395, 2043675.033379512606189 ], [ 6016030.291431228630245, 2043587.752859009429812 ], [ 6015778.978333399631083, 2043524.802205078070983 ], [ 6015522.705133747309446, 2043486.7876669280231 ], [ 6015263.939883276820183, 2043474.075345342513174 ], [ 6015005.174632806330919, 2043486.7876669280231 ], [ 6014748.901433154009283, 2043524.802205078070983 ], [ 6014497.588335325010121, 2043587.752859009429812 ], [ 6014253.65562183316797, 2043675.033379512606189 ], [ 6014019.452498055994511, 2043785.803207462886348 ], [ 6013797.234468105249107, 2043918.995568863814697 ], [ 6013589.141613084822893, 2044073.327748464886099 ], [ 6013397.177980944514275, 2044247.313443009974435 ], [ 6013223.192286399193108, 2044439.277075150515884 ], [ 6013136.388133178465068, 2044556.318926810985431 ], [ 6013102.799374274909496, 2044593.378411356825382 ], [ 6012948.467194673605263, 2044801.471266377018765 ], [ 6012934.496936819516122, 2044824.779233482200652 ], [ 6012892.046142496168613, 2044871.616467353189364 ], [ 6012737.71396289486438, 2045079.709322373382747 ], [ 6012604.521601494401693, 2045301.927352324593812 ], [ 6012493.751773543655872, 2045536.13047610130161 ], [ 6012406.471253041177988, 2045780.063189593376592 ], [ 6012343.520599109120667, 2046031.376287422608584 ], [ 6012305.506060958839953, 2046287.649487075163051 ], [ 6012292.793739373795688, 2046546.414737545186654 ], [ 6012305.506060958839953, 2046805.179988015210256 ], [ 6012343.520599109120667, 2047061.453187667764723 ], [ 6012406.471253041177988, 2047312.766285496996716 ], [ 6012493.751773543655872, 2047556.698998989071697 ], [ 6012604.521601494401693, 2047790.902122765779495 ], [ 6012737.71396289486438, 2048013.12015271699056 ], [ 6012892.046142496168613, 2048221.213007737183943 ], [ 6013066.03183704148978, 2048413.176639877725393 ], [ 6013257.995469181798398, 2048587.162334422813728 ], [ 6013466.088324202224612, 2048741.494514023885131 ], [ 6013688.306354152970016, 2048874.686875424813479 ], [ 6013922.509477930143476, 2048985.456703375093639 ], [ 6014166.442191421985626, 2049072.737223878270015 ], [ 6014417.755289250984788, 2049135.687877809628844 ], [ 6014602.241220123134553, 2049163.053780552465469 ], [ 6014661.056644584052265, 2049177.786277438048273 ], [ 6014917.329844236373901, 2049215.800815588096157 ], [ 6015176.095094706863165, 2049228.513137173606083 ], [ 6015434.860345177352428, 2049215.800815588096157 ], [ 6015691.133544829674065, 2049177.786277438048273 ], [ 6015942.446642658673227, 2049114.835623506689444 ], [ 6016186.379356150515378, 2049027.555103003513068 ], [ 6016420.582479927688837, 2048916.785275053232908 ], [ 6016642.800509878434241, 2048783.59291365230456 ], [ 6016850.893364898860455, 2048629.260734051233158 ], [ 6017042.856997039169073, 2048455.275039506144822 ], [ 6017216.84269158449024, 2048263.311407365603372 ], [ 6017371.174871185794473, 2048055.218552345409989 ], [ 6017504.36723258625716, 2047833.000522394198924 ], [ 6017615.137060537002981, 2047598.797398617491126 ], [ 6017702.417581039480865, 2047354.864685125416145 ], [ 6017765.368234971538186, 2047103.551587296184152 ], [ 6017803.3827731218189, 2046847.278387643629685 ], [ 6017804.558034059591591, 2046823.355401671957225 ], [ 6017853.213023541495204, 2046629.113795465091243 ], [ 6017891.227561691775918, 2046372.840595812536776 ], [ 6017903.939883276820183, 2046114.075345342513174 ], [ 6017891.227561691775918, 2045855.310094872489572 ], [ 6017853.213023541495204, 2045599.036895219935104 ], [ 6017790.262369609437883, 2045347.723797390703112 ] ] ] } },
{ "type": "Feature", "properties": { "parent_sta": "mtc:mountain-view-station", "stop_id": 0, "stop_name": "Mountain View Station", "location_t": 2 }, "geometry": { "type": "Polygon", "coordinates": [ [ [ 6106437.953233467414975, 1968253.045276532648131 ], [ 6106283.621053866110742, 1968044.952421512454748 ], [ 6106109.635359320789576, 1967852.988789371913299 ], [ 6105917.671727180480957, 1967679.003094826824963 ], [ 6105709.578872160054743, 1967524.670915225753561 ], [ 6105487.36084220930934, 1967391.478553824825212 ], [ 6105253.15771843213588, 1967280.708725874545053 ], [ 6105009.225004940293729, 1967193.428205371368676 ], [ 6104757.911907111294568, 1967130.477551440009847 ], [ 6104501.638707458972931, 1967092.463013289961964 ], [ 6104242.873456988483667, 1967079.750691704452038 ], [ 6103984.108206517994404, 1967092.463013289961964 ], [ 6103727.835006865672767, 1967130.477551440009847 ], [ 6103476.521909036673605, 1967193.428205371368676 ], [ 6103232.589195544831455, 1967280.708725874545053 ], [ 6102998.386071767657995, 1967391.478553824825212 ], [ 6102981.393531534820795, 1967401.6634904849343 ], [ 6102923.815918019972742, 1967428.895673557417467 ], [ 6102838.744459205307066, 1967479.885543686104938 ], [ 6102619.417792920954525, 1967583.619331252062693 ], [ 6102566.990611419081688, 1967615.042974542360753 ], [ 6102455.922821225598454, 1967667.57412703987211 ], [ 6102233.704791274853051, 1967800.766488440800458 ], [ 6102218.473015577532351, 1967812.063143207225949 ], [ 6102188.776044298894703, 1967829.862822792027146 ], [ 6101980.68318927846849, 1967984.195002393098548 ], [ 6101788.719557138159871, 1968158.180696938186884 ], [ 6101614.733862592838705, 1968350.144329078728333 ], [ 6101460.401682991534472, 1968558.237184098921716 ], [ 6101327.209321591071784, 1968780.455214050132781 ], [ 6101216.439493640325963, 1969014.65833782684058 ], [ 6101129.158973137848079, 1969258.591051318915561 ], [ 6101066.208319205790758, 1969509.904149148147553 ], [ 6101053.6489078104496, 1969594.572823309106752 ], [ 6101047.957721536047757, 1969617.29331251163967 ], [ 6101009.943183385767043, 1969873.566512164194137 ], [ 6100997.230861800722778, 1970132.331762634217739 ], [ 6101009.943183385767043, 1970391.097013104241341 ], [ 6101047.957721536047757, 1970647.370212756795809 ], [ 6101110.908375468105078, 1970898.683310586027801 ], [ 6101198.188895970582962, 1971142.616024078102782 ], [ 6101308.958723921328783, 1971376.819147854810581 ], [ 6101442.15108532179147, 1971599.037177806021646 ], [ 6101596.483264923095703, 1971807.130032826215029 ], [ 6101770.46895946841687, 1971999.093664966756478 ], [ 6101962.432591608725488, 1972173.079359511844814 ], [ 6102170.525446629151702, 1972327.411539112916216 ], [ 6102392.743476579897106, 1972460.603900513844565 ], [ 6102626.946600357070565, 1972571.373728464124724 ], [ 6102870.879313848912716, 1972658.6542489673011 ], [ 6103122.192411677911878, 1972721.60490289865993 ], [ 6103378.465611330233514, 1972759.619441048707813 ], [ 6103637.230861800722778, 1972772.331762634217739 ], [ 6103895.996112271212041, 1972759.619441048707813 ], [ 6104152.269311923533678, 1972721.60490289865993 ], [ 6104403.58240975253284, 1972658.6542489673011 ], [ 6104647.51512324437499, 1972571.373728464124724 ], [ 6104881.71824702154845, 1972460.603900513844565 ], [ 6105103.936276972293854, 1972327.411539112916216 ], [ 6105267.053841431625187, 1972206.435308325104415 ], [ 6105276.123915900476277, 1972203.189983787480742 ], [ 6105510.327039677649736, 1972092.420155837200582 ], [ 6105732.54506962839514, 1971959.227794436272234 ], [ 6105940.637924648821354, 1971804.895614835200831 ], [ 6106132.601556789129972, 1971630.909920290112495 ], [ 6106306.587251334451139, 1971438.946288149571046 ], [ 6106460.919430935755372, 1971230.853433129377663 ], [ 6106594.111792336218059, 1971008.635403178166598 ], [ 6106704.88162028696388, 1970774.4322794014588 ], [ 6106792.162140789441764, 1970530.499565909383819 ], [ 6106855.112794721499085, 1970279.186468080151826 ], [ 6106893.127332871779799, 1970022.913268427597359 ], [ 6106905.839654456824064, 1969764.148017957573757 ], [ 6106893.127332871779799, 1969505.382767487550154 ], [ 6106855.112794721499085, 1969249.109567834995687 ], [ 6106792.162140789441764, 1968997.796470005763695 ], [ 6106704.88162028696388, 1968753.863756513688713 ], [ 6106594.111792336218059, 1968519.660632736980915 ], [ 6106584.781443589366972, 1968504.093886300455779 ], [ 6106571.145594867877662, 1968475.263306483859196 ], [ 6106437.953233467414975, 1968253.045276532648131 ] ] ] } },
{ "type": "Feature", "properties": { "parent_sta": "mtc:palo-alto-station", "stop_id": 0, "stop_name": "Palo Alto Station", "location_t": 2 }, "geometry": { "type": "Polygon", "coordinates": [ [ [ 6076740.533332709223032, 1986071.004926635185257 ], [ 6076532.440477688796818, 1986225.337106236256659 ], [ 6076340.4768455484882, 1986399.322800781344995 ], [ 6076166.491151003167033, 1986591.286432921886444 ], [ 6076012.1589714018628, 1986799.379287942079827 ], [ 6075878.966610001400113, 1987021.597317893290892 ], [ 6075768.196782050654292, 1987255.80044166999869 ], [ 6075680.916261548176408, 1987499.733155162073672 ], [ 6075617.965607616119087, 1987751.046252991305664 ], [ 6075608.433455187827349, 1987815.306804909836501 ], [ 6075571.518310288898647, 1987962.680324353976175 ], [ 6075533.503772138617933, 1988218.953524006530643 ], [ 6075520.791450553573668, 1988477.718774476554245 ], [ 6075533.503772138617933, 1988736.484024946577847 ], [ 6075571.518310288898647, 1988992.757224599132314 ], [ 6075634.468964220955968, 1989244.070322428364307 ], [ 6075721.749484723433852, 1989488.003035920439288 ], [ 6075832.519312674179673, 1989722.206159697147086 ], [ 6075965.71167407464236, 1989944.424189648358151 ], [ 6076120.043853675946593, 1990152.517044668551534 ], [ 6076294.02954822126776, 1990344.480676809092984 ], [ 6076485.993180361576378, 1990518.466371354181319 ], [ 6076694.086035382002592, 1990672.798550955252722 ], [ 6076916.304065332747996, 1990805.99091235618107 ], [ 6077150.507189109921455, 1990916.76074030646123 ], [ 6077394.439902601763606, 1991004.041260809637606 ], [ 6077645.753000430762768, 1991066.991914740996435 ], [ 6077902.026200083084404, 1991105.006452891044319 ], [ 6078160.791450553573668, 1991117.718774476554245 ], [ 6078419.556701024062932, 1991105.006452891044319 ], [ 6078675.829900676384568, 1991066.991914740996435 ], [ 6078927.14299850538373, 1991004.041260809637606 ], [ 6079171.075711997225881, 1990916.76074030646123 ], [ 6079405.27883577439934, 1990805.99091235618107 ], [ 6079436.532039034180343, 1990787.258463218575343 ], [ 6079527.621369229629636, 1990744.176418576622382 ], [ 6079749.83939918037504, 1990610.984057175694034 ], [ 6079957.932254200801253, 1990456.651877574622631 ], [ 6080149.895886341109872, 1990282.666183029534295 ], [ 6080263.928470751270652, 1990156.850614439696074 ], [ 6080344.20956929307431, 1990097.310093850828707 ], [ 6080353.145907551050186, 1990089.210668969666585 ], [ 6080371.677901308052242, 1990075.466405675979331 ], [ 6080563.64153344836086, 1989901.480711130890995 ], [ 6080737.627227993682027, 1989709.517078990349546 ], [ 6080891.95940759498626, 1989501.424223970156163 ], [ 6081025.151768995448947, 1989279.206194018945098 ], [ 6081135.921596946194768, 1989045.0030702422373 ], [ 6081223.202117448672652, 1988801.070356750162318 ], [ 6081286.152771380729973, 1988549.757258920930326 ], [ 6081324.167309531010687, 1988293.484059268375859 ], [ 6081325.974322847090662, 1988256.701458213850856 ], [ 6081336.689266675151885, 1988184.467174370773137 ], [ 6081349.401588260196149, 1987925.701923900749534 ], [ 6081336.689266675151885, 1987666.936673430725932 ], [ 6081298.674728524871171, 1987410.663473778171465 ], [ 6081235.724074592813849, 1987159.350375948939472 ], [ 6081148.443554090335965, 1986915.417662456864491 ], [ 6081037.673726139590144, 1986681.214538680156693 ], [ 6080904.481364739127457, 1986458.996508728945628 ], [ 6080750.149185137823224, 1986250.903653708752245 ], [ 6080576.163490592502058, 1986058.940021568210796 ], [ 6080384.199858452193439, 1985884.95432702312246 ], [ 6080176.107003431767225, 1985730.622147422051057 ], [ 6079953.888973481021821, 1985597.429786021122709 ], [ 6079719.685849703848362, 1985486.659958070842549 ], [ 6079475.753136212006211, 1985399.379437567666173 ], [ 6079224.44003838300705, 1985336.428783636307344 ], [ 6078968.166838730685413, 1985298.41424548625946 ], [ 6078709.401588260196149, 1985285.701923900749534 ], [ 6078450.636337789706886, 1985298.41424548625946 ], [ 6078194.363138137385249, 1985336.428783636307344 ], [ 6077943.050040308386087, 1985399.379437567666173 ], [ 6077699.117326816543937, 1985486.659958070842549 ], [ 6077464.914203039370477, 1985597.429786021122709 ], [ 6077411.643933973275125, 1985629.358756550122052 ], [ 6077363.195540289394557, 1985652.273140211356804 ], [ 6077140.977510338649154, 1985785.465501612285152 ], [ 6076932.88465531822294, 1985939.797681213356555 ], [ 6076881.035004588775337, 1985986.791465366724879 ], [ 6076740.533332709223032, 1986071.004926635185257 ] ] ] } },
{ "type": "Feature", "properties": { "parent_sta": "mtc:san-jose-diridon-station", "stop_id": 0, "stop_name": "San Jose Diridon Station", "location_t": 2 }, "geometry": { "type": "Polygon", "coordinates": [ [ [ 6154798.981967813335359, 1943012.649890963220969 ], [ 6154564.7788440361619, 1942901.880063012940809 ], [ 6154320.846130544319749, 1942814.599542509764433 ], [ 6154069.533032715320587, 1942751.648888578405604 ], [ 6153813.25983306299895, 1942713.63435042835772 ], [ 6153554.494582592509687, 1942700.922028842847794 ], [ 6153295.729332122020423, 1942713.63435042835772 ], [ 6153039.456132469698787, 1942751.648888578405604 ], [ 6152788.143034640699625, 1942814.599542509764433 ], [ 6152544.210321148857474, 1942901.880063012940809 ], [ 6152310.007197371684015, 1943012.649890963220969 ], [ 6152087.789167420938611, 1943145.842252364149317 ], [ 6151879.696312400512397, 1943300.17443196522072 ], [ 6151687.732680260203779, 1943474.160126510309055 ], [ 6151513.746985714882612, 1943666.123758650850505 ], [ 6151359.414806113578379, 1943874.216613671043888 ], [ 6151226.222444713115692, 1944096.434643622254953 ], [ 6151115.452616762369871, 1944330.637767398962751 ], [ 6151028.172096259891987, 1944574.570480891037732 ], [ 6150965.221442327834666, 1944825.883578720269725 ], [ 6150927.206904177553952, 1945082.156778372824192 ], [ 6150914.494582592509687, 1945340.922028842847794 ], [ 6150927.206904177553952, 1945599.687279312871397 ], [ 6150965.221442327834666, 1945855.960478965425864 ], [ 6151028.172096259891987, 1946107.273576794657856 ], [ 6151115.452616762369871, 1946351.206290286732838 ], [ 6151226.222444713115692, 1946585.409414063440636 ], [ 6151359.414806113578379, 1946807.627444014651701 ], [ 6151513.746985714882612, 1947015.720299034845084 ], [ 6151651.12404362205416, 1947167.29252500156872 ], [ 6151661.681713138706982, 1947184.906932436395437 ], [ 6151816.013892740011215, 1947392.99978745658882 ], [ 6151989.999587285332382, 1947584.963419597130269 ], [ 6152181.963219425641, 1947758.949114142218605 ], [ 6152390.056074446067214, 1947913.281293743290007 ], [ 6152612.274104396812618, 1948046.473655144218355 ], [ 6152846.477228173986077, 1948157.243483094498515 ], [ 6153090.409941665828228, 1948244.524003597674891 ], [ 6153341.72303949482739, 1948307.47465752903372 ], [ 6153597.996239147149026, 1948345.489195679081604 ], [ 6153856.76148961763829, 1948358.20151726459153 ], [ 6154115.526740088127553, 1948345.489195679081604 ], [ 6154371.79993974044919, 1948307.47465752903372 ], [ 6154623.113037569448352, 1948244.524003597674891 ], [ 6154867.045751061290503, 1948157.243483094498515 ], [ 6155101.248874838463962, 1948046.473655144218355 ], [ 6155323.466904789209366, 1947913.281293743290007 ], [ 6155531.55975980963558, 1947758.949114142218605 ], [ 6155723.523391949944198, 1947584.963419597130269 ], [ 6155769.075495981611311, 1947534.704417761648074 ], [ 6155784.917395033873618, 1947520.34615740342997 ], [ 6155958.903089579194784, 1947328.382525262888521 ], [ 6156113.235269180499017, 1947120.289670242695138 ], [ 6156246.427630580961704, 1946898.071640291484073 ], [ 6156357.197458531707525, 1946663.868516514776275 ], [ 6156444.47797903418541, 1946419.935803022701293 ], [ 6156507.428632966242731, 1946168.622705193469301 ], [ 6156545.443171116523445, 1945912.349505540914834 ], [ 6156558.155492701567709, 1945653.584255070891231 ], [ 6156545.443171116523445, 1945394.819004600867629 ], [ 6156507.428632966242731, 1945138.545804948313162 ], [ 6156444.47797903418541, 1944887.232707119081169 ], [ 6156418.649457113817334, 1944815.046824160730466 ], [ 6156414.015606131404638, 1944796.547454058658332 ], [ 6156326.735085628926754, 1944552.61474056658335 ], [ 6156215.965257678180933, 1944318.411616789875552 ], [ 6156082.772896277718246, 1944096.193586838664487 ], [ 6155928.440716676414013, 1943888.100731818471104 ], [ 6155754.455022131092846, 1943696.137099677929655 ], [ 6155562.491389990784228, 1943522.151405132841319 ], [ 6155354.398534970358014, 1943367.819225531769916 ], [ 6155177.697434106841683, 1943261.908661517780274 ], [ 6155021.199997764080763, 1943145.842252364149317 ], [ 6154798.981967813335359, 1943012.649890963220969 ] ] ] } },
{ "type": "Feature", "properties": { "parent_sta": "mtc:santa-clara-caltrain", "stop_id": 0, "stop_name": "Santa Clara Caltrain", "location_t": 2 }, "geometry": { "type": "Polygon", "coordinates": [ [ [ 6146549.820825325325131, 1953320.666462791385129 ], [ 6146439.05099737457931, 1953086.463339014677331 ], [ 6146305.858635974116623, 1952864.245309063466266 ], [ 6146151.52645637281239, 1952656.152454043272883 ], [ 6145977.540761827491224, 1952464.188821902731434 ], [ 6145785.577129687182605, 1952290.203127357643098 ], [ 6145577.484274666756392, 1952135.870947756571695 ], [ 6145355.266244716010988, 1952002.678586355643347 ], [ 6145121.063120938837528, 1951891.908758405363187 ], [ 6144877.130407446995378, 1951804.628237902186811 ], [ 6144625.817309617996216, 1951741.677583970827982 ], [ 6144369.544109965674579, 1951703.663045820780098 ], [ 6144110.778859495185316, 1951690.950724235270172 ], [ 6143852.013609024696052, 1951703.663045820780098 ], [ 6143595.740409372374415, 1951741.677583970827982 ], [ 6143344.427311543375254, 1951804.628237902186811 ], [ 6143100.494598051533103, 1951891.908758405363187 ], [ 6142866.291474274359643, 1952002.678586355643347 ], [ 6142644.07344432361424, 1952135.870947756571695 ], [ 6142435.980589303188026, 1952290.203127357643098 ], [ 6142244.016957162879407, 1952464.188821902731434 ], [ 6142070.031262617558241, 1952656.152454043272883 ], [ 6141915.699083016254008, 1952864.245309063466266 ], [ 6141782.506721615791321, 1953086.463339014677331 ], [ 6141671.7368936650455, 1953320.666462791385129 ], [ 6141584.456373162567616, 1953564.59917628346011 ], [ 6141521.505719230510294, 1953815.912274112692103 ], [ 6141483.49118108022958, 1954072.18547376524657 ], [ 6141470.778859495185316, 1954330.950724235270172 ], [ 6141483.49118108022958, 1954589.715974705293775 ], [ 6141521.505719230510294, 1954845.989174357848242 ], [ 6141549.647848375141621, 1954958.338851655134931 ], [ 6141561.59526570700109, 1955038.881796963047236 ], [ 6141624.545919639058411, 1955290.194894792279229 ], [ 6141711.826440141536295, 1955534.12760828435421 ], [ 6141822.596268092282116, 1955768.330732061062008 ], [ 6141955.788629492744803, 1955990.548762012273073 ], [ 6142110.120809094049037, 1956198.641617032466456 ], [ 6142284.106503639370203, 1956390.605249173007905 ], [ 6142476.070135779678822, 1956564.590943718096241 ], [ 6142684.162990800105035, 1956718.923123319167644 ], [ 6142906.381020750850439, 1956852.115484720095992 ], [ 6143140.584144528023899, 1956962.885312670376152 ], [ 6143384.516858019866049, 1957050.165833173552528 ], [ 6143635.829955848865211, 1957113.116487104911357 ], [ 6143892.103155501186848, 1957151.131025254959241 ], [ 6144150.868405971676111, 1957163.843346840469167 ], [ 6144409.633656442165375, 1957151.131025254959241 ], [ 6144665.906856094487011, 1957113.116487104911357 ], [ 6144917.219953923486173, 1957050.165833173552528 ], [ 6145161.152667415328324, 1956962.885312670376152 ], [ 6145395.355791192501783, 1956852.115484720095992 ], [ 6145617.573821143247187, 1956718.923123319167644 ], [ 6145825.666676163673401, 1956564.590943718096241 ], [ 6146017.630308303982019, 1956390.605249173007905 ], [ 6146191.616002849303186, 1956198.641617032466456 ], [ 6146345.948182450607419, 1955990.548762012273073 ], [ 6146479.140543851070106, 1955768.330732061062008 ], [ 6146589.910371801815927, 1955534.12760828435421 ], [ 6146677.190892304293811, 1955290.194894792279229 ], [ 6146740.141546236351132, 1955038.881796963047236 ], [ 6146778.156084386631846, 1954782.608597310492769 ], [ 6146790.868405971676111, 1954523.843346840469167 ], [ 6146778.156084386631846, 1954265.078096370445564 ], [ 6146775.371548503637314, 1954246.306280243908986 ], [ 6146770.918099768459797, 1954155.654248693725094 ], [ 6146732.903561618179083, 1953899.381049041170627 ], [ 6146669.952907686121762, 1953648.067951211938635 ], [ 6146582.672387183643878, 1953404.135237719863653 ], [ 6146570.408893728628755, 1953378.20625932677649 ], [ 6146549.820825325325131, 1953320.666462791385129 ] ] ] } },
{ "type": "Feature", "properties": { "parent_sta": "redwood_city", "stop_id": 0, "stop_name": "Redwood City", "location_t": 2 }, "geometry": { "type": "Polygon", "coordinates": [ [ [ 6057356.619464410468936, 2002149.225670086452737 ], [ 6057324.458834595046937, 2002173.077618757495657 ], [ 6057132.495202454738319, 2002347.063313302583992 ], [ 6056958.509507909417152, 2002539.026945443125442 ], [ 6056804.177328308112919, 2002747.119800463318825 ], [ 6056670.984966907650232, 2002969.33783041452989 ], [ 6056560.215138956904411, 2003203.540954191237688 ], [ 6056472.934618454426527, 2003447.473667683312669 ], [ 6056409.983964522369206, 2003698.786765512544662 ], [ 6056371.969426372088492, 2003955.059965165099129 ], [ 6056359.257104787044227, 2004213.825215635122731 ], [ 6056371.969426372088492, 2004472.590466105146334 ], [ 6056409.983964522369206, 2004728.863665757700801 ], [ 6056472.934618454426527, 2004980.176763586932793 ], [ 6056560.215138956904411, 2005224.109477079007775 ], [ 6056670.984966907650232, 2005458.312600855715573 ], [ 6056804.177328308112919, 2005680.530630806926638 ], [ 6056958.509507909417152, 2005888.623485827120021 ], [ 6057132.495202454738319, 2006080.58711796766147 ], [ 6057144.705178940668702, 2006091.653595589566976 ], [ 6057181.007469168864191, 2006131.7070005859714 ], [ 6057372.971101309172809, 2006305.692695131059736 ], [ 6057581.063956329599023, 2006460.024874732131138 ], [ 6057803.281986280344427, 2006593.217236133059487 ], [ 6058037.485110057517886, 2006703.987064083339646 ], [ 6058281.417823549360037, 2006791.267584586516023 ], [ 6058532.730921378359199, 2006854.218238517874852 ], [ 6058789.004121030680835, 2006892.232776667922735 ], [ 6059047.769371501170099, 2006904.945098253432661 ], [ 6059306.534621971659362, 2006892.232776667922735 ], [ 6059562.807821623980999, 2006854.218238517874852 ], [ 6059814.120919452980161, 2006791.267584586516023 ], [ 6060058.053632944822311, 2006703.987064083339646 ], [ 6060292.256756721995771, 2006593.217236133059487 ], [ 6060514.474786672741175, 2006460.024874732131138 ], [ 6060722.567641693167388, 2006305.692695131059736 ], [ 6060782.926935587078333, 2006250.986219986341894 ], [ 6060802.944465676322579, 2006236.14020786061883 ], [ 6060879.878190343268216, 2006166.411544306203723 ], [ 6061080.713419653475285, 2006017.46198677807115 ], [ 6061198.981134777888656, 2005910.270377988228574 ], [ 6061236.748945100232959, 2005882.259860831545666 ], [ 6061428.712577240541577, 2005708.27416628645733 ], [ 6061446.94599455781281, 2005688.156690400093794 ], [ 6061448.71595218591392, 2005686.55249431473203 ], [ 6061622.701646731235087, 2005494.588862174190581 ], [ 6061777.03382633253932, 2005286.496007153997198 ], [ 6061910.226187733002007, 2005064.277977202786133 ], [ 6062020.996015683747828, 2004830.074853426078334 ], [ 6062108.276536186225712, 2004586.142139934003353 ], [ 6062171.227190118283033, 2004334.829042104771361 ], [ 6062209.241728268563747, 2004078.555842452216893 ], [ 6062221.954049853608012, 2003819.790591982193291 ], [ 6062209.241728268563747, 2003561.025341512169689 ], [ 6062171.227190118283033, 2003304.752141859615222 ], [ 6062108.276536186225712, 2003053.439044030383229 ], [ 6062020.996015683747828, 2002809.506330538308248 ], [ 6061910.226187733002007, 2002575.30320676160045 ], [ 6061777.03382633253932, 2002353.085176810389385 ], [ 6061622.701646731235087, 2002144.992321790196002 ], [ 6061612.342674130573869, 2002133.562956801848486 ], [ 6061593.398341087624431, 2002108.019480648683384 ], [ 6061419.412646542303264, 2001916.055848508141935 ], [ 6061227.449014401994646, 2001742.070153963053599 ], [ 6061019.356159381568432, 2001587.737974361982197 ], [ 6060797.138129430823028, 2001454.545612961053848 ], [ 6060562.935005653649569, 2001343.775785010773689 ], [ 6060319.002292161807418, 2001256.495264507597312 ], [ 6060067.689194332808256, 2001193.544610576238483 ], [ 6059811.415994680486619, 2001155.5300724261906 ], [ 6059552.650744209997356, 2001142.817750840680674 ], [ 6059293.885493739508092, 2001155.5300724261906 ], [ 6059037.612294087186456, 2001193.544610576238483 ], [ 6058786.299196258187294, 2001256.495264507597312 ], [ 6058777.030695669353008, 2001259.811587046366185 ], [ 6058766.723201502114534, 2001262.393479927442968 ], [ 6058522.790488010272384, 2001349.674000430619344 ], [ 6058288.587364233098924, 2001460.443828380899504 ], [ 6058066.36933428235352, 2001593.636189781827852 ], [ 6057902.916980900801718, 2001714.860716956900433 ], [ 6057810.586273858323693, 2001770.201613028533757 ], [ 6057602.49341883789748, 2001924.533792629605159 ], [ 6057410.529786697588861, 2002098.519487174693495 ], [ 6057401.16493421792984, 2002108.852009633788839 ], [ 6057356.619464410468936, 2002149.225670086452737 ] ] ] } },
{ "type": "Feature", "properties": { "parent_sta": "san_antonio", "stop_id": 0, "stop_name": "San Antonio", "location_t": 2 }, "geometry": { "type": "Polygon", "coordinates": [ [ [ 6096842.070029770024121, 1972479.541774703189731 ], [ 6096633.977174749597907, 1972325.209595102118328 ], [ 6096411.759144798852503, 1972192.01723370118998 ], [ 6096177.556021021679044, 1972081.24740575090982 ], [ 6095933.623307529836893, 1971993.966885247733444 ], [ 6095682.310209700837731, 1971931.016231316374615 ], [ 6095426.037010048516095, 1971893.001693166326731 ], [ 6095167.271759578026831, 1971880.289371580816805 ], [ 6094908.506509107537568, 1971893.001693166326731 ], [ 6094652.233309455215931, 1971931.016231316374615 ], [ 6094400.920211626216769, 1971993.966885247733444 ], [ 6094156.987498134374619, 1972081.24740575090982 ], [ 6093922.784374357201159, 1972192.01723370118998 ], [ 6093700.566344406455755, 1972325.209595102118328 ], [ 6093492.473489386029541, 1972479.541774703189731 ], [ 6093300.509857245720923, 1972653.527469248278067 ], [ 6093295.515479929745197, 1972659.037915451452136 ], [ 6093216.635404189117253, 1972717.539366714190692 ], [ 6093198.957853958010674, 1972733.561364321736619 ], [ 6093168.386726202443242, 1972756.234457921469584 ], [ 6093083.45251245982945, 1972833.214342099847272 ], [ 6093045.513825665228069, 1972861.351589886005968 ], [ 6093003.150817161425948, 1972899.747182714752853 ], [ 6092946.279328446835279, 1972941.925953387049958 ], [ 6092754.315696306526661, 1973115.911647932138294 ], [ 6092580.330001761205494, 1973307.875280072679743 ], [ 6092425.997822159901261, 1973515.968135092873126 ], [ 6092292.805460759438574, 1973738.186165044084191 ], [ 6092248.669445774517953, 1973831.503928299294785 ], [ 6092243.646795338951051, 1973839.88371429592371 ], [ 6092132.87696738820523, 1974074.086838072631508 ], [ 6092045.596446885727346, 1974318.019551564706489 ], [ 6091982.645792953670025, 1974569.332649393938482 ], [ 6091944.631254803389311, 1974825.605849046492949 ], [ 6091931.918933218345046, 1975084.371099516516551 ], [ 6091944.631254803389311, 1975343.136349986540154 ], [ 6091982.645792953670025, 1975599.409549639094621 ], [ 6092045.596446885727346, 1975850.722647468326613 ], [ 6092132.87696738820523, 1976094.655360960401595 ], [ 6092243.646795338951051, 1976328.858484737109393 ], [ 6092376.839156739413738, 1976551.076514688320458 ], [ 6092531.171336340717971, 1976759.169369708513841 ], [ 6092705.157030886039138, 1976951.13300184905529 ], [ 6092897.120663026347756, 1977125.118696394143626 ], [ 6093105.21351804677397, 1977279.450875995215029 ], [ 6093327.431547997519374, 1977412.643237396143377 ], [ 6093561.634671774692833, 1977523.413065346423537 ], [ 6093805.567385266534984, 1977610.693585849599913 ], [ 6094056.880483095534146, 1977673.644239780958742 ], [ 6094313.153682747855783, 1977711.658777931006625 ], [ 6094571.918933218345046, 1977724.371099516516551 ], [ 6094830.68418368883431, 1977711.658777931006625 ], [ 6095086.957383341155946, 1977673.644239780958742 ], [ 6095338.270481170155108, 1977610.693585849599913 ], [ 6095582.203194661997259, 1977523.413065346423537 ], [ 6095816.406318439170718, 1977412.643237396143377 ], [ 6096038.624348389916122, 1977279.450875995215029 ], [ 6096246.717203410342336, 1977125.118696394143626 ], [ 6096438.680835550650954, 1976951.13300184905529 ], [ 6096459.807700991630554, 1976927.823097914690152 ], [ 6096566.767996890470386, 1976863.713563733035699 ], [ 6096774.860851910896599, 1976709.381384131964296 ], [ 6096847.113362566567957, 1976643.895525644300506 ], [ 6096888.418251346796751, 1976613.261732317041606 ], [ 6097080.38188348710537, 1976439.27603777195327 ], [ 6097254.367578032426536, 1976247.312405631411821 ], [ 6097408.699757633730769, 1976039.219550611218438 ], [ 6097541.892119034193456, 1975817.001520660007372 ], [ 6097652.661946984939277, 1975582.798396883299574 ], [ 6097739.942467487417161, 1975338.865683391224593 ], [ 6097802.893121419474483, 1975087.552585561992601 ], [ 6097840.907659569755197, 1974831.279385909438133 ], [ 6097853.619981154799461, 1974572.514135439414531 ], [ 6097840.907659569755197, 1974313.748884969390929 ], [ 6097802.893121419474483, 1974057.475685316836461 ], [ 6097739.942467487417161, 1973806.162587487604469 ], [ 6097652.661946984939277, 1973562.229873995529488 ], [ 6097541.892119034193456, 1973328.026750218821689 ], [ 6097408.699757633730769, 1973105.808720267610624 ], [ 6097254.367578032426536, 1972897.715865247417241 ], [ 6097212.457396515645087, 1972851.475105691701174 ], [ 6097208.019356455653906, 1972845.491101388819516 ], [ 6097034.033661910332739, 1972653.527469248278067 ], [ 6096842.070029770024121, 1972479.541774703189731 ] ] ] } },
{ "type": "Feature", "properties": { "parent_sta": "san_bruno", "stop_id": 0, "stop_name": "San Bruno Caltrain Station", "location_t": 2 }, "geometry": { "type": "Polygon", "coordinates": [ [ [ 6005587.420564617961645, 2056809.06215062760748 ], [ 6005526.898901048116386, 2056978.208868987392634 ], [ 6005504.197174943052232, 2057026.20763604529202 ], [ 6005416.916654440574348, 2057270.140349537367001 ], [ 6005353.966000508517027, 2057521.453447366598994 ], [ 6005315.951462358236313, 2057777.726647019153461 ], [ 6005303.239140773192048, 2058036.491897489177063 ], [ 6005315.951462358236313, 2058295.257147959200665 ], [ 6005353.966000508517027, 2058551.530347611755133 ], [ 6005416.916654440574348, 2058802.843445440987125 ], [ 6005504.197174943052232, 2059046.776158933062106 ], [ 6005614.967002893798053, 2059280.979282709769905 ], [ 6005748.15936429426074, 2059503.19731266098097 ], [ 6005902.491543895564973, 2059711.290167681174353 ], [ 6006076.47723844088614, 2059903.253799821715802 ], [ 6006268.440870581194758, 2060077.239494366804138 ], [ 6006476.533725601620972, 2060231.57167396787554 ], [ 6006698.751755552366376, 2060364.764035368803889 ], [ 6006932.954879329539835, 2060475.533863319084048 ], [ 6006977.618424099870026, 2060491.514735172037035 ], [ 6006979.54754788428545, 2060492.427142770495266 ], [ 6007223.480261376127601, 2060579.707663273671642 ], [ 6007474.793359205126762, 2060642.658317205030471 ], [ 6007731.066558857448399, 2060680.672855355078354 ], [ 6007989.831809327937663, 2060693.385176940588281 ], [ 6008248.597059798426926, 2060680.672855355078354 ], [ 6008504.870259450748563, 2060642.658317205030471 ], [ 6008756.183357279747725, 2060579.707663273671642 ], [ 6009000.116070771589875, 2060492.427142770495266 ], [ 6009234.319194548763335, 2060381.657314820215106 ], [ 6009456.537224499508739, 2060248.464953419286758 ], [ 6009664.630079519934952, 2060094.132773818215355 ], [ 6009796.925956191495061, 2059974.22678052354604 ], [ 6009831.909814890474081, 2059948.280982609139755 ], [ 6010023.8734470307827, 2059774.295288064051419 ], [ 6010197.859141576103866, 2059582.33165592350997 ], [ 6010352.191321177408099, 2059374.238800903316587 ], [ 6010485.383682577870786, 2059152.020770952105522 ], [ 6010596.153510528616607, 2058917.817647175397724 ], [ 6010683.434031031094491, 2058673.884933683322743 ], [ 6010746.384684963151813, 2058422.57183585409075 ], [ 6010764.037472917698324, 2058303.566406037891284 ], [ 6010771.133168034255505, 2058288.56381921004504 ], [ 6010773.872182684019208, 2058283.994049344677478 ], [ 6010884.642010634765029, 2058049.79092556796968 ], [ 6010971.922531137242913, 2057805.858212075894699 ], [ 6011034.873185069300234, 2057554.545114246662706 ], [ 6011072.887723219580948, 2057298.271914594108239 ], [ 6011085.600044804625213, 2057039.506664124084637 ], [ 6011072.887723219580948, 2056780.741413654061034 ], [ 6011034.873185069300234, 2056524.468214001506567 ], [ 6010971.922531137242913, 2056273.155116172274575 ], [ 6010884.642010634765029, 2056029.222402680199593 ], [ 6010773.872182684019208, 2055795.019278903491795 ], [ 6010640.679821283556521, 2055572.80124895228073 ], [ 6010486.347641682252288, 2055364.708393932087347 ], [ 6010312.361947136931121, 2055172.744761791545898 ], [ 6010120.398314996622503, 2054998.759067246457562 ], [ 6009912.305459976196289, 2054844.426887645386159 ], [ 6009690.087430025450885, 2054711.234526244457811 ], [ 6009455.884306248277426, 2054600.464698294177651 ], [ 6009211.951592756435275, 2054513.184177791001275 ], [ 6008960.638494927436113, 2054450.233523859642446 ], [ 6008704.365295275114477, 2054412.218985709594563 ], [ 6008445.600044804625213, 2054399.506664124084637 ], [ 6008186.83479433413595, 2054412.218985709594563 ], [ 6008153.782462045550346, 2054417.121836059959605 ], [ 6007997.924620124511421, 2054424.778640845557675 ], [ 6007741.651420472189784, 2054462.793178995605558 ], [ 6007490.338322643190622, 2054525.743832926964387 ], [ 6007246.405609151348472, 2054613.024353430140764 ], [ 6007012.202485374175012, 2054723.794181380420923 ], [ 6006789.984455423429608, 2054856.986542781349272 ], [ 6006581.891600403003395, 2055011.318722382420674 ], [ 6006389.927968262694776, 2055185.30441692750901 ], [ 6006215.94227371737361, 2055377.268049068050459 ], [ 6006061.610094116069376, 2055585.360904088243842 ], [ 6005928.417732715606689, 2055807.578934039454907 ], [ 6005817.647904764860868, 2056041.782057816162705 ], [ 6005730.367384262382984, 2056285.714771308237687 ], [ 6005667.416730330325663, 2056537.027869137469679 ], [ 6005645.179058438166976, 2056686.94207580643706 ], [ 6005587.420564617961645, 2056809.06215062760748 ] ] ] } },
{ "type": "Feature", "properties": { "parent_sta": "san_carlos", "stop_id": 0, "stop_name": "San Carlos", "location_t": 2 }, "geometry": { "type": "Polygon", "coordinates": [ [ [ 6052945.772733192890882, 2009989.778276376193389 ], [ 6052737.679878172464669, 2009835.446096775121987 ], [ 6052515.461848221719265, 2009702.253735374193639 ], [ 6052281.258724444545805, 2009591.483907423913479 ], [ 6052037.326010952703655, 2009504.203386920737103 ], [ 6051786.012913123704493, 2009441.252732989378273 ], [ 6051529.739713471382856, 2009403.23819483933039 ], [ 6051270.974463000893593, 2009390.525873253820464 ], [ 6051012.209212530404329, 2009403.23819483933039 ], [ 6050755.936012878082693, 2009441.252732989378273 ], [ 6050504.622915049083531, 2009504.203386920737103 ], [ 6050459.911702174693346, 2009520.20131469424814 ], [ 6050433.064062850549817, 2009526.926298256730661 ], [ 6050189.131349358707666, 2009614.206818759907037 ], [ 6049954.928225581534207, 2009724.976646710187197 ], [ 6049732.710195630788803, 2009858.169008111115545 ], [ 6049524.617340610362589, 2010012.501187712186947 ], [ 6049332.653708470053971, 2010186.486882257275283 ], [ 6049158.668013924732804, 2010378.450514397816733 ], [ 6049004.335834323428571, 2010586.543369418010116 ], [ 6048951.74793188739568, 2010674.280984066426754 ], [ 6048915.699576273560524, 2010722.886564949061722 ], [ 6048782.507214873097837, 2010945.104594900272787 ], [ 6048671.737386922352016, 2011179.307718676980585 ], [ 6048584.456866419874132, 2011423.240432169055566 ], [ 6048546.150836978107691, 2011576.166673968080431 ], [ 6048536.365027207881212, 2011603.516180102480575 ], [ 6048473.414373275823891, 2011854.829277931712568 ], [ 6048435.399835125543177, 2012111.102477584267035 ], [ 6048422.687513540498912, 2012369.867728054290637 ], [ 6048435.399835125543177, 2012628.63297852431424 ], [ 6048473.414373275823891, 2012884.906178176868707 ], [ 6048536.365027207881212, 2013136.219276006100699 ], [ 6048623.645547710359097, 2013380.151989498175681 ], [ 6048734.415375661104918, 2013614.355113274883479 ], [ 6048867.607737061567605, 2013836.573143226094544 ], [ 6049021.939916662871838, 2014044.665998246287927 ], [ 6049195.925611208193004, 2014236.629630386829376 ], [ 6049387.889243348501623, 2014410.615324931917712 ], [ 6049595.982098368927836, 2014564.947504532989115 ], [ 6049818.20012831967324, 2014698.139865933917463 ], [ 6050052.4032520968467, 2014808.909693884197623 ], [ 6050296.33596558868885, 2014896.190214387373999 ], [ 6050547.649063417688012, 2014959.140868318732828 ], [ 6050803.922263070009649, 2014997.155406468780711 ], [ 6051062.687513540498912, 2015009.867728054290637 ], [ 6051321.452764010988176, 2014997.155406468780711 ], [ 6051577.725963663309813, 2014959.140868318732828 ], [ 6051829.039061492308974, 2014896.190214387373999 ], [ 6052072.971774984151125, 2014808.909693884197623 ], [ 6052307.174898761324584, 2014698.139865933917463 ], [ 6052529.392928712069988, 2014564.947504532989115 ], [ 6052737.485783732496202, 2014410.615324931917712 ], [ 6052929.449415872804821, 2014236.629630386829376 ], [ 6053090.974964757449925, 2014058.413650455884635 ], [ 6053115.049669011496007, 2014036.593610410112888 ], [ 6053289.035363556817174, 2013844.629978269571438 ], [ 6053307.173137770965695, 2013820.174020803300664 ], [ 6053345.92472139839083, 2013777.418236980447546 ], [ 6053500.256900999695063, 2013569.325381960254163 ], [ 6053633.44926240015775, 2013347.107352009043097 ], [ 6053744.219090350903571, 2013112.904228232335299 ], [ 6053746.807858392596245, 2013105.669106243178248 ], [ 6053755.510889984667301, 2013087.268091970589012 ], [ 6053842.791410487145185, 2012843.335378478514031 ], [ 6053905.742064419202507, 2012592.022280649282038 ], [ 6053943.756602569483221, 2012335.749080996727571 ], [ 6053956.468924154527485, 2012076.983830526703969 ], [ 6053943.756602569483221, 2011818.218580056680366 ], [ 6053905.742064419202507, 2011561.945380404125899 ], [ 6053842.791410487145185, 2011310.632282574893907 ], [ 6053755.510889984667301, 2011066.699569082818925 ], [ 6053644.74106203392148, 2010832.496445306111127 ], [ 6053511.548700633458793, 2010610.278415354900062 ], [ 6053357.21652103215456, 2010402.185560334706679 ], [ 6053183.230826486833394, 2010210.22192819416523 ], [ 6053164.257366264238954, 2010193.025386234745383 ], [ 6053137.736365333199501, 2010163.763970921281725 ], [ 6052945.772733192890882, 2009989.778276376193389 ] ] ] } },
{ "type": "Feature", "properties": { "parent_sta": "san_mateo", "stop_id": 0, "stop_name": "San Mateo", "location_t": 2 }, "geometry": { "type": "Polygon", "coordinates": [ [ [ 6031331.004984582774341, 2032420.683758076513186 ], [ 6031139.041352442465723, 2032594.669452621601522 ], [ 6030965.055657897144556, 2032786.633084762142971 ], [ 6030810.723478295840323, 2032994.725939782336354 ], [ 6030751.991218222305179, 2033092.714795832522213 ], [ 6030602.730102550238371, 2033293.97011266858317 ], [ 6030469.537741149775684, 2033516.188142619794235 ], [ 6030358.767913199029863, 2033750.391266396502033 ], [ 6030271.487392696551979, 2033994.323979888577014 ], [ 6030208.536738764494658, 2034245.637077717809007 ], [ 6030170.522200614213943, 2034501.910277370363474 ], [ 6030157.809879029169679, 2034760.675527840387076 ], [ 6030170.522200614213943, 2035019.440778310410678 ], [ 6030208.536738764494658, 2035275.713977962965146 ], [ 6030271.487392696551979, 2035527.027075792197138 ], [ 6030358.767913199029863, 2035770.959789284272119 ], [ 6030469.537741149775684, 2036005.162913060979918 ], [ 6030602.730102550238371, 2036227.380943012190983 ], [ 6030757.062282151542604, 2036435.473798032384366 ], [ 6030931.04797669686377, 2036627.437430172925815 ], [ 6031123.011608837172389, 2036801.423124718014151 ], [ 6031331.104463857598603, 2036955.755304319085553 ], [ 6031553.322493808344007, 2037088.947665720013902 ], [ 6031787.525617585517466, 2037199.717493670294061 ], [ 6032031.458331077359617, 2037286.998014173470438 ], [ 6032282.771428906358778, 2037349.948668104829267 ], [ 6032539.044628558680415, 2037387.96320625487715 ], [ 6032797.809879029169679, 2037400.675527840387076 ], [ 6033056.575129499658942, 2037387.96320625487715 ], [ 6033312.848329151980579, 2037349.948668104829267 ], [ 6033564.161426980979741, 2037286.998014173470438 ], [ 6033808.094140472821891, 2037199.717493670294061 ], [ 6034042.297264249995351, 2037088.947665720013902 ], [ 6034264.515294200740755, 2036955.755304319085553 ], [ 6034472.608149221166968, 2036801.423124718014151 ], [ 6034664.571781361475587, 2036627.437430172925815 ], [ 6034665.299812582321465, 2036626.634171503363177 ], [ 6034754.790364746935666, 2036560.263454604893923 ], [ 6034946.753996887244284, 2036386.277760059805587 ], [ 6035120.739691432565451, 2036194.314127919264138 ], [ 6035124.068911218084395, 2036189.825194684788585 ], [ 6035292.077969504520297, 2036004.455764482729137 ], [ 6035446.41014910582453, 2035796.362909462535754 ], [ 6035579.602510506287217, 2035574.144879511324689 ], [ 6035690.372338457033038, 2035339.941755734616891 ], [ 6035777.652858959510922, 2035096.009042242541909 ], [ 6035840.603512891568244, 2034844.695944413309917 ], [ 6035878.618051041848958, 2034588.42274476075545 ], [ 6035891.330372626893222, 2034329.657494290731847 ], [ 6035878.618051041848958, 2034070.892243820708245 ], [ 6035840.603512891568244, 2033814.619044168153778 ], [ 6035777.652858959510922, 2033563.305946338921785 ], [ 6035690.372338457033038, 2033319.373232846846804 ], [ 6035579.602510506287217, 2033085.170109070139006 ], [ 6035446.41014910582453, 2032862.952079118927941 ], [ 6035292.077969504520297, 2032654.859224098734558 ], [ 6035118.092274959199131, 2032462.895591958193108 ], [ 6035087.092741546221077, 2032434.799252608325332 ], [ 6035082.785038350149989, 2032430.046434545656666 ], [ 6034890.821406209841371, 2032256.06074000056833 ], [ 6034682.728551189415157, 2032101.728560399496928 ], [ 6034460.510521238669753, 2031968.53619899856858 ], [ 6034226.307397461496294, 2031857.76637104828842 ], [ 6033982.374683969654143, 2031770.485850545112044 ], [ 6033731.061586140654981, 2031707.535196613753214 ], [ 6033474.788386488333344, 2031669.520658463705331 ], [ 6033216.023136017844081, 2031656.808336878195405 ], [ 6032957.257885547354817, 2031669.520658463705331 ], [ 6032700.984685895033181, 2031707.535196613753214 ], [ 6032449.671588066034019, 2031770.485850545112044 ], [ 6032205.738874574191868, 2031857.76637104828842 ], [ 6031971.535750797018409, 2031968.53619899856858 ], [ 6031749.317720846273005, 2032101.728560399496928 ], [ 6031679.802010424435139, 2032153.284925008192658 ], [ 6031666.691907418891788, 2032161.14281834801659 ], [ 6031458.599052398465574, 2032315.474997949087992 ], [ 6031394.368530518375337, 2032373.690149619244039 ], [ 6031331.004984582774341, 2032420.683758076513186 ] ] ] } },
{ "type": "Feature", "properties": { "parent_sta": "south_sf", "stop_id": 0, "stop_name": "South San Francisco Caltrain Station", "location_t": 2 }, "geometry": { "type": "Polygon", "coordinates": [ [ [ 6011041.444310466758907, 2064043.701611146098003 ], [ 6010807.241186689585447, 2063932.931783195817843 ], [ 6010563.308473197743297, 2063845.651262692641467 ], [ 6010311.995375368744135, 2063782.700608761282638 ], [ 6010055.722175716422498, 2063744.686070611234754 ], [ 6009796.956925245933235, 2063731.973749025724828 ], [ 6009569.165593111887574, 2063743.164419578388333 ], [ 6009453.683638392947614, 2063737.49115493777208 ], [ 6009194.918387922458351, 2063750.203476523282006 ], [ 6008938.645188270136714, 2063788.21801467332989 ], [ 6008687.332090441137552, 2063851.168668604688719 ], [ 6008443.399376949295402, 2063938.449189107865095 ], [ 6008209.196253172121942, 2064049.219017058145255 ], [ 6007986.978223221376538, 2064182.411378459073603 ], [ 6007778.885368200950325, 2064336.743558060145006 ], [ 6007586.921736060641706, 2064510.729252605233341 ], [ 6007412.936041515320539, 2064702.692884745774791 ], [ 6007258.603861914016306, 2064910.785739765968174 ], [ 6007125.411500513553619, 2065133.003769717179239 ], [ 6007014.641672562807798, 2065367.206893493887037 ], [ 6006927.361152060329914, 2065611.139606985962018 ], [ 6006864.410498128272593, 2065862.452704815194011 ], [ 6006826.395959977991879, 2066118.725904467748478 ], [ 6006813.683638392947614, 2066377.49115493777208 ], [ 6006826.395959977991879, 2066636.256405407795683 ], [ 6006864.410498128272593, 2066892.52960506035015 ], [ 6006927.361152060329914, 2067143.842702889582142 ], [ 6007014.641672562807798, 2067387.775416381657124 ], [ 6007125.411500513553619, 2067621.978540158364922 ], [ 6007258.603861914016306, 2067844.196570109575987 ], [ 6007412.936041515320539, 2068052.28942512976937 ], [ 6007586.921736060641706, 2068244.253057270310819 ], [ 6007778.885368200950325, 2068418.238751815399155 ], [ 6007986.978223221376538, 2068572.570931416470557 ], [ 6008209.196253172121942, 2068705.763292817398906 ], [ 6008286.517431505024433, 2068742.333486599382013 ], [ 6008410.158772722817957, 2068854.395466185640544 ], [ 6008618.251627743244171, 2069008.727645786711946 ], [ 6008840.469657693989575, 2069141.920007187640294 ], [ 6009074.672781471163034, 2069252.689835137920454 ], [ 6009318.605494963005185, 2069339.97035564109683 ], [ 6009569.918592792004347, 2069402.92100957245566 ], [ 6009826.191792444325984, 2069440.935547722503543 ], [ 6010084.957042914815247, 2069453.647869308013469 ], [ 6010343.722293385304511, 2069440.935547722503543 ], [ 6010599.995493037626147, 2069402.92100957245566 ], [ 6010851.308590866625309, 2069339.97035564109683 ], [ 6011095.24130435846746, 2069252.689835137920454 ], [ 6011329.444428135640919, 2069141.920007187640294 ], [ 6011551.662458086386323, 2069008.727645786711946 ], [ 6011759.755313106812537, 2068854.395466185640544 ], [ 6011951.718945247121155, 2068680.409771640552208 ], [ 6012125.704639792442322, 2068488.446139500010759 ], [ 6012280.036819393746555, 2068280.353284479817376 ], [ 6012413.229180794209242, 2068058.13525452860631 ], [ 6012523.999008744955063, 2067823.932130751898512 ], [ 6012611.279529247432947, 2067579.999417259823531 ], [ 6012674.230183179490268, 2067328.686319430591539 ], [ 6012712.244721329770982, 2067072.413119778037071 ], [ 6012724.957042914815247, 2066813.647869308013469 ], [ 6012712.244721329770982, 2066554.882618837989867 ], [ 6012674.230183179490268, 2066298.609419185435399 ], [ 6012611.279529247432947, 2066047.296321356203407 ], [ 6012590.730773817747831, 2065989.866397222271189 ], [ 6012587.610301337204874, 2065968.829880511853844 ], [ 6012524.659647405147552, 2065717.516782682621852 ], [ 6012437.379126902669668, 2065473.58406919054687 ], [ 6012326.609298951923847, 2065239.380945413839072 ], [ 6012193.41693755146116, 2065017.162915462628007 ], [ 6012039.084757950156927, 2064809.070060442434624 ], [ 6011865.099063404835761, 2064617.106428301893175 ], [ 6011673.135431264527142, 2064443.120733756804839 ], [ 6011465.042576244100928, 2064288.788554155733436 ], [ 6011242.824546293355525, 2064155.596192754805088 ], [ 6011173.147018440999091, 2064122.641176409553736 ], [ 6011041.444310466758907, 2064043.701611146098003 ] ] ] } },
{ "type": "Feature", "properties": { "parent_sta": "sunnyvale", "stop_id": 0, "stop_name": "Sunnyvale", "location_t": 2 }, "geometry": { "type": "Polygon", "coordinates": [ [ [ 6115797.569844231940806, 1961520.637359989108518 ], [ 6115563.366720454767346, 1961631.407187939388677 ], [ 6115477.192553610540926, 1961683.057995825307444 ], [ 6115440.896436414681375, 1961700.22478076047264 ], [ 6115389.023937196470797, 1961718.785057759610936 ], [ 6115154.820813419297338, 1961829.554885709891096 ], [ 6115143.507422724738717, 1961836.335871134186164 ], [ 6115116.597382273525, 1961849.063372385222465 ], [ 6114894.379352322779596, 1961982.255733786150813 ], [ 6114686.286497302353382, 1962136.587913387222216 ], [ 6114494.322865162044764, 1962310.573607932310551 ], [ 6114320.337170616723597, 1962502.537240072852001 ], [ 6114166.004991015419364, 1962710.630095093045384 ], [ 6114032.812629614956677, 1962932.848125044256449 ], [ 6113922.042801664210856, 1963167.051248820964247 ], [ 6113834.762281161732972, 1963410.983962313039228 ], [ 6113771.811627229675651, 1963662.297060142271221 ], [ 6113733.797089079394937, 1963918.570259794825688 ], [ 6113721.084767494350672, 1964177.33551026484929 ], [ 6113733.797089079394937, 1964436.100760734872892 ], [ 6113771.811627229675651, 1964692.37396038742736 ], [ 6113834.762281161732972, 1964943.687058216659352 ], [ 6113922.042801664210856, 1965187.619771708734334 ], [ 6114032.812629614956677, 1965421.822895485442132 ], [ 6114166.004991015419364, 1965644.040925436653197 ], [ 6114320.337170616723597, 1965852.13378045684658 ], [ 6114494.322865162044764, 1966044.097412597388029 ], [ 6114686.286497302353382, 1966218.083107142476365 ], [ 6114894.379352322779596, 1966372.415286743547767 ], [ 6115116.597382273525, 1966505.607648144476116 ], [ 6115350.800506050698459, 1966616.377476094756275 ], [ 6115358.168019773438573, 1966619.013614656636491 ], [ 6115420.095564879477024, 1966648.30316214915365 ], [ 6115664.028278371319175, 1966735.583682652330026 ], [ 6115915.341376200318336, 1966798.534336583688855 ], [ 6116171.614575852639973, 1966836.548874733736739 ], [ 6116430.379826323129237, 1966849.261196319246665 ], [ 6116689.1450767936185, 1966836.548874733736739 ], [ 6116945.418276445940137, 1966798.534336583688855 ], [ 6117196.731374274939299, 1966735.583682652330026 ], [ 6117440.664087766781449, 1966648.30316214915365 ], [ 6117674.867211543954909, 1966537.53333419887349 ], [ 6117680.464097952470183, 1966534.178689585300162 ], [ 6117886.066518020816147, 1966460.612967368680984 ], [ 6117930.101639986038208, 1966439.785905777243897 ], [ 6117952.667639883235097, 1966431.711661906680092 ], [ 6118186.870763660408556, 1966320.941833956399933 ], [ 6118409.08879361115396, 1966187.749472555471584 ], [ 6118410.303347077220678, 1966186.848698314046487 ], [ 6118470.197804603725672, 1966150.949342017062008 ], [ 6118678.290659624151886, 1965996.617162415990606 ], [ 6118870.254291764460504, 1965822.63146787090227 ], [ 6119044.239986309781671, 1965630.667835730360821 ], [ 6119198.572165911085904, 1965422.574980710167438 ], [ 6119331.764527311548591, 1965200.356950758956373 ], [ 6119442.534355262294412, 1964966.153826982248574 ], [ 6119529.814875764772296, 1964722.221113490173593 ], [ 6119592.765529696829617, 1964470.908015660941601 ], [ 6119630.780067847110331, 1964214.634816008387133 ], [ 6119643.492389432154596, 1963955.869565538363531 ], [ 6119630.780067847110331, 1963697.104315068339929 ], [ 6119592.765529696829617, 1963440.831115415785462 ], [ 6119529.814875764772296, 1963189.518017586553469 ], [ 6119442.534355262294412, 1962945.585304094478488 ], [ 6119431.698212327435613, 1962922.674204817973077 ], [ 6119424.51069728937, 1962902.586445986758918 ], [ 6119313.740869338624179, 1962668.383322210051119 ], [ 6119180.548507938161492, 1962446.165292258840054 ], [ 6119026.216328336857259, 1962238.072437238646671 ], [ 6118852.230633791536093, 1962046.108805098105222 ], [ 6118660.267001651227474, 1961872.123110553016886 ], [ 6118452.17414663080126, 1961717.790930951945484 ], [ 6118229.956116680055857, 1961584.598569551017135 ], [ 6117995.752992902882397, 1961473.828741600736976 ], [ 6117751.820279411040246, 1961386.548221097560599 ], [ 6117500.507181582041085, 1961323.59756716620177 ], [ 6117244.233981929719448, 1961285.583029016153887 ], [ 6116985.468731459230185, 1961272.870707430643961 ], [ 6116940.057436629198492, 1961275.101621289504692 ], [ 6116908.345112772658467, 1961273.543694719672203 ], [ 6116649.579862302169204, 1961286.256016305182129 ], [ 6116393.306662649847567, 1961324.270554455230013 ], [ 6116141.993564820848405, 1961387.221208386588842 ], [ 6115898.060851329006255, 1961474.501728889765218 ], [ 6115809.666813562624156, 1961516.308995151892304 ], [ 6115797.569844231940806, 1961520.637359989108518 ] ] ] } }
]
}
