{
"type": "FeatureCollection",
"name": "Tier2_VTA_buffers_halfmile",
"crs": { "type": "name", "properties": { "name": "urn:ogc:def:crs:EPSG::2227" } },
"features": [
{ "type": "Feature", "properties": { "stop_name": "Alder Station", "stop_id": "64803", "stop_desc": "Eastbound", "route_info": { "route_id": [ "SC:Event-Orange", "SC:Orange Line" ], "route_type": [ "0" ] } }, "geometry": { "type": "Polygon", "coordinates": [ [ [ 6152762.80968258716166, 1975951.556924287695438 ], [ 6152724.795144436880946, 1975695.28372463514097 ], [ 6152661.844490504823625, 1975443.970626805908978 ], [ 6152574.563970002345741, 1975200.037913313833997 ], [ 6152463.79414205159992, 1974965.834789537126198 ], [ 6152330.601780651137233, 1974743.616759585915133 ], [ 6152176.269601049833, 1974535.52390456572175 ], [ 6152002.283906504511833, 1974343.560272425180301 ], [ 6151810.320274364203215, 1974169.574577880091965 ], [ 6151602.227419343777001, 1974015.242398279020563 ], [ 6151380.009389393031597, 1973882.050036878092214 ], [ 6151145.806265615858138, 1973771.280208927812055 ], [ 6150901.873552124015987, 1973683.999688424635679 ], [ 6150650.560454295016825, 1973621.049034493276849 ], [ 6150394.287254642695189, 1973583.034496343228966 ], [ 6150135.522004172205925, 1973570.32217475771904 ], [ 6149876.756753701716661, 1973583.034496343228966 ], [ 6149620.483554049395025, 1973621.049034493276849 ], [ 6149369.170456220395863, 1973683.999688424635679 ], [ 6149125.237742728553712, 1973771.280208927812055 ], [ 6148891.034618951380253, 1973882.050036878092214 ], [ 6148668.816589000634849, 1974015.242398279020563 ], [ 6148460.723733980208635, 1974169.574577880091965 ], [ 6148268.760101839900017, 1974343.560272425180301 ], [ 6148094.77440729457885, 1974535.52390456572175 ], [ 6147940.442227693274617, 1974743.616759585915133 ], [ 6147807.24986629281193, 1974965.834789537126198 ], [ 6147696.480038342066109, 1975200.037913313833997 ], [ 6147609.199517839588225, 1975443.970626805908978 ], [ 6147546.248863907530904, 1975695.28372463514097 ], [ 6147508.23432575725019, 1975951.556924287695438 ], [ 6147495.522004172205925, 1976210.32217475771904 ], [ 6147508.23432575725019, 1976469.087425227742642 ], [ 6147546.248863907530904, 1976725.360624880297109 ], [ 6147609.199517839588225, 1976976.673722709529102 ], [ 6147696.480038342066109, 1977220.606436201604083 ], [ 6147807.24986629281193, 1977454.809559978311881 ], [ 6147940.442227693274617, 1977677.027589929522946 ], [ 6148094.77440729457885, 1977885.12044494971633 ], [ 6148268.760101839900017, 1978077.084077090257779 ], [ 6148460.723733980208635, 1978251.069771635346115 ], [ 6148668.816589000634849, 1978405.401951236417517 ], [ 6148891.034618951380253, 1978538.594312637345865 ], [ 6149125.237742728553712, 1978649.364140587626025 ], [ 6149369.170456220395863, 1978736.644661090802401 ], [ 6149620.483554049395025, 1978799.59531502216123 ], [ 6149876.756753701716661, 1978837.609853172209114 ], [ 6150135.522004172205925, 1978850.32217475771904 ], [ 6150394.287254642695189, 1978837.609853172209114 ], [ 6150650.560454295016825, 1978799.59531502216123 ], [ 6150901.873552124015987, 1978736.644661090802401 ], [ 6151145.806265615858138, 1978649.364140587626025 ], [ 6151380.009389393031597, 1978538.594312637345865 ], [ 6151602.227419343777001, 1978405.401951236417517 ], [ 6151810.320274364203215, 1978251.069771635346115 ], [ 6152002.283906504511833, 1978077.084077090257779 ], [ 6152176.269601049833, 1977885.12044494971633 ], [ 6152330.601780651137233, 1977677.027589929522946 ], [ 6152463.79414205159992, 1977454.809559978311881 ], [ 6152574.563970002345741, 1977220.606436201604083 ], [ 6152661.844490504823625, 1976976.673722709529102 ], [ 6152724.795144436880946, 1976725.360624880297109 ], [ 6152762.80968258716166, 1976469.087425227742642 ], [ 6152775.522004172205925, 1976210.32217475771904 ], [ 6152762.80968258716166, 1975951.556924287695438 ] ] ] } },
{ "type": "Feature", "properties": { "stop_name": "Alum Rock & Jackson", "stop_id": "65859", "stop_desc": "Westbound", "route_info": { "route_id": [ "SC:Rapid 522" ], "route_type": [ "3" ] } }, "geometry": { "type": "Polygon", "coordinates": [ [ [ 6171908.818414787761867, 1953268.247541003394872 ], [ 6171657.505316958762705, 1953205.296887072036043 ], [ 6171401.232117306441069, 1953167.282348921988159 ], [ 6171142.466866835951805, 1953154.570027336478233 ], [ 6170883.701616365462542, 1953167.282348921988159 ], [ 6170627.428416713140905, 1953205.296887072036043 ], [ 6170376.115318884141743, 1953268.247541003394872 ], [ 6170132.182605392299592, 1953355.528061506571248 ], [ 6169897.979481615126133, 1953466.297889456851408 ], [ 6169675.761451664380729, 1953599.490250857779756 ], [ 6169467.668596643954515, 1953753.822430458851159 ], [ 6169275.704964503645897, 1953927.808125003939494 ], [ 6169101.71926995832473, 1954119.771757144480944 ], [ 6168947.387090357020497, 1954327.864612164674327 ], [ 6168814.19472895655781, 1954550.082642115885392 ], [ 6168703.424901005811989, 1954784.28576589259319 ], [ 6168616.144380503334105, 1955028.218479384668171 ], [ 6168553.193726571276784, 1955279.531577213900164 ], [ 6168515.17918842099607, 1955535.804776866454631 ], [ 6168502.466866835951805, 1955794.570027336478233 ], [ 6168515.17918842099607, 1956053.335277806501836 ], [ 6168553.193726571276784, 1956309.608477459056303 ], [ 6168616.144380503334105, 1956560.921575288288295 ], [ 6168703.424901005811989, 1956804.854288780363277 ], [ 6168814.19472895655781, 1957039.057412557071075 ], [ 6168947.387090357020497, 1957261.27544250828214 ], [ 6169101.71926995832473, 1957469.368297528475523 ], [ 6169275.704964503645897, 1957661.331929669016972 ], [ 6169467.668596643954515, 1957835.317624214105308 ], [ 6169675.761451664380729, 1957989.64980381517671 ], [ 6169897.979481615126133, 1958122.842165216105059 ], [ 6170132.182605392299592, 1958233.611993166385219 ], [ 6170376.115318884141743, 1958320.892513669561595 ], [ 6170483.942926027812064, 1958347.901923207798973 ], [ 6170497.030431394465268, 1958352.584707505535334 ], [ 6170748.343529223464429, 1958415.535361436894163 ], [ 6171004.616728875786066, 1958453.549899586942047 ], [ 6171263.38197934627533, 1958466.262221172451973 ], [ 6171522.147229816764593, 1958453.549899586942047 ], [ 6171778.42042946908623, 1958415.535361436894163 ], [ 6172029.733527298085392, 1958352.584707505535334 ], [ 6172273.666240789927542, 1958265.304187002358958 ], [ 6172507.869364567101002, 1958154.534359052078798 ], [ 6172730.087394517846406, 1958021.34199765115045 ], [ 6172938.180249538272619, 1957867.009818050079048 ], [ 6173130.143881678581238, 1957693.024123504990712 ], [ 6173304.129576223902404, 1957501.060491364449263 ], [ 6173458.461755825206637, 1957292.96763634425588 ], [ 6173591.654117225669324, 1957070.749606393044814 ], [ 6173702.423945176415145, 1956836.546482616337016 ], [ 6173789.70446567889303, 1956592.613769124262035 ], [ 6173852.655119610950351, 1956341.300671295030043 ], [ 6173890.669657761231065, 1956085.027471642475575 ], [ 6173903.38197934627533, 1955826.262221172451973 ], [ 6173890.669657761231065, 1955567.496970702428371 ], [ 6173852.655119610950351, 1955311.223771049873903 ], [ 6173789.70446567889303, 1955059.910673220641911 ], [ 6173702.423945176415145, 1954815.97795972856693 ], [ 6173591.654117225669324, 1954581.774835951859131 ], [ 6173458.461755825206637, 1954359.556806000648066 ], [ 6173304.129576223902404, 1954151.463950980454683 ], [ 6173130.143881678581238, 1953959.500318839913234 ], [ 6172938.180249538272619, 1953785.514624294824898 ], [ 6172730.087394517846406, 1953631.182444693753496 ], [ 6172507.869364567101002, 1953497.990083292825148 ], [ 6172273.666240789927542, 1953387.220255342544988 ], [ 6172029.733527298085392, 1953299.939734839368612 ], [ 6171921.905920154415071, 1953272.930325301131234 ], [ 6171908.818414787761867, 1953268.247541003394872 ] ] ] } },
{ "type": "Feature", "properties": { "stop_name": "Alum Rock & King", "stop_id": "65857", "stop_desc": "Westbound", "route_info": { "route_id": [ "SC:Rapid 522" ], "route_type": [ "3" ] } }, "geometry": { "type": "Polygon", "coordinates": [ [ [ 6168375.235258872620761, 1951237.724043004680425 ], [ 6168123.9221610436216, 1951174.773389073321596 ], [ 6167867.648961391299963, 1951136.758850923273712 ], [ 6167608.883710920810699, 1951124.046529337763786 ], [ 6167350.118460450321436, 1951136.758850923273712 ], [ 6167093.845260797999799, 1951174.773389073321596 ], [ 6166842.532162969000638, 1951237.724043004680425 ], [ 6166598.599449477158487, 1951325.004563507856801 ], [ 6166364.396325699985027, 1951435.774391458136961 ], [ 6166142.178295749239624, 1951568.966752859065309 ], [ 6165934.08544072881341, 1951723.298932460136712 ], [ 6165742.121808588504791, 1951897.284627005225047 ], [ 6165568.136114043183625, 1952089.248259145766497 ], [ 6165413.803934441879392, 1952297.34111416595988 ], [ 6165280.611573041416705, 1952519.559144117170945 ], [ 6165169.841745090670884, 1952753.762267893878743 ], [ 6165082.561224588192999, 1952997.694981385953724 ], [ 6165019.610570656135678, 1953249.008079215185717 ], [ 6164981.596032505854964, 1953505.281278867740184 ], [ 6164968.883710920810699, 1953764.046529337763786 ], [ 6164981.596032505854964, 1954022.811779807787389 ], [ 6165019.610570656135678, 1954279.084979460341856 ], [ 6165082.561224588192999, 1954530.398077289573848 ], [ 6165169.841745090670884, 1954774.33079078164883 ], [ 6165280.611573041416705, 1955008.533914558356628 ], [ 6165413.803934441879392, 1955230.751944509567693 ], [ 6165568.136114043183625, 1955438.844799529761076 ], [ 6165742.121808588504791, 1955630.808431670302525 ], [ 6165934.08544072881341, 1955804.794126215390861 ], [ 6166142.178295749239624, 1955959.126305816462263 ], [ 6166364.396325699985027, 1956092.318667217390612 ], [ 6166598.599449477158487, 1956203.088495167670771 ], [ 6166842.532162969000638, 1956290.369015670847148 ], [ 6166849.46365800127387, 1956292.105264791054651 ], [ 6166963.649046723730862, 1956332.961450166534632 ], [ 6167214.962144552730024, 1956395.912104097893462 ], [ 6167471.235344205051661, 1956433.926642247941345 ], [ 6167730.000594675540924, 1956446.638963833451271 ], [ 6167988.765845146030188, 1956433.926642247941345 ], [ 6168245.039044798351824, 1956395.912104097893462 ], [ 6168496.352142627350986, 1956332.961450166534632 ], [ 6168740.284856119193137, 1956245.680929663358256 ], [ 6168974.487979896366596, 1956134.911101713078097 ], [ 6169196.706009847112, 1956001.718740312149748 ], [ 6169404.798864867538214, 1955847.386560711078346 ], [ 6169596.762497007846832, 1955673.40086616599001 ], [ 6169770.748191553167999, 1955481.437234025448561 ], [ 6169925.080371154472232, 1955273.344379005255178 ], [ 6170058.272732554934919, 1955051.126349054044113 ], [ 6170169.04256050568074, 1954816.923225277336314 ], [ 6170256.323081008158624, 1954572.990511785261333 ], [ 6170319.273734940215945, 1954321.677413956029341 ], [ 6170357.288273090496659, 1954065.404214303474873 ], [ 6170370.000594675540924, 1953806.638963833451271 ], [ 6170357.288273090496659, 1953547.873713363427669 ], [ 6170319.273734940215945, 1953291.600513710873201 ], [ 6170256.323081008158624, 1953040.287415881641209 ], [ 6170169.04256050568074, 1952796.354702389566228 ], [ 6170058.272732554934919, 1952562.15157861285843 ], [ 6169925.080371154472232, 1952339.933548661647364 ], [ 6169770.748191553167999, 1952131.840693641453981 ], [ 6169596.762497007846832, 1951939.877061500912532 ], [ 6169404.798864867538214, 1951765.891366955824196 ], [ 6169196.706009847112, 1951611.559187354752794 ], [ 6168974.487979896366596, 1951478.366825953824446 ], [ 6168740.284856119193137, 1951367.596998003544286 ], [ 6168496.352142627350986, 1951280.31647750036791 ], [ 6168489.420647595077753, 1951278.580228380160406 ], [ 6168375.235258872620761, 1951237.724043004680425 ] ] ] } },
{ "type": "Feature", "properties": { "stop_name": "Bascom Station", "stop_id": "65384", "stop_desc": "Southbound", "route_info": { "route_id": [ "SC:Green Line" ], "route_type": [ "0" ] } }, "geometry": { "type": "Polygon", "coordinates": [ [ [ 6147717.828714805655181, 1932956.980093318969011 ], [ 6147543.843020260334015, 1932765.016461178427562 ], [ 6147351.879388120025396, 1932591.030766633339226 ], [ 6147143.786533099599183, 1932436.698587032267824 ], [ 6146921.568503148853779, 1932303.506225631339476 ], [ 6146687.365379371680319, 1932192.736397681059316 ], [ 6146443.432665879838169, 1932105.45587717788294 ], [ 6146192.119568050839007, 1932042.50522324652411 ], [ 6145935.84636839851737, 1932004.490685096476227 ], [ 6145677.081117928028107, 1931991.778363510966301 ], [ 6145418.315867457538843, 1932004.490685096476227 ], [ 6145162.042667805217206, 1932042.50522324652411 ], [ 6144910.729569976218045, 1932105.45587717788294 ], [ 6144666.796856484375894, 1932192.736397681059316 ], [ 6144432.593732707202435, 1932303.506225631339476 ], [ 6144210.375702756457031, 1932436.698587032267824 ], [ 6144002.282847736030817, 1932591.030766633339226 ], [ 6143965.461161555722356, 1932624.403997661080211 ], [ 6143935.616642478853464, 1932646.538201537914574 ], [ 6143743.653010338544846, 1932820.52389608300291 ], [ 6143569.667315793223679, 1933012.487528223544359 ], [ 6143415.335136191919446, 1933220.580383243737742 ], [ 6143282.142774791456759, 1933442.798413194948807 ], [ 6143171.372946840710938, 1933677.001536971656606 ], [ 6143084.092426338233054, 1933920.934250463731587 ], [ 6143021.141772406175733, 1934172.247348292963579 ], [ 6142983.127234255895019, 1934428.520547945518047 ], [ 6142970.414912670850754, 1934687.285798415541649 ], [ 6142983.127234255895019, 1934946.051048885565251 ], [ 6143021.141772406175733, 1935202.324248538119718 ], [ 6143084.092426338233054, 1935453.637346367351711 ], [ 6143171.372946840710938, 1935697.570059859426692 ], [ 6143282.142774791456759, 1935931.77318363613449 ], [ 6143415.335136191919446, 1936153.991213587345555 ], [ 6143569.667315793223679, 1936362.084068607538939 ], [ 6143743.653010338544846, 1936554.047700748080388 ], [ 6143935.616642478853464, 1936728.033395293168724 ], [ 6144143.709497499279678, 1936882.365574894240126 ], [ 6144356.564814373850822, 1937009.946142040425912 ], [ 6144373.790074083022773, 1937022.721265313914046 ], [ 6144596.008104033768177, 1937155.913626714842394 ], [ 6144830.211227810941637, 1937266.683454665122554 ], [ 6145074.143941302783787, 1937353.96397516829893 ], [ 6145325.457039131782949, 1937416.914629099657759 ], [ 6145581.730238784104586, 1937454.929167249705642 ], [ 6145840.495489254593849, 1937467.641488835215569 ], [ 6146099.260739725083113, 1937454.929167249705642 ], [ 6146355.533939377404749, 1937416.914629099657759 ], [ 6146606.847037206403911, 1937353.96397516829893 ], [ 6146850.779750698246062, 1937266.683454665122554 ], [ 6147084.982874475419521, 1937155.913626714842394 ], [ 6147307.200904426164925, 1937022.721265313914046 ], [ 6147515.293759446591139, 1936868.389085712842643 ], [ 6147707.257391586899757, 1936694.403391167754307 ], [ 6147881.243086132220924, 1936502.439759027212858 ], [ 6148035.575265733525157, 1936294.346904007019475 ], [ 6148168.767627133987844, 1936072.12887405580841 ], [ 6148279.537455084733665, 1935837.925750279100612 ], [ 6148366.817975587211549, 1935593.99303678702563 ], [ 6148429.76862951926887, 1935342.679938957793638 ], [ 6148467.783167669549584, 1935086.406739305239171 ], [ 6148480.495489254593849, 1934827.641488835215569 ], [ 6148467.783167669549584, 1934568.876238365191966 ], [ 6148429.76862951926887, 1934312.603038712637499 ], [ 6148366.817975587211549, 1934061.289940883405507 ], [ 6148279.537455084733665, 1933817.357227391330525 ], [ 6148168.767627133987844, 1933583.154103614622727 ], [ 6148035.575265733525157, 1933360.936073663411662 ], [ 6147881.243086132220924, 1933152.843218643218279 ], [ 6147781.348166462033987, 1933042.626159347593784 ], [ 6147717.828714805655181, 1932956.980093318969011 ] ] ] } },
{ "type": "Feature", "properties": { "stop_name": "Baypointe Station", "stop_id": "64806", "stop_desc": "Westbound", "route_info": { "route_id": [ "SC:Event-Orange", "SC:Orange Line" ], "route_type": [ "0" ] } }, "geometry": { "type": "Polygon", "coordinates": [ [ [ 6145678.049902001395822, 1975041.839583624619991 ], [ 6145640.035363851115108, 1974785.566383972065523 ], [ 6145577.084709919057786, 1974534.253286142833531 ], [ 6145489.804189416579902, 1974290.32057265075855 ], [ 6145379.034361465834081, 1974056.117448874050751 ], [ 6145245.842000065371394, 1973833.899418922839686 ], [ 6145091.509820464067161, 1973625.806563902646303 ], [ 6144917.524125918745995, 1973433.842931762104854 ], [ 6144725.560493778437376, 1973259.857237217016518 ], [ 6144517.467638758011162, 1973105.525057615945116 ], [ 6144295.249608807265759, 1972972.332696215016767 ], [ 6144061.046485030092299, 1972861.562868264736608 ], [ 6143817.113771538250148, 1972774.282347761560231 ], [ 6143565.800673709250987, 1972711.331693830201402 ], [ 6143309.52747405692935, 1972673.317155680153519 ], [ 6143050.762223586440086, 1972660.604834094643593 ], [ 6142791.996973115950823, 1972673.317155680153519 ], [ 6142535.723773463629186, 1972711.331693830201402 ], [ 6142284.410675634630024, 1972774.282347761560231 ], [ 6142040.477962142787874, 1972861.562868264736608 ], [ 6141806.274838365614414, 1972972.332696215016767 ], [ 6141584.05680841486901, 1973105.525057615945116 ], [ 6141375.963953394442797, 1973259.857237217016518 ], [ 6141184.000321254134178, 1973433.842931762104854 ], [ 6141010.014626708813012, 1973625.806563902646303 ], [ 6140855.682447107508779, 1973833.899418922839686 ], [ 6140841.979850537143648, 1973856.760820154566318 ], [ 6140841.438381107524037, 1973857.490907164989039 ], [ 6140708.24601970706135, 1974079.708937116200104 ], [ 6140597.476191756315529, 1974313.912060892907903 ], [ 6140510.195671253837645, 1974557.844774384982884 ], [ 6140447.245017321780324, 1974809.157872214214876 ], [ 6140409.23047917149961, 1975065.431071866769344 ], [ 6140396.518157586455345, 1975324.196322336792946 ], [ 6140409.23047917149961, 1975582.961572806816548 ], [ 6140447.245017321780324, 1975839.234772459371015 ], [ 6140510.195671253837645, 1976090.547870288603008 ], [ 6140597.476191756315529, 1976334.480583780677989 ], [ 6140708.24601970706135, 1976568.683707557385787 ], [ 6140841.438381107524037, 1976790.901737508596852 ], [ 6140995.77056070882827, 1976998.994592528790236 ], [ 6141169.756255254149437, 1977190.958224669331685 ], [ 6141361.719887394458055, 1977364.943919214420021 ], [ 6141569.812742414884269, 1977519.276098815491423 ], [ 6141792.030772365629673, 1977652.468460216419771 ], [ 6142026.233896142803133, 1977763.238288166699931 ], [ 6142270.166609634645283, 1977850.518808669876307 ], [ 6142521.479707463644445, 1977913.469462601235136 ], [ 6142777.752907115966082, 1977951.48400075128302 ], [ 6143036.518157586455345, 1977964.196322336792946 ], [ 6143295.283408056944609, 1977951.48400075128302 ], [ 6143551.556607709266245, 1977913.469462601235136 ], [ 6143802.869705538265407, 1977850.518808669876307 ], [ 6144046.802419030107558, 1977763.238288166699931 ], [ 6144281.005542807281017, 1977652.468460216419771 ], [ 6144503.223572758026421, 1977519.276098815491423 ], [ 6144711.316427778452635, 1977364.943919214420021 ], [ 6144903.280059918761253, 1977190.958224669331685 ], [ 6145077.26575446408242, 1976998.994592528790236 ], [ 6145231.597934065386653, 1976790.901737508596852 ], [ 6145245.300530635751784, 1976768.040336276870221 ], [ 6145245.842000065371394, 1976767.310249266447499 ], [ 6145379.034361465834081, 1976545.092219315236434 ], [ 6145489.804189416579902, 1976310.889095538528636 ], [ 6145577.084709919057786, 1976066.956382046453655 ], [ 6145640.035363851115108, 1975815.643284217221662 ], [ 6145678.049902001395822, 1975559.370084564667195 ], [ 6145690.762223586440086, 1975300.604834094643593 ], [ 6145678.049902001395822, 1975041.839583624619991 ] ] ] } },
{ "type": "Feature", "properties": { "stop_name": "Bayshore Nasa Station", "stop_id": "64790", "stop_desc": "Eastbound", "route_info": { "route_id": [ "SC:Event-Orange", "SC:Event-Special", "SC:Orange Line" ], "route_type": [ "0" ] } }, "geometry": { "type": "Polygon", "coordinates": [ [ [ 6114330.279742015525699, 1972888.805413722293451 ], [ 6114267.329088083468378, 1972637.492315893061459 ], [ 6114180.048567580990493, 1972393.559602400986478 ], [ 6114069.278739630244672, 1972159.356478624278679 ], [ 6113936.086378229781985, 1971937.138448673067614 ], [ 6113781.754198628477752, 1971729.045593652874231 ], [ 6113607.768504083156586, 1971537.081961512332782 ], [ 6113415.804871942847967, 1971363.096266967244446 ], [ 6113207.712016922421753, 1971208.764087366173044 ], [ 6112985.49398697167635, 1971075.571725965244696 ], [ 6112751.29086319450289, 1970964.801898014964536 ], [ 6112507.358149702660739, 1970877.52137751178816 ], [ 6112256.045051873661578, 1970814.57072358042933 ], [ 6111999.771852221339941, 1970776.556185430381447 ], [ 6111741.006601750850677, 1970763.843863844871521 ], [ 6111482.241351280361414, 1970776.556185430381447 ], [ 6111225.968151628039777, 1970814.57072358042933 ], [ 6110974.655053799040616, 1970877.52137751178816 ], [ 6110730.722340307198465, 1970964.801898014964536 ], [ 6110496.519216530025005, 1971075.571725965244696 ], [ 6110356.158457113429904, 1971159.700727553805336 ], [ 6110186.457172624766827, 1971239.963457540376112 ], [ 6109964.239142674021423, 1971373.15581894130446 ], [ 6109756.146287653595209, 1971527.487998542375863 ], [ 6109564.182655513286591, 1971701.473693087464198 ], [ 6109390.196960967965424, 1971893.437325228005648 ], [ 6109235.864781366661191, 1972101.530180248199031 ], [ 6109102.672419966198504, 1972323.748210199410096 ], [ 6108991.902592015452683, 1972557.951333976117894 ], [ 6108904.622071512974799, 1972801.884047468192875 ], [ 6108841.671417580917478, 1973053.197145297424868 ], [ 6108803.656879430636764, 1973309.470344949979335 ], [ 6108790.944557845592499, 1973568.235595420002937 ], [ 6108803.656879430636764, 1973827.00084589002654 ], [ 6108841.671417580917478, 1974083.274045542581007 ], [ 6108904.622071512974799, 1974334.587143371812999 ], [ 6108991.902592015452683, 1974578.519856863887981 ], [ 6109102.672419966198504, 1974812.722980640595779 ], [ 6109235.864781366661191, 1975034.941010591806844 ], [ 6109390.196960967965424, 1975243.033865612000227 ], [ 6109564.182655513286591, 1975434.997497752541676 ], [ 6109756.146287653595209, 1975608.983192297630012 ], [ 6109964.239142674021423, 1975763.315371898701414 ], [ 6110186.457172624766827, 1975896.507733299629763 ], [ 6110420.660296401940286, 1976007.277561249909922 ], [ 6110664.593009893782437, 1976094.558081753086299 ], [ 6110915.906107722781599, 1976157.508735684445128 ], [ 6111172.179307375103235, 1976195.523273834493011 ], [ 6111430.944557845592499, 1976208.235595420002937 ], [ 6111689.709808316081762, 1976195.523273834493011 ], [ 6111945.983007968403399, 1976157.508735684445128 ], [ 6112197.296105797402561, 1976094.558081753086299 ], [ 6112441.228819289244711, 1976007.277561249909922 ], [ 6112675.431943066418171, 1975896.507733299629763 ], [ 6112815.792702483013272, 1975812.378731711069122 ], [ 6112985.49398697167635, 1975732.116001724498346 ], [ 6113207.712016922421753, 1975598.923640323569998 ], [ 6113415.804871942847967, 1975444.591460722498596 ], [ 6113607.768504083156586, 1975270.60576617741026 ], [ 6113781.754198628477752, 1975078.642134036868811 ], [ 6113936.086378229781985, 1974870.549279016675428 ], [ 6114069.278739630244672, 1974648.331249065464363 ], [ 6114180.048567580990493, 1974414.128125288756564 ], [ 6114267.329088083468378, 1974170.195411796681583 ], [ 6114330.279742015525699, 1973918.882313967449591 ], [ 6114368.294280165806413, 1973662.609114314895123 ], [ 6114381.006601750850677, 1973403.843863844871521 ], [ 6114368.294280165806413, 1973145.078613374847919 ], [ 6114330.279742015525699, 1972888.805413722293451 ] ] ] } },
{ "type": "Feature", "properties": { "stop_name": "Blossom Hill Station", "stop_id": "64739", "stop_desc": "Northbound", "route_info": { "route_id": [ "SC:Blue Line", "SC:Event-Blue" ], "route_type": [ "0" ] } }, "geometry": { "type": "Polygon", "coordinates": [ [ [ 6174087.957470519468188, 1916711.510616301791742 ], [ 6174025.006816587410867, 1916460.19751847255975 ], [ 6173937.726296084932983, 1916216.264804980484769 ], [ 6173826.956468134187162, 1915982.061681203776971 ], [ 6173693.764106733724475, 1915759.843651252565905 ], [ 6173539.431927132420242, 1915551.750796232372522 ], [ 6173365.446232587099075, 1915359.787164091831073 ], [ 6173173.482600446790457, 1915185.801469546742737 ], [ 6172965.389745426364243, 1915031.469289945671335 ], [ 6172743.171715475618839, 1914898.276928544742987 ], [ 6172508.96859169844538, 1914787.507100594462827 ], [ 6172265.035878206603229, 1914700.226580091286451 ], [ 6172013.722780377604067, 1914637.275926159927621 ], [ 6171757.449580725282431, 1914599.261388009879738 ], [ 6171498.684330254793167, 1914586.549066424369812 ], [ 6171239.919079784303904, 1914599.261388009879738 ], [ 6170983.645880131982267, 1914637.275926159927621 ], [ 6170969.973879058845341, 1914640.700584148289636 ], [ 6170958.966795637272298, 1914642.333330737659708 ], [ 6170707.653697808273137, 1914705.283984669018537 ], [ 6170463.720984316430986, 1914792.564505172194913 ], [ 6170229.517860539257526, 1914903.334333122475073 ], [ 6170007.299830588512123, 1915036.526694523403421 ], [ 6169802.990203452296555, 1915188.053041097475216 ], [ 6169751.610023699700832, 1915212.354056299431249 ], [ 6169529.391993748955429, 1915345.546417700359598 ], [ 6169321.299138728529215, 1915499.878597301431 ], [ 6169129.335506588220596, 1915673.864291846519336 ], [ 6168955.34981204289943, 1915865.827923987060785 ], [ 6168801.017632441595197, 1916073.920779007254168 ], [ 6168667.82527104113251, 1916296.138808958465233 ], [ 6168557.055443090386689, 1916530.341932735173032 ], [ 6168469.774922587908804, 1916774.274646227248013 ], [ 6168406.824268655851483, 1917025.587744056480005 ], [ 6168368.809730505570769, 1917281.860943709034473 ], [ 6168356.097408920526505, 1917540.626194179058075 ], [ 6168368.809730505570769, 1917799.391444649081677 ], [ 6168406.824268655851483, 1918055.664644301636145 ], [ 6168469.774922587908804, 1918306.977742130868137 ], [ 6168557.055443090386689, 1918550.910455622943118 ], [ 6168667.82527104113251, 1918785.113579399650916 ], [ 6168801.017632441595197, 1919007.331609350861982 ], [ 6168955.34981204289943, 1919215.424464371055365 ], [ 6169129.335506588220596, 1919407.388096511596814 ], [ 6169321.299138728529215, 1919581.37379105668515 ], [ 6169529.391993748955429, 1919735.705970657756552 ], [ 6169751.610023699700832, 1919868.8983320586849 ], [ 6169985.813147476874292, 1919979.66816000896506 ], [ 6170229.745860968716443, 1920066.948680512141436 ], [ 6170481.058958797715604, 1920129.899334443500265 ], [ 6170737.332158450037241, 1920167.913872593548149 ], [ 6170996.097408920526505, 1920180.626194179058075 ], [ 6171254.862659391015768, 1920167.913872593548149 ], [ 6171511.135859043337405, 1920129.899334443500265 ], [ 6171762.448956872336566, 1920066.948680512141436 ], [ 6172006.381670364178717, 1919979.66816000896506 ], [ 6172240.584794141352177, 1919868.8983320586849 ], [ 6172462.80282409209758, 1919735.705970657756552 ], [ 6172642.492862776853144, 1919602.438755307579413 ], [ 6172743.171715475618839, 1919554.821204303996637 ], [ 6172965.389745426364243, 1919421.628842903068289 ], [ 6173173.482600446790457, 1919267.296663301996887 ], [ 6173365.446232587099075, 1919093.310968756908551 ], [ 6173539.431927132420242, 1918901.347336616367102 ], [ 6173693.764106733724475, 1918693.254481596173719 ], [ 6173826.956468134187162, 1918471.036451644962654 ], [ 6173937.726296084932983, 1918236.833327868254855 ], [ 6174025.006816587410867, 1917992.900614376179874 ], [ 6174087.957470519468188, 1917741.587516546947882 ], [ 6174125.972008669748902, 1917485.314316894393414 ], [ 6174138.684330254793167, 1917226.549066424369812 ], [ 6174125.972008669748902, 1916967.78381595434621 ], [ 6174087.957470519468188, 1916711.510616301791742 ] ] ] } },
{ "type": "Feature", "properties": { "stop_name": "Bonaventura Station", "stop_id": "64765", "stop_desc": "Southbound", "route_info": { "route_id": [ "SC:Blue Line", "SC:Event-Special", "SC:Green Line" ], "route_type": [ "0" ] } }, "geometry": { "type": "Polygon", "coordinates": [ [ [ 6149089.273722583428025, 1966598.344003458041698 ], [ 6149051.259184433147311, 1966342.07080380548723 ], [ 6148988.30853050108999, 1966090.757705976255238 ], [ 6148901.028009998612106, 1965846.824992484180257 ], [ 6148790.258182047866285, 1965612.621868707472458 ], [ 6148657.065820647403598, 1965390.403838756261393 ], [ 6148502.733641046099365, 1965182.31098373606801 ], [ 6148328.747946500778198, 1964990.347351595526561 ], [ 6148136.78431436046958, 1964816.361657050438225 ], [ 6147928.691459340043366, 1964662.029477449366823 ], [ 6147706.473429389297962, 1964528.837116048438475 ], [ 6147472.270305612124503, 1964418.067288098158315 ], [ 6147228.337592120282352, 1964330.786767594981939 ], [ 6146977.02449429128319, 1964267.836113663623109 ], [ 6146720.751294638961554, 1964229.821575513575226 ], [ 6146461.98604416847229, 1964217.1092539280653 ], [ 6146203.220793697983027, 1964229.821575513575226 ], [ 6145946.94759404566139, 1964267.836113663623109 ], [ 6145695.634496216662228, 1964330.786767594981939 ], [ 6145451.701782724820077, 1964418.067288098158315 ], [ 6145217.498658947646618, 1964528.837116048438475 ], [ 6144995.280628996901214, 1964662.029477449366823 ], [ 6144787.187773976475, 1964816.361657050438225 ], [ 6144595.224141836166382, 1964990.347351595526561 ], [ 6144421.238447290845215, 1965182.31098373606801 ], [ 6144266.906267689540982, 1965390.403838756261393 ], [ 6144133.713906289078295, 1965612.621868707472458 ], [ 6144022.944078338332474, 1965846.824992484180257 ], [ 6143935.66355783585459, 1966090.757705976255238 ], [ 6143915.740982035174966, 1966170.293086919933558 ], [ 6143891.329985090531409, 1966238.517252971418202 ], [ 6143828.379331158474088, 1966489.830350800650194 ], [ 6143790.364793008193374, 1966746.103550453204662 ], [ 6143777.652471423149109, 1967004.868800923228264 ], [ 6143790.364793008193374, 1967263.634051393251866 ], [ 6143828.379331158474088, 1967519.907251045806333 ], [ 6143891.329985090531409, 1967771.220348875038326 ], [ 6143978.610505593009293, 1968015.153062367113307 ], [ 6144089.380333543755114, 1968249.356186143821105 ], [ 6144222.572694944217801, 1968471.57421609503217 ], [ 6144376.904874545522034, 1968679.667071115225554 ], [ 6144550.890569090843201, 1968871.630703255767003 ], [ 6144742.854201231151819, 1969045.616397800855339 ], [ 6144950.947056251578033, 1969199.948577401926741 ], [ 6145173.165086202323437, 1969333.140938802855089 ], [ 6145407.368209979496896, 1969443.910766753135249 ], [ 6145651.300923471339047, 1969531.191287256311625 ], [ 6145902.614021300338209, 1969594.141941187670454 ], [ 6146158.887220952659845, 1969632.156479337718338 ], [ 6146417.652471423149109, 1969644.868800923228264 ], [ 6146676.417721893638372, 1969632.156479337718338 ], [ 6146932.690921545960009, 1969594.141941187670454 ], [ 6147184.004019374959171, 1969531.191287256311625 ], [ 6147427.936732866801322, 1969443.910766753135249 ], [ 6147662.139856643974781, 1969333.140938802855089 ], [ 6147884.357886594720185, 1969199.948577401926741 ], [ 6148092.450741615146399, 1969045.616397800855339 ], [ 6148284.414373755455017, 1968871.630703255767003 ], [ 6148458.400068300776184, 1968679.667071115225554 ], [ 6148612.732247902080417, 1968471.57421609503217 ], [ 6148745.924609302543104, 1968249.356186143821105 ], [ 6148856.694437253288925, 1968015.153062367113307 ], [ 6148943.974957755766809, 1967771.220348875038326 ], [ 6148963.897533556446433, 1967691.684967931360006 ], [ 6148988.30853050108999, 1967623.460801879875362 ], [ 6149051.259184433147311, 1967372.14770405064337 ], [ 6149089.273722583428025, 1967115.874504398088902 ], [ 6149101.98604416847229, 1966857.1092539280653 ], [ 6149089.273722583428025, 1966598.344003458041698 ] ] ] } },
{ "type": "Feature", "properties": { "stop_name": "Borregas Station", "stop_id": "64815", "stop_desc": "Westbound", "route_info": { "route_id": [ "SC:Event-Blue", "SC:Event-Orange", "SC:Orange Line" ], "route_type": [ "0" ] } }, "geometry": { "type": "Polygon", "coordinates": [ [ [ 6123489.916456842795014, 1975639.969292868394405 ], [ 6123451.9019186925143, 1975383.696093215839937 ], [ 6123388.951264760456979, 1975132.382995386607945 ], [ 6123301.670744257979095, 1974888.450281894532964 ], [ 6123190.900916307233274, 1974654.247158117825165 ], [ 6123057.708554906770587, 1974432.0291281666141 ], [ 6122903.376375305466354, 1974223.936273146420717 ], [ 6122729.390680760145187, 1974031.972641005879268 ], [ 6122537.427048619836569, 1973857.986946460790932 ], [ 6122329.334193599410355, 1973703.65476685971953 ], [ 6122107.116163648664951, 1973570.462405458791181 ], [ 6121872.913039871491492, 1973459.692577508511022 ], [ 6121628.980326379649341, 1973372.412057005334646 ], [ 6121377.667228550650179, 1973309.461403073975816 ], [ 6121121.394028898328543, 1973271.446864923927933 ], [ 6120862.628778427839279, 1973258.734543338418007 ], [ 6120603.863527957350016, 1973271.446864923927933 ], [ 6120347.590328305028379, 1973309.461403073975816 ], [ 6120096.277230476029217, 1973372.412057005334646 ], [ 6119852.344516984187067, 1973459.692577508511022 ], [ 6119618.141393207013607, 1973570.462405458791181 ], [ 6119523.208686345256865, 1973627.362880203872919 ], [ 6119493.934948705136776, 1973641.208326966268942 ], [ 6119271.716918754391372, 1973774.40068836719729 ], [ 6119063.624063733965158, 1973928.732867968268692 ], [ 6118871.66043159365654, 1974102.718562513357028 ], [ 6118697.674737048335373, 1974294.682194653898478 ], [ 6118543.34255744703114, 1974502.775049674091861 ], [ 6118410.150196046568453, 1974724.993079625302926 ], [ 6118299.380368095822632, 1974959.196203402010724 ], [ 6118212.099847593344748, 1975203.128916894085705 ], [ 6118149.149193661287427, 1975454.442014723317698 ], [ 6118111.134655511006713, 1975710.715214375872165 ], [ 6118098.422333925962448, 1975969.480464845895767 ], [ 6118111.134655511006713, 1976228.245715315919369 ], [ 6118149.149193661287427, 1976484.518914968473837 ], [ 6118212.099847593344748, 1976735.832012797705829 ], [ 6118299.380368095822632, 1976979.76472628978081 ], [ 6118410.150196046568453, 1977213.967850066488609 ], [ 6118543.34255744703114, 1977436.185880017699674 ], [ 6118697.674737048335373, 1977644.278735037893057 ], [ 6118871.66043159365654, 1977836.242367178434506 ], [ 6119063.624063733965158, 1978010.228061723522842 ], [ 6119271.716918754391372, 1978164.560241324594244 ], [ 6119493.934948705136776, 1978297.752602725522593 ], [ 6119728.138072482310236, 1978408.522430675802752 ], [ 6119972.070785974152386, 1978495.802951178979129 ], [ 6120223.383883803151548, 1978558.753605110337958 ], [ 6120479.657083455473185, 1978596.768143260385841 ], [ 6120738.422333925962448, 1978609.480464845895767 ], [ 6120997.187584396451712, 1978596.768143260385841 ], [ 6121253.460784048773348, 1978558.753605110337958 ], [ 6121504.77388187777251, 1978495.802951178979129 ], [ 6121748.706595369614661, 1978408.522430675802752 ], [ 6121982.90971914678812, 1978297.752602725522593 ], [ 6122077.842426008544862, 1978240.852127980440855 ], [ 6122107.116163648664951, 1978227.006681218044832 ], [ 6122329.334193599410355, 1978093.814319817116484 ], [ 6122537.427048619836569, 1977939.482140216045082 ], [ 6122729.390680760145187, 1977765.496445670956746 ], [ 6122903.376375305466354, 1977573.532813530415297 ], [ 6123057.708554906770587, 1977365.439958510221913 ], [ 6123190.900916307233274, 1977143.221928559010848 ], [ 6123301.670744257979095, 1976909.01880478230305 ], [ 6123388.951264760456979, 1976665.086091290228069 ], [ 6123451.9019186925143, 1976413.772993460996076 ], [ 6123489.916456842795014, 1976157.499793808441609 ], [ 6123502.628778427839279, 1975898.734543338418007 ], [ 6123489.916456842795014, 1975639.969292868394405 ] ] ] } },
{ "type": "Feature", "properties": { "stop_name": "Branham Station", "stop_id": "64781", "stop_desc": "Southbound", "route_info": { "route_id": [ "SC:Blue Line" ], "route_type": [ "0" ] } }, "geometry": { "type": "Polygon", "coordinates": [ [ [ 6168775.119671015068889, 1921741.24268279899843 ], [ 6168712.169017083011568, 1921489.929584969766438 ], [ 6168624.888496580533683, 1921245.996871477691457 ], [ 6168514.118668629787862, 1921011.793747700983658 ], [ 6168380.926307229325175, 1920789.575717749772593 ], [ 6168226.594127628020942, 1920581.48286272957921 ], [ 6168052.608433082699776, 1920389.519230589037761 ], [ 6167860.644800942391157, 1920215.533536043949425 ], [ 6167652.551945921964943, 1920061.201356442878023 ], [ 6167430.33391597121954, 1919928.008995041949674 ], [ 6167196.13079219404608, 1919817.239167091669515 ], [ 6166952.198078702203929, 1919729.958646588493139 ], [ 6166700.884980873204768, 1919667.007992657134309 ], [ 6166444.611781220883131, 1919628.993454507086426 ], [ 6166185.846530750393867, 1919616.2811329215765 ], [ 6165927.081280279904604, 1919628.993454507086426 ], [ 6165670.808080627582967, 1919667.007992657134309 ], [ 6165419.494982798583806, 1919729.958646588493139 ], [ 6165175.562269306741655, 1919817.239167091669515 ], [ 6164941.359145529568195, 1919928.008995041949674 ], [ 6164719.141115578822792, 1920061.201356442878023 ], [ 6164511.048260558396578, 1920215.533536043949425 ], [ 6164319.084628418087959, 1920389.519230589037761 ], [ 6164145.098933872766793, 1920581.48286272957921 ], [ 6163990.76675427146256, 1920789.575717749772593 ], [ 6163857.574392870999873, 1921011.793747700983658 ], [ 6163746.804564920254052, 1921245.996871477691457 ], [ 6163659.524044417776167, 1921489.929584969766438 ], [ 6163645.250512362457812, 1921546.912719119107351 ], [ 6163631.698640757240355, 1921584.787662972696126 ], [ 6163568.747986825183034, 1921836.100760801928118 ], [ 6163530.73344867490232, 1922092.373960454482585 ], [ 6163518.021127089858055, 1922351.139210924506187 ], [ 6163530.73344867490232, 1922609.90446139452979 ], [ 6163568.747986825183034, 1922866.177661047084257 ], [ 6163631.698640757240355, 1923117.490758876316249 ], [ 6163718.979161259718239, 1923361.423472368391231 ], [ 6163829.74898921046406, 1923595.626596145099029 ], [ 6163962.941350610926747, 1923817.844626096310094 ], [ 6164117.27353021223098, 1924025.937481116503477 ], [ 6164291.259224757552147, 1924217.901113257044926 ], [ 6164483.222856897860765, 1924391.886807802133262 ], [ 6164691.315711918286979, 1924546.218987403204665 ], [ 6164913.533741869032383, 1924679.411348804133013 ], [ 6165147.736865646205842, 1924790.181176754413173 ], [ 6165391.669579138047993, 1924877.461697257589549 ], [ 6165642.982676967047155, 1924940.412351188948378 ], [ 6165899.255876619368792, 1924978.426889338996261 ], [ 6166158.021127089858055, 1924991.139210924506187 ], [ 6166416.786377560347319, 1924978.426889338996261 ], [ 6166673.059577212668955, 1924940.412351188948378 ], [ 6166924.372675041668117, 1924877.461697257589549 ], [ 6167168.305388533510268, 1924790.181176754413173 ], [ 6167402.508512310683727, 1924679.411348804133013 ], [ 6167624.726542261429131, 1924546.218987403204665 ], [ 6167832.819397281855345, 1924391.886807802133262 ], [ 6168024.783029422163963, 1924217.901113257044926 ], [ 6168198.76872396748513, 1924025.937481116503477 ], [ 6168353.100903568789363, 1923817.844626096310094 ], [ 6168486.29326496925205, 1923595.626596145099029 ], [ 6168597.063092919997871, 1923361.423472368391231 ], [ 6168684.343613422475755, 1923117.490758876316249 ], [ 6168698.275292817503214, 1923061.872377049410716 ], [ 6168712.177547252736986, 1923023.018178786151111 ], [ 6168775.128201184794307, 1922771.705080956919119 ], [ 6168813.142739335075021, 1922515.431881304364651 ], [ 6168825.855060920119286, 1922256.666630834341049 ], [ 6168825.841326686553657, 1922256.387064081151038 ], [ 6168825.846530750393867, 1922256.2811329215765 ], [ 6168813.134209165349603, 1921997.515882451552898 ], [ 6168775.119671015068889, 1921741.24268279899843 ] ] ] } },
{ "type": "Feature", "properties": { "stop_name": "Campbell Station", "stop_id": "65379", "stop_desc": "Northbound", "route_info": { "route_id": [ "SC:Green Line" ], "route_type": [ "0" ] } }, "geometry": { "type": "Polygon", "coordinates": [ [ [ 6141783.066268175840378, 1926973.343190416693687 ], [ 6141524.301017705351114, 1926986.055512002203614 ], [ 6141268.027818053029478, 1927024.070050152251497 ], [ 6141016.714720224030316, 1927087.020704083610326 ], [ 6140772.782006732188165, 1927174.301224586786702 ], [ 6140538.578882955014706, 1927285.071052537066862 ], [ 6140316.360853004269302, 1927418.26341393799521 ], [ 6140298.290239866822958, 1927431.665494042914361 ], [ 6140269.108979004435241, 1927449.15606869966723 ], [ 6140061.016123984009027, 1927603.488248300738633 ], [ 6139869.052491843700409, 1927777.473942845826969 ], [ 6139695.066797298379242, 1927969.437574986368418 ], [ 6139540.734617697075009, 1928177.530430006561801 ], [ 6139407.542256296612322, 1928399.748459957772866 ], [ 6139296.772428345866501, 1928633.951583734480664 ], [ 6139209.491907843388617, 1928877.884297226555645 ], [ 6139146.541253911331296, 1929129.197395055787638 ], [ 6139108.526715761050582, 1929385.470594708342105 ], [ 6139095.814394176006317, 1929644.235845178365707 ], [ 6139108.526715761050582, 1929903.00109564838931 ], [ 6139146.541253911331296, 1930159.274295300943777 ], [ 6139209.491907843388617, 1930410.587393130175769 ], [ 6139296.772428345866501, 1930654.520106622250751 ], [ 6139296.929869629442692, 1930654.852988249156624 ], [ 6139296.965013262815773, 1930654.951208123238757 ], [ 6139407.734841213561594, 1930889.154331899946555 ], [ 6139540.927202614024282, 1931111.372361851157621 ], [ 6139670.88892903085798, 1931286.605464651016518 ], [ 6139694.431816862896085, 1931325.884400007547811 ], [ 6139848.763996464200318, 1931533.977255027741194 ], [ 6140022.749691009521484, 1931725.940887168282643 ], [ 6140214.713323149830103, 1931899.926581713370979 ], [ 6140422.806178170256317, 1932054.258761314442381 ], [ 6140645.02420812100172, 1932187.45112271537073 ], [ 6140879.22733189817518, 1932298.220950665650889 ], [ 6141123.160045390017331, 1932385.501471168827266 ], [ 6141374.473143219016492, 1932448.452125100186095 ], [ 6141630.746342871338129, 1932486.466663250233978 ], [ 6141889.511593341827393, 1932499.178984835743904 ], [ 6142148.276843812316656, 1932486.466663250233978 ], [ 6142404.550043464638293, 1932448.452125100186095 ], [ 6142655.863141293637455, 1932385.501471168827266 ], [ 6142899.795854785479605, 1932298.220950665650889 ], [ 6143133.998978562653065, 1932187.45112271537073 ], [ 6143356.217008513398468, 1932054.258761314442381 ], [ 6143564.309863533824682, 1931899.926581713370979 ], [ 6143756.273495674133301, 1931725.940887168282643 ], [ 6143930.259190219454467, 1931533.977255027741194 ], [ 6144084.5913698207587, 1931325.884400007547811 ], [ 6144217.783731221221387, 1931103.666370056336746 ], [ 6144328.553559171967208, 1930869.463246279628947 ], [ 6144415.834079674445093, 1930625.530532787553966 ], [ 6144478.784733606502414, 1930374.217434958321974 ], [ 6144516.799271756783128, 1930117.944235305767506 ], [ 6144529.511593341827393, 1929859.178984835743904 ], [ 6144516.799271756783128, 1929600.413734365720302 ], [ 6144478.784733606502414, 1929344.140534713165835 ], [ 6144415.834079674445093, 1929092.827436883933842 ], [ 6144328.553559171967208, 1928848.894723391858861 ], [ 6144254.117668070830405, 1928691.513254632707685 ], [ 6144222.48487367015332, 1928603.105516812531278 ], [ 6144111.715045719407499, 1928368.902393035823479 ], [ 6143978.522684318944812, 1928146.684363084612414 ], [ 6143824.190504717640579, 1927938.591508064419031 ], [ 6143650.204810172319412, 1927746.627875923877582 ], [ 6143458.241178032010794, 1927572.642181378789246 ], [ 6143250.14832301158458, 1927418.310001777717844 ], [ 6143027.930293060839176, 1927285.117640376789495 ], [ 6142793.727169283665717, 1927174.347812426509336 ], [ 6142549.794455791823566, 1927087.067291923332959 ], [ 6142298.481357962824404, 1927024.11663799197413 ], [ 6142042.208158310502768, 1926986.102099841926247 ], [ 6142042.114604662172496, 1926986.097503845812753 ], [ 6142041.831518646329641, 1926986.055512002203614 ], [ 6141783.066268175840378, 1926973.343190416693687 ] ] ] } },
{ "type": "Feature", "properties": { "stop_name": "Capitol Station", "stop_id": "64780", "stop_desc": "Southbound", "route_info": { "route_id": [ "SC:Blue Line" ], "route_type": [ "0" ] } }, "geometry": { "type": "Polygon", "coordinates": [ [ [ 6167668.894849358126521, 1924700.521541132824495 ], [ 6167605.9441954260692, 1924449.208443303592503 ], [ 6167518.663674923591316, 1924205.275729811517522 ], [ 6167407.893846972845495, 1923971.072606034809723 ], [ 6167274.701485572382808, 1923748.854576083598658 ], [ 6167120.369305971078575, 1923540.761721063405275 ], [ 6166946.383611425757408, 1923348.798088922863826 ], [ 6166754.41997928544879, 1923174.81239437777549 ], [ 6166546.327124265022576, 1923020.480214776704088 ], [ 6166324.109094314277172, 1922887.28785337577574 ], [ 6166089.905970537103713, 1922776.51802542549558 ], [ 6165845.973257045261562, 1922689.237504922319204 ], [ 6165594.6601592162624, 1922626.286850990960374 ], [ 6165338.386959563940763, 1922588.272312840912491 ], [ 6165079.6217090934515, 1922575.559991255402565 ], [ 6164820.856458622962236, 1922588.272312840912491 ], [ 6164564.5832589706406, 1922626.286850990960374 ], [ 6164313.270161141641438, 1922689.237504922319204 ], [ 6164069.337447649799287, 1922776.51802542549558 ], [ 6163835.134323872625828, 1922887.28785337577574 ], [ 6163612.916293921880424, 1923020.480214776704088 ], [ 6163404.82343890145421, 1923174.81239437777549 ], [ 6163212.859806761145592, 1923348.798088922863826 ], [ 6163038.874112215824425, 1923540.761721063405275 ], [ 6162884.541932614520192, 1923748.854576083598658 ], [ 6162751.349571214057505, 1923971.072606034809723 ], [ 6162640.579743263311684, 1924205.275729811517522 ], [ 6162553.2992227608338, 1924449.208443303592503 ], [ 6162490.348568828776479, 1924700.521541132824495 ], [ 6162470.922009137459099, 1924831.484768690774217 ], [ 6162451.951992081478238, 1924907.217321961419657 ], [ 6162413.937453931197524, 1925163.490521613974124 ], [ 6162401.225132346153259, 1925422.255772083997726 ], [ 6162401.22934032138437, 1925422.341427380451933 ], [ 6162401.222507670521736, 1925422.480509176850319 ], [ 6162413.934829255566001, 1925681.245759646873921 ], [ 6162451.949367405846715, 1925937.518959299428388 ], [ 6162514.900021337904036, 1926188.832057128660381 ], [ 6162602.18054184038192, 1926432.764770620735362 ], [ 6162712.950369791127741, 1926666.96789439744316 ], [ 6162846.142731191590428, 1926889.185924348654225 ], [ 6163000.474910792894661, 1927097.278779368847609 ], [ 6163174.460605338215828, 1927289.242411509389058 ], [ 6163366.424237478524446, 1927463.228106054477394 ], [ 6163574.51709249895066, 1927617.560285655548796 ], [ 6163796.735122449696064, 1927750.752647056477144 ], [ 6164030.938246226869524, 1927861.522475006757304 ], [ 6164274.870959718711674, 1927948.80299550993368 ], [ 6164526.184057547710836, 1928011.753649441292509 ], [ 6164782.457257200032473, 1928049.768187591340393 ], [ 6165041.222507670521736, 1928062.480509176850319 ], [ 6165299.987758141011, 1928049.768187591340393 ], [ 6165556.260957793332636, 1928011.753649441292509 ], [ 6165807.574055622331798, 1927948.80299550993368 ], [ 6166051.506769114173949, 1927861.522475006757304 ], [ 6166285.709892891347408, 1927750.752647056477144 ], [ 6166507.927922842092812, 1927617.560285655548796 ], [ 6166716.020777862519026, 1927463.228106054477394 ], [ 6166907.984410002827644, 1927289.242411509389058 ], [ 6167081.970104548148811, 1927097.278779368847609 ], [ 6167236.302284149453044, 1926889.185924348654225 ], [ 6167369.494645549915731, 1926666.96789439744316 ], [ 6167480.264473500661552, 1926432.764770620735362 ], [ 6167567.544994003139436, 1926188.832057128660381 ], [ 6167630.495647935196757, 1925937.518959299428388 ], [ 6167636.020224542357028, 1925900.275289044249803 ], [ 6167665.011983109638095, 1925784.533700958592817 ], [ 6167703.026521259918809, 1925528.26050130603835 ], [ 6167705.065530407242477, 1925486.755516614299268 ], [ 6167706.909387508407235, 1925474.325241725426167 ], [ 6167719.6217090934515, 1925215.559991255402565 ], [ 6167706.909387508407235, 1924956.794740785378963 ], [ 6167668.894849358126521, 1924700.521541132824495 ] ] ] } },
{ "type": "Feature", "properties": { "stop_name": "Champion Station", "stop_id": "64807", "stop_desc": "Westbound", "route_info": { "route_id": [ "SC:Event-Blue", "SC:Event-Green", "SC:Event-Orange", "SC:Event-Special", "SC:Green Line", "SC:Orange Line" ], "route_type": [ "0" ] } }, "geometry": { "type": "Polygon", "coordinates": [ [ [ 6141774.264814558438957, 1973141.909565810114145 ], [ 6141600.27912001311779, 1972949.945933669572696 ], [ 6141408.315487872809172, 1972775.96023912448436 ], [ 6141200.222632852382958, 1972621.628059523412958 ], [ 6140978.004602901637554, 1972488.435698122484609 ], [ 6140743.801479124464095, 1972377.66587017220445 ], [ 6140499.868765632621944, 1972290.385349669028074 ], [ 6140248.555667803622782, 1972227.434695737669244 ], [ 6139992.282468151301146, 1972189.420157587621361 ], [ 6139733.517217680811882, 1972176.707836002111435 ], [ 6139474.751967210322618, 1972189.420157587621361 ], [ 6139218.478767558000982, 1972227.434695737669244 ], [ 6138967.16566972900182, 1972290.385349669028074 ], [ 6138723.232956237159669, 1972377.66587017220445 ], [ 6138489.02983245998621, 1972488.435698122484609 ], [ 6138266.811802509240806, 1972621.628059523412958 ], [ 6138058.718947488814592, 1972775.96023912448436 ], [ 6137866.755315348505974, 1972949.945933669572696 ], [ 6137692.769620803184807, 1973141.909565810114145 ], [ 6137538.437441201880574, 1973350.002420830307528 ], [ 6137405.245079801417887, 1973572.220450781518593 ], [ 6137294.475251850672066, 1973806.423574558226392 ], [ 6137207.194731348194182, 1974050.356288050301373 ], [ 6137144.244077416136861, 1974301.669385879533365 ], [ 6137106.229539265856147, 1974557.942585532087833 ], [ 6137093.517217680811882, 1974816.707836002111435 ], [ 6137106.229539265856147, 1975075.473086472135037 ], [ 6137144.244077416136861, 1975331.746286124689505 ], [ 6137207.194731348194182, 1975583.059383953921497 ], [ 6137294.475251850672066, 1975826.992097445996478 ], [ 6137405.245079801417887, 1976061.195221222704276 ], [ 6137538.437441201880574, 1976283.413251173915341 ], [ 6137692.769620803184807, 1976491.506106194108725 ], [ 6137694.833161410875618, 1976493.782872402342036 ], [ 6137714.074040126986802, 1976519.726194109767675 ], [ 6137888.059734672307968, 1976711.689826250309125 ], [ 6138080.023366812616587, 1976885.67552079539746 ], [ 6138288.1162218330428, 1977040.007700396468863 ], [ 6138510.334251783788204, 1977173.200061797397211 ], [ 6138744.537375560961664, 1977283.969889747677371 ], [ 6138988.470089052803814, 1977371.250410250853747 ], [ 6139239.783186881802976, 1977434.201064182212576 ], [ 6139496.056386534124613, 1977472.21560233226046 ], [ 6139754.821637004613876, 1977484.927923917770386 ], [ 6140013.58688747510314, 1977472.21560233226046 ], [ 6140269.860087127424777, 1977434.201064182212576 ], [ 6140521.173184956423938, 1977371.250410250853747 ], [ 6140765.105898448266089, 1977283.969889747677371 ], [ 6140999.309022225439548, 1977173.200061797397211 ], [ 6141221.527052176184952, 1977040.007700396468863 ], [ 6141429.619907196611166, 1976885.67552079539746 ], [ 6141621.583539336919785, 1976711.689826250309125 ], [ 6141795.569233882240951, 1976519.726194109767675 ], [ 6141949.901413483545184, 1976311.633339089574292 ], [ 6142083.093774884007871, 1976089.415309138363227 ], [ 6142193.863602834753692, 1975855.212185361655429 ], [ 6142281.144123337231576, 1975611.279471869580448 ], [ 6142344.094777269288898, 1975359.966374040348455 ], [ 6142382.109315419569612, 1975103.693174387793988 ], [ 6142394.821637004613876, 1974844.927923917770386 ], [ 6142382.109315419569612, 1974586.162673447746783 ], [ 6142344.094777269288898, 1974329.889473795192316 ], [ 6142281.144123337231576, 1974078.576375965960324 ], [ 6142193.863602834753692, 1973834.643662473885342 ], [ 6142083.093774884007871, 1973600.440538697177544 ], [ 6141949.901413483545184, 1973378.222508745966479 ], [ 6141795.569233882240951, 1973170.129653725773096 ], [ 6141793.50569327455014, 1973167.852887517539784 ], [ 6141774.264814558438957, 1973141.909565810114145 ] ] ] } },
{ "type": "Feature", "properties": { "stop_name": "Children's Discovery Museum Station", "stop_id": "64776", "stop_desc": "Southbound", "route_info": { "route_id": [ "SC:Blue Line" ], "route_type": [ "0" ] } }, "geometry": { "type": "Polygon", "coordinates": [ [ [ 6159197.002672431990504, 1944111.63101279665716 ], [ 6159134.052018499933183, 1943860.317914967425168 ], [ 6159046.771497997455299, 1943616.385201475350186 ], [ 6158936.001670046709478, 1943382.182077698642388 ], [ 6158802.809308646246791, 1943159.964047747431323 ], [ 6158648.477129044942558, 1942951.87119272723794 ], [ 6158474.491434499621391, 1942759.907560586696491 ], [ 6158282.527802359312773, 1942585.921866041608155 ], [ 6158074.434947338886559, 1942431.589686440536752 ], [ 6157852.216917388141155, 1942298.397325039608404 ], [ 6157618.013793610967696, 1942187.627497089328244 ], [ 6157374.081080119125545, 1942100.346976586151868 ], [ 6157122.767982290126383, 1942037.396322654793039 ], [ 6156866.494782637804747, 1941999.381784504745156 ], [ 6156607.729532167315483, 1941986.669462919235229 ], [ 6156348.96428169682622, 1941999.381784504745156 ], [ 6156092.691082044504583, 1942037.396322654793039 ], [ 6155841.377984215505421, 1942100.346976586151868 ], [ 6155597.44527072366327, 1942187.627497089328244 ], [ 6155363.242146946489811, 1942298.397325039608404 ], [ 6155141.024116995744407, 1942431.589686440536752 ], [ 6154932.931261975318193, 1942585.921866041608155 ], [ 6154740.967629835009575, 1942759.907560586696491 ], [ 6154566.981935289688408, 1942951.87119272723794 ], [ 6154457.336643990129232, 1943099.710753892781213 ], [ 6154401.573473465628922, 1943161.235931474715471 ], [ 6154247.241293864324689, 1943369.328786494908854 ], [ 6154114.048932463862002, 1943591.546816446119919 ], [ 6154003.279104513116181, 1943825.749940222827718 ], [ 6153915.998584010638297, 1944069.682653714902699 ], [ 6153853.047930078580976, 1944320.995751544134691 ], [ 6153815.033391928300261, 1944577.268951196689159 ], [ 6153802.321070343255997, 1944836.034201666712761 ], [ 6153815.033391928300261, 1945094.799452136736363 ], [ 6153853.047930078580976, 1945351.07265178929083 ], [ 6153915.998584010638297, 1945602.385749618522823 ], [ 6154003.279104513116181, 1945846.318463110597804 ], [ 6154114.048932463862002, 1946080.521586887305602 ], [ 6154247.241293864324689, 1946302.739616838516667 ], [ 6154401.573473465628922, 1946510.832471858710051 ], [ 6154575.559168010950089, 1946702.7961039992515 ], [ 6154767.522800151258707, 1946876.781798544339836 ], [ 6154975.615655171684921, 1947031.113978145411238 ], [ 6155197.833685122430325, 1947164.306339546339586 ], [ 6155432.036808899603784, 1947275.076167496619746 ], [ 6155675.969522391445935, 1947362.356687999796122 ], [ 6155927.282620220445096, 1947425.307341931154951 ], [ 6156183.555819872766733, 1947463.321880081202835 ], [ 6156442.321070343255997, 1947476.034201666712761 ], [ 6156701.08632081374526, 1947463.321880081202835 ], [ 6156957.359520466066897, 1947425.307341931154951 ], [ 6157208.672618295066059, 1947362.356687999796122 ], [ 6157452.605331786908209, 1947275.076167496619746 ], [ 6157686.808455564081669, 1947164.306339546339586 ], [ 6157909.026485514827073, 1947031.113978145411238 ], [ 6158117.119340535253286, 1946876.781798544339836 ], [ 6158309.082972675561905, 1946702.7961039992515 ], [ 6158483.068667220883071, 1946510.832471858710051 ], [ 6158592.713958520442247, 1946362.992910693166777 ], [ 6158648.477129044942558, 1946301.467733111232519 ], [ 6158802.809308646246791, 1946093.374878091039136 ], [ 6158936.001670046709478, 1945871.156848139828071 ], [ 6159046.771497997455299, 1945636.953724363120273 ], [ 6159134.052018499933183, 1945393.021010871045291 ], [ 6159197.002672431990504, 1945141.707913041813299 ], [ 6159235.017210582271218, 1944885.434713389258832 ], [ 6159247.729532167315483, 1944626.669462919235229 ], [ 6159235.017210582271218, 1944367.904212449211627 ], [ 6159197.002672431990504, 1944111.63101279665716 ] ] ] } },
{ "type": "Feature", "properties": { "stop_name": "Cisco Station", "stop_id": "64802", "stop_desc": "Eastbound", "route_info": { "route_id": [ "SC:Event-Orange", "SC:Orange Line" ], "route_type": [ "0" ] } }, "geometry": { "type": "Polygon", "coordinates": [ [ [ 6149522.868327835574746, 1975508.683466200251132 ], [ 6149484.853789685294032, 1975252.410266547696665 ], [ 6149421.903135753236711, 1975001.097168718464673 ], [ 6149334.622615250758827, 1974757.164455226389691 ], [ 6149223.852787300013006, 1974522.961331449681893 ], [ 6149090.660425899550319, 1974300.743301498470828 ], [ 6148936.328246298246086, 1974092.650446478277445 ], [ 6148762.342551752924919, 1973900.686814337735996 ], [ 6148570.378919612616301, 1973726.70111979264766 ], [ 6148362.286064592190087, 1973572.368940191576257 ], [ 6148140.068034641444683, 1973439.176578790647909 ], [ 6147905.864910864271224, 1973328.406750840367749 ], [ 6147661.932197372429073, 1973241.126230337191373 ], [ 6147410.619099543429911, 1973178.175576405832544 ], [ 6147154.345899891108274, 1973140.161038255784661 ], [ 6146895.580649420619011, 1973127.448716670274734 ], [ 6146636.815398950129747, 1973140.161038255784661 ], [ 6146380.542199297808111, 1973178.175576405832544 ], [ 6146129.229101468808949, 1973241.126230337191373 ], [ 6145885.296387976966798, 1973328.406750840367749 ], [ 6145651.093264199793339, 1973439.176578790647909 ], [ 6145428.875234249047935, 1973572.368940191576257 ], [ 6145220.782379228621721, 1973726.70111979264766 ], [ 6145028.818747088313103, 1973900.686814337735996 ], [ 6144854.833052542991936, 1974092.650446478277445 ], [ 6144700.500872941687703, 1974300.743301498470828 ], [ 6144567.308511541225016, 1974522.961331449681893 ], [ 6144456.538683590479195, 1974757.164455226389691 ], [ 6144369.258163088001311, 1975001.097168718464673 ], [ 6144306.30750915594399, 1975252.410266547696665 ], [ 6144268.292971005663276, 1975508.683466200251132 ], [ 6144255.580649420619011, 1975767.448716670274734 ], [ 6144268.292971005663276, 1976026.213967140298337 ], [ 6144306.30750915594399, 1976282.487166792852804 ], [ 6144369.258163088001311, 1976533.800264622084796 ], [ 6144456.538683590479195, 1976777.732978114159778 ], [ 6144567.308511541225016, 1977011.936101890867576 ], [ 6144700.500872941687703, 1977234.154131842078641 ], [ 6144854.833052542991936, 1977442.246986862272024 ], [ 6145028.818747088313103, 1977634.210619002813473 ], [ 6145220.782379228621721, 1977808.196313547901809 ], [ 6145428.875234249047935, 1977962.528493148973212 ], [ 6145651.093264199793339, 1978095.72085454990156 ], [ 6145885.296387976966798, 1978206.49068250018172 ], [ 6146129.229101468808949, 1978293.771203003358096 ], [ 6146380.542199297808111, 1978356.721856934716925 ], [ 6146636.815398950129747, 1978394.736395084764808 ], [ 6146895.580649420619011, 1978407.448716670274734 ], [ 6147154.345899891108274, 1978394.736395084764808 ], [ 6147410.619099543429911, 1978356.721856934716925 ], [ 6147661.932197372429073, 1978293.771203003358096 ], [ 6147905.864910864271224, 1978206.49068250018172 ], [ 6148140.068034641444683, 1978095.72085454990156 ], [ 6148362.286064592190087, 1977962.528493148973212 ], [ 6148570.378919612616301, 1977808.196313547901809 ], [ 6148762.342551752924919, 1977634.210619002813473 ], [ 6148936.328246298246086, 1977442.246986862272024 ], [ 6149090.660425899550319, 1977234.154131842078641 ], [ 6149223.852787300013006, 1977011.936101890867576 ], [ 6149334.622615250758827, 1976777.732978114159778 ], [ 6149421.903135753236711, 1976533.800264622084796 ], [ 6149484.853789685294032, 1976282.487166792852804 ], [ 6149522.868327835574746, 1976026.213967140298337 ], [ 6149535.580649420619011, 1975767.448716670274734 ], [ 6149522.868327835574746, 1975508.683466200251132 ] ] ] } },
{ "type": "Feature", "properties": { "stop_name": "Civic Center Station", "stop_id": "64770", "stop_desc": "Southbound", "route_info": { "route_id": [ "SC:Blue Line", "SC:Green Line" ], "route_type": [ "0" ] } }, "geometry": { "type": "Polygon", "coordinates": [ [ [ 6156814.174939418211579, 1953176.965334449429065 ], [ 6156776.160401267930865, 1952920.692134796874598 ], [ 6156713.209747335873544, 1952669.379036967642605 ], [ 6156625.92922683339566, 1952425.446323475567624 ], [ 6156515.159398882649839, 1952191.243199698859826 ], [ 6156381.967037482187152, 1951969.025169747648761 ], [ 6156227.634857880882919, 1951760.932314727455378 ], [ 6156053.649163335561752, 1951568.968682586913928 ], [ 6155861.685531195253134, 1951394.982988041825593 ], [ 6155653.59267617482692, 1951240.65080844075419 ], [ 6155431.374646224081516, 1951107.458447039825842 ], [ 6155197.171522446908057, 1950996.688619089545682 ], [ 6154953.238808955065906, 1950909.408098586369306 ], [ 6154701.925711126066744, 1950846.457444655010477 ], [ 6154445.652511473745108, 1950808.442906504962593 ], [ 6154186.887261003255844, 1950795.730584919452667 ], [ 6153928.122010532766581, 1950808.442906504962593 ], [ 6153671.848810880444944, 1950846.457444655010477 ], [ 6153420.535713051445782, 1950909.408098586369306 ], [ 6153176.602999559603631, 1950996.688619089545682 ], [ 6152942.399875782430172, 1951107.458447039825842 ], [ 6152720.181845831684768, 1951240.65080844075419 ], [ 6152512.088990811258554, 1951394.982988041825593 ], [ 6152320.125358670949936, 1951568.968682586913928 ], [ 6152146.139664125628769, 1951760.932314727455378 ], [ 6151991.807484524324536, 1951969.025169747648761 ], [ 6151858.615123123861849, 1952191.243199698859826 ], [ 6151747.845295173116028, 1952425.446323475567624 ], [ 6151660.564774670638144, 1952669.379036967642605 ], [ 6151597.614120738580823, 1952920.692134796874598 ], [ 6151559.599582588300109, 1953176.965334449429065 ], [ 6151546.887261003255844, 1953435.730584919452667 ], [ 6151546.888200680725276, 1953435.749712499091402 ], [ 6151546.881355509161949, 1953435.889049172401428 ], [ 6151559.593677094206214, 1953694.65429964242503 ], [ 6151597.608215244486928, 1953950.927499294979498 ], [ 6151660.558869176544249, 1954202.24059712421149 ], [ 6151747.839389679022133, 1954446.173310616286471 ], [ 6151858.609217629767954, 1954680.37643439299427 ], [ 6151991.801579030230641, 1954902.594464344205335 ], [ 6152146.133758631534874, 1955110.687319364398718 ], [ 6152320.119453176856041, 1955302.650951504940167 ], [ 6152512.08308531716466, 1955476.636646050028503 ], [ 6152720.175940337590873, 1955630.968825651099905 ], [ 6152942.393970288336277, 1955764.161187052028254 ], [ 6153176.597094065509737, 1955874.931015002308413 ], [ 6153420.529807557351887, 1955962.21153550548479 ], [ 6153671.842905386351049, 1956025.162189436843619 ], [ 6153928.116105038672686, 1956063.176727586891502 ], [ 6154186.881355509161949, 1956075.889049172401428 ], [ 6154445.646605979651213, 1956063.176727586891502 ], [ 6154701.919805631972849, 1956025.162189436843619 ], [ 6154953.232903460972011, 1955962.21153550548479 ], [ 6155197.165616952814162, 1955874.931015002308413 ], [ 6155431.368740729987621, 1955764.161187052028254 ], [ 6155653.586770680733025, 1955630.968825651099905 ], [ 6155861.679625701159239, 1955476.636646050028503 ], [ 6156053.643257841467857, 1955302.650951504940167 ], [ 6156227.628952386789024, 1955110.687319364398718 ], [ 6156381.961131988093257, 1954902.594464344205335 ], [ 6156515.153493388555944, 1954680.37643439299427 ], [ 6156625.923321339301765, 1954446.173310616286471 ], [ 6156713.203841841779649, 1954202.24059712421149 ], [ 6156776.15449577383697, 1953950.927499294979498 ], [ 6156814.169033924117684, 1953694.65429964242503 ], [ 6156826.881355509161949, 1953435.889049172401428 ], [ 6156826.880415831692517, 1953435.869921592762694 ], [ 6156826.887261003255844, 1953435.730584919452667 ], [ 6156814.174939418211579, 1953176.965334449429065 ] ] ] } },
{ "type": "Feature", "properties": { "stop_name": "Component Station", "stop_id": "64766", "stop_desc": "Southbound", "route_info": { "route_id": [ "SC:Blue Line", "SC:Event-Special", "SC:Green Line" ], "route_type": [ "0" ] } }, "geometry": { "type": "Polygon", "coordinates": [ [ [ 6150209.010984415188432, 1964663.608371619600803 ], [ 6150170.996446264907718, 1964407.335171967046335 ], [ 6150108.045792332850397, 1964156.022074137814343 ], [ 6150020.765271830372512, 1963912.089360645739362 ], [ 6149909.995443879626691, 1963677.886236869031563 ], [ 6149776.803082479164004, 1963455.668206917820498 ], [ 6149622.470902877859771, 1963247.575351897627115 ], [ 6149448.485208332538605, 1963055.611719757085666 ], [ 6149256.521576192229986, 1962881.62602521199733 ], [ 6149048.428721171803772, 1962727.293845610925928 ], [ 6148826.210691221058369, 1962594.101484209997579 ], [ 6148592.007567443884909, 1962483.33165625971742 ], [ 6148348.074853952042758, 1962396.051135756541044 ], [ 6148096.761756123043597, 1962333.100481825182214 ], [ 6147840.48855647072196, 1962295.085943675134331 ], [ 6147581.723306000232697, 1962282.373622089624405 ], [ 6147322.958055529743433, 1962295.085943675134331 ], [ 6147066.684855877421796, 1962333.100481825182214 ], [ 6146815.371758048422635, 1962396.051135756541044 ], [ 6146571.439044556580484, 1962483.33165625971742 ], [ 6146337.235920779407024, 1962594.101484209997579 ], [ 6146115.017890828661621, 1962727.293845610925928 ], [ 6145906.925035808235407, 1962881.62602521199733 ], [ 6145714.961403667926788, 1963055.611719757085666 ], [ 6145540.975709122605622, 1963247.575351897627115 ], [ 6145386.643529521301389, 1963455.668206917820498 ], [ 6145253.451168120838702, 1963677.886236869031563 ], [ 6145142.681340170092881, 1963912.089360645739362 ], [ 6145055.400819667614996, 1964156.022074137814343 ], [ 6145034.360023933462799, 1964240.02163929794915 ], [ 6145011.890408002771437, 1964302.820008893497288 ], [ 6144948.939754070714116, 1964554.133106722729281 ], [ 6144910.925215920433402, 1964810.406306375283748 ], [ 6144898.212894335389137, 1965069.17155684530735 ], [ 6144910.925215920433402, 1965327.936807315330952 ], [ 6144948.939754070714116, 1965584.21000696788542 ], [ 6145011.890408002771437, 1965835.523104797117412 ], [ 6145099.170928505249321, 1966079.455818289192393 ], [ 6145209.940756455995142, 1966313.658942065900192 ], [ 6145343.133117856457829, 1966535.876972017111257 ], [ 6145497.465297457762063, 1966743.96982703730464 ], [ 6145671.450992003083229, 1966935.933459177846089 ], [ 6145863.414624143391848, 1967109.919153722934425 ], [ 6146071.507479163818061, 1967264.251333324005827 ], [ 6146293.725509114563465, 1967397.443694724934176 ], [ 6146527.928632891736925, 1967508.213522675214335 ], [ 6146771.861346383579075, 1967595.494043178390712 ], [ 6147023.174444212578237, 1967658.444697109749541 ], [ 6147279.447643864899874, 1967696.459235259797424 ], [ 6147538.212894335389137, 1967709.17155684530735 ], [ 6147796.978144805878401, 1967696.459235259797424 ], [ 6148053.251344458200037, 1967658.444697109749541 ], [ 6148304.564442287199199, 1967595.494043178390712 ], [ 6148548.49715577904135, 1967508.213522675214335 ], [ 6148782.700279556214809, 1967397.443694724934176 ], [ 6149004.918309506960213, 1967264.251333324005827 ], [ 6149213.011164527386427, 1967109.919153722934425 ], [ 6149404.974796667695045, 1966935.933459177846089 ], [ 6149578.960491213016212, 1966743.96982703730464 ], [ 6149733.292670814320445, 1966535.876972017111257 ], [ 6149866.485032214783132, 1966313.658942065900192 ], [ 6149977.254860165528953, 1966079.455818289192393 ], [ 6150064.535380668006837, 1965835.523104797117412 ], [ 6150085.576176402159035, 1965751.523539636982605 ], [ 6150108.045792332850397, 1965688.725170041434467 ], [ 6150170.996446264907718, 1965437.412072212202474 ], [ 6150209.010984415188432, 1965181.138872559648007 ], [ 6150221.723306000232697, 1964922.373622089624405 ], [ 6150209.010984415188432, 1964663.608371619600803 ] ] ] } },
{ "type": "Feature", "properties": { "stop_name": "Convention Center Station", "stop_id": "64746", "stop_desc": "Northbound", "route_info": { "route_id": [ "SC:Blue Line", "SC:Event-Blue", "SC:Event-Green", "SC:Green Line" ], "route_type": [ "0" ] } }, "geometry": { "type": "Polygon", "coordinates": [ [ [ 6160241.433832922950387, 1945439.267227206844836 ], [ 6160203.419294772669673, 1945182.994027554290369 ], [ 6160140.468640840612352, 1944931.680929725058377 ], [ 6160053.188120338134468, 1944687.748216232983395 ], [ 6159942.418292387388647, 1944453.545092456275597 ], [ 6159809.22593098692596, 1944231.327062505064532 ], [ 6159654.893751385621727, 1944023.234207484871149 ], [ 6159480.90805684030056, 1943831.2705753443297 ], [ 6159288.944424699991941, 1943657.284880799241364 ], [ 6159080.851569679565728, 1943502.952701198169962 ], [ 6158858.633539728820324, 1943369.760339797241613 ], [ 6158624.430415951646864, 1943258.990511846961454 ], [ 6158380.497702459804714, 1943171.709991343785077 ], [ 6158129.184604630805552, 1943108.759337412426248 ], [ 6157872.911404978483915, 1943070.744799262378365 ], [ 6157614.146154507994652, 1943058.032477676868439 ], [ 6157355.380904037505388, 1943070.744799262378365 ], [ 6157099.107704385183752, 1943108.759337412426248 ], [ 6156847.79460655618459, 1943171.709991343785077 ], [ 6156603.861893064342439, 1943258.990511846961454 ], [ 6156369.65876928716898, 1943369.760339797241613 ], [ 6156147.440739336423576, 1943502.952701198169962 ], [ 6155939.347884315997362, 1943657.284880799241364 ], [ 6155747.384252175688744, 1943831.2705753443297 ], [ 6155573.398557630367577, 1944023.234207484871149 ], [ 6155419.066378029063344, 1944231.327062505064532 ], [ 6155285.874016628600657, 1944453.545092456275597 ], [ 6155175.104188677854836, 1944687.748216232983395 ], [ 6155087.823668175376952, 1944931.680929725058377 ], [ 6155024.873014243319631, 1945182.994027554290369 ], [ 6154986.858476093038917, 1945439.267227206844836 ], [ 6154974.146154507994652, 1945698.032477676868439 ], [ 6154986.858476093038917, 1945956.797728146892041 ], [ 6155024.873014243319631, 1946213.070927799446508 ], [ 6155087.823668175376952, 1946464.384025628678501 ], [ 6155175.104188677854836, 1946708.316739120753482 ], [ 6155285.874016628600657, 1946942.51986289746128 ], [ 6155419.066378029063344, 1947164.737892848672345 ], [ 6155573.398557630367577, 1947372.830747868865728 ], [ 6155747.384252175688744, 1947564.794380009407178 ], [ 6155939.347884315997362, 1947738.780074554495513 ], [ 6156147.440739336423576, 1947893.112254155566916 ], [ 6156369.65876928716898, 1948026.304615556495264 ], [ 6156603.861893064342439, 1948137.074443506775424 ], [ 6156847.79460655618459, 1948224.3549640099518 ], [ 6157099.107704385183752, 1948287.305617941310629 ], [ 6157355.380904037505388, 1948325.320156091358513 ], [ 6157614.146154507994652, 1948338.032477676868439 ], [ 6157872.911404978483915, 1948325.320156091358513 ], [ 6158129.184604630805552, 1948287.305617941310629 ], [ 6158380.497702459804714, 1948224.3549640099518 ], [ 6158624.430415951646864, 1948137.074443506775424 ], [ 6158858.633539728820324, 1948026.304615556495264 ], [ 6159080.851569679565728, 1947893.112254155566916 ], [ 6159288.944424699991941, 1947738.780074554495513 ], [ 6159480.90805684030056, 1947564.794380009407178 ], [ 6159654.893751385621727, 1947372.830747868865728 ], [ 6159809.22593098692596, 1947164.737892848672345 ], [ 6159942.418292387388647, 1946942.51986289746128 ], [ 6160053.188120338134468, 1946708.316739120753482 ], [ 6160140.468640840612352, 1946464.384025628678501 ], [ 6160203.419294772669673, 1946213.070927799446508 ], [ 6160241.433832922950387, 1945956.797728146892041 ], [ 6160254.146154507994652, 1945698.032477676868439 ], [ 6160241.433832922950387, 1945439.267227206844836 ] ] ] } },
{ "type": "Feature", "properties": { "stop_name": "Cottle Station", "stop_id": "64737", "stop_desc": "Northbound", "route_info": { "route_id": [ "SC:Blue Line", "SC:Event-Blue" ], "route_type": [ "0" ] } }, "geometry": { "type": "Polygon", "coordinates": [ [ [ 6184885.840402273461223, 1912997.245078965323046 ], [ 6184822.889748341403902, 1912745.931981136091053 ], [ 6184735.609227838926017, 1912501.999267644016072 ], [ 6184624.839399888180196, 1912267.796143867308274 ], [ 6184491.647038487717509, 1912045.578113916097209 ], [ 6184337.314858886413276, 1911837.485258895903826 ], [ 6184163.32916434109211, 1911645.521626755362377 ], [ 6183971.365532200783491, 1911471.535932210274041 ], [ 6183763.272677180357277, 1911317.203752609202638 ], [ 6183541.054647229611874, 1911184.01139120827429 ], [ 6183306.851523452438414, 1911073.24156325799413 ], [ 6183062.918809960596263, 1910985.961042754817754 ], [ 6182811.605712131597102, 1910923.010388823458925 ], [ 6182555.332512479275465, 1910884.995850673411041 ], [ 6182296.567262008786201, 1910872.283529087901115 ], [ 6182037.802011538296938, 1910884.995850673411041 ], [ 6182035.349872049875557, 1910885.359591206070036 ], [ 6181921.977111954241991, 1910890.929237759206444 ], [ 6181665.703912301920354, 1910928.943775909254327 ], [ 6181414.390814472921193, 1910991.894429840613157 ], [ 6181170.458100981079042, 1911079.174950343789533 ], [ 6180936.254977203905582, 1911189.944778294069692 ], [ 6180714.036947253160179, 1911323.137139694998041 ], [ 6180505.944092232733965, 1911477.469319296069443 ], [ 6180313.980460092425346, 1911651.455013841157779 ], [ 6180139.99476554710418, 1911843.418645981699228 ], [ 6179985.662585945799947, 1912051.511501001892611 ], [ 6179852.47022454533726, 1912273.729530953103676 ], [ 6179741.700396594591439, 1912507.932654729811475 ], [ 6179654.419876092113554, 1912751.865368221886456 ], [ 6179591.469222160056233, 1913003.178466051118448 ], [ 6179553.454684009775519, 1913259.451665703672916 ], [ 6179540.742362424731255, 1913518.216916173696518 ], [ 6179553.454684009775519, 1913776.98216664372012 ], [ 6179591.469222160056233, 1914033.255366296274588 ], [ 6179654.419876092113554, 1914284.56846412550658 ], [ 6179741.700396594591439, 1914528.501177617581561 ], [ 6179852.47022454533726, 1914762.704301394289359 ], [ 6179985.662585945799947, 1914984.922331345500425 ], [ 6180139.99476554710418, 1915193.015186365693808 ], [ 6180313.980460092425346, 1915384.978818506235257 ], [ 6180505.944092232733965, 1915558.964513051323593 ], [ 6180714.036947253160179, 1915713.296692652394995 ], [ 6180936.254977203905582, 1915846.489054053323343 ], [ 6181170.458100981079042, 1915957.258882003603503 ], [ 6181414.390814472921193, 1916044.539402506779879 ], [ 6181665.703912301920354, 1916107.490056438138708 ], [ 6181921.977111954241991, 1916145.504594588186592 ], [ 6182180.742362424731255, 1916158.216916173696518 ], [ 6182439.507612895220518, 1916145.504594588186592 ], [ 6182441.959752383641899, 1916145.140854055527598 ], [ 6182555.332512479275465, 1916139.571207502391189 ], [ 6182811.605712131597102, 1916101.556669352343306 ], [ 6183062.918809960596263, 1916038.606015420984477 ], [ 6183306.851523452438414, 1915951.325494917808101 ], [ 6183541.054647229611874, 1915840.555666967527941 ], [ 6183763.272677180357277, 1915707.363305566599593 ], [ 6183971.365532200783491, 1915553.03112596552819 ], [ 6184163.32916434109211, 1915379.045431420439854 ], [ 6184337.314858886413276, 1915187.081799279898405 ], [ 6184491.647038487717509, 1914978.988944259705022 ], [ 6184624.839399888180196, 1914756.770914308493957 ], [ 6184735.609227838926017, 1914522.567790531786159 ], [ 6184822.889748341403902, 1914278.635077039711177 ], [ 6184885.840402273461223, 1914027.321979210479185 ], [ 6184923.854940423741937, 1913771.048779557924718 ], [ 6184936.567262008786201, 1913512.283529087901115 ], [ 6184923.854940423741937, 1913253.518278617877513 ], [ 6184885.840402273461223, 1912997.245078965323046 ] ] ] } },
{ "type": "Feature", "properties": { "stop_name": "Cropley Station", "stop_id": "65237", "stop_desc": "Eastbound", "route_info": { "route_id": [ "SC:Event-Orange", "SC:Orange Line" ], "route_type": [ "0" ] } }, "geometry": { "type": "Polygon", "coordinates": [ [ [ 6162904.295305082574487, 1971978.126879040617496 ], [ 6162866.280766932293773, 1971721.853679388063028 ], [ 6162803.330113000236452, 1971470.540581558831036 ], [ 6162716.049592497758567, 1971226.607868066756055 ], [ 6162605.279764547012746, 1970992.404744290048257 ], [ 6162472.087403146550059, 1970770.186714338837191 ], [ 6162317.755223545245826, 1970562.093859318643808 ], [ 6162143.769529, 1970370.130227178102359 ], [ 6161951.805896859616041, 1970196.144532633014023 ], [ 6161743.713041839189827, 1970041.812353031942621 ], [ 6161521.495011888444424, 1969908.619991631014273 ], [ 6161287.291888111270964, 1969797.850163680734113 ], [ 6161043.359174619428813, 1969710.569643177557737 ], [ 6160792.046076790429652, 1969647.618989246198907 ], [ 6160535.772877138108015, 1969609.604451096151024 ], [ 6160277.007626667618752, 1969596.892129510641098 ], [ 6160018.242376197129488, 1969609.604451096151024 ], [ 6159761.969176544807851, 1969647.618989246198907 ], [ 6159510.65607871580869, 1969710.569643177557737 ], [ 6159266.723365223966539, 1969797.850163680734113 ], [ 6159032.520241446793079, 1969908.619991631014273 ], [ 6158810.302211496047676, 1970041.812353031942621 ], [ 6158602.209356475621462, 1970196.144532633014023 ], [ 6158410.245724335312843, 1970370.130227178102359 ], [ 6158236.260029789991677, 1970562.093859318643808 ], [ 6158081.927850188687444, 1970770.186714338837191 ], [ 6158076.994841411709785, 1970778.416942264186218 ], [ 6157996.612732114270329, 1970886.799670087872073 ], [ 6157863.420370713807642, 1971109.017700039083138 ], [ 6157752.650542763061821, 1971343.220823815790936 ], [ 6157665.370022260583937, 1971587.153537307865918 ], [ 6157602.419368328526616, 1971838.46663513709791 ], [ 6157564.404830178245902, 1972094.739834789652377 ], [ 6157551.692508593201637, 1972353.50508525967598 ], [ 6157564.404830178245902, 1972612.270335729699582 ], [ 6157602.419368328526616, 1972868.543535382254049 ], [ 6157665.370022260583937, 1973119.856633211486042 ], [ 6157752.650542763061821, 1973363.789346703561023 ], [ 6157863.420370713807642, 1973597.992470480268821 ], [ 6157996.612732114270329, 1973820.210500431479886 ], [ 6158150.944911715574563, 1974028.303355451673269 ], [ 6158324.930606260895729, 1974220.266987592214718 ], [ 6158516.894238401204348, 1974394.252682137303054 ], [ 6158724.987093421630561, 1974548.584861738374457 ], [ 6158947.205123372375965, 1974681.777223139302805 ], [ 6159181.408247149549425, 1974792.547051089582965 ], [ 6159425.340960641391575, 1974879.827571592759341 ], [ 6159676.654058470390737, 1974942.77822552411817 ], [ 6159932.927258122712374, 1974980.792763674166054 ], [ 6160191.692508593201637, 1974993.50508525967598 ], [ 6160450.457759063690901, 1974980.792763674166054 ], [ 6160706.730958716012537, 1974942.77822552411817 ], [ 6160958.044056545011699, 1974879.827571592759341 ], [ 6161201.97677003685385, 1974792.547051089582965 ], [ 6161436.179893814027309, 1974681.777223139302805 ], [ 6161658.397923764772713, 1974548.584861738374457 ], [ 6161866.490778785198927, 1974394.252682137303054 ], [ 6162058.454410925507545, 1974220.266987592214718 ], [ 6162232.440105470828712, 1974028.303355451673269 ], [ 6162386.772285072132945, 1973820.210500431479886 ], [ 6162391.705293849110603, 1973811.980272506130859 ], [ 6162472.087403146550059, 1973703.597544682445005 ], [ 6162605.279764547012746, 1973481.37951473123394 ], [ 6162716.049592497758567, 1973247.176390954526141 ], [ 6162803.330113000236452, 1973003.24367746245116 ], [ 6162866.280766932293773, 1972751.930579633219168 ], [ 6162904.295305082574487, 1972495.6573799806647 ], [ 6162917.007626667618752, 1972236.892129510641098 ], [ 6162904.295305082574487, 1971978.126879040617496 ] ] ] } },
{ "type": "Feature", "properties": { "stop_name": "Crossman Station", "stop_id": "64793", "stop_desc": "Eastbound", "route_info": { "route_id": [ "SC:Event-Orange", "SC:Event-Special", "SC:Orange Line" ], "route_type": [ "0" ] } }, "geometry": { "type": "Polygon", "coordinates": [ [ [ 6125417.623231345787644, 1974592.086874206084758 ], [ 6125379.60869319550693, 1974335.813674553530291 ], [ 6125316.658039263449609, 1974084.500576724298298 ], [ 6125229.377518760971725, 1973840.567863232223317 ], [ 6125118.607690810225904, 1973606.364739455515519 ], [ 6124985.415329409763217, 1973384.146709504304454 ], [ 6124831.083149808458984, 1973176.053854484111071 ], [ 6124657.097455263137817, 1972984.090222343569621 ], [ 6124465.133823122829199, 1972810.104527798481286 ], [ 6124257.040968102402985, 1972655.772348197409883 ], [ 6124034.822938151657581, 1972522.579986796481535 ], [ 6123800.619814374484122, 1972411.810158846201375 ], [ 6123556.687100882641971, 1972324.529638343024999 ], [ 6123305.374003053642809, 1972261.57898441166617 ], [ 6123049.100803401321173, 1972223.564446261618286 ], [ 6122790.335552930831909, 1972210.85212467610836 ], [ 6122531.570302460342646, 1972223.564446261618286 ], [ 6122275.297102808021009, 1972261.57898441166617 ], [ 6122023.984004979021847, 1972324.529638343024999 ], [ 6121780.051291487179697, 1972411.810158846201375 ], [ 6121545.848167710006237, 1972522.579986796481535 ], [ 6121323.630137759260833, 1972655.772348197409883 ], [ 6121115.53728273883462, 1972810.104527798481286 ], [ 6120923.573650598526001, 1972984.090222343569621 ], [ 6120749.587956053204834, 1973176.053854484111071 ], [ 6120595.255776451900601, 1973384.146709504304454 ], [ 6120462.063415051437914, 1973606.364739455515519 ], [ 6120351.293587100692093, 1973840.567863232223317 ], [ 6120264.013066598214209, 1974084.500576724298298 ], [ 6120201.062412666156888, 1974335.813674553530291 ], [ 6120163.047874515876174, 1974592.086874206084758 ], [ 6120150.335552930831909, 1974850.85212467610836 ], [ 6120163.047874515876174, 1975109.617375146131963 ], [ 6120201.062412666156888, 1975365.89057479868643 ], [ 6120264.013066598214209, 1975617.203672627918422 ], [ 6120351.293587100692093, 1975861.136386119993404 ], [ 6120462.063415051437914, 1976095.339509896701202 ], [ 6120595.255776451900601, 1976317.557539847912267 ], [ 6120749.587956053204834, 1976525.65039486810565 ], [ 6120923.573650598526001, 1976717.614027008647099 ], [ 6121115.53728273883462, 1976891.599721553735435 ], [ 6121323.630137759260833, 1977045.931901154806837 ], [ 6121545.848167710006237, 1977179.124262555735186 ], [ 6121780.051291487179697, 1977289.894090506015345 ], [ 6122023.984004979021847, 1977377.174611009191722 ], [ 6122275.297102808021009, 1977440.125264940550551 ], [ 6122531.570302460342646, 1977478.139803090598434 ], [ 6122790.335552930831909, 1977490.85212467610836 ], [ 6123049.100803401321173, 1977478.139803090598434 ], [ 6123305.374003053642809, 1977440.125264940550551 ], [ 6123556.687100882641971, 1977377.174611009191722 ], [ 6123800.619814374484122, 1977289.894090506015345 ], [ 6124034.822938151657581, 1977179.124262555735186 ], [ 6124257.040968102402985, 1977045.931901154806837 ], [ 6124465.133823122829199, 1976891.599721553735435 ], [ 6124657.097455263137817, 1976717.614027008647099 ], [ 6124831.083149808458984, 1976525.65039486810565 ], [ 6124985.415329409763217, 1976317.557539847912267 ], [ 6125118.607690810225904, 1976095.339509896701202 ], [ 6125229.377518760971725, 1975861.136386119993404 ], [ 6125316.658039263449609, 1975617.203672627918422 ], [ 6125379.60869319550693, 1975365.89057479868643 ], [ 6125417.623231345787644, 1975109.617375146131963 ], [ 6125430.335552930831909, 1974850.85212467610836 ], [ 6125417.623231345787644, 1974592.086874206084758 ] ] ] } },
{ "type": "Feature", "properties": { "stop_name": "Curtner Station", "stop_id": "64742", "stop_desc": "Northbound", "route_info": { "route_id": [ "SC:Blue Line", "SC:Event-Blue" ], "route_type": [ "0" ] } }, "geometry": { "type": "Polygon", "coordinates": [ [ [ 6165106.60207368247211, 1931437.268238215940073 ], [ 6165043.651419750414789, 1931185.955140386708081 ], [ 6164956.370899247936904, 1930942.022426894633099 ], [ 6164845.601071297191083, 1930707.819303117925301 ], [ 6164712.408709896728396, 1930485.601273166714236 ], [ 6164558.076530295424163, 1930277.508418146520853 ], [ 6164384.090835750102997, 1930085.544786005979404 ], [ 6164192.127203609794378, 1929911.559091460891068 ], [ 6163984.034348589368165, 1929757.226911859819666 ], [ 6163761.816318638622761, 1929624.034550458891317 ], [ 6163527.613194861449301, 1929513.264722508611158 ], [ 6163283.680481369607151, 1929425.984202005434781 ], [ 6163032.367383540607989, 1929363.033548074075952 ], [ 6162776.094183888286352, 1929325.019009924028069 ], [ 6162517.328933417797089, 1929312.306688338518143 ], [ 6162258.563682947307825, 1929325.019009924028069 ], [ 6162002.290483294986188, 1929363.033548074075952 ], [ 6161750.977385465987027, 1929425.984202005434781 ], [ 6161507.044671974144876, 1929513.264722508611158 ], [ 6161272.841548196971416, 1929624.034550458891317 ], [ 6161050.623518246226013, 1929757.226911859819666 ], [ 6160842.530663225799799, 1929911.559091460891068 ], [ 6160650.56703108549118, 1930085.544786005979404 ], [ 6160476.581336540170014, 1930277.508418146520853 ], [ 6160322.249156938865781, 1930485.601273166714236 ], [ 6160189.056795538403094, 1930707.819303117925301 ], [ 6160078.286967587657273, 1930942.022426894633099 ], [ 6160072.581810012459755, 1930957.967274154769257 ], [ 6160068.599322927184403, 1930966.387535637943074 ], [ 6159981.318802424706519, 1931210.320249130018055 ], [ 6159918.368148492649198, 1931461.633346959250048 ], [ 6159918.303494276478887, 1931462.069210282061249 ], [ 6159918.293017404153943, 1931462.111036299960688 ], [ 6159912.740703175775707, 1931499.541698407614604 ], [ 6159890.261753094382584, 1931547.069445139495656 ], [ 6159802.9812325919047, 1931791.002158631570637 ], [ 6159740.030578659847379, 1932042.31525646080263 ], [ 6159702.016040509566665, 1932298.588456113357097 ], [ 6159689.3037189245224, 1932557.353706583380699 ], [ 6159702.016040509566665, 1932816.118957053404301 ], [ 6159740.030578659847379, 1933072.392156705958769 ], [ 6159802.9812325919047, 1933323.705254535190761 ], [ 6159890.261753094382584, 1933567.637968027265742 ], [ 6160001.031581045128405, 1933801.841091803973541 ], [ 6160134.223942445591092, 1934024.059121755184606 ], [ 6160288.556122046895325, 1934232.151976775377989 ], [ 6160462.541816592216492, 1934424.115608915919438 ], [ 6160462.779068217612803, 1934424.330641255248338 ], [ 6160462.832170337438583, 1934424.38923041545786 ], [ 6160654.795802477747202, 1934598.374924960546196 ], [ 6160862.888657498173416, 1934752.707104561617598 ], [ 6161085.106687448918819, 1934885.899465962545946 ], [ 6161319.309811226092279, 1934996.669293912826106 ], [ 6161563.24252471793443, 1935083.949814416002482 ], [ 6161814.555622546933591, 1935146.900468347361311 ], [ 6162070.828822199255228, 1935184.915006497409195 ], [ 6162329.594072669744492, 1935197.627328082919121 ], [ 6162588.359323140233755, 1935184.915006497409195 ], [ 6162844.632522792555392, 1935146.900468347361311 ], [ 6163095.945620621554554, 1935083.949814416002482 ], [ 6163339.878334113396704, 1934996.669293912826106 ], [ 6163574.081457890570164, 1934885.899465962545946 ], [ 6163796.299487841315567, 1934752.707104561617598 ], [ 6164004.392342861741781, 1934598.374924960546196 ], [ 6164196.3559750020504, 1934424.38923041545786 ], [ 6164370.341669547371566, 1934232.42559827491641 ], [ 6164524.673849148675799, 1934024.332743254723027 ], [ 6164657.866210549138486, 1933802.114713303511962 ], [ 6164768.636038499884307, 1933567.911589526804164 ], [ 6164855.916559002362192, 1933323.978876034729183 ], [ 6164918.867212934419513, 1933072.66577820549719 ], [ 6164924.611335671506822, 1933033.942048164550215 ], [ 6164946.60812349896878, 1932987.433747866423801 ], [ 6164952.781822575256228, 1932970.179414835060015 ], [ 6164956.370899247936904, 1932962.590949782403186 ], [ 6165043.651419750414789, 1932718.658236290328205 ], [ 6165106.60207368247211, 1932467.345138461096212 ], [ 6165144.616611832752824, 1932211.071938808541745 ], [ 6165157.328933417797089, 1931952.306688338518143 ], [ 6165144.616611832752824, 1931693.54143786849454 ], [ 6165106.60207368247211, 1931437.268238215940073 ] ] ] } },
{ "type": "Feature", "properties": { "stop_name": "Diridon Station", "stop_id": "65381", "stop_desc": "Southbound", "route_info": { "route_id": [ "SC:Green Line" ], "route_type": [ "0" ] } }, "geometry": { "type": "Polygon", "coordinates": [ [ [ 6156098.095163918100297, 1944235.107519720681012 ], [ 6156010.814643415622413, 1943991.17480622860603 ], [ 6155900.044815464876592, 1943756.971682451898232 ], [ 6155766.852454064413905, 1943534.753652500687167 ], [ 6155612.520274463109672, 1943326.660797480493784 ], [ 6155438.534579917788506, 1943134.697165339952335 ], [ 6155246.570947777479887, 1942960.711470794863999 ], [ 6155038.478092757053673, 1942806.379291193792596 ], [ 6154816.26006280630827, 1942673.186929792864248 ], [ 6154582.05693902913481, 1942562.417101842584088 ], [ 6154338.124225537292659, 1942475.136581339407712 ], [ 6154086.811127708293498, 1942412.185927408048883 ], [ 6153830.537928055971861, 1942374.171389258001 ], [ 6153571.772677585482597, 1942361.459067672491074 ], [ 6153313.007427114993334, 1942374.171389258001 ], [ 6153056.734227462671697, 1942412.185927408048883 ], [ 6152805.421129633672535, 1942475.136581339407712 ], [ 6152561.488416141830385, 1942562.417101842584088 ], [ 6152327.285292364656925, 1942673.186929792864248 ], [ 6152105.067262413911521, 1942806.379291193792596 ], [ 6151896.974407393485308, 1942960.711470794863999 ], [ 6151705.010775253176689, 1943134.697165339952335 ], [ 6151531.025080707855523, 1943326.660797480493784 ], [ 6151376.69290110655129, 1943534.753652500687167 ], [ 6151243.500539706088603, 1943756.971682451898232 ], [ 6151132.730711755342782, 1943991.17480622860603 ], [ 6151045.450191252864897, 1944235.107519720681012 ], [ 6150982.499537320807576, 1944486.420617549913004 ], [ 6150944.484999170526862, 1944742.693817202467471 ], [ 6150931.772677585482597, 1945001.459067672491074 ], [ 6150932.773128871805966, 1945021.823721441207454 ], [ 6150923.526707759127021, 1945084.158029292244464 ], [ 6150910.814386174082756, 1945342.923279762268066 ], [ 6150923.526707759127021, 1945601.688530232291669 ], [ 6150961.541245909407735, 1945857.961729884846136 ], [ 6151024.491899841465056, 1946109.274827714078128 ], [ 6151111.77242034394294, 1946353.20754120615311 ], [ 6151222.542248294688761, 1946587.410664982860908 ], [ 6151355.734609695151448, 1946809.628694934071973 ], [ 6151510.066789296455681, 1947017.721549954265356 ], [ 6151684.052483841776848, 1947209.685182094806805 ], [ 6151876.016115982085466, 1947383.670876639895141 ], [ 6152084.10897100251168, 1947538.003056240966544 ], [ 6152306.327000953257084, 1947671.195417641894892 ], [ 6152540.530124730430543, 1947781.965245592175052 ], [ 6152784.462838222272694, 1947869.245766095351428 ], [ 6153035.775936051271856, 1947932.196420026710257 ], [ 6153292.049135703593493, 1947970.21095817675814 ], [ 6153550.814386174082756, 1947982.923279762268066 ], [ 6153590.810507497750223, 1947980.958396318601444 ], [ 6153603.699451014399529, 1947981.591589510440826 ], [ 6153862.464701484888792, 1947968.8792679249309 ], [ 6154118.737901137210429, 1947930.864729774883017 ], [ 6154370.05099896620959, 1947867.914075843524188 ], [ 6154613.983712458051741, 1947780.633555340347812 ], [ 6154848.186836235225201, 1947669.863727390067652 ], [ 6155070.404866185970604, 1947536.671365989139304 ], [ 6155278.497721206396818, 1947382.339186388067901 ], [ 6155470.461353346705437, 1947208.353491842979565 ], [ 6155644.447047892026603, 1947016.389859702438116 ], [ 6155798.779227493330836, 1946808.297004682244733 ], [ 6155931.971588893793523, 1946586.078974731033668 ], [ 6156042.741416844539344, 1946351.87585095432587 ], [ 6156130.021937347017229, 1946107.943137462250888 ], [ 6156192.97259127907455, 1945856.630039633018896 ], [ 6156230.987129429355264, 1945600.356839980464429 ], [ 6156243.699451014399529, 1945341.591589510440826 ], [ 6156230.987129429355264, 1945082.826339040417224 ], [ 6156208.234702899120748, 1944929.441938477801159 ], [ 6156199.060356000438333, 1944742.693817202467471 ], [ 6156161.045817850157619, 1944486.420617549913004 ], [ 6156098.095163918100297, 1944235.107519720681012 ] ] ] } },
{ "type": "Feature", "properties": { "stop_name": "East Station Entrance / Exit", "stop_id": "MLPT_2", "stop_desc": "East Station Entrance / Exit", "route_info": "{'route_id': None, 'route_type': None}" }, "geometry": { "type": "Polygon", "coordinates": [ [ [ 6160411.938161760568619, 1974806.261990755796432 ], [ 6160399.225840175524354, 1974547.49674028577283 ], [ 6160361.21130202524364, 1974291.223540633218363 ], [ 6160298.260648093186319, 1974039.910442803986371 ], [ 6160210.980127590708435, 1973795.977729311911389 ], [ 6160100.210299639962614, 1973561.774605535203591 ], [ 6159967.017938239499927, 1973339.556575583992526 ], [ 6159812.685758638195693, 1973131.463720563799143 ], [ 6159638.700064092874527, 1972939.500088423257694 ], [ 6159446.736431952565908, 1972765.514393878169358 ], [ 6159238.643576932139695, 1972611.182214277097955 ], [ 6159016.425546981394291, 1972477.989852876169607 ], [ 6158782.222423204220831, 1972367.220024925889447 ], [ 6158538.289709712378681, 1972279.939504422713071 ], [ 6158286.976611883379519, 1972216.988850491354242 ], [ 6158030.703412231057882, 1972178.974312341306359 ], [ 6157771.938161760568619, 1972166.261990755796432 ], [ 6157513.172911290079355, 1972178.974312341306359 ], [ 6157256.899711637757719, 1972216.988850491354242 ], [ 6157005.586613808758557, 1972279.939504422713071 ], [ 6156761.653900316916406, 1972367.220024925889447 ], [ 6156527.450776539742947, 1972477.989852876169607 ], [ 6156305.232746588997543, 1972611.182214277097955 ], [ 6156097.139891568571329, 1972765.514393878169358 ], [ 6155905.176259428262711, 1972939.500088423257694 ], [ 6155731.190564882941544, 1973131.463720563799143 ], [ 6155576.858385281637311, 1973339.556575583992526 ], [ 6155443.666023881174624, 1973561.774605535203591 ], [ 6155332.896195930428803, 1973795.977729311911389 ], [ 6155245.615675427950919, 1974039.910442803986371 ], [ 6155182.665021495893598, 1974291.223540633218363 ], [ 6155144.650483345612884, 1974547.49674028577283 ], [ 6155131.938161760568619, 1974806.261990755796432 ], [ 6155144.650483345612884, 1975065.027241225820035 ], [ 6155182.665021495893598, 1975321.300440878374502 ], [ 6155245.615675427950919, 1975572.613538707606494 ], [ 6155332.896195930428803, 1975816.546252199681476 ], [ 6155443.666023881174624, 1976050.749375976389274 ], [ 6155576.858385281637311, 1976272.967405927600339 ], [ 6155731.190564882941544, 1976481.060260947793722 ], [ 6155905.176259428262711, 1976673.023893088335171 ], [ 6156097.139891568571329, 1976847.009587633423507 ], [ 6156305.232746588997543, 1977001.34176723449491 ], [ 6156527.450776539742947, 1977134.534128635423258 ], [ 6156761.653900316916406, 1977245.303956585703418 ], [ 6157005.586613808758557, 1977332.584477088879794 ], [ 6157256.899711637757719, 1977395.535131020238623 ], [ 6157513.172911290079355, 1977433.549669170286506 ], [ 6157771.938161760568619, 1977446.261990755796432 ], [ 6158030.703412231057882, 1977433.549669170286506 ], [ 6158286.976611883379519, 1977395.535131020238623 ], [ 6158538.289709712378681, 1977332.584477088879794 ], [ 6158782.222423204220831, 1977245.303956585703418 ], [ 6159016.425546981394291, 1977134.534128635423258 ], [ 6159238.643576932139695, 1977001.34176723449491 ], [ 6159446.736431952565908, 1976847.009587633423507 ], [ 6159638.700064092874527, 1976673.023893088335171 ], [ 6159812.685758638195693, 1976481.060260947793722 ], [ 6159967.017938239499927, 1976272.967405927600339 ], [ 6160100.210299639962614, 1976050.749375976389274 ], [ 6160210.980127590708435, 1975816.546252199681476 ], [ 6160298.260648093186319, 1975572.613538707606494 ], [ 6160361.21130202524364, 1975321.300440878374502 ], [ 6160399.225840175524354, 1975065.027241225820035 ], [ 6160411.938161760568619, 1974806.261990755796432 ] ] ] } },
{ "type": "Feature", "properties": { "stop_name": "Fair Oaks Station", "stop_id": "64794", "stop_desc": "Eastbound", "route_info": { "route_id": [ "SC:Event-Orange", "SC:Event-Special", "SC:Orange Line" ], "route_type": [ "0" ] } }, "geometry": { "type": "Polygon", "coordinates": [ [ [ 6125653.058127919211984, 1972452.627898533362895 ], [ 6125615.04358976893127, 1972196.354698880808428 ], [ 6125552.092935836873949, 1971945.041601051576436 ], [ 6125464.812415334396064, 1971701.108887559501454 ], [ 6125354.042587383650243, 1971466.905763782793656 ], [ 6125220.850225983187556, 1971244.687733831582591 ], [ 6125066.518046381883323, 1971036.594878811389208 ], [ 6124892.532351836562157, 1970844.631246670847759 ], [ 6124700.568719696253538, 1970670.645552125759423 ], [ 6124492.475864675827324, 1970516.31337252468802 ], [ 6124270.257834725081921, 1970383.121011123759672 ], [ 6124036.054710947908461, 1970272.351183173479512 ], [ 6123792.12199745606631, 1970185.070662670303136 ], [ 6123540.808899627067149, 1970122.120008738944307 ], [ 6123284.535699974745512, 1970084.105470588896424 ], [ 6123025.770449504256248, 1970071.393149003386497 ], [ 6122767.005199033766985, 1970084.105470588896424 ], [ 6122510.731999381445348, 1970122.120008738944307 ], [ 6122259.418901552446187, 1970185.070662670303136 ], [ 6122015.486188060604036, 1970272.351183173479512 ], [ 6121781.283064283430576, 1970383.121011123759672 ], [ 6121559.065034332685173, 1970516.31337252468802 ], [ 6121350.972179312258959, 1970670.645552125759423 ], [ 6121159.00854717195034, 1970844.631246670847759 ], [ 6120985.022852626629174, 1971036.594878811389208 ], [ 6120830.690673025324941, 1971244.687733831582591 ], [ 6120697.498311624862254, 1971466.905763782793656 ], [ 6120586.728483674116433, 1971701.108887559501454 ], [ 6120499.447963171638548, 1971945.041601051576436 ], [ 6120436.497309239581227, 1972196.354698880808428 ], [ 6120398.482771089300513, 1972452.627898533362895 ], [ 6120385.770449504256248, 1972711.393149003386497 ], [ 6120398.482771089300513, 1972970.1583994734101 ], [ 6120436.497309239581227, 1973226.431599125964567 ], [ 6120499.447963171638548, 1973477.744696955196559 ], [ 6120586.728483674116433, 1973721.677410447271541 ], [ 6120697.498311624862254, 1973955.880534223979339 ], [ 6120830.690673025324941, 1974178.098564175190404 ], [ 6120985.022852626629174, 1974386.191419195383787 ], [ 6121159.00854717195034, 1974578.155051335925236 ], [ 6121350.972179312258959, 1974752.140745881013572 ], [ 6121559.065034332685173, 1974906.472925482084975 ], [ 6121781.283064283430576, 1975039.665286883013323 ], [ 6122015.486188060604036, 1975150.435114833293483 ], [ 6122259.418901552446187, 1975237.715635336469859 ], [ 6122510.731999381445348, 1975300.666289267828688 ], [ 6122767.005199033766985, 1975338.680827417876571 ], [ 6123025.770449504256248, 1975351.393149003386497 ], [ 6123284.535699974745512, 1975338.680827417876571 ], [ 6123540.808899627067149, 1975300.666289267828688 ], [ 6123792.12199745606631, 1975237.715635336469859 ], [ 6124036.054710947908461, 1975150.435114833293483 ], [ 6124270.257834725081921, 1975039.665286883013323 ], [ 6124492.475864675827324, 1974906.472925482084975 ], [ 6124700.568719696253538, 1974752.140745881013572 ], [ 6124892.532351836562157, 1974578.155051335925236 ], [ 6125066.518046381883323, 1974386.191419195383787 ], [ 6125220.850225983187556, 1974178.098564175190404 ], [ 6125354.042587383650243, 1973955.880534223979339 ], [ 6125464.812415334396064, 1973721.677410447271541 ], [ 6125552.092935836873949, 1973477.744696955196559 ], [ 6125615.04358976893127, 1973226.431599125964567 ], [ 6125653.058127919211984, 1972970.1583994734101 ], [ 6125665.770449504256248, 1972711.393149003386497 ], [ 6125653.058127919211984, 1972452.627898533362895 ] ] ] } },
{ "type": "Feature", "properties": { "stop_name": "Fruitdale Station", "stop_id": "65383", "stop_desc": "Southbound", "route_info": { "route_id": [ "SC:Green Line" ], "route_type": [ "0" ] } }, "geometry": { "type": "Polygon", "coordinates": [ [ [ 6151353.6654143165797, 1936995.600392254767939 ], [ 6151199.333234715275466, 1936787.507537234574556 ], [ 6151025.3475401699543, 1936595.543905094033107 ], [ 6150833.383908029645681, 1936421.558210548944771 ], [ 6150625.291053009219468, 1936267.226030947873369 ], [ 6150403.073023058474064, 1936134.033669546945021 ], [ 6150168.869899281300604, 1936023.263841596664861 ], [ 6149924.937185789458454, 1935935.983321093488485 ], [ 6149673.624087960459292, 1935873.032667162129655 ], [ 6149417.350888308137655, 1935835.018129012081772 ], [ 6149158.585637837648392, 1935822.305807426571846 ], [ 6148899.820387367159128, 1935835.018129012081772 ], [ 6148643.547187714837492, 1935873.032667162129655 ], [ 6148392.23408988583833, 1935935.983321093488485 ], [ 6148148.301376393996179, 1936023.263841596664861 ], [ 6147914.09825261682272, 1936134.033669546945021 ], [ 6147691.880222666077316, 1936267.226030947873369 ], [ 6147483.787367645651102, 1936421.558210548944771 ], [ 6147291.823735505342484, 1936595.543905094033107 ], [ 6147117.838040960021317, 1936787.507537234574556 ], [ 6146963.505861358717084, 1936995.600392254767939 ], [ 6146830.313499958254397, 1937217.818422205979005 ], [ 6146719.543672007508576, 1937452.021545982686803 ], [ 6146632.263151505030692, 1937695.954259474761784 ], [ 6146569.312497572973371, 1937947.267357303993776 ], [ 6146531.297959422692657, 1938203.540556956548244 ], [ 6146518.585637837648392, 1938462.305807426571846 ], [ 6146531.297959422692657, 1938721.071057896595448 ], [ 6146569.312497572973371, 1938977.344257549149916 ], [ 6146632.263151505030692, 1939228.657355378381908 ], [ 6146719.543672007508576, 1939472.590068870456889 ], [ 6146830.313499958254397, 1939706.793192647164688 ], [ 6146963.505861358717084, 1939929.011222598375753 ], [ 6147026.962589605711401, 1940014.572715900372714 ], [ 6147107.292319195345044, 1940148.594772932352498 ], [ 6147261.624498796649277, 1940356.687627952545881 ], [ 6147435.610193341970444, 1940548.65126009308733 ], [ 6147627.573825482279062, 1940722.636954638175666 ], [ 6147835.666680502705276, 1940876.969134239247069 ], [ 6148057.88471045345068, 1941010.161495640175417 ], [ 6148292.087834230624139, 1941120.931323590455577 ], [ 6148536.02054772246629, 1941208.211844093631953 ], [ 6148787.333645551465452, 1941271.162498024990782 ], [ 6149043.606845203787088, 1941309.177036175038666 ], [ 6149302.372095674276352, 1941321.889357760548592 ], [ 6149561.137346144765615, 1941309.177036175038666 ], [ 6149817.410545797087252, 1941271.162498024990782 ], [ 6150068.723643626086414, 1941208.211844093631953 ], [ 6150312.656357117928565, 1941120.931323590455577 ], [ 6150546.859480895102024, 1941010.161495640175417 ], [ 6150769.077510845847428, 1940876.969134239247069 ], [ 6150977.170365866273642, 1940722.636954638175666 ], [ 6151169.13399800658226, 1940548.65126009308733 ], [ 6151343.119692551903427, 1940356.687627952545881 ], [ 6151497.45187215320766, 1940148.594772932352498 ], [ 6151630.644233553670347, 1939926.376742981141433 ], [ 6151741.414061504416168, 1939692.173619204433635 ], [ 6151828.694582006894052, 1939448.240905712358654 ], [ 6151891.645235938951373, 1939196.927807883126661 ], [ 6151929.659774089232087, 1938940.654608230572194 ], [ 6151942.372095674276352, 1938681.889357760548592 ], [ 6151929.659774089232087, 1938423.124107290524989 ], [ 6151891.645235938951373, 1938166.850907637970522 ], [ 6151828.694582006894052, 1937915.53780980873853 ], [ 6151741.414061504416168, 1937671.605096316663548 ], [ 6151630.644233553670347, 1937437.40197253995575 ], [ 6151497.45187215320766, 1937215.183942588744685 ], [ 6151433.995143906213343, 1937129.622449286747724 ], [ 6151353.6654143165797, 1936995.600392254767939 ] ] ] } },
{ "type": "Feature", "properties": { "stop_name": "Gish Station", "stop_id": "64769", "stop_desc": "Southbound", "route_info": { "route_id": [ "SC:Blue Line", "SC:Event-Special", "SC:Green Line" ], "route_type": [ "0" ] } }, "geometry": { "type": "Polygon", "coordinates": [ [ [ 6154646.631702343001962, 1956947.695325781125575 ], [ 6154608.617164192721248, 1956691.422126128571108 ], [ 6154545.666510260663927, 1956440.109028299339116 ], [ 6154458.385989758186042, 1956196.176314807264134 ], [ 6154347.616161807440221, 1955961.973191030556336 ], [ 6154214.423800406977534, 1955739.755161079345271 ], [ 6154060.091620805673301, 1955531.662306059151888 ], [ 6153886.105926260352135, 1955339.698673918610439 ], [ 6153694.142294120043516, 1955165.712979373522103 ], [ 6153486.049439099617302, 1955011.3807997724507 ], [ 6153263.831409148871899, 1954878.188438371522352 ], [ 6153029.628285371698439, 1954767.418610421242192 ], [ 6152785.695571879856288, 1954680.138089918065816 ], [ 6152534.382474050857127, 1954617.187435986706987 ], [ 6152278.10927439853549, 1954579.172897836659104 ], [ 6152019.344023928046227, 1954566.460576251149178 ], [ 6151760.578773457556963, 1954579.172897836659104 ], [ 6151504.305573805235326, 1954617.187435986706987 ], [ 6151252.992475976236165, 1954680.138089918065816 ], [ 6151009.059762484394014, 1954767.418610421242192 ], [ 6150774.856638707220554, 1954878.188438371522352 ], [ 6150552.638608756475151, 1955011.3807997724507 ], [ 6150344.545753736048937, 1955165.712979373522103 ], [ 6150152.582121595740318, 1955339.698673918610439 ], [ 6149978.596427050419152, 1955531.662306059151888 ], [ 6149824.264247449114919, 1955739.755161079345271 ], [ 6149691.071886048652232, 1955961.973191030556336 ], [ 6149580.302058097906411, 1956196.176314807264134 ], [ 6149493.021537595428526, 1956440.109028299339116 ], [ 6149464.20804631896317, 1956555.138933466281742 ], [ 6149461.178425424732268, 1956563.606156636960804 ], [ 6149398.227771492674947, 1956814.919254466192797 ], [ 6149360.213233342394233, 1957071.192454118747264 ], [ 6149347.500911757349968, 1957329.957704588770866 ], [ 6149360.213233342394233, 1957588.722955058794469 ], [ 6149398.227771492674947, 1957844.996154711348936 ], [ 6149461.178425424732268, 1958096.309252540580928 ], [ 6149548.458945927210152, 1958340.24196603265591 ], [ 6149659.228773877955973, 1958574.445089809363708 ], [ 6149792.42113527841866, 1958796.663119760574773 ], [ 6149946.753314879722893, 1959004.755974780768156 ], [ 6150120.73900942504406, 1959196.719606921309605 ], [ 6150312.702641565352678, 1959370.705301466397941 ], [ 6150520.795496585778892, 1959525.037481067469344 ], [ 6150743.013526536524296, 1959658.229842468397692 ], [ 6150977.216650313697755, 1959768.999670418677852 ], [ 6151221.149363805539906, 1959856.280190921854228 ], [ 6151472.462461634539068, 1959919.230844853213057 ], [ 6151728.735661286860704, 1959957.24538300326094 ], [ 6151987.500911757349968, 1959969.957704588770866 ], [ 6152246.266162227839231, 1959957.24538300326094 ], [ 6152502.539361880160868, 1959919.230844853213057 ], [ 6152753.85245970916003, 1959856.280190921854228 ], [ 6152997.785173201002181, 1959768.999670418677852 ], [ 6153231.98829697817564, 1959658.229842468397692 ], [ 6153454.206326928921044, 1959525.037481067469344 ], [ 6153662.299181949347258, 1959370.705301466397941 ], [ 6153854.262814089655876, 1959196.719606921309605 ], [ 6154028.248508634977043, 1959004.755974780768156 ], [ 6154182.580688236281276, 1958796.663119760574773 ], [ 6154315.773049636743963, 1958574.445089809363708 ], [ 6154426.542877587489784, 1958340.24196603265591 ], [ 6154513.823398089967668, 1958096.309252540580928 ], [ 6154542.636889366433024, 1957981.279347373638302 ], [ 6154545.666510260663927, 1957972.812124202959239 ], [ 6154608.617164192721248, 1957721.499026373727247 ], [ 6154646.631702343001962, 1957465.22582672117278 ], [ 6154659.344023928046227, 1957206.460576251149178 ], [ 6154646.631702343001962, 1956947.695325781125575 ] ] ] } },
{ "type": "Feature", "properties": { "stop_name": "Great America Station", "stop_id": "64809", "stop_desc": "Westbound", "route_info": { "route_id": [ "SC:Event-Blue", "SC:Event-Green", "SC:Event-Orange", "SC:Event-Special", "SC:Green Line", "SC:Orange Line" ], "route_type": [ "0" ] } }, "geometry": { "type": "Polygon", "coordinates": [ [ [ 6135851.165028253570199, 1972458.881166864652187 ], [ 6135813.150490103289485, 1972202.607967212097719 ], [ 6135750.199836171232164, 1971951.294869382865727 ], [ 6135662.91931566875428, 1971707.362155890790746 ], [ 6135552.149487718008459, 1971473.159032114082947 ], [ 6135418.957126317545772, 1971250.941002162871882 ], [ 6135264.624946716241539, 1971042.848147142678499 ], [ 6135090.639252170920372, 1970850.88451500213705 ], [ 6134898.675620030611753, 1970676.898820457048714 ], [ 6134690.58276501018554, 1970522.566640855977312 ], [ 6134468.364735059440136, 1970389.374279455048963 ], [ 6134234.161611282266676, 1970278.604451504768804 ], [ 6133990.228897790424526, 1970191.323931001592427 ], [ 6133738.915799961425364, 1970128.373277070233598 ], [ 6133482.642600309103727, 1970090.358738920185715 ], [ 6133223.877349838614464, 1970077.646417334675789 ], [ 6132965.1120993681252, 1970090.358738920185715 ], [ 6132708.838899715803564, 1970128.373277070233598 ], [ 6132457.525801886804402, 1970191.323931001592427 ], [ 6132213.593088394962251, 1970278.604451504768804 ], [ 6131979.389964617788792, 1970389.374279455048963 ], [ 6131757.171934667043388, 1970522.566640855977312 ], [ 6131549.079079646617174, 1970676.898820457048714 ], [ 6131357.115447506308556, 1970850.88451500213705 ], [ 6131183.129752960987389, 1971042.848147142678499 ], [ 6131028.797573359683156, 1971250.941002162871882 ], [ 6130895.605211959220469, 1971473.159032114082947 ], [ 6130784.835384008474648, 1971707.362155890790746 ], [ 6130697.554863505996764, 1971951.294869382865727 ], [ 6130634.604209573939443, 1972202.607967212097719 ], [ 6130596.589671423658729, 1972458.881166864652187 ], [ 6130595.76327349152416, 1972475.70288321049884 ], [ 6130594.809491252526641, 1972482.132760782260448 ], [ 6130582.097169667482376, 1972740.89801125228405 ], [ 6130594.809491252526641, 1972999.663261722307652 ], [ 6130632.824029402807355, 1973255.93646137486212 ], [ 6130695.774683334864676, 1973507.249559204094112 ], [ 6130783.05520383734256, 1973751.182272696169093 ], [ 6130893.825031788088381, 1973985.385396472876891 ], [ 6131027.017393188551068, 1974207.603426424087957 ], [ 6131181.349572789855301, 1974415.69628144428134 ], [ 6131355.335267335176468, 1974607.659913584822789 ], [ 6131547.298899475485086, 1974781.645608129911125 ], [ 6131755.3917544959113, 1974935.977787730982527 ], [ 6131977.609784446656704, 1975069.170149131910875 ], [ 6132211.812908223830163, 1975179.939977082191035 ], [ 6132455.745621715672314, 1975267.220497585367411 ], [ 6132707.058719544671476, 1975330.171151516726241 ], [ 6132963.331919196993113, 1975368.185689666774124 ], [ 6133222.097169667482376, 1975380.89801125228405 ], [ 6133480.86242013797164, 1975368.185689666774124 ], [ 6133737.135619790293276, 1975330.171151516726241 ], [ 6133988.448717619292438, 1975267.220497585367411 ], [ 6134232.381431111134589, 1975179.939977082191035 ], [ 6134466.584554888308048, 1975069.170149131910875 ], [ 6134688.802584839053452, 1974935.977787730982527 ], [ 6134896.895439859479666, 1974781.645608129911125 ], [ 6135088.859071999788284, 1974607.659913584822789 ], [ 6135262.844766545109451, 1974415.69628144428134 ], [ 6135417.176946146413684, 1974207.603426424087957 ], [ 6135550.369307546876371, 1973985.385396472876891 ], [ 6135661.139135497622192, 1973751.182272696169093 ], [ 6135748.419656000100076, 1973507.249559204094112 ], [ 6135811.370309932157397, 1973255.93646137486212 ], [ 6135849.384848082438111, 1972999.663261722307652 ], [ 6135850.21124601457268, 1972982.841545376460999 ], [ 6135851.165028253570199, 1972976.411667804699391 ], [ 6135863.877349838614464, 1972717.646417334675789 ], [ 6135851.165028253570199, 1972458.881166864652187 ] ] ] } },
{ "type": "Feature", "properties": { "stop_name": "Great Mall Station", "stop_id": "65250", "stop_desc": "Westbound", "route_info": { "route_id": [ "SC:Event-Orange", "SC:Orange Line" ], "route_type": [ "0" ] } }, "geometry": { "type": "Polygon", "coordinates": [ [ [ 6154759.301470503211021, 1973684.879688426852226 ], [ 6154500.536220032721758, 1973697.592010012362152 ], [ 6154244.263020380400121, 1973735.606548162410036 ], [ 6154006.827009172178805, 1973795.081172849982977 ], [ 6153942.905027299188077, 1973804.563103156397119 ], [ 6153691.591929470188916, 1973867.513757087755948 ], [ 6153447.659215978346765, 1973954.794277590932325 ], [ 6153213.456092201173306, 1974065.564105541212484 ], [ 6152991.238062250427902, 1974198.756466942140833 ], [ 6152783.145207230001688, 1974353.088646543212235 ], [ 6152755.449002631008625, 1974378.191023174440488 ], [ 6152727.499321151524782, 1974398.919919711537659 ], [ 6152535.535689011216164, 1974572.905614256625995 ], [ 6152361.549994465894997, 1974764.869246397167444 ], [ 6152207.217814864590764, 1974972.962101417360827 ], [ 6152074.025453464128077, 1975195.180131368571892 ], [ 6151963.255625513382256, 1975429.383255145279691 ], [ 6151875.975105010904372, 1975673.315968637354672 ], [ 6151813.024451078847051, 1975924.629066466586664 ], [ 6151775.009912928566337, 1976180.902266119141132 ], [ 6151762.297591343522072, 1976439.667516589164734 ], [ 6151775.009912928566337, 1976698.432767059188336 ], [ 6151813.024451078847051, 1976954.705966711742803 ], [ 6151875.975105010904372, 1977206.019064540974796 ], [ 6151963.255625513382256, 1977449.951778033049777 ], [ 6152074.025453464128077, 1977684.154901809757575 ], [ 6152207.217814864590764, 1977906.37293176096864 ], [ 6152361.549994465894997, 1978114.465786781162024 ], [ 6152535.535689011216164, 1978306.429418921703473 ], [ 6152727.499321151524782, 1978480.415113466791809 ], [ 6152935.592176171950996, 1978634.747293067863211 ], [ 6153157.8102061226964, 1978767.939654468791559 ], [ 6153392.013329899869859, 1978878.709482419071719 ], [ 6153635.94604339171201, 1978965.990002922248095 ], [ 6153887.259141220711172, 1979028.940656853606924 ], [ 6154143.532340873032808, 1979066.955195003654808 ], [ 6154402.297591343522072, 1979079.667516589164734 ], [ 6154661.062841814011335, 1979066.955195003654808 ], [ 6154917.336041466332972, 1979028.940656853606924 ], [ 6155168.649139295332134, 1978965.990002922248095 ], [ 6155304.366928472183645, 1978917.42940147058107 ], [ 6155312.41333529446274, 1978916.235829768469557 ], [ 6155563.726433123461902, 1978853.285175837110728 ], [ 6155807.659146615304053, 1978766.004655333934352 ], [ 6156041.862270392477512, 1978655.234827383654192 ], [ 6156264.080300343222916, 1978522.042465982725844 ], [ 6156472.17315536364913, 1978367.710286381654441 ], [ 6156664.136787503957748, 1978193.724591836566105 ], [ 6156838.122482049278915, 1978001.760959696024656 ], [ 6156992.454661650583148, 1977793.668104675831273 ], [ 6157125.647023051045835, 1977571.450074724620208 ], [ 6157236.416851001791656, 1977337.24695094791241 ], [ 6157323.69737150426954, 1977093.314237455837429 ], [ 6157386.648025436326861, 1976842.001139626605436 ], [ 6157424.662563586607575, 1976585.727939974050969 ], [ 6157437.37488517165184, 1976326.962689504027367 ], [ 6157424.662563586607575, 1976068.197439034003764 ], [ 6157386.648025436326861, 1975811.924239381449297 ], [ 6157323.69737150426954, 1975560.611141552217305 ], [ 6157236.416851001791656, 1975316.678428060142323 ], [ 6157125.647023051045835, 1975082.475304283434525 ], [ 6156992.454661650583148, 1974860.25727433222346 ], [ 6156838.122482049278915, 1974652.164419312030077 ], [ 6156664.136787503957748, 1974460.200787171488628 ], [ 6156472.17315536364913, 1974286.215092626400292 ], [ 6156264.080300343222916, 1974131.882913025328889 ], [ 6156041.862270392477512, 1973998.690551624400541 ], [ 6155807.659146615304053, 1973887.920723674120381 ], [ 6155563.726433123461902, 1973800.640203170944005 ], [ 6155312.41333529446274, 1973737.689549239585176 ], [ 6155056.140135642141104, 1973699.675011089537293 ], [ 6155020.209408223628998, 1973697.909847641596571 ], [ 6155018.066720973700285, 1973697.592010012362152 ], [ 6154759.301470503211021, 1973684.879688426852226 ] ] ] } },
{ "type": "Feature", "properties": { "stop_name": "Hamilton Station", "stop_id": "65378", "stop_desc": "Northbound", "route_info": { "route_id": [ "SC:Green Line" ], "route_type": [ "0" ] } }, "geometry": { "type": "Polygon", "coordinates": [ [ [ 6146615.588530851528049, 1932160.206096797483042 ], [ 6146552.637876919470727, 1931908.89299896825105 ], [ 6146465.357356416992843, 1931664.960285476176068 ], [ 6146354.587528466247022, 1931430.75716169946827 ], [ 6146221.395167065784335, 1931208.539131748257205 ], [ 6146067.062987464480102, 1931000.446276728063822 ], [ 6145893.077292919158936, 1930808.482644587522373 ], [ 6145701.113660778850317, 1930634.496950042434037 ], [ 6145493.020805758424103, 1930480.164770441362634 ], [ 6145270.802775807678699, 1930346.972409040434286 ], [ 6145036.59965203050524, 1930236.202581090154126 ], [ 6144792.666938538663089, 1930148.92206058697775 ], [ 6144541.353840709663928, 1930085.971406655618921 ], [ 6144285.080641057342291, 1930047.956868505571038 ], [ 6144026.315390586853027, 1930035.244546920061111 ], [ 6143767.550140116363764, 1930047.956868505571038 ], [ 6143511.276940464042127, 1930085.971406655618921 ], [ 6143259.963842635042965, 1930148.92206058697775 ], [ 6143016.031129143200815, 1930236.202581090154126 ], [ 6142781.828005366027355, 1930346.972409040434286 ], [ 6142559.609975415281951, 1930480.164770441362634 ], [ 6142521.874742376618087, 1930508.151126638054848 ], [ 6142448.339200588874519, 1930552.226634191581979 ], [ 6142240.246345568448305, 1930706.558813792653382 ], [ 6142048.282713428139687, 1930880.544508337741718 ], [ 6141874.29701888281852, 1931072.508140478283167 ], [ 6141719.964839281514287, 1931280.60099549847655 ], [ 6141586.7724778810516, 1931502.819025449687615 ], [ 6141476.002649930305779, 1931737.022149226395413 ], [ 6141388.722129427827895, 1931980.954862718470395 ], [ 6141325.771475495770574, 1932232.267960547702387 ], [ 6141287.75693734548986, 1932488.541160200256854 ], [ 6141275.044615760445595, 1932747.306410670280457 ], [ 6141287.75693734548986, 1933006.071661140304059 ], [ 6141325.771475495770574, 1933262.344860792858526 ], [ 6141388.722129427827895, 1933513.657958622090518 ], [ 6141476.002649930305779, 1933757.5906721141655 ], [ 6141586.7724778810516, 1933991.793795890873298 ], [ 6141719.964839281514287, 1934214.011825842084363 ], [ 6141874.29701888281852, 1934422.104680862277746 ], [ 6142048.282713428139687, 1934614.068313002819195 ], [ 6142240.246345568448305, 1934788.054007547907531 ], [ 6142448.339200588874519, 1934942.386187148978934 ], [ 6142670.557230539619923, 1935075.578548549907282 ], [ 6142904.760354316793382, 1935186.348376500187442 ], [ 6143148.693067808635533, 1935273.628897003363818 ], [ 6143400.006165637634695, 1935336.579550934722647 ], [ 6143656.279365289956331, 1935374.59408908477053 ], [ 6143915.044615760445595, 1935387.306410670280457 ], [ 6143975.202984587289393, 1935384.351019522408023 ], [ 6143996.093010097742081, 1935385.377280667424202 ], [ 6144254.858260568231344, 1935372.664959081914276 ], [ 6144511.131460220552981, 1935334.650420931866392 ], [ 6144762.444558049552143, 1935271.699767000507563 ], [ 6145006.377271541394293, 1935184.419246497331187 ], [ 6145240.580395318567753, 1935073.649418547051027 ], [ 6145462.798425269313157, 1934940.457057146122679 ], [ 6145670.89128028973937, 1934786.124877545051277 ], [ 6145690.424443301744759, 1934768.421050547389314 ], [ 6145693.802651789039373, 1934765.915600377134979 ], [ 6145885.766283929347992, 1934591.929905832046643 ], [ 6146059.751978474669158, 1934399.966273691505194 ], [ 6146214.084158075973392, 1934191.873418671311811 ], [ 6146347.276519476436079, 1933969.655388720100746 ], [ 6146458.0463474271819, 1933735.452264943392947 ], [ 6146545.326867929659784, 1933491.519551451317966 ], [ 6146608.277521861717105, 1933240.206453622085974 ], [ 6146646.292060011997819, 1932983.933253969531506 ], [ 6146646.338823397643864, 1932982.981363393831998 ], [ 6146653.603069001808763, 1932934.009797390084714 ], [ 6146666.315390586853027, 1932675.244546920061111 ], [ 6146653.603069001808763, 1932416.479296450037509 ], [ 6146615.588530851528049, 1932160.206096797483042 ] ] ] } },
{ "type": "Feature", "properties": { "stop_name": "Hostetter Station", "stop_id": "65238", "stop_desc": "Eastbound", "route_info": { "route_id": [ "SC:Event-Orange", "SC:Orange Line" ], "route_type": [ "0" ] } }, "geometry": { "type": "Polygon", "coordinates": [ [ [ 6166460.594294840469956, 1968981.171586875338107 ], [ 6166422.579756690189242, 1968724.89838722278364 ], [ 6166359.629102758131921, 1968473.585289393551648 ], [ 6166272.348582255654037, 1968229.652575901476666 ], [ 6166161.578754304908216, 1967995.449452124768868 ], [ 6166028.386392904445529, 1967773.231422173557803 ], [ 6165874.054213303141296, 1967565.13856715336442 ], [ 6165700.068518757820129, 1967373.174935012822971 ], [ 6165508.104886617511511, 1967199.189240467734635 ], [ 6165300.012031597085297, 1967044.857060866663232 ], [ 6165077.794001646339893, 1966911.664699465734884 ], [ 6164843.590877869166434, 1966800.894871515454724 ], [ 6164599.658164377324283, 1966713.614351012278348 ], [ 6164348.345066548325121, 1966650.663697080919519 ], [ 6164092.071866896003485, 1966612.649158930871636 ], [ 6163833.306616425514221, 1966599.93683734536171 ], [ 6163574.541365955024958, 1966612.649158930871636 ], [ 6163318.268166302703321, 1966650.663697080919519 ], [ 6163066.955068473704159, 1966713.614351012278348 ], [ 6162823.022354981862009, 1966800.894871515454724 ], [ 6162588.819231204688549, 1966911.664699465734884 ], [ 6162366.601201253943145, 1967044.857060866663232 ], [ 6162158.508346233516932, 1967199.189240467734635 ], [ 6161966.544714093208313, 1967373.174935012822971 ], [ 6161792.559019547887146, 1967565.13856715336442 ], [ 6161638.226839946582913, 1967773.231422173557803 ], [ 6161505.034478546120226, 1967995.449452124768868 ], [ 6161394.264650595374405, 1968229.652575901476666 ], [ 6161306.984130092896521, 1968473.585289393551648 ], [ 6161244.0334761608392, 1968724.89838722278364 ], [ 6161206.018938010558486, 1968981.171586875338107 ], [ 6161193.306616425514221, 1969239.93683734536171 ], [ 6161206.018938010558486, 1969498.702087815385312 ], [ 6161244.0334761608392, 1969754.975287467939779 ], [ 6161306.984130092896521, 1970006.288385297171772 ], [ 6161394.264650595374405, 1970250.221098789246753 ], [ 6161505.034478546120226, 1970484.424222565954551 ], [ 6161638.226839946582913, 1970706.642252517165616 ], [ 6161792.559019547887146, 1970914.735107537358999 ], [ 6161966.544714093208313, 1971106.698739677900448 ], [ 6162158.508346233516932, 1971280.684434222988784 ], [ 6162366.601201253943145, 1971435.016613824060187 ], [ 6162588.819231204688549, 1971568.208975224988535 ], [ 6162823.022354981862009, 1971678.978803175268695 ], [ 6163066.955068473704159, 1971766.259323678445071 ], [ 6163318.268166302703321, 1971829.2099776098039 ], [ 6163574.541365955024958, 1971867.224515759851784 ], [ 6163833.306616425514221, 1971879.93683734536171 ], [ 6164092.071866896003485, 1971867.224515759851784 ], [ 6164348.345066548325121, 1971829.2099776098039 ], [ 6164599.658164377324283, 1971766.259323678445071 ], [ 6164843.590877869166434, 1971678.978803175268695 ], [ 6165077.794001646339893, 1971568.208975224988535 ], [ 6165300.012031597085297, 1971435.016613824060187 ], [ 6165508.104886617511511, 1971280.684434222988784 ], [ 6165700.068518757820129, 1971106.698739677900448 ], [ 6165874.054213303141296, 1970914.735107537358999 ], [ 6166028.386392904445529, 1970706.642252517165616 ], [ 6166161.578754304908216, 1970484.424222565954551 ], [ 6166272.348582255654037, 1970250.221098789246753 ], [ 6166359.629102758131921, 1970006.288385297171772 ], [ 6166422.579756690189242, 1969754.975287467939779 ], [ 6166460.594294840469956, 1969498.702087815385312 ], [ 6166473.306616425514221, 1969239.93683734536171 ], [ 6166460.594294840469956, 1968981.171586875338107 ] ] ] } },
{ "type": "Feature", "properties": { "stop_name": "Japantown/Ayer Station", "stop_id": "64771", "stop_desc": "Southbound", "route_info": { "route_id": [ "SC:Blue Line", "SC:Green Line" ], "route_type": [ "0" ] } }, "geometry": { "type": "Polygon", "coordinates": [ [ [ 6158194.171672848984599, 1950483.724895878927782 ], [ 6158131.221018916927278, 1950232.41179804969579 ], [ 6158043.940498414449394, 1949988.479084557620808 ], [ 6157933.170670463703573, 1949754.27596078091301 ], [ 6157799.978309063240886, 1949532.057930829701945 ], [ 6157645.646129461936653, 1949323.965075809508562 ], [ 6157471.660434916615486, 1949132.001443668967113 ], [ 6157279.696802776306868, 1948958.015749123878777 ], [ 6157071.603947755880654, 1948803.683569522807375 ], [ 6156849.38591780513525, 1948670.491208121879026 ], [ 6156615.182794027961791, 1948559.721380171598867 ], [ 6156371.25008053611964, 1948472.44085966842249 ], [ 6156119.936982707120478, 1948409.490205737063661 ], [ 6155863.663783054798841, 1948371.475667587015778 ], [ 6155604.898532584309578, 1948358.763346001505852 ], [ 6155346.133282113820314, 1948371.475667587015778 ], [ 6155089.860082461498678, 1948409.490205737063661 ], [ 6154838.546984632499516, 1948472.44085966842249 ], [ 6154838.415608237497509, 1948472.487866894342005 ], [ 6154838.024347891099751, 1948472.585872509051114 ], [ 6154594.0916343992576, 1948559.866393012227491 ], [ 6154359.888510622084141, 1948670.63622096250765 ], [ 6154137.670480671338737, 1948803.828582363435999 ], [ 6153929.577625650912523, 1948958.160761964507401 ], [ 6153737.613993510603905, 1949132.146456509595737 ], [ 6153563.628298965282738, 1949324.110088650137186 ], [ 6153409.296119363978505, 1949532.202943670330569 ], [ 6153276.103757963515818, 1949754.420973621541634 ], [ 6153192.989860359579325, 1949930.150545547017828 ], [ 6153138.303879188373685, 1950003.886055412469432 ], [ 6153005.111517787910998, 1950226.104085363680497 ], [ 6152894.341689837165177, 1950460.307209140388295 ], [ 6152807.061169334687293, 1950704.239922632463276 ], [ 6152744.110515402629972, 1950955.553020461695269 ], [ 6152706.095977252349257, 1951211.826220114249736 ], [ 6152693.383655667304993, 1951470.591470584273338 ], [ 6152706.095977252349257, 1951729.356721054296941 ], [ 6152744.110515402629972, 1951985.629920706851408 ], [ 6152807.061169334687293, 1952236.9430185360834 ], [ 6152894.341689837165177, 1952480.875732028158382 ], [ 6153005.111517787910998, 1952715.07885580486618 ], [ 6153138.303879188373685, 1952937.296885756077245 ], [ 6153292.636058789677918, 1953145.389740776270628 ], [ 6153466.621753334999084, 1953337.353372916812077 ], [ 6153658.585385475307703, 1953511.339067461900413 ], [ 6153866.678240495733917, 1953665.671247062971815 ], [ 6154088.896270446479321, 1953798.863608463900164 ], [ 6154323.09939422365278, 1953909.633436414180323 ], [ 6154567.032107715494931, 1953996.9139569173567 ], [ 6154818.345205544494092, 1954059.864610848715529 ], [ 6155074.618405196815729, 1954097.879148998763412 ], [ 6155333.383655667304993, 1954110.591470584273338 ], [ 6155592.148906137794256, 1954097.879148998763412 ], [ 6155848.422105790115893, 1954059.864610848715529 ], [ 6156099.735203619115055, 1953996.9139569173567 ], [ 6156343.667917110957205, 1953909.633436414180323 ], [ 6156577.871040888130665, 1953798.863608463900164 ], [ 6156800.089070838876069, 1953665.671247062971815 ], [ 6157008.181925859302282, 1953511.339067461900413 ], [ 6157200.145557999610901, 1953337.353372916812077 ], [ 6157374.131252544932067, 1953145.389740776270628 ], [ 6157528.4634321462363, 1952937.296885756077245 ], [ 6157661.655793546698987, 1952715.07885580486618 ], [ 6157744.039016243070364, 1952540.894166172016412 ], [ 6157799.978309063240886, 1952465.468761173309758 ], [ 6157933.170670463703573, 1952243.250731222098693 ], [ 6158043.940498414449394, 1952009.047607445390895 ], [ 6158131.221018916927278, 1951765.114893953315914 ], [ 6158194.171672848984599, 1951513.801796124083921 ], [ 6158232.186210999265313, 1951257.528596471529454 ], [ 6158244.898532584309578, 1950998.763346001505852 ], [ 6158232.186210999265313, 1950739.998095531482249 ], [ 6158194.171672848984599, 1950483.724895878927782 ] ] ] } },
{ "type": "Feature", "properties": { "stop_name": "Karina Station", "stop_id": "64754", "stop_desc": "Northbound", "route_info": { "route_id": [ "SC:Blue Line", "SC:Event-Blue", "SC:Event-Green", "SC:Event-Special", "SC:Green Line" ], "route_type": [ "0" ] } }, "geometry": { "type": "Polygon", "coordinates": [ [ [ 6151754.998706081882119, 1961967.211533446330577 ], [ 6151716.984167931601405, 1961710.93833379377611 ], [ 6151654.033513999544084, 1961459.625235964544117 ], [ 6151566.7529934970662, 1961215.692522472469136 ], [ 6151455.983165546320379, 1960981.489398695761338 ], [ 6151322.790804145857692, 1960759.271368744550273 ], [ 6151168.458624544553459, 1960551.17851372435689 ], [ 6150994.472929999232292, 1960359.214881583815441 ], [ 6150802.509297858923674, 1960185.229187038727105 ], [ 6150594.41644283849746, 1960030.897007437655702 ], [ 6150372.198412887752056, 1959897.704646036727354 ], [ 6150137.995289110578597, 1959786.934818086447194 ], [ 6149894.062575618736446, 1959699.654297583270818 ], [ 6149642.749477789737284, 1959636.703643651911989 ], [ 6149386.476278137415648, 1959598.689105501864105 ], [ 6149127.711027666926384, 1959585.976783916354179 ], [ 6148868.94577719643712, 1959598.689105501864105 ], [ 6148612.672577544115484, 1959636.703643651911989 ], [ 6148361.359479715116322, 1959699.654297583270818 ], [ 6148117.426766223274171, 1959786.934818086447194 ], [ 6147883.223642446100712, 1959897.704646036727354 ], [ 6147661.005612495355308, 1960030.897007437655702 ], [ 6147452.912757474929094, 1960185.229187038727105 ], [ 6147260.949125334620476, 1960359.214881583815441 ], [ 6147086.963430789299309, 1960551.17851372435689 ], [ 6146932.631251187995076, 1960759.271368744550273 ], [ 6146799.438889787532389, 1960981.489398695761338 ], [ 6146688.669061836786568, 1961215.692522472469136 ], [ 6146601.388541334308684, 1961459.625235964544117 ], [ 6146575.265063126571476, 1961563.916006981162354 ], [ 6146560.790853508748114, 1961604.368712891824543 ], [ 6146497.840199576690793, 1961855.681810721056536 ], [ 6146459.825661426410079, 1962111.955010373611003 ], [ 6146447.113339841365814, 1962370.720260843634605 ], [ 6146459.825661426410079, 1962629.485511313658208 ], [ 6146497.840199576690793, 1962885.758710966212675 ], [ 6146560.790853508748114, 1963137.071808795444667 ], [ 6146648.071374011225998, 1963381.004522287519649 ], [ 6146758.841201961971819, 1963615.207646064227447 ], [ 6146892.033563362434506, 1963837.425676015438512 ], [ 6147046.365742963738739, 1964045.518531035631895 ], [ 6147220.351437509059906, 1964237.482163176173344 ], [ 6147412.315069649368525, 1964411.46785772126168 ], [ 6147620.407924669794738, 1964565.800037322333083 ], [ 6147842.625954620540142, 1964698.992398723261431 ], [ 6148076.829078397713602, 1964809.762226673541591 ], [ 6148320.761791889555752, 1964897.042747176717967 ], [ 6148572.074889718554914, 1964959.993401108076796 ], [ 6148828.348089370876551, 1964998.007939258124679 ], [ 6149087.113339841365814, 1965010.720260843634605 ], [ 6149345.878590311855078, 1964998.007939258124679 ], [ 6149602.151789964176714, 1964959.993401108076796 ], [ 6149853.464887793175876, 1964897.042747176717967 ], [ 6150097.397601285018027, 1964809.762226673541591 ], [ 6150331.600725062191486, 1964698.992398723261431 ], [ 6150553.81875501293689, 1964565.800037322333083 ], [ 6150761.911610033363104, 1964411.46785772126168 ], [ 6150953.875242173671722, 1964237.482163176173344 ], [ 6151127.860936718992889, 1964045.518531035631895 ], [ 6151282.193116320297122, 1963837.425676015438512 ], [ 6151415.385477720759809, 1963615.207646064227447 ], [ 6151526.15530567150563, 1963381.004522287519649 ], [ 6151613.435826173983514, 1963137.071808795444667 ], [ 6151639.559304381720722, 1963032.78103777882643 ], [ 6151654.033513999544084, 1962992.328331868164241 ], [ 6151716.984167931601405, 1962741.015234038932249 ], [ 6151754.998706081882119, 1962484.742034386377782 ], [ 6151767.711027666926384, 1962225.976783916354179 ], [ 6151754.998706081882119, 1961967.211533446330577 ] ] ] } },
{ "type": "Feature", "properties": { "stop_name": "Lick Mill Station", "stop_id": "64808", "stop_desc": "Westbound", "route_info": { "route_id": [ "SC:Event-Blue", "SC:Event-Green", "SC:Event-Orange", "SC:Event-Special", "SC:Green Line", "SC:Orange Line" ], "route_type": [ "0" ] } }, "geometry": { "type": "Polygon", "coordinates": [ [ [ 6137982.728411671705544, 1971966.335406856844202 ], [ 6137760.51038172096014, 1971833.143045455915853 ], [ 6137526.307257943786681, 1971722.373217505635694 ], [ 6137282.37454445194453, 1971635.092697002459317 ], [ 6137031.061446622945368, 1971572.142043071100488 ], [ 6136774.788246970623732, 1971534.127504921052605 ], [ 6136516.022996500134468, 1971521.415183335542679 ], [ 6136257.257746029645205, 1971534.127504921052605 ], [ 6136000.984546377323568, 1971572.142043071100488 ], [ 6135749.671448548324406, 1971635.092697002459317 ], [ 6135505.738735056482255, 1971722.373217505635694 ], [ 6135271.535611279308796, 1971833.143045455915853 ], [ 6135049.317581328563392, 1971966.335406856844202 ], [ 6134841.224726308137178, 1972120.667586457915604 ], [ 6134649.26109416782856, 1972294.65328100300394 ], [ 6134475.275399622507393, 1972486.616913143545389 ], [ 6134320.94322002120316, 1972694.709768163738772 ], [ 6134187.750858620740473, 1972916.927798114949837 ], [ 6134076.981030669994652, 1973151.130921891657636 ], [ 6134075.072549263015389, 1973156.464770103804767 ], [ 6134064.688076254911721, 1973178.420893556205556 ], [ 6133977.407555752433836, 1973422.353607048280537 ], [ 6133914.456901820376515, 1973673.666704877512529 ], [ 6133876.442363670095801, 1973929.939904530066997 ], [ 6133863.730042085051537, 1974188.705155 ], [ 6133876.442363670095801, 1974447.470405470114201 ], [ 6133914.456901820376515, 1974703.743605122668669 ], [ 6133977.407555752433836, 1974955.056702951900661 ], [ 6134064.688076254911721, 1975198.989416443975642 ], [ 6134175.457904205657542, 1975433.192540220683441 ], [ 6134308.650265606120229, 1975655.410570171894506 ], [ 6134462.982445207424462, 1975863.503425192087889 ], [ 6134636.968139752745628, 1976055.467057332629338 ], [ 6134828.931771893054247, 1976229.452751877717674 ], [ 6135037.024626913480461, 1976383.784931478789076 ], [ 6135259.242656864225864, 1976516.977292879717425 ], [ 6135493.445780641399324, 1976627.747120829997584 ], [ 6135684.704533135518432, 1976696.180596723919734 ], [ 6135857.694543950259686, 1976799.866818963782862 ], [ 6136091.897667727433145, 1976910.636646914063022 ], [ 6136335.830381219275296, 1976997.917167417239398 ], [ 6136587.143479048274457, 1977060.867821348598227 ], [ 6136843.416678700596094, 1977098.88235949864611 ], [ 6137102.181929171085358, 1977111.594681084156036 ], [ 6137360.947179641574621, 1977098.88235949864611 ], [ 6137617.220379293896258, 1977060.867821348598227 ], [ 6137868.53347712289542, 1976997.917167417239398 ], [ 6138112.46619061473757, 1976910.636646914063022 ], [ 6138346.66931439191103, 1976799.866818963782862 ], [ 6138568.887344342656434, 1976666.674457562854514 ], [ 6138776.980199363082647, 1976512.342277961783111 ], [ 6138968.943831503391266, 1976338.356583416694775 ], [ 6139142.929526048712432, 1976146.392951276153326 ], [ 6139297.261705650016665, 1975938.300096255959943 ], [ 6139430.454067050479352, 1975716.082066304748878 ], [ 6139541.223895001225173, 1975481.87894252804108 ], [ 6139628.504415503703058, 1975237.946229035966098 ], [ 6139691.455069435760379, 1974986.633131206734106 ], [ 6139729.469607586041093, 1974730.359931554179639 ], [ 6139742.181929171085358, 1974471.594681084156036 ], [ 6139729.469607586041093, 1974212.829430614132434 ], [ 6139691.455069435760379, 1973956.556230961577967 ], [ 6139628.504415503703058, 1973705.243133132345974 ], [ 6139541.223895001225173, 1973461.310419640270993 ], [ 6139430.454067050479352, 1973227.107295863563195 ], [ 6139297.261705650016665, 1973004.88926591235213 ], [ 6139142.929526048712432, 1972796.796410892158747 ], [ 6138968.943831503391266, 1972604.832778751617298 ], [ 6138776.980199363082647, 1972430.847084206528962 ], [ 6138568.887344342656434, 1972276.514904605457559 ], [ 6138346.66931439191103, 1972143.322543204529211 ], [ 6138112.46619061473757, 1972032.552715254249051 ], [ 6138034.302348674274981, 1972004.585245407884941 ], [ 6137982.728411671705544, 1971966.335406856844202 ] ] ] } },
{ "type": "Feature", "properties": { "stop_name": "Lockheed Martin Station", "stop_id": "64816", "stop_desc": null, "route_info": { "route_id": [ "SC:Event-Blue", "SC:Event-Orange", "SC:Orange Line" ], "route_type": [ "0" ] } }, "geometry": { "type": "Polygon", "coordinates": [ [ [ 6120572.31498250644654, 1974113.365545979468152 ], [ 6120461.545154555700719, 1973879.162422202760354 ], [ 6120328.352793155238032, 1973656.944392251549289 ], [ 6120174.020613553933799, 1973448.851537231355906 ], [ 6120000.034919008612633, 1973256.887905090814456 ], [ 6119808.071286868304014, 1973082.90221054572612 ], [ 6119599.9784318478778, 1972928.570030944654718 ], [ 6119377.760401897132397, 1972795.37766954372637 ], [ 6119143.557278119958937, 1972684.60784159344621 ], [ 6118899.624564628116786, 1972597.327321090269834 ], [ 6118648.311466799117625, 1972534.376667158911005 ], [ 6118392.038267146795988, 1972496.362129008863121 ], [ 6118133.273016676306725, 1972483.649807423353195 ], [ 6117874.507766205817461, 1972496.362129008863121 ], [ 6117618.234566553495824, 1972534.376667158911005 ], [ 6117366.921468724496663, 1972597.327321090269834 ], [ 6117122.988755232654512, 1972684.60784159344621 ], [ 6116888.785631455481052, 1972795.37766954372637 ], [ 6116666.567601504735649, 1972928.570030944654718 ], [ 6116458.474746484309435, 1973082.90221054572612 ], [ 6116266.511114344000816, 1973256.887905090814456 ], [ 6116092.52541979867965, 1973448.851537231355906 ], [ 6115938.193240197375417, 1973656.944392251549289 ], [ 6115805.00087879691273, 1973879.162422202760354 ], [ 6115694.231050846166909, 1974113.365545979468152 ], [ 6115606.950530343689024, 1974357.298259471543133 ], [ 6115543.999876411631703, 1974608.611357300775126 ], [ 6115505.985338261350989, 1974864.884556953329593 ], [ 6115493.273016676306725, 1975123.649807423353195 ], [ 6115505.985338261350989, 1975382.415057893376797 ], [ 6115543.999876411631703, 1975638.688257545931265 ], [ 6115606.950530343689024, 1975890.001355375163257 ], [ 6115637.920550728216767, 1975976.556763911386952 ], [ 6115698.429021918214858, 1976218.12012171279639 ], [ 6115785.709542420692742, 1976462.052835204871371 ], [ 6115896.479370371438563, 1976696.25595898157917 ], [ 6116029.67173177190125, 1976918.473988932790235 ], [ 6116184.003911373205483, 1977126.566843952983618 ], [ 6116357.989605918526649, 1977318.530476093525067 ], [ 6116549.953238058835268, 1977492.516170638613403 ], [ 6116758.046093079261482, 1977646.848350239684805 ], [ 6116980.264123030006886, 1977780.040711640613154 ], [ 6117214.467246807180345, 1977890.810539590893313 ], [ 6117458.399960299022496, 1977978.09106009406969 ], [ 6117709.713058128021657, 1978041.041714025428519 ], [ 6117965.986257780343294, 1978079.056252175476402 ], [ 6118224.751508250832558, 1978091.768573760986328 ], [ 6118483.516758721321821, 1978079.056252175476402 ], [ 6118739.789958373643458, 1978041.041714025428519 ], [ 6118991.10305620264262, 1977978.09106009406969 ], [ 6119235.03576969448477, 1977890.810539590893313 ], [ 6119469.23889347165823, 1977780.040711640613154 ], [ 6119691.456923422403634, 1977646.848350239684805 ], [ 6119899.549778442829847, 1977492.516170638613403 ], [ 6120091.513410583138466, 1977318.530476093525067 ], [ 6120265.499105128459632, 1977126.566843952983618 ], [ 6120419.831284729763865, 1976918.473988932790235 ], [ 6120553.023646130226552, 1976696.25595898157917 ], [ 6120663.793474080972373, 1976462.052835204871371 ], [ 6120751.073994583450258, 1976218.12012171279639 ], [ 6120814.024648515507579, 1975966.807023883564398 ], [ 6120852.039186665788293, 1975710.53382423100993 ], [ 6120864.751508250832558, 1975451.768573760986328 ], [ 6120852.039186665788293, 1975193.003323290962726 ], [ 6120814.024648515507579, 1974936.730123638408259 ], [ 6120751.073994583450258, 1974685.417025809176266 ], [ 6120720.103974198922515, 1974598.861617272952572 ], [ 6120659.595503008924425, 1974357.298259471543133 ], [ 6120572.31498250644654, 1974113.365545979468152 ] ] ] } },
{ "type": "Feature", "properties": { "stop_name": "Metro/Airport Station", "stop_id": "64753", "stop_desc": "Northbound", "route_info": { "route_id": [ "SC:Blue Line", "SC:Event-Blue", "SC:Event-Green", "SC:Event-Special", "SC:Green Line" ], "route_type": [ "0" ] } }, "geometry": { "type": "Polygon", "coordinates": [ [ [ 6153004.60414650477469, 1959794.681429703254253 ], [ 6152966.589608354493976, 1959538.408230050699785 ], [ 6152903.638954422436655, 1959287.095132221467793 ], [ 6152816.35843391995877, 1959043.162418729392812 ], [ 6152705.588605969212949, 1958808.959294952685013 ], [ 6152572.396244568750262, 1958586.741265001473948 ], [ 6152418.064064967446029, 1958378.648409981280565 ], [ 6152244.078370422124863, 1958186.684777840739116 ], [ 6152052.114738281816244, 1958012.69908329565078 ], [ 6151844.02188326139003, 1957858.366903694579378 ], [ 6151621.803853310644627, 1957725.174542293651029 ], [ 6151387.600729533471167, 1957614.40471434337087 ], [ 6151143.668016041629016, 1957527.124193840194494 ], [ 6150892.354918212629855, 1957464.173539908835664 ], [ 6150636.081718560308218, 1957426.159001758787781 ], [ 6150377.316468089818954, 1957413.446680173277855 ], [ 6150118.551217619329691, 1957426.159001758787781 ], [ 6149862.278017967008054, 1957464.173539908835664 ], [ 6149610.964920138008893, 1957527.124193840194494 ], [ 6149367.032206646166742, 1957614.40471434337087 ], [ 6149132.829082868993282, 1957725.174542293651029 ], [ 6148910.611052918247879, 1957858.366903694579378 ], [ 6148702.518197897821665, 1958012.69908329565078 ], [ 6148510.554565757513046, 1958186.684777840739116 ], [ 6148336.56887121219188, 1958378.648409981280565 ], [ 6148182.236691610887647, 1958586.741265001473948 ], [ 6148049.04433021042496, 1958808.959294952685013 ], [ 6147938.274502259679139, 1959043.162418729392812 ], [ 6147850.993981757201254, 1959287.095132221467793 ], [ 6147828.547732823528349, 1959376.705581068526953 ], [ 6147810.234548845328391, 1959427.887501557357609 ], [ 6147747.28389491327107, 1959679.200599386589602 ], [ 6147709.269356762990355, 1959935.473799039144069 ], [ 6147696.557035177946091, 1960194.239049509167671 ], [ 6147709.269356762990355, 1960453.004299979191273 ], [ 6147747.28389491327107, 1960709.277499631745741 ], [ 6147810.234548845328391, 1960960.590597460977733 ], [ 6147897.515069347806275, 1961204.523310953052714 ], [ 6148008.284897298552096, 1961438.726434729760513 ], [ 6148141.477258699014783, 1961660.944464680971578 ], [ 6148295.809438300319016, 1961869.037319701164961 ], [ 6148469.795132845640182, 1962061.00095184170641 ], [ 6148661.758764985948801, 1962234.986646386794746 ], [ 6148869.851620006375015, 1962389.318825987866148 ], [ 6149092.069649957120419, 1962522.511187388794497 ], [ 6149326.272773734293878, 1962633.281015339074656 ], [ 6149570.205487226136029, 1962720.561535842251033 ], [ 6149821.51858505513519, 1962783.512189773609862 ], [ 6150077.791784707456827, 1962821.526727923657745 ], [ 6150336.557035177946091, 1962834.239049509167671 ], [ 6150595.322285648435354, 1962821.526727923657745 ], [ 6150851.595485300756991, 1962783.512189773609862 ], [ 6151102.908583129756153, 1962720.561535842251033 ], [ 6151346.841296621598303, 1962633.281015339074656 ], [ 6151581.044420398771763, 1962522.511187388794497 ], [ 6151803.262450349517167, 1962389.318825987866148 ], [ 6152011.35530536994338, 1962234.986646386794746 ], [ 6152203.318937510251999, 1962061.00095184170641 ], [ 6152377.304632055573165, 1961869.037319701164961 ], [ 6152531.636811656877398, 1961660.944464680971578 ], [ 6152664.829173057340086, 1961438.726434729760513 ], [ 6152775.599001008085907, 1961204.523310953052714 ], [ 6152862.879521510563791, 1960960.590597460977733 ], [ 6152885.325770444236696, 1960870.980148613918573 ], [ 6152903.638954422436655, 1960819.798228125087917 ], [ 6152966.589608354493976, 1960568.485130295855924 ], [ 6153004.60414650477469, 1960312.211930643301457 ], [ 6153017.316468089818954, 1960053.446680173277855 ], [ 6153004.60414650477469, 1959794.681429703254253 ] ] ] } },
{ "type": "Feature", "properties": { "stop_name": "Middlefield Station", "stop_id": "64818", "stop_desc": "Southbound", "route_info": { "route_id": [ "SC:Event-Blue", "SC:Event-Orange", "SC:Orange Line" ], "route_type": [ "0" ] } }, "geometry": { "type": "Polygon", "coordinates": [ [ [ 6113269.869140750728548, 1969318.40118505526334 ], [ 6113182.588620248250663, 1969074.468471563188359 ], [ 6113071.818792297504842, 1968840.265347786480561 ], [ 6112938.626430897042155, 1968618.047317835269496 ], [ 6112784.294251295737922, 1968409.954462815076113 ], [ 6112610.308556750416756, 1968217.990830674534664 ], [ 6112418.344924610108137, 1968044.005136129446328 ], [ 6112210.252069589681923, 1967889.672956528374925 ], [ 6111988.03403963893652, 1967756.480595127446577 ], [ 6111753.83091586176306, 1967645.710767177166417 ], [ 6111509.898202369920909, 1967558.430246673990041 ], [ 6111258.585104540921748, 1967495.479592742631212 ], [ 6111002.311904888600111, 1967457.465054592583328 ], [ 6110743.546654418110847, 1967444.752733007073402 ], [ 6110484.781403947621584, 1967457.465054592583328 ], [ 6110228.508204295299947, 1967495.479592742631212 ], [ 6109977.195106466300786, 1967558.430246673990041 ], [ 6109733.262392974458635, 1967645.710767177166417 ], [ 6109499.059269197285175, 1967756.480595127446577 ], [ 6109276.841239246539772, 1967889.672956528374925 ], [ 6109068.748384226113558, 1968044.005136129446328 ], [ 6108876.784752085804939, 1968217.990830674534664 ], [ 6108702.799057540483773, 1968409.954462815076113 ], [ 6108548.46687793917954, 1968618.047317835269496 ], [ 6108415.274516538716853, 1968840.265347786480561 ], [ 6108304.504688587971032, 1969074.468471563188359 ], [ 6108217.224168085493147, 1969318.40118505526334 ], [ 6108154.273514153435826, 1969569.714282884495333 ], [ 6108116.258976003155112, 1969825.9874825370498 ], [ 6108103.546654418110847, 1970084.752733007073402 ], [ 6108116.258976003155112, 1970343.517983477097005 ], [ 6108154.273514153435826, 1970599.791183129651472 ], [ 6108217.224168085493147, 1970851.104280958883464 ], [ 6108288.768170275725424, 1971051.056372076738626 ], [ 6108330.788901590742171, 1971218.812535042874515 ], [ 6108418.069422093220055, 1971462.745248534949496 ], [ 6108528.839250043965876, 1971696.948372311657295 ], [ 6108662.031611444428563, 1971919.16640226286836 ], [ 6108816.363791045732796, 1972127.259257283061743 ], [ 6108990.349485591053963, 1972319.222889423603192 ], [ 6109182.313117731362581, 1972493.208583968691528 ], [ 6109390.405972751788795, 1972647.54076356976293 ], [ 6109612.624002702534199, 1972780.733124970691279 ], [ 6109846.827126479707658, 1972891.502952920971438 ], [ 6110090.759839971549809, 1972978.783473424147815 ], [ 6110342.072937800548971, 1973041.734127355506644 ], [ 6110598.346137452870607, 1973079.748665505554527 ], [ 6110857.111387923359871, 1973092.460987091064453 ], [ 6111115.876638393849134, 1973079.748665505554527 ], [ 6111372.149838046170771, 1973041.734127355506644 ], [ 6111623.462935875169933, 1972978.783473424147815 ], [ 6111867.395649367012084, 1972891.502952920971438 ], [ 6112101.598773144185543, 1972780.733124970691279 ], [ 6112323.816803094930947, 1972647.54076356976293 ], [ 6112531.909658115357161, 1972493.208583968691528 ], [ 6112723.873290255665779, 1972319.222889423603192 ], [ 6112897.858984800986946, 1972127.259257283061743 ], [ 6113052.191164402291179, 1971919.16640226286836 ], [ 6113185.383525802753866, 1971696.948372311657295 ], [ 6113296.153353753499687, 1971462.745248534949496 ], [ 6113383.433874255977571, 1971218.812535042874515 ], [ 6113446.384528188034892, 1970967.499437213642523 ], [ 6113484.399066338315606, 1970711.226237561088055 ], [ 6113497.111387923359871, 1970452.460987091064453 ], [ 6113484.399066338315606, 1970193.695736621040851 ], [ 6113446.384528188034892, 1969937.422536968486384 ], [ 6113383.433874255977571, 1969686.109439139254391 ], [ 6113311.889872065745294, 1969486.15734802139923 ], [ 6113269.869140750728548, 1969318.40118505526334 ] ] ] } },
{ "type": "Feature", "properties": { "stop_name": "Milpitas Station", "stop_id": "65236", "stop_desc": "Eastbound", "route_info": { "route_id": [ "SC:Event-Orange", "SC:Orange Line" ], "route_type": [ "0" ] } }, "geometry": { "type": "Polygon", "coordinates": [ [ [ 6159617.561148884706199, 1972674.076840061694384 ], [ 6159443.575454339385033, 1972482.113207921152934 ], [ 6159251.611822199076414, 1972308.127513376064599 ], [ 6159043.5189671786502, 1972153.795333774993196 ], [ 6158821.300937227904797, 1972020.602972374064848 ], [ 6158587.097813450731337, 1971909.833144423784688 ], [ 6158343.165099958889186, 1971822.552623920608312 ], [ 6158091.852002129890025, 1971759.601969989249483 ], [ 6157835.578802477568388, 1971721.587431839201599 ], [ 6157576.813552007079124, 1971708.875110253691673 ], [ 6157318.048301536589861, 1971721.587431839201599 ], [ 6157061.775101884268224, 1971759.601969989249483 ], [ 6156810.462004055269063, 1971822.552623920608312 ], [ 6156566.529290563426912, 1971909.833144423784688 ], [ 6156332.326166786253452, 1972020.602972374064848 ], [ 6156110.108136835508049, 1972153.795333774993196 ], [ 6155902.015281815081835, 1972308.127513376064599 ], [ 6155901.808495937846601, 1972308.314933170331642 ], [ 6155785.722535405308008, 1972394.410149213857949 ], [ 6155593.75890326499939, 1972568.395843758946285 ], [ 6155419.773208719678223, 1972760.359475899487734 ], [ 6155265.44102911837399, 1972968.452330919681117 ], [ 6155132.248667717911303, 1973190.670360870892182 ], [ 6155021.478839767165482, 1973424.87348464759998 ], [ 6154934.198319264687598, 1973668.806198139674962 ], [ 6154871.247665332630277, 1973920.119295968906954 ], [ 6154833.233127182349563, 1974176.392495621461421 ], [ 6154820.520805597305298, 1974435.157746091485023 ], [ 6154833.233127182349563, 1974693.922996561508626 ], [ 6154871.247665332630277, 1974950.196196214063093 ], [ 6154934.198319264687598, 1975201.509294043295085 ], [ 6155021.478839767165482, 1975445.442007535370067 ], [ 6155132.248667717911303, 1975679.645131312077865 ], [ 6155265.44102911837399, 1975901.86316126328893 ], [ 6155419.773208719678223, 1976109.956016283482313 ], [ 6155529.792337986640632, 1976231.343419508077204 ], [ 6155605.979857292957604, 1976334.070397447794676 ], [ 6155779.96555183827877, 1976526.034029588336125 ], [ 6155971.929183978587389, 1976700.019724133424461 ], [ 6156180.022038999013603, 1976854.351903734495863 ], [ 6156402.240068949759007, 1976987.544265135424212 ], [ 6156636.443192726932466, 1977098.314093085704371 ], [ 6156880.375906218774617, 1977185.594613588880748 ], [ 6157131.689004047773778, 1977248.545267520239577 ], [ 6157387.962203700095415, 1977286.55980567028746 ], [ 6157646.727454170584679, 1977299.272127255797386 ], [ 6157905.492704641073942, 1977286.55980567028746 ], [ 6158161.765904293395579, 1977248.545267520239577 ], [ 6158413.079002122394741, 1977185.594613588880748 ], [ 6158657.011715614236891, 1977098.314093085704371 ], [ 6158891.214839391410351, 1976987.544265135424212 ], [ 6159113.432869342155755, 1976854.351903734495863 ], [ 6159321.525724362581968, 1976700.019724133424461 ], [ 6159513.489356502890587, 1976526.034029588336125 ], [ 6159687.475051048211753, 1976334.070397447794676 ], [ 6159841.807230649515986, 1976125.977542427601293 ], [ 6159974.999592049978673, 1975903.759512476390228 ], [ 6160085.769420000724494, 1975669.556388699682429 ], [ 6160173.049940503202379, 1975425.623675207607448 ], [ 6160236.0005944352597, 1975174.310577378375456 ], [ 6160274.015132585540414, 1974918.037377725820988 ], [ 6160286.727454170584679, 1974659.272127255797386 ], [ 6160274.015132585540414, 1974400.506876785773784 ], [ 6160236.0005944352597, 1974144.233677133219317 ], [ 6160201.980110411532223, 1974008.416291679255664 ], [ 6160179.645720271393657, 1973857.850063546793535 ], [ 6160116.695066339336336, 1973606.536965717561543 ], [ 6160029.414545836858451, 1973362.604252225486562 ], [ 6159918.64471788611263, 1973128.401128448778763 ], [ 6159908.385583708994091, 1973111.284797137603164 ], [ 6159905.32026946451515, 1973104.803734697634354 ], [ 6159905.140939950942993, 1973104.504541479516774 ], [ 6159905.085689886473119, 1973104.387725033098832 ], [ 6159771.893328486010432, 1972882.169695081887767 ], [ 6159617.561148884706199, 1972674.076840061694384 ] ] ] } },
{ "type": "Feature", "properties": { "stop_name": "Moffett Park Station", "stop_id": "65024", "stop_desc": "Westbound", "route_info": { "route_id": [ "SC:Event-Blue", "SC:Event-Orange", "SC:Orange Line" ], "route_type": [ "0" ] } }, "geometry": { "type": "Polygon", "coordinates": [ [ [ 6115695.4481479562819, 1969988.406843087170273 ], [ 6115439.174948303960264, 1970026.421381237218156 ], [ 6115187.861850474961102, 1970089.372035168576986 ], [ 6114943.929136983118951, 1970176.652555671753362 ], [ 6114709.726013205945492, 1970287.422383622033522 ], [ 6114487.507983255200088, 1970420.61474502296187 ], [ 6114279.415128234773874, 1970574.946924624033272 ], [ 6114087.451496094465256, 1970748.932619169121608 ], [ 6113913.465801549144089, 1970940.896251309663057 ], [ 6113759.133621947839856, 1971148.98910632985644 ], [ 6113625.941260547377169, 1971371.207136281067505 ], [ 6113515.171432596631348, 1971605.410260057775304 ], [ 6113427.890912094153464, 1971849.342973549850285 ], [ 6113364.940258162096143, 1972100.656071379082277 ], [ 6113326.925720011815429, 1972356.929271031636745 ], [ 6113314.213398426771164, 1972615.694521501660347 ], [ 6113326.925720011815429, 1972874.459771971683949 ], [ 6113327.169801134616137, 1972876.105233241571113 ], [ 6113329.232473930343986, 1972918.091902564745396 ], [ 6113367.2470120806247, 1973174.365102217299864 ], [ 6113430.197666012682021, 1973425.678200046531856 ], [ 6113517.478186515159905, 1973669.610913538606837 ], [ 6113628.248014465905726, 1973903.814037315314636 ], [ 6113761.440375866368413, 1974126.032067266525701 ], [ 6113915.772555467672646, 1974334.124922286719084 ], [ 6114089.758250012993813, 1974526.088554427260533 ], [ 6114281.721882153302431, 1974700.074248972348869 ], [ 6114489.814737173728645, 1974854.406428573420271 ], [ 6114712.032767124474049, 1974987.59878997434862 ], [ 6114946.235890901647508, 1975098.368617924628779 ], [ 6115190.168604393489659, 1975185.649138427805156 ], [ 6115441.481702222488821, 1975248.599792359163985 ], [ 6115697.754901874810457, 1975286.614330509211868 ], [ 6115956.520152345299721, 1975299.326652094721794 ], [ 6115961.807167418301105, 1975299.066917699528858 ], [ 6116157.565682008862495, 1975308.683916836977005 ], [ 6116184.747982642613351, 1975307.348536037374288 ], [ 6116300.744857594370842, 1975313.047097086906433 ], [ 6116559.510108064860106, 1975300.334775501396507 ], [ 6116815.783307717181742, 1975262.320237351348624 ], [ 6117067.096405546180904, 1975199.369583419989794 ], [ 6117311.029119038023055, 1975112.089062916813418 ], [ 6117545.232242815196514, 1975001.319234966533259 ], [ 6117767.450272765941918, 1974868.12687356560491 ], [ 6117975.543127786368132, 1974713.794693964533508 ], [ 6118167.50675992667675, 1974539.808999419445172 ], [ 6118341.492454471997917, 1974347.845367278903723 ], [ 6118495.82463407330215, 1974139.75251225871034 ], [ 6118629.016995473764837, 1973917.534482307499275 ], [ 6118739.786823424510658, 1973683.331358530791476 ], [ 6118827.067343926988542, 1973439.398645038716495 ], [ 6118890.017997859045863, 1973188.085547209484503 ], [ 6118928.032536009326577, 1972931.812347556930035 ], [ 6118940.744857594370842, 1972673.047097086906433 ], [ 6118939.677120927721262, 1972651.312817927217111 ], [ 6118941.109030097723007, 1972622.165637165307999 ], [ 6118928.396708512678742, 1972363.400386695284396 ], [ 6118890.382170362398028, 1972107.127187042729929 ], [ 6118827.431516430340707, 1971855.814089213497937 ], [ 6118740.150995927862823, 1971611.881375721422955 ], [ 6118629.381167977117002, 1971377.678251944715157 ], [ 6118496.188806576654315, 1971155.460221993504092 ], [ 6118341.856626975350082, 1970947.367366973310709 ], [ 6118167.870932430028915, 1970755.40373483276926 ], [ 6117975.907300289720297, 1970581.418040287680924 ], [ 6117767.814445269294083, 1970427.085860686609522 ], [ 6117545.596415318548679, 1970293.893499285681173 ], [ 6117311.39329154137522, 1970183.123671335401013 ], [ 6117067.460578049533069, 1970095.843150832224637 ], [ 6116816.147480220533907, 1970032.892496900865808 ], [ 6116559.874280568212271, 1969994.877958750817925 ], [ 6116301.109030097723007, 1969982.165637165307999 ], [ 6116193.522506956011057, 1969987.451024124864489 ], [ 6115954.213398426771164, 1969975.694521501660347 ], [ 6115695.4481479562819, 1969988.406843087170273 ] ] ] } },
{ "type": "Feature", "properties": { "stop_name": "Mountain View Station", "stop_id": "64821", "stop_desc": "Westbound", "route_info": { "route_id": [ "SC:Event-Blue", "SC:Event-Orange", "SC:Orange Line" ], "route_type": [ "0" ] } }, "geometry": { "type": "Polygon", "coordinates": [ [ [ 6106260.158087028190494, 1969600.037384971277788 ], [ 6106197.207433096133173, 1969348.724287142045796 ], [ 6106109.926912593655288, 1969104.791573649970815 ], [ 6105999.157084642909467, 1968870.588449873263016 ], [ 6105865.96472324244678, 1968648.370419922051951 ], [ 6105711.632543641142547, 1968440.277564901858568 ], [ 6105537.646849095821381, 1968248.313932761317119 ], [ 6105345.683216955512762, 1968074.328238216228783 ], [ 6105137.590361935086548, 1967919.996058615157381 ], [ 6104915.372331984341145, 1967786.803697214229032 ], [ 6104681.169208207167685, 1967676.033869263948873 ], [ 6104437.236494715325534, 1967588.753348760772496 ], [ 6104185.923396886326373, 1967525.802694829413667 ], [ 6103929.650197234004736, 1967487.788156679365784 ], [ 6103670.884946763515472, 1967475.075835093855858 ], [ 6103412.119696293026209, 1967487.788156679365784 ], [ 6103155.846496640704572, 1967525.802694829413667 ], [ 6102904.53339881170541, 1967588.753348760772496 ], [ 6102660.60068531986326, 1967676.033869263948873 ], [ 6102426.3975615426898, 1967786.803697214229032 ], [ 6102302.056927731260657, 1967861.330605040304363 ], [ 6102106.592426873743534, 1967953.77842888305895 ], [ 6101884.37439692299813, 1968086.970790283987299 ], [ 6101676.281541902571917, 1968241.302969885058701 ], [ 6101484.317909762263298, 1968415.288664430147037 ], [ 6101310.332215216942132, 1968607.252296570688486 ], [ 6101156.000035615637898, 1968815.345151590881869 ], [ 6101022.807674215175211, 1969037.563181542092934 ], [ 6100912.03784626442939, 1969271.766305318800732 ], [ 6100824.757325761951506, 1969515.699018810875714 ], [ 6100761.806671829894185, 1969767.012116640107706 ], [ 6100723.792133679613471, 1970023.285316292662174 ], [ 6100711.079812094569206, 1970282.050566762685776 ], [ 6100723.792133679613471, 1970540.815817232709378 ], [ 6100761.806671829894185, 1970797.089016885263845 ], [ 6100824.757325761951506, 1971048.402114714495838 ], [ 6100912.03784626442939, 1971292.334828206570819 ], [ 6101022.807674215175211, 1971526.537951983278617 ], [ 6101156.000035615637898, 1971748.755981934489682 ], [ 6101310.332215216942132, 1971956.848836954683065 ], [ 6101484.317909762263298, 1972148.812469095224515 ], [ 6101676.281541902571917, 1972322.79816364031285 ], [ 6101884.37439692299813, 1972477.130343241384253 ], [ 6102106.592426873743534, 1972610.322704642312601 ], [ 6102340.795550650916994, 1972721.092532592592761 ], [ 6102584.728264142759144, 1972808.373053095769137 ], [ 6102836.041361971758306, 1972871.323707027127966 ], [ 6103092.314561624079943, 1972909.33824517717585 ], [ 6103351.079812094569206, 1972922.050566762685776 ], [ 6103609.84506256505847, 1972909.33824517717585 ], [ 6103866.118262217380106, 1972871.323707027127966 ], [ 6104117.431360046379268, 1972808.373053095769137 ], [ 6104361.364073538221419, 1972721.092532592592761 ], [ 6104595.567197315394878, 1972610.322704642312601 ], [ 6104719.907831126824021, 1972535.795796816237271 ], [ 6104915.372331984341145, 1972443.347972973482683 ], [ 6105137.590361935086548, 1972310.155611572554335 ], [ 6105345.683216955512762, 1972155.823431971482933 ], [ 6105537.646849095821381, 1971981.837737426394597 ], [ 6105711.632543641142547, 1971789.874105285853148 ], [ 6105865.96472324244678, 1971581.781250265659764 ], [ 6105999.157084642909467, 1971359.563220314448699 ], [ 6106109.926912593655288, 1971125.360096537740901 ], [ 6106197.207433096133173, 1970881.42738304566592 ], [ 6106260.158087028190494, 1970630.114285216433927 ], [ 6106298.172625178471208, 1970373.84108556387946 ], [ 6106310.884946763515472, 1970115.075835093855858 ], [ 6106298.172625178471208, 1969856.310584623832256 ], [ 6106260.158087028190494, 1969600.037384971277788 ] ] ] } },
{ "type": "Feature", "properties": { "stop_name": "Ohlone-Chynoweth Station", "stop_id": "64733", "stop_desc": "Southbound", "route_info": { "route_id": [ "SC:Blue Line" ], "route_type": [ "0" ] } }, "geometry": { "type": "Polygon", "coordinates": [ [ [ 6168147.841185971163213, 1917778.248705618316308 ], [ 6168014.648824570700526, 1917556.030675667105243 ], [ 6167860.316644969396293, 1917347.93782064691186 ], [ 6167686.330950424075127, 1917155.97418850637041 ], [ 6167494.367318283766508, 1916981.988493961282074 ], [ 6167286.274463263340294, 1916827.656314360210672 ], [ 6167064.056433312594891, 1916694.463952959282324 ], [ 6166829.853309535421431, 1916583.694125009002164 ], [ 6166585.92059604357928, 1916496.413604505825788 ], [ 6166334.607498214580119, 1916433.462950574466959 ], [ 6166078.334298562258482, 1916395.448412424419075 ], [ 6165819.569048091769218, 1916382.736090838909149 ], [ 6165560.803797621279955, 1916395.448412424419075 ], [ 6165304.530597968958318, 1916433.462950574466959 ], [ 6165053.217500139959157, 1916496.413604505825788 ], [ 6164809.284786648117006, 1916583.694125009002164 ], [ 6164575.081662870943546, 1916694.463952959282324 ], [ 6164544.088004807941616, 1916713.040836692554876 ], [ 6164524.288785450160503, 1916722.405170039040968 ], [ 6164302.0707554994151, 1916855.597531439969316 ], [ 6164093.977900478988886, 1917009.929711041040719 ], [ 6163902.014268338680267, 1917183.915405586129054 ], [ 6163728.028573793359101, 1917375.879037726670504 ], [ 6163573.696394192054868, 1917583.971892746863887 ], [ 6163440.504032791592181, 1917806.189922698074952 ], [ 6163329.73420484084636, 1918040.39304647478275 ], [ 6163242.453684338368475, 1918284.325759966857731 ], [ 6163179.503030406311154, 1918535.638857796089724 ], [ 6163141.48849225603044, 1918791.912057448644191 ], [ 6163128.776170670986176, 1919050.677307918667793 ], [ 6163141.48849225603044, 1919309.442558388691396 ], [ 6163179.503030406311154, 1919565.715758041245863 ], [ 6163242.453684338368475, 1919817.028855870477855 ], [ 6163329.73420484084636, 1920060.961569362552837 ], [ 6163440.504032791592181, 1920295.164693139260635 ], [ 6163573.696394192054868, 1920517.3827230904717 ], [ 6163586.627954583615065, 1920534.818913836264983 ], [ 6163607.433160872198641, 1920578.807826645439491 ], [ 6163740.625522272661328, 1920801.025856596650556 ], [ 6163894.957701873965561, 1921009.118711616843939 ], [ 6164068.943396419286728, 1921201.082343757385388 ], [ 6164260.907028559595346, 1921375.068038302473724 ], [ 6164468.99988358002156, 1921529.400217903545126 ], [ 6164691.217913530766964, 1921662.592579304473475 ], [ 6164925.421037307940423, 1921773.362407254753634 ], [ 6165169.353750799782574, 1921860.642927757930011 ], [ 6165420.666848628781736, 1921923.59358168928884 ], [ 6165676.940048281103373, 1921961.608119839336723 ], [ 6165935.705298751592636, 1921974.320441424846649 ], [ 6166194.4705492220819, 1921961.608119839336723 ], [ 6166450.743748874403536, 1921923.59358168928884 ], [ 6166702.056846703402698, 1921860.642927757930011 ], [ 6166945.989560195244849, 1921773.362407254753634 ], [ 6167180.192683972418308, 1921662.592579304473475 ], [ 6167228.345990316011012, 1921633.730598201742396 ], [ 6167228.664043731987476, 1921633.58017013897188 ], [ 6167450.88207368273288, 1921500.387808738043532 ], [ 6167658.974928703159094, 1921346.055629136972129 ], [ 6167850.938560843467712, 1921172.069934591883793 ], [ 6168024.924255388788879, 1920980.106302451342344 ], [ 6168179.256434990093112, 1920772.013447431148961 ], [ 6168312.448796390555799, 1920549.795417479937896 ], [ 6168423.21862434130162, 1920315.592293703230098 ], [ 6168510.499144843779504, 1920071.659580211155117 ], [ 6168573.449798775836825, 1919820.346482381923124 ], [ 6168611.464336926117539, 1919564.073282729368657 ], [ 6168624.176658511161804, 1919305.308032259345055 ], [ 6168611.464336926117539, 1919046.542781789321452 ], [ 6168573.449798775836825, 1918790.269582136766985 ], [ 6168510.499144843779504, 1918538.956484307534993 ], [ 6168423.21862434130162, 1918295.023770815460011 ], [ 6168312.448796390555799, 1918060.820647038752213 ], [ 6168179.256434990093112, 1917838.602617087541148 ], [ 6168171.334473286755383, 1917827.92108824243769 ], [ 6168147.841185971163213, 1917778.248705618316308 ] ] ] } },
{ "type": "Feature", "properties": { "stop_name": "Old Ironsides Station", "stop_id": "64797", "stop_desc": "Eastbound", "route_info": { "route_id": [ "SC:Event-Orange", "SC:Event-Special", "SC:Green Line", "SC:Orange Line" ], "route_type": [ "0" ] } }, "geometry": { "type": "Polygon", "coordinates": [ [ [ 6134433.221669921651483, 1972462.665936206001788 ], [ 6134395.207131771370769, 1972206.392736553447321 ], [ 6134332.256477839313447, 1971955.079638724215329 ], [ 6134244.975957336835563, 1971711.146925232140347 ], [ 6134134.206129386089742, 1971476.943801455432549 ], [ 6134001.013767985627055, 1971254.725771504221484 ], [ 6133846.681588384322822, 1971046.632916484028101 ], [ 6133672.695893839001656, 1970854.669284343486652 ], [ 6133480.732261698693037, 1970680.683589798398316 ], [ 6133272.639406678266823, 1970526.351410197326913 ], [ 6133050.42137672752142, 1970393.159048796398565 ], [ 6132816.21825295034796, 1970282.389220846118405 ], [ 6132572.285539458505809, 1970195.108700342942029 ], [ 6132320.972441629506648, 1970132.1580464115832 ], [ 6132064.699241977185011, 1970094.143508261535317 ], [ 6131805.933991506695747, 1970081.431186676025391 ], [ 6131547.168741036206484, 1970094.143508261535317 ], [ 6131290.895541383884847, 1970132.1580464115832 ], [ 6131039.582443554885685, 1970195.108700342942029 ], [ 6130795.649730063043535, 1970282.389220846118405 ], [ 6130561.446606285870075, 1970393.159048796398565 ], [ 6130339.228576335124671, 1970526.351410197326913 ], [ 6130131.135721314698458, 1970680.683589798398316 ], [ 6129939.172089174389839, 1970854.669284343486652 ], [ 6129765.186394629068673, 1971046.632916484028101 ], [ 6129610.85421502776444, 1971254.725771504221484 ], [ 6129477.661853627301753, 1971476.943801455432549 ], [ 6129366.892025676555932, 1971711.146925232140347 ], [ 6129279.611505174078047, 1971955.079638724215329 ], [ 6129216.660851242020726, 1972206.392736553447321 ], [ 6129178.646313091740012, 1972462.665936206001788 ], [ 6129165.933991506695747, 1972721.431186676025391 ], [ 6129178.646313091740012, 1972980.196437146048993 ], [ 6129216.660851242020726, 1973236.46963679860346 ], [ 6129279.611505174078047, 1973487.782734627835453 ], [ 6129366.892025676555932, 1973731.715448119910434 ], [ 6129477.661853627301753, 1973965.918571896618232 ], [ 6129610.85421502776444, 1974188.136601847829297 ], [ 6129765.186394629068673, 1974396.22945686802268 ], [ 6129939.172089174389839, 1974588.193089008564129 ], [ 6130131.135721314698458, 1974762.178783553652465 ], [ 6130339.228576335124671, 1974916.510963154723868 ], [ 6130561.446606285870075, 1975049.703324555652216 ], [ 6130795.649730063043535, 1975160.473152505932376 ], [ 6131039.582443554885685, 1975247.753673009108752 ], [ 6131290.895541383884847, 1975310.704326940467581 ], [ 6131547.168741036206484, 1975348.718865090515465 ], [ 6131805.933991506695747, 1975361.431186676025391 ], [ 6132064.699241977185011, 1975348.718865090515465 ], [ 6132320.972441629506648, 1975310.704326940467581 ], [ 6132572.285539458505809, 1975247.753673009108752 ], [ 6132816.21825295034796, 1975160.473152505932376 ], [ 6133050.42137672752142, 1975049.703324555652216 ], [ 6133272.639406678266823, 1974916.510963154723868 ], [ 6133480.732261698693037, 1974762.178783553652465 ], [ 6133672.695893839001656, 1974588.193089008564129 ], [ 6133846.681588384322822, 1974396.22945686802268 ], [ 6134001.013767985627055, 1974188.136601847829297 ], [ 6134134.206129386089742, 1973965.918571896618232 ], [ 6134244.975957336835563, 1973731.715448119910434 ], [ 6134332.256477839313447, 1973487.782734627835453 ], [ 6134395.207131771370769, 1973236.46963679860346 ], [ 6134433.221669921651483, 1972980.196437146048993 ], [ 6134445.933991506695747, 1972721.431186676025391 ], [ 6134433.221669921651483, 1972462.665936206001788 ] ] ] } },
{ "type": "Feature", "properties": { "stop_name": "Orchard Station", "stop_id": "64757", "stop_desc": "Northbound", "route_info": { "route_id": [ "SC:Blue Line", "SC:Event-Blue", "SC:Event-Green", "SC:Event-Special", "SC:Green Line" ], "route_type": [ "0" ] } }, "geometry": { "type": "Polygon", "coordinates": [ [ [ 6147654.974097752943635, 1969125.298923288006335 ], [ 6147616.959559602662921, 1968869.025723635451868 ], [ 6147554.0089056706056, 1968617.712625806219876 ], [ 6147466.728385168127716, 1968373.779912314144894 ], [ 6147355.958557217381895, 1968139.576788537437096 ], [ 6147222.766195816919208, 1967917.358758586226031 ], [ 6147068.434016215614974, 1967709.265903566032648 ], [ 6146894.448321670293808, 1967517.302271425491199 ], [ 6146702.484689529985189, 1967343.316576880402863 ], [ 6146494.391834509558976, 1967188.984397279331461 ], [ 6146272.173804558813572, 1967055.792035878403112 ], [ 6146037.970680781640112, 1966945.022207928122953 ], [ 6145794.037967289797962, 1966857.741687424946576 ], [ 6145542.7248694607988, 1966794.791033493587747 ], [ 6145286.451669808477163, 1966756.776495343539864 ], [ 6145027.6864193379879, 1966744.064173758029938 ], [ 6144768.921168867498636, 1966756.776495343539864 ], [ 6144512.647969215177, 1966794.791033493587747 ], [ 6144261.334871386177838, 1966857.741687424946576 ], [ 6144017.402157894335687, 1966945.022207928122953 ], [ 6143783.199034117162228, 1967055.792035878403112 ], [ 6143560.981004166416824, 1967188.984397279331461 ], [ 6143352.88814914599061, 1967343.316576880402863 ], [ 6143160.924517005681992, 1967517.302271425491199 ], [ 6142986.938822460360825, 1967709.265903566032648 ], [ 6142832.606642859056592, 1967917.358758586226031 ], [ 6142699.414281458593905, 1968139.576788537437096 ], [ 6142588.644453507848084, 1968373.779912314144894 ], [ 6142501.3639330053702, 1968617.712625806219876 ], [ 6142474.934008861891925, 1968723.226797572569922 ], [ 6142460.16913350764662, 1968764.491859798319638 ], [ 6142397.218479575589299, 1969015.80495762755163 ], [ 6142359.203941425308585, 1969272.078157280106097 ], [ 6142346.49161984026432, 1969530.8434077501297 ], [ 6142359.203941425308585, 1969789.608658220153302 ], [ 6142397.218479575589299, 1970045.881857872707769 ], [ 6142460.16913350764662, 1970297.194955701939762 ], [ 6142547.449654010124505, 1970541.127669194014743 ], [ 6142658.219481960870326, 1970775.330792970722541 ], [ 6142791.411843361333013, 1970997.548822921933606 ], [ 6142945.744022962637246, 1971205.641677942126989 ], [ 6143119.729717507958412, 1971397.605310082668439 ], [ 6143311.693349648267031, 1971571.591004627756774 ], [ 6143519.786204668693244, 1971725.923184228828177 ], [ 6143742.004234619438648, 1971859.115545629756525 ], [ 6143976.207358396612108, 1971969.885373580036685 ], [ 6144220.140071888454258, 1972057.165894083213061 ], [ 6144471.45316971745342, 1972120.11654801457189 ], [ 6144727.726369369775057, 1972158.131086164619774 ], [ 6144986.49161984026432, 1972170.8434077501297 ], [ 6145245.256870310753584, 1972158.131086164619774 ], [ 6145501.530069963075221, 1972120.11654801457189 ], [ 6145752.843167792074382, 1972057.165894083213061 ], [ 6145996.775881283916533, 1971969.885373580036685 ], [ 6146230.979005061089993, 1971859.115545629756525 ], [ 6146453.197035011835396, 1971725.923184228828177 ], [ 6146661.28989003226161, 1971571.591004627756774 ], [ 6146853.253522172570229, 1971397.605310082668439 ], [ 6147027.239216717891395, 1971205.641677942126989 ], [ 6147181.571396319195628, 1970997.548822921933606 ], [ 6147314.763757719658315, 1970775.330792970722541 ], [ 6147425.533585670404136, 1970541.127669194014743 ], [ 6147512.81410617288202, 1970297.194955701939762 ], [ 6147539.244030316360295, 1970191.680783935589716 ], [ 6147554.0089056706056, 1970150.41572170984 ], [ 6147616.959559602662921, 1969899.102623880608007 ], [ 6147654.974097752943635, 1969642.82942422805354 ], [ 6147667.6864193379879, 1969384.064173758029938 ], [ 6147654.974097752943635, 1969125.298923288006335 ] ] ] } },
{ "type": "Feature", "properties": { "stop_name": "Race Station", "stop_id": "65375", "stop_desc": "Northbound", "route_info": { "route_id": [ "SC:Green Line" ], "route_type": [ "0" ] } }, "geometry": { "type": "Polygon", "coordinates": [ [ [ 6152654.101657472550869, 1938686.863209546310827 ], [ 6152419.898533695377409, 1938576.093381596030667 ], [ 6152175.965820203535259, 1938488.812861092854291 ], [ 6151924.652722374536097, 1938425.862207161495462 ], [ 6151668.37952272221446, 1938387.847669011447579 ], [ 6151409.614272251725197, 1938375.135347425937653 ], [ 6151150.849021781235933, 1938387.847669011447579 ], [ 6150894.575822128914297, 1938425.862207161495462 ], [ 6150643.262724299915135, 1938488.812861092854291 ], [ 6150399.330010808072984, 1938576.093381596030667 ], [ 6150165.126887030899525, 1938686.863209546310827 ], [ 6149942.908857080154121, 1938820.055570947239175 ], [ 6149734.816002059727907, 1938974.387750548310578 ], [ 6149542.852369919419289, 1939148.373445093398914 ], [ 6149368.866675374098122, 1939340.337077233940363 ], [ 6149214.534495772793889, 1939548.429932254133746 ], [ 6149081.342134372331202, 1939770.647962205344811 ], [ 6148970.572306421585381, 1940004.851085982052609 ], [ 6148883.291785919107497, 1940248.783799474127591 ], [ 6148820.341131987050176, 1940500.096897303359583 ], [ 6148782.326593836769462, 1940756.37009695591405 ], [ 6148769.614272251725197, 1941015.135347425937653 ], [ 6148782.326593836769462, 1941273.900597895961255 ], [ 6148820.341131987050176, 1941530.173797548515722 ], [ 6148883.291785919107497, 1941781.486895377747715 ], [ 6148970.572306421585381, 1942025.419608869822696 ], [ 6149081.342134372331202, 1942259.622732646530494 ], [ 6149214.534495772793889, 1942481.840762597741559 ], [ 6149342.790711621753871, 1942654.774250604677945 ], [ 6149368.018112691119313, 1942696.863626507343724 ], [ 6149522.350292292423546, 1942904.956481527537107 ], [ 6149696.335986837744713, 1943096.920113668078557 ], [ 6149888.299618978053331, 1943270.905808213166893 ], [ 6150096.392473998479545, 1943425.237987814238295 ], [ 6150318.610503949224949, 1943558.430349215166643 ], [ 6150552.813627726398408, 1943669.200177165446803 ], [ 6150796.746341218240559, 1943756.480697668623179 ], [ 6151048.059439047239721, 1943819.431351599982008 ], [ 6151304.332638699561357, 1943857.445889750029892 ], [ 6151563.097889170050621, 1943870.158211335539818 ], [ 6151821.863139640539885, 1943857.445889750029892 ], [ 6152078.136339292861521, 1943819.431351599982008 ], [ 6152329.449437121860683, 1943756.480697668623179 ], [ 6152573.382150613702834, 1943669.200177165446803 ], [ 6152807.585274390876293, 1943558.430349215166643 ], [ 6153029.803304341621697, 1943425.237987814238295 ], [ 6153237.896159362047911, 1943270.905808213166893 ], [ 6153429.859791502356529, 1943096.920113668078557 ], [ 6153603.845486047677696, 1942904.956481527537107 ], [ 6153633.054891770705581, 1942865.572157104732469 ], [ 6153655.994331884197891, 1942840.262385200709105 ], [ 6153810.326511485502124, 1942632.169530180515721 ], [ 6153943.518872885964811, 1942409.951500229304656 ], [ 6154054.288700836710632, 1942175.748376452596858 ], [ 6154141.569221339188516, 1941931.815662960521877 ], [ 6154204.519875271245837, 1941680.502565131289884 ], [ 6154242.534413421526551, 1941424.229365478735417 ], [ 6154255.246735006570816, 1941165.464115008711815 ], [ 6154242.534413421526551, 1940906.698864538688213 ], [ 6154204.519875271245837, 1940650.425664886133745 ], [ 6154141.569221339188516, 1940399.112567056901753 ], [ 6154054.288700836710632, 1940155.179853564826772 ], [ 6153943.518872885964811, 1939920.976729788118973 ], [ 6153810.326511485502124, 1939698.758699836907908 ], [ 6153655.994331884197891, 1939490.665844816714525 ], [ 6153482.008637338876724, 1939298.702212676173076 ], [ 6153290.045005198568106, 1939124.71651813108474 ], [ 6153081.952150178141892, 1938970.384338530013338 ], [ 6153066.638975015841424, 1938961.205974556272849 ], [ 6152876.319687423296273, 1938820.055570947239175 ], [ 6152654.101657472550869, 1938686.863209546310827 ] ] ] } },
{ "type": "Feature", "properties": { "stop_name": "Reamwood Station", "stop_id": "64811", "stop_desc": "Westbound", "route_info": { "route_id": [ "SC:Event-Blue", "SC:Event-Orange", "SC:Orange Line" ], "route_type": [ "0" ] } }, "geometry": { "type": "Polygon", "coordinates": [ [ [ 6131986.17341441847384, 1972563.191325698513538 ], [ 6131948.158876268193126, 1972306.91812604595907 ], [ 6131885.208222336135805, 1972055.605028216727078 ], [ 6131797.92770183365792, 1971811.672314724652097 ], [ 6131687.157873882912099, 1971577.469190947944298 ], [ 6131553.965512482449412, 1971355.251160996733233 ], [ 6131399.633332881145179, 1971147.15830597653985 ], [ 6131225.647638335824013, 1970955.194673835998401 ], [ 6131033.684006195515394, 1970781.208979290910065 ], [ 6130825.59115117508918, 1970626.876799689838663 ], [ 6130603.373121224343777, 1970493.684438288910314 ], [ 6130369.169997447170317, 1970382.914610338630155 ], [ 6130125.237283955328166, 1970295.634089835453779 ], [ 6129873.924186126329005, 1970232.683435904094949 ], [ 6129617.650986474007368, 1970194.668897754047066 ], [ 6129358.885736003518105, 1970181.95657616853714 ], [ 6129100.120485533028841, 1970194.668897754047066 ], [ 6128843.847285880707204, 1970232.683435904094949 ], [ 6128592.534188051708043, 1970295.634089835453779 ], [ 6128348.601474559865892, 1970382.914610338630155 ], [ 6128114.398350782692432, 1970493.684438288910314 ], [ 6128094.276206702925265, 1970505.745187306776643 ], [ 6128032.142609782516956, 1970535.132190049393103 ], [ 6127809.924579831771553, 1970668.324551450321451 ], [ 6127601.831724811345339, 1970822.656731051392853 ], [ 6127409.86809267103672, 1970996.642425596481189 ], [ 6127235.882398125715554, 1971188.606057737022638 ], [ 6127081.550218524411321, 1971396.698912757216021 ], [ 6126948.357857123948634, 1971618.916942708427086 ], [ 6126837.588029173202813, 1971853.120066485134885 ], [ 6126750.307508670724928, 1972097.052779977209866 ], [ 6126687.356854738667607, 1972348.365877806441858 ], [ 6126649.342316588386893, 1972604.639077458996326 ], [ 6126636.629995003342628, 1972863.404327929019928 ], [ 6126649.342316588386893, 1973122.16957839904353 ], [ 6126687.356854738667607, 1973378.442778051597998 ], [ 6126750.307508670724928, 1973629.75587588082999 ], [ 6126837.588029173202813, 1973873.688589372904971 ], [ 6126948.357857123948634, 1974107.891713149612769 ], [ 6127081.550218524411321, 1974330.109743100823835 ], [ 6127235.882398125715554, 1974538.202598121017218 ], [ 6127409.86809267103672, 1974730.166230261558667 ], [ 6127601.831724811345339, 1974904.151924806647003 ], [ 6127809.924579831771553, 1975058.484104407718405 ], [ 6128032.142609782516956, 1975191.676465808646753 ], [ 6128266.345733559690416, 1975302.446293758926913 ], [ 6128510.278447051532567, 1975389.726814262103289 ], [ 6128761.591544880531728, 1975452.677468193462119 ], [ 6129017.864744532853365, 1975490.692006343510002 ], [ 6129276.629995003342628, 1975503.404327929019928 ], [ 6129535.395245473831892, 1975490.692006343510002 ], [ 6129791.668445126153529, 1975452.677468193462119 ], [ 6130042.98154295515269, 1975389.726814262103289 ], [ 6130286.914256446994841, 1975302.446293758926913 ], [ 6130521.117380224168301, 1975191.676465808646753 ], [ 6130541.239524303935468, 1975179.615716790780425 ], [ 6130603.373121224343777, 1975150.228714048163965 ], [ 6130825.59115117508918, 1975017.036352647235617 ], [ 6131033.684006195515394, 1974862.704173046164215 ], [ 6131225.647638335824013, 1974688.718478501075879 ], [ 6131399.633332881145179, 1974496.75484636053443 ], [ 6131553.965512482449412, 1974288.661991340341046 ], [ 6131687.157873882912099, 1974066.443961389129981 ], [ 6131797.92770183365792, 1973832.240837612422183 ], [ 6131885.208222336135805, 1973588.308124120347202 ], [ 6131948.158876268193126, 1973336.995026291115209 ], [ 6131986.17341441847384, 1973080.721826638560742 ], [ 6131998.885736003518105, 1972821.95657616853714 ], [ 6131986.17341441847384, 1972563.191325698513538 ] ] ] } },
{ "type": "Feature", "properties": { "stop_name": "River Oaks Station", "stop_id": "64763", "stop_desc": "Southbound", "route_info": { "route_id": [ "SC:Blue Line", "SC:Event-Special", "SC:Green Line" ], "route_type": [ "0" ] } }, "geometry": { "type": "Polygon", "coordinates": [ [ [ 6146199.816575, 1971728.215633456129581 ], [ 6146161.802036849781871, 1971471.942433803575113 ], [ 6146098.85138291772455, 1971220.629335974343121 ], [ 6146011.570862415246665, 1970976.69662248226814 ], [ 6145900.801034464500844, 1970742.493498705560341 ], [ 6145767.608673064038157, 1970520.275468754349276 ], [ 6145613.276493462733924, 1970312.182613734155893 ], [ 6145439.290798917412758, 1970120.218981593614444 ], [ 6145247.327166777104139, 1969946.233287048526108 ], [ 6145039.234311756677926, 1969791.901107447454706 ], [ 6144817.016281805932522, 1969658.708746046526358 ], [ 6144582.813158028759062, 1969547.938918096246198 ], [ 6144338.880444536916912, 1969460.658397593069822 ], [ 6144087.56734670791775, 1969397.707743661710992 ], [ 6143831.294147055596113, 1969359.693205511663109 ], [ 6143572.52889658510685, 1969346.980883926153183 ], [ 6143313.763646114617586, 1969359.693205511663109 ], [ 6143057.490446462295949, 1969397.707743661710992 ], [ 6142806.177348633296788, 1969460.658397593069822 ], [ 6142562.244635141454637, 1969547.938918096246198 ], [ 6142328.041511364281178, 1969658.708746046526358 ], [ 6142105.823481413535774, 1969791.901107447454706 ], [ 6141897.73062639310956, 1969946.233287048526108 ], [ 6141705.766994252800941, 1970120.218981593614444 ], [ 6141531.781299707479775, 1970312.182613734155893 ], [ 6141377.449120106175542, 1970520.275468754349276 ], [ 6141244.256758705712855, 1970742.493498705560341 ], [ 6141133.486930754967034, 1970976.69662248226814 ], [ 6141046.20641025248915, 1971220.629335974343121 ], [ 6141027.419084265828133, 1971295.632545609492809 ], [ 6141001.90695817116648, 1971366.934161473996937 ], [ 6140938.956304239109159, 1971618.24725930322893 ], [ 6140900.941766088828444, 1971874.520458955783397 ], [ 6140888.22944450378418, 1972133.285709425806999 ], [ 6140900.941766088828444, 1972392.050959895830601 ], [ 6140938.956304239109159, 1972648.324159548385069 ], [ 6141001.90695817116648, 1972899.637257377617061 ], [ 6141089.187478673644364, 1973143.569970869692042 ], [ 6141199.957306624390185, 1973377.773094646399841 ], [ 6141333.149668024852872, 1973599.991124597610906 ], [ 6141487.481847626157105, 1973808.083979617804289 ], [ 6141661.467542171478271, 1974000.047611758345738 ], [ 6141853.43117431178689, 1974174.033306303434074 ], [ 6142061.524029332213104, 1974328.365485904505476 ], [ 6142283.742059282958508, 1974461.557847305433825 ], [ 6142517.945183060131967, 1974572.327675255713984 ], [ 6142761.877896551974118, 1974659.608195758890361 ], [ 6143013.190994380973279, 1974722.55884969024919 ], [ 6143269.464194033294916, 1974760.573387840297073 ], [ 6143528.22944450378418, 1974773.285709425806999 ], [ 6143786.994694974273443, 1974760.573387840297073 ], [ 6144043.26789462659508, 1974722.55884969024919 ], [ 6144294.580992455594242, 1974659.608195758890361 ], [ 6144538.513705947436392, 1974572.327675255713984 ], [ 6144772.716829724609852, 1974461.557847305433825 ], [ 6144994.934859675355256, 1974328.365485904505476 ], [ 6145203.027714695781469, 1974174.033306303434074 ], [ 6145394.991346836090088, 1974000.047611758345738 ], [ 6145568.977041381411254, 1973808.083979617804289 ], [ 6145723.309220982715487, 1973599.991124597610906 ], [ 6145856.501582383178174, 1973377.773094646399841 ], [ 6145967.271410333923995, 1973143.569970869692042 ], [ 6146054.55193083640188, 1972899.637257377617061 ], [ 6146073.339256823062897, 1972824.634047742467374 ], [ 6146098.85138291772455, 1972753.332431877963245 ], [ 6146161.802036849781871, 1972502.019334048731253 ], [ 6146199.816575, 1972245.746134396176785 ], [ 6146212.52889658510685, 1971986.980883926153183 ], [ 6146199.816575, 1971728.215633456129581 ] ] ] } },
{ "type": "Feature", "properties": { "stop_name": "Saint James Station", "stop_id": "64772", "stop_desc": "Southbound", "route_info": { "route_id": [ "SC:Blue Line", "SC:Green Line" ], "route_type": [ "0" ] } }, "geometry": { "type": "Polygon", "coordinates": [ [ [ 6158320.761255897581577, 1946139.087478295667097 ], [ 6158086.558132120408118, 1946028.317650345386937 ], [ 6157842.625418628565967, 1945941.037129842210561 ], [ 6157591.312320799566805, 1945878.086475910851732 ], [ 6157335.039121147245169, 1945840.071937760803849 ], [ 6157076.273870676755905, 1945827.359616175293922 ], [ 6156817.508620206266642, 1945840.071937760803849 ], [ 6156561.235420553945005, 1945878.086475910851732 ], [ 6156309.922322724945843, 1945941.037129842210561 ], [ 6156065.989609233103693, 1946028.317650345386937 ], [ 6155831.786485455930233, 1946139.087478295667097 ], [ 6155609.568455505184829, 1946272.279839696595445 ], [ 6155401.475600484758615, 1946426.612019297666848 ], [ 6155209.511968344449997, 1946600.597713842755184 ], [ 6155035.52627379912883, 1946792.561345983296633 ], [ 6154881.194094197824597, 1947000.654201003490016 ], [ 6154748.00173279736191, 1947222.872230954701081 ], [ 6154724.837796396575868, 1947271.848259575897828 ], [ 6154594.844886885024607, 1947488.728326536947861 ], [ 6154484.075058934278786, 1947722.93145031365566 ], [ 6154396.794538431800902, 1947966.864163805730641 ], [ 6154333.843884499743581, 1948218.177261634962633 ], [ 6154295.829346349462867, 1948474.450461287517101 ], [ 6154283.117024764418602, 1948733.215711757540703 ], [ 6154295.829346349462867, 1948991.980962227564305 ], [ 6154333.843884499743581, 1949248.254161880118772 ], [ 6154396.794538431800902, 1949499.567259709350765 ], [ 6154484.075058934278786, 1949743.499973201425746 ], [ 6154594.844886885024607, 1949977.703096978133544 ], [ 6154661.381734921596944, 1950088.713121384382248 ], [ 6154667.229548257775605, 1950105.056664788397029 ], [ 6154777.999376208521426, 1950339.259788565104827 ], [ 6154911.191737608984113, 1950561.477818516315892 ], [ 6155065.523917210288346, 1950769.570673536509275 ], [ 6155239.509611755609512, 1950961.534305677050725 ], [ 6155431.473243895918131, 1951135.52000022213906 ], [ 6155639.566098916344345, 1951289.852179823210463 ], [ 6155861.784128867089748, 1951423.044541224138811 ], [ 6156095.987252644263208, 1951533.814369174418971 ], [ 6156339.919966136105359, 1951621.094889677595347 ], [ 6156591.23306396510452, 1951684.045543608954176 ], [ 6156847.506263617426157, 1951722.06008175900206 ], [ 6157106.271514087915421, 1951734.772403344511986 ], [ 6157365.036764558404684, 1951722.06008175900206 ], [ 6157621.309964210726321, 1951684.045543608954176 ], [ 6157872.623062039725482, 1951621.094889677595347 ], [ 6158116.555775531567633, 1951533.814369174418971 ], [ 6158350.758899308741093, 1951423.044541224138811 ], [ 6158572.976929259486496, 1951289.852179823210463 ], [ 6158781.06978427991271, 1951135.52000022213906 ], [ 6158973.033416420221329, 1950961.534305677050725 ], [ 6159147.019110965542495, 1950769.570673536509275 ], [ 6159301.351290566846728, 1950561.477818516315892 ], [ 6159434.543651967309415, 1950339.259788565104827 ], [ 6159511.817531816661358, 1950175.877896745922044 ], [ 6159558.757271824404597, 1950112.586984005989507 ], [ 6159691.949633224867284, 1949890.368954054778442 ], [ 6159802.719461175613105, 1949656.165830278070644 ], [ 6159889.99998167809099, 1949412.233116785995662 ], [ 6159952.950635610148311, 1949160.92001895676367 ], [ 6159990.965173760429025, 1948904.646819304209203 ], [ 6160003.677495345473289, 1948645.8815688341856 ], [ 6159990.965173760429025, 1948387.116318364161998 ], [ 6159952.950635610148311, 1948130.843118711607531 ], [ 6159889.99998167809099, 1947879.530020882375538 ], [ 6159802.719461175613105, 1947635.597307390300557 ], [ 6159691.949633224867284, 1947401.394183613592759 ], [ 6159558.757271824404597, 1947179.176153662381694 ], [ 6159404.425092223100364, 1946971.083298642188311 ], [ 6159230.439397677779198, 1946779.119666501646861 ], [ 6159038.475765537470579, 1946605.133971956558526 ], [ 6158830.382910517044365, 1946450.801792355487123 ], [ 6158608.164880566298962, 1946317.609430954558775 ], [ 6158596.942326169461012, 1946312.301558029605076 ], [ 6158542.979285848326981, 1946272.279839696595445 ], [ 6158320.761255897581577, 1946139.087478295667097 ] ] ] } },
{ "type": "Feature", "properties": { "stop_name": "San Antonio Station", "stop_id": "64774", "stop_desc": "Southbound", "route_info": { "route_id": [ "SC:Blue Line", "SC:Green Line" ], "route_type": [ "0" ] } }, "geometry": { "type": "Polygon", "coordinates": [ [ [ 6160759.646208263002336, 1945684.902520393021405 ], [ 6160672.365687760524452, 1945440.969806900946423 ], [ 6160561.595859809778631, 1945206.766683124238625 ], [ 6160428.403498409315944, 1944984.54865317302756 ], [ 6160274.071318808011711, 1944776.455798152834177 ], [ 6160100.085624262690544, 1944584.492166012292728 ], [ 6159908.121992122381926, 1944410.506471467204392 ], [ 6159700.029137101955712, 1944256.17429186613299 ], [ 6159477.811107151210308, 1944122.981930465204641 ], [ 6159243.607983374036849, 1944012.212102514924482 ], [ 6158999.675269882194698, 1943924.931582011748105 ], [ 6158748.362172053195536, 1943861.980928080389276 ], [ 6158492.088972400873899, 1943823.966389930341393 ], [ 6158233.323721930384636, 1943811.254068344831467 ], [ 6157974.558471459895372, 1943823.966389930341393 ], [ 6157718.285271807573736, 1943861.980928080389276 ], [ 6157466.972173978574574, 1943924.931582011748105 ], [ 6157223.039460486732423, 1944012.212102514924482 ], [ 6156988.836336709558964, 1944122.981930465204641 ], [ 6156766.61830675881356, 1944256.17429186613299 ], [ 6156558.525451738387346, 1944410.506471467204392 ], [ 6156366.561819598078728, 1944584.492166012292728 ], [ 6156192.576125052757561, 1944776.455798152834177 ], [ 6156038.243945451453328, 1944984.54865317302756 ], [ 6155905.051584050990641, 1945206.766683124238625 ], [ 6155897.526037357747555, 1945222.678114750655368 ], [ 6155771.021012217737734, 1945433.738998197251931 ], [ 6155660.251184266991913, 1945667.942121973959729 ], [ 6155572.970663764514029, 1945911.87483546603471 ], [ 6155510.020009832456708, 1946163.187933295266703 ], [ 6155472.005471682175994, 1946419.46113294782117 ], [ 6155459.293150097131729, 1946678.226383417844772 ], [ 6155472.005471682175994, 1946936.991633887868375 ], [ 6155510.020009832456708, 1947193.264833540422842 ], [ 6155572.970663764514029, 1947444.577931369654834 ], [ 6155620.888813378289342, 1947578.500187946017832 ], [ 6155634.078488739207387, 1947667.417756632668898 ], [ 6155697.029142671264708, 1947918.73085446190089 ], [ 6155784.309663173742592, 1948162.663567953975871 ], [ 6155895.079491124488413, 1948396.866691730683669 ], [ 6156028.2718525249511, 1948619.084721681894735 ], [ 6156182.604032126255333, 1948827.177576702088118 ], [ 6156356.5897266715765, 1949019.141208842629567 ], [ 6156548.553358811885118, 1949193.126903387717903 ], [ 6156756.646213832311332, 1949347.459082988789305 ], [ 6156978.864243783056736, 1949480.651444389717653 ], [ 6157213.067367560230196, 1949591.421272339997813 ], [ 6157457.000081052072346, 1949678.701792843174189 ], [ 6157708.313178881071508, 1949741.652446774533018 ], [ 6157964.586378533393145, 1949779.666984924580902 ], [ 6158223.351629003882408, 1949792.379306510090828 ], [ 6158482.116879474371672, 1949779.666984924580902 ], [ 6158738.390079126693308, 1949741.652446774533018 ], [ 6158989.70317695569247, 1949678.701792843174189 ], [ 6159233.635890447534621, 1949591.421272339997813 ], [ 6159467.83901422470808, 1949480.651444389717653 ], [ 6159690.057044175453484, 1949347.459082988789305 ], [ 6159898.149899195879698, 1949193.126903387717903 ], [ 6160090.113531336188316, 1949019.141208842629567 ], [ 6160264.099225881509483, 1948827.177576702088118 ], [ 6160418.431405482813716, 1948619.084721681894735 ], [ 6160551.623766883276403, 1948396.866691730683669 ], [ 6160584.065594578161836, 1948328.274210116127506 ], [ 6160586.618733150884509, 1948324.831701261224225 ], [ 6160719.811094551347196, 1948102.61367131001316 ], [ 6160830.580922502093017, 1947868.410547533305362 ], [ 6160917.861443004570901, 1947624.477834041230381 ], [ 6160980.812096936628222, 1947373.164736211998388 ], [ 6161018.826635086908937, 1947116.891536559443921 ], [ 6161031.538956671953201, 1946858.126286089420319 ], [ 6161018.826635086908937, 1946599.361035619396716 ], [ 6160980.812096936628222, 1946343.087835966842249 ], [ 6160917.861443004570901, 1946091.774738137610257 ], [ 6160830.580922502093017, 1945847.842024645535275 ], [ 6160766.547876172699034, 1945712.455523170763627 ], [ 6160759.646208263002336, 1945684.902520393021405 ] ] ] } },
{ "type": "Feature", "properties": { "stop_name": "San Fernando Station", "stop_id": "65388", "stop_desc": "Northbound", "route_info": { "route_id": [ "SC:Event-Green", "SC:Green Line" ], "route_type": [ "0" ] } }, "geometry": { "type": "Polygon", "coordinates": [ [ [ 6154638.178353175520897, 1943025.70052133500576 ], [ 6154379.413102705031633, 1943038.412842920515686 ], [ 6154123.139903052709997, 1943076.42738107056357 ], [ 6153871.826805223710835, 1943139.378035001922399 ], [ 6153627.894091731868684, 1943226.658555505098775 ], [ 6153393.690967954695225, 1943337.428383455378935 ], [ 6153171.472938003949821, 1943470.620744856307283 ], [ 6152963.380082983523607, 1943624.952924457378685 ], [ 6152771.416450843214989, 1943798.938619002467021 ], [ 6152597.430756297893822, 1943990.902251143008471 ], [ 6152443.098576696589589, 1944198.995106163201854 ], [ 6152309.906215296126902, 1944421.213136114412919 ], [ 6152199.136387345381081, 1944655.416259891120717 ], [ 6152111.855866842903197, 1944899.348973383195698 ], [ 6152048.905212910845876, 1945150.662071212427691 ], [ 6152010.890674760565162, 1945406.935270864982158 ], [ 6152009.338875961489975, 1945438.522861076518893 ], [ 6152007.548489844426513, 1945450.592663873452693 ], [ 6151994.836168259382248, 1945709.357914343476295 ], [ 6152007.548489844426513, 1945968.123164813499898 ], [ 6152045.563027994707227, 1946224.396364466054365 ], [ 6152108.513681926764548, 1946475.709462295286357 ], [ 6152195.794202429242432, 1946719.642175787361339 ], [ 6152306.564030379988253, 1946953.845299564069137 ], [ 6152439.75639178045094, 1947176.063329515280202 ], [ 6152594.088571381755173, 1947384.156184535473585 ], [ 6152768.07426592707634, 1947576.119816676015034 ], [ 6152960.037898067384958, 1947750.10551122110337 ], [ 6153168.130753087811172, 1947904.437690822174773 ], [ 6153390.348783038556576, 1948037.630052223103121 ], [ 6153624.551906815730035, 1948148.399880173383281 ], [ 6153868.484620307572186, 1948235.680400676559657 ], [ 6154119.797718136571348, 1948298.631054607918486 ], [ 6154318.468651857227087, 1948328.101103756576777 ], [ 6154435.319772724993527, 1948369.911103344988078 ], [ 6154686.632870553992689, 1948432.861757276346907 ], [ 6154942.906070206314325, 1948470.87629542639479 ], [ 6155201.671320676803589, 1948483.588617011904716 ], [ 6155460.436571147292852, 1948470.87629542639479 ], [ 6155716.709770799614489, 1948432.861757276346907 ], [ 6155968.022868628613651, 1948369.911103344988078 ], [ 6156211.955582120455801, 1948282.630582841811702 ], [ 6156446.158705897629261, 1948171.860754891531542 ], [ 6156668.376735848374665, 1948038.668393490603194 ], [ 6156876.469590868800879, 1947884.336213889531791 ], [ 6157068.433223009109497, 1947710.350519344443455 ], [ 6157242.418917554430664, 1947518.386887203902006 ], [ 6157396.751097155734897, 1947310.294032183708623 ], [ 6157529.943458556197584, 1947088.076002232497558 ], [ 6157640.713286506943405, 1946853.87287845578976 ], [ 6157727.993807009421289, 1946609.940164963714778 ], [ 6157731.888098659925163, 1946594.393281214404851 ], [ 6157740.292995012365282, 1946570.903169537894428 ], [ 6157803.243648944422603, 1946319.590071708662435 ], [ 6157841.258187094703317, 1946063.316872056107968 ], [ 6157853.970508679747581, 1945804.551621586084366 ], [ 6157841.258187094703317, 1945545.786371116060764 ], [ 6157803.243648944422603, 1945289.513171463506296 ], [ 6157740.292995012365282, 1945038.200073634274304 ], [ 6157653.012474509887397, 1944794.267360142199323 ], [ 6157542.242646559141576, 1944560.064236365491524 ], [ 6157409.050285158678889, 1944337.846206414280459 ], [ 6157254.718105557374656, 1944129.753351394087076 ], [ 6157080.73241101205349, 1943937.789719253545627 ], [ 6156888.768778871744871, 1943763.804024708457291 ], [ 6156680.675923851318657, 1943609.471845107385889 ], [ 6156458.457893900573254, 1943476.27948370645754 ], [ 6156224.254770123399794, 1943365.509655756177381 ], [ 6156207.458910475485027, 1943359.500001079868525 ], [ 6156073.077250950969756, 1943295.942209598841146 ], [ 6155829.144537459127605, 1943208.661689095664769 ], [ 6155756.829836151562631, 1943190.547799388179556 ], [ 6155673.367289955727756, 1943160.684422843623906 ], [ 6155422.054192126728594, 1943097.733768912265077 ], [ 6155165.780992474406958, 1943059.719230762217194 ], [ 6154978.581787490285933, 1943050.522723542060703 ], [ 6154896.94360364601016, 1943038.412842920515686 ], [ 6154638.178353175520897, 1943025.70052133500576 ] ] ] } },
{ "type": "Feature", "properties": { "stop_name": "Santa Clara Station", "stop_id": "64748", "stop_desc": "Northbound", "route_info": { "route_id": [ "SC:Blue Line", "SC:Event-Blue", "SC:Event-Green", "SC:Green Line" ], "route_type": [ "0" ] } }, "geometry": { "type": "Polygon", "coordinates": [ [ [ 6158614.820198946632445, 1945104.865100932540372 ], [ 6158370.887485454790294, 1945017.584580429363996 ], [ 6158119.574387625791132, 1944954.633926498005167 ], [ 6157863.301187973469496, 1944916.619388347957283 ], [ 6157604.535937502980232, 1944903.907066762447357 ], [ 6157345.770687032490969, 1944916.619388347957283 ], [ 6157089.497487380169332, 1944954.633926498005167 ], [ 6156838.18438955117017, 1945017.584580429363996 ], [ 6156594.25167605932802, 1945104.865100932540372 ], [ 6156360.04855228215456, 1945215.634928882820532 ], [ 6156137.830522331409156, 1945348.82729028374888 ], [ 6155929.737667310982943, 1945503.159469884820282 ], [ 6155737.774035170674324, 1945677.145164429908618 ], [ 6155563.788340625353158, 1945869.108796570450068 ], [ 6155409.456161024048924, 1946077.201651590643451 ], [ 6155276.263799623586237, 1946299.419681541854516 ], [ 6155254.196054047904909, 1946346.078009392833337 ], [ 6155178.922458873130381, 1946471.664415784412995 ], [ 6155172.553422247059643, 1946485.130612318171188 ], [ 6155107.906196714378893, 1946592.9879920410458 ], [ 6154997.136368763633072, 1946827.191115817753598 ], [ 6154909.855848261155188, 1947071.123829309828579 ], [ 6154846.905194329097867, 1947322.436927139060572 ], [ 6154808.890656178817153, 1947578.710126791615039 ], [ 6154796.178334593772888, 1947837.475377261638641 ], [ 6154808.890656178817153, 1948096.240627731662244 ], [ 6154846.905194329097867, 1948352.513827384216711 ], [ 6154909.855848261155188, 1948603.826925213448703 ], [ 6154997.136368763633072, 1948847.759638705523685 ], [ 6155107.906196714378893, 1949081.962762482231483 ], [ 6155241.09855811484158, 1949304.180792433442548 ], [ 6155395.430737716145813, 1949512.273647453635931 ], [ 6155569.41643226146698, 1949704.23727959417738 ], [ 6155761.380064401775599, 1949878.222974139265716 ], [ 6155969.472919422201812, 1950032.555153740337119 ], [ 6156191.690949372947216, 1950165.747515141265467 ], [ 6156280.066387699916959, 1950207.545984523836523 ], [ 6156488.092587538063526, 1950332.232090308563784 ], [ 6156722.295711315236986, 1950443.001918258843943 ], [ 6156966.228424807079136, 1950530.28243876202032 ], [ 6157217.541522636078298, 1950593.233092693379149 ], [ 6157473.814722288399935, 1950631.247630843427032 ], [ 6157732.579972758889198, 1950643.959952428936958 ], [ 6157991.345223229378462, 1950631.247630843427032 ], [ 6158247.618422881700099, 1950593.233092693379149 ], [ 6158498.93152071069926, 1950530.28243876202032 ], [ 6158742.864234202541411, 1950443.001918258843943 ], [ 6158977.06735797971487, 1950332.232090308563784 ], [ 6159199.285387930460274, 1950199.039728907635435 ], [ 6159407.378242950886488, 1950044.707549306564033 ], [ 6159599.341875091195107, 1949870.721854761475697 ], [ 6159773.327569636516273, 1949678.758222620934248 ], [ 6159927.659749237820506, 1949470.665367600740865 ], [ 6160060.852110638283193, 1949248.4473376495298 ], [ 6160077.708712798543274, 1949212.807046829955652 ], [ 6160129.257813720963895, 1949126.802567802136764 ], [ 6160138.850053928792477, 1949106.521479872521013 ], [ 6160234.378338380716741, 1948947.142165981000289 ], [ 6160345.148166331462562, 1948712.939042204292491 ], [ 6160432.428686833940446, 1948469.00632871221751 ], [ 6160495.379340765997767, 1948217.693230882985517 ], [ 6160533.393878916278481, 1947961.42003123043105 ], [ 6160546.106200501322746, 1947702.654780760407448 ], [ 6160533.393878916278481, 1947443.889530290383846 ], [ 6160495.379340765997767, 1947187.616330637829378 ], [ 6160432.428686833940446, 1946936.303232808597386 ], [ 6160345.148166331462562, 1946692.370519316522405 ], [ 6160234.378338380716741, 1946458.167395539814606 ], [ 6160101.185976980254054, 1946235.949365588603541 ], [ 6159946.853797378949821, 1946027.856510568410158 ], [ 6159772.868102833628654, 1945835.892878427868709 ], [ 6159580.904470693320036, 1945661.907183882780373 ], [ 6159372.811615672893822, 1945507.575004281708971 ], [ 6159150.593585722148418, 1945374.382642880780622 ], [ 6158976.507913012057543, 1945292.046251701423898 ], [ 6158849.023322723805904, 1945215.634928882820532 ], [ 6158614.820198946632445, 1945104.865100932540372 ] ] ] } },
{ "type": "Feature", "properties": { "stop_name": "Santa Teresa Station", "stop_id": "64785", "stop_desc": "Southbound", "route_info": { "route_id": [ "SC:Blue Line" ], "route_type": [ "0" ] } }, "geometry": { "type": "Polygon", "coordinates": [ [ [ 6188708.837501841597259, 1909924.472598558990285 ], [ 6188598.067673890851438, 1909690.269474782282487 ], [ 6188464.875312490388751, 1909468.051444831071422 ], [ 6188310.543132889084518, 1909259.958589810878038 ], [ 6188136.557438343763351, 1909067.994957670336589 ], [ 6187944.593806203454733, 1908894.009263125248253 ], [ 6187736.500951183028519, 1908739.677083524176851 ], [ 6187514.282921232283115, 1908606.484722123248503 ], [ 6187280.079797455109656, 1908495.714894172968343 ], [ 6187036.147083963267505, 1908408.434373669791967 ], [ 6186784.833986134268343, 1908345.483719738433138 ], [ 6186528.560786481946707, 1908307.469181588385254 ], [ 6186269.795536011457443, 1908294.756860002875328 ], [ 6186011.03028554096818, 1908307.469181588385254 ], [ 6185754.757085888646543, 1908345.483719738433138 ], [ 6185503.443988059647381, 1908408.434373669791967 ], [ 6185259.511274567805231, 1908495.714894172968343 ], [ 6185025.308150790631771, 1908606.484722123248503 ], [ 6184803.090120839886367, 1908739.677083524176851 ], [ 6184594.997265819460154, 1908894.009263125248253 ], [ 6184403.033633679151535, 1909067.994957670336589 ], [ 6184229.047939133830369, 1909259.958589810878038 ], [ 6184074.715759532526135, 1909468.051444831071422 ], [ 6183941.523398132063448, 1909690.269474782282487 ], [ 6183830.753570181317627, 1909924.472598558990285 ], [ 6183743.473049678839743, 1910168.405312051065266 ], [ 6183680.522395746782422, 1910419.718409880297258 ], [ 6183642.507857596501708, 1910675.991609532851726 ], [ 6183629.795536011457443, 1910934.756860002875328 ], [ 6183642.507857596501708, 1911193.52211047289893 ], [ 6183680.522395746782422, 1911449.795310125453398 ], [ 6183743.473049678839743, 1911701.10840795468539 ], [ 6183830.753570181317627, 1911945.041121446760371 ], [ 6183872.071858063340187, 1912032.401301291538402 ], [ 6183959.042027515359223, 1912275.466641702922061 ], [ 6184069.811855466105044, 1912509.669765479629859 ], [ 6184203.004216866567731, 1912731.887795430840924 ], [ 6184357.336396467871964, 1912939.980650451034307 ], [ 6184531.32209101319313, 1913131.944282591575757 ], [ 6184723.285723153501749, 1913305.929977136664093 ], [ 6184931.378578173927963, 1913460.262156737735495 ], [ 6185153.596608124673367, 1913593.454518138663843 ], [ 6185387.799731901846826, 1913704.224346088944003 ], [ 6185631.732445393688977, 1913791.504866592120379 ], [ 6185883.045543222688138, 1913854.455520523479208 ], [ 6186139.318742875009775, 1913892.470058673527092 ], [ 6186398.083993345499039, 1913905.182380259037018 ], [ 6186656.849243815988302, 1913892.470058673527092 ], [ 6186913.122443468309939, 1913854.455520523479208 ], [ 6187164.435541297309101, 1913791.504866592120379 ], [ 6187408.368254789151251, 1913704.224346088944003 ], [ 6187642.571378566324711, 1913593.454518138663843 ], [ 6187864.789408517070115, 1913460.262156737735495 ], [ 6188072.882263537496328, 1913305.929977136664093 ], [ 6188264.845895677804947, 1913131.944282591575757 ], [ 6188438.831590223126113, 1912939.980650451034307 ], [ 6188593.163769824430346, 1912731.887795430840924 ], [ 6188726.356131224893034, 1912509.669765479629859 ], [ 6188837.125959175638855, 1912275.466641702922061 ], [ 6188924.406479678116739, 1912031.53392821084708 ], [ 6188987.35713361017406, 1911780.220830381615087 ], [ 6189025.371671760454774, 1911523.94763072906062 ], [ 6189038.083993345499039, 1911265.182380259037018 ], [ 6189025.371671760454774, 1911006.417129789013416 ], [ 6188987.35713361017406, 1910750.143930136458948 ], [ 6188924.406479678116739, 1910498.830832307226956 ], [ 6188837.125959175638855, 1910254.898118815151975 ], [ 6188795.807671293616295, 1910167.537938970373943 ], [ 6188708.837501841597259, 1909924.472598558990285 ] ] ] } },
{ "type": "Feature", "properties": { "stop_name": "Snell Station", "stop_id": "64783", "stop_desc": "Southbound", "route_info": { "route_id": [ "SC:Blue Line" ], "route_type": [ "0" ] } }, "geometry": { "type": "Polygon", "coordinates": [ [ [ 6176877.118711250834167, 1914147.004179722396657 ], [ 6176766.348883300088346, 1913912.801055945688859 ], [ 6176633.156521899625659, 1913690.583025994477794 ], [ 6176478.824342298321426, 1913482.49017097428441 ], [ 6176304.838647753000259, 1913290.526538833742961 ], [ 6176112.875015612691641, 1913116.540844288654625 ], [ 6175904.782160592265427, 1912962.208664687583223 ], [ 6175682.564130641520023, 1912829.016303286654875 ], [ 6175448.361006864346564, 1912718.246475336374715 ], [ 6175204.428293372504413, 1912630.965954833198339 ], [ 6174953.115195543505251, 1912568.01530090183951 ], [ 6174696.841995891183615, 1912530.000762751791626 ], [ 6174438.076745420694351, 1912517.2884411662817 ], [ 6174179.311494950205088, 1912530.000762751791626 ], [ 6173923.038295297883451, 1912568.01530090183951 ], [ 6173671.725197468884289, 1912630.965954833198339 ], [ 6173427.792483977042139, 1912718.246475336374715 ], [ 6173193.589360199868679, 1912829.016303286654875 ], [ 6172971.371330249123275, 1912962.208664687583223 ], [ 6172763.278475228697062, 1913116.540844288654625 ], [ 6172571.314843088388443, 1913290.526538833742961 ], [ 6172397.329148543067276, 1913482.49017097428441 ], [ 6172242.996968941763043, 1913690.583025994477794 ], [ 6172109.804607541300356, 1913912.801055945688859 ], [ 6171999.034779590554535, 1914147.004179722396657 ], [ 6171911.754259088076651, 1914390.936893214471638 ], [ 6171848.80360515601933, 1914642.249991043703631 ], [ 6171810.789067005738616, 1914898.523190696258098 ], [ 6171798.076745420694351, 1915157.2884411662817 ], [ 6171810.789067005738616, 1915416.053691636305302 ], [ 6171827.595655278302729, 1915529.354506575502455 ], [ 6171826.423473507165909, 1915553.214814677834511 ], [ 6171839.135795092210174, 1915811.980065147858113 ], [ 6171877.150333242490888, 1916068.25326480041258 ], [ 6171940.100987174548209, 1916319.566362629644573 ], [ 6172027.381507677026093, 1916563.499076121719554 ], [ 6172138.151335627771914, 1916797.702199898427352 ], [ 6172271.343697028234601, 1917019.920229849638417 ], [ 6172425.675876629538834, 1917228.0130848698318 ], [ 6172599.661571174860001, 1917419.97671701037325 ], [ 6172791.625203315168619, 1917593.962411555461586 ], [ 6172999.718058335594833, 1917748.294591156532988 ], [ 6173221.936088286340237, 1917881.486952557461336 ], [ 6173456.139212063513696, 1917992.256780507741496 ], [ 6173700.071925555355847, 1918079.537301010917872 ], [ 6173951.385023384355009, 1918142.487954942276701 ], [ 6174207.658223036676645, 1918180.502493092324585 ], [ 6174466.423473507165909, 1918193.214814677834511 ], [ 6174725.188723977655172, 1918180.502493092324585 ], [ 6174981.461923629976809, 1918142.487954942276701 ], [ 6174995.090776567347348, 1918139.074104999192059 ], [ 6175029.153101206757128, 1918134.021436435868964 ], [ 6175280.46619903575629, 1918071.070782504510134 ], [ 6175524.398912527598441, 1917983.790262001333758 ], [ 6175758.6020363047719, 1917873.020434051053599 ], [ 6175980.820066255517304, 1917739.82807265012525 ], [ 6176188.912921275943518, 1917585.495893049053848 ], [ 6176380.876553416252136, 1917411.510198503965512 ], [ 6176554.862247961573303, 1917219.546566363424063 ], [ 6176709.194427562877536, 1917011.45371134323068 ], [ 6176842.386788963340223, 1916789.235681392019615 ], [ 6176953.156616914086044, 1916555.032557615311816 ], [ 6177040.437137416563928, 1916311.099844123236835 ], [ 6177103.387791348621249, 1916059.786746294004843 ], [ 6177141.402329498901963, 1915803.513546641450375 ], [ 6177154.114651083946228, 1915544.748296171426773 ], [ 6177141.402329498901963, 1915285.983045701403171 ], [ 6177103.387791348621249, 1915029.709846048848704 ], [ 6177057.867362075485289, 1914847.982105657225475 ], [ 6177027.349885685369372, 1914642.249991043703631 ], [ 6176964.399231753312051, 1914390.936893214471638 ], [ 6176877.118711250834167, 1914147.004179722396657 ] ] ] } },
{ "type": "Feature", "properties": { "stop_name": "Tamien Station", "stop_id": "64778", "stop_desc": "Southbound", "route_info": { "route_id": [ "SC:Blue Line" ], "route_type": [ "0" ] } }, "geometry": { "type": "Polygon", "coordinates": [ [ [ 6161733.03368960134685, 1938183.736044465797022 ], [ 6161670.083035669289529, 1937932.42294663656503 ], [ 6161582.802515166811645, 1937688.490233144490048 ], [ 6161472.032687216065824, 1937454.28710936778225 ], [ 6161338.840325815603137, 1937232.069079416571185 ], [ 6161184.508146214298904, 1937023.976224396377802 ], [ 6161010.522451668977737, 1936832.012592255836353 ], [ 6160818.558819528669119, 1936658.026897710748017 ], [ 6160610.465964508242905, 1936503.694718109676614 ], [ 6160388.247934557497501, 1936370.502356708748266 ], [ 6160154.044810780324042, 1936259.732528758468106 ], [ 6159910.112097288481891, 1936172.45200825529173 ], [ 6159658.798999459482729, 1936109.501354323932901 ], [ 6159402.525799807161093, 1936071.486816173885018 ], [ 6159143.760549336671829, 1936058.774494588375092 ], [ 6158884.995298866182566, 1936071.486816173885018 ], [ 6158628.722099213860929, 1936109.501354323932901 ], [ 6158377.409001384861767, 1936172.45200825529173 ], [ 6158133.476287893019617, 1936259.732528758468106 ], [ 6157899.273164115846157, 1936370.502356708748266 ], [ 6157677.055134165100753, 1936503.694718109676614 ], [ 6157468.96227914467454, 1936658.026897710748017 ], [ 6157276.998647004365921, 1936832.012592255836353 ], [ 6157103.012952459044755, 1937023.976224396377802 ], [ 6156948.680772857740521, 1937232.069079416571185 ], [ 6156938.784213619306684, 1937248.580490987282246 ], [ 6156934.110920118167996, 1937254.881697836099193 ], [ 6156800.918558717705309, 1937477.099727787310258 ], [ 6156764.488875539042056, 1937554.123821409419179 ], [ 6156709.973245026543736, 1937627.629640000639483 ], [ 6156576.780883626081049, 1937849.847669951850548 ], [ 6156466.011055675335228, 1938084.050793728558347 ], [ 6156378.730535172857344, 1938327.983507220633328 ], [ 6156315.779881240800023, 1938579.29660504986532 ], [ 6156277.765343090519309, 1938835.569804702419788 ], [ 6156265.053021505475044, 1939094.33505517244339 ], [ 6156277.765343090519309, 1939353.100305642466992 ], [ 6156315.779881240800023, 1939609.373505295021459 ], [ 6156378.730535172857344, 1939860.686603124253452 ], [ 6156466.011055675335228, 1940104.619316616328433 ], [ 6156576.780883626081049, 1940338.822440393036231 ], [ 6156709.973245026543736, 1940561.040470344247296 ], [ 6156864.30542462784797, 1940769.13332536444068 ], [ 6157038.291119173169136, 1940961.096957504982129 ], [ 6157230.254751313477755, 1941135.082652050070465 ], [ 6157438.347606333903968, 1941289.414831651141867 ], [ 6157660.565636284649372, 1941422.607193052070215 ], [ 6157894.768760061822832, 1941533.377021002350375 ], [ 6158138.701473553664982, 1941620.657541505526751 ], [ 6158390.014571382664144, 1941683.60819543688558 ], [ 6158646.287771034985781, 1941721.622733586933464 ], [ 6158905.053021505475044, 1941734.33505517244339 ], [ 6159163.818271975964308, 1941721.622733586933464 ], [ 6159420.091471628285944, 1941683.60819543688558 ], [ 6159671.404569457285106, 1941620.657541505526751 ], [ 6159915.337282949127257, 1941533.377021002350375 ], [ 6160149.540406726300716, 1941422.607193052070215 ], [ 6160371.75843667704612, 1941289.414831651141867 ], [ 6160579.851291697472334, 1941135.082652050070465 ], [ 6160579.866769994609058, 1941135.068623339291662 ], [ 6160579.920845370739698, 1941135.02851830702275 ], [ 6160771.884477511048317, 1940961.042823761934415 ], [ 6160945.870172056369483, 1940769.079191621392965 ], [ 6161100.202351657673717, 1940560.986336601199582 ], [ 6161233.394713058136404, 1940338.768306649988517 ], [ 6161269.454950255341828, 1940262.525340924970806 ], [ 6161324.439435986801982, 1940188.387344253482297 ], [ 6161335.344059123657644, 1940170.194079674547538 ], [ 6161338.840325815603137, 1940165.479909760178998 ], [ 6161472.032687216065824, 1939943.261879808967933 ], [ 6161582.802515166811645, 1939709.058756032260135 ], [ 6161670.083035669289529, 1939465.126042540185153 ], [ 6161733.03368960134685, 1939213.812944710953161 ], [ 6161771.048227751627564, 1938957.539745058398694 ], [ 6161783.760549336671829, 1938698.774494588375092 ], [ 6161771.048227751627564, 1938440.009244118351489 ], [ 6161733.03368960134685, 1938183.736044465797022 ] ] ] } },
{ "type": "Feature", "properties": { "stop_name": "Tasman Station", "stop_id": "64759", "stop_desc": "Southbound", "route_info": { "route_id": [ "SC:Blue Line", "SC:Event-Blue", "SC:Event-Green", "SC:Event-Special", "SC:Green Line" ], "route_type": [ "0" ] } }, "geometry": { "type": "Polygon", "coordinates": [ [ [ 6144696.028243998065591, 1974384.36288020433858 ], [ 6144658.013705847784877, 1974128.089680551784113 ], [ 6144595.063051915727556, 1973876.776582722552121 ], [ 6144507.782531413249671, 1973632.843869230477139 ], [ 6144397.01270346250385, 1973398.640745453769341 ], [ 6144263.820342062041163, 1973176.422715502558276 ], [ 6144109.48816246073693, 1972968.329860482364893 ], [ 6143935.502467915415764, 1972776.366228341823444 ], [ 6143743.538835775107145, 1972602.380533796735108 ], [ 6143535.445980754680932, 1972448.048354195663705 ], [ 6143313.227950803935528, 1972314.855992794735357 ], [ 6143079.024827026762068, 1972204.086164844455197 ], [ 6142835.092113534919918, 1972116.805644341278821 ], [ 6142583.779015705920756, 1972053.854990409919992 ], [ 6142327.505816053599119, 1972015.840452259872109 ], [ 6142068.740565583109856, 1972003.128130674362183 ], [ 6141809.975315112620592, 1972015.840452259872109 ], [ 6141553.702115460298955, 1972053.854990409919992 ], [ 6141302.389017631299794, 1972116.805644341278821 ], [ 6141058.456304139457643, 1972204.086164844455197 ], [ 6140824.253180362284184, 1972314.855992794735357 ], [ 6140602.03515041153878, 1972448.048354195663705 ], [ 6140393.942295391112566, 1972602.380533796735108 ], [ 6140201.978663250803947, 1972776.366228341823444 ], [ 6140027.992968705482781, 1972968.329860482364893 ], [ 6139873.660789104178548, 1973176.422715502558276 ], [ 6139740.468427703715861, 1973398.640745453769341 ], [ 6139629.69859975297004, 1973632.843869230477139 ], [ 6139542.418079250492156, 1973876.776582722552121 ], [ 6139479.467425318434834, 1974128.089680551784113 ], [ 6139441.45288716815412, 1974384.36288020433858 ], [ 6139428.740565583109856, 1974643.128130674362183 ], [ 6139441.45288716815412, 1974901.893381144385785 ], [ 6139479.467425318434834, 1975158.166580796940252 ], [ 6139542.418079250492156, 1975409.479678626172245 ], [ 6139629.69859975297004, 1975653.412392118247226 ], [ 6139740.468427703715861, 1975887.615515894955024 ], [ 6139873.660789104178548, 1976109.833545846166089 ], [ 6140027.992968705482781, 1976317.926400866359472 ], [ 6140201.978663250803947, 1976509.890033006900921 ], [ 6140393.942295391112566, 1976683.875727551989257 ], [ 6140602.03515041153878, 1976838.20790715306066 ], [ 6140824.253180362284184, 1976971.400268553989008 ], [ 6141058.456304139457643, 1977082.170096504269168 ], [ 6141302.389017631299794, 1977169.450617007445544 ], [ 6141553.702115460298955, 1977232.401270938804373 ], [ 6141809.975315112620592, 1977270.415809088852257 ], [ 6142068.740565583109856, 1977283.128130674362183 ], [ 6142327.505816053599119, 1977270.415809088852257 ], [ 6142583.779015705920756, 1977232.401270938804373 ], [ 6142835.092113534919918, 1977169.450617007445544 ], [ 6143079.024827026762068, 1977082.170096504269168 ], [ 6143313.227950803935528, 1976971.400268553989008 ], [ 6143535.445980754680932, 1976838.20790715306066 ], [ 6143743.538835775107145, 1976683.875727551989257 ], [ 6143935.502467915415764, 1976509.890033006900921 ], [ 6144109.48816246073693, 1976317.926400866359472 ], [ 6144263.820342062041163, 1976109.833545846166089 ], [ 6144397.01270346250385, 1975887.615515894955024 ], [ 6144507.782531413249671, 1975653.412392118247226 ], [ 6144595.063051915727556, 1975409.479678626172245 ], [ 6144658.013705847784877, 1975158.166580796940252 ], [ 6144696.028243998065591, 1974901.893381144385785 ], [ 6144708.740565583109856, 1974643.128130674362183 ], [ 6144696.028243998065591, 1974384.36288020433858 ] ] ] } },
{ "type": "Feature", "properties": { "stop_name": "Vienna Station", "stop_id": "64795", "stop_desc": "Eastbound", "route_info": { "route_id": [ "SC:Event-Orange", "SC:Event-Special", "SC:Orange Line" ], "route_type": [ "0" ] } }, "geometry": { "type": "Polygon", "coordinates": [ [ [ 6128801.598418751731515, 1972556.362599198240787 ], [ 6128763.583880601450801, 1972300.089399545686319 ], [ 6128700.63322666939348, 1972048.776301716454327 ], [ 6128613.352706166915596, 1971804.843588224379346 ], [ 6128502.582878216169775, 1971570.640464447671548 ], [ 6128369.390516815707088, 1971348.422434496460482 ], [ 6128215.058337214402854, 1971140.329579476267099 ], [ 6128041.072642669081688, 1970948.36594733572565 ], [ 6127849.109010528773069, 1970774.380252790637314 ], [ 6127641.016155508346856, 1970620.048073189565912 ], [ 6127418.798125557601452, 1970486.855711788637564 ], [ 6127184.595001780427992, 1970376.085883838357404 ], [ 6126940.662288288585842, 1970288.805363335181028 ], [ 6126689.34919045958668, 1970225.854709403822199 ], [ 6126433.075990807265043, 1970187.840171253774315 ], [ 6126174.31074033677578, 1970175.127849668264389 ], [ 6125915.545489866286516, 1970187.840171253774315 ], [ 6125659.27229021396488, 1970225.854709403822199 ], [ 6125563.394107693806291, 1970249.870943891815841 ], [ 6125527.1580531289801, 1970255.246054830262437 ], [ 6125275.844955299980938, 1970318.196708761621267 ], [ 6125031.912241808138788, 1970405.477229264797643 ], [ 6124797.709118030965328, 1970516.247057215077803 ], [ 6124575.491088080219924, 1970649.439418616006151 ], [ 6124367.398233059793711, 1970803.771598217077553 ], [ 6124175.434600919485092, 1970977.757292762165889 ], [ 6124001.448906374163926, 1971169.720924902707338 ], [ 6123847.116726772859693, 1971377.813779922900721 ], [ 6123713.924365372397006, 1971600.031809874111786 ], [ 6123603.154537421651185, 1971834.234933650819585 ], [ 6123515.8740169191733, 1972078.167647142894566 ], [ 6123452.923362987115979, 1972329.480744972126558 ], [ 6123414.908824836835265, 1972585.753944624681026 ], [ 6123402.196503251791, 1972844.519195094704628 ], [ 6123414.908824836835265, 1973103.28444556472823 ], [ 6123452.923362987115979, 1973359.557645217282698 ], [ 6123515.8740169191733, 1973610.87074304651469 ], [ 6123603.154537421651185, 1973854.803456538589671 ], [ 6123713.924365372397006, 1974089.006580315297469 ], [ 6123847.116726772859693, 1974311.224610266508535 ], [ 6124001.448906374163926, 1974519.317465286701918 ], [ 6124175.434600919485092, 1974711.281097427243367 ], [ 6124367.398233059793711, 1974885.266791972331703 ], [ 6124575.491088080219924, 1975039.598971573403105 ], [ 6124797.709118030965328, 1975172.791332974331453 ], [ 6125031.912241808138788, 1975283.561160924611613 ], [ 6125275.844955299980938, 1975370.841681427787989 ], [ 6125527.1580531289801, 1975433.792335359146819 ], [ 6125783.431252781301737, 1975471.806873509194702 ], [ 6126042.196503251791, 1975484.519195094704628 ], [ 6126300.961753722280264, 1975471.806873509194702 ], [ 6126557.234953374601901, 1975433.792335359146819 ], [ 6126653.113135894760489, 1975409.776100871153176 ], [ 6126689.34919045958668, 1975404.40098993270658 ], [ 6126940.662288288585842, 1975341.45033600134775 ], [ 6127184.595001780427992, 1975254.169815498171374 ], [ 6127418.798125557601452, 1975143.399987547891214 ], [ 6127641.016155508346856, 1975010.207626146962866 ], [ 6127849.109010528773069, 1974855.875446545891464 ], [ 6128041.072642669081688, 1974681.889752000803128 ], [ 6128215.058337214402854, 1974489.926119860261679 ], [ 6128369.390516815707088, 1974281.833264840068296 ], [ 6128502.582878216169775, 1974059.615234888857231 ], [ 6128613.352706166915596, 1973825.412111112149432 ], [ 6128700.63322666939348, 1973581.479397620074451 ], [ 6128763.583880601450801, 1973330.166299790842459 ], [ 6128801.598418751731515, 1973073.893100138287991 ], [ 6128814.31074033677578, 1972815.127849668264389 ], [ 6128801.598418751731515, 1972556.362599198240787 ] ] ] } },
{ "type": "Feature", "properties": { "stop_name": "Virginia Station", "stop_id": "64744", "stop_desc": "Northbound", "route_info": { "route_id": [ "SC:Blue Line", "SC:Event-Blue" ], "route_type": [ "0" ] } }, "geometry": { "type": "Polygon", "coordinates": [ [ [ 6160032.309400765225291, 1941408.68431895901449 ], [ 6159969.35874683316797, 1941157.371221129782498 ], [ 6159882.078226330690086, 1940913.438507637707517 ], [ 6159771.308398379944265, 1940679.235383860999718 ], [ 6159638.116036979481578, 1940457.017353909788653 ], [ 6159483.783857378177345, 1940248.92449888959527 ], [ 6159309.798162832856178, 1940056.960866749053821 ], [ 6159117.83453069254756, 1939882.975172203965485 ], [ 6158909.741675672121346, 1939728.642992602894083 ], [ 6158687.523645721375942, 1939595.450631201965734 ], [ 6158453.320521944202483, 1939484.680803251685575 ], [ 6158209.387808452360332, 1939397.400282748509198 ], [ 6157958.07471062336117, 1939334.449628817150369 ], [ 6157701.801510971039534, 1939296.435090667102486 ], [ 6157443.03626050055027, 1939283.72276908159256 ], [ 6157184.271010030061007, 1939296.435090667102486 ], [ 6156927.99781037773937, 1939334.449628817150369 ], [ 6156676.684712548740208, 1939397.400282748509198 ], [ 6156432.751999056898057, 1939484.680803251685575 ], [ 6156198.548875279724598, 1939595.450631201965734 ], [ 6155976.330845328979194, 1939728.642992602894083 ], [ 6155768.23799030855298, 1939882.975172203965485 ], [ 6155576.274358168244362, 1940056.960866749053821 ], [ 6155402.288663622923195, 1940248.92449888959527 ], [ 6155247.956484021618962, 1940457.017353909788653 ], [ 6155114.764122621156275, 1940679.235383860999718 ], [ 6155114.75642869155854, 1940679.251651307567954 ], [ 6155114.535120458342135, 1940679.620881788665429 ], [ 6155003.765292507596314, 1940913.824005565373227 ], [ 6154916.48477200511843, 1941157.756719057448208 ], [ 6154853.534118073061109, 1941409.069816886680201 ], [ 6154847.224691526964307, 1941451.604515649843961 ], [ 6154842.105335162952542, 1941472.0421318851877 ], [ 6154804.090797012671828, 1941728.315331537742168 ], [ 6154791.378475427627563, 1941987.08058200776577 ], [ 6154804.090797012671828, 1942245.845832477789372 ], [ 6154842.105335162952542, 1942502.11903213034384 ], [ 6154905.055989095009863, 1942753.432129959575832 ], [ 6154992.336509597487748, 1942997.364843451650813 ], [ 6155103.106337548233569, 1943231.567967228358611 ], [ 6155236.298698948696256, 1943453.785997179569677 ], [ 6155390.630878550000489, 1943661.87885219976306 ], [ 6155564.616573095321655, 1943853.842484340304509 ], [ 6155756.580205235630274, 1944027.828178885392845 ], [ 6155964.673060256056488, 1944182.160358486464247 ], [ 6156186.891090206801891, 1944315.352719887392595 ], [ 6156421.094213983975351, 1944426.122547837672755 ], [ 6156665.026927475817502, 1944513.403068340849131 ], [ 6156916.340025304816663, 1944576.35372227220796 ], [ 6157172.6132249571383, 1944614.368260422255844 ], [ 6157431.378475427627563, 1944627.08058200776577 ], [ 6157690.143725898116827, 1944614.368260422255844 ], [ 6157946.416925550438464, 1944576.35372227220796 ], [ 6158197.730023379437625, 1944513.403068340849131 ], [ 6158441.662736871279776, 1944426.122547837672755 ], [ 6158675.865860648453236, 1944315.352719887392595 ], [ 6158898.083890599198639, 1944182.160358486464247 ], [ 6159106.176745619624853, 1944027.828178885392845 ], [ 6159298.140377759933472, 1943853.842484340304509 ], [ 6159472.126072305254638, 1943661.87885219976306 ], [ 6159626.458251906558871, 1943453.785997179569677 ], [ 6159759.650613307021558, 1943231.567967228358611 ], [ 6159870.420441257767379, 1942997.364843451650813 ], [ 6159957.700961760245264, 1942753.432129959575832 ], [ 6160020.651615692302585, 1942502.11903213034384 ], [ 6160026.768722854554653, 1942460.880845336709172 ], [ 6160032.309400765225291, 1942438.761219204170629 ], [ 6160070.323938915506005, 1942182.488019551616162 ], [ 6160083.03626050055027, 1941923.72276908159256 ], [ 6160070.323938915506005, 1941664.957518611568958 ], [ 6160032.309400765225291, 1941408.68431895901449 ] ] ] } },
{ "type": "Feature", "properties": { "stop_name": "West Station Entrance / Exit", "stop_id": "MLPT_1", "stop_desc": "West Station Entrance / Exit", "route_info": "{'route_id': None, 'route_type': None}" }, "geometry": { "type": "Polygon", "coordinates": [ [ [ 6160257.047395423054695, 1974743.018022760748863 ], [ 6160244.33507383801043, 1974484.252772290725261 ], [ 6160206.320535687729716, 1974227.979572638170794 ], [ 6160143.369881755672395, 1973976.666474808938801 ], [ 6160056.089361253194511, 1973732.73376131686382 ], [ 6159945.31953330244869, 1973498.530637540156022 ], [ 6159812.127171901986003, 1973276.312607588944957 ], [ 6159657.79499230068177, 1973068.219752568751574 ], [ 6159483.809297755360603, 1972876.256120428210124 ], [ 6159291.845665615051985, 1972702.270425883121789 ], [ 6159083.752810594625771, 1972547.938246282050386 ], [ 6158861.534780643880367, 1972414.745884881122038 ], [ 6158627.331656866706908, 1972303.976056930841878 ], [ 6158383.398943374864757, 1972216.695536427665502 ], [ 6158132.085845545865595, 1972153.744882496306673 ], [ 6157875.812645893543959, 1972115.730344346258789 ], [ 6157617.047395423054695, 1972103.018022760748863 ], [ 6157358.282144952565432, 1972115.730344346258789 ], [ 6157102.008945300243795, 1972153.744882496306673 ], [ 6156850.695847471244633, 1972216.695536427665502 ], [ 6156606.763133979402483, 1972303.976056930841878 ], [ 6156372.560010202229023, 1972414.745884881122038 ], [ 6156150.341980251483619, 1972547.938246282050386 ], [ 6155942.249125231057405, 1972702.270425883121789 ], [ 6155750.285493090748787, 1972876.256120428210124 ], [ 6155576.29979854542762, 1973068.219752568751574 ], [ 6155421.967618944123387, 1973276.312607588944957 ], [ 6155288.7752575436607, 1973498.530637540156022 ], [ 6155178.005429592914879, 1973732.73376131686382 ], [ 6155090.724909090436995, 1973976.666474808938801 ], [ 6155027.774255158379674, 1974227.979572638170794 ], [ 6154989.75971700809896, 1974484.252772290725261 ], [ 6154977.047395423054695, 1974743.018022760748863 ], [ 6154989.75971700809896, 1975001.783273230772465 ], [ 6155027.774255158379674, 1975258.056472883326933 ], [ 6155090.724909090436995, 1975509.369570712558925 ], [ 6155178.005429592914879, 1975753.302284204633906 ], [ 6155288.7752575436607, 1975987.505407981341705 ], [ 6155421.967618944123387, 1976209.72343793255277 ], [ 6155576.29979854542762, 1976417.816292952746153 ], [ 6155750.285493090748787, 1976609.779925093287602 ], [ 6155942.249125231057405, 1976783.765619638375938 ], [ 6156150.341980251483619, 1976938.09779923944734 ], [ 6156372.560010202229023, 1977071.290160640375689 ], [ 6156606.763133979402483, 1977182.059988590655848 ], [ 6156850.695847471244633, 1977269.340509093832225 ], [ 6157102.008945300243795, 1977332.291163025191054 ], [ 6157358.282144952565432, 1977370.305701175238937 ], [ 6157617.047395423054695, 1977383.018022760748863 ], [ 6157875.812645893543959, 1977370.305701175238937 ], [ 6158132.085845545865595, 1977332.291163025191054 ], [ 6158383.398943374864757, 1977269.340509093832225 ], [ 6158627.331656866706908, 1977182.059988590655848 ], [ 6158861.534780643880367, 1977071.290160640375689 ], [ 6159083.752810594625771, 1976938.09779923944734 ], [ 6159291.845665615051985, 1976783.765619638375938 ], [ 6159483.809297755360603, 1976609.779925093287602 ], [ 6159657.79499230068177, 1976417.816292952746153 ], [ 6159812.127171901986003, 1976209.72343793255277 ], [ 6159945.31953330244869, 1975987.505407981341705 ], [ 6160056.089361253194511, 1975753.302284204633906 ], [ 6160143.369881755672395, 1975509.369570712558925 ], [ 6160206.320535687729716, 1975258.056472883326933 ], [ 6160244.33507383801043, 1975001.783273230772465 ], [ 6160257.047395423054695, 1974743.018022760748863 ] ] ] } },
{ "type": "Feature", "properties": { "stop_name": "Whisman Station", "stop_id": "64819", "stop_desc": "Southbound", "route_info": { "route_id": [ "SC:Event-Blue", "SC:Event-Orange", "SC:Orange Line" ], "route_type": [ "0" ] } }, "geometry": { "type": "Polygon", "coordinates": [ [ [ 6110437.396458696573973, 1966820.683107716031373 ], [ 6110229.303603676147759, 1966666.35092811495997 ], [ 6110007.085573725402355, 1966533.158566714031622 ], [ 6109772.882449948228896, 1966422.388738763751462 ], [ 6109528.949736456386745, 1966335.108218260575086 ], [ 6109277.636638627387583, 1966272.157564329216257 ], [ 6109021.363438975065947, 1966234.143026179168373 ], [ 6108762.598188504576683, 1966221.430704593658447 ], [ 6108503.83293803408742, 1966234.143026179168373 ], [ 6108247.559738381765783, 1966272.157564329216257 ], [ 6107996.246640552766621, 1966335.108218260575086 ], [ 6107752.31392706092447, 1966422.388738763751462 ], [ 6107518.110803283751011, 1966533.158566714031622 ], [ 6107295.892773333005607, 1966666.35092811495997 ], [ 6107087.799918312579393, 1966820.683107716031373 ], [ 6106895.836286172270775, 1966994.668802261119708 ], [ 6106721.850591626949608, 1967186.632434401661158 ], [ 6106567.518412025645375, 1967394.725289421854541 ], [ 6106434.326050625182688, 1967616.943319373065606 ], [ 6106323.556222674436867, 1967851.146443149773404 ], [ 6106236.275702171958983, 1968095.079156641848385 ], [ 6106173.325048239901662, 1968346.392254471080378 ], [ 6106135.310510089620948, 1968602.665454123634845 ], [ 6106122.598188504576683, 1968861.430704593658447 ], [ 6106135.310510089620948, 1969120.19595506368205 ], [ 6106173.325048239901662, 1969376.469154716236517 ], [ 6106236.275702171958983, 1969627.782252545468509 ], [ 6106323.556222674436867, 1969871.714966037543491 ], [ 6106434.326050625182688, 1970105.918089814251289 ], [ 6106567.518412025645375, 1970328.136119765462354 ], [ 6106721.850591626949608, 1970536.228974785655737 ], [ 6106895.836286172270775, 1970728.192606926197186 ], [ 6107087.799918312579393, 1970902.178301471285522 ], [ 6107295.892773333005607, 1971056.510481072356924 ], [ 6107302.132289245724678, 1971060.250302987638861 ], [ 6107354.070711228996515, 1971107.324544715695083 ], [ 6107562.163566249422729, 1971261.656724316766486 ], [ 6107784.381596200168133, 1971394.849085717694834 ], [ 6108018.584719977341592, 1971505.618913667974994 ], [ 6108262.517433469183743, 1971592.89943417115137 ], [ 6108513.830531298182905, 1971655.850088102510199 ], [ 6108770.103730950504541, 1971693.864626252558082 ], [ 6109028.868981420993805, 1971706.576947838068008 ], [ 6109287.634231891483068, 1971693.864626252558082 ], [ 6109543.907431543804705, 1971655.850088102510199 ], [ 6109795.220529372803867, 1971592.89943417115137 ], [ 6110039.153242864646018, 1971505.618913667974994 ], [ 6110273.356366641819477, 1971394.849085717694834 ], [ 6110495.574396592564881, 1971261.656724316766486 ], [ 6110703.667251612991095, 1971107.324544715695083 ], [ 6110895.630883753299713, 1970933.338850170606747 ], [ 6111069.61657829862088, 1970741.375218030065298 ], [ 6111223.948757899925113, 1970533.282363009871915 ], [ 6111357.1411193003878, 1970311.06433305866085 ], [ 6111467.910947251133621, 1970076.861209281953052 ], [ 6111555.191467753611505, 1969832.92849578987807 ], [ 6111618.142121685668826, 1969581.615397960646078 ], [ 6111656.15665983594954, 1969325.342198308091611 ], [ 6111668.868981420993805, 1969066.576947838068008 ], [ 6111656.15665983594954, 1968807.811697368044406 ], [ 6111618.142121685668826, 1968551.538497715489939 ], [ 6111555.191467753611505, 1968300.225399886257946 ], [ 6111467.910947251133621, 1968056.292686394182965 ], [ 6111357.1411193003878, 1967822.089562617475167 ], [ 6111223.948757899925113, 1967599.871532666264102 ], [ 6111069.61657829862088, 1967391.778677646070719 ], [ 6110895.630883753299713, 1967199.81504550552927 ], [ 6110703.667251612991095, 1967025.829350960440934 ], [ 6110495.574396592564881, 1966871.497171359369531 ], [ 6110489.33488067984581, 1966867.757349444087595 ], [ 6110437.396458696573973, 1966820.683107716031373 ] ] ] } },
{ "type": "Feature", "properties": { "stop_name": "Winchester Station", "stop_id": "65380", "stop_desc": "Northbound", "route_info": { "route_id": [ "SC:Green Line" ], "route_type": [ "0" ] } }, "geometry": { "type": "Polygon", "coordinates": [ [ [ 6142457.783599821850657, 1925901.030061754165217 ], [ 6142303.451420220546424, 1925692.937206733971834 ], [ 6142129.465725675225258, 1925500.973574593430385 ], [ 6141937.502093534916639, 1925326.987880048342049 ], [ 6141729.409238514490426, 1925172.655700447270647 ], [ 6141507.191208563745022, 1925039.463339046342298 ], [ 6141272.988084786571562, 1924928.693511096062139 ], [ 6141029.055371294729412, 1924841.412990592885762 ], [ 6140777.74227346573025, 1924778.462336661526933 ], [ 6140521.469073813408613, 1924740.44779851147905 ], [ 6140262.70382334291935, 1924727.735476925969124 ], [ 6140003.938572872430086, 1924740.44779851147905 ], [ 6139747.665373220108449, 1924778.462336661526933 ], [ 6139496.352275391109288, 1924841.412990592885762 ], [ 6139252.419561899267137, 1924928.693511096062139 ], [ 6139018.216438122093678, 1925039.463339046342298 ], [ 6138795.998408171348274, 1925172.655700447270647 ], [ 6138587.90555315092206, 1925326.987880048342049 ], [ 6138395.941921010613441, 1925500.973574593430385 ], [ 6138221.956226465292275, 1925692.937206733971834 ], [ 6138067.624046863988042, 1925901.030061754165217 ], [ 6137934.431685463525355, 1926123.248091705376282 ], [ 6137823.661857512779534, 1926357.451215482084081 ], [ 6137736.38133701030165, 1926601.383928974159062 ], [ 6137673.430683078244328, 1926852.697026803391054 ], [ 6137635.416144927963614, 1927108.970226455945522 ], [ 6137622.70382334291935, 1927367.735476925969124 ], [ 6137635.416144927963614, 1927626.500727395992726 ], [ 6137673.430683078244328, 1927882.773927048547193 ], [ 6137736.38133701030165, 1928134.087024877779186 ], [ 6137823.661857512779534, 1928378.019738369854167 ], [ 6137934.431685463525355, 1928612.222862146561965 ], [ 6138067.624046863988042, 1928834.44089209777303 ], [ 6138098.003512568771839, 1928875.402859775815159 ], [ 6138206.888860197737813, 1929057.067087260307744 ], [ 6138361.221039799042046, 1929265.159942280501127 ], [ 6138535.206734344363213, 1929457.123574421042576 ], [ 6138727.170366484671831, 1929631.109268966130912 ], [ 6138935.263221505098045, 1929785.441448567202315 ], [ 6139157.481251455843449, 1929918.633809968130663 ], [ 6139391.684375233016908, 1930029.403637918410823 ], [ 6139635.617088724859059, 1930116.684158421587199 ], [ 6139886.930186553858221, 1930179.634812352946028 ], [ 6140143.203386206179857, 1930217.649350502993912 ], [ 6140401.968636676669121, 1930230.361672088503838 ], [ 6140660.733887147158384, 1930217.649350502993912 ], [ 6140917.007086799480021, 1930179.634812352946028 ], [ 6141168.320184628479183, 1930116.684158421587199 ], [ 6141412.252898120321333, 1930029.403637918410823 ], [ 6141646.456021897494793, 1929918.633809968130663 ], [ 6141868.674051848240197, 1929785.441448567202315 ], [ 6142076.76690686866641, 1929631.109268966130912 ], [ 6142268.730539008975029, 1929457.123574421042576 ], [ 6142442.716233554296196, 1929265.159942280501127 ], [ 6142597.048413155600429, 1929057.067087260307744 ], [ 6142730.240774556063116, 1928834.849057309096679 ], [ 6142841.010602506808937, 1928600.645933532388881 ], [ 6142928.291123009286821, 1928356.7132200403139 ], [ 6142991.241776941344142, 1928105.400122211081907 ], [ 6143029.256315091624856, 1927849.12692255852744 ], [ 6143041.968636676669121, 1927590.361672088503838 ], [ 6143029.256315091624856, 1927331.596421618480235 ], [ 6142991.241776941344142, 1927075.323221965925768 ], [ 6142991.239601615816355, 1927075.314537579659373 ], [ 6142991.221763862296939, 1927075.194285213248804 ], [ 6142928.271109930239618, 1926823.881187384016812 ], [ 6142840.990589427761734, 1926579.948473891941831 ], [ 6142730.220761477015913, 1926345.745350115234032 ], [ 6142597.028400076553226, 1926123.527320164022967 ], [ 6142566.35040174331516, 1926082.1628278340213 ], [ 6142457.783599821850657, 1925901.030061754165217 ] ] ] } }
]
}
