{
"type": "FeatureCollection",
"name": "Tier2_AC_transit_buffers_halfmile",
"crs": { "type": "name", "properties": { "name": "urn:ogc:def:crs:EPSG::2227" } },
"features": [
{ "type": "Feature", "properties": { "stop_name_clean": "103rd Avenue", "access_id": " ", "station_id": "52437", "acces_poin": "Pedestrian Access Point", "location_t": "2", "stop_lat": 37.74064, "stop_lon": -122.16776, "stop_name": "103rd Avenue" }, "geometry": { "type": "Polygon", "coordinates": [ [ [ 6082102.540669409558177, 2096151.780298043042421 ], [ 6082064.526131259277463, 2095895.507098390487954 ], [ 6082001.575477327220142, 2095644.194000561255962 ], [ 6081914.294956824742258, 2095400.26128706918098 ], [ 6081803.525128873996437, 2095166.058163292473182 ], [ 6081670.33276747353375, 2094943.840133341262117 ], [ 6081516.000587872229517, 2094735.747278321068734 ], [ 6081342.01489332690835, 2094543.783646180527285 ], [ 6081150.051261186599731, 2094369.797951635438949 ], [ 6080941.958406166173518, 2094215.465772034367546 ], [ 6080719.740376215428114, 2094082.273410633439198 ], [ 6080485.537252438254654, 2093971.503582683159038 ], [ 6080241.604538946412504, 2093884.223062179982662 ], [ 6079990.291441117413342, 2093821.272408248623833 ], [ 6079734.018241465091705, 2093783.25787009857595 ], [ 6079475.252990994602442, 2093770.545548513066024 ], [ 6079216.487740524113178, 2093783.25787009857595 ], [ 6078960.214540871791542, 2093821.272408248623833 ], [ 6078708.90144304279238, 2093884.223062179982662 ], [ 6078464.968729550950229, 2093971.503582683159038 ], [ 6078230.76560577377677, 2094082.273410633439198 ], [ 6078008.547575823031366, 2094215.465772034367546 ], [ 6077800.454720802605152, 2094369.797951635438949 ], [ 6077608.491088662296534, 2094543.783646180527285 ], [ 6077434.505394116975367, 2094735.747278321068734 ], [ 6077280.173214515671134, 2094943.840133341262117 ], [ 6077146.980853115208447, 2095166.058163292473182 ], [ 6077036.211025164462626, 2095400.26128706918098 ], [ 6076948.930504661984742, 2095644.194000561255962 ], [ 6076885.979850729927421, 2095895.507098390487954 ], [ 6076847.965312579646707, 2096151.780298043042421 ], [ 6076835.252990994602442, 2096410.545548513066024 ], [ 6076847.965312579646707, 2096669.310798983089626 ], [ 6076885.979850729927421, 2096925.583998635644093 ], [ 6076948.930504661984742, 2097176.897096464876086 ], [ 6077036.211025164462626, 2097420.829809956718236 ], [ 6077146.980853115208447, 2097655.032933733891696 ], [ 6077280.173214515671134, 2097877.2509636846371 ], [ 6077434.505394116975367, 2098085.343818705063313 ], [ 6077608.491088662296534, 2098277.307450845371932 ], [ 6077800.454720802605152, 2098451.293145390693098 ], [ 6078008.547575823031366, 2098605.625324991997331 ], [ 6078230.76560577377677, 2098738.81768639292568 ], [ 6078464.968729550950229, 2098849.587514342740178 ], [ 6078708.90144304279238, 2098936.868034846149385 ], [ 6078960.214540871791542, 2098999.818688777741045 ], [ 6079216.487740524113178, 2099037.833226927556098 ], [ 6079475.252990994602442, 2099050.545548513066024 ], [ 6079734.018241465091705, 2099037.833226927556098 ], [ 6079990.291441117413342, 2098999.818688777741045 ], [ 6080241.604538946412504, 2098936.868034846149385 ], [ 6080485.537252438254654, 2098849.587514342740178 ], [ 6080719.740376215428114, 2098738.81768639292568 ], [ 6080941.958406166173518, 2098605.625324991997331 ], [ 6081150.051261186599731, 2098451.293145390693098 ], [ 6081342.01489332690835, 2098277.307450845371932 ], [ 6081516.000587872229517, 2098085.343818705063313 ], [ 6081670.33276747353375, 2097877.2509636846371 ], [ 6081803.525128873996437, 2097655.032933733891696 ], [ 6081914.294956824742258, 2097420.829809956718236 ], [ 6082001.575477327220142, 2097176.897096464876086 ], [ 6082064.526131259277463, 2096925.583998635644093 ], [ 6082102.540669409558177, 2096669.310798983089626 ], [ 6082115.252990994602442, 2096410.545548513066024 ], [ 6082102.540669409558177, 2096151.780298043042421 ] ] ] } },
{ "type": "Feature", "properties": { "stop_name_clean": "10th Avenue", "access_id": " ", "station_id": "52538", "acces_poin": "Pedestrian Access Point", "location_t": "2", "stop_lat": 37.79196, "stop_lon": -122.24948, "stop_name": "10th Avenue NB" }, "geometry": { "type": "Polygon", "coordinates": [ [ [ 6058705.566762763075531, 2114469.417174787726253 ], [ 6058642.616108831018209, 2114218.104076958727092 ], [ 6058555.335588328540325, 2113974.171363466884941 ], [ 6058444.565760377794504, 2113739.968239689711481 ], [ 6058311.373398977331817, 2113517.750209738966078 ], [ 6058157.041219376027584, 2113309.657354718539864 ], [ 6057983.055524830706418, 2113117.693722578231245 ], [ 6057791.091892690397799, 2112943.708028032910079 ], [ 6057582.999037669971585, 2112789.375848431605846 ], [ 6057360.781007719226182, 2112656.183487030677497 ], [ 6057126.577883942052722, 2112545.413659080862999 ], [ 6056882.645170450210571, 2112458.133138577453792 ], [ 6056631.33207262121141, 2112395.182484645862132 ], [ 6056375.058872968889773, 2112357.16794649604708 ], [ 6056116.293622498400509, 2112344.455624910537153 ], [ 6055857.528372027911246, 2112357.16794649604708 ], [ 6055601.255172375589609, 2112395.182484645862132 ], [ 6055349.942074546590447, 2112458.133138577453792 ], [ 6055106.009361054748297, 2112545.413659080862999 ], [ 6054871.806237277574837, 2112656.183487030677497 ], [ 6054649.588207326829433, 2112789.375848431605846 ], [ 6054441.49535230640322, 2112943.708028032910079 ], [ 6054249.531720166094601, 2113117.693722578231245 ], [ 6054075.546025620773435, 2113309.657354718539864 ], [ 6054064.892867083661258, 2113324.021476191468537 ], [ 6054035.845361737534404, 2113356.070459560025483 ], [ 6053881.513182136230171, 2113564.163314580451697 ], [ 6053748.320820735767484, 2113786.381344531197101 ], [ 6053637.550992785021663, 2114020.58446830837056 ], [ 6053550.270472282543778, 2114264.517181800212711 ], [ 6053487.319818350486457, 2114515.830279629211873 ], [ 6053449.305280200205743, 2114772.103479281999171 ], [ 6053436.592958615161479, 2115030.868729752022773 ], [ 6053449.305280200205743, 2115289.633980222046375 ], [ 6053487.319818350486457, 2115545.907179874833673 ], [ 6053536.98152669519186, 2115744.167833068873733 ], [ 6053541.053662637248635, 2115827.058064407203346 ], [ 6053579.068200787529349, 2116083.331264059990644 ], [ 6053642.01885471958667, 2116334.644361888989806 ], [ 6053729.299375222064555, 2116578.577075380831957 ], [ 6053840.069203172810376, 2116812.780199158005416 ], [ 6053973.261564573273063, 2117034.99822910875082 ], [ 6054127.593744174577296, 2117243.091084129177034 ], [ 6054301.579438719898462, 2117435.054716269485652 ], [ 6054493.543070860207081, 2117609.040410814806819 ], [ 6054701.635925880633295, 2117763.372590416111052 ], [ 6054923.853955831378698, 2117896.5649518170394 ], [ 6055158.057079608552158, 2118007.334779766853899 ], [ 6055401.989793100394309, 2118094.615300270263106 ], [ 6055653.30289092939347, 2118157.565954201854765 ], [ 6055909.576090581715107, 2118195.580492351669818 ], [ 6056168.34134105220437, 2118208.292813937179744 ], [ 6056427.106591522693634, 2118195.580492351669818 ], [ 6056683.379791175015271, 2118157.565954201854765 ], [ 6056934.692889004014432, 2118094.615300270263106 ], [ 6057178.625602495856583, 2118007.334779766853899 ], [ 6057412.828726273030043, 2117896.5649518170394 ], [ 6057635.046756223775446, 2117763.372590416111052 ], [ 6057843.13961124420166, 2117609.040410814806819 ], [ 6058035.103243384510279, 2117435.054716269485652 ], [ 6058209.088937929831445, 2117243.091084129177034 ], [ 6058223.098370341584086, 2117224.201551205012947 ], [ 6058247.889712768606842, 2117196.848519966937602 ], [ 6058402.221892369911075, 2116988.755664946511388 ], [ 6058535.414253770373762, 2116766.537634995765984 ], [ 6058646.184081721119583, 2116532.334511218592525 ], [ 6058733.464602223597467, 2116288.401797726750374 ], [ 6058796.415256155654788, 2116037.088699897751212 ], [ 6058834.429794305935502, 2115780.815500244963914 ], [ 6058847.142115890979767, 2115522.050249774940312 ], [ 6058834.429794305935502, 2115263.28499930491671 ], [ 6058796.415256155654788, 2115007.011799652129412 ], [ 6058747.883409541100264, 2114813.261807328090072 ], [ 6058743.581300913356245, 2114725.690374440513551 ], [ 6058705.566762763075531, 2114469.417174787726253 ] ] ] } },
{ "type": "Feature", "properties": { "stop_name_clean": "14th Avenue", "access_id": " ", "station_id": "52536", "acces_poin": "Pedestrian Access Point", "location_t": "2", "stop_lat": 37.78931, "stop_lon": -122.24578, "stop_name": "14th Avenue NB" }, "geometry": { "type": "Polygon", "coordinates": [ [ [ 6058689.950423857197165, 2112298.914001951925457 ], [ 6058481.857568836770952, 2112144.581822350621223 ], [ 6058259.639538886025548, 2112011.389460949692875 ], [ 6058025.436415108852088, 2111900.619632999878377 ], [ 6057781.503701617009938, 2111813.33911249646917 ], [ 6057530.190603788010776, 2111750.38845856487751 ], [ 6057273.917404135689139, 2111712.373920415062457 ], [ 6057015.152153665199876, 2111699.661598829552531 ], [ 6056756.386903194710612, 2111712.373920415062457 ], [ 6056500.113703542388976, 2111750.38845856487751 ], [ 6056248.800605713389814, 2111813.33911249646917 ], [ 6056004.867892221547663, 2111900.619632999878377 ], [ 6055770.664768444374204, 2112011.389460949692875 ], [ 6055548.4467384936288, 2112144.581822350621223 ], [ 6055340.353883473202586, 2112298.914001951925457 ], [ 6055148.390251332893968, 2112472.899696497246623 ], [ 6054974.404556787572801, 2112664.863328637555242 ], [ 6054820.072377186268568, 2112872.956183657981455 ], [ 6054686.880015785805881, 2113095.174213608726859 ], [ 6054576.11018783506006, 2113329.377337385900319 ], [ 6054488.829667332582176, 2113573.310050877742469 ], [ 6054425.879013400524855, 2113824.623148706741631 ], [ 6054387.864475250244141, 2114080.896348359528929 ], [ 6054375.152153665199876, 2114339.661598829552531 ], [ 6054387.864475250244141, 2114598.426849299576133 ], [ 6054425.879013400524855, 2114854.700048952363431 ], [ 6054488.829667332582176, 2115106.013146781362593 ], [ 6054576.11018783506006, 2115349.945860273204744 ], [ 6054686.880015785805881, 2115584.148984050378203 ], [ 6054689.493055975995958, 2115588.508578228764236 ], [ 6054712.529886338859797, 2115637.215863710734993 ], [ 6054845.722247739322484, 2115859.433893661480397 ], [ 6055000.054427340626717, 2116067.526748681906611 ], [ 6055174.040121885947883, 2116259.490380822215229 ], [ 6055252.097648330964148, 2116330.237598936539143 ], [ 6055353.918171945028007, 2116442.579234784469008 ], [ 6055545.881804085336626, 2116616.564929329790175 ], [ 6055753.974659105762839, 2116770.897108931094408 ], [ 6055976.192689056508243, 2116904.089470332022756 ], [ 6056210.395812833681703, 2117014.859298281837255 ], [ 6056454.328526325523853, 2117102.139818785246462 ], [ 6056705.641624154523015, 2117165.090472716838121 ], [ 6056961.914823806844652, 2117203.105010866653174 ], [ 6057220.680074277333915, 2117215.8173324521631 ], [ 6057479.445324747823179, 2117203.105010866653174 ], [ 6057735.718524400144815, 2117165.090472716838121 ], [ 6057987.031622229143977, 2117102.139818785246462 ], [ 6058230.964335720986128, 2117014.859298281837255 ], [ 6058465.167459498159587, 2116904.089470332022756 ], [ 6058504.18736238963902, 2116880.701840584166348 ], [ 6058517.397035478614271, 2116874.454130512196571 ], [ 6058739.615065429359674, 2116741.261769111268222 ], [ 6058947.707920449785888, 2116586.929589509963989 ], [ 6059139.671552590094507, 2116412.943894964642823 ], [ 6059313.657247135415673, 2116220.980262824334204 ], [ 6059467.989426736719906, 2116012.88740780390799 ], [ 6059601.181788137182593, 2115790.669377853162587 ], [ 6059711.951616087928414, 2115556.466254075989127 ], [ 6059799.232136590406299, 2115312.533540584146976 ], [ 6059862.18279052246362, 2115061.220442755147815 ], [ 6059900.197328672744334, 2114804.947243102360517 ], [ 6059912.909650257788599, 2114546.181992632336915 ], [ 6059900.197328672744334, 2114287.416742162313312 ], [ 6059862.18279052246362, 2114031.143542509526014 ], [ 6059799.232136590406299, 2113779.830444680526853 ], [ 6059711.951616087928414, 2113535.897731188684702 ], [ 6059601.181788137182593, 2113301.694607411511242 ], [ 6059467.989426736719906, 2113079.476577460765839 ], [ 6059313.657247135415673, 2112871.383722440339625 ], [ 6059139.671552590094507, 2112679.420090300031006 ], [ 6058947.707920449785888, 2112505.43439575470984 ], [ 6058783.178842223249376, 2112383.411315010394901 ], [ 6058689.950423857197165, 2112298.914001951925457 ] ] ] } },
{ "type": "Feature", "properties": { "stop_name_clean": "14th Street", "access_id": " ", "station_id": "52583", "acces_poin": "Pedestrian Access Point", "location_t": "2", "stop_lat": 37.80409, "stop_lon": -122.27149, "stop_name": "14th Street SB" }, "geometry": { "type": "Polygon", "coordinates": [ [ [ 6051750.116695953533053, 2118213.578716310672462 ], [ 6051558.153063813224435, 2118039.593021765351295 ], [ 6051350.060208792798221, 2117885.260842164047062 ], [ 6051127.842178842052817, 2117752.068480763118714 ], [ 6050893.639055064879358, 2117641.298652813304216 ], [ 6050649.706341573037207, 2117554.018132309895009 ], [ 6050398.393243744038045, 2117491.067478378303349 ], [ 6050142.120044091716409, 2117453.052940228488296 ], [ 6049883.354793621227145, 2117440.34061864297837 ], [ 6049624.589543150737882, 2117453.052940228488296 ], [ 6049368.316343498416245, 2117491.067478378303349 ], [ 6049117.003245669417083, 2117554.018132309895009 ], [ 6048873.070532177574933, 2117641.298652813304216 ], [ 6048638.867408400401473, 2117752.068480763118714 ], [ 6048416.649378449656069, 2117885.260842164047062 ], [ 6048208.556523429229856, 2118039.593021765351295 ], [ 6048016.592891288921237, 2118213.578716310672462 ], [ 6047842.60719674360007, 2118405.542348450981081 ], [ 6047688.275017142295837, 2118613.635203471407294 ], [ 6047555.08265574183315, 2118835.853233422152698 ], [ 6047444.312827791087329, 2119070.056357199326158 ], [ 6047357.032307288609445, 2119313.989070691168308 ], [ 6047294.081653356552124, 2119565.30216852016747 ], [ 6047256.06711520627141, 2119821.575368172954768 ], [ 6047243.354793621227145, 2120080.34061864297837 ], [ 6047256.06711520627141, 2120339.105869113001972 ], [ 6047294.081653356552124, 2120595.37906876578927 ], [ 6047357.032307288609445, 2120846.692166594788432 ], [ 6047444.312827791087329, 2121090.624880086630583 ], [ 6047555.08265574183315, 2121324.828003863804042 ], [ 6047575.935295888222754, 2121359.618532117456198 ], [ 6047584.22946135699749, 2121377.155071606393903 ], [ 6047717.421822757460177, 2121599.373101557139307 ], [ 6047871.75400235876441, 2121807.465956577565521 ], [ 6048045.739696904085577, 2121999.42958871787414 ], [ 6048175.201375829987228, 2122116.76681490894407 ], [ 6048203.86275181081146, 2122148.389770174399018 ], [ 6048395.826383951120079, 2122322.375464719720185 ], [ 6048603.919238971546292, 2122476.707644321024418 ], [ 6048826.137268922291696, 2122609.900005721952766 ], [ 6049060.340392699465156, 2122720.669833671767265 ], [ 6049304.273106191307306, 2122807.950354175176471 ], [ 6049555.586204020306468, 2122870.901008106768131 ], [ 6049811.859403672628105, 2122908.915546256583184 ], [ 6050070.624654143117368, 2122921.62786784209311 ], [ 6050329.389904613606632, 2122908.915546256583184 ], [ 6050585.663104265928268, 2122870.901008106768131 ], [ 6050836.97620209492743, 2122807.950354175176471 ], [ 6051080.908915586769581, 2122720.669833671767265 ], [ 6051315.11203936394304, 2122609.900005721952766 ], [ 6051537.330069314688444, 2122476.707644321024418 ], [ 6051745.422924335114658, 2122322.375464719720185 ], [ 6051937.386556475423276, 2122148.389770174399018 ], [ 6052111.372251020744443, 2121956.4261380340904 ], [ 6052265.704430622048676, 2121748.333283013664186 ], [ 6052398.896792022511363, 2121526.115253062918782 ], [ 6052509.666619973257184, 2121291.912129285745323 ], [ 6052596.947140475735068, 2121047.979415793903172 ], [ 6052659.897794407792389, 2120796.66631796490401 ], [ 6052697.912332558073103, 2120540.393118312116712 ], [ 6052710.624654143117368, 2120281.62786784209311 ], [ 6052697.912332558073103, 2120022.862617372069508 ], [ 6052659.897794407792389, 2119766.58941771928221 ], [ 6052596.947140475735068, 2119515.276319890283048 ], [ 6052509.666619973257184, 2119271.343606398440897 ], [ 6052398.896792022511363, 2119037.140482621267438 ], [ 6052391.897424280643463, 2119025.46274304157123 ], [ 6052371.743107807822526, 2118982.850021121557802 ], [ 6052238.550746407359838, 2118760.631991170812398 ], [ 6052084.218566806055605, 2118552.539136150386184 ], [ 6051910.232872260734439, 2118360.575504010077566 ], [ 6051759.64008847810328, 2118224.086160753853619 ], [ 6051750.116695953533053, 2118213.578716310672462 ] ] ] } },
{ "type": "Feature", "properties": { "stop_name_clean": "20th Avenue", "access_id": " ", "station_id": "52531", "acces_poin": "Pedestrian Access Point", "location_t": "2", "stop_lat": 37.78562, "stop_lon": -122.23967, "stop_name": "20th Avenue" }, "geometry": { "type": "Polygon", "coordinates": [ [ [ 6061533.366839868016541, 2112990.583818580955267 ], [ 6061495.352301717735827, 2112734.310618928167969 ], [ 6061432.401647785678506, 2112482.997521099168807 ], [ 6061345.121127283200622, 2112239.064807607326657 ], [ 6061234.351299332454801, 2112004.861683830153197 ], [ 6061101.158937931992114, 2111782.643653879407793 ], [ 6060946.826758330687881, 2111574.55079885898158 ], [ 6060772.841063785366714, 2111382.587166718672961 ], [ 6060580.877431645058095, 2111208.601472173351794 ], [ 6060372.784576624631882, 2111054.269292572047561 ], [ 6060150.566546673886478, 2110921.076931171119213 ], [ 6059916.363422896713018, 2110810.307103221304715 ], [ 6059672.430709404870868, 2110723.026582717895508 ], [ 6059421.117611575871706, 2110660.075928786303848 ], [ 6059164.844411923550069, 2110622.061390636488795 ], [ 6058906.079161453060806, 2110609.349069050978869 ], [ 6058647.313910982571542, 2110622.061390636488795 ], [ 6058391.040711330249906, 2110660.075928786303848 ], [ 6058139.727613501250744, 2110723.026582717895508 ], [ 6057895.794900009408593, 2110810.307103221304715 ], [ 6057661.591776232235134, 2110921.076931171119213 ], [ 6057439.37374628148973, 2111054.269292572047561 ], [ 6057231.280891261063516, 2111208.601472173351794 ], [ 6057039.317259120754898, 2111382.587166718672961 ], [ 6056865.331564575433731, 2111574.55079885898158 ], [ 6056710.999384974129498, 2111782.643653879407793 ], [ 6056577.807023573666811, 2112004.861683830153197 ], [ 6056467.03719562292099, 2112239.064807607326657 ], [ 6056379.756675120443106, 2112482.997521099168807 ], [ 6056316.806021188385785, 2112734.310618928167969 ], [ 6056278.791483038105071, 2112990.583818580955267 ], [ 6056266.079161453060806, 2113249.349069050978869 ], [ 6056278.791483038105071, 2113508.114319521002471 ], [ 6056316.806021188385785, 2113764.387519173789769 ], [ 6056379.756675120443106, 2114015.700617002788931 ], [ 6056467.03719562292099, 2114259.633330494631082 ], [ 6056577.807023573666811, 2114493.836454271804541 ], [ 6056710.999384974129498, 2114716.054484222549945 ], [ 6056865.331564575433731, 2114924.147339242976159 ], [ 6057039.317259120754898, 2115116.110971383284777 ], [ 6057231.280891261063516, 2115290.096665928605944 ], [ 6057439.37374628148973, 2115444.428845529910177 ], [ 6057661.591776232235134, 2115577.621206930838525 ], [ 6057895.794900009408593, 2115688.391034880653024 ], [ 6058139.727613501250744, 2115775.671555384062231 ], [ 6058391.040711330249906, 2115838.62220931565389 ], [ 6058647.313910982571542, 2115876.636747465468943 ], [ 6058906.079161453060806, 2115889.349069050978869 ], [ 6059164.844411923550069, 2115876.636747465468943 ], [ 6059421.117611575871706, 2115838.62220931565389 ], [ 6059672.430709404870868, 2115775.671555384062231 ], [ 6059916.363422896713018, 2115688.391034880653024 ], [ 6060150.566546673886478, 2115577.621206930838525 ], [ 6060372.784576624631882, 2115444.428845529910177 ], [ 6060580.877431645058095, 2115290.096665928605944 ], [ 6060772.841063785366714, 2115116.110971383284777 ], [ 6060946.826758330687881, 2114924.147339242976159 ], [ 6061101.158937931992114, 2114716.054484222549945 ], [ 6061234.351299332454801, 2114493.836454271804541 ], [ 6061345.121127283200622, 2114259.633330494631082 ], [ 6061432.401647785678506, 2114015.700617002788931 ], [ 6061495.352301717735827, 2113764.387519173789769 ], [ 6061533.366839868016541, 2113508.114319521002471 ], [ 6061546.079161453060806, 2113249.349069050978869 ], [ 6061533.366839868016541, 2112990.583818580955267 ] ] ] } },
{ "type": "Feature", "properties": { "stop_name_clean": "24th Avenue", "access_id": " ", "station_id": "52517", "acces_poin": "Pedestrian Access Point", "location_t": "2", "stop_lat": 37.78262, "stop_lon": -122.2346, "stop_name": "24th Avenue" }, "geometry": { "type": "Polygon", "coordinates": [ [ [ 6062987.741676570847631, 2111849.97748652100563 ], [ 6062949.727138420566916, 2111593.704286868218333 ], [ 6062886.776484488509595, 2111342.391189039219171 ], [ 6062799.495963986031711, 2111098.45847554737702 ], [ 6062688.72613603528589, 2110864.255351770203561 ], [ 6062555.533774634823203, 2110642.037321819458157 ], [ 6062401.20159503351897, 2110433.944466799031943 ], [ 6062227.215900488197803, 2110241.980834658723325 ], [ 6062035.252268347889185, 2110067.995140113402158 ], [ 6061827.159413327462971, 2109913.662960512097925 ], [ 6061604.941383376717567, 2109780.470599111169577 ], [ 6061370.738259599544108, 2109669.700771161355078 ], [ 6061126.805546107701957, 2109582.420250657945871 ], [ 6060875.492448278702796, 2109519.469596726354212 ], [ 6060619.219248626381159, 2109481.455058576539159 ], [ 6060360.453998155891895, 2109468.742736991029233 ], [ 6060101.688747685402632, 2109481.455058576539159 ], [ 6059845.415548033080995, 2109519.469596726354212 ], [ 6059594.102450204081833, 2109582.420250657945871 ], [ 6059350.169736712239683, 2109669.700771161355078 ], [ 6059115.966612935066223, 2109780.470599111169577 ], [ 6058893.748582984320819, 2109913.662960512097925 ], [ 6058685.655727963894606, 2110067.995140113402158 ], [ 6058493.692095823585987, 2110241.980834658723325 ], [ 6058319.706401278264821, 2110433.944466799031943 ], [ 6058165.374221676960588, 2110642.037321819458157 ], [ 6058032.1818602764979, 2110864.255351770203561 ], [ 6057921.412032325752079, 2111098.45847554737702 ], [ 6057834.131511823274195, 2111342.391189039219171 ], [ 6057771.180857891216874, 2111593.704286868218333 ], [ 6057733.16631974093616, 2111849.97748652100563 ], [ 6057720.453998155891895, 2112108.742736991029233 ], [ 6057733.16631974093616, 2112367.507987461052835 ], [ 6057771.180857891216874, 2112623.781187113840133 ], [ 6057834.131511823274195, 2112875.094284942839295 ], [ 6057921.412032325752079, 2113119.026998434681445 ], [ 6058032.1818602764979, 2113353.230122211854905 ], [ 6058165.374221676960588, 2113575.448152162600309 ], [ 6058319.706401278264821, 2113783.541007183026522 ], [ 6058493.692095823585987, 2113975.504639323335141 ], [ 6058685.655727963894606, 2114149.490333868656307 ], [ 6058893.748582984320819, 2114303.822513469960541 ], [ 6059115.966612935066223, 2114437.014874870888889 ], [ 6059350.169736712239683, 2114547.784702820703387 ], [ 6059594.102450204081833, 2114635.065223324112594 ], [ 6059845.415548033080995, 2114698.015877255704254 ], [ 6060101.688747685402632, 2114736.030415405519307 ], [ 6060360.453998155891895, 2114748.742736991029233 ], [ 6060619.219248626381159, 2114736.030415405519307 ], [ 6060875.492448278702796, 2114698.015877255704254 ], [ 6061126.805546107701957, 2114635.065223324112594 ], [ 6061370.738259599544108, 2114547.784702820703387 ], [ 6061604.941383376717567, 2114437.014874870888889 ], [ 6061827.159413327462971, 2114303.822513469960541 ], [ 6062035.252268347889185, 2114149.490333868656307 ], [ 6062227.215900488197803, 2113975.504639323335141 ], [ 6062401.20159503351897, 2113783.541007183026522 ], [ 6062555.533774634823203, 2113575.448152162600309 ], [ 6062688.72613603528589, 2113353.230122211854905 ], [ 6062799.495963986031711, 2113119.026998434681445 ], [ 6062886.776484488509595, 2112875.094284942839295 ], [ 6062949.727138420566916, 2112623.781187113840133 ], [ 6062987.741676570847631, 2112367.507987461052835 ], [ 6063000.453998155891895, 2112108.742736991029233 ], [ 6062987.741676570847631, 2111849.97748652100563 ] ] ] } },
{ "type": "Feature", "properties": { "stop_name_clean": "28th Avenue", "access_id": " ", "station_id": "52516", "acces_poin": "Pedestrian Access Point", "location_t": "2", "stop_lat": 37.77996, "stop_lon": -122.2302, "stop_name": "28th Avenue" }, "geometry": { "type": "Polygon", "coordinates": [ [ [ 6064314.74434088729322, 2110809.95704219257459 ], [ 6064276.729802737012506, 2110553.683842539787292 ], [ 6064213.779148804955184, 2110302.370744710788131 ], [ 6064126.4986283024773, 2110058.43803121894598 ], [ 6064015.728800351731479, 2109824.234907441772521 ], [ 6063882.536438951268792, 2109602.016877491027117 ], [ 6063728.204259349964559, 2109393.924022470600903 ], [ 6063554.218564804643393, 2109201.960390330292284 ], [ 6063362.254932664334774, 2109027.974695784971118 ], [ 6063154.16207764390856, 2108873.642516183666885 ], [ 6062931.944047693163157, 2108740.450154782738537 ], [ 6062697.740923915989697, 2108629.680326832924038 ], [ 6062453.808210424147546, 2108542.399806329514831 ], [ 6062202.495112595148385, 2108479.449152397923172 ], [ 6061946.221912942826748, 2108441.434614248108119 ], [ 6061687.456662472337484, 2108428.722292662598193 ], [ 6061428.691412001848221, 2108441.434614248108119 ], [ 6061172.418212349526584, 2108479.449152397923172 ], [ 6060921.105114520527422, 2108542.399806329514831 ], [ 6060677.172401028685272, 2108629.680326832924038 ], [ 6060442.969277251511812, 2108740.450154782738537 ], [ 6060220.751247300766408, 2108873.642516183666885 ], [ 6060012.658392280340195, 2109027.974695784971118 ], [ 6059820.694760140031576, 2109201.960390330292284 ], [ 6059646.70906559471041, 2109393.924022470600903 ], [ 6059492.376885993406177, 2109602.016877491027117 ], [ 6059359.18452459294349, 2109824.234907441772521 ], [ 6059248.414696642197669, 2110058.43803121894598 ], [ 6059161.134176139719784, 2110302.370744710788131 ], [ 6059098.183522207662463, 2110553.683842539787292 ], [ 6059060.168984057381749, 2110809.95704219257459 ], [ 6059047.456662472337484, 2111068.722292662598193 ], [ 6059060.168984057381749, 2111327.487543132621795 ], [ 6059098.183522207662463, 2111583.760742785409093 ], [ 6059161.134176139719784, 2111835.073840614408255 ], [ 6059248.414696642197669, 2112079.006554106250405 ], [ 6059359.18452459294349, 2112313.209677883423865 ], [ 6059492.376885993406177, 2112535.427707834169269 ], [ 6059646.70906559471041, 2112743.520562854595482 ], [ 6059820.694760140031576, 2112935.484194994904101 ], [ 6060012.658392280340195, 2113109.469889540225267 ], [ 6060220.751247300766408, 2113263.8020691415295 ], [ 6060442.969277251511812, 2113396.994430542457849 ], [ 6060677.172401028685272, 2113507.764258492272347 ], [ 6060921.105114520527422, 2113595.044778995681554 ], [ 6061172.418212349526584, 2113657.995432927273214 ], [ 6061428.691412001848221, 2113696.009971077088267 ], [ 6061687.456662472337484, 2113708.722292662598193 ], [ 6061946.221912942826748, 2113696.009971077088267 ], [ 6062202.495112595148385, 2113657.995432927273214 ], [ 6062453.808210424147546, 2113595.044778995681554 ], [ 6062697.740923915989697, 2113507.764258492272347 ], [ 6062931.944047693163157, 2113396.994430542457849 ], [ 6063154.16207764390856, 2113263.8020691415295 ], [ 6063362.254932664334774, 2113109.469889540225267 ], [ 6063554.218564804643393, 2112935.484194994904101 ], [ 6063728.204259349964559, 2112743.520562854595482 ], [ 6063882.536438951268792, 2112535.427707834169269 ], [ 6064015.728800351731479, 2112313.209677883423865 ], [ 6064126.4986283024773, 2112079.006554106250405 ], [ 6064213.779148804955184, 2111835.073840614408255 ], [ 6064276.729802737012506, 2111583.760742785409093 ], [ 6064314.74434088729322, 2111327.487543132621795 ], [ 6064327.456662472337484, 2111068.722292662598193 ], [ 6064314.74434088729322, 2110809.95704219257459 ] ] ] } },
{ "type": "Feature", "properties": { "stop_name_clean": "2nd Avenue", "access_id": " ", "station_id": "52549", "acces_poin": "Pedestrian Access Point", "location_t": "2", "stop_lat": 37.79783, "stop_lon": -122.25611, "stop_name": "2nd Avenue NB" }, "geometry": { "type": "Polygon", "coordinates": [ [ [ 6055875.490904912352562, 2115548.827345775905997 ], [ 6055683.527272772043943, 2115374.84165123058483 ], [ 6055475.43441775161773, 2115220.509471629280597 ], [ 6055253.216387800872326, 2115087.317110228352249 ], [ 6055019.013264023698866, 2114976.54728227853775 ], [ 6054775.080550531856716, 2114889.266761775128543 ], [ 6054523.767452702857554, 2114826.316107843536884 ], [ 6054267.494253050535917, 2114788.301569693721831 ], [ 6054008.729002580046654, 2114775.589248108211905 ], [ 6053749.96375210955739, 2114788.301569693721831 ], [ 6053493.690552457235754, 2114826.316107843536884 ], [ 6053242.377454628236592, 2114889.266761775128543 ], [ 6052998.444741136394441, 2114976.54728227853775 ], [ 6052764.241617359220982, 2115087.317110228352249 ], [ 6052542.023587408475578, 2115220.509471629280597 ], [ 6052333.930732388049364, 2115374.84165123058483 ], [ 6052141.967100247740746, 2115548.827345775905997 ], [ 6051967.981405702419579, 2115740.790977916214615 ], [ 6051964.880612927488983, 2115744.971912981476635 ], [ 6051927.806667701341212, 2115785.876708067953587 ], [ 6051773.474488100036979, 2115993.9695630883798 ], [ 6051640.282126699574292, 2116216.187593039125204 ], [ 6051529.512298748828471, 2116450.390716816298664 ], [ 6051442.231778246350586, 2116694.323430308140814 ], [ 6051379.281124314293265, 2116945.636528137139976 ], [ 6051341.266586164012551, 2117201.909727789927274 ], [ 6051328.554264578968287, 2117460.674978259950876 ], [ 6051341.266586164012551, 2117719.440228729974478 ], [ 6051379.281124314293265, 2117975.713428382761776 ], [ 6051442.231778246350586, 2118227.026526211760938 ], [ 6051529.512298748828471, 2118470.959239703603089 ], [ 6051640.282126699574292, 2118705.162363480776548 ], [ 6051773.474488100036979, 2118927.380393431521952 ], [ 6051927.806667701341212, 2119135.473248451948166 ], [ 6052101.792362246662378, 2119327.436880592256784 ], [ 6052293.755994386970997, 2119501.422575137577951 ], [ 6052408.32742247544229, 2119586.394537366461009 ], [ 6052426.037830582819879, 2119605.934961514081806 ], [ 6052618.001462723128498, 2119779.920656059402972 ], [ 6052826.094317743554711, 2119934.252835660707206 ], [ 6053048.312347694300115, 2120067.445197061635554 ], [ 6053282.515471471473575, 2120178.215025011450052 ], [ 6053526.448184963315725, 2120265.495545514859259 ], [ 6053777.761282792314887, 2120328.446199446450919 ], [ 6054034.034482444636524, 2120366.460737596265972 ], [ 6054292.799732915125787, 2120379.173059181775898 ], [ 6054551.564983385615051, 2120366.460737596265972 ], [ 6054807.838183037936687, 2120328.446199446450919 ], [ 6055059.151280866935849, 2120265.495545514859259 ], [ 6055303.083994358778, 2120178.215025011450052 ], [ 6055537.287118135951459, 2120067.445197061635554 ], [ 6055759.505148086696863, 2119934.252835660707206 ], [ 6055967.598003107123077, 2119779.920656059402972 ], [ 6056159.561635247431695, 2119605.934961514081806 ], [ 6056333.547329792752862, 2119413.971329373773187 ], [ 6056344.74989749211818, 2119398.866415400523692 ], [ 6056372.469352999702096, 2119368.282709228340536 ], [ 6056526.801532601006329, 2119160.189854207914323 ], [ 6056659.993894001469016, 2118937.971824257168919 ], [ 6056770.763721952214837, 2118703.768700479995459 ], [ 6056858.044242454692721, 2118459.835986988153309 ], [ 6056920.994896386750042, 2118208.522889159154147 ], [ 6056959.009434537030756, 2117952.249689506366849 ], [ 6056971.721756122075021, 2117693.484439036343247 ], [ 6056959.009434537030756, 2117434.719188566319644 ], [ 6056920.994896386750042, 2117178.445988913532346 ], [ 6056858.044242454692721, 2116927.132891084533185 ], [ 6056770.763721952214837, 2116683.200177592691034 ], [ 6056659.993894001469016, 2116448.997053815517575 ], [ 6056526.801532601006329, 2116226.779023864772171 ], [ 6056372.469352999702096, 2116018.686168844345957 ], [ 6056198.483658454380929, 2115826.722536704037338 ], [ 6056006.520026314072311, 2115652.736842158716172 ], [ 6055894.10317967645824, 2115569.362826439552009 ], [ 6055875.490904912352562, 2115548.827345775905997 ] ] ] } },
{ "type": "Feature", "properties": { "stop_name_clean": "31st  Avenue", "access_id": " ", "station_id": "52594", "acces_poin": "Pedestrian Access Point", "location_t": "2", "stop_lat": 37.77813, "stop_lon": -122.22693, "stop_name": "31st  Avenue" }, "geometry": { "type": "Polygon", "coordinates": [ [ [ 6065168.070526637136936, 2110176.236318418756127 ], [ 6065130.055988486856222, 2109919.963118765968829 ], [ 6065067.105334554798901, 2109668.650020936969668 ], [ 6064979.824814052321017, 2109424.717307445127517 ], [ 6064869.054986101575196, 2109190.514183667954057 ], [ 6064735.862624701112509, 2108968.296153717208654 ], [ 6064581.530445099808276, 2108760.20329869678244 ], [ 6064407.544750554487109, 2108568.239666556473821 ], [ 6064215.581118414178491, 2108394.253972011152655 ], [ 6064007.488263393752277, 2108239.921792409848422 ], [ 6063785.270233443006873, 2108106.729431008920074 ], [ 6063551.067109665833414, 2107995.959603059105575 ], [ 6063307.134396173991263, 2107908.679082555696368 ], [ 6063055.821298344992101, 2107845.728428624104708 ], [ 6062799.548098692670465, 2107807.713890474289656 ], [ 6062540.782848222181201, 2107795.00156888877973 ], [ 6062282.017597751691937, 2107807.713890474289656 ], [ 6062025.744398099370301, 2107845.728428624104708 ], [ 6061774.431300270371139, 2107908.679082555696368 ], [ 6061530.498586778528988, 2107995.959603059105575 ], [ 6061296.295463001355529, 2108106.729431008920074 ], [ 6061074.077433050610125, 2108239.921792409848422 ], [ 6060865.984578030183911, 2108394.253972011152655 ], [ 6060674.020945889875293, 2108568.239666556473821 ], [ 6060500.035251344554126, 2108760.20329869678244 ], [ 6060345.703071743249893, 2108968.296153717208654 ], [ 6060212.510710342787206, 2109190.514183667954057 ], [ 6060101.740882392041385, 2109424.717307445127517 ], [ 6060014.460361889563501, 2109668.650020936969668 ], [ 6059951.50970795750618, 2109919.963118765968829 ], [ 6059913.495169807225466, 2110176.236318418756127 ], [ 6059900.782848222181201, 2110435.00156888877973 ], [ 6059913.495169807225466, 2110693.766819358803332 ], [ 6059951.50970795750618, 2110950.04001901159063 ], [ 6060014.460361889563501, 2111201.353116840589792 ], [ 6060101.740882392041385, 2111445.285830332431942 ], [ 6060212.510710342787206, 2111679.488954109605402 ], [ 6060345.703071743249893, 2111901.706984060350806 ], [ 6060500.035251344554126, 2112109.799839080777019 ], [ 6060674.020945889875293, 2112301.763471221085638 ], [ 6060865.984578030183911, 2112475.749165766406804 ], [ 6061074.077433050610125, 2112630.081345367711037 ], [ 6061296.295463001355529, 2112763.273706768639386 ], [ 6061530.498586778528988, 2112874.043534718453884 ], [ 6061774.431300270371139, 2112961.324055221863091 ], [ 6062025.744398099370301, 2113024.274709153454751 ], [ 6062282.017597751691937, 2113062.289247303269804 ], [ 6062540.782848222181201, 2113075.00156888877973 ], [ 6062799.548098692670465, 2113062.289247303269804 ], [ 6063055.821298344992101, 2113024.274709153454751 ], [ 6063307.134396173991263, 2112961.324055221863091 ], [ 6063551.067109665833414, 2112874.043534718453884 ], [ 6063785.270233443006873, 2112763.273706768639386 ], [ 6064007.488263393752277, 2112630.081345367711037 ], [ 6064215.581118414178491, 2112475.749165766406804 ], [ 6064407.544750554487109, 2112301.763471221085638 ], [ 6064581.530445099808276, 2112109.799839080777019 ], [ 6064735.862624701112509, 2111901.706984060350806 ], [ 6064869.054986101575196, 2111679.488954109605402 ], [ 6064979.824814052321017, 2111445.285830332431942 ], [ 6065067.105334554798901, 2111201.353116840589792 ], [ 6065130.055988486856222, 2110950.04001901159063 ], [ 6065168.070526637136936, 2110693.766819358803332 ], [ 6065180.782848222181201, 2110435.00156888877973 ], [ 6065168.070526637136936, 2110176.236318418756127 ] ] ] } },
{ "type": "Feature", "properties": { "stop_name_clean": "39th Avenue", "access_id": " ", "station_id": "52605", "acces_poin": "Pedestrian Access Point", "location_t": "2", "stop_lat": 37.77445, "stop_lon": -122.21928, "stop_name": "39th Avenue" }, "geometry": { "type": "Polygon", "coordinates": [ [ [ 6067448.226109704002738, 2108741.349572891369462 ], [ 6067410.211571553722024, 2108485.076373238582164 ], [ 6067347.260917621664703, 2108233.763275409583002 ], [ 6067259.980397119186819, 2107989.830561917740852 ], [ 6067149.210569168440998, 2107755.627438140567392 ], [ 6067016.018207767978311, 2107533.409408189821988 ], [ 6066861.686028166674078, 2107325.316553169395775 ], [ 6066687.700333621352911, 2107133.352921029087156 ], [ 6066495.736701481044292, 2106959.36722648376599 ], [ 6066287.643846460618079, 2106805.035046882461756 ], [ 6066065.425816509872675, 2106671.842685481533408 ], [ 6065831.222692732699215, 2106561.07285753171891 ], [ 6065587.289979240857065, 2106473.792337028309703 ], [ 6065335.976881411857903, 2106410.841683096718043 ], [ 6065079.703681759536266, 2106372.82714494690299 ], [ 6064820.938431289047003, 2106360.114823361393064 ], [ 6064562.173180818557739, 2106372.82714494690299 ], [ 6064305.899981166236103, 2106410.841683096718043 ], [ 6064054.586883337236941, 2106473.792337028309703 ], [ 6063810.65416984539479, 2106561.07285753171891 ], [ 6063576.451046068221331, 2106671.842685481533408 ], [ 6063354.233016117475927, 2106805.035046882461756 ], [ 6063146.140161097049713, 2106959.36722648376599 ], [ 6062954.176528956741095, 2107133.352921029087156 ], [ 6062780.190834411419928, 2107325.316553169395775 ], [ 6062625.858654810115695, 2107533.409408189821988 ], [ 6062492.666293409653008, 2107755.627438140567392 ], [ 6062381.896465458907187, 2107989.830561917740852 ], [ 6062294.615944956429303, 2108233.763275409583002 ], [ 6062231.665291024371982, 2108485.076373238582164 ], [ 6062193.650752874091268, 2108741.349572891369462 ], [ 6062180.938431289047003, 2109000.114823361393064 ], [ 6062193.650752874091268, 2109258.880073831416667 ], [ 6062231.665291024371982, 2109515.153273484203964 ], [ 6062294.615944956429303, 2109766.466371313203126 ], [ 6062381.896465458907187, 2110010.399084805045277 ], [ 6062492.666293409653008, 2110244.602208582218736 ], [ 6062625.858654810115695, 2110466.82023853296414 ], [ 6062780.190834411419928, 2110674.913093553390354 ], [ 6062954.176528956741095, 2110866.876725693698972 ], [ 6063146.140161097049713, 2111040.862420239020139 ], [ 6063354.233016117475927, 2111195.194599840324372 ], [ 6063576.451046068221331, 2111328.38696124125272 ], [ 6063810.65416984539479, 2111439.156789191067219 ], [ 6064054.586883337236941, 2111526.437309694476426 ], [ 6064305.899981166236103, 2111589.387963626068085 ], [ 6064562.173180818557739, 2111627.402501775883138 ], [ 6064820.938431289047003, 2111640.114823361393064 ], [ 6065079.703681759536266, 2111627.402501775883138 ], [ 6065335.976881411857903, 2111589.387963626068085 ], [ 6065587.289979240857065, 2111526.437309694476426 ], [ 6065831.222692732699215, 2111439.156789191067219 ], [ 6066065.425816509872675, 2111328.38696124125272 ], [ 6066287.643846460618079, 2111195.194599840324372 ], [ 6066495.736701481044292, 2111040.862420239020139 ], [ 6066687.700333621352911, 2110866.876725693698972 ], [ 6066861.686028166674078, 2110674.913093553390354 ], [ 6067016.018207767978311, 2110466.82023853296414 ], [ 6067149.210569168440998, 2110244.602208582218736 ], [ 6067259.980397119186819, 2110010.399084805045277 ], [ 6067347.260917621664703, 2109766.466371313203126 ], [ 6067410.211571553722024, 2109515.153273484203964 ], [ 6067448.226109704002738, 2109258.880073831416667 ], [ 6067460.938431289047003, 2109000.114823361393064 ], [ 6067448.226109704002738, 2108741.349572891369462 ] ] ] } },
{ "type": "Feature", "properties": { "stop_name_clean": "48th Avenue", "access_id": " ", "station_id": "52508", "acces_poin": "Pedestrian Access Point", "location_t": "2", "stop_lat": 37.76957, "stop_lon": -122.20905, "stop_name": "48th Avenue" }, "geometry": { "type": "Polygon", "coordinates": [ [ [ 6070375.947475642897189, 2106910.300967634189874 ], [ 6070337.932937492616475, 2106654.027767981402576 ], [ 6070274.982283560559154, 2106402.714670152403414 ], [ 6070187.701763058081269, 2106158.781956660561264 ], [ 6070076.931935107335448, 2105924.578832883387804 ], [ 6069943.739573706872761, 2105702.3608029326424 ], [ 6069789.407394105568528, 2105494.267947912216187 ], [ 6069615.421699560247362, 2105302.304315771907568 ], [ 6069423.458067419938743, 2105128.318621226586401 ], [ 6069215.365212399512529, 2104973.986441625282168 ], [ 6068993.147182448767126, 2104840.79408022435382 ], [ 6068758.944058671593666, 2104730.024252274539322 ], [ 6068515.011345179751515, 2104642.743731771130115 ], [ 6068263.698247350752354, 2104579.793077839538455 ], [ 6068007.425047698430717, 2104541.778539689723402 ], [ 6067748.659797227941453, 2104529.066218104213476 ], [ 6067489.89454675745219, 2104541.778539689723402 ], [ 6067233.621347105130553, 2104579.793077839538455 ], [ 6066982.308249276131392, 2104642.743731771130115 ], [ 6066738.375535784289241, 2104730.024252274539322 ], [ 6066504.172412007115781, 2104840.79408022435382 ], [ 6066281.954382056370378, 2104973.986441625282168 ], [ 6066073.861527035944164, 2105128.318621226586401 ], [ 6065881.897894895635545, 2105302.304315771907568 ], [ 6065707.912200350314379, 2105494.267947912216187 ], [ 6065553.580020749010146, 2105702.3608029326424 ], [ 6065420.387659348547459, 2105924.578832883387804 ], [ 6065309.617831397801638, 2106158.781956660561264 ], [ 6065222.337310895323753, 2106402.714670152403414 ], [ 6065159.386656963266432, 2106654.027767981402576 ], [ 6065121.372118812985718, 2106910.300967634189874 ], [ 6065108.659797227941453, 2107169.066218104213476 ], [ 6065121.372118812985718, 2107427.831468574237078 ], [ 6065159.386656963266432, 2107684.104668227024376 ], [ 6065222.337310895323753, 2107935.417766056023538 ], [ 6065309.617831397801638, 2108179.350479547865689 ], [ 6065420.387659348547459, 2108413.553603325039148 ], [ 6065553.580020749010146, 2108635.771633275784552 ], [ 6065707.912200350314379, 2108843.864488296210766 ], [ 6065881.897894895635545, 2109035.828120436519384 ], [ 6066073.861527035944164, 2109209.813814981840551 ], [ 6066281.954382056370378, 2109364.145994583144784 ], [ 6066504.172412007115781, 2109497.338355984073132 ], [ 6066738.375535784289241, 2109608.108183933887631 ], [ 6066982.308249276131392, 2109695.388704437296838 ], [ 6067233.621347105130553, 2109758.339358368888497 ], [ 6067489.89454675745219, 2109796.35389651870355 ], [ 6067748.659797227941453, 2109809.066218104213476 ], [ 6068007.425047698430717, 2109796.35389651870355 ], [ 6068263.698247350752354, 2109758.339358368888497 ], [ 6068515.011345179751515, 2109695.388704437296838 ], [ 6068758.944058671593666, 2109608.108183933887631 ], [ 6068993.147182448767126, 2109497.338355984073132 ], [ 6069215.365212399512529, 2109364.145994583144784 ], [ 6069423.458067419938743, 2109209.813814981840551 ], [ 6069615.421699560247362, 2109035.828120436519384 ], [ 6069789.407394105568528, 2108843.864488296210766 ], [ 6069943.739573706872761, 2108635.771633275784552 ], [ 6070076.931935107335448, 2108413.553603325039148 ], [ 6070187.701763058081269, 2108179.350479547865689 ], [ 6070274.982283560559154, 2107935.417766056023538 ], [ 6070337.932937492616475, 2107684.104668227024376 ], [ 6070375.947475642897189, 2107427.831468574237078 ], [ 6070388.659797227941453, 2107169.066218104213476 ], [ 6070375.947475642897189, 2106910.300967634189874 ] ] ] } },
{ "type": "Feature", "properties": { "stop_name_clean": "54th Avenue", "access_id": " ", "station_id": "52615", "acces_poin": "Pedestrian Access Point", "location_t": "2", "stop_lat": 37.76801, "stop_lon": -122.20574, "stop_name": "54th Avenue" }, "geometry": { "type": "Polygon", "coordinates": [ [ [ 6071324.572936707176268, 2106327.568645806051791 ], [ 6071286.558398556895554, 2106071.295446153264493 ], [ 6071223.607744624838233, 2105819.982348324265331 ], [ 6071136.327224122360349, 2105576.04963483242318 ], [ 6071025.557396171614528, 2105341.846511055249721 ], [ 6070892.365034771151841, 2105119.628481104504317 ], [ 6070738.032855169847608, 2104911.535626084078103 ], [ 6070564.047160624526441, 2104719.571993943769485 ], [ 6070372.083528484217823, 2104545.586299398448318 ], [ 6070163.990673463791609, 2104391.254119797144085 ], [ 6069941.772643513046205, 2104258.061758396215737 ], [ 6069707.569519735872746, 2104147.291930446401238 ], [ 6069463.636806244030595, 2104060.011409942992032 ], [ 6069212.323708415031433, 2103997.060756011400372 ], [ 6068956.050508762709796, 2103959.046217861585319 ], [ 6068697.285258292220533, 2103946.333896276075393 ], [ 6068438.520007821731269, 2103959.046217861585319 ], [ 6068182.246808169409633, 2103997.060756011400372 ], [ 6067930.933710340410471, 2104060.011409942992032 ], [ 6067687.00099684856832, 2104147.291930446401238 ], [ 6067452.797873071394861, 2104258.061758396215737 ], [ 6067230.579843120649457, 2104391.254119797144085 ], [ 6067022.486988100223243, 2104545.586299398448318 ], [ 6066830.523355959914625, 2104719.571993943769485 ], [ 6066656.537661414593458, 2104911.535626084078103 ], [ 6066502.205481813289225, 2105119.628481104504317 ], [ 6066369.013120412826538, 2105341.846511055249721 ], [ 6066258.243292462080717, 2105576.04963483242318 ], [ 6066170.962771959602833, 2105819.982348324265331 ], [ 6066108.012118027545512, 2106071.295446153264493 ], [ 6066069.997579877264798, 2106327.568645806051791 ], [ 6066057.285258292220533, 2106586.333896276075393 ], [ 6066069.997579877264798, 2106845.099146746098995 ], [ 6066108.012118027545512, 2107101.372346398886293 ], [ 6066170.962771959602833, 2107352.685444227885455 ], [ 6066258.243292462080717, 2107596.618157719727606 ], [ 6066369.013120412826538, 2107830.821281496901065 ], [ 6066502.205481813289225, 2108053.039311447646469 ], [ 6066656.537661414593458, 2108261.132166468072683 ], [ 6066830.523355959914625, 2108453.095798608381301 ], [ 6067022.486988100223243, 2108627.081493153702468 ], [ 6067230.579843120649457, 2108781.413672755006701 ], [ 6067452.797873071394861, 2108914.606034155935049 ], [ 6067687.00099684856832, 2109025.375862105749547 ], [ 6067930.933710340410471, 2109112.656382609158754 ], [ 6068182.246808169409633, 2109175.607036540750414 ], [ 6068438.520007821731269, 2109213.621574690565467 ], [ 6068697.285258292220533, 2109226.333896276075393 ], [ 6068956.050508762709796, 2109213.621574690565467 ], [ 6069212.323708415031433, 2109175.607036540750414 ], [ 6069463.636806244030595, 2109112.656382609158754 ], [ 6069707.569519735872746, 2109025.375862105749547 ], [ 6069941.772643513046205, 2108914.606034155935049 ], [ 6070163.990673463791609, 2108781.413672755006701 ], [ 6070372.083528484217823, 2108627.081493153702468 ], [ 6070564.047160624526441, 2108453.095798608381301 ], [ 6070738.032855169847608, 2108261.132166468072683 ], [ 6070892.365034771151841, 2108053.039311447646469 ], [ 6071025.557396171614528, 2107830.821281496901065 ], [ 6071136.327224122360349, 2107596.618157719727606 ], [ 6071223.607744624838233, 2107352.685444227885455 ], [ 6071286.558398556895554, 2107101.372346398886293 ], [ 6071324.572936707176268, 2106845.099146746098995 ], [ 6071337.285258292220533, 2106586.333896276075393 ], [ 6071324.572936707176268, 2106327.568645806051791 ] ] ] } },
{ "type": "Feature", "properties": { "stop_name_clean": "5th Avenue", "access_id": " ", "station_id": "52547", "acces_poin": "Pedestrian Access Point", "location_t": "2", "stop_lat": 37.796, "stop_lon": -122.25403, "stop_name": "5th Avenue NB" }, "geometry": { "type": "Polygon", "coordinates": [ [ [ 6057659.851117374375463, 2115689.717804206069559 ], [ 6057596.900463442318141, 2115438.404706377070397 ], [ 6057509.619942939840257, 2115194.471992885228246 ], [ 6057398.850114989094436, 2114960.268869108054787 ], [ 6057265.657753588631749, 2114738.050839157309383 ], [ 6057111.325573987327516, 2114529.957984136883169 ], [ 6056937.33987944200635, 2114337.994351996574551 ], [ 6056745.376247301697731, 2114164.008657451253384 ], [ 6056537.283392281271517, 2114009.676477849949151 ], [ 6056315.065362330526114, 2113876.484116449020803 ], [ 6056080.862238553352654, 2113765.714288499206305 ], [ 6055836.929525061510503, 2113678.433767995797098 ], [ 6055585.616427232511342, 2113615.483114064205438 ], [ 6055329.343227580189705, 2113577.468575914390385 ], [ 6055070.577977109700441, 2113564.756254328880459 ], [ 6054811.812726639211178, 2113577.468575914390385 ], [ 6054555.539526986889541, 2113615.483114064205438 ], [ 6054304.226429157890379, 2113678.433767995797098 ], [ 6054060.293715666048229, 2113765.714288499206305 ], [ 6053826.090591888874769, 2113876.484116449020803 ], [ 6053603.872561938129365, 2114009.676477849949151 ], [ 6053395.779706917703152, 2114164.008657451253384 ], [ 6053203.816074777394533, 2114337.994351996574551 ], [ 6053172.599313605576754, 2114372.436740342993289 ], [ 6053163.739781511947513, 2114380.466552174650133 ], [ 6052989.754086966626346, 2114572.430184314958751 ], [ 6052835.421907365322113, 2114780.523039335384965 ], [ 6052702.229545964859426, 2115002.741069286130369 ], [ 6052591.459718014113605, 2115236.944193063303828 ], [ 6052504.179197511635721, 2115480.876906555145979 ], [ 6052441.2285435795784, 2115732.190004384145141 ], [ 6052403.214005429297686, 2115988.463204036932439 ], [ 6052393.72496512811631, 2116181.617056679911911 ], [ 6052353.012790990062058, 2116295.399960958398879 ], [ 6052290.062137058004737, 2116546.71305878739804 ], [ 6052252.047598907724023, 2116802.986258440185338 ], [ 6052239.335277322679758, 2117061.751508910208941 ], [ 6052252.047598907724023, 2117320.516759380232543 ], [ 6052290.062137058004737, 2117576.789959033019841 ], [ 6052353.012790990062058, 2117828.103056862019002 ], [ 6052440.293311492539942, 2118072.035770353861153 ], [ 6052551.063139443285763, 2118306.238894131034613 ], [ 6052684.25550084374845, 2118528.456924081780016 ], [ 6052838.587680445052683, 2118736.54977910220623 ], [ 6053012.57337499037385, 2118928.513411242514849 ], [ 6053204.537007130682468, 2119102.499105787836015 ], [ 6053412.629862151108682, 2119256.831285389140248 ], [ 6053634.847892101854086, 2119390.023646790068597 ], [ 6053869.051015879027545, 2119500.793474739883095 ], [ 6054112.983729370869696, 2119588.073995243292302 ], [ 6054364.296827199868858, 2119651.024649174883962 ], [ 6054620.570026852190495, 2119689.039187324699014 ], [ 6054879.335277322679758, 2119701.751508910208941 ], [ 6055138.100527793169022, 2119689.039187324699014 ], [ 6055394.373727445490658, 2119651.024649174883962 ], [ 6055645.68682527448982, 2119588.073995243292302 ], [ 6055889.619538766331971, 2119500.793474739883095 ], [ 6056123.82266254350543, 2119390.023646790068597 ], [ 6056346.040692494250834, 2119256.831285389140248 ], [ 6056554.133547514677048, 2119102.499105787836015 ], [ 6056746.097179654985666, 2118928.513411242514849 ], [ 6056920.082874200306833, 2118736.54977910220623 ], [ 6056923.376938275061548, 2118732.108247856609523 ], [ 6056959.904339798726141, 2118691.806470819748938 ], [ 6057114.236519400030375, 2118483.713615799322724 ], [ 6057247.428880800493062, 2118261.495585848577321 ], [ 6057358.198708751238883, 2118027.292462071403861 ], [ 6057445.479229253716767, 2117783.35974857956171 ], [ 6057508.429883185774088, 2117532.046650750562549 ], [ 6057546.444421336054802, 2117275.773451097775251 ], [ 6057555.763575960882008, 2117086.077700835186988 ], [ 6057596.900463442318141, 2116971.107802280690521 ], [ 6057659.851117374375463, 2116719.794704451691359 ], [ 6057697.865655524656177, 2116463.521504798904061 ], [ 6057710.577977109700441, 2116204.756254328880459 ], [ 6057697.865655524656177, 2115945.991003858856857 ], [ 6057659.851117374375463, 2115689.717804206069559 ] ] ] } },
{ "type": "Feature", "properties": { "stop_name_clean": "63rd Avenue", "access_id": " ", "station_id": "52503", "acces_poin": "Pedestrian Access Point", "location_t": "2", "stop_lat": 37.76344, "stop_lon": -122.19605, "stop_name": "63rd Avenue" }, "geometry": { "type": "Polygon", "coordinates": [ [ [ 6074087.009134758263826, 2104609.663499265443534 ], [ 6074048.994596607983112, 2104353.390299612656236 ], [ 6073986.043942675925791, 2104102.077201783657074 ], [ 6073898.763422173447907, 2103858.144488291814923 ], [ 6073787.993594222702086, 2103623.941364514641464 ], [ 6073654.801232822239399, 2103401.72333456389606 ], [ 6073500.469053220935166, 2103193.630479543469846 ], [ 6073326.483358675613999, 2103001.666847403161228 ], [ 6073134.519726535305381, 2102827.681152857840061 ], [ 6072926.426871514879167, 2102673.348973256535828 ], [ 6072704.208841564133763, 2102540.15661185560748 ], [ 6072470.005717786960304, 2102429.386783905792981 ], [ 6072226.073004295118153, 2102342.106263402383775 ], [ 6071974.759906466118991, 2102279.155609470792115 ], [ 6071718.486706813797355, 2102241.141071320977062 ], [ 6071459.721456343308091, 2102228.428749735467136 ], [ 6071200.956205872818828, 2102241.141071320977062 ], [ 6070944.683006220497191, 2102279.155609470792115 ], [ 6070693.369908391498029, 2102342.106263402383775 ], [ 6070449.437194899655879, 2102429.386783905792981 ], [ 6070215.234071122482419, 2102540.15661185560748 ], [ 6069993.016041171737015, 2102673.348973256535828 ], [ 6069784.923186151310802, 2102827.681152857840061 ], [ 6069592.959554011002183, 2103001.666847403161228 ], [ 6069418.973859465681016, 2103193.630479543469846 ], [ 6069264.641679864376783, 2103401.72333456389606 ], [ 6069131.449318463914096, 2103623.941364514641464 ], [ 6069020.679490513168275, 2103858.144488291814923 ], [ 6068933.398970010690391, 2104102.077201783657074 ], [ 6068870.44831607863307, 2104353.390299612656236 ], [ 6068832.433777928352356, 2104609.663499265443534 ], [ 6068819.721456343308091, 2104868.428749735467136 ], [ 6068832.433777928352356, 2105127.194000205490738 ], [ 6068870.44831607863307, 2105383.467199858278036 ], [ 6068933.398970010690391, 2105634.780297687277198 ], [ 6069020.679490513168275, 2105878.713011179119349 ], [ 6069131.449318463914096, 2106112.916134956292808 ], [ 6069264.641679864376783, 2106335.134164907038212 ], [ 6069418.973859465681016, 2106543.227019927464426 ], [ 6069592.959554011002183, 2106735.190652067773044 ], [ 6069784.923186151310802, 2106909.176346613094211 ], [ 6069993.016041171737015, 2107063.508526214398444 ], [ 6070215.234071122482419, 2107196.700887615326792 ], [ 6070449.437194899655879, 2107307.47071556514129 ], [ 6070693.369908391498029, 2107394.751236068550497 ], [ 6070944.683006220497191, 2107457.701890000142157 ], [ 6071200.956205872818828, 2107495.71642814995721 ], [ 6071459.721456343308091, 2107508.428749735467136 ], [ 6071718.486706813797355, 2107495.71642814995721 ], [ 6071974.759906466118991, 2107457.701890000142157 ], [ 6072226.073004295118153, 2107394.751236068550497 ], [ 6072470.005717786960304, 2107307.47071556514129 ], [ 6072704.208841564133763, 2107196.700887615326792 ], [ 6072926.426871514879167, 2107063.508526214398444 ], [ 6073134.519726535305381, 2106909.176346613094211 ], [ 6073326.483358675613999, 2106735.190652067773044 ], [ 6073500.469053220935166, 2106543.227019927464426 ], [ 6073654.801232822239399, 2106335.134164907038212 ], [ 6073787.993594222702086, 2106112.916134956292808 ], [ 6073898.763422173447907, 2105878.713011179119349 ], [ 6073986.043942675925791, 2105634.780297687277198 ], [ 6074048.994596607983112, 2105383.467199858278036 ], [ 6074087.009134758263826, 2105127.194000205490738 ], [ 6074099.721456343308091, 2104868.428749735467136 ], [ 6074087.009134758263826, 2104609.663499265443534 ] ] ] } },
{ "type": "Feature", "properties": { "stop_name_clean": "67th Avenue", "access_id": " ", "station_id": "52494", "acces_poin": "Pedestrian Access Point", "location_t": "2", "stop_lat": 37.76137, "stop_lon": -122.19159, "stop_name": "67th Avenue" }, "geometry": { "type": "Polygon", "coordinates": [ [ [ 6075282.370950391516089, 2103872.502164158970118 ], [ 6075244.356412241235375, 2103616.22896450618282 ], [ 6075181.405758309178054, 2103364.915866677183658 ], [ 6075094.12523780670017, 2103120.983153185341507 ], [ 6074983.355409855954349, 2102886.780029408168048 ], [ 6074850.163048455491662, 2102664.561999457422644 ], [ 6074695.830868854187429, 2102456.46914443699643 ], [ 6074521.845174308866262, 2102264.505512296687812 ], [ 6074329.881542168557644, 2102090.519817751366645 ], [ 6074121.78868714813143, 2101936.187638150062412 ], [ 6073899.570657197386026, 2101802.995276749134064 ], [ 6073665.367533420212567, 2101692.225448799319565 ], [ 6073421.434819928370416, 2101604.944928295910358 ], [ 6073170.121722099371254, 2101541.994274364318699 ], [ 6072913.848522447049618, 2101503.979736214503646 ], [ 6072655.083271976560354, 2101491.26741462899372 ], [ 6072396.318021506071091, 2101503.979736214503646 ], [ 6072140.044821853749454, 2101541.994274364318699 ], [ 6071888.731724024750292, 2101604.944928295910358 ], [ 6071644.799010532908142, 2101692.225448799319565 ], [ 6071410.595886755734682, 2101802.995276749134064 ], [ 6071188.377856804989278, 2101936.187638150062412 ], [ 6070980.285001784563065, 2102090.519817751366645 ], [ 6070788.321369644254446, 2102264.505512296687812 ], [ 6070614.33567509893328, 2102456.46914443699643 ], [ 6070460.003495497629046, 2102664.561999457422644 ], [ 6070326.811134097166359, 2102886.780029408168048 ], [ 6070216.041306146420538, 2103120.983153185341507 ], [ 6070128.760785643942654, 2103364.915866677183658 ], [ 6070065.810131711885333, 2103616.22896450618282 ], [ 6070027.795593561604619, 2103872.502164158970118 ], [ 6070015.083271976560354, 2104131.26741462899372 ], [ 6070027.795593561604619, 2104390.032665099017322 ], [ 6070065.810131711885333, 2104646.30586475180462 ], [ 6070128.760785643942654, 2104897.618962580803782 ], [ 6070216.041306146420538, 2105141.551676072645932 ], [ 6070326.811134097166359, 2105375.754799849819392 ], [ 6070460.003495497629046, 2105597.972829800564796 ], [ 6070614.33567509893328, 2105806.065684820991009 ], [ 6070788.321369644254446, 2105998.029316961299628 ], [ 6070980.285001784563065, 2106172.015011506620795 ], [ 6071188.377856804989278, 2106326.347191107925028 ], [ 6071410.595886755734682, 2106459.539552508853376 ], [ 6071644.799010532908142, 2106570.309380458667874 ], [ 6071888.731724024750292, 2106657.589900962077081 ], [ 6072140.044821853749454, 2106720.540554893668741 ], [ 6072396.318021506071091, 2106758.555093043483794 ], [ 6072655.083271976560354, 2106771.26741462899372 ], [ 6072913.848522447049618, 2106758.555093043483794 ], [ 6073170.121722099371254, 2106720.540554893668741 ], [ 6073421.434819928370416, 2106657.589900962077081 ], [ 6073665.367533420212567, 2106570.309380458667874 ], [ 6073899.570657197386026, 2106459.539552508853376 ], [ 6074121.78868714813143, 2106326.347191107925028 ], [ 6074329.881542168557644, 2106172.015011506620795 ], [ 6074521.845174308866262, 2105998.029316961299628 ], [ 6074695.830868854187429, 2105806.065684820991009 ], [ 6074850.163048455491662, 2105597.972829800564796 ], [ 6074983.355409855954349, 2105375.754799849819392 ], [ 6075094.12523780670017, 2105141.551676072645932 ], [ 6075181.405758309178054, 2104897.618962580803782 ], [ 6075244.356412241235375, 2104646.30586475180462 ], [ 6075282.370950391516089, 2104390.032665099017322 ], [ 6075295.083271976560354, 2104131.26741462899372 ], [ 6075282.370950391516089, 2103872.502164158970118 ] ] ] } },
{ "type": "Feature", "properties": { "stop_name_clean": "73rd Avenue", "access_id": " ", "station_id": "52492", "acces_poin": "Pedestrian Access Point", "location_t": "2", "stop_lat": 37.75981, "stop_lon": -122.18838, "stop_name": "73rd Avenue" }, "geometry": { "type": "Polygon", "coordinates": [ [ [ 6076275.062874367460608, 2103252.664032723754644 ], [ 6076237.048336217179894, 2102996.390833070967346 ], [ 6076174.097682285122573, 2102745.077735241968185 ], [ 6076086.817161782644689, 2102501.145021750126034 ], [ 6075976.047333831898868, 2102266.941897972952574 ], [ 6075842.854972431436181, 2102044.723868022207171 ], [ 6075688.522792830131948, 2101836.631013001780957 ], [ 6075514.537098284810781, 2101644.667380861472338 ], [ 6075322.573466144502163, 2101470.681686316151172 ], [ 6075114.480611124075949, 2101316.349506714846939 ], [ 6074892.262581173330545, 2101183.157145313918591 ], [ 6074658.059457396157086, 2101072.387317364104092 ], [ 6074414.126743904314935, 2100985.106796860694885 ], [ 6074162.813646075315773, 2100922.156142929103225 ], [ 6073906.540446422994137, 2100884.141604779288173 ], [ 6073647.775195952504873, 2100871.429283193778247 ], [ 6073389.00994548201561, 2100884.141604779288173 ], [ 6073132.736745829693973, 2100922.156142929103225 ], [ 6072881.423648000694811, 2100985.106796860694885 ], [ 6072637.490934508852661, 2101072.387317364104092 ], [ 6072403.287810731679201, 2101183.157145313918591 ], [ 6072181.069780780933797, 2101316.349506714846939 ], [ 6071972.976925760507584, 2101470.681686316151172 ], [ 6071781.013293620198965, 2101644.667380861472338 ], [ 6071607.027599074877799, 2101836.631013001780957 ], [ 6071452.695419473573565, 2102044.723868022207171 ], [ 6071319.503058073110878, 2102266.941897972952574 ], [ 6071208.733230122365057, 2102501.145021750126034 ], [ 6071121.452709619887173, 2102745.077735241968185 ], [ 6071058.502055687829852, 2102996.390833070967346 ], [ 6071020.487517537549138, 2103252.664032723754644 ], [ 6071007.775195952504873, 2103511.429283193778247 ], [ 6071020.487517537549138, 2103770.194533663801849 ], [ 6071058.502055687829852, 2104026.467733316589147 ], [ 6071121.452709619887173, 2104277.780831145588309 ], [ 6071208.733230122365057, 2104521.713544637430459 ], [ 6071319.503058073110878, 2104755.916668414603919 ], [ 6071452.695419473573565, 2104978.134698365349323 ], [ 6071607.027599074877799, 2105186.227553385775536 ], [ 6071781.013293620198965, 2105378.191185526084155 ], [ 6071972.976925760507584, 2105552.176880071405321 ], [ 6072181.069780780933797, 2105706.509059672709554 ], [ 6072403.287810731679201, 2105839.701421073637903 ], [ 6072637.490934508852661, 2105950.471249023452401 ], [ 6072881.423648000694811, 2106037.751769526861608 ], [ 6073132.736745829693973, 2106100.702423458453268 ], [ 6073389.00994548201561, 2106138.716961608268321 ], [ 6073647.775195952504873, 2106151.429283193778247 ], [ 6073906.540446422994137, 2106138.716961608268321 ], [ 6074162.813646075315773, 2106100.702423458453268 ], [ 6074414.126743904314935, 2106037.751769526861608 ], [ 6074658.059457396157086, 2105950.471249023452401 ], [ 6074892.262581173330545, 2105839.701421073637903 ], [ 6075114.480611124075949, 2105706.509059672709554 ], [ 6075322.573466144502163, 2105552.176880071405321 ], [ 6075514.537098284810781, 2105378.191185526084155 ], [ 6075688.522792830131948, 2105186.227553385775536 ], [ 6075842.854972431436181, 2104978.134698365349323 ], [ 6075976.047333831898868, 2104755.916668414603919 ], [ 6076086.817161782644689, 2104521.713544637430459 ], [ 6076174.097682285122573, 2104277.780831145588309 ], [ 6076237.048336217179894, 2104026.467733316589147 ], [ 6076275.062874367460608, 2103770.194533663801849 ], [ 6076287.775195952504873, 2103511.429283193778247 ], [ 6076275.062874367460608, 2103252.664032723754644 ] ] ] } },
{ "type": "Feature", "properties": { "stop_name_clean": "77th Avenue", "access_id": " ", "station_id": "52487", "acces_poin": "Pedestrian Access Point", "location_t": "2", "stop_lat": 37.75803, "stop_lon": -122.18465, "stop_name": "77th Avenue" }, "geometry": { "type": "Polygon", "coordinates": [ [ [ 6077351.584754873067141, 2102580.243532782886177 ], [ 6077313.570216722786427, 2102323.970333130098879 ], [ 6077250.619562790729105, 2102072.657235301099718 ], [ 6077163.339042288251221, 2101828.724521809257567 ], [ 6077052.5692143375054, 2101594.521398032084107 ], [ 6076919.376852937042713, 2101372.303368081338704 ], [ 6076765.04467333573848, 2101164.21051306091249 ], [ 6076591.058978790417314, 2100972.246880920603871 ], [ 6076399.095346650108695, 2100798.261186375282705 ], [ 6076191.002491629682481, 2100643.929006773978472 ], [ 6075968.784461678937078, 2100510.736645373050123 ], [ 6075734.581337901763618, 2100399.966817423235625 ], [ 6075490.648624409921467, 2100312.686296919826418 ], [ 6075239.335526580922306, 2100249.735642988234758 ], [ 6074983.062326928600669, 2100211.721104838419706 ], [ 6074724.297076458111405, 2100199.00878325290978 ], [ 6074465.531825987622142, 2100211.721104838419706 ], [ 6074209.258626335300505, 2100249.735642988234758 ], [ 6073957.945528506301343, 2100312.686296919826418 ], [ 6073714.012815014459193, 2100399.966817423235625 ], [ 6073479.809691237285733, 2100510.736645373050123 ], [ 6073257.591661286540329, 2100643.929006773978472 ], [ 6073049.498806266114116, 2100798.261186375282705 ], [ 6072857.535174125805497, 2100972.246880920603871 ], [ 6072683.549479580484331, 2101164.21051306091249 ], [ 6072529.217299979180098, 2101372.303368081338704 ], [ 6072396.024938578717411, 2101594.521398032084107 ], [ 6072285.25511062797159, 2101828.724521809257567 ], [ 6072197.974590125493705, 2102072.657235301099718 ], [ 6072135.023936193436384, 2102323.970333130098879 ], [ 6072097.00939804315567, 2102580.243532782886177 ], [ 6072084.297076458111405, 2102839.00878325290978 ], [ 6072097.00939804315567, 2103097.774033722933382 ], [ 6072135.023936193436384, 2103354.04723337572068 ], [ 6072197.974590125493705, 2103605.360331204719841 ], [ 6072285.25511062797159, 2103849.293044696561992 ], [ 6072396.024938578717411, 2104083.496168473735452 ], [ 6072529.217299979180098, 2104305.714198424480855 ], [ 6072683.549479580484331, 2104513.807053444907069 ], [ 6072857.535174125805497, 2104705.770685585215688 ], [ 6073049.498806266114116, 2104879.756380130536854 ], [ 6073257.591661286540329, 2105034.088559731841087 ], [ 6073479.809691237285733, 2105167.280921132769436 ], [ 6073714.012815014459193, 2105278.050749082583934 ], [ 6073957.945528506301343, 2105365.331269585993141 ], [ 6074209.258626335300505, 2105428.281923517584801 ], [ 6074465.531825987622142, 2105466.296461667399853 ], [ 6074724.297076458111405, 2105479.00878325290978 ], [ 6074983.062326928600669, 2105466.296461667399853 ], [ 6075239.335526580922306, 2105428.281923517584801 ], [ 6075490.648624409921467, 2105365.331269585993141 ], [ 6075734.581337901763618, 2105278.050749082583934 ], [ 6075968.784461678937078, 2105167.280921132769436 ], [ 6076191.002491629682481, 2105034.088559731841087 ], [ 6076399.095346650108695, 2104879.756380130536854 ], [ 6076591.058978790417314, 2104705.770685585215688 ], [ 6076765.04467333573848, 2104513.807053444907069 ], [ 6076919.376852937042713, 2104305.714198424480855 ], [ 6077052.5692143375054, 2104083.496168473735452 ], [ 6077163.339042288251221, 2103849.293044696561992 ], [ 6077250.619562790729105, 2103605.360331204719841 ], [ 6077313.570216722786427, 2103354.04723337572068 ], [ 6077351.584754873067141, 2103097.774033722933382 ], [ 6077364.297076458111405, 2102839.00878325290978 ], [ 6077351.584754873067141, 2102580.243532782886177 ] ] ] } },
{ "type": "Feature", "properties": { "stop_name_clean": "82nd Avenue", "access_id": " ", "station_id": "52484", "acces_poin": "Pedestrian Access Point", "location_t": "2", "stop_lat": 37.7557, "stop_lon": -122.17974, "stop_name": "82nd Avenue" }, "geometry": { "type": "Polygon", "coordinates": [ [ [ 6078750.33066741656512, 2101708.338220160920173 ], [ 6078712.316129266284406, 2101452.065020508132875 ], [ 6078649.365475334227085, 2101200.751922679133713 ], [ 6078562.084954831749201, 2100956.819209187291563 ], [ 6078451.31512688100338, 2100722.616085410118103 ], [ 6078318.122765480540693, 2100500.398055459372699 ], [ 6078163.79058587923646, 2100292.305200438946486 ], [ 6077989.804891333915293, 2100100.341568298637867 ], [ 6077797.841259193606675, 2099926.3558737533167 ], [ 6077589.748404173180461, 2099772.023694152012467 ], [ 6077367.530374222435057, 2099638.831332751084119 ], [ 6077133.327250445261598, 2099528.061504801269621 ], [ 6076889.394536953419447, 2099440.780984297860414 ], [ 6076638.081439124420285, 2099377.830330366268754 ], [ 6076381.808239472098649, 2099339.815792216453701 ], [ 6076123.042989001609385, 2099327.103470630943775 ], [ 6075864.277738531120121, 2099339.815792216453701 ], [ 6075608.004538878798485, 2099377.830330366268754 ], [ 6075356.691441049799323, 2099440.780984297860414 ], [ 6075112.758727557957172, 2099528.061504801269621 ], [ 6074878.555603780783713, 2099638.831332751084119 ], [ 6074656.337573830038309, 2099772.023694152012467 ], [ 6074448.244718809612095, 2099926.3558737533167 ], [ 6074256.281086669303477, 2100100.341568298637867 ], [ 6074082.29539212398231, 2100292.305200438946486 ], [ 6073927.963212522678077, 2100500.398055459372699 ], [ 6073794.77085112221539, 2100722.616085410118103 ], [ 6073684.001023171469569, 2100956.819209187291563 ], [ 6073596.720502668991685, 2101200.751922679133713 ], [ 6073533.769848736934364, 2101452.065020508132875 ], [ 6073495.75531058665365, 2101708.338220160920173 ], [ 6073483.042989001609385, 2101967.103470630943775 ], [ 6073495.75531058665365, 2102225.868721100967377 ], [ 6073533.769848736934364, 2102482.141920753754675 ], [ 6073596.720502668991685, 2102733.455018582753837 ], [ 6073684.001023171469569, 2102977.387732074595988 ], [ 6073794.77085112221539, 2103211.590855851769447 ], [ 6073927.963212522678077, 2103433.808885802514851 ], [ 6074082.29539212398231, 2103641.901740822941065 ], [ 6074256.281086669303477, 2103833.865372963249683 ], [ 6074448.244718809612095, 2104007.85106750857085 ], [ 6074656.337573830038309, 2104162.183247109875083 ], [ 6074878.555603780783713, 2104295.375608510803431 ], [ 6075112.758727557957172, 2104406.14543646061793 ], [ 6075356.691441049799323, 2104493.425956964027137 ], [ 6075608.004538878798485, 2104556.376610895618796 ], [ 6075864.277738531120121, 2104594.391149045433849 ], [ 6076123.042989001609385, 2104607.103470630943775 ], [ 6076381.808239472098649, 2104594.391149045433849 ], [ 6076638.081439124420285, 2104556.376610895618796 ], [ 6076889.394536953419447, 2104493.425956964027137 ], [ 6077133.327250445261598, 2104406.14543646061793 ], [ 6077367.530374222435057, 2104295.375608510803431 ], [ 6077589.748404173180461, 2104162.183247109875083 ], [ 6077797.841259193606675, 2104007.85106750857085 ], [ 6077989.804891333915293, 2103833.865372963249683 ], [ 6078163.79058587923646, 2103641.901740822941065 ], [ 6078318.122765480540693, 2103433.808885802514851 ], [ 6078451.31512688100338, 2103211.590855851769447 ], [ 6078562.084954831749201, 2102977.387732074595988 ], [ 6078649.365475334227085, 2102733.455018582753837 ], [ 6078712.316129266284406, 2102482.141920753754675 ], [ 6078750.33066741656512, 2102225.868721100967377 ], [ 6078763.042989001609385, 2101967.103470630943775 ], [ 6078750.33066741656512, 2101708.338220160920173 ] ] ] } },
{ "type": "Feature", "properties": { "stop_name_clean": "86th Avenue", "access_id": " ", "station_id": "52476", "acces_poin": "Pedestrian Access Point", "location_t": "2", "stop_lat": 37.75235, "stop_lon": -122.17641, "stop_name": "86th Avenue" }, "geometry": { "type": "Polygon", "coordinates": [ [ [ 6079434.507675535976887, 2099782.788044225890189 ], [ 6079323.737847585231066, 2099548.58492044871673 ], [ 6079190.545486184768379, 2099326.366890497971326 ], [ 6079036.213306583464146, 2099118.274035477545112 ], [ 6078862.227612038142979, 2098926.310403337236494 ], [ 6078670.263979897834361, 2098752.324708791915327 ], [ 6078462.171124877408147, 2098597.992529190611094 ], [ 6078239.953094926662743, 2098464.800167789682746 ], [ 6078005.749971149489284, 2098354.030339839868248 ], [ 6077761.817257657647133, 2098266.749819336459041 ], [ 6077510.504159828647971, 2098203.799165404867381 ], [ 6077254.230960176326334, 2098165.784627255052328 ], [ 6076995.465709705837071, 2098153.072305669542402 ], [ 6076736.700459235347807, 2098165.784627255052328 ], [ 6076480.427259583026171, 2098203.799165404867381 ], [ 6076229.114161754027009, 2098266.749819336459041 ], [ 6075985.181448262184858, 2098354.030339839868248 ], [ 6075750.978324485011399, 2098464.800167789682746 ], [ 6075528.760294534265995, 2098597.992529190611094 ], [ 6075320.667439513839781, 2098752.324708791915327 ], [ 6075128.703807373531163, 2098926.310403337236494 ], [ 6074954.718112828209996, 2099118.274035477545112 ], [ 6074800.385933226905763, 2099326.366890497971326 ], [ 6074667.193571826443076, 2099548.58492044871673 ], [ 6074556.423743875697255, 2099782.788044225890189 ], [ 6074469.143223373219371, 2100026.72075771773234 ], [ 6074406.19256944116205, 2100278.033855546731502 ], [ 6074368.178031290881336, 2100534.3070551995188 ], [ 6074355.465709705837071, 2100793.072305669542402 ], [ 6074368.178031290881336, 2101051.837556139566004 ], [ 6074406.19256944116205, 2101308.110755792353302 ], [ 6074469.143223373219371, 2101559.423853621352464 ], [ 6074556.423743875697255, 2101803.356567113194615 ], [ 6074556.425148523412645, 2101803.359536990989 ], [ 6074556.430022132582963, 2101803.373157816473395 ], [ 6074667.199850083328784, 2102037.576281593646854 ], [ 6074800.392211483791471, 2102259.794311544392258 ], [ 6074954.724391085095704, 2102467.887166564818472 ], [ 6075128.71008563041687, 2102659.85079870512709 ], [ 6075320.673717770725489, 2102833.836493250448257 ], [ 6075528.766572791151702, 2102988.16867285175249 ], [ 6075750.984602741897106, 2103121.361034252680838 ], [ 6075985.187726519070566, 2103232.130862202495337 ], [ 6076229.120440010912716, 2103319.411382705904543 ], [ 6076480.433537839911878, 2103382.362036637496203 ], [ 6076736.706737492233515, 2103420.376574787311256 ], [ 6076995.471987962722778, 2103433.088896372821182 ], [ 6077254.237238433212042, 2103420.376574787311256 ], [ 6077510.510438085533679, 2103382.362036637496203 ], [ 6077761.82353591453284, 2103319.411382705904543 ], [ 6078005.756249406374991, 2103232.130862202495337 ], [ 6078239.95937318354845, 2103121.361034252680838 ], [ 6078462.177403134293854, 2102988.16867285175249 ], [ 6078670.270258154720068, 2102833.836493250448257 ], [ 6078862.233890295028687, 2102659.85079870512709 ], [ 6079036.219584840349853, 2102467.887166564818472 ], [ 6079190.551764441654086, 2102259.794311544392258 ], [ 6079323.744125842116773, 2102037.576281593646854 ], [ 6079434.513953792862594, 2101803.373157816473395 ], [ 6079521.794474295340478, 2101559.440444324631244 ], [ 6079584.745128227397799, 2101308.127346495632082 ], [ 6079622.759666377678514, 2101051.854146842844784 ], [ 6079635.471987962722778, 2100793.088896372821182 ], [ 6079622.759666377678514, 2100534.32364590279758 ], [ 6079584.745128227397799, 2100278.050446250010282 ], [ 6079521.794474295340478, 2100026.73734842101112 ], [ 6079434.513953792862594, 2099782.804634929168969 ], [ 6079434.512549145147204, 2099782.801665051374584 ], [ 6079434.507675535976887, 2099782.788044225890189 ] ] ] } },
{ "type": "Feature", "properties": { "stop_name_clean": "90th Avenue", "access_id": " ", "station_id": "52475", "acces_poin": "Pedestrian Access Point", "location_t": "2", "stop_lat": 37.7493, "stop_lon": -122.1742, "stop_name": "90th Avenue" }, "geometry": { "type": "Polygon", "coordinates": [ [ [ 6080231.093024429865181, 2099453.542717424221337 ], [ 6080193.078486279584467, 2099197.269517771434039 ], [ 6080130.127832347527146, 2098945.956419942434877 ], [ 6080042.847311845049262, 2098702.023706450592726 ], [ 6079932.077483894303441, 2098467.820582673419267 ], [ 6079798.885122493840754, 2098245.602552722673863 ], [ 6079644.552942892536521, 2098037.509697702247649 ], [ 6079470.567248347215354, 2097845.546065561939031 ], [ 6079278.603616206906736, 2097671.560371016617864 ], [ 6079070.510761186480522, 2097517.228191415313631 ], [ 6078848.292731235735118, 2097384.035830014385283 ], [ 6078614.089607458561659, 2097273.266002064570785 ], [ 6078370.156893966719508, 2097185.985481561161578 ], [ 6078118.843796137720346, 2097123.034827629802749 ], [ 6077862.57059648539871, 2097085.020289479754865 ], [ 6077603.805346014909446, 2097072.307967894244939 ], [ 6077345.040095544420183, 2097085.020289479754865 ], [ 6077088.766895892098546, 2097123.034827629802749 ], [ 6076837.453798063099384, 2097185.985481561161578 ], [ 6076593.521084571257234, 2097273.266002064570785 ], [ 6076359.317960794083774, 2097384.035830014385283 ], [ 6076137.09993084333837, 2097517.228191415313631 ], [ 6075929.007075822912157, 2097671.560371016617864 ], [ 6075737.043443682603538, 2097845.546065561939031 ], [ 6075563.057749137282372, 2098037.509697702247649 ], [ 6075408.725569535978138, 2098245.602552722673863 ], [ 6075275.533208135515451, 2098467.820582673419267 ], [ 6075164.76338018476963, 2098702.023706450592726 ], [ 6075077.482859682291746, 2098945.956419942434877 ], [ 6075014.532205750234425, 2099197.269517771434039 ], [ 6074976.517667599953711, 2099453.542717424221337 ], [ 6074963.805346014909446, 2099712.307967894244939 ], [ 6074976.517667599953711, 2099971.073218364268541 ], [ 6075014.532205750234425, 2100227.346418017055839 ], [ 6075077.482859682291746, 2100478.659515846055001 ], [ 6075164.76338018476963, 2100722.592229337897152 ], [ 6075275.533208135515451, 2100956.795353115070611 ], [ 6075408.725569535978138, 2101179.013383065816015 ], [ 6075563.057749137282372, 2101387.106238086242229 ], [ 6075737.043443682603538, 2101579.069870226550847 ], [ 6075929.007075822912157, 2101753.055564771872014 ], [ 6076137.09993084333837, 2101907.387744373176247 ], [ 6076359.317960794083774, 2102040.580105774104595 ], [ 6076593.521084571257234, 2102151.349933723919094 ], [ 6076837.453798063099384, 2102238.6304542273283 ], [ 6077088.766895892098546, 2102301.58110815891996 ], [ 6077345.040095544420183, 2102339.595646308735013 ], [ 6077603.805346014909446, 2102352.307967894244939 ], [ 6077862.57059648539871, 2102339.595646308735013 ], [ 6078118.843796137720346, 2102301.58110815891996 ], [ 6078370.156893966719508, 2102238.6304542273283 ], [ 6078614.089607458561659, 2102151.349933723919094 ], [ 6078848.292731235735118, 2102040.580105774104595 ], [ 6079070.510761186480522, 2101907.387744373176247 ], [ 6079278.603616206906736, 2101753.055564771872014 ], [ 6079470.567248347215354, 2101579.069870226550847 ], [ 6079644.552942892536521, 2101387.106238086242229 ], [ 6079798.885122493840754, 2101179.013383065816015 ], [ 6079932.077483894303441, 2100956.795353115070611 ], [ 6080042.847311845049262, 2100722.592229337897152 ], [ 6080130.127832347527146, 2100478.659515846055001 ], [ 6080193.078486279584467, 2100227.346418017055839 ], [ 6080231.093024429865181, 2099971.073218364268541 ], [ 6080243.805346014909446, 2099712.307967894244939 ], [ 6080231.093024429865181, 2099453.542717424221337 ] ] ] } },
{ "type": "Feature", "properties": { "stop_name_clean": "95th Avenue", "access_id": " ", "station_id": "52472", "acces_poin": "Pedestrian Access Point", "location_t": "2", "stop_lat": 37.74598, "stop_lon": -122.17173, "stop_name": "95th Avenue" }, "geometry": { "type": "Polygon", "coordinates": [ [ [ 6080991.298774040304124, 2098107.232322175987065 ], [ 6080953.28423589002341, 2097850.959122523199767 ], [ 6080890.333581957966089, 2097599.646024694200605 ], [ 6080803.053061455488205, 2097355.713311202358454 ], [ 6080692.283233504742384, 2097121.510187425417826 ], [ 6080559.090872104279697, 2096899.292157474206761 ], [ 6080404.758692502975464, 2096691.199302454013377 ], [ 6080230.772997957654297, 2096499.235670313471928 ], [ 6080038.809365817345679, 2096325.249975768383592 ], [ 6079830.716510796919465, 2096170.91779616731219 ], [ 6079608.498480846174061, 2096037.725434766383842 ], [ 6079374.295357069000602, 2095926.955606816103682 ], [ 6079130.362643577158451, 2095839.675086312927306 ], [ 6078879.049545748159289, 2095776.724432381568477 ], [ 6078622.776346095837653, 2095738.709894231520593 ], [ 6078364.011095625348389, 2095725.997572646010667 ], [ 6078105.245845154859126, 2095738.709894231520593 ], [ 6077848.972645502537489, 2095776.724432381568477 ], [ 6077597.659547673538327, 2095839.675086312927306 ], [ 6077353.726834181696177, 2095926.955606816103682 ], [ 6077119.523710404522717, 2096037.725434766383842 ], [ 6076897.305680453777313, 2096170.91779616731219 ], [ 6076689.212825433351099, 2096325.249975768383592 ], [ 6076497.249193293042481, 2096499.235670313471928 ], [ 6076323.263498747721314, 2096691.199302454013377 ], [ 6076168.931319146417081, 2096899.292157474206761 ], [ 6076035.738957745954394, 2097121.510187425417826 ], [ 6075924.969129795208573, 2097355.713311202358454 ], [ 6075837.688609292730689, 2097599.646024694200605 ], [ 6075774.737955360673368, 2097850.959122523199767 ], [ 6075736.723417210392654, 2098107.232322175987065 ], [ 6075724.011095625348389, 2098365.997572646010667 ], [ 6075736.723417210392654, 2098624.762823116034269 ], [ 6075774.737955360673368, 2098881.036022768821567 ], [ 6075837.688609292730689, 2099132.349120597820729 ], [ 6075924.969129795208573, 2099376.28183408966288 ], [ 6076035.738957745954394, 2099610.484957866836339 ], [ 6076168.931319146417081, 2099832.702987817581743 ], [ 6076323.263498747721314, 2100040.795842838007957 ], [ 6076497.249193293042481, 2100232.759474978316575 ], [ 6076689.212825433351099, 2100406.745169523637742 ], [ 6076897.305680453777313, 2100561.077349124941975 ], [ 6077119.523710404522717, 2100694.269710525870323 ], [ 6077353.726834181696177, 2100805.039538475684822 ], [ 6077597.659547673538327, 2100892.320058979094028 ], [ 6077848.972645502537489, 2100955.270712910685688 ], [ 6078105.245845154859126, 2100993.285251060500741 ], [ 6078364.011095625348389, 2101005.997572646010667 ], [ 6078622.776346095837653, 2100993.285251060500741 ], [ 6078879.049545748159289, 2100955.270712910685688 ], [ 6079130.362643577158451, 2100892.320058979094028 ], [ 6079374.295357069000602, 2100805.039538475684822 ], [ 6079608.498480846174061, 2100694.269710525870323 ], [ 6079830.716510796919465, 2100561.077349124941975 ], [ 6080038.809365817345679, 2100406.745169523637742 ], [ 6080230.772997957654297, 2100232.759474978316575 ], [ 6080404.758692502975464, 2100040.795842838007957 ], [ 6080559.090872104279697, 2099832.702987817581743 ], [ 6080692.283233504742384, 2099610.484957866836339 ], [ 6080803.053061455488205, 2099376.28183408966288 ], [ 6080890.333581957966089, 2099132.349120597820729 ], [ 6080953.28423589002341, 2098881.036022768821567 ], [ 6080991.298774040304124, 2098624.762823116034269 ], [ 6081004.011095625348389, 2098365.997572646010667 ], [ 6080991.298774040304124, 2098107.232322175987065 ] ] ] } },
{ "type": "Feature", "properties": { "stop_name_clean": "98th Avenue", "access_id": " ", "station_id": "52464", "acces_poin": "Pedestrian Access Point", "location_t": "2", "stop_lat": 37.74334, "stop_lon": -122.16979, "stop_name": "98th Avenue" }, "geometry": { "type": "Polygon", "coordinates": [ [ [ 6081469.667339949868619, 2097255.144687830936164 ], [ 6081431.652801799587905, 2096998.871488178381696 ], [ 6081368.702147867530584, 2096747.558390349149704 ], [ 6081281.4216273650527, 2096503.625676857074723 ], [ 6081170.651799414306879, 2096269.422553080366924 ], [ 6081037.459438013844192, 2096047.204523129155859 ], [ 6080883.127258412539959, 2095839.111668108962476 ], [ 6080709.141563867218792, 2095647.148035968421027 ], [ 6080517.177931726910174, 2095473.162341423332691 ], [ 6080309.08507670648396, 2095318.830161822261289 ], [ 6080086.867046755738556, 2095185.63780042133294 ], [ 6079852.663922978565097, 2095074.867972471052781 ], [ 6079608.731209486722946, 2094987.587451967876405 ], [ 6079357.418111657723784, 2094924.636798036517575 ], [ 6079101.144912005402148, 2094886.622259886469692 ], [ 6078842.379661534912884, 2094873.909938300959766 ], [ 6078583.614411064423621, 2094886.622259886469692 ], [ 6078327.341211412101984, 2094924.636798036517575 ], [ 6078076.028113583102822, 2094987.587451967876405 ], [ 6077832.095400091260672, 2095074.867972471052781 ], [ 6077597.892276314087212, 2095185.63780042133294 ], [ 6077375.674246363341808, 2095318.830161822261289 ], [ 6077167.581391342915595, 2095473.162341423332691 ], [ 6076975.617759202606976, 2095647.148035968421027 ], [ 6076801.63206465728581, 2095839.111668108962476 ], [ 6076647.299885055981576, 2096047.204523129155859 ], [ 6076514.107523655518889, 2096269.422553080366924 ], [ 6076403.337695704773068, 2096503.625676857074723 ], [ 6076316.057175202295184, 2096747.558390349149704 ], [ 6076253.106521270237863, 2096998.871488178381696 ], [ 6076215.091983119957149, 2097255.144687830936164 ], [ 6076202.379661534912884, 2097513.909938300959766 ], [ 6076215.091983119957149, 2097772.675188770983368 ], [ 6076253.106521270237863, 2098028.948388423770666 ], [ 6076316.057175202295184, 2098280.261486252769828 ], [ 6076403.337695704773068, 2098524.194199744611979 ], [ 6076514.107523655518889, 2098758.397323521785438 ], [ 6076647.299885055981576, 2098980.615353472530842 ], [ 6076801.63206465728581, 2099188.708208492957056 ], [ 6076975.617759202606976, 2099380.671840633265674 ], [ 6077167.581391342915595, 2099554.657535178586841 ], [ 6077375.674246363341808, 2099708.989714779891074 ], [ 6077597.892276314087212, 2099842.182076180819422 ], [ 6077832.095400091260672, 2099952.95190413063392 ], [ 6078076.028113583102822, 2100040.232424634043127 ], [ 6078327.341211412101984, 2100103.183078565634787 ], [ 6078583.614411064423621, 2100141.19761671544984 ], [ 6078842.379661534912884, 2100153.909938300959766 ], [ 6079101.144912005402148, 2100141.19761671544984 ], [ 6079357.418111657723784, 2100103.183078565634787 ], [ 6079608.731209486722946, 2100040.232424634043127 ], [ 6079852.663922978565097, 2099952.95190413063392 ], [ 6080086.867046755738556, 2099842.182076180819422 ], [ 6080309.08507670648396, 2099708.989714779891074 ], [ 6080517.177931726910174, 2099554.657535178586841 ], [ 6080709.141563867218792, 2099380.671840633265674 ], [ 6080883.127258412539959, 2099188.708208492957056 ], [ 6081037.459438013844192, 2098980.615353472530842 ], [ 6081170.651799414306879, 2098758.397323521785438 ], [ 6081281.4216273650527, 2098524.194199744611979 ], [ 6081368.702147867530584, 2098280.261486252769828 ], [ 6081431.652801799587905, 2098028.948388423770666 ], [ 6081469.667339949868619, 2097772.675188770983368 ], [ 6081482.379661534912884, 2097513.909938300959766 ], [ 6081469.667339949868619, 2097255.144687830936164 ] ] ] } },
{ "type": "Feature", "properties": { "stop_name_clean": "City Center", "access_id": " ", "station_id": "52584", "acces_poin": "Pedestrian Access Point", "location_t": "2", "stop_lat": 37.80282, "stop_lon": -122.27151, "stop_name": "City Center NB" }, "geometry": { "type": "Polygon", "coordinates": [ [ [ 6052121.131794853135943, 2118065.263081803452224 ], [ 6051987.939433452673256, 2117843.04505185270682 ], [ 6051833.607253851369023, 2117634.952196832280606 ], [ 6051659.621559306047857, 2117442.988564691971987 ], [ 6051467.657927165739238, 2117269.002870146650821 ], [ 6051259.565072145313025, 2117114.670690545346588 ], [ 6051037.347042194567621, 2116981.47832914441824 ], [ 6050803.143918417394161, 2116870.708501194603741 ], [ 6050559.211204925552011, 2116783.427980691194534 ], [ 6050307.898107096552849, 2116720.477326759602875 ], [ 6050051.624907444231212, 2116682.462788609787822 ], [ 6049792.859656973741949, 2116669.750467024277896 ], [ 6049534.094406503252685, 2116682.462788609787822 ], [ 6049277.821206850931048, 2116720.477326759602875 ], [ 6049026.508109021931887, 2116783.427980691194534 ], [ 6048782.575395530089736, 2116870.708501194603741 ], [ 6048548.372271752916276, 2116981.47832914441824 ], [ 6048537.805892750620842, 2116987.811572990845889 ], [ 6048493.559921085834503, 2117008.738359063398093 ], [ 6048271.341891135089099, 2117141.930720464326441 ], [ 6048063.249036114662886, 2117296.262900065630674 ], [ 6047871.285403974354267, 2117470.248594610951841 ], [ 6047697.299709429033101, 2117662.212226751260459 ], [ 6047542.967529827728868, 2117870.305081771686673 ], [ 6047409.775168427266181, 2118092.523111722432077 ], [ 6047299.00534047652036, 2118326.726235499605536 ], [ 6047211.724819974042475, 2118570.658948991447687 ], [ 6047148.774166041985154, 2118821.972046820446849 ], [ 6047110.75962789170444, 2119078.245246473234147 ], [ 6047098.047306306660175, 2119337.010496943257749 ], [ 6047110.75962789170444, 2119595.775747413281351 ], [ 6047148.774166041985154, 2119852.048947066068649 ], [ 6047211.724819974042475, 2120103.362044895067811 ], [ 6047299.00534047652036, 2120347.294758386909962 ], [ 6047409.775168427266181, 2120581.497882164083421 ], [ 6047501.588030191138387, 2120734.678387794177979 ], [ 6047563.005141545087099, 2120864.5339594646357 ], [ 6047696.197502945549786, 2121086.751989415381104 ], [ 6047850.529682546854019, 2121294.844844435807317 ], [ 6048024.515377092175186, 2121486.808476576115936 ], [ 6048216.479009232483804, 2121660.794171121437103 ], [ 6048424.571864252910018, 2121815.126350722741336 ], [ 6048646.789894203655422, 2121948.318712123669684 ], [ 6048880.993017980828881, 2122059.088540073484182 ], [ 6049124.925731472671032, 2122146.369060576893389 ], [ 6049376.238829301670194, 2122209.319714508485049 ], [ 6049632.51202895399183, 2122247.334252658300102 ], [ 6049891.277279424481094, 2122260.046574243810028 ], [ 6050150.042529894970357, 2122247.334252658300102 ], [ 6050406.315729547291994, 2122209.319714508485049 ], [ 6050657.628827376291156, 2122146.369060576893389 ], [ 6050901.561540868133307, 2122059.088540073484182 ], [ 6051135.764664645306766, 2121948.318712123669684 ], [ 6051145.655471864156425, 2121942.390390421263874 ], [ 6051189.693952657282352, 2121921.561740222387016 ], [ 6051411.911982608027756, 2121788.369378821458668 ], [ 6051620.00483762845397, 2121634.037199220154434 ], [ 6051811.968469768762589, 2121460.051504674833268 ], [ 6051985.954164314083755, 2121268.087872534524649 ], [ 6052140.286343915387988, 2121059.995017514098436 ], [ 6052273.478705315850675, 2120837.776987563353032 ], [ 6052384.248533266596496, 2120603.573863786179572 ], [ 6052471.52905376907438, 2120359.641150294337422 ], [ 6052534.479707701131701, 2120108.32805246533826 ], [ 6052572.494245851412416, 2119852.054852812550962 ], [ 6052585.20656743645668, 2119593.28960234252736 ], [ 6052572.494245851412416, 2119334.524351872503757 ], [ 6052534.479707701131701, 2119078.25115221971646 ], [ 6052471.52905376907438, 2118826.938054390717298 ], [ 6052384.248533266596496, 2118583.005340898875147 ], [ 6052273.478705315850675, 2118348.802217121701688 ], [ 6052186.980968191288412, 2118204.48946121847257 ], [ 6052121.131794853135943, 2118065.263081803452224 ] ] ] } },
{ "type": "Feature", "properties": { "stop_name_clean": "Downtown San Leandro", "access_id": " ", "station_id": "52404", "acces_poin": "Pedestrian Access Point", "location_t": "2", "stop_lat": 37.72538, "stop_lon": -122.15757, "stop_name": "Downtown San Leandro NB" }, "geometry": { "type": "Polygon", "coordinates": [ [ [ 6083262.174801388755441, 2088371.932612061500549 ], [ 6083018.24208789691329, 2088284.652091558324173 ], [ 6082766.928990067914128, 2088221.701437626965344 ], [ 6082510.655790415592492, 2088183.686899476917461 ], [ 6082251.890539945103228, 2088170.974577891407534 ], [ 6081993.125289474613965, 2088183.686899476917461 ], [ 6081736.852089822292328, 2088221.701437626965344 ], [ 6081485.538991993293166, 2088284.652091558324173 ], [ 6081241.606278501451015, 2088371.932612061500549 ], [ 6081007.403154724277556, 2088482.702440011780709 ], [ 6080785.185124773532152, 2088615.894801412709057 ], [ 6080742.536679031327367, 2088647.525044495239854 ], [ 6080718.187965543009341, 2088662.119101724820212 ], [ 6080510.095110522583127, 2088816.451281325891614 ], [ 6080318.131478382274508, 2088990.43697587097995 ], [ 6080144.145783836953342, 2089182.400608011521399 ], [ 6079989.813604235649109, 2089390.493463031714782 ], [ 6079856.621242835186422, 2089612.711492982925847 ], [ 6079745.851414884440601, 2089846.914616759633645 ], [ 6079658.570894381962717, 2090090.847330251708627 ], [ 6079595.620240449905396, 2090342.160428080940619 ], [ 6079557.605702299624681, 2090598.433627733495086 ], [ 6079544.893380714580417, 2090857.198878203518689 ], [ 6079557.605702299624681, 2091115.964128673542291 ], [ 6079595.620240449905396, 2091372.237328326096758 ], [ 6079658.570894381962717, 2091623.550426155328751 ], [ 6079745.851414884440601, 2091867.483139647403732 ], [ 6079856.621242835186422, 2092101.68626342411153 ], [ 6079989.813604235649109, 2092323.904293375322595 ], [ 6080144.145783836953342, 2092531.997148395515978 ], [ 6080318.131478382274508, 2092723.960780536057428 ], [ 6080510.095110522583127, 2092897.946475081145763 ], [ 6080718.187965543009341, 2093052.278654682217166 ], [ 6080940.405995493754745, 2093185.471016083145514 ], [ 6080992.996282245963812, 2093210.344369270838797 ], [ 6080994.219318194314837, 2093211.077428807504475 ], [ 6081228.422441971488297, 2093321.847256757784635 ], [ 6081472.355155463330448, 2093409.127777260961011 ], [ 6081723.668253292329609, 2093472.07843119231984 ], [ 6081979.941452944651246, 2093510.092969342367724 ], [ 6082238.70670341514051, 2093522.80529092787765 ], [ 6082497.471953885629773, 2093510.092969342367724 ], [ 6082753.74515353795141, 2093472.07843119231984 ], [ 6083005.058251366950572, 2093409.127777260961011 ], [ 6083248.990964858792722, 2093321.847256757784635 ], [ 6083483.194088635966182, 2093211.077428807504475 ], [ 6083705.412118586711586, 2093077.885067406576127 ], [ 6083736.586206403560936, 2093054.764788147294894 ], [ 6083773.382331661880016, 2093032.71003941888921 ], [ 6083981.47518668230623, 2092878.377859817817807 ], [ 6084173.438818822614849, 2092704.392165272729471 ], [ 6084347.424513367936015, 2092512.428533132188022 ], [ 6084501.756692969240248, 2092304.335678111994639 ], [ 6084634.949054369702935, 2092082.117648160783574 ], [ 6084745.718882320448756, 2091847.914524384075776 ], [ 6084832.999402822926641, 2091603.981810892000794 ], [ 6084895.950056754983962, 2091352.668713062768802 ], [ 6084933.964594905264676, 2091096.395513410214335 ], [ 6084946.67691649030894, 2090837.630262940190732 ], [ 6084933.964594905264676, 2090578.86501247016713 ], [ 6084895.950056754983962, 2090322.591812817612663 ], [ 6084832.999402822926641, 2090071.278714988380671 ], [ 6084745.718882320448756, 2089827.346001496305689 ], [ 6084634.949054369702935, 2089593.142877719597891 ], [ 6084501.756692969240248, 2089370.924847768386826 ], [ 6084347.424513367936015, 2089162.831992748193443 ], [ 6084173.438818822614849, 2088970.868360607651994 ], [ 6083981.47518668230623, 2088796.882666062563658 ], [ 6083773.382331661880016, 2088642.550486461492255 ], [ 6083551.164301711134613, 2088509.358125060563907 ], [ 6083502.260735468007624, 2088486.228460812242702 ], [ 6083496.3779251659289, 2088482.702440011780709 ], [ 6083262.174801388755441, 2088371.932612061500549 ] ] ] } },
{ "type": "Feature", "properties": { "stop_name_clean": "Durant Avenue", "access_id": " ", "station_id": "52429", "acces_poin": "Pedestrian Access Point", "location_t": "2", "stop_lat": 37.73562, "stop_lon": -122.16401, "stop_name": "Durant Avenue" }, "geometry": { "type": "Polygon", "coordinates": [ [ [ 6083151.961501295678318, 2094306.635450067464262 ], [ 6083113.946963145397604, 2094050.362250414909795 ], [ 6083050.996309213340282, 2093799.049152585677803 ], [ 6082963.715788710862398, 2093555.116439093602821 ], [ 6082852.945960760116577, 2093320.913315316895023 ], [ 6082719.75359935965389, 2093098.695285365683958 ], [ 6082565.421419758349657, 2092890.602430345490575 ], [ 6082391.435725213028491, 2092698.638798204949126 ], [ 6082199.472093072719872, 2092524.65310365986079 ], [ 6081991.379238052293658, 2092370.320924058789387 ], [ 6081769.161208101548254, 2092237.128562657861039 ], [ 6081534.958084324374795, 2092126.358734707580879 ], [ 6081291.025370832532644, 2092039.078214204404503 ], [ 6081039.712273003533483, 2091976.127560273045674 ], [ 6080783.439073351211846, 2091938.113022122997791 ], [ 6080524.673822880722582, 2091925.400700537487864 ], [ 6080265.908572410233319, 2091938.113022122997791 ], [ 6080009.635372757911682, 2091976.127560273045674 ], [ 6079758.32227492891252, 2092039.078214204404503 ], [ 6079514.38956143707037, 2092126.358734707580879 ], [ 6079280.18643765989691, 2092237.128562657861039 ], [ 6079057.968407709151506, 2092370.320924058789387 ], [ 6078849.875552688725293, 2092524.65310365986079 ], [ 6078657.911920548416674, 2092698.638798204949126 ], [ 6078483.926226003095508, 2092890.602430345490575 ], [ 6078329.594046401791275, 2093098.695285365683958 ], [ 6078196.401685001328588, 2093320.913315316895023 ], [ 6078180.532648701220751, 2093354.465573557885364 ], [ 6078136.564494692720473, 2093427.822006777627394 ], [ 6078025.794666741974652, 2093662.025130554335192 ], [ 6077938.514146239496768, 2093905.957844046410173 ], [ 6077875.563492307439446, 2094157.270941875642166 ], [ 6077837.548954157158732, 2094413.544141528196633 ], [ 6077824.836632572114468, 2094672.309391998220235 ], [ 6077837.548954157158732, 2094931.074642468243837 ], [ 6077875.563492307439446, 2095187.347842120798305 ], [ 6077938.514146239496768, 2095438.660939950030297 ], [ 6078025.794666741974652, 2095682.593653442105278 ], [ 6078136.564494692720473, 2095916.796777218813077 ], [ 6078269.75685609318316, 2096139.014807170024142 ], [ 6078424.089035694487393, 2096347.107662190217525 ], [ 6078598.074730239808559, 2096539.071294330758974 ], [ 6078790.038362380117178, 2096713.05698887584731 ], [ 6078998.131217400543392, 2096867.389168476918712 ], [ 6079220.349247351288795, 2097000.581529877847061 ], [ 6079454.552371128462255, 2097111.35135782812722 ], [ 6079698.485084620304406, 2097198.631878331303596 ], [ 6079949.798182449303567, 2097261.582532262895256 ], [ 6080206.071382101625204, 2097299.597070412710309 ], [ 6080464.836632572114468, 2097312.309391998220235 ], [ 6080723.601883042603731, 2097299.597070412710309 ], [ 6080979.875082694925368, 2097261.582532262895256 ], [ 6081231.18818052392453, 2097198.631878331303596 ], [ 6081475.12089401576668, 2097111.35135782812722 ], [ 6081709.32401779294014, 2097000.581529877847061 ], [ 6081931.542047743685544, 2096867.389168476918712 ], [ 6082139.634902764111757, 2096713.05698887584731 ], [ 6082331.598534904420376, 2096539.071294330758974 ], [ 6082505.584229449741542, 2096347.107662190217525 ], [ 6082659.916409051045775, 2096139.014807170024142 ], [ 6082793.108770451508462, 2095916.796777218813077 ], [ 6082808.977806751616299, 2095883.244518977822736 ], [ 6082852.945960760116577, 2095809.888085758080706 ], [ 6082963.715788710862398, 2095575.684961981372908 ], [ 6083050.996309213340282, 2095331.752248489297926 ], [ 6083113.946963145397604, 2095080.439150660065934 ], [ 6083151.961501295678318, 2094824.165951007511467 ], [ 6083164.673822880722582, 2094565.400700537487864 ], [ 6083151.961501295678318, 2094306.635450067464262 ] ] ] } },
{ "type": "Feature", "properties": { "stop_name_clean": "Fruitvale", "access_id": " ", "station_id": "52601", "acces_poin": "Pedestrian Access Point", "location_t": "2", "stop_lat": 37.77644, "stop_lon": -122.22344, "stop_name": "Fruitvale" }, "geometry": { "type": "Polygon", "coordinates": [ [ [ 6066150.343042685650289, 2109559.319492428563535 ], [ 6066112.328504535369575, 2109303.046292775776237 ], [ 6066049.377850603312254, 2109051.733194946777076 ], [ 6065962.09733010083437, 2108807.800481454934925 ], [ 6065851.327502150088549, 2108573.597357677761465 ], [ 6065718.135140749625862, 2108351.379327727016062 ], [ 6065563.802961148321629, 2108143.286472706589848 ], [ 6065389.817266603000462, 2107951.322840566281229 ], [ 6065197.853634462691844, 2107777.337146020960063 ], [ 6064989.76077944226563, 2107623.00496641965583 ], [ 6064767.542749491520226, 2107489.812605018727481 ], [ 6064533.339625714346766, 2107379.042777068912983 ], [ 6064289.406912222504616, 2107291.762256565503776 ], [ 6064038.093814393505454, 2107228.811602633912116 ], [ 6063781.820614741183817, 2107190.797064484097064 ], [ 6063523.055364270694554, 2107178.084742898587137 ], [ 6063264.29011380020529, 2107190.797064484097064 ], [ 6063008.016914147883654, 2107228.811602633912116 ], [ 6062756.703816318884492, 2107291.762256565503776 ], [ 6062512.771102827042341, 2107379.042777068912983 ], [ 6062278.567979049868882, 2107489.812605018727481 ], [ 6062056.349949099123478, 2107623.00496641965583 ], [ 6061848.257094078697264, 2107777.337146020960063 ], [ 6061656.293461938388646, 2107951.322840566281229 ], [ 6061482.307767393067479, 2108143.286472706589848 ], [ 6061327.975587791763246, 2108351.379327727016062 ], [ 6061194.783226391300559, 2108573.597357677761465 ], [ 6061084.013398440554738, 2108807.800481454934925 ], [ 6060996.732877938076854, 2109051.733194946777076 ], [ 6060933.782224006019533, 2109303.046292775776237 ], [ 6060895.767685855738819, 2109559.319492428563535 ], [ 6060883.055364270694554, 2109818.084742898587137 ], [ 6060895.767685855738819, 2110076.84999336861074 ], [ 6060933.782224006019533, 2110333.123193021398038 ], [ 6060996.732877938076854, 2110584.436290850397199 ], [ 6061084.013398440554738, 2110828.36900434223935 ], [ 6061194.783226391300559, 2111062.57212811941281 ], [ 6061327.975587791763246, 2111284.790158070158213 ], [ 6061482.307767393067479, 2111492.883013090584427 ], [ 6061656.293461938388646, 2111684.846645230893046 ], [ 6061848.257094078697264, 2111858.832339776214212 ], [ 6062056.349949099123478, 2112013.164519377518445 ], [ 6062278.567979049868882, 2112146.356880778446794 ], [ 6062512.771102827042341, 2112257.126708728261292 ], [ 6062756.703816318884492, 2112344.407229231670499 ], [ 6063008.016914147883654, 2112407.357883163262159 ], [ 6063264.29011380020529, 2112445.372421313077211 ], [ 6063523.055364270694554, 2112458.084742898587137 ], [ 6063781.820614741183817, 2112445.372421313077211 ], [ 6064038.093814393505454, 2112407.357883163262159 ], [ 6064289.406912222504616, 2112344.407229231670499 ], [ 6064533.339625714346766, 2112257.126708728261292 ], [ 6064767.542749491520226, 2112146.356880778446794 ], [ 6064989.76077944226563, 2112013.164519377518445 ], [ 6065197.853634462691844, 2111858.832339776214212 ], [ 6065389.817266603000462, 2111684.846645230893046 ], [ 6065563.802961148321629, 2111492.883013090584427 ], [ 6065718.135140749625862, 2111284.790158070158213 ], [ 6065851.327502150088549, 2111062.57212811941281 ], [ 6065962.09733010083437, 2110828.36900434223935 ], [ 6066049.377850603312254, 2110584.436290850397199 ], [ 6066112.328504535369575, 2110333.123193021398038 ], [ 6066150.343042685650289, 2110076.84999336861074 ], [ 6066163.055364270694554, 2109818.084742898587137 ], [ 6066150.343042685650289, 2109559.319492428563535 ] ] ] } },
{ "type": "Feature", "properties": { "stop_name_clean": "Georgia Way", "access_id": " ", "station_id": "52426", "acces_poin": "Pedestrian Access Point", "location_t": "2", "stop_lat": 37.73151, "stop_lon": -122.16086, "stop_name": "Georgia Way NB" }, "geometry": { "type": "Polygon", "coordinates": [ [ [ 6084007.790966865606606, 2092528.890629367670044 ], [ 6083944.840312933549285, 2092277.577531538438052 ], [ 6083857.559792431071401, 2092033.644818046363071 ], [ 6083746.78996448032558, 2091799.441694269655272 ], [ 6083613.597603079862893, 2091577.223664318444207 ], [ 6083459.26542347855866, 2091369.130809298250824 ], [ 6083285.279728933237493, 2091177.167177157709375 ], [ 6083093.316096792928874, 2091003.181482612621039 ], [ 6082885.223241772502661, 2090848.849303011549637 ], [ 6082663.005211821757257, 2090715.656941610621288 ], [ 6082428.802088044583797, 2090604.887113660341129 ], [ 6082184.869374552741647, 2090517.606593157164752 ], [ 6081933.556276723742485, 2090454.655939225805923 ], [ 6081677.283077071420848, 2090416.64140107575804 ], [ 6081418.517826600931585, 2090403.929079490248114 ], [ 6081159.752576130442321, 2090416.64140107575804 ], [ 6080903.479376478120685, 2090454.655939225805923 ], [ 6080652.166278649121523, 2090517.606593157164752 ], [ 6080408.233565157279372, 2090604.887113660341129 ], [ 6080174.030441380105913, 2090715.656941610621288 ], [ 6079951.812411429360509, 2090848.849303011549637 ], [ 6079743.719556408934295, 2091003.181482612621039 ], [ 6079551.755924268625677, 2091177.167177157709375 ], [ 6079377.77022972330451, 2091369.130809298250824 ], [ 6079353.747242471203208, 2091401.522057943744585 ], [ 6079341.659103954210877, 2091412.478108067065477 ], [ 6079167.673409408889711, 2091604.441740207606927 ], [ 6079013.341229807585478, 2091812.53459522780031 ], [ 6078880.148868407122791, 2092034.752625179011375 ], [ 6078868.840429065749049, 2092058.662311306456104 ], [ 6078851.522620766423643, 2092087.555328916292638 ], [ 6078740.752792815677822, 2092321.758452693000436 ], [ 6078653.472272313199937, 2092565.691166185075417 ], [ 6078590.521618381142616, 2092817.00426401430741 ], [ 6078552.507080230861902, 2093073.277463666861877 ], [ 6078539.794758645817637, 2093332.042714136885479 ], [ 6078552.507080230861902, 2093590.807964606909081 ], [ 6078590.521618381142616, 2093847.081164259463549 ], [ 6078653.472272313199937, 2094098.394262088695541 ], [ 6078740.752792815677822, 2094342.326975580770522 ], [ 6078851.522620766423643, 2094576.530099357478321 ], [ 6078984.71498216688633, 2094798.748129308689386 ], [ 6079139.047161768190563, 2095006.840984328882769 ], [ 6079313.032856313511729, 2095198.804616469424218 ], [ 6079504.996488453820348, 2095372.790311014512554 ], [ 6079713.089343474246562, 2095527.122490615583956 ], [ 6079935.307373424991965, 2095660.314852016512305 ], [ 6080169.510497202165425, 2095771.084679966792464 ], [ 6080413.443210694007576, 2095858.36520046996884 ], [ 6080664.756308523006737, 2095921.31585440132767 ], [ 6080921.029508175328374, 2095959.330392551375553 ], [ 6081179.794758645817637, 2095972.042714136885479 ], [ 6081438.560009116306901, 2095959.330392551375553 ], [ 6081694.833208768628538, 2095921.31585440132767 ], [ 6081946.146306597627699, 2095858.36520046996884 ], [ 6082190.07902008946985, 2095771.084679966792464 ], [ 6082424.28214386664331, 2095660.314852016512305 ], [ 6082646.500173817388713, 2095527.122490615583956 ], [ 6082854.593028837814927, 2095372.790311014512554 ], [ 6083046.556660978123546, 2095198.804616469424218 ], [ 6083220.542355523444712, 2095006.840984328882769 ], [ 6083251.006488070823252, 2094965.764856628607959 ], [ 6083252.967408264987171, 2094963.987582162255421 ], [ 6083426.953102810308337, 2094772.023950021713972 ], [ 6083581.28528241161257, 2094563.931095001520589 ], [ 6083611.681528546847403, 2094513.218022095737979 ], [ 6083613.597603079862893, 2094510.63449466205202 ], [ 6083746.78996448032558, 2094288.416464710840955 ], [ 6083857.559792431071401, 2094054.213340934133157 ], [ 6083944.840312933549285, 2093810.280627442058176 ], [ 6084007.790966865606606, 2093558.967529612826183 ], [ 6084045.80550501588732, 2093302.694329960271716 ], [ 6084058.517826600931585, 2093043.929079490248114 ], [ 6084045.80550501588732, 2092785.163829020224512 ], [ 6084007.790966865606606, 2092528.890629367670044 ] ] ] } },
{ "type": "Feature", "properties": { "stop_name_clean": "Harrison", "access_id": " ", "station_id": "52591", "acces_poin": "Pedestrian Access Point", "location_t": "2", "stop_lat": 37.80043, "stop_lon": -122.26799, "stop_name": "Harrison SB" }, "geometry": { "type": "Polygon", "coordinates": [ [ [ 6053478.006538586691022, 2118225.123897915706038 ], [ 6053415.055884654633701, 2117973.810800086706877 ], [ 6053327.775364152155817, 2117729.878086594864726 ], [ 6053217.005536201409996, 2117495.674962817691267 ], [ 6053083.813174800947309, 2117273.456932866945863 ], [ 6052929.480995199643075, 2117065.364077846519649 ], [ 6052755.495300654321909, 2116873.40044570621103 ], [ 6052563.53166851401329, 2116699.414751160889864 ], [ 6052355.438813493587077, 2116545.082571559585631 ], [ 6052133.220783542841673, 2116411.890210158657283 ], [ 6051899.017659765668213, 2116301.120382208842784 ], [ 6051655.084946273826063, 2116213.839861705433577 ], [ 6051403.771848444826901, 2116150.889207773841918 ], [ 6051147.498648792505264, 2116112.874669624026865 ], [ 6050888.733398322016001, 2116100.162348038516939 ], [ 6050629.968147851526737, 2116112.874669624026865 ], [ 6050373.694948199205101, 2116150.889207773841918 ], [ 6050122.381850370205939, 2116213.839861705433577 ], [ 6049878.449136878363788, 2116301.120382208842784 ], [ 6049644.246013101190329, 2116411.890210158657283 ], [ 6049624.78132551163435, 2116423.556894921232015 ], [ 6049591.383618674241006, 2116439.352833850774914 ], [ 6049369.165588723495603, 2116572.545195251703262 ], [ 6049161.072733703069389, 2116726.877374853007495 ], [ 6048969.10910156276077, 2116900.863069398328662 ], [ 6048795.123407017439604, 2117092.82670153863728 ], [ 6048640.791227416135371, 2117300.919556559063494 ], [ 6048507.598866015672684, 2117523.137586509808898 ], [ 6048458.506288780830801, 2117626.935120147187263 ], [ 6048453.015223176218569, 2117632.993577427230775 ], [ 6048298.683043574914336, 2117841.086432447656989 ], [ 6048165.490682174451649, 2118063.304462398402393 ], [ 6048054.720854223705828, 2118297.507586175575852 ], [ 6047967.440333721227944, 2118541.440299667418003 ], [ 6047904.489679789170623, 2118792.753397496417165 ], [ 6047866.475141638889909, 2119049.026597149204463 ], [ 6047853.762820053845644, 2119307.791847619228065 ], [ 6047866.475141638889909, 2119566.557098089251667 ], [ 6047904.489679789170623, 2119822.830297742038965 ], [ 6047967.440333721227944, 2120074.143395571038127 ], [ 6048054.720854223705828, 2120318.076109062880278 ], [ 6048165.490682174451649, 2120552.279232840053737 ], [ 6048298.683043574914336, 2120774.497262790799141 ], [ 6048453.015223176218569, 2120982.590117811225355 ], [ 6048627.000917721539736, 2121174.553749951533973 ], [ 6048818.964549861848354, 2121348.53944449685514 ], [ 6049027.057404882274568, 2121502.871624098159373 ], [ 6049249.275434833019972, 2121636.063985499087721 ], [ 6049483.478558610193431, 2121746.83381344890222 ], [ 6049727.411272102035582, 2121834.114333952311426 ], [ 6049978.724369931034744, 2121897.064987883903086 ], [ 6050234.99756958335638, 2121935.079526033718139 ], [ 6050493.762820053845644, 2121947.791847619228065 ], [ 6050752.528070524334908, 2121935.079526033718139 ], [ 6051008.801270176656544, 2121897.064987883903086 ], [ 6051260.114368005655706, 2121834.114333952311426 ], [ 6051504.047081497497857, 2121746.83381344890222 ], [ 6051738.250205274671316, 2121636.063985499087721 ], [ 6051762.373909787274897, 2121621.604793459177017 ], [ 6051791.687442240305245, 2121607.740525152068585 ], [ 6052013.905472191050649, 2121474.548163751140237 ], [ 6052221.998327211476862, 2121320.215984149836004 ], [ 6052413.961959351785481, 2121146.230289604514837 ], [ 6052587.947653897106647, 2120954.266657464206219 ], [ 6052742.279833498410881, 2120746.173802443780005 ], [ 6052875.472194898873568, 2120523.955772493034601 ], [ 6052924.340640226379037, 2120420.632125957868993 ], [ 6052929.480995199643075, 2120414.960618230514228 ], [ 6053083.813174800947309, 2120206.867763210088015 ], [ 6053217.005536201409996, 2119984.649733259342611 ], [ 6053327.775364152155817, 2119750.446609482169151 ], [ 6053415.055884654633701, 2119506.513895990327001 ], [ 6053478.006538586691022, 2119255.200798161327839 ], [ 6053516.021076736971736, 2118998.927598508540541 ], [ 6053528.733398322016001, 2118740.162348038516939 ], [ 6053516.021076736971736, 2118481.397097568493336 ], [ 6053478.006538586691022, 2118225.123897915706038 ] ] ] } },
{ "type": "Feature", "properties": { "stop_name_clean": "High Street", "access_id": " ", "station_id": "52513", "acces_poin": "Pedestrian Access Point", "location_t": "2", "stop_lat": 37.77154, "stop_lon": -122.21318, "stop_name": "High Street" }, "geometry": { "type": "Polygon", "coordinates": [ [ [ 6069183.803987819701433, 2107656.733990169595927 ], [ 6069145.789449669420719, 2107400.460790516808629 ], [ 6069082.838795737363398, 2107149.147692687809467 ], [ 6068995.558275234885514, 2106905.214979195967317 ], [ 6068884.788447284139693, 2106671.011855418793857 ], [ 6068751.596085883677006, 2106448.793825468048453 ], [ 6068597.263906282372773, 2106240.70097044762224 ], [ 6068423.278211737051606, 2106048.737338307313621 ], [ 6068231.314579596742988, 2105874.751643761992455 ], [ 6068023.221724576316774, 2105720.419464160688221 ], [ 6067801.00369462557137, 2105587.227102759759873 ], [ 6067566.800570848397911, 2105476.457274809945375 ], [ 6067322.86785735655576, 2105389.176754306536168 ], [ 6067071.554759527556598, 2105326.226100374944508 ], [ 6066815.281559875234962, 2105288.211562225129455 ], [ 6066556.516309404745698, 2105275.499240639619529 ], [ 6066297.751058934256434, 2105288.211562225129455 ], [ 6066041.477859281934798, 2105326.226100374944508 ], [ 6065790.164761452935636, 2105389.176754306536168 ], [ 6065546.232047961093485, 2105476.457274809945375 ], [ 6065312.028924183920026, 2105587.227102759759873 ], [ 6065089.810894233174622, 2105720.419464160688221 ], [ 6064881.718039212748408, 2105874.751643761992455 ], [ 6064689.75440707243979, 2106048.737338307313621 ], [ 6064515.768712527118623, 2106240.70097044762224 ], [ 6064361.43653292581439, 2106448.793825468048453 ], [ 6064228.244171525351703, 2106671.011855418793857 ], [ 6064117.474343574605882, 2106905.214979195967317 ], [ 6064030.193823072127998, 2107149.147692687809467 ], [ 6063967.243169140070677, 2107400.460790516808629 ], [ 6063929.228630989789963, 2107656.733990169595927 ], [ 6063916.516309404745698, 2107915.499240639619529 ], [ 6063929.228630989789963, 2108174.264491109643131 ], [ 6063967.243169140070677, 2108430.537690762430429 ], [ 6064030.193823072127998, 2108681.850788591429591 ], [ 6064117.474343574605882, 2108925.783502083271742 ], [ 6064228.244171525351703, 2109159.986625860445201 ], [ 6064361.43653292581439, 2109382.204655811190605 ], [ 6064515.768712527118623, 2109590.297510831616819 ], [ 6064689.75440707243979, 2109782.261142971925437 ], [ 6064881.718039212748408, 2109956.246837517246604 ], [ 6065089.810894233174622, 2110110.579017118550837 ], [ 6065312.028924183920026, 2110243.771378519479185 ], [ 6065546.232047961093485, 2110354.541206469293684 ], [ 6065790.164761452935636, 2110441.821726972702891 ], [ 6066041.477859281934798, 2110504.77238090429455 ], [ 6066297.751058934256434, 2110542.786919054109603 ], [ 6066556.516309404745698, 2110555.499240639619529 ], [ 6066815.281559875234962, 2110542.786919054109603 ], [ 6067071.554759527556598, 2110504.77238090429455 ], [ 6067322.86785735655576, 2110441.821726972702891 ], [ 6067566.800570848397911, 2110354.541206469293684 ], [ 6067801.00369462557137, 2110243.771378519479185 ], [ 6068023.221724576316774, 2110110.579017118550837 ], [ 6068231.314579596742988, 2109956.246837517246604 ], [ 6068423.278211737051606, 2109782.261142971925437 ], [ 6068597.263906282372773, 2109590.297510831616819 ], [ 6068751.596085883677006, 2109382.204655811190605 ], [ 6068884.788447284139693, 2109159.986625860445201 ], [ 6068995.558275234885514, 2108925.783502083271742 ], [ 6069082.838795737363398, 2108681.850788591429591 ], [ 6069145.789449669420719, 2108430.537690762430429 ], [ 6069183.803987819701433, 2108174.264491109643131 ], [ 6069196.516309404745698, 2107915.499240639619529 ], [ 6069183.803987819701433, 2107656.733990169595927 ] ] ] } },
{ "type": "Feature", "properties": { "stop_name_clean": "Madison", "access_id": " ", "station_id": "52571", "acces_poin": "Pedestrian Access Point", "location_t": "2", "stop_lat": 37.8001, "stop_lon": -122.26464, "stop_name": "Madison NB" }, "geometry": { "type": "Polygon", "coordinates": [ [ [ 6053030.21089905127883, 2116184.605568527709693 ], [ 6052807.992869100533426, 2116051.413207126781344 ], [ 6052573.789745323359966, 2115940.643379176966846 ], [ 6052329.857031831517816, 2115853.362858673557639 ], [ 6052078.543934002518654, 2115790.412204741965979 ], [ 6051822.270734350197017, 2115752.397666592150927 ], [ 6051563.505483879707754, 2115739.685345006641001 ], [ 6051304.74023340921849, 2115752.397666592150927 ], [ 6051048.467033756896853, 2115790.412204741965979 ], [ 6050797.153935927897692, 2115853.362858673557639 ], [ 6050553.221222436055541, 2115940.643379176966846 ], [ 6050319.018098658882082, 2116051.413207126781344 ], [ 6050096.800068708136678, 2116184.605568527709693 ], [ 6049888.707213687710464, 2116338.937748129013926 ], [ 6049696.743581547401845, 2116512.923442674335092 ], [ 6049522.757887002080679, 2116704.887074814643711 ], [ 6049368.425707400776446, 2116912.979929835069925 ], [ 6049235.233346000313759, 2117135.197959785815328 ], [ 6049124.463518049567938, 2117369.401083562988788 ], [ 6049037.182997547090054, 2117613.333797054830939 ], [ 6048974.232343615032732, 2117864.6468948838301 ], [ 6048936.217805464752018, 2118120.920094536617398 ], [ 6048923.505483879707754, 2118379.685345006641001 ], [ 6048936.217805464752018, 2118638.450595476664603 ], [ 6048974.232343615032732, 2118894.723795129451901 ], [ 6049037.182997547090054, 2119146.036892958451062 ], [ 6049124.463518049567938, 2119389.969606450293213 ], [ 6049235.233346000313759, 2119624.172730227466673 ], [ 6049368.425707400776446, 2119846.390760178212076 ], [ 6049522.757887002080679, 2120054.48361519863829 ], [ 6049696.743581547401845, 2120246.447247338946909 ], [ 6049888.707213687710464, 2120420.432941884268075 ], [ 6050003.865077408961952, 2120505.83983442094177 ], [ 6050163.220613955520093, 2120650.271273837424815 ], [ 6050371.313468975946307, 2120804.603453438729048 ], [ 6050593.531498926691711, 2120937.795814839657396 ], [ 6050827.73462270386517, 2121048.565642789471895 ], [ 6051071.667336195707321, 2121135.846163292881101 ], [ 6051322.980434024706483, 2121198.796817224472761 ], [ 6051579.25363367702812, 2121236.811355374287814 ], [ 6051838.018884147517383, 2121249.52367695979774 ], [ 6052096.784134618006647, 2121236.811355374287814 ], [ 6052353.057334270328283, 2121198.796817224472761 ], [ 6052604.370432099327445, 2121135.846163292881101 ], [ 6052848.303145591169596, 2121048.565642789471895 ], [ 6053082.506269368343055, 2120937.795814839657396 ], [ 6053102.300546354614198, 2120925.931581795215607 ], [ 6053134.83618975430727, 2120910.543368506245315 ], [ 6053357.054219705052674, 2120777.351007105316967 ], [ 6053565.147074725478888, 2120623.018827504012734 ], [ 6053757.110706865787506, 2120449.033132958691567 ], [ 6053931.096401411108673, 2120257.069500818382949 ], [ 6054085.428581012412906, 2120048.976645797956735 ], [ 6054218.620942412875593, 2119826.758615847211331 ], [ 6054329.390770363621414, 2119592.555492070037872 ], [ 6054416.671290866099298, 2119348.622778578195721 ], [ 6054479.621944798156619, 2119097.309680749196559 ], [ 6054517.636482948437333, 2118841.036481096409261 ], [ 6054530.348804533481598, 2118582.271230626385659 ], [ 6054517.636482948437333, 2118323.505980156362057 ], [ 6054479.621944798156619, 2118067.232780503574759 ], [ 6054416.671290866099298, 2117815.919682674575597 ], [ 6054329.390770363621414, 2117571.986969182733446 ], [ 6054218.620942412875593, 2117337.783845405559987 ], [ 6054085.428581012412906, 2117115.565815454814583 ], [ 6053931.096401411108673, 2116907.472960434388369 ], [ 6053757.110706865787506, 2116715.509328294079751 ], [ 6053565.147074725478888, 2116541.523633748758584 ], [ 6053357.054219705052674, 2116387.191454147454351 ], [ 6053134.83618975430727, 2116253.999092746526003 ], [ 6053104.310271789319813, 2116239.561408797744662 ], [ 6053030.21089905127883, 2116184.605568527709693 ] ] ] } },
{ "type": "Feature", "properties": { "stop_name_clean": "San Leandro BART", "access_id": " ", "station_id": "52541", "acces_poin": "Pedestrian Access Point", "location_t": "2", "stop_lat": 37.72157, "stop_lon": -122.16017, "stop_name": "San Leandro BART" }, "geometry": { "type": "Polygon", "coordinates": [ [ [ 6082701.9758678721264, 2087220.626187961548567 ], [ 6082467.772744094952941, 2087109.856360011268407 ], [ 6082223.84003060311079, 2087022.575839508092031 ], [ 6081972.526932774111629, 2086959.625185576733202 ], [ 6081716.253733121789992, 2086921.610647426685318 ], [ 6081457.488482651300728, 2086908.898325841175392 ], [ 6081198.723232180811465, 2086921.610647426685318 ], [ 6080942.450032528489828, 2086959.625185576733202 ], [ 6080691.136934699490666, 2087022.575839508092031 ], [ 6080447.204221207648516, 2087109.856360011268407 ], [ 6080213.001097430475056, 2087220.626187961548567 ], [ 6079990.783067479729652, 2087353.818549362476915 ], [ 6079782.690212459303439, 2087508.150728963548318 ], [ 6079590.72658031899482, 2087682.136423508636653 ], [ 6079416.740885773673654, 2087874.100055649178103 ], [ 6079262.408706172369421, 2088082.192910669371486 ], [ 6079129.216344771906734, 2088304.410940620582551 ], [ 6079018.446516821160913, 2088538.614064397290349 ], [ 6078931.165996318683028, 2088782.54677788936533 ], [ 6078868.215342386625707, 2089033.859875718597323 ], [ 6078830.200804236344993, 2089290.13307537115179 ], [ 6078817.488482651300728, 2089548.898325841175392 ], [ 6078830.200804236344993, 2089807.663576311198995 ], [ 6078868.215342386625707, 2090063.936775963753462 ], [ 6078931.165996318683028, 2090315.249873792985454 ], [ 6079018.446516821160913, 2090559.182587285060436 ], [ 6079129.216344771906734, 2090793.385711061768234 ], [ 6079262.408706172369421, 2091015.603741012979299 ], [ 6079416.740885773673654, 2091223.696596033172682 ], [ 6079590.72658031899482, 2091415.660228173714131 ], [ 6079782.690212459303439, 2091589.645922718802467 ], [ 6079990.783067479729652, 2091743.978102319873869 ], [ 6080213.001097430475056, 2091877.170463720802218 ], [ 6080222.118655934929848, 2091881.482747735688463 ], [ 6080224.886397728696465, 2091883.141668325057253 ], [ 6080459.089521505869925, 2091993.911496275337413 ], [ 6080703.022234997712076, 2092081.192016778513789 ], [ 6080954.335332826711237, 2092144.142670709872618 ], [ 6081210.608532479032874, 2092182.157208859920502 ], [ 6081469.373782949522138, 2092194.869530445430428 ], [ 6081728.139033420011401, 2092182.157208859920502 ], [ 6081984.412233072333038, 2092144.142670709872618 ], [ 6082235.7253309013322, 2092081.192016778513789 ], [ 6082479.65804439317435, 2091993.911496275337413 ], [ 6082713.86116817034781, 2091883.141668325057253 ], [ 6082936.079198121093214, 2091749.949306924128905 ], [ 6083144.172053141519427, 2091595.617127323057503 ], [ 6083336.135685281828046, 2091421.631432777969167 ], [ 6083510.121379827149212, 2091229.667800637427717 ], [ 6083664.453559428453445, 2091021.574945617234334 ], [ 6083797.645920828916132, 2090799.356915666023269 ], [ 6083908.415748779661953, 2090565.153791889315471 ], [ 6083995.696269282139838, 2090321.22107839724049 ], [ 6084058.646923214197159, 2090069.907980568008497 ], [ 6084096.661461364477873, 2089813.63478091545403 ], [ 6084109.373782949522138, 2089554.869530445430428 ], [ 6084096.661461364477873, 2089296.104279975406826 ], [ 6084058.646923214197159, 2089039.831080322852358 ], [ 6083995.696269282139838, 2088788.517982493620366 ], [ 6083908.415748779661953, 2088544.585269001545385 ], [ 6083797.645920828916132, 2088310.382145224837586 ], [ 6083664.453559428453445, 2088088.164115273626521 ], [ 6083510.121379827149212, 2087880.071260253433138 ], [ 6083336.135685281828046, 2087688.107628112891689 ], [ 6083144.172053141519427, 2087514.121933567803353 ], [ 6082936.079198121093214, 2087359.789753966731951 ], [ 6082713.86116817034781, 2087226.597392565803602 ], [ 6082704.743609665893018, 2087222.285108550917357 ], [ 6082701.9758678721264, 2087220.626187961548567 ] ] ] } },
{ "type": "Feature", "properties": { "stop_name_clean": "San Leandro Civic Center", "access_id": " ", "station_id": "52414", "acces_poin": "Pedestrian Access Point", "location_t": "2", "stop_lat": 37.72813, "stop_lon": -122.15834, "stop_name": "San Leandro Civic Center NB" }, "geometry": { "type": "Polygon", "coordinates": [ [ [ 6084707.640272170305252, 2091283.212191722355783 ], [ 6084644.689618238247931, 2091031.899093893123791 ], [ 6084557.409097735770047, 2090787.966380401048809 ], [ 6084446.639269785024226, 2090553.763256624341011 ], [ 6084313.446908384561539, 2090331.545226673129946 ], [ 6084159.114728783257306, 2090123.452371652936563 ], [ 6083985.129034237936139, 2089931.488739512395114 ], [ 6083793.165402097627521, 2089757.503044967306778 ], [ 6083585.072547077201307, 2089603.170865366235375 ], [ 6083362.854517126455903, 2089469.978503965307027 ], [ 6083128.651393349282444, 2089359.208676015026867 ], [ 6082884.718679857440293, 2089271.928155511850491 ], [ 6082633.405582028441131, 2089208.977501580491662 ], [ 6082377.132382376119494, 2089170.962963430443779 ], [ 6082118.367131905630231, 2089158.250641844933853 ], [ 6081859.601881435140967, 2089170.962963430443779 ], [ 6081603.328681782819331, 2089208.977501580491662 ], [ 6081352.015583953820169, 2089271.928155511850491 ], [ 6081108.082870461978018, 2089359.208676015026867 ], [ 6080873.879746684804559, 2089469.978503965307027 ], [ 6080651.661716734059155, 2089603.170865366235375 ], [ 6080443.568861713632941, 2089757.503044967306778 ], [ 6080251.605229573324323, 2089931.488739512395114 ], [ 6080198.714019440114498, 2089989.845197104616091 ], [ 6080096.779991470277309, 2090082.232814782299101 ], [ 6079922.794296924956143, 2090274.196446922840551 ], [ 6079768.46211732365191, 2090482.289301943033934 ], [ 6079635.269755923189223, 2090704.507331894244999 ], [ 6079630.943390381522477, 2090713.6546632850077 ], [ 6079605.342972714453936, 2090756.366379784187302 ], [ 6079494.573144763708115, 2090990.5695035608951 ], [ 6079407.29262426123023, 2091234.502217052970082 ], [ 6079344.341970329172909, 2091485.815314882202074 ], [ 6079306.327432178892195, 2091742.088514534756541 ], [ 6079293.61511059384793, 2092000.853765004780143 ], [ 6079306.327432178892195, 2092259.619015474803746 ], [ 6079344.341970329172909, 2092515.892215127358213 ], [ 6079407.29262426123023, 2092767.205312956590205 ], [ 6079494.573144763708115, 2093011.138026448665187 ], [ 6079605.342972714453936, 2093245.341150225372985 ], [ 6079738.535334114916623, 2093467.55918017658405 ], [ 6079892.867513716220856, 2093675.652035196777433 ], [ 6080066.853208261542022, 2093867.615667337318882 ], [ 6080258.816840401850641, 2094041.601361882407218 ], [ 6080466.909695422276855, 2094195.933541483478621 ], [ 6080689.127725373022258, 2094329.125902884406969 ], [ 6080923.330849150195718, 2094439.895730834687129 ], [ 6081167.263562642037868, 2094527.176251337863505 ], [ 6081418.57666047103703, 2094590.126905269222334 ], [ 6081674.849860123358667, 2094628.141443419270217 ], [ 6081933.61511059384793, 2094640.853765004780143 ], [ 6082192.380361064337194, 2094628.141443419270217 ], [ 6082448.653560716658831, 2094590.126905269222334 ], [ 6082699.966658545657992, 2094527.176251337863505 ], [ 6082943.899372037500143, 2094439.895730834687129 ], [ 6083178.102495814673603, 2094329.125902884406969 ], [ 6083400.320525765419006, 2094195.933541483478621 ], [ 6083608.41338078584522, 2094041.601361882407218 ], [ 6083800.377012926153839, 2093867.615667337318882 ], [ 6083828.144211322069168, 2093836.979285004781559 ], [ 6083957.84647766686976, 2093719.42400308791548 ], [ 6084131.832172212190926, 2093527.460370947374031 ], [ 6084286.164351813495159, 2093319.367515927180648 ], [ 6084419.356713213957846, 2093097.149485975969583 ], [ 6084439.300201597623527, 2093054.98252259939909 ], [ 6084446.639269785024226, 2093042.738027065526694 ], [ 6084557.409097735770047, 2092808.534903288818896 ], [ 6084644.689618238247931, 2092564.602189796743914 ], [ 6084707.640272170305252, 2092313.289091967511922 ], [ 6084745.654810320585966, 2092057.015892314957455 ], [ 6084758.367131905630231, 2091798.250641844933853 ], [ 6084745.654810320585966, 2091539.48539137491025 ], [ 6084707.640272170305252, 2091283.212191722355783 ] ] ] } },
{ "type": "Feature", "properties": { "stop_name_clean": "Seminary", "access_id": " ", "station_id": "52506", "acces_poin": "Pedestrian Access Point", "location_t": "2", "stop_lat": 37.76559, "stop_lon": -122.20055, "stop_name": "Seminary" }, "geometry": { "type": "Polygon", "coordinates": [ [ [ 6072799.588083165697753, 2105420.441508273594081 ], [ 6072761.573545015417039, 2105164.168308620806783 ], [ 6072698.622891083359718, 2104912.855210791807622 ], [ 6072611.342370580881834, 2104668.922497299965471 ], [ 6072500.572542630136013, 2104434.719373522792011 ], [ 6072367.380181229673326, 2104212.501343572046608 ], [ 6072213.048001628369093, 2104004.408488551620394 ], [ 6072039.062307083047926, 2103812.444856411311775 ], [ 6071847.098674942739308, 2103638.459161865990609 ], [ 6071639.005819922313094, 2103484.126982264686376 ], [ 6071416.78778997156769, 2103350.934620863758028 ], [ 6071182.584666194394231, 2103240.164792913943529 ], [ 6070938.65195270255208, 2103152.884272410534322 ], [ 6070687.338854873552918, 2103089.933618478942662 ], [ 6070431.065655221231282, 2103051.91908032912761 ], [ 6070172.300404750742018, 2103039.206758743617684 ], [ 6069913.535154280252755, 2103051.91908032912761 ], [ 6069657.261954627931118, 2103089.933618478942662 ], [ 6069405.948856798931956, 2103152.884272410534322 ], [ 6069162.016143307089806, 2103240.164792913943529 ], [ 6068927.813019529916346, 2103350.934620863758028 ], [ 6068705.594989579170942, 2103484.126982264686376 ], [ 6068497.502134558744729, 2103638.459161865990609 ], [ 6068305.53850241843611, 2103812.444856411311775 ], [ 6068131.552807873114944, 2104004.408488551620394 ], [ 6067977.22062827181071, 2104212.501343572046608 ], [ 6067844.028266871348023, 2104434.719373522792011 ], [ 6067733.258438920602202, 2104668.922497299965471 ], [ 6067645.977918418124318, 2104912.855210791807622 ], [ 6067583.027264486066997, 2105164.168308620806783 ], [ 6067545.012726335786283, 2105420.441508273594081 ], [ 6067532.300404750742018, 2105679.206758743617684 ], [ 6067545.012726335786283, 2105937.972009213641286 ], [ 6067583.027264486066997, 2106194.245208866428584 ], [ 6067645.977918418124318, 2106445.558306695427746 ], [ 6067733.258438920602202, 2106689.491020187269896 ], [ 6067844.028266871348023, 2106923.694143964443356 ], [ 6067977.22062827181071, 2107145.91217391518876 ], [ 6068131.552807873114944, 2107354.005028935614973 ], [ 6068305.53850241843611, 2107545.968661075923592 ], [ 6068497.502134558744729, 2107719.954355621244758 ], [ 6068705.594989579170942, 2107874.286535222548991 ], [ 6068927.813019529916346, 2108007.47889662347734 ], [ 6069162.016143307089806, 2108118.248724573291838 ], [ 6069405.948856798931956, 2108205.529245076701045 ], [ 6069657.261954627931118, 2108268.479899008292705 ], [ 6069913.535154280252755, 2108306.494437158107758 ], [ 6070172.300404750742018, 2108319.206758743617684 ], [ 6070431.065655221231282, 2108306.494437158107758 ], [ 6070687.338854873552918, 2108268.479899008292705 ], [ 6070938.65195270255208, 2108205.529245076701045 ], [ 6071182.584666194394231, 2108118.248724573291838 ], [ 6071416.78778997156769, 2108007.47889662347734 ], [ 6071639.005819922313094, 2107874.286535222548991 ], [ 6071847.098674942739308, 2107719.954355621244758 ], [ 6072039.062307083047926, 2107545.968661075923592 ], [ 6072213.048001628369093, 2107354.005028935614973 ], [ 6072367.380181229673326, 2107145.91217391518876 ], [ 6072500.572542630136013, 2106923.694143964443356 ], [ 6072611.342370580881834, 2106689.491020187269896 ], [ 6072698.622891083359718, 2106445.558306695427746 ], [ 6072761.573545015417039, 2106194.245208866428584 ], [ 6072799.588083165697753, 2105937.972009213641286 ], [ 6072812.300404750742018, 2105679.206758743617684 ], [ 6072799.588083165697753, 2105420.441508273594081 ] ] ] } },
{ "type": "Feature", "properties": { "stop_name_clean": "Uptown Oakland", "access_id": " ", "station_id": "52574", "acces_poin": "Pedestrian Access Point", "location_t": "2", "stop_lat": 37.80737, "stop_lon": -122.26919, "stop_name": "Uptown Oakland NB" }, "geometry": { "type": "Polygon", "coordinates": [ [ [ 6052727.376951141282916, 2119701.714582859072834 ], [ 6052573.044771539978683, 2119493.621727838646621 ], [ 6052399.059076994657516, 2119301.658095698338002 ], [ 6052207.095444854348898, 2119127.672401153016835 ], [ 6051999.002589833922684, 2118973.340221551712602 ], [ 6051776.78455988317728, 2118840.147860150784254 ], [ 6051542.581436106003821, 2118729.378032200969756 ], [ 6051298.64872261416167, 2118642.097511697560549 ], [ 6051047.335624785162508, 2118579.146857765968889 ], [ 6050791.062425132840872, 2118541.132319616153836 ], [ 6050532.297174662351608, 2118528.41999803064391 ], [ 6050273.531924191862345, 2118541.132319616153836 ], [ 6050017.258724539540708, 2118579.146857765968889 ], [ 6049765.945626710541546, 2118642.097511697560549 ], [ 6049522.012913218699396, 2118729.378032200969756 ], [ 6049287.809789441525936, 2118840.147860150784254 ], [ 6049065.591759490780532, 2118973.340221551712602 ], [ 6048857.498904470354319, 2119127.672401153016835 ], [ 6048665.5352723300457, 2119301.658095698338002 ], [ 6048491.549577784724534, 2119493.621727838646621 ], [ 6048337.2173981834203, 2119701.714582859072834 ], [ 6048204.025036782957613, 2119923.932612809818238 ], [ 6048093.255208832211792, 2120158.135736586991698 ], [ 6048005.974688329733908, 2120402.068450078833848 ], [ 6047943.024034397676587, 2120653.38154790783301 ], [ 6047905.009496247395873, 2120909.654747560620308 ], [ 6047892.297174662351608, 2121168.41999803064391 ], [ 6047905.009496247395873, 2121427.185248500667512 ], [ 6047943.024034397676587, 2121683.45844815345481 ], [ 6048005.974688329733908, 2121934.771545982453972 ], [ 6048093.255208832211792, 2122178.704259474296123 ], [ 6048188.994378327392042, 2122381.127726031001657 ], [ 6048209.275693815201521, 2122462.095276085659862 ], [ 6048296.556214317679405, 2122706.027989577502012 ], [ 6048407.326042268425226, 2122940.231113354675472 ], [ 6048430.344205377623439, 2122978.634598400443792 ], [ 6048436.992271561175585, 2122992.690753366332501 ], [ 6048570.184632961638272, 2123214.908783317077905 ], [ 6048724.516812562942505, 2123423.001638337504119 ], [ 6048898.502507108263671, 2123614.965270477812737 ], [ 6049090.46613924857229, 2123788.950965023133904 ], [ 6049298.558994268998504, 2123943.283144624438137 ], [ 6049520.777024219743907, 2124076.475506025366485 ], [ 6049754.980147996917367, 2124187.245333975180984 ], [ 6049998.912861488759518, 2124274.52585447859019 ], [ 6050250.225959317758679, 2124337.47650841018185 ], [ 6050506.499158970080316, 2124375.491046559996903 ], [ 6050765.26440944056958, 2124388.203368145506829 ], [ 6051024.029659911058843, 2124375.491046559996903 ], [ 6051280.30285956338048, 2124337.47650841018185 ], [ 6051531.615957392379642, 2124274.52585447859019 ], [ 6051775.548670884221792, 2124187.245333975180984 ], [ 6052009.751794661395252, 2124076.475506025366485 ], [ 6052231.969824612140656, 2123943.283144624438137 ], [ 6052440.062679632566869, 2123788.950965023133904 ], [ 6052632.026311772875488, 2123614.965270477812737 ], [ 6052806.012006318196654, 2123423.001638337504119 ], [ 6052960.344185919500887, 2123214.908783317077905 ], [ 6053093.536547319963574, 2122992.690753366332501 ], [ 6053204.306375270709395, 2122758.487629589159042 ], [ 6053291.58689577318728, 2122514.554916097316891 ], [ 6053354.537549705244601, 2122263.241818268317729 ], [ 6053392.552087855525315, 2122006.968618615530431 ], [ 6053405.26440944056958, 2121748.203368145506829 ], [ 6053392.552087855525315, 2121489.438117675483227 ], [ 6053354.537549705244601, 2121233.164918022695929 ], [ 6053291.58689577318728, 2120981.851820193696767 ], [ 6053204.306375270709395, 2120737.919106701854616 ], [ 6053100.783126481808722, 2120519.037587261758745 ], [ 6053083.325290381908417, 2120449.341998772229999 ], [ 6052996.044769879430532, 2120205.409285280387849 ], [ 6052885.274941928684711, 2119971.206161503214389 ], [ 6052874.147204212844372, 2119952.64065273758024 ], [ 6052860.569312541745603, 2119923.932612809818238 ], [ 6052727.376951141282916, 2119701.714582859072834 ] ] ] } }
]
}
