{
"type": "FeatureCollection",
"name": "Caltrain_buffers_200ft",
"crs": { "type": "name", "properties": { "name": "urn:ogc:def:crs:EPSG::2227" } },
"features": [
{ "type": "Feature", "properties": { "parent_sta": "22nd_street", "stop_id": 0, "stop_name": "22nd Street", "location_t": 2 }, "geometry": { "type": "Polygon", "coordinates": [ [ [ 6014895.722216639667749, 2103828.583370687905699 ], [ 6014892.842327386140823, 2103809.168734350241721 ], [ 6014888.07333845179528, 2103790.129863302689046 ], [ 6014881.461177807301283, 2103771.650112280622125 ], [ 6014873.069524174556136, 2103753.907451388426125 ], [ 6014862.979193765670061, 2103737.072752149775624 ], [ 6014851.287361977621913, 2103721.308141921181232 ], [ 6014838.10662754252553, 2103706.765442516189069 ], [ 6014823.563928137533367, 2103693.584708081092685 ], [ 6014807.799317909404635, 2103681.892876293044537 ], [ 6014790.964618669822812, 2103671.802545884158462 ], [ 6014773.221957777626812, 2103663.410892251413316 ], [ 6014754.742206756025553, 2103656.79873160738498 ], [ 6014735.703335708007216, 2103652.029742673039436 ], [ 6014716.288699370808899, 2103649.149853419046849 ], [ 6014696.685271305032074, 2103648.186798753682524 ], [ 6014677.08184323925525, 2103649.149853419046849 ], [ 6014657.667206902056932, 2103652.029742673039436 ], [ 6014638.628335854038596, 2103656.79873160738498 ], [ 6014620.148584832437336, 2103663.410892251413316 ], [ 6014602.405923940241337, 2103671.802545884158462 ], [ 6014597.928822011686862, 2103674.486017509829253 ], [ 6014597.404208451509476, 2103674.237893774639815 ], [ 6014578.924457429908216, 2103667.625733130611479 ], [ 6014559.88558638188988, 2103662.856744196265936 ], [ 6014540.470950044691563, 2103659.976854942273349 ], [ 6014520.867521978914738, 2103659.013800276909024 ], [ 6014501.264093913137913, 2103659.976854942273349 ], [ 6014481.849457575939596, 2103662.856744196265936 ], [ 6014462.810586527921259, 2103667.625733130611479 ], [ 6014444.33083550632, 2103674.237893774639815 ], [ 6014426.588174614124, 2103682.629547407384962 ], [ 6014409.753475374542177, 2103692.719877816271037 ], [ 6014393.988865146413445, 2103704.411709604319185 ], [ 6014379.446165741421282, 2103717.592444039415568 ], [ 6014366.265431306324899, 2103732.135143444407731 ], [ 6014354.573599518276751, 2103747.899753673002124 ], [ 6014344.483269109390676, 2103764.734452911652625 ], [ 6014336.091615476645529, 2103782.477113803848624 ], [ 6014329.479454832151532, 2103800.956864825915545 ], [ 6014324.710465897805989, 2103819.99573587346822 ], [ 6014321.830576644279063, 2103839.410372211132199 ], [ 6014320.867521978914738, 2103859.013800276909024 ], [ 6014321.830576644279063, 2103878.617228342685848 ], [ 6014324.710465897805989, 2103898.031864680349827 ], [ 6014329.479454832151532, 2103917.070735727902502 ], [ 6014336.091615476645529, 2103935.550486749969423 ], [ 6014344.483269109390676, 2103953.293147642165422 ], [ 6014354.573599518276751, 2103970.127846880815923 ], [ 6014366.265431306324899, 2103985.892457109410316 ], [ 6014379.446165741421282, 2104000.435156514402479 ], [ 6014393.988865146413445, 2104013.615890949498862 ], [ 6014409.753475374542177, 2104025.30772273754701 ], [ 6014426.588174614124, 2104035.398053146433085 ], [ 6014444.33083550632, 2104043.789706779178232 ], [ 6014462.810586527921259, 2104050.401867423206568 ], [ 6014481.849457575939596, 2104055.170856357552111 ], [ 6014501.264093913137913, 2104058.050745611544698 ], [ 6014520.867521978914738, 2104059.013800276909024 ], [ 6014540.470950044691563, 2104058.050745611544698 ], [ 6014559.88558638188988, 2104055.170856357552111 ], [ 6014578.924457429908216, 2104050.401867423206568 ], [ 6014597.404208451509476, 2104043.789706779178232 ], [ 6014615.146869343705475, 2104035.398053146433085 ], [ 6014619.623971272259951, 2104032.714581520762295 ], [ 6014620.148584832437336, 2104032.962705255951732 ], [ 6014638.628335854038596, 2104039.574865899980068 ], [ 6014657.667206902056932, 2104044.343854834325612 ], [ 6014677.08184323925525, 2104047.223744088318199 ], [ 6014696.685271305032074, 2104048.186798753682524 ], [ 6014716.288699370808899, 2104047.223744088318199 ], [ 6014735.703335708007216, 2104044.343854834325612 ], [ 6014754.742206756025553, 2104039.574865899980068 ], [ 6014773.221957777626812, 2104032.962705255951732 ], [ 6014790.964618669822812, 2104024.571051623206586 ], [ 6014807.799317909404635, 2104014.480721214320511 ], [ 6014823.563928137533367, 2104002.788889426272362 ], [ 6014838.10662754252553, 2103989.608154991175979 ], [ 6014851.287361977621913, 2103975.065455586183816 ], [ 6014862.979193765670061, 2103959.300845357589424 ], [ 6014873.069524174556136, 2103942.466146118938923 ], [ 6014881.461177807301283, 2103924.723485226742923 ], [ 6014888.07333845179528, 2103906.243734204676002 ], [ 6014892.842327386140823, 2103887.204863157123327 ], [ 6014895.722216639667749, 2103867.790226819459349 ], [ 6014896.685271305032074, 2103848.186798753682524 ], [ 6014895.722216639667749, 2103828.583370687905699 ] ] ] } },
{ "type": "Feature", "properties": { "parent_sta": "PS_TAMN", "stop_id": 0, "stop_name": "Tamien Station", "location_t": 2 }, "geometry": { "type": "Polygon", "coordinates": [ [ [ 6159068.395179938524961, 1939119.549794959370047 ], [ 6159051.560480698943138, 1939109.459464550018311 ], [ 6159033.817819806747139, 1939101.067810917505994 ], [ 6159015.338068785145879, 1939094.455650273244828 ], [ 6158996.299197737127542, 1939089.686661339132115 ], [ 6158976.884561399929225, 1939086.806772085372359 ], [ 6158957.2811333341524, 1939085.843717419775203 ], [ 6158937.677705268375576, 1939086.806772085372359 ], [ 6158918.263068931177258, 1939089.686661339132115 ], [ 6158899.224197883158922, 1939094.455650273244828 ], [ 6158880.744446861557662, 1939101.067810917505994 ], [ 6158863.001785969361663, 1939109.459464550018311 ], [ 6158846.16708672977984, 1939119.549794959370047 ], [ 6158830.402476501651108, 1939131.241626747185364 ], [ 6158815.859777096658945, 1939144.422361182514578 ], [ 6158802.679042661562562, 1939158.96506058704108 ], [ 6158790.987210873514414, 1939174.729670815868303 ], [ 6158780.896880464628339, 1939191.564370054518804 ], [ 6158772.505226831883192, 1939209.307030946714804 ], [ 6158765.893066187389195, 1939227.786781968781725 ], [ 6158761.124077253043652, 1939246.82565301656723 ], [ 6158758.244187999516726, 1939266.240289353765547 ], [ 6158757.2811333341524, 1939285.843717419775203 ], [ 6158758.244187999516726, 1939305.447145485784858 ], [ 6158761.124077253043652, 1939324.861781822983176 ], [ 6158765.893066187389195, 1939343.900652870768681 ], [ 6158772.505226831883192, 1939362.380403892835602 ], [ 6158780.896880464628339, 1939380.123064785031602 ], [ 6158790.987210873514414, 1939396.957764023682103 ], [ 6158802.679042661562562, 1939412.722374252509326 ], [ 6158815.859777096658945, 1939427.265073657035828 ], [ 6158830.402476501651108, 1939440.445808092365041 ], [ 6158846.16708672977984, 1939452.137639880180359 ], [ 6158863.001785969361663, 1939462.227970289532095 ], [ 6158863.449465657584369, 1939462.439707013079897 ], [ 6158871.460068989545107, 1939468.380775350145996 ], [ 6158888.29476822912693, 1939478.471105759497732 ], [ 6158906.03742912132293, 1939486.862759392010048 ], [ 6158924.51718014292419, 1939493.474920036271214 ], [ 6158943.556051190942526, 1939498.243908970383927 ], [ 6158962.970687528140843, 1939501.123798224143684 ], [ 6158982.574115593917668, 1939502.08685288974084 ], [ 6159002.177543659694493, 1939501.123798224143684 ], [ 6159021.59217999689281, 1939498.243908970383927 ], [ 6159040.631051044911146, 1939493.474920036271214 ], [ 6159059.110802066512406, 1939486.862759392010048 ], [ 6159076.853462958708405, 1939478.471105759497732 ], [ 6159093.688162198290229, 1939468.380775350145996 ], [ 6159109.45277242641896, 1939456.688943562330678 ], [ 6159123.995471831411123, 1939443.508209127001464 ], [ 6159137.176206266507506, 1939428.965509722474962 ], [ 6159148.868038054555655, 1939413.200899493647739 ], [ 6159158.95836846344173, 1939396.366200254997239 ], [ 6159167.350022096186876, 1939378.623539362801239 ], [ 6159173.962182740680873, 1939360.143788340734318 ], [ 6159178.731171675026417, 1939341.104917292948812 ], [ 6159181.611060928553343, 1939321.690280955750495 ], [ 6159182.574115593917668, 1939302.08685288974084 ], [ 6159181.611060928553343, 1939282.483424823731184 ], [ 6159178.731171675026417, 1939263.068788486532867 ], [ 6159173.962182740680873, 1939244.029917438747361 ], [ 6159167.350022096186876, 1939225.55016641668044 ], [ 6159158.95836846344173, 1939207.807505524484441 ], [ 6159148.868038054555655, 1939190.97280628583394 ], [ 6159137.176206266507506, 1939175.208196057006717 ], [ 6159123.995471831411123, 1939160.665496652480215 ], [ 6159109.45277242641896, 1939147.484762217151001 ], [ 6159093.688162198290229, 1939135.792930429335684 ], [ 6159076.853462958708405, 1939125.702600019983947 ], [ 6159076.405783270485699, 1939125.490863296436146 ], [ 6159068.395179938524961, 1939119.549794959370047 ] ] ] } },
{ "type": "Feature", "properties": { "parent_sta": "bayshore", "stop_id": 0, "stop_name": "Bayshore", "location_t": 2 }, "geometry": { "type": "Polygon", "coordinates": [ [ [ 6011793.446726832538843, 2086120.471328270854428 ], [ 6011790.566837579011917, 2086101.056691933656111 ], [ 6011785.797848644666374, 2086082.017820885870606 ], [ 6011779.185688000172377, 2086063.538069863803685 ], [ 6011770.79403436742723, 2086045.795408971607685 ], [ 6011760.703703958541155, 2086028.960709732957184 ], [ 6011749.011872170493007, 2086013.196099504129961 ], [ 6011735.831137735396624, 2085998.653400099603459 ], [ 6011721.28843833040446, 2085985.472665664274246 ], [ 6011705.523828102275729, 2085973.780833876458928 ], [ 6011688.689128862693906, 2085963.690503467107192 ], [ 6011670.946467970497906, 2085955.298849834594876 ], [ 6011652.466716948896646, 2085948.686689190333709 ], [ 6011633.42784590087831, 2085943.917700256220996 ], [ 6011614.013209563679993, 2085941.03781100246124 ], [ 6011594.409781497903168, 2085940.074756336864084 ], [ 6011590.519687494263053, 2085940.265864400658756 ], [ 6011588.906298628076911, 2085940.186603688169271 ], [ 6011569.302870562300086, 2085941.149658353766426 ], [ 6011549.888234225101769, 2085944.029547607526183 ], [ 6011530.849363177083433, 2085948.798536541638896 ], [ 6011512.369612155482173, 2085955.410697185900062 ], [ 6011494.626951263286173, 2085963.802350818412378 ], [ 6011477.79225202370435, 2085973.892681227764115 ], [ 6011462.027641795575619, 2085985.584513015579432 ], [ 6011447.484942390583456, 2085998.765247450908646 ], [ 6011434.304207955487072, 2086013.307946855435148 ], [ 6011422.612376167438924, 2086029.072557084262371 ], [ 6011412.522045758552849, 2086045.907256322912872 ], [ 6011404.130392125807703, 2086063.649917215108871 ], [ 6011397.518231481313705, 2086082.129668237175792 ], [ 6011392.749242546968162, 2086101.168539284961298 ], [ 6011389.869353293441236, 2086120.583175622159615 ], [ 6011388.906298628076911, 2086140.186603688169271 ], [ 6011389.869353293441236, 2086159.790031754178926 ], [ 6011392.749242546968162, 2086179.204668091377243 ], [ 6011397.518231481313705, 2086198.243539139162749 ], [ 6011404.130392125807703, 2086216.72329016122967 ], [ 6011412.522045758552849, 2086234.46595105342567 ], [ 6011422.612376167438924, 2086251.30065029207617 ], [ 6011434.304207955487072, 2086267.065260520903394 ], [ 6011447.484942390583456, 2086281.607959925429896 ], [ 6011462.027641795575619, 2086294.788694360759109 ], [ 6011477.79225202370435, 2086306.480526148574427 ], [ 6011494.626951263286173, 2086316.570856557926163 ], [ 6011512.369612155482173, 2086324.962510190438479 ], [ 6011530.849363177083433, 2086331.574670834699646 ], [ 6011549.888234225101769, 2086336.343659768812358 ], [ 6011569.302870562300086, 2086339.223549022572115 ], [ 6011588.906298628076911, 2086340.186603688169271 ], [ 6011592.796392631717026, 2086339.995495624374598 ], [ 6011594.409781497903168, 2086340.074756336864084 ], [ 6011614.013209563679993, 2086339.111701671266928 ], [ 6011633.42784590087831, 2086336.231812417507172 ], [ 6011652.466716948896646, 2086331.462823483394459 ], [ 6011670.946467970497906, 2086324.850662839133292 ], [ 6011688.689128862693906, 2086316.459009206620976 ], [ 6011705.523828102275729, 2086306.36867879726924 ], [ 6011721.28843833040446, 2086294.676847009453923 ], [ 6011735.831137735396624, 2086281.496112574124709 ], [ 6011749.011872170493007, 2086266.953413169598207 ], [ 6011760.703703958541155, 2086251.188802940770984 ], [ 6011770.79403436742723, 2086234.354103702120483 ], [ 6011779.185688000172377, 2086216.611442809924483 ], [ 6011785.797848644666374, 2086198.131691787857562 ], [ 6011790.566837579011917, 2086179.092820740072057 ], [ 6011793.446726832538843, 2086159.67818440287374 ], [ 6011794.409781497903168, 2086140.074756336864084 ], [ 6011793.446726832538843, 2086120.471328270854428 ] ] ] } },
{ "type": "Feature", "properties": { "parent_sta": "belmont", "stop_id": 0, "stop_name": "Belmont", "location_t": 2 }, "geometry": { "type": "Polygon", "coordinates": [ [ [ 6046998.344126092270017, 2016814.124512342270464 ], [ 6046991.73196544777602, 2016795.644761320203543 ], [ 6046983.340311815030873, 2016777.902100428007543 ], [ 6046973.249981406144798, 2016761.067401189357042 ], [ 6046961.55814961809665, 2016745.302790960529819 ], [ 6046948.377415183000267, 2016730.760091556003317 ], [ 6046933.834715778008103, 2016717.579357120674103 ], [ 6046918.070105549879372, 2016705.887525332858786 ], [ 6046901.235406310297549, 2016695.79719492350705 ], [ 6046883.492745418101549, 2016687.405541290994734 ], [ 6046865.012994396500289, 2016680.793380646733567 ], [ 6046845.974123348481953, 2016676.024391712620854 ], [ 6046826.559487011283636, 2016673.144502458861098 ], [ 6046806.956058945506811, 2016672.181447793263942 ], [ 6046787.352630879729986, 2016673.144502458861098 ], [ 6046767.937994542531669, 2016676.024391712620854 ], [ 6046748.899123494513333, 2016680.793380646733567 ], [ 6046730.419372472912073, 2016687.405541290994734 ], [ 6046712.676711580716074, 2016695.79719492350705 ], [ 6046695.84201234113425, 2016705.887525332858786 ], [ 6046680.077402113005519, 2016717.579357120674103 ], [ 6046665.534702708013356, 2016730.760091556003317 ], [ 6046652.353968272916973, 2016745.302790960529819 ], [ 6046640.662136484868824, 2016761.067401189357042 ], [ 6046630.571806075982749, 2016777.902100428007543 ], [ 6046622.180152443237603, 2016795.644761320203543 ], [ 6046615.567991798743606, 2016814.124512342270464 ], [ 6046615.418466370552778, 2016814.721451313002035 ], [ 6046611.725479675456882, 2016816.042823081370443 ], [ 6046593.982818783260882, 2016824.434476713882759 ], [ 6046577.148119543679059, 2016834.524807123234496 ], [ 6046561.383509315550327, 2016846.216638911049813 ], [ 6046546.840809910558164, 2016859.397373346379027 ], [ 6046533.660075475461781, 2016873.940072750905529 ], [ 6046521.968243687413633, 2016889.704682979732752 ], [ 6046511.877913278527558, 2016906.539382218383253 ], [ 6046503.486259645782411, 2016924.282043110579252 ], [ 6046496.874099001288414, 2016942.761794132646173 ], [ 6046496.364900450222194, 2016944.794628699775785 ], [ 6046493.584334372542799, 2016944.931229151785374 ], [ 6046474.169698035344481, 2016947.81111840554513 ], [ 6046455.130826987326145, 2016952.580107339657843 ], [ 6046436.651075965724885, 2016959.19226798391901 ], [ 6046418.908415073528886, 2016967.583921616431326 ], [ 6046402.073715833947062, 2016977.674252025783062 ], [ 6046386.309105605818331, 2016989.366083813598379 ], [ 6046371.766406200826168, 2017002.546818248927593 ], [ 6046358.585671765729785, 2017017.089517653454095 ], [ 6046346.893839977681637, 2017032.854127882281318 ], [ 6046336.803509568795562, 2017049.688827120931819 ], [ 6046328.411855936050415, 2017067.431488013127819 ], [ 6046321.799695291556418, 2017085.91123903519474 ], [ 6046317.030706357210875, 2017104.950110082980245 ], [ 6046314.150817103683949, 2017124.364746420178562 ], [ 6046313.187762438319623, 2017143.968174486188218 ], [ 6046314.150817103683949, 2017163.571602552197874 ], [ 6046317.030706357210875, 2017182.986238889396191 ], [ 6046321.799695291556418, 2017202.025109937181696 ], [ 6046328.411855936050415, 2017220.504860959248617 ], [ 6046334.256839433684945, 2017232.863040247932076 ], [ 6046334.624266028404236, 2017234.329889437416568 ], [ 6046341.236426672898233, 2017252.809640459483489 ], [ 6046349.62808030564338, 2017270.552301351679489 ], [ 6046359.718410714529455, 2017287.38700059032999 ], [ 6046371.410242502577603, 2017303.151610819157213 ], [ 6046384.590976937673986, 2017317.694310223683715 ], [ 6046398.618162276223302, 2017330.407809944590554 ], [ 6046399.481095450930297, 2017333.852832286851481 ], [ 6046406.093256095424294, 2017352.332583308918402 ], [ 6046414.484909728169441, 2017370.075244201114401 ], [ 6046424.575240137055516, 2017386.909943439764902 ], [ 6046436.267071925103664, 2017402.674553668592125 ], [ 6046449.447806360200047, 2017417.217253073118627 ], [ 6046463.990505765192211, 2017430.397987508447841 ], [ 6046479.755115993320942, 2017442.089819296263158 ], [ 6046496.589815232902765, 2017452.180149705614895 ], [ 6046514.332476125098765, 2017460.571803338127211 ], [ 6046532.812227146700025, 2017467.183963982388377 ], [ 6046551.851098194718361, 2017471.95295291650109 ], [ 6046571.265734531916678, 2017474.832842170260847 ], [ 6046590.869162597693503, 2017475.795896835858002 ], [ 6046610.472590663470328, 2017474.832842170260847 ], [ 6046629.887227000668645, 2017471.95295291650109 ], [ 6046648.926098048686981, 2017467.183963982388377 ], [ 6046667.405849070288241, 2017460.571803338127211 ], [ 6046685.148509962484241, 2017452.180149705614895 ], [ 6046701.983209202066064, 2017442.089819296263158 ], [ 6046717.747819430194795, 2017430.397987508447841 ], [ 6046732.290518835186958, 2017417.217253073118627 ], [ 6046745.471253270283341, 2017402.674553668592125 ], [ 6046757.16308505833149, 2017386.909943439764902 ], [ 6046767.253415467217565, 2017370.075244201114401 ], [ 6046775.645069099962711, 2017352.332583308918402 ], [ 6046782.257229744456708, 2017333.852832286851481 ], [ 6046787.026218678802252, 2017314.813961239065975 ], [ 6046789.906107932329178, 2017295.399324901867658 ], [ 6046790.869162597693503, 2017275.795896835858002 ], [ 6046789.906107932329178, 2017256.192468769848347 ], [ 6046787.026218678802252, 2017236.77783243265003 ], [ 6046782.257229744456708, 2017217.738961384864524 ], [ 6046775.645069099962711, 2017199.259210362797603 ], [ 6046770.736652230843902, 2017188.881234837230295 ], [ 6046771.043201605789363, 2017182.641278967726976 ], [ 6046782.541513512842357, 2017177.202982453396544 ], [ 6046799.376212752424181, 2017167.112652044044808 ], [ 6046815.140822980552912, 2017155.42082025622949 ], [ 6046829.683522385545075, 2017142.240085820900276 ], [ 6046842.864256820641458, 2017127.697386416373774 ], [ 6046854.556088608689606, 2017111.932776187546551 ], [ 6046864.646419017575681, 2017095.09807694889605 ], [ 6046873.038072650320828, 2017077.355416056700051 ], [ 6046879.650233294814825, 2017058.87566503463313 ], [ 6046879.799758723005652, 2017058.278726063901559 ], [ 6046883.492745418101549, 2017056.95735429553315 ], [ 6046901.235406310297549, 2017048.565700663020834 ], [ 6046918.070105549879372, 2017038.475370253669098 ], [ 6046933.834715778008103, 2017026.783538465853781 ], [ 6046948.377415183000267, 2017013.602804030524567 ], [ 6046961.55814961809665, 2016999.060104625998065 ], [ 6046973.249981406144798, 2016983.295494397170842 ], [ 6046983.340311815030873, 2016966.460795158520341 ], [ 6046991.73196544777602, 2016948.718134266324341 ], [ 6046998.344126092270017, 2016930.23838324425742 ], [ 6047003.11311502661556, 2016911.199512196471915 ], [ 6047005.993004280142486, 2016891.784875859273598 ], [ 6047006.956058945506811, 2016872.181447793263942 ], [ 6047005.993004280142486, 2016852.578019727254286 ], [ 6047003.11311502661556, 2016833.163383390055969 ], [ 6046998.344126092270017, 2016814.124512342270464 ] ] ] } },
{ "type": "Feature", "properties": { "parent_sta": "burlingame", "stop_id": 0, "stop_name": "Burlingame", "location_t": 2 }, "geometry": { "type": "MultiPolygon", "coordinates": [ [ [ [ 6027731.826593714766204, 2038562.428753246786073 ], [ 6027720.134761926718056, 2038546.66414301795885 ], [ 6027706.954027491621673, 2038532.121443613432348 ], [ 6027692.41132808662951, 2038518.940709178103134 ], [ 6027676.646717858500779, 2038507.248877390287817 ], [ 6027659.812018618918955, 2038497.15854698093608 ], [ 6027642.069357726722956, 2038488.766893348423764 ], [ 6027623.589606705121696, 2038482.154732704162598 ], [ 6027604.55073565710336, 2038477.385743770049885 ], [ 6027585.136099319905043, 2038474.505854516290128 ], [ 6027565.532671254128218, 2038473.542799850692973 ], [ 6027545.929243188351393, 2038474.505854516290128 ], [ 6027526.514606851153076, 2038477.385743770049885 ], [ 6027507.475735803134739, 2038482.154732704162598 ], [ 6027488.99598478153348, 2038488.766893348423764 ], [ 6027471.25332388933748, 2038497.15854698093608 ], [ 6027454.418624649755657, 2038507.248877390287817 ], [ 6027438.654014421626925, 2038518.940709178103134 ], [ 6027424.111315016634762, 2038532.121443613432348 ], [ 6027410.930580581538379, 2038546.66414301795885 ], [ 6027399.238748793490231, 2038562.428753246786073 ], [ 6027389.148418384604156, 2038579.263452485436574 ], [ 6027380.756764751859009, 2038597.006113377632573 ], [ 6027374.144604107365012, 2038615.485864399699494 ], [ 6027369.375615173019469, 2038634.524735447485 ], [ 6027366.495725919492543, 2038653.939371784683317 ], [ 6027365.532671254128218, 2038673.542799850692973 ], [ 6027366.495725919492543, 2038693.146227916702628 ], [ 6027369.375615173019469, 2038712.560864253900945 ], [ 6027374.144604107365012, 2038731.599735301686451 ], [ 6027380.756764751859009, 2038750.079486323753372 ], [ 6027389.148418384604156, 2038767.822147215949371 ], [ 6027399.238748793490231, 2038784.656846454599872 ], [ 6027403.243961123749614, 2038790.057250122074038 ], [ 6027404.947938072495162, 2038794.819546662736684 ], [ 6027413.339591705240309, 2038812.562207554932684 ], [ 6027423.429922114126384, 2038829.396906793583184 ], [ 6027435.121753902174532, 2038845.161517022410408 ], [ 6027448.302488337270916, 2038859.70421642693691 ], [ 6027462.845187742263079, 2038872.884950862266123 ], [ 6027478.60979797039181, 2038884.576782650081441 ], [ 6027495.444497209973633, 2038894.667113059433177 ], [ 6027513.187158102169633, 2038903.058766691945493 ], [ 6027531.666909123770893, 2038909.67092733620666 ], [ 6027550.705780171789229, 2038914.439916270319372 ], [ 6027570.120416508987546, 2038917.319805524079129 ], [ 6027589.723844574764371, 2038918.282860189676285 ], [ 6027609.327272640541196, 2038917.319805524079129 ], [ 6027628.741908977739513, 2038914.439916270319372 ], [ 6027647.780780025757849, 2038909.67092733620666 ], [ 6027666.260531047359109, 2038903.058766691945493 ], [ 6027684.003191939555109, 2038894.667113059433177 ], [ 6027700.837891179136932, 2038884.576782650081441 ], [ 6027716.602501407265663, 2038872.884950862266123 ], [ 6027731.145200812257826, 2038859.70421642693691 ], [ 6027744.325935247354209, 2038845.161517022410408 ], [ 6027756.017767035402358, 2038829.396906793583184 ], [ 6027766.108097444288433, 2038812.562207554932684 ], [ 6027774.499751077033579, 2038794.819546662736684 ], [ 6027781.111911721527576, 2038776.339795640669763 ], [ 6027785.88090065587312, 2038757.300924592884257 ], [ 6027788.760789909400046, 2038737.88628825568594 ], [ 6027789.723844574764371, 2038718.282860189676285 ], [ 6027788.760789909400046, 2038698.679432123666629 ], [ 6027785.88090065587312, 2038679.264795786468312 ], [ 6027781.111911721527576, 2038660.225924738682806 ], [ 6027774.499751077033579, 2038641.746173716615885 ], [ 6027766.108097444288433, 2038624.003512824419886 ], [ 6027756.017767035402358, 2038607.168813585769385 ], [ 6027752.012554705142975, 2038601.76840991829522 ], [ 6027750.308577756397426, 2038597.006113377632573 ], [ 6027741.916924123652279, 2038579.263452485436574 ], [ 6027731.826593714766204, 2038562.428753246786073 ] ] ], [ [ [ 6027092.149674350395799, 2038660.258767756167799 ], [ 6027072.735038013197482, 2038657.378878502408043 ], [ 6027053.131609947420657, 2038656.415823836810887 ], [ 6027033.528181881643832, 2038657.378878502408043 ], [ 6027014.113545544445515, 2038660.258767756167799 ], [ 6026995.074674496427178, 2038665.027756690280512 ], [ 6026976.594923474825919, 2038671.639917334541678 ], [ 6026958.852262582629919, 2038680.031570967053995 ], [ 6026942.017563343048096, 2038690.121901376405731 ], [ 6026926.252953114919364, 2038701.813733164221048 ], [ 6026911.710253709927201, 2038714.994467599550262 ], [ 6026898.529519274830818, 2038729.537167004076764 ], [ 6026886.83768748678267, 2038745.301777232903987 ], [ 6026876.747357077896595, 2038762.136476471554488 ], [ 6026868.355703445151448, 2038779.879137363750488 ], [ 6026861.743542800657451, 2038798.358888385817409 ], [ 6026856.974553866311908, 2038817.397759433602914 ], [ 6026854.141761635430157, 2038836.494893435155973 ], [ 6026847.983777196146548, 2038839.407403165241703 ], [ 6026831.149077956564724, 2038849.49773357459344 ], [ 6026815.384467728435993, 2038861.189565362408757 ], [ 6026800.84176832344383, 2038874.370299797737971 ], [ 6026787.661033888347447, 2038888.912999202264473 ], [ 6026775.969202100299299, 2038904.677609431091696 ], [ 6026765.878871691413224, 2038921.512308669742197 ], [ 6026757.487218058668077, 2038939.254969561938196 ], [ 6026750.87505741417408, 2038957.734720584005117 ], [ 6026746.106068479828537, 2038976.773591631790623 ], [ 6026743.22617922630161, 2038996.18822796898894 ], [ 6026742.263124560937285, 2039015.791656034998596 ], [ 6026743.22617922630161, 2039035.395084101008251 ], [ 6026746.106068479828537, 2039054.809720438206568 ], [ 6026750.87505741417408, 2039073.848591485992074 ], [ 6026757.487218058668077, 2039092.328342508058995 ], [ 6026765.878871691413224, 2039110.071003400254995 ], [ 6026775.969202100299299, 2039126.905702638905495 ], [ 6026787.661033888347447, 2039142.670312867732719 ], [ 6026800.84176832344383, 2039157.21301227225922 ], [ 6026815.384467728435993, 2039170.393746707588434 ], [ 6026831.149077956564724, 2039182.085578495403752 ], [ 6026847.983777196146548, 2039192.175908904755488 ], [ 6026861.892219922505319, 2039198.754112401977181 ], [ 6026863.751185146160424, 2039200.805164456600323 ], [ 6026878.293884551152587, 2039213.985898891929537 ], [ 6026894.058494779281318, 2039225.677730679744855 ], [ 6026910.893194018863142, 2039235.768061089096591 ], [ 6026928.635854911059141, 2039244.159714721608907 ], [ 6026947.115605932660401, 2039250.771875365870073 ], [ 6026966.154476980678737, 2039255.540864299982786 ], [ 6026985.569113317877054, 2039258.420753553742543 ], [ 6027005.172541383653879, 2039259.383808219339699 ], [ 6027024.775969449430704, 2039258.420753553742543 ], [ 6027044.190605786629021, 2039255.540864299982786 ], [ 6027063.229476834647357, 2039250.771875365870073 ], [ 6027081.709227856248617, 2039244.159714721608907 ], [ 6027099.451888748444617, 2039235.768061089096591 ], [ 6027116.28658798802644, 2039225.677730679744855 ], [ 6027132.051198216155171, 2039213.985898891929537 ], [ 6027146.593897621147335, 2039200.805164456600323 ], [ 6027158.42133145686239, 2039187.755602169781923 ], [ 6027168.153061022982001, 2039181.92262794310227 ], [ 6027177.942575003020465, 2039174.662229551700875 ], [ 6027180.343564143404365, 2039174.060813080519438 ], [ 6027198.823315165005624, 2039167.448652436258271 ], [ 6027216.565976057201624, 2039159.056998803745955 ], [ 6027233.400675296783447, 2039148.966668394394219 ], [ 6027249.165285524912179, 2039137.274836606578901 ], [ 6027263.707984929904342, 2039124.094102171249688 ], [ 6027276.888719365000725, 2039109.551402766723186 ], [ 6027288.580551153048873, 2039093.786792537895963 ], [ 6027298.670881561934948, 2039076.952093299245462 ], [ 6027307.062535194680095, 2039059.209432407049462 ], [ 6027313.674695839174092, 2039040.729681384982541 ], [ 6027315.042002991773188, 2039035.271085250424221 ], [ 6027324.304885569028556, 2039028.40126332687214 ], [ 6027338.84758497402072, 2039015.220528891542926 ], [ 6027352.028319409117103, 2039000.677829487016425 ], [ 6027363.720151197165251, 2038984.913219258189201 ], [ 6027373.810481606051326, 2038968.078520019538701 ], [ 6027382.202135238796473, 2038950.335859127342701 ], [ 6027388.81429588329047, 2038931.85610810527578 ], [ 6027393.583284817636013, 2038912.817237057490274 ], [ 6027396.463174071162939, 2038893.402600720291957 ], [ 6027397.426228736527264, 2038873.799172654282302 ], [ 6027396.463174071162939, 2038854.195744588272646 ], [ 6027393.583284817636013, 2038834.781108251074329 ], [ 6027388.81429588329047, 2038815.742237203288823 ], [ 6027382.202135238796473, 2038797.262486181221902 ], [ 6027373.810481606051326, 2038779.519825289025903 ], [ 6027363.720151197165251, 2038762.685126050375402 ], [ 6027352.028319409117103, 2038746.920515821548179 ], [ 6027338.84758497402072, 2038732.377816417021677 ], [ 6027324.304885569028556, 2038719.197081981692463 ], [ 6027308.540275340899825, 2038707.505250193877146 ], [ 6027291.705576101318002, 2038697.414919784525409 ], [ 6027273.962915209122002, 2038689.023266152013093 ], [ 6027255.483164187520742, 2038682.411105507751927 ], [ 6027236.444293139502406, 2038677.642116573639214 ], [ 6027217.029656802304089, 2038674.762227319879457 ], [ 6027197.426228736527264, 2038673.799172654282302 ], [ 6027177.822800670750439, 2038674.762227319879457 ], [ 6027158.408164333552122, 2038677.642116573639214 ], [ 6027147.840676195919514, 2038680.289134553866461 ], [ 6027147.410957312211394, 2038680.031570967053995 ], [ 6027129.668296420015395, 2038671.639917334541678 ], [ 6027111.188545398414135, 2038665.027756690280512 ], [ 6027092.149674350395799, 2038660.258767756167799 ] ] ] ] } },
{ "type": "Feature", "properties": { "parent_sta": "california_ave", "stop_id": 0, "stop_name": "California Avenue", "location_t": 2 }, "geometry": { "type": "Polygon", "coordinates": [ [ [ 6085569.02029134798795, 1982513.326481212861836 ], [ 6085562.408130703493953, 1982494.846730190794915 ], [ 6085554.016477070748806, 1982477.104069298598915 ], [ 6085543.926146661862731, 1982460.269370059948415 ], [ 6085532.234314873814583, 1982444.504759831121191 ], [ 6085519.0535804387182, 1982429.962060426594689 ], [ 6085504.510881033726037, 1982416.781325991265476 ], [ 6085488.746270805597305, 1982405.089494203450158 ], [ 6085471.911571566015482, 1982394.999163794098422 ], [ 6085454.168910673819482, 1982386.607510161586106 ], [ 6085435.689159652218223, 1982379.995349517324939 ], [ 6085416.650288604199886, 1982375.226360583212227 ], [ 6085397.235652267001569, 1982372.34647132945247 ], [ 6085377.632224201224744, 1982371.383416663855314 ], [ 6085358.028796135447919, 1982372.34647132945247 ], [ 6085338.614159798249602, 1982375.226360583212227 ], [ 6085319.575288750231266, 1982379.995349517324939 ], [ 6085301.095537728630006, 1982386.607510161586106 ], [ 6085283.352876836434007, 1982394.999163794098422 ], [ 6085266.518177596852183, 1982405.089494203450158 ], [ 6085250.753567368723452, 1982416.781325991265476 ], [ 6085236.210867963731289, 1982429.962060426594689 ], [ 6085223.030133528634906, 1982444.504759831121191 ], [ 6085211.338301740586758, 1982460.269370059948415 ], [ 6085201.247971331700683, 1982477.104069298598915 ], [ 6085192.856317698955536, 1982494.846730190794915 ], [ 6085191.550957425497472, 1982498.494967756327242 ], [ 6085187.673795295879245, 1982499.070090429624543 ], [ 6085168.634924247860909, 1982503.839079363737255 ], [ 6085150.155173226259649, 1982510.451240007998422 ], [ 6085132.412512334063649, 1982518.842893640510738 ], [ 6085115.577813094481826, 1982528.933224049862474 ], [ 6085099.813202866353095, 1982540.625055837677792 ], [ 6085085.270503461360931, 1982553.805790273007005 ], [ 6085077.49682844709605, 1982562.382718938170001 ], [ 6085064.82344519533217, 1982568.376782807521522 ], [ 6085047.988745955750346, 1982578.467113216873258 ], [ 6085032.224135727621615, 1982590.158945004688576 ], [ 6085017.681436322629452, 1982603.33967944001779 ], [ 6085010.396807743236423, 1982611.377028513466939 ], [ 6084993.947516309097409, 1982617.262679100502282 ], [ 6084976.20485541690141, 1982625.654332733014598 ], [ 6084959.370156177319586, 1982635.744663142366335 ], [ 6084943.605545949190855, 1982647.436494930181652 ], [ 6084929.062846544198692, 1982660.617229365510866 ], [ 6084915.882112109102309, 1982675.159928770037368 ], [ 6084904.190280321054161, 1982690.924538998864591 ], [ 6084894.099949912168086, 1982707.759238237515092 ], [ 6084890.134337378665805, 1982716.143821478821337 ], [ 6084872.836310393176973, 1982720.476751675596461 ], [ 6084854.356559371575713, 1982727.088912319857627 ], [ 6084836.613898479379714, 1982735.480565952369943 ], [ 6084819.77919923979789, 1982745.57089636172168 ], [ 6084804.014589011669159, 1982757.262728149536997 ], [ 6084789.471889606676996, 1982770.443462584866211 ], [ 6084788.858921297825873, 1982771.119768894044682 ], [ 6084776.903650905005634, 1982779.986401712056249 ], [ 6084762.360951500013471, 1982793.167136147385463 ], [ 6084749.180217064917088, 1982807.709835551911965 ], [ 6084737.488385276868939, 1982823.474445780739188 ], [ 6084727.398054867982864, 1982840.309145019389689 ], [ 6084719.006401235237718, 1982858.051805911585689 ], [ 6084712.394240590743721, 1982876.53155693365261 ], [ 6084707.625251656398177, 1982895.570427981438115 ], [ 6084704.745362402871251, 1982914.985064318636432 ], [ 6084703.782307737506926, 1982934.588492384646088 ], [ 6084704.745362402871251, 1982954.191920450655743 ], [ 6084707.625251656398177, 1982973.606556787854061 ], [ 6084712.394240590743721, 1982992.645427835639566 ], [ 6084719.006401235237718, 1983011.125178857706487 ], [ 6084727.398054867982864, 1983028.867839749902487 ], [ 6084737.488385276868939, 1983045.702538988552988 ], [ 6084749.180217064917088, 1983061.467149217380211 ], [ 6084762.360951500013471, 1983076.009848621906713 ], [ 6084776.903650905005634, 1983089.190583057235926 ], [ 6084792.668261133134365, 1983100.882414845051244 ], [ 6084809.502960372716188, 1983110.97274525440298 ], [ 6084827.245621264912188, 1983119.364398886915296 ], [ 6084845.725372286513448, 1983125.976559531176463 ], [ 6084864.764243334531784, 1983130.745548465289176 ], [ 6084884.178879671730101, 1983133.625437719048932 ], [ 6084903.782307737506926, 1983134.588492384646088 ], [ 6084923.385735803283751, 1983133.625437719048932 ], [ 6084942.800372140482068, 1983130.745548465289176 ], [ 6084961.839243188500404, 1983125.976559531176463 ], [ 6084980.318994210101664, 1983119.364398886915296 ], [ 6084998.061655102297664, 1983110.97274525440298 ], [ 6085014.896354341879487, 1983100.882414845051244 ], [ 6085030.660964570008218, 1983089.190583057235926 ], [ 6085045.203663975000381, 1983076.009848621906713 ], [ 6085045.816632283851504, 1983075.333542312728241 ], [ 6085051.520711866207421, 1983071.10310857440345 ], [ 6085055.290983080863953, 1983072.047512349905446 ], [ 6085074.70561941806227, 1983074.927401603665203 ], [ 6085094.309047483839095, 1983075.890456269262359 ], [ 6085113.91247554961592, 1983074.927401603665203 ], [ 6085133.327111886814237, 1983072.047512349905446 ], [ 6085152.365982934832573, 1983067.278523415792733 ], [ 6085170.845733956433833, 1983060.666362771531567 ], [ 6085188.588394848629832, 1983052.274709139019251 ], [ 6085205.423094088211656, 1983042.184378729667515 ], [ 6085221.187704316340387, 1983030.492546941852197 ], [ 6085235.73040372133255, 1983017.311812506522983 ], [ 6085248.911138156428933, 1983002.769113101996481 ], [ 6085260.602969944477081, 1982987.004502873169258 ], [ 6085270.693300353363156, 1982970.169803634518757 ], [ 6085279.084953986108303, 1982952.427142742322758 ], [ 6085285.6971146306023, 1982933.947391720255837 ], [ 6085290.466103564947844, 1982914.908520672470331 ], [ 6085290.597474026493728, 1982914.022892960812896 ], [ 6085291.828758279792964, 1982914.083382077282295 ], [ 6085311.432186345569789, 1982913.120327411685139 ], [ 6085330.846822682768106, 1982910.240438157925382 ], [ 6085349.885693730786443, 1982905.47144922381267 ], [ 6085368.365444752387702, 1982898.859288579551503 ], [ 6085386.108105644583702, 1982890.467634947039187 ], [ 6085402.942804884165525, 1982880.377304537687451 ], [ 6085418.707415112294257, 1982868.685472749872133 ], [ 6085433.25011451728642, 1982855.504738314542919 ], [ 6085446.430848952382803, 1982840.962038910016418 ], [ 6085458.122680740430951, 1982825.197428681189194 ], [ 6085468.213011149317026, 1982808.362729442538694 ], [ 6085476.604664782062173, 1982790.620068550342694 ], [ 6085483.21682542655617, 1982772.140317528275773 ], [ 6085487.985814360901713, 1982753.101446480490267 ], [ 6085490.462581888772547, 1982736.404436071868986 ], [ 6085504.510881033726037, 1982725.985507336445153 ], [ 6085519.0535804387182, 1982712.804772901115939 ], [ 6085532.234314873814583, 1982698.262073496589437 ], [ 6085543.926146661862731, 1982682.497463267762214 ], [ 6085554.016477070748806, 1982665.662764029111713 ], [ 6085562.408130703493953, 1982647.920103136915714 ], [ 6085569.02029134798795, 1982629.440352114848793 ], [ 6085573.789280282333493, 1982610.401481067063287 ], [ 6085576.669169535860419, 1982590.98684472986497 ], [ 6085577.632224201224744, 1982571.383416663855314 ], [ 6085576.669169535860419, 1982551.779988597845659 ], [ 6085573.789280282333493, 1982532.365352260647342 ], [ 6085569.02029134798795, 1982513.326481212861836 ] ] ] } },
{ "type": "Feature", "properties": { "parent_sta": "hayward_park", "stop_id": 0, "stop_name": "Hayward Park", "location_t": 2 }, "geometry": { "type": "Polygon", "coordinates": [ [ [ 6037250.458148309029639, 2028441.448478371370584 ], [ 6037231.043511971831322, 2028438.568589117610827 ], [ 6037211.440083906054497, 2028437.605534452013671 ], [ 6037191.836655840277672, 2028438.568589117610827 ], [ 6037172.422019503079355, 2028441.448478371370584 ], [ 6037153.383148455061018, 2028446.217467305483297 ], [ 6037134.903397433459759, 2028452.829627949744463 ], [ 6037117.160736541263759, 2028461.221281582256779 ], [ 6037100.326037301681936, 2028471.311611991608515 ], [ 6037084.561427073553205, 2028483.003443779423833 ], [ 6037070.018727668561041, 2028496.184178214753047 ], [ 6037056.837993233464658, 2028510.726877619279549 ], [ 6037045.14616144541651, 2028526.491487848106772 ], [ 6037035.055831036530435, 2028543.326187086757272 ], [ 6037026.664177403785288, 2028561.068847978953272 ], [ 6037020.052016759291291, 2028579.548599001020193 ], [ 6037015.283027824945748, 2028598.587470048805699 ], [ 6037012.403138571418822, 2028618.002106386004016 ], [ 6037011.440083906054497, 2028637.605534452013671 ], [ 6037012.403138571418822, 2028657.208962518023327 ], [ 6037015.283027824945748, 2028676.623598855221644 ], [ 6037019.196665998548269, 2028692.24771825177595 ], [ 6037013.919673164375126, 2028695.410626035649329 ], [ 6036998.155062936246395, 2028707.102457823464647 ], [ 6036983.612363531254232, 2028720.283192258793861 ], [ 6036970.431629096157849, 2028734.825891663320363 ], [ 6036958.739797308109701, 2028750.590501892147586 ], [ 6036948.649466899223626, 2028767.425201130798087 ], [ 6036940.257813266478479, 2028785.167862022994086 ], [ 6036933.645652621984482, 2028803.647613045061007 ], [ 6036928.876663687638938, 2028822.686484092846513 ], [ 6036925.996774434112012, 2028842.10112043004483 ], [ 6036925.033719768747687, 2028861.704548496054485 ], [ 6036925.996774434112012, 2028881.307976562064141 ], [ 6036928.876663687638938, 2028900.722612899262458 ], [ 6036933.645652621984482, 2028919.761483947047964 ], [ 6036940.257813266478479, 2028938.241234969114885 ], [ 6036948.649466899223626, 2028955.983895861310884 ], [ 6036958.739797308109701, 2028972.818595099961385 ], [ 6036970.431629096157849, 2028988.583205328788608 ], [ 6036983.612363531254232, 2029003.12590473331511 ], [ 6036988.129163785837591, 2029007.219693857477978 ], [ 6036989.846663641743362, 2029012.019784389995039 ], [ 6036998.238317274488509, 2029029.762445282191038 ], [ 6037008.328647683374584, 2029046.597144520841539 ], [ 6037013.10414379183203, 2029053.036155632697046 ], [ 6037011.680651350878179, 2029052.825000475626439 ], [ 6036992.077223285101354, 2029051.861945810029283 ], [ 6036972.473795219324529, 2029052.825000475626439 ], [ 6036953.059158882126212, 2029055.704889729386196 ], [ 6036934.020287834107876, 2029060.473878663498908 ], [ 6036915.540536812506616, 2029067.086039307760075 ], [ 6036897.797875920310616, 2029075.477692940272391 ], [ 6036880.963176680728793, 2029085.568023349624127 ], [ 6036865.198566452600062, 2029097.259855137439445 ], [ 6036850.655867047607899, 2029110.440589572768658 ], [ 6036837.475132612511516, 2029124.98328897729516 ], [ 6036825.783300824463367, 2029140.747899206122383 ], [ 6036815.692970415577292, 2029157.582598444772884 ], [ 6036807.301316782832146, 2029175.325259336968884 ], [ 6036800.689156138338149, 2029193.805010359035805 ], [ 6036795.920167203992605, 2029212.843881406821311 ], [ 6036793.040277950465679, 2029232.258517744019628 ], [ 6036792.077223285101354, 2029251.861945810029283 ], [ 6036793.040277950465679, 2029271.465373876038939 ], [ 6036795.920167203992605, 2029290.880010213237256 ], [ 6036800.689156138338149, 2029309.918881261022761 ], [ 6036807.301316782832146, 2029328.398632283089682 ], [ 6036815.692970415577292, 2029346.141293175285682 ], [ 6036825.783300824463367, 2029362.975992413936183 ], [ 6036837.475132612511516, 2029378.740602642763406 ], [ 6036850.655867047607899, 2029393.283302047289908 ], [ 6036865.198566452600062, 2029406.464036482619122 ], [ 6036880.963176680728793, 2029418.155868270434439 ], [ 6036897.797875920310616, 2029428.246198679786175 ], [ 6036915.540536812506616, 2029436.637852312298492 ], [ 6036934.020287834107876, 2029443.250012956559658 ], [ 6036953.059158882126212, 2029448.019001890672371 ], [ 6036964.933273577131331, 2029449.780360420001671 ], [ 6036980.939263109117746, 2029457.350629671942443 ], [ 6036999.419014130719006, 2029463.962790316203609 ], [ 6037018.457885178737342, 2029468.731779250316322 ], [ 6037037.872521515935659, 2029471.611668504076079 ], [ 6037057.475949581712484, 2029472.574723169673234 ], [ 6037077.079377647489309, 2029471.611668504076079 ], [ 6037096.494013984687626, 2029468.731779250316322 ], [ 6037115.532885032705963, 2029463.962790316203609 ], [ 6037134.012636054307222, 2029457.350629671942443 ], [ 6037151.755296946503222, 2029448.958976039430127 ], [ 6037168.589996186085045, 2029438.86864563007839 ], [ 6037184.354606414213777, 2029427.176813842263073 ], [ 6037198.89730581920594, 2029413.996079406933859 ], [ 6037212.078040254302323, 2029399.453380002407357 ], [ 6037223.769872042350471, 2029383.688769773580134 ], [ 6037233.860202451236546, 2029366.854070534929633 ], [ 6037242.251856083981693, 2029349.111409642733634 ], [ 6037248.86401672847569, 2029330.631658620666713 ], [ 6037253.633005662821233, 2029311.592787572881207 ], [ 6037256.512894916348159, 2029292.17815123568289 ], [ 6037257.475949581712484, 2029272.574723169673234 ], [ 6037256.512894916348159, 2029252.971295103663579 ], [ 6037253.633005662821233, 2029233.556658766465262 ], [ 6037248.86401672847569, 2029214.517787718679756 ], [ 6037242.251856083981693, 2029196.038036696612835 ], [ 6037233.860202451236546, 2029178.295375804416835 ], [ 6037223.769872042350471, 2029161.460676565766335 ], [ 6037212.078040254302323, 2029145.696066336939111 ], [ 6037201.033461446873844, 2029133.510251469444484 ], [ 6037213.640634546987712, 2029131.640153997577727 ], [ 6037232.679505595006049, 2029126.871165063465014 ], [ 6037251.159256616607308, 2029120.259004419203848 ], [ 6037268.901917508803308, 2029111.867350786691532 ], [ 6037285.736616748385131, 2029101.777020377339795 ], [ 6037301.501226976513863, 2029090.085188589524478 ], [ 6037316.043926381506026, 2029076.904454154195264 ], [ 6037329.224660816602409, 2029062.361754749668762 ], [ 6037340.916492604650557, 2029046.597144520841539 ], [ 6037351.006823013536632, 2029029.762445282191038 ], [ 6037359.398476646281779, 2029012.019784389995039 ], [ 6037366.010637290775776, 2028993.540033367928118 ], [ 6037370.779626225121319, 2028974.501162320142612 ], [ 6037372.052520993165672, 2028965.920002821832895 ], [ 6037377.094428549520671, 2028957.508088260423392 ], [ 6037385.486082182265818, 2028939.765427368227392 ], [ 6037392.098242826759815, 2028921.285676346160471 ], [ 6037396.867231761105359, 2028902.246805298374966 ], [ 6037398.860279494896531, 2028888.810768857598305 ], [ 6037402.185434709303081, 2028883.263082539429888 ], [ 6037410.577088342048228, 2028865.520421647233889 ], [ 6037417.189248986542225, 2028847.040670625166968 ], [ 6037421.958237920887768, 2028828.001799577381462 ], [ 6037423.862761901691556, 2028815.162541803671047 ], [ 6037429.984048911370337, 2028804.949791419552639 ], [ 6037438.375702544115484, 2028787.20713052735664 ], [ 6037444.987863188609481, 2028768.727379505289719 ], [ 6037449.756852122955024, 2028749.688508457504213 ], [ 6037452.63674137648195, 2028730.273872120305896 ], [ 6037452.714206364937127, 2028728.697036050492898 ], [ 6037457.971550552174449, 2028714.003743367968127 ], [ 6037462.740539486519992, 2028694.964872320182621 ], [ 6037465.620428740046918, 2028675.550235982984304 ], [ 6037466.583483405411243, 2028655.946807916974649 ], [ 6037465.620428740046918, 2028636.343379850964993 ], [ 6037462.740539486519992, 2028616.928743513766676 ], [ 6037457.971550552174449, 2028597.889872465981171 ], [ 6037451.359389907680452, 2028579.41012144391425 ], [ 6037442.967736274935305, 2028561.66746055171825 ], [ 6037432.87740586604923, 2028544.832761313067749 ], [ 6037421.185574078001082, 2028529.068151084240526 ], [ 6037408.004839642904699, 2028514.525451679714024 ], [ 6037393.462140237912536, 2028501.34471724438481 ], [ 6037377.697530009783804, 2028489.652885456569493 ], [ 6037360.862830770201981, 2028479.562555047217757 ], [ 6037343.120169878005981, 2028471.17090141470544 ], [ 6037324.640418856404722, 2028464.558740770444274 ], [ 6037305.601547808386385, 2028459.789751836331561 ], [ 6037301.363553305156529, 2028459.161104736616835 ], [ 6037287.976770378649235, 2028452.829627949744463 ], [ 6037269.497019357047975, 2028446.217467305483297 ], [ 6037250.458148309029639, 2028441.448478371370584 ] ] ] } },
{ "type": "Feature", "properties": { "parent_sta": "hillsdale", "stop_id": 0, "stop_name": "Hillsdale", "location_t": 2 }, "geometry": { "type": "MultiPolygon", "coordinates": [ [ [ [ 6039753.341075726784766, 2024285.571660632034764 ], [ 6039734.302204678766429, 2024280.802671697922051 ], [ 6039714.887568341568112, 2024277.922782444162294 ], [ 6039695.284140275791287, 2024276.959727778565139 ], [ 6039675.680712210014462, 2024277.922782444162294 ], [ 6039656.266075872816145, 2024280.802671697922051 ], [ 6039637.227204824797809, 2024285.571660632034764 ], [ 6039618.747453803196549, 2024292.18382127629593 ], [ 6039601.00479291100055, 2024300.575474908808246 ], [ 6039584.170093671418726, 2024310.665805318159983 ], [ 6039568.405483443289995, 2024322.3576371059753 ], [ 6039553.862784038297832, 2024335.538371541304514 ], [ 6039540.682049603201449, 2024350.081070945831016 ], [ 6039528.990217815153301, 2024365.845681174658239 ], [ 6039518.899887406267226, 2024382.68038041330874 ], [ 6039510.508233773522079, 2024400.423041305504739 ], [ 6039509.825113473460078, 2024402.332234646193683 ], [ 6039506.019477505236864, 2024405.781462031882256 ], [ 6039492.838743070140481, 2024420.324161436408758 ], [ 6039481.146911282092333, 2024436.088771665235981 ], [ 6039471.056580873206258, 2024452.923470903886482 ], [ 6039462.664927240461111, 2024470.666131796082482 ], [ 6039456.052766595967114, 2024489.145882818149403 ], [ 6039451.283777661621571, 2024508.184753865934908 ], [ 6039448.403888408094645, 2024527.599390203133225 ], [ 6039447.440833742730319, 2024547.202818269142881 ], [ 6039448.403888408094645, 2024566.806246335152537 ], [ 6039451.283777661621571, 2024586.220882672350854 ], [ 6039456.052766595967114, 2024605.259753720136359 ], [ 6039462.664927240461111, 2024623.73950474220328 ], [ 6039471.056580873206258, 2024641.48216563439928 ], [ 6039481.146911282092333, 2024658.316864873049781 ], [ 6039492.838743070140481, 2024674.081475101877004 ], [ 6039506.019477505236864, 2024688.624174506403506 ], [ 6039520.562176910229027, 2024701.80490894173272 ], [ 6039536.326787138357759, 2024713.496740729548037 ], [ 6039553.161486377939582, 2024723.587071138899773 ], [ 6039560.022638694383204, 2024726.832154506584629 ], [ 6039561.93735065497458, 2024727.979788690339774 ], [ 6039579.680011547170579, 2024736.37144232285209 ], [ 6039598.159762568771839, 2024742.983602967113256 ], [ 6039617.198633616790175, 2024747.752591901225969 ], [ 6039636.613269953988492, 2024750.632481154985726 ], [ 6039656.216698019765317, 2024751.595535820582882 ], [ 6039675.820126085542142, 2024750.632481154985726 ], [ 6039695.234762422740459, 2024747.752591901225969 ], [ 6039714.273633470758796, 2024742.983602967113256 ], [ 6039732.753384492360055, 2024736.37144232285209 ], [ 6039750.496045384556055, 2024727.979788690339774 ], [ 6039767.330744624137878, 2024717.889458280988038 ], [ 6039783.09535485226661, 2024706.19762649317272 ], [ 6039797.638054257258773, 2024693.016892057843506 ], [ 6039810.818788692355156, 2024678.474192653317004 ], [ 6039822.510620480403304, 2024662.709582424489781 ], [ 6039832.600950889289379, 2024645.87488318583928 ], [ 6039840.992604522034526, 2024628.132222293643281 ], [ 6039841.990354394540191, 2024625.343698206124827 ], [ 6039845.050798087380826, 2024622.56987372925505 ], [ 6039858.23153252247721, 2024608.027174324728549 ], [ 6039869.923364310525358, 2024592.262564095901325 ], [ 6039880.013694719411433, 2024575.427864857250825 ], [ 6039888.405348352156579, 2024557.685203965054825 ], [ 6039895.017508996650577, 2024539.205452942987904 ], [ 6039899.78649793099612, 2024520.166581895202398 ], [ 6039902.666387184523046, 2024500.751945558004081 ], [ 6039903.629441849887371, 2024481.148517491994426 ], [ 6039902.666387184523046, 2024461.54508942598477 ], [ 6039899.78649793099612, 2024442.130453088786453 ], [ 6039895.017508996650577, 2024423.091582041000947 ], [ 6039888.405348352156579, 2024404.611831018934026 ], [ 6039880.013694719411433, 2024386.869170126738027 ], [ 6039869.923364310525358, 2024370.034470888087526 ], [ 6039858.23153252247721, 2024354.269860659260303 ], [ 6039845.050798087380826, 2024339.727161254733801 ], [ 6039830.508098682388663, 2024326.546426819404587 ], [ 6039814.743488454259932, 2024314.85459503158927 ], [ 6039797.908789214678109, 2024304.764264622237533 ], [ 6039791.475930470041931, 2024301.72174902795814 ], [ 6039789.563487640582025, 2024300.575474908808246 ], [ 6039771.820826748386025, 2024292.18382127629593 ], [ 6039753.341075726784766, 2024285.571660632034764 ] ] ], [ [ [ 6039443.105508071370423, 2024769.582229335093871 ], [ 6039424.066637023352087, 2024764.813240400981158 ], [ 6039404.652000686153769, 2024761.933351147221401 ], [ 6039385.048572620376945, 2024760.970296481624246 ], [ 6039365.44514455460012, 2024761.933351147221401 ], [ 6039346.030508217401803, 2024764.813240400981158 ], [ 6039326.991637169383466, 2024769.582229335093871 ], [ 6039308.511886147782207, 2024776.194389979355037 ], [ 6039290.769225255586207, 2024784.586043611867353 ], [ 6039273.934526016004384, 2024794.67637402121909 ], [ 6039258.169915787875652, 2024806.368205809034407 ], [ 6039243.627216382883489, 2024819.548940244363621 ], [ 6039230.446481947787106, 2024834.091639648890123 ], [ 6039218.754650159738958, 2024849.856249877717346 ], [ 6039208.664319750852883, 2024866.690949116367847 ], [ 6039204.241049000993371, 2024876.043169356649742 ], [ 6039202.045689551159739, 2024878.032927178777754 ], [ 6039188.864955116063356, 2024892.575626583304256 ], [ 6039177.173123328015208, 2024908.340236812131479 ], [ 6039167.082792919129133, 2024925.17493605078198 ], [ 6039158.691139286383986, 2024942.91759694297798 ], [ 6039152.078978641889989, 2024961.397347965044901 ], [ 6039147.309989707544446, 2024980.436219012830406 ], [ 6039144.43010045401752, 2024999.850855350028723 ], [ 6039143.467045788653195, 2025019.454283416038379 ], [ 6039144.43010045401752, 2025039.057711482048035 ], [ 6039147.309989707544446, 2025058.472347819246352 ], [ 6039152.078978641889989, 2025077.511218867031857 ], [ 6039158.691139286383986, 2025095.990969889098778 ], [ 6039167.082792919129133, 2025113.733630781294778 ], [ 6039177.173123328015208, 2025130.568330019945279 ], [ 6039188.864955116063356, 2025146.332940248772502 ], [ 6039202.045689551159739, 2025160.875639653299004 ], [ 6039216.588388956151903, 2025174.056374088628218 ], [ 6039232.352999184280634, 2025185.748205876443535 ], [ 6039233.37002033367753, 2025186.357784894295037 ], [ 6039238.949171686545014, 2025190.495565543184057 ], [ 6039255.783870926126838, 2025200.585895952535793 ], [ 6039273.526531818322837, 2025208.977549585048109 ], [ 6039292.006282839924097, 2025215.589710229309276 ], [ 6039311.045153887942433, 2025220.358699163421988 ], [ 6039330.45979022514075, 2025223.238588417181745 ], [ 6039350.063218290917575, 2025224.201643082778901 ], [ 6039369.6666463566944, 2025223.238588417181745 ], [ 6039389.081282693892717, 2025220.358699163421988 ], [ 6039408.120153741911054, 2025215.589710229309276 ], [ 6039426.599904763512313, 2025208.977549585048109 ], [ 6039444.342565655708313, 2025200.585895952535793 ], [ 6039461.177264895290136, 2025190.495565543184057 ], [ 6039476.941875123418868, 2025178.803733755368739 ], [ 6039491.484574528411031, 2025165.622999320039526 ], [ 6039504.665308963507414, 2025151.080299915513024 ], [ 6039516.357140751555562, 2025135.315689686685801 ], [ 6039526.447471160441637, 2025118.4809904480353 ], [ 6039531.824148386716843, 2025107.112961579114199 ], [ 6039533.770706676878035, 2025105.348703983705491 ], [ 6039546.951441111974418, 2025090.806004579178989 ], [ 6039558.643272900022566, 2025075.041394350351766 ], [ 6039568.733603308908641, 2025058.206695111701265 ], [ 6039577.125256941653788, 2025040.464034219505265 ], [ 6039583.737417586147785, 2025021.984283197438344 ], [ 6039588.506406520493329, 2025002.945412149652839 ], [ 6039591.386295774020255, 2024983.530775812454522 ], [ 6039592.34935043938458, 2024963.927347746444866 ], [ 6039591.386295774020255, 2024944.32391968043521 ], [ 6039588.506406520493329, 2024924.909283343236893 ], [ 6039583.737417586147785, 2024905.870412295451388 ], [ 6039577.125256941653788, 2024887.390661273384467 ], [ 6039568.733603308908641, 2024869.648000381188467 ], [ 6039558.643272900022566, 2024852.813301142537966 ], [ 6039546.951441111974418, 2024837.048690913710743 ], [ 6039533.770706676878035, 2024822.505991509184241 ], [ 6039519.228007271885872, 2024809.325257073855028 ], [ 6039503.463397043757141, 2024797.63342528603971 ], [ 6039486.628697804175317, 2024787.543094876687974 ], [ 6039468.886036911979318, 2024779.151441244175658 ], [ 6039464.579302351921797, 2024777.610466978512704 ], [ 6039461.585259092971683, 2024776.194389979355037 ], [ 6039443.105508071370423, 2024769.582229335093871 ] ] ] ] } },
{ "type": "Feature", "properties": { "parent_sta": "lawrence", "stop_id": 0, "stop_name": "Lawrence", "location_t": 2 }, "geometry": { "type": "Polygon", "coordinates": [ [ [ 6126796.25167440623045, 1960637.869007816305384 ], [ 6126777.212803358212113, 1960633.100018882192671 ], [ 6126757.798167021013796, 1960630.220129628432915 ], [ 6126738.194738955236971, 1960629.257074962835759 ], [ 6126718.591310889460146, 1960630.220129628432915 ], [ 6126699.176674552261829, 1960633.100018882192671 ], [ 6126680.137803504243493, 1960637.869007816305384 ], [ 6126673.457944219000638, 1960640.259099686285481 ], [ 6126661.951852490194142, 1960639.693841646425426 ], [ 6126642.348424424417317, 1960640.656896312022582 ], [ 6126622.933788087219, 1960643.536785565782338 ], [ 6126603.894917039200664, 1960648.305774499895051 ], [ 6126585.415166017599404, 1960654.917935144156218 ], [ 6126567.672505125403404, 1960663.309588776668534 ], [ 6126550.837805885821581, 1960673.39991918602027 ], [ 6126535.07319565769285, 1960685.091750973835588 ], [ 6126520.530496252700686, 1960698.272485409164801 ], [ 6126507.349761817604303, 1960712.815184813691303 ], [ 6126495.657930029556155, 1960728.579795042518526 ], [ 6126485.56759962067008, 1960745.414494281169027 ], [ 6126484.112803931348026, 1960748.490401332266629 ], [ 6126483.70874952711165, 1960748.345828354591504 ], [ 6126464.669878479093313, 1960743.576839420478791 ], [ 6126445.255242141894996, 1960740.696950166719034 ], [ 6126425.651814076118171, 1960739.733895501121879 ], [ 6126406.048386010341346, 1960740.696950166719034 ], [ 6126396.151219075545669, 1960742.16505619790405 ], [ 6126386.759106, 1960739.812454343773425 ], [ 6126367.344469662755728, 1960736.932565090013668 ], [ 6126347.741041596978903, 1960735.969510424416512 ], [ 6126328.137613531202078, 1960736.932565090013668 ], [ 6126308.722977194003761, 1960739.812454343773425 ], [ 6126289.684106145985425, 1960744.581443277886137 ], [ 6126271.204355124384165, 1960751.193603922147304 ], [ 6126253.461694232188165, 1960759.58525755465962 ], [ 6126236.626994992606342, 1960769.675587964011356 ], [ 6126220.862384764477611, 1960781.367419751826674 ], [ 6126206.319685359485447, 1960794.548154187155887 ], [ 6126193.138950924389064, 1960809.090853591682389 ], [ 6126181.447119136340916, 1960824.855463820509613 ], [ 6126171.356788727454841, 1960841.690163059160113 ], [ 6126162.965135094709694, 1960859.432823951356113 ], [ 6126156.352974450215697, 1960877.912574973423034 ], [ 6126151.583985515870154, 1960896.95144602120854 ], [ 6126148.704096262343228, 1960916.366082358406857 ], [ 6126147.741041596978903, 1960935.969510424416512 ], [ 6126148.704096262343228, 1960955.572938490426168 ], [ 6126151.583985515870154, 1960974.987574827624485 ], [ 6126156.352974450215697, 1960994.026445875409991 ], [ 6126162.965135094709694, 1961012.506196897476912 ], [ 6126171.356788727454841, 1961030.248857789672911 ], [ 6126181.447119136340916, 1961047.083557028323412 ], [ 6126193.138950924389064, 1961062.848167257150635 ], [ 6126206.319685359485447, 1961077.390866661677137 ], [ 6126220.862384764477611, 1961090.571601097006351 ], [ 6126236.626994992606342, 1961102.263432884821668 ], [ 6126253.461694232188165, 1961112.353763294173405 ], [ 6126271.204355124384165, 1961120.745416926685721 ], [ 6126289.684106145985425, 1961127.357577570946887 ], [ 6126308.722977194003761, 1961132.1265665050596 ], [ 6126328.137613531202078, 1961135.006455758819357 ], [ 6126347.741041596978903, 1961135.969510424416512 ], [ 6126367.344469662755728, 1961135.006455758819357 ], [ 6126377.241636597551405, 1961133.538349727634341 ], [ 6126386.633749673143029, 1961135.890951581764966 ], [ 6126406.048386010341346, 1961138.770840835524723 ], [ 6126425.651814076118171, 1961139.733895501121879 ], [ 6126445.255242141894996, 1961138.770840835524723 ], [ 6126464.669878479093313, 1961135.890951581764966 ], [ 6126483.70874952711165, 1961131.121962647652254 ], [ 6126502.188500548712909, 1961124.509802003391087 ], [ 6126519.931161440908909, 1961116.118148370878771 ], [ 6126536.765860680490732, 1961106.027817961527035 ], [ 6126548.933463509194553, 1961097.003708676667884 ], [ 6126559.096912030130625, 1961103.095445286715403 ], [ 6126576.839572922326624, 1961111.487098919227719 ], [ 6126595.319323943927884, 1961118.099259563488886 ], [ 6126614.35819499194622, 1961122.868248497601599 ], [ 6126633.772831329144537, 1961125.748137751361355 ], [ 6126653.376259394921362, 1961126.711192416958511 ], [ 6126672.979687460698187, 1961125.748137751361355 ], [ 6126692.394323797896504, 1961122.868248497601599 ], [ 6126708.903507716022432, 1961118.732913202838972 ], [ 6126721.913749226368964, 1961120.662800225429237 ], [ 6126741.517177292145789, 1961121.625854891026393 ], [ 6126761.120605357922614, 1961120.662800225429237 ], [ 6126780.535241695120931, 1961117.78291097166948 ], [ 6126789.552005278877914, 1961115.524329270934686 ], [ 6126803.490520300343633, 1961113.456745880423114 ], [ 6126822.529391348361969, 1961108.687756946310401 ], [ 6126841.009142369963229, 1961102.075596302049235 ], [ 6126847.596817491576076, 1961098.959858014713973 ], [ 6126859.159134104847908, 1961104.428426500642672 ], [ 6126877.638885126449168, 1961111.040587144903839 ], [ 6126896.677756174467504, 1961115.809576079016551 ], [ 6126916.092392511665821, 1961118.689465332776308 ], [ 6126935.695820577442646, 1961119.652519998373464 ], [ 6126955.299248643219471, 1961118.689465332776308 ], [ 6126971.891984610818326, 1961116.22816545702517 ], [ 6126979.262433293275535, 1961116.590252382215112 ], [ 6126998.86586135905236, 1961115.627197716617957 ], [ 6127018.280497696250677, 1961112.7473084628582 ], [ 6127037.319368744269013, 1961107.978319528745487 ], [ 6127055.799119765870273, 1961101.366158884484321 ], [ 6127073.541780658066273, 1961092.974505251972005 ], [ 6127088.802078844979405, 1961083.82783451792784 ], [ 6127101.05437916982919, 1961080.758793054381385 ], [ 6127119.534130191430449, 1961074.146632410120219 ], [ 6127137.276791083626449, 1961065.754978777607903 ], [ 6127154.111490323208272, 1961055.664648368256167 ], [ 6127169.876100551337004, 1961043.972816580440849 ], [ 6127184.418799956329167, 1961030.792082145111635 ], [ 6127197.59953439142555, 1961016.249382740585133 ], [ 6127209.291366179473698, 1961000.48477251175791 ], [ 6127219.381696588359773, 1960983.650073273107409 ], [ 6127227.77335022110492, 1960965.90741238091141 ], [ 6127234.385510865598917, 1960947.427661358844489 ], [ 6127239.15449979994446, 1960928.388790311058983 ], [ 6127242.034389053471386, 1960908.974153973860666 ], [ 6127242.997443718835711, 1960889.370725907851011 ], [ 6127242.161997995339334, 1960872.364837520522997 ], [ 6127245.876458225771785, 1960861.983616625191644 ], [ 6127250.645447160117328, 1960842.944745577406138 ], [ 6127253.525336413644254, 1960823.530109240207821 ], [ 6127254.488391079008579, 1960803.926681174198166 ], [ 6127253.525336413644254, 1960784.32325310818851 ], [ 6127250.645447160117328, 1960764.908616770990193 ], [ 6127245.876458225771785, 1960745.869745723204687 ], [ 6127239.264297581277788, 1960727.389994701137766 ], [ 6127230.872643948532641, 1960709.647333808941767 ], [ 6127220.782313539646566, 1960692.812634570291266 ], [ 6127209.090481751598418, 1960677.048024341464043 ], [ 6127195.909747316502035, 1960662.505324936937541 ], [ 6127181.367047911509871, 1960649.324590501608327 ], [ 6127165.60243768338114, 1960637.63275871379301 ], [ 6127148.767738443799317, 1960627.542428304441273 ], [ 6127131.025077551603317, 1960619.150774671928957 ], [ 6127112.545326530002058, 1960612.538614027667791 ], [ 6127093.506455481983721, 1960607.769625093555078 ], [ 6127074.091819144785404, 1960604.889735839795321 ], [ 6127054.488391079008579, 1960603.926681174198166 ], [ 6127034.884963013231754, 1960604.889735839795321 ], [ 6127015.470326676033437, 1960607.769625093555078 ], [ 6126996.431455628015101, 1960612.538614027667791 ], [ 6126977.951704606413841, 1960619.150774671928957 ], [ 6126966.910193535499275, 1960624.373020481318235 ], [ 6126955.915847811847925, 1960620.439180679153651 ], [ 6126936.876976763829589, 1960615.670191745040938 ], [ 6126917.462340426631272, 1960612.790302491281182 ], [ 6126897.858912360854447, 1960611.827247825684026 ], [ 6126878.255484295077622, 1960612.790302491281182 ], [ 6126858.840847957879305, 1960615.670191745040938 ], [ 6126839.801976909860969, 1960620.439180679153651 ], [ 6126821.322225888259709, 1960627.051341323414817 ], [ 6126803.579564996063709, 1960635.442994955927134 ], [ 6126798.305781552568078, 1960638.603979105362669 ], [ 6126796.25167440623045, 1960637.869007816305384 ] ] ] } },
{ "type": "Feature", "properties": { "parent_sta": "menlo_park", "stop_id": 0, "stop_name": "Menlo Park", "location_t": 2 }, "geometry": { "type": "Polygon", "coordinates": [ [ [ 6073224.062013872899115, 1992258.986709790537134 ], [ 6073205.023142824880779, 1992263.755698724649847 ], [ 6073186.543391803279519, 1992270.367859368911013 ], [ 6073168.800730911083519, 1992278.759513001423329 ], [ 6073151.966031671501696, 1992288.849843410775065 ], [ 6073136.201421443372965, 1992300.541675198590383 ], [ 6073121.658722038380802, 1992313.722409633919597 ], [ 6073108.477987603284419, 1992328.265109038446099 ], [ 6073096.78615581523627, 1992344.029719267273322 ], [ 6073086.695825406350195, 1992360.864418505923823 ], [ 6073078.304171773605049, 1992378.607079398119822 ], [ 6073071.692011129111052, 1992397.086830420186743 ], [ 6073066.923022194765508, 1992416.125701467972249 ], [ 6073066.46090713981539, 1992419.241028119809926 ], [ 6073066.46090713981539, 1992419.241028120042756 ], [ 6073051.94154741242528, 1992426.108173839049414 ], [ 6073035.106848172843456, 1992436.19850424840115 ], [ 6073019.342237944714725, 1992447.890336036216468 ], [ 6073004.799538539722562, 1992461.071070471545681 ], [ 6072991.618804104626179, 1992475.613769876072183 ], [ 6072982.285553364083171, 1992488.198201704770327 ], [ 6072976.182908489368856, 1992491.084537770366296 ], [ 6072959.348209249787033, 1992501.174868179718032 ], [ 6072943.583599021658301, 1992512.86669996753335 ], [ 6072929.040899616666138, 1992526.047434402862564 ], [ 6072915.860165181569755, 1992540.590133807389066 ], [ 6072904.168333393521607, 1992556.354744036216289 ], [ 6072894.078002984635532, 1992573.18944327486679 ], [ 6072885.686349351890385, 1992590.932104167062789 ], [ 6072879.074188707396388, 1992609.41185518912971 ], [ 6072874.305199773050845, 1992628.450726236915216 ], [ 6072871.425310519523919, 1992647.865362574113533 ], [ 6072870.462255854159594, 1992667.468790640123188 ], [ 6072871.425310519523919, 1992687.072218706132844 ], [ 6072874.305199773050845, 1992706.486855043331161 ], [ 6072879.074188707396388, 1992725.525726091116667 ], [ 6072885.686349351890385, 1992744.005477113183588 ], [ 6072894.078002984635532, 1992761.748138005379587 ], [ 6072904.168333393521607, 1992778.582837244030088 ], [ 6072915.860165181569755, 1992794.347447472857311 ], [ 6072929.040899616666138, 1992808.890146877383813 ], [ 6072935.742063459008932, 1992814.963727754540741 ], [ 6072937.801516394130886, 1992818.399717396125197 ], [ 6072949.493348182179034, 1992834.164327624952421 ], [ 6072962.674082617275417, 1992848.707027029478922 ], [ 6072977.21678202226758, 1992861.887761464808136 ], [ 6072992.981392250396311, 1992873.579593252623454 ], [ 6073009.816091489978135, 1992883.66992366197519 ], [ 6073027.558752382174134, 1992892.061577294487506 ], [ 6073046.038503403775394, 1992898.673737938748673 ], [ 6073065.07737445179373, 1992903.442726872861385 ], [ 6073084.492010788992047, 1992906.322616126621142 ], [ 6073104.095438854768872, 1992907.285670792218298 ], [ 6073123.698866920545697, 1992906.322616126621142 ], [ 6073143.113503257744014, 1992903.442726872861385 ], [ 6073162.152374305762351, 1992898.673737938748673 ], [ 6073180.63212532736361, 1992892.061577294487506 ], [ 6073198.37478621955961, 1992883.66992366197519 ], [ 6073215.209485459141433, 1992873.579593252623454 ], [ 6073230.974095687270164, 1992861.887761464808136 ], [ 6073245.516795092262328, 1992848.707027029478922 ], [ 6073252.892521968111396, 1992840.569166474277154 ], [ 6073264.100700378417969, 1992836.558816113509238 ], [ 6073281.843361270613968, 1992828.167162480996922 ], [ 6073298.678060510195792, 1992818.076832071645185 ], [ 6073314.442670738324523, 1992806.385000283829868 ], [ 6073328.985370143316686, 1992793.204265848500654 ], [ 6073342.166104578413069, 1992778.661566443974152 ], [ 6073350.707140461541712, 1992767.145312695996836 ], [ 6073354.980801922269166, 1992765.12402136111632 ], [ 6073371.815501161850989, 1992755.033690951764584 ], [ 6073387.58011138997972, 1992743.341859163949266 ], [ 6073402.122810794971883, 1992730.161124728620052 ], [ 6073415.303545230068266, 1992715.61842532409355 ], [ 6073426.995377018116415, 1992699.853815095266327 ], [ 6073437.08570742700249, 1992683.019115856615826 ], [ 6073445.477361059747636, 1992665.276454964419827 ], [ 6073452.089521704241633, 1992646.796703942352906 ], [ 6073456.858510638587177, 1992627.7578328945674 ], [ 6073459.738399892114103, 1992608.343196557369083 ], [ 6073460.260589056648314, 1992597.713791915448382 ], [ 6073471.175242478959262, 1992591.171800415497273 ], [ 6073486.939852707087994, 1992579.479968627681956 ], [ 6073501.482552112080157, 1992566.299234192352742 ], [ 6073514.66328654717654, 1992551.75653478782624 ], [ 6073526.355118335224688, 1992535.991924558999017 ], [ 6073536.445448744110763, 1992519.157225320348516 ], [ 6073542.895711177960038, 1992505.519291244447231 ], [ 6073544.059110484085977, 1992505.346717259380966 ], [ 6073563.097981532104313, 1992500.577728325268254 ], [ 6073581.577732553705573, 1992493.965567681007087 ], [ 6073599.320393445901573, 1992485.573914048494771 ], [ 6073599.626490290276706, 1992485.390446660341695 ], [ 6073617.04537209123373, 1992486.246181449852884 ], [ 6073636.648800157010555, 1992485.283126784255728 ], [ 6073656.063436494208872, 1992482.403237530495971 ], [ 6073675.102307542227209, 1992477.634248596383259 ], [ 6073693.582058563828468, 1992471.022087952122092 ], [ 6073711.324719456024468, 1992462.630434319609776 ], [ 6073728.159418695606291, 1992452.54010391025804 ], [ 6073743.924028923735023, 1992440.848272122442722 ], [ 6073758.466728328727186, 1992427.667537687113509 ], [ 6073771.647462763823569, 1992413.124838282587007 ], [ 6073778.443935465067625, 1992403.960855682846159 ], [ 6073784.812977616675198, 1992396.933700560126454 ], [ 6073796.504809404723346, 1992381.16909033129923 ], [ 6073806.595139813609421, 1992364.33439109264873 ], [ 6073814.986793446354568, 1992346.59173020045273 ], [ 6073821.598954090848565, 1992328.111979178385809 ], [ 6073826.367943025194108, 1992309.073108130600303 ], [ 6073829.247832278721035, 1992289.658471793401986 ], [ 6073830.21088694408536, 1992270.055043727392331 ], [ 6073829.247832278721035, 1992250.451615661382675 ], [ 6073826.367943025194108, 1992231.036979324184358 ], [ 6073821.598954090848565, 1992211.998108276398852 ], [ 6073814.986793446354568, 1992193.518357254331931 ], [ 6073806.595139813609421, 1992175.775696362135932 ], [ 6073796.504809404723346, 1992158.940997123485431 ], [ 6073784.812977616675198, 1992143.176386894658208 ], [ 6073771.632243181578815, 1992128.633687490131706 ], [ 6073768.952615050598979, 1992126.20501412008889 ], [ 6073768.428149083629251, 1992125.329995516687632 ], [ 6073756.736317295581102, 1992109.565385287860408 ], [ 6073743.555582860484719, 1992095.022685883333907 ], [ 6073729.012883455492556, 1992081.841951448004693 ], [ 6073713.248273227363825, 1992070.150119660189375 ], [ 6073696.413573987782001, 1992060.059789250837639 ], [ 6073678.670913095586002, 1992051.668135618325323 ], [ 6073660.191162073984742, 1992045.055974974064156 ], [ 6073641.152291025966406, 1992040.286986039951444 ], [ 6073621.737654688768089, 1992037.407096786191687 ], [ 6073602.134226622991264, 1992036.444042120594531 ], [ 6073582.530798557214439, 1992037.407096786191687 ], [ 6073563.116162220016122, 1992040.286986039951444 ], [ 6073544.077291171997786, 1992045.055974974064156 ], [ 6073525.597540150396526, 1992051.668135618325323 ], [ 6073507.854879258200526, 1992060.059789250837639 ], [ 6073491.020180018618703, 1992070.150119660189375 ], [ 6073475.255569790489972, 1992081.841951448004693 ], [ 6073460.712870385497808, 1992095.022685883333907 ], [ 6073447.532135950401425, 1992109.565385287860408 ], [ 6073439.415213036350906, 1992120.509788895491511 ], [ 6073428.504359608516097, 1992124.41375467646867 ], [ 6073410.761698716320097, 1992132.805408308980986 ], [ 6073393.926999476738274, 1992142.895738718332723 ], [ 6073378.162389248609543, 1992154.58757050614804 ], [ 6073363.61968984361738, 1992167.768304941477254 ], [ 6073350.438955408520997, 1992182.311004346003756 ], [ 6073338.747123620472848, 1992198.075614574830979 ], [ 6073328.656793211586773, 1992214.91031381348148 ], [ 6073322.206530777737498, 1992228.548247889382765 ], [ 6073321.043131471611559, 1992228.72082187444903 ], [ 6073302.004260423593223, 1992233.489810808561742 ], [ 6073283.524509401991963, 1992240.101971452822909 ], [ 6073265.781848509795964, 1992248.493625085335225 ], [ 6073253.937395385466516, 1992255.592917080037296 ], [ 6073243.476650210097432, 1992256.106820536777377 ], [ 6073224.062013872899115, 1992258.986709790537134 ] ] ] } },
{ "type": "Feature", "properties": { "parent_sta": "mtc:caltrain-4th-&-king", "stop_id": 0, "stop_name": "Caltrain 4th & King", "location_t": 2 }, "geometry": { "type": "Polygon", "coordinates": [ [ [ 6014332.805201622657478, 2110639.035269040148705 ], [ 6014328.036212688311934, 2110619.99639799259603 ], [ 6014321.424052043817937, 2110601.516646970529109 ], [ 6014313.032398411072791, 2110583.77398607833311 ], [ 6014302.942068002186716, 2110566.939286839682609 ], [ 6014291.250236214138567, 2110551.174676611088216 ], [ 6014278.069501779042184, 2110536.631977206096053 ], [ 6014263.526802374050021, 2110523.45124277099967 ], [ 6014247.76219214592129, 2110511.759410982951522 ], [ 6014230.927492906339467, 2110501.669080574065447 ], [ 6014213.184832014143467, 2110493.2774269413203 ], [ 6014194.705080992542207, 2110486.665266297291964 ], [ 6014175.666209944523871, 2110481.896277362946421 ], [ 6014156.251573607325554, 2110479.016388108953834 ], [ 6014136.648145541548729, 2110478.053333443589509 ], [ 6014117.044717475771904, 2110479.016388108953834 ], [ 6014097.630081138573587, 2110481.896277362946421 ], [ 6014078.591210090555251, 2110486.665266297291964 ], [ 6014060.111459068953991, 2110493.2774269413203 ], [ 6014042.368798176757991, 2110501.669080574065447 ], [ 6014025.534098937176168, 2110511.759410982951522 ], [ 6014009.769488709047437, 2110523.45124277099967 ], [ 6013995.226789304055274, 2110536.631977206096053 ], [ 6013982.04605486895889, 2110551.174676611088216 ], [ 6013970.354223080910742, 2110566.939286839682609 ], [ 6013960.263892672024667, 2110583.77398607833311 ], [ 6013951.872239039279521, 2110601.516646970529109 ], [ 6013949.953753863461316, 2110606.878453843295574 ], [ 6013942.511144096031785, 2110615.090108297765255 ], [ 6013930.819312307983637, 2110630.854718526359648 ], [ 6013923.500050310976803, 2110643.066169428639114 ], [ 6013911.608843022957444, 2110647.320911429356784 ], [ 6013893.866182130761445, 2110655.71256506210193 ], [ 6013877.031482891179621, 2110665.802895470988005 ], [ 6013861.26687266305089, 2110677.494727259036154 ], [ 6013846.724173258058727, 2110690.675461694132537 ], [ 6013833.543438822962344, 2110705.2181610991247 ], [ 6013821.851607034914196, 2110720.982771327719092 ], [ 6013811.761276626028121, 2110737.817470566369593 ], [ 6013803.369622993282974, 2110755.560131458565593 ], [ 6013796.757462348788977, 2110774.039882480632514 ], [ 6013791.988473414443433, 2110793.078753528185189 ], [ 6013789.108584160916507, 2110812.493389865849167 ], [ 6013788.145529495552182, 2110832.096817931625992 ], [ 6013789.108584160916507, 2110851.700245997402817 ], [ 6013791.988473414443433, 2110871.114882335066795 ], [ 6013796.757462348788977, 2110890.15375338261947 ], [ 6013803.369622993282974, 2110908.633504404686391 ], [ 6013811.761276626028121, 2110926.376165296882391 ], [ 6013821.851607034914196, 2110943.210864535532892 ], [ 6013833.543438822962344, 2110958.975474764127284 ], [ 6013846.724173258058727, 2110973.518174169119447 ], [ 6013861.26687266305089, 2110986.698908604215831 ], [ 6013877.031482891179621, 2110998.390740392263979 ], [ 6013879.522933958098292, 2110999.884058692958206 ], [ 6013885.994691199623048, 2111008.610213179141283 ], [ 6013899.175425634719431, 2111023.152912584133446 ], [ 6013913.718125039711595, 2111036.333647019229829 ], [ 6013929.482735267840326, 2111048.025478807277977 ], [ 6013946.317434507422149, 2111058.115809216164052 ], [ 6013964.060095399618149, 2111066.507462848909199 ], [ 6013982.539846421219409, 2111073.119623492937535 ], [ 6014001.578717469237745, 2111077.888612427283078 ], [ 6014020.993353806436062, 2111080.768501681275666 ], [ 6014040.596781872212887, 2111081.731556346639991 ], [ 6014060.200209937989712, 2111080.768501681275666 ], [ 6014079.614846275188029, 2111077.888612427283078 ], [ 6014098.653717323206365, 2111073.119623492937535 ], [ 6014117.133468344807625, 2111066.507462848909199 ], [ 6014134.876129237003624, 2111058.115809216164052 ], [ 6014151.710828476585448, 2111048.025478807277977 ], [ 6014167.475438704714179, 2111036.333647019229829 ], [ 6014182.018138109706342, 2111023.152912584133446 ], [ 6014195.198872544802725, 2111008.610213179141283 ], [ 6014200.275657050311565, 2111001.764961692038924 ], [ 6014203.967520420439541, 2110999.552143945358694 ], [ 6014219.732130648568273, 2110987.860312157310545 ], [ 6014234.274830053560436, 2110974.679577722214162 ], [ 6014247.455564488656819, 2110960.136878317221999 ], [ 6014259.147396276704967, 2110944.372268088627607 ], [ 6014264.073387955315411, 2110936.153747485019267 ], [ 6014264.928661028854549, 2110935.519433742854744 ], [ 6014279.471360433846712, 2110922.338699307758361 ], [ 6014292.652094868943095, 2110907.795999902766198 ], [ 6014304.343926656991243, 2110892.031389674171805 ], [ 6014314.434257065877318, 2110875.196690435521305 ], [ 6014322.825910698622465, 2110857.454029543325305 ], [ 6014329.438071343116462, 2110838.974278521258384 ], [ 6014334.207060277462006, 2110819.935407473705709 ], [ 6014337.086949530988932, 2110800.520771136041731 ], [ 6014338.050004196353257, 2110780.917343070264906 ], [ 6014337.086949530988932, 2110761.313915004488081 ], [ 6014334.207060277462006, 2110741.899278666824102 ], [ 6014330.396600753068924, 2110726.687071525491774 ], [ 6014332.805201622657478, 2110717.071397847030312 ], [ 6014335.685090876184404, 2110697.656761509366333 ], [ 6014336.648145541548729, 2110678.053333443589509 ], [ 6014335.685090876184404, 2110658.449905377812684 ], [ 6014332.805201622657478, 2110639.035269040148705 ] ] ] } },
{ "type": "Feature", "properties": { "parent_sta": "mtc:millbrae-bart", "stop_id": 0, "stop_name": "Millbrae BART", "location_t": 2 }, "geometry": { "type": "Polygon", "coordinates": [ [ [ 6015455.327950423583388, 2046056.018409891519696 ], [ 6015448.715789779089391, 2046037.538658869452775 ], [ 6015440.324136146344244, 2046019.795997977256775 ], [ 6015430.233805737458169, 2046002.961298738606274 ], [ 6015418.541973949410021, 2045987.196688509779051 ], [ 6015405.361239514313638, 2045972.653989105252549 ], [ 6015390.818540109321475, 2045959.473254669923335 ], [ 6015375.053929881192744, 2045947.781422882108018 ], [ 6015358.21923064161092, 2045937.691092472756281 ], [ 6015340.476569749414921, 2045929.299438840243965 ], [ 6015321.996818727813661, 2045922.687278195982799 ], [ 6015302.957947679795325, 2045917.918289261870086 ], [ 6015283.543311342597008, 2045915.03840000811033 ], [ 6015263.939883276820183, 2045914.075345342513174 ], [ 6015244.336455211043358, 2045915.03840000811033 ], [ 6015224.921818873845041, 2045917.918289261870086 ], [ 6015205.882947825826705, 2045922.687278195982799 ], [ 6015187.403196804225445, 2045929.299438840243965 ], [ 6015169.660535912029445, 2045937.691092472756281 ], [ 6015152.825836672447622, 2045947.781422882108018 ], [ 6015137.061226444318891, 2045959.473254669923335 ], [ 6015122.518527039326727, 2045972.653989105252549 ], [ 6015109.337792604230344, 2045987.196688509779051 ], [ 6015097.645960816182196, 2046002.961298738606274 ], [ 6015087.555630407296121, 2046019.795997977256775 ], [ 6015079.163976774550974, 2046037.538658869452775 ], [ 6015072.551816130056977, 2046056.018409891519696 ], [ 6015067.782827195711434, 2046075.057280939305201 ], [ 6015066.510094571858644, 2046083.637347348965704 ], [ 6015049.267623787745833, 2046091.792428679065779 ], [ 6015032.43292454816401, 2046101.882759088417515 ], [ 6015016.668314320035279, 2046113.574590876232833 ], [ 6015002.125614915043116, 2046126.755325311562046 ], [ 6014988.944880479946733, 2046141.298024716088548 ], [ 6014977.253048691898584, 2046157.062634944915771 ], [ 6014967.162718283012509, 2046173.897334183566272 ], [ 6014958.771064650267363, 2046191.639995075762272 ], [ 6014952.158904005773365, 2046210.119746097829193 ], [ 6014950.574959247373044, 2046216.44320803321898 ], [ 6014941.076128524728119, 2046225.052446367684752 ], [ 6014927.895394089631736, 2046239.595145772211254 ], [ 6014916.203562301583588, 2046255.359756001038477 ], [ 6014906.113231892697513, 2046272.194455239688978 ], [ 6014897.721578259952366, 2046289.937116131884977 ], [ 6014891.109417615458369, 2046308.416867153951898 ], [ 6014886.340428681112826, 2046327.455738201737404 ], [ 6014883.4605394275859, 2046346.870374538935721 ], [ 6014883.163542679511011, 2046352.915882223052904 ], [ 6014874.73680392280221, 2046355.026670398656279 ], [ 6014856.25705290120095, 2046361.638831042917445 ], [ 6014838.514392009004951, 2046370.030484675429761 ], [ 6014821.679692769423127, 2046380.120815084781498 ], [ 6014805.915082541294396, 2046391.812646872596815 ], [ 6014791.372383136302233, 2046404.993381307926029 ], [ 6014778.19164870120585, 2046419.536080712452531 ], [ 6014766.499816913157701, 2046435.300690941279754 ], [ 6014756.409486504271626, 2046452.135390179930255 ], [ 6014748.01783287152648, 2046469.878051072126254 ], [ 6014741.405672227032483, 2046488.357802094193175 ], [ 6014736.636683292686939, 2046507.396673141978681 ], [ 6014733.756794039160013, 2046526.811309479176998 ], [ 6014732.793739373795688, 2046546.414737545186654 ], [ 6014733.756794039160013, 2046566.018165611196309 ], [ 6014736.636683292686939, 2046585.432801948394626 ], [ 6014741.405672227032483, 2046604.471672996180132 ], [ 6014748.01783287152648, 2046622.951424018247053 ], [ 6014756.409486504271626, 2046640.694084910443053 ], [ 6014766.499816913157701, 2046657.528784149093553 ], [ 6014778.19164870120585, 2046673.293394377920777 ], [ 6014791.372383136302233, 2046687.836093782447278 ], [ 6014805.915082541294396, 2046701.016828217776492 ], [ 6014821.679692769423127, 2046712.70866000559181 ], [ 6014838.514392009004951, 2046722.798990414943546 ], [ 6014856.25705290120095, 2046731.190644047455862 ], [ 6014874.73680392280221, 2046737.802804691717029 ], [ 6014893.775674970820546, 2046742.571793625829741 ], [ 6014913.190311308018863, 2046745.451682879589498 ], [ 6014932.793739373795688, 2046746.414737545186654 ], [ 6014952.397167439572513, 2046745.451682879589498 ], [ 6014971.81180377677083, 2046742.571793625829741 ], [ 6014990.850674824789166, 2046737.802804691717029 ], [ 6015009.330425846390426, 2046731.190644047455862 ], [ 6015027.073086738586426, 2046722.798990414943546 ], [ 6015027.807519592344761, 2046722.358788303332403 ], [ 6015034.673738469369709, 2046729.934493410866708 ], [ 6015049.216437874361873, 2046743.115227846195921 ], [ 6015064.981048102490604, 2046754.807059634011239 ], [ 6015081.815747342072427, 2046764.897390043362975 ], [ 6015099.558408234268427, 2046773.289043675875291 ], [ 6015118.038159255869687, 2046779.901204320136458 ], [ 6015137.077030303888023, 2046784.67019325424917 ], [ 6015156.49166664108634, 2046787.550082508008927 ], [ 6015176.095094706863165, 2046788.513137173606083 ], [ 6015195.69852277263999, 2046787.550082508008927 ], [ 6015215.113159109838307, 2046784.67019325424917 ], [ 6015234.152030157856643, 2046779.901204320136458 ], [ 6015252.631781179457903, 2046773.289043675875291 ], [ 6015270.374442071653903, 2046764.897390043362975 ], [ 6015287.209141311235726, 2046754.807059634011239 ], [ 6015302.973751539364457, 2046743.115227846195921 ], [ 6015317.51645094435662, 2046729.934493410866708 ], [ 6015330.697185379453003, 2046715.391794006340206 ], [ 6015342.389017167501152, 2046699.627183777512982 ], [ 6015352.479347576387227, 2046682.792484538862482 ], [ 6015360.871001209132373, 2046665.049823646666482 ], [ 6015367.48316185362637, 2046646.570072624599561 ], [ 6015372.252150787971914, 2046627.531201576814055 ], [ 6015375.13204004149884, 2046608.116565239615738 ], [ 6015376.095094706863165, 2046588.513137173606083 ], [ 6015375.13204004149884, 2046568.909709107596427 ], [ 6015372.252150787971914, 2046549.49507277039811 ], [ 6015367.48316185362637, 2046530.456201722612604 ], [ 6015360.871001209132373, 2046511.976450700545684 ], [ 6015352.479347576387227, 2046494.233789808349684 ], [ 6015342.389017167501152, 2046477.399090569699183 ], [ 6015330.697185379453003, 2046461.63448034087196 ], [ 6015317.51645094435662, 2046447.091780936345458 ], [ 6015302.973751539364457, 2046433.911046501016244 ], [ 6015287.209141311235726, 2046422.219214713200927 ], [ 6015277.478187111206353, 2046416.386705223238096 ], [ 6015284.968327390030026, 2046409.598037786083296 ], [ 6015298.14906182512641, 2046395.055338381556794 ], [ 6015309.840893613174558, 2046379.290728152729571 ], [ 6015319.931224022060633, 2046362.45602891407907 ], [ 6015328.322877654805779, 2046344.71336802188307 ], [ 6015334.935038299299777, 2046326.233616999816149 ], [ 6015339.70402723364532, 2046307.194745952030644 ], [ 6015340.976759857498109, 2046298.614679542370141 ], [ 6015358.21923064161092, 2046290.459598212270066 ], [ 6015375.053929881192744, 2046280.36926780291833 ], [ 6015390.818540109321475, 2046268.677436015103012 ], [ 6015405.361239514313638, 2046255.496701579773799 ], [ 6015418.541973949410021, 2046240.954002175247297 ], [ 6015430.233805737458169, 2046225.189391946420074 ], [ 6015440.324136146344244, 2046208.354692707769573 ], [ 6015448.715789779089391, 2046190.612031815573573 ], [ 6015455.327950423583388, 2046172.132280793506652 ], [ 6015460.096939357928932, 2046153.093409745721146 ], [ 6015462.976828611455858, 2046133.678773408522829 ], [ 6015463.939883276820183, 2046114.075345342513174 ], [ 6015462.976828611455858, 2046094.471917276503518 ], [ 6015460.096939357928932, 2046075.057280939305201 ], [ 6015455.327950423583388, 2046056.018409891519696 ] ] ] } },
{ "type": "Feature", "properties": { "parent_sta": "mtc:mountain-view-station", "stop_id": 0, "stop_name": "Mountain View Station", "location_t": 2 }, "geometry": { "type": "Polygon", "coordinates": [ [ [ 6104419.257709858007729, 1969625.471344339195639 ], [ 6104409.167379449121654, 1969608.636645100545138 ], [ 6104397.475547661073506, 1969592.872034871717915 ], [ 6104384.294813225977123, 1969578.329335467191413 ], [ 6104369.75211382098496, 1969565.148601031862199 ], [ 6104353.987503592856228, 1969553.456769244046882 ], [ 6104337.152804353274405, 1969543.366438834695145 ], [ 6104319.410143461078405, 1969534.974785202182829 ], [ 6104300.930392439477146, 1969528.362624557921663 ], [ 6104281.891521391458809, 1969523.59363562380895 ], [ 6104262.476885054260492, 1969520.713746370049194 ], [ 6104242.873456988483667, 1969519.750691704452038 ], [ 6104223.270028922706842, 1969520.713746370049194 ], [ 6104203.855392585508525, 1969523.59363562380895 ], [ 6104184.816521537490189, 1969528.362624557921663 ], [ 6104166.336770515888929, 1969534.974785202182829 ], [ 6104148.59410962369293, 1969543.366438834695145 ], [ 6104131.759410384111106, 1969553.456769244046882 ], [ 6104117.641428924165666, 1969563.927377906627953 ], [ 6104110.246367789804935, 1969565.779744290513918 ], [ 6104091.766616768203676, 1969572.391904934775084 ], [ 6104074.023955876007676, 1969580.7835585672874 ], [ 6104057.189256636425853, 1969590.873888976639137 ], [ 6104041.424646408297122, 1969602.565720764454454 ], [ 6104026.881947003304958, 1969615.746455199783668 ], [ 6104013.701212568208575, 1969630.28915460431017 ], [ 6104002.009380780160427, 1969646.053764833137393 ], [ 6103991.919050371274352, 1969662.888464071787894 ], [ 6103983.527396738529205, 1969680.631124963983893 ], [ 6103976.915236094035208, 1969699.110875986050814 ], [ 6103974.8307691430673, 1969707.432534523541108 ], [ 6103961.867362249642611, 1969702.794153369031847 ], [ 6103942.828491201624274, 1969698.025164434919134 ], [ 6103923.413854864425957, 1969695.145275181159377 ], [ 6103903.810426798649132, 1969694.182220515562221 ], [ 6103884.206998732872307, 1969695.145275181159377 ], [ 6103864.79236239567399, 1969698.025164434919134 ], [ 6103845.753491347655654, 1969702.794153369031847 ], [ 6103827.273740326054394, 1969709.406314013293013 ], [ 6103809.531079433858395, 1969717.797967645805329 ], [ 6103803.786627234891057, 1969721.241059790598229 ], [ 6103787.36849166918546, 1969727.11556262942031 ], [ 6103769.62583077698946, 1969735.507216261932626 ], [ 6103752.791131537407637, 1969745.597546671284363 ], [ 6103737.026521309278905, 1969757.28937845909968 ], [ 6103722.483821904286742, 1969770.470112894428894 ], [ 6103709.303087469190359, 1969785.012812298955396 ], [ 6103701.238280571997166, 1969795.88694559270516 ], [ 6103700.410206446424127, 1969795.846264919498935 ], [ 6103680.806778380647302, 1969796.809319585096091 ], [ 6103661.392142043448985, 1969799.689208838855848 ], [ 6103642.353270995430648, 1969804.45819777296856 ], [ 6103623.873519973829389, 1969811.070358417229727 ], [ 6103606.130859081633389, 1969819.462012049742043 ], [ 6103589.296159842051566, 1969829.552342459093779 ], [ 6103573.531549613922834, 1969841.244174246909097 ], [ 6103570.110131185501814, 1969844.34516715304926 ], [ 6103561.202112105675042, 1969848.55834640096873 ], [ 6103544.367412866093218, 1969858.648676810320467 ], [ 6103528.602802637964487, 1969870.340508598135784 ], [ 6103514.060103232972324, 1969883.521243033464998 ], [ 6103500.879368797875941, 1969898.0639424379915 ], [ 6103489.187537009827793, 1969913.828552666818723 ], [ 6103479.097206600941718, 1969930.663251905469224 ], [ 6103470.705552968196571, 1969948.405912797665223 ], [ 6103464.093392323702574, 1969966.885663819732144 ], [ 6103459.32440338935703, 1969985.92453486751765 ], [ 6103456.444514135830104, 1970005.339171204715967 ], [ 6103455.481459470465779, 1970024.942599270725623 ], [ 6103456.444514135830104, 1970044.546027336735278 ], [ 6103456.76225430611521, 1970046.688057569554076 ], [ 6103452.454955298453569, 1970055.79507616115734 ], [ 6103445.842794653959572, 1970074.274827183224261 ], [ 6103441.073805719614029, 1970093.313698231009766 ], [ 6103438.193916466087103, 1970112.728334568208084 ], [ 6103437.230861800722778, 1970132.331762634217739 ], [ 6103438.193916466087103, 1970151.935190700227395 ], [ 6103441.073805719614029, 1970171.349827037425712 ], [ 6103445.842794653959572, 1970190.388698085211217 ], [ 6103452.454955298453569, 1970208.868449107278138 ], [ 6103460.846608931198716, 1970226.611109999474138 ], [ 6103470.936939340084791, 1970243.445809238124639 ], [ 6103482.628771128132939, 1970259.210419466951862 ], [ 6103495.809505563229322, 1970273.753118871478364 ], [ 6103510.352204968221486, 1970286.933853306807578 ], [ 6103526.116815196350217, 1970298.625685094622895 ], [ 6103542.95151443593204, 1970308.716015503974631 ], [ 6103560.69417532812804, 1970317.107669136486948 ], [ 6103579.1739263497293, 1970323.719829780748114 ], [ 6103598.212797397747636, 1970328.488818714860827 ], [ 6103617.627433734945953, 1970331.368707968620583 ], [ 6103637.230861800722778, 1970332.331762634217739 ], [ 6103656.834289866499603, 1970331.368707968620583 ], [ 6103676.24892620369792, 1970328.488818714860827 ], [ 6103695.287797251716256, 1970323.719829780748114 ], [ 6103713.767548273317516, 1970317.107669136486948 ], [ 6103731.510209165513515, 1970308.716015503974631 ], [ 6103748.344908405095339, 1970298.625685094622895 ], [ 6103764.10951863322407, 1970286.933853306807578 ], [ 6103778.652218038216233, 1970273.753118871478364 ], [ 6103791.832952473312616, 1970259.210419466951862 ], [ 6103803.524784261360765, 1970243.445809238124639 ], [ 6103813.61511467024684, 1970226.611109999474138 ], [ 6103819.173472350463271, 1970214.858950084773824 ], [ 6103821.907152733765543, 1970212.381286608520895 ], [ 6103835.087887168861926, 1970197.838587203994393 ], [ 6103846.779718956910074, 1970182.07397697516717 ], [ 6103856.870049365796149, 1970165.239277736516669 ], [ 6103865.261702998541296, 1970147.49661684432067 ], [ 6103871.873863643035293, 1970129.016865822253749 ], [ 6103876.316278678365052, 1970111.281750860158354 ], [ 6103883.508606207557023, 1970110.928414466092363 ], [ 6103902.92324254475534, 1970108.048525212332606 ], [ 6103921.962113592773676, 1970103.279536278219894 ], [ 6103940.441864614374936, 1970096.667375633958727 ], [ 6103958.184525506570935, 1970088.275722001446411 ], [ 6103963.928977705538273, 1970084.832629856653512 ], [ 6103980.34711327124387, 1970078.95812701783143 ], [ 6103998.08977416343987, 1970070.566473385319114 ], [ 6104014.924473403021693, 1970060.476142975967377 ], [ 6104030.689083631150424, 1970048.78431118815206 ], [ 6104045.231783036142588, 1970035.603576752822846 ], [ 6104058.412517471238971, 1970021.060877348296344 ], [ 6104070.104349259287119, 1970005.296267119469121 ], [ 6104080.194679668173194, 1969988.46156788081862 ], [ 6104088.586333300918341, 1969970.718906988622621 ], [ 6104095.198493945412338, 1969952.2391559665557 ], [ 6104097.282960896380246, 1969943.917497429065406 ], [ 6104110.246367789804935, 1969948.555878583574668 ], [ 6104129.285238837823272, 1969953.32486751768738 ], [ 6104148.699875175021589, 1969956.204756771447137 ], [ 6104168.303303240798414, 1969957.167811437044293 ], [ 6104187.906731306575239, 1969956.204756771447137 ], [ 6104203.278738092631102, 1969953.924534964375198 ], [ 6104207.782719005830586, 1969955.536085104104131 ], [ 6104226.821590053848922, 1969960.305074038216844 ], [ 6104246.236226391047239, 1969963.184963291976601 ], [ 6104265.839654456824064, 1969964.148017957573757 ], [ 6104285.443082522600889, 1969963.184963291976601 ], [ 6104304.857718859799206, 1969960.305074038216844 ], [ 6104323.896589907817543, 1969955.536085104104131 ], [ 6104342.376340929418802, 1969948.923924459842965 ], [ 6104360.119001821614802, 1969940.532270827330649 ], [ 6104376.953701061196625, 1969930.441940417978913 ], [ 6104392.718311289325356, 1969918.750108630163595 ], [ 6104407.26101069431752, 1969905.569374194834381 ], [ 6104420.441745129413903, 1969891.026674790307879 ], [ 6104432.133576917462051, 1969875.262064561480656 ], [ 6104442.223907326348126, 1969858.427365322830155 ], [ 6104450.615560959093273, 1969840.684704430634156 ], [ 6104457.22772160358727, 1969822.204953408567235 ], [ 6104461.996710537932813, 1969803.166082360781729 ], [ 6104464.876599791459739, 1969783.751446023583412 ], [ 6104465.839654456824064, 1969764.148017957573757 ], [ 6104464.876599791459739, 1969744.544589891564101 ], [ 6104461.996710537932813, 1969725.129953554365784 ], [ 6104457.22772160358727, 1969706.091082506580278 ], [ 6104450.615560959093273, 1969687.611331484513357 ], [ 6104442.223907326348126, 1969669.868670592317358 ], [ 6104432.133576917462051, 1969653.033971353666857 ], [ 6104430.258271534927189, 1969650.505414755316451 ], [ 6104427.649363490752876, 1969643.214005231391639 ], [ 6104419.257709858007729, 1969625.471344339195639 ] ] ] } },
{ "type": "Feature", "properties": { "parent_sta": "mtc:palo-alto-station", "stop_id": 0, "stop_name": "Palo Alto Station", "location_t": 2 }, "geometry": { "type": "Polygon", "coordinates": [ [ [ 6078168.220683477818966, 1988069.927647033240646 ], [ 6078149.18181242980063, 1988074.696635967353359 ], [ 6078130.70206140819937, 1988081.308796611614525 ], [ 6078112.95940051600337, 1988089.700450244126841 ], [ 6078096.124701276421547, 1988099.790780653478578 ], [ 6078080.360091048292816, 1988111.482612441293895 ], [ 6078065.817391643300653, 1988124.663346876623109 ], [ 6078052.636657208204269, 1988139.206046281149611 ], [ 6078040.944825420156121, 1988154.970656509976834 ], [ 6078030.854495011270046, 1988171.805355748627335 ], [ 6078022.462841378524899, 1988189.548016640823334 ], [ 6078015.850680734030902, 1988208.027767662890255 ], [ 6078011.081691799685359, 1988227.066638710675761 ], [ 6078008.201802546158433, 1988246.481275047874078 ], [ 6078007.238747880794108, 1988266.084703113883734 ], [ 6078007.591294116340578, 1988273.260946607450023 ], [ 6078007.574692874215543, 1988273.307343972148374 ], [ 6078002.80570393987, 1988292.346215019933879 ], [ 6077999.925814686343074, 1988311.760851357132196 ], [ 6077998.962760020978749, 1988331.364279423141852 ], [ 6077999.925814686343074, 1988350.967707489151508 ], [ 6078000.954001659527421, 1988357.899181036045775 ], [ 6077994.497528092935681, 1988366.604727872647345 ], [ 6077984.407197684049606, 1988383.439427111297846 ], [ 6077976.01554405130446, 1988401.182088003493845 ], [ 6077969.403383406810462, 1988419.661839025560766 ], [ 6077964.634394472464919, 1988438.700710073346272 ], [ 6077961.754505218937993, 1988458.115346410544589 ], [ 6077960.791450553573668, 1988477.718774476554245 ], [ 6077961.754505218937993, 1988497.3222025425639 ], [ 6077964.634394472464919, 1988516.736838879762217 ], [ 6077969.403383406810462, 1988535.775709927547723 ], [ 6077976.01554405130446, 1988554.255460949614644 ], [ 6077984.407197684049606, 1988571.998121841810644 ], [ 6077994.497528092935681, 1988588.832821080461144 ], [ 6078006.189359880983829, 1988604.597431309288368 ], [ 6078019.370094316080213, 1988619.14013071381487 ], [ 6078033.912793721072376, 1988632.320865149144083 ], [ 6078049.677403949201107, 1988644.012696936959401 ], [ 6078066.51210318878293, 1988654.103027346311137 ], [ 6078084.25476408097893, 1988662.494680978823453 ], [ 6078102.73451510258019, 1988669.10684162308462 ], [ 6078121.773386150598526, 1988673.875830557197332 ], [ 6078141.188022487796843, 1988676.755719810957089 ], [ 6078160.791450553573668, 1988677.718774476554245 ], [ 6078180.394878619350493, 1988676.755719810957089 ], [ 6078199.80951495654881, 1988673.875830557197332 ], [ 6078218.848386004567146, 1988669.10684162308462 ], [ 6078237.328137026168406, 1988662.494680978823453 ], [ 6078255.070797918364406, 1988654.103027346311137 ], [ 6078271.905497157946229, 1988644.012696936959401 ], [ 6078287.67010738607496, 1988632.320865149144083 ], [ 6078302.212806791067123, 1988619.14013071381487 ], [ 6078306.528108133934438, 1988614.378929388010874 ], [ 6078322.152048411779106, 1988612.061336777638644 ], [ 6078341.190919459797442, 1988607.292347843525931 ], [ 6078359.670670481398702, 1988600.680187199264765 ], [ 6078377.413331373594701, 1988592.288533566752449 ], [ 6078394.248030613176525, 1988582.198203157400712 ], [ 6078410.012640841305256, 1988570.506371369585395 ], [ 6078424.555340246297419, 1988557.325636934256181 ], [ 6078437.736074681393802, 1988542.782937529729679 ], [ 6078449.42790646944195, 1988527.018327300902456 ], [ 6078459.518236878328025, 1988510.183628062251955 ], [ 6078467.909890511073172, 1988492.440967170055956 ], [ 6078474.522051155567169, 1988473.961216147989035 ], [ 6078477.304664808325469, 1988462.852399743394926 ], [ 6078490.196078908629715, 1988458.239778022048995 ], [ 6078507.938739800825715, 1988449.848124389536679 ], [ 6078524.773439040407538, 1988439.757793980184942 ], [ 6078540.53804926853627, 1988428.065962192369625 ], [ 6078555.080748673528433, 1988414.885227757040411 ], [ 6078568.261483108624816, 1988400.342528352513909 ], [ 6078579.953314896672964, 1988384.577918123686686 ], [ 6078590.043645305559039, 1988367.743218885036185 ], [ 6078594.54369668290019, 1988358.228659648215398 ], [ 6078605.307479085400701, 1988353.137769716558978 ], [ 6078622.142178324982524, 1988343.047439307207242 ], [ 6078637.906788553111255, 1988331.355607519391924 ], [ 6078652.449487958103418, 1988318.17487308406271 ], [ 6078665.630222393199801, 1988303.632173679536209 ], [ 6078677.32205418124795, 1988287.867563450708985 ], [ 6078687.412384590134025, 1988271.032864212058485 ], [ 6078695.141704115085304, 1988254.690591131336987 ], [ 6078708.429363504052162, 1988252.71955305384472 ], [ 6078727.468234552070498, 1988247.950564119732007 ], [ 6078745.947985573671758, 1988241.338403475470841 ], [ 6078763.690646465867758, 1988232.946749842958525 ], [ 6078780.525345705449581, 1988222.856419433606789 ], [ 6078796.289955933578312, 1988211.164587645791471 ], [ 6078806.508912526071072, 1988201.902665268396959 ], [ 6078807.993677720427513, 1988201.012731258757412 ], [ 6078823.758287948556244, 1988189.320899470942095 ], [ 6078838.300987353548408, 1988176.140165035612881 ], [ 6078851.481721788644791, 1988161.597465631086379 ], [ 6078863.173553576692939, 1988145.832855402259156 ], [ 6078873.263883985579014, 1988128.998156163608655 ], [ 6078881.655537618324161, 1988111.255495271412656 ], [ 6078888.267698262818158, 1988092.775744249345735 ], [ 6078893.036687197163701, 1988073.736873201560229 ], [ 6078895.916576450690627, 1988054.322236864361912 ], [ 6078896.879631116054952, 1988034.718808798352256 ], [ 6078895.916576450690627, 1988015.115380732342601 ], [ 6078894.047315985895693, 1988002.513850272167474 ], [ 6078894.177494762465358, 1988002.238610373809934 ], [ 6078900.789655406959355, 1987983.758859351743013 ], [ 6078905.558644341304898, 1987964.719988303957507 ], [ 6078908.438533594831824, 1987945.30535196675919 ], [ 6078909.401588260196149, 1987925.701923900749534 ], [ 6078908.438533594831824, 1987906.098495834739879 ], [ 6078905.558644341304898, 1987886.683859497541562 ], [ 6078900.789655406959355, 1987867.644988449756056 ], [ 6078894.177494762465358, 1987849.165237427689135 ], [ 6078885.785841129720211, 1987831.422576535493135 ], [ 6078875.695510720834136, 1987814.587877296842635 ], [ 6078864.003678932785988, 1987798.823267068015411 ], [ 6078850.822944497689605, 1987784.28056766348891 ], [ 6078836.280245092697442, 1987771.099833228159696 ], [ 6078820.51563486456871, 1987759.408001440344378 ], [ 6078803.680935624986887, 1987749.317671030992642 ], [ 6078785.938274732790887, 1987740.926017398480326 ], [ 6078767.458523711189628, 1987734.313856754219159 ], [ 6078748.419652663171291, 1987729.544867820106447 ], [ 6078729.005016325972974, 1987726.66497856634669 ], [ 6078709.401588260196149, 1987725.701923900749534 ], [ 6078689.798160194419324, 1987726.66497856634669 ], [ 6078670.383523857221007, 1987729.544867820106447 ], [ 6078651.344652809202671, 1987734.313856754219159 ], [ 6078632.864901787601411, 1987740.926017398480326 ], [ 6078615.122240895405412, 1987749.317671030992642 ], [ 6078598.287541655823588, 1987759.408001440344378 ], [ 6078582.522931427694857, 1987771.099833228159696 ], [ 6078567.980232022702694, 1987784.28056766348891 ], [ 6078567.652920899912715, 1987784.641699836822227 ], [ 6078549.625990059226751, 1987789.157210944453254 ], [ 6078531.146239037625492, 1987795.769371588714421 ], [ 6078513.403578145429492, 1987804.161025221226737 ], [ 6078496.568878905847669, 1987814.251355630578473 ], [ 6078480.804268677718937, 1987825.943187418393791 ], [ 6078466.261569272726774, 1987839.123921853723004 ], [ 6078453.080834837630391, 1987853.666621258249506 ], [ 6078441.389003049582243, 1987869.43123148707673 ], [ 6078432.182954723015428, 1987884.790595201775432 ], [ 6078426.916553351096809, 1987886.674943743506446 ], [ 6078409.173892458900809, 1987895.066597376018763 ], [ 6078392.339193219318986, 1987905.156927785370499 ], [ 6078376.574582991190255, 1987916.848759573185816 ], [ 6078362.031883586198092, 1987930.02949400851503 ], [ 6078360.206620785407722, 1987932.043361170450225 ], [ 6078357.475049974396825, 1987933.335297946818173 ], [ 6078340.640350734815001, 1987943.425628356169909 ], [ 6078324.87574050668627, 1987955.117460143985227 ], [ 6078310.333041101694107, 1987968.29819457931444 ], [ 6078297.152306666597724, 1987982.840893983840942 ], [ 6078291.798994494602084, 1987990.058999867644161 ], [ 6078273.673567647114396, 1987996.544381295330822 ], [ 6078255.930906754918396, 1988004.936034927843139 ], [ 6078239.096207515336573, 1988015.026365337194875 ], [ 6078223.331597287207842, 1988026.718197125010192 ], [ 6078208.788897882215679, 1988039.898931560339406 ], [ 6078195.608163447119296, 1988054.441630964865908 ], [ 6078186.088670338504016, 1988067.277181556914002 ], [ 6078168.220683477818966, 1988069.927647033240646 ] ] ] } },
{ "type": "Feature", "properties": { "parent_sta": "mtc:san-jose-diridon-station", "stop_id": 0, "stop_name": "San Jose Diridon Station", "location_t": 2 }, "geometry": { "type": "MultiPolygon", "coordinates": [ [ [ [ 6153750.651638673618436, 1945301.903964439639822 ], [ 6153745.882649739272892, 1945282.865093391854316 ], [ 6153739.270489094778895, 1945264.385342369787395 ], [ 6153730.878835462033749, 1945246.642681477591395 ], [ 6153720.788505053147674, 1945229.807982238940895 ], [ 6153709.096673265099525, 1945214.043372010113671 ], [ 6153695.915938830003142, 1945199.50067260558717 ], [ 6153681.373239425010979, 1945186.319938170257956 ], [ 6153665.608629196882248, 1945174.628106382442638 ], [ 6153648.773929957300425, 1945164.537775973090902 ], [ 6153631.031269065104425, 1945156.146122340578586 ], [ 6153612.551518043503165, 1945149.533961696317419 ], [ 6153593.512646995484829, 1945144.764972762204707 ], [ 6153574.098010658286512, 1945141.88508350844495 ], [ 6153554.494582592509687, 1945140.922028842847794 ], [ 6153534.891154526732862, 1945141.88508350844495 ], [ 6153515.476518189534545, 1945144.764972762204707 ], [ 6153496.437647141516209, 1945149.533961696317419 ], [ 6153477.957896119914949, 1945156.146122340578586 ], [ 6153460.215235227718949, 1945164.537775973090902 ], [ 6153443.380535988137126, 1945174.628106382442638 ], [ 6153427.615925760008395, 1945186.319938170257956 ], [ 6153413.073226355016232, 1945199.50067260558717 ], [ 6153399.892491919919848, 1945214.043372010113671 ], [ 6153388.2006601318717, 1945229.807982238940895 ], [ 6153378.110329722985625, 1945246.642681477591395 ], [ 6153369.718676090240479, 1945264.385342369787395 ], [ 6153363.106515445746481, 1945282.865093391854316 ], [ 6153358.337526511400938, 1945301.903964439639822 ], [ 6153355.457637257874012, 1945321.318600776838139 ], [ 6153354.494582592509687, 1945340.922028842847794 ], [ 6153355.457637257874012, 1945360.52545690885745 ], [ 6153358.337526511400938, 1945379.940093246055767 ], [ 6153363.106515445746481, 1945398.978964293841273 ], [ 6153369.718676090240479, 1945417.458715315908194 ], [ 6153378.110329722985625, 1945435.201376208104193 ], [ 6153388.2006601318717, 1945452.036075446754694 ], [ 6153399.892491919919848, 1945467.800685675581917 ], [ 6153413.073226355016232, 1945482.343385080108419 ], [ 6153427.615925760008395, 1945495.524119515437633 ], [ 6153443.380535988137126, 1945507.21595130325295 ], [ 6153460.215235227718949, 1945517.306281712604687 ], [ 6153477.957896119914949, 1945525.697935345117003 ], [ 6153496.437647141516209, 1945532.310095989378169 ], [ 6153515.476518189534545, 1945537.079084923490882 ], [ 6153534.891154526732862, 1945539.958974177250639 ], [ 6153554.494582592509687, 1945540.922028842847794 ], [ 6153574.098010658286512, 1945539.958974177250639 ], [ 6153593.512646995484829, 1945537.079084923490882 ], [ 6153612.551518043503165, 1945532.310095989378169 ], [ 6153631.031269065104425, 1945525.697935345117003 ], [ 6153648.773929957300425, 1945517.306281712604687 ], [ 6153665.608629196882248, 1945507.21595130325295 ], [ 6153681.373239425010979, 1945495.524119515437633 ], [ 6153695.915938830003142, 1945482.343385080108419 ], [ 6153709.096673265099525, 1945467.800685675581917 ], [ 6153720.788505053147674, 1945452.036075446754694 ], [ 6153730.878835462033749, 1945435.201376208104193 ], [ 6153739.270489094778895, 1945417.458715315908194 ], [ 6153745.882649739272892, 1945398.978964293841273 ], [ 6153750.651638673618436, 1945379.940093246055767 ], [ 6153753.531527927145362, 1945360.52545690885745 ], [ 6153754.494582592509687, 1945340.922028842847794 ], [ 6153753.531527927145362, 1945321.318600776838139 ], [ 6153750.651638673618436, 1945301.903964439639822 ] ] ], [ [ [ 6154083.850175879895687, 1945523.880937607260421 ], [ 6154079.081186945550144, 1945504.842066559474915 ], [ 6154072.469026301056147, 1945486.362315537407994 ], [ 6154064.077372668311, 1945468.619654645211995 ], [ 6154053.987042259424925, 1945451.784955406561494 ], [ 6154042.295210471376777, 1945436.020345177734271 ], [ 6154029.114476036280394, 1945421.477645773207769 ], [ 6154014.57177663128823, 1945408.296911337878555 ], [ 6153998.807166403159499, 1945396.605079550063238 ], [ 6153981.972467163577676, 1945386.514749140711501 ], [ 6153964.229806271381676, 1945378.123095508199185 ], [ 6153945.750055249780416, 1945371.510934863938019 ], [ 6153926.71118420176208, 1945366.741945929825306 ], [ 6153907.296547864563763, 1945363.862056676065549 ], [ 6153887.693119798786938, 1945362.899002010468394 ], [ 6153868.089691733010113, 1945363.862056676065549 ], [ 6153848.675055395811796, 1945366.741945929825306 ], [ 6153829.63618434779346, 1945371.510934863938019 ], [ 6153811.1564333261922, 1945378.123095508199185 ], [ 6153793.413772433996201, 1945386.514749140711501 ], [ 6153776.579073194414377, 1945396.605079550063238 ], [ 6153760.814462966285646, 1945408.296911337878555 ], [ 6153746.271763561293483, 1945421.477645773207769 ], [ 6153733.0910291261971, 1945436.020345177734271 ], [ 6153721.399197338148952, 1945451.784955406561494 ], [ 6153711.308866929262877, 1945468.619654645211995 ], [ 6153702.91721329651773, 1945486.362315537407994 ], [ 6153696.305052652023733, 1945504.842066559474915 ], [ 6153691.536063717678189, 1945523.880937607260421 ], [ 6153688.656174464151263, 1945543.295573944458738 ], [ 6153687.693119798786938, 1945562.899002010468394 ], [ 6153688.656174464151263, 1945582.502430076478049 ], [ 6153691.536063717678189, 1945601.917066413676366 ], [ 6153692.234435805119574, 1945604.705124072497711 ], [ 6153690.467567157000303, 1945607.08747066068463 ], [ 6153680.377236748114228, 1945623.922169899335131 ], [ 6153671.985583115369081, 1945641.664830791531131 ], [ 6153665.373422470875084, 1945660.144581813598052 ], [ 6153660.604433536529541, 1945679.183452861383557 ], [ 6153657.724544283002615, 1945698.598089198581874 ], [ 6153656.76148961763829, 1945718.20151726459153 ], [ 6153657.724544283002615, 1945737.804945330601186 ], [ 6153660.604433536529541, 1945757.219581667799503 ], [ 6153665.373422470875084, 1945776.258452715585008 ], [ 6153671.985583115369081, 1945794.738203737651929 ], [ 6153680.377236748114228, 1945812.480864629847929 ], [ 6153690.467567157000303, 1945829.31556386849843 ], [ 6153702.159398945048451, 1945845.080174097325653 ], [ 6153715.340133380144835, 1945859.622873501852155 ], [ 6153729.882832785136998, 1945872.803607937181368 ], [ 6153745.647443013265729, 1945884.495439724996686 ], [ 6153762.482142252847552, 1945894.585770134348422 ], [ 6153780.224803145043552, 1945902.977423766860738 ], [ 6153798.704554166644812, 1945909.589584411121905 ], [ 6153817.743425214663148, 1945914.358573345234618 ], [ 6153837.158061551861465, 1945917.238462598994374 ], [ 6153856.76148961763829, 1945918.20151726459153 ], [ 6153876.364917683415115, 1945917.238462598994374 ], [ 6153895.779554020613432, 1945914.358573345234618 ], [ 6153914.818425068631768, 1945909.589584411121905 ], [ 6153933.298176090233028, 1945902.977423766860738 ], [ 6153951.040836982429028, 1945894.585770134348422 ], [ 6153967.875536222010851, 1945884.495439724996686 ], [ 6153983.640146450139582, 1945872.803607937181368 ], [ 6153998.182845855131745, 1945859.622873501852155 ], [ 6154011.363580290228128, 1945845.080174097325653 ], [ 6154023.055412078276277, 1945829.31556386849843 ], [ 6154028.399343597702682, 1945820.399752766592428 ], [ 6154029.26953930594027, 1945819.878177531296387 ], [ 6154045.034149534069002, 1945808.18634574348107 ], [ 6154059.576848939061165, 1945795.005611308151856 ], [ 6154072.757583374157548, 1945780.462911903625354 ], [ 6154084.449415162205696, 1945764.698301674798131 ], [ 6154094.539745571091771, 1945747.86360243614763 ], [ 6154102.931399203836918, 1945730.120941543951631 ], [ 6154109.543559848330915, 1945711.64119052188471 ], [ 6154114.312548782676458, 1945692.602319474099204 ], [ 6154117.192438036203384, 1945673.187683136900887 ], [ 6154118.155492701567709, 1945653.584255070891231 ], [ 6154117.192438036203384, 1945633.980827004881576 ], [ 6154114.312548782676458, 1945614.566190667683259 ], [ 6154109.543559848330915, 1945595.527319619897753 ], [ 6154102.931399203836918, 1945577.047568597830832 ], [ 6154094.539745571091771, 1945559.304907705634832 ], [ 6154086.889515993185341, 1945546.541270754765719 ], [ 6154086.730065133422613, 1945543.295573944458738 ], [ 6154083.850175879895687, 1945523.880937607260421 ] ] ] ] } },
{ "type": "Feature", "properties": { "parent_sta": "mtc:santa-clara-caltrain", "stop_id": 0, "stop_name": "Santa Clara Caltrain", "location_t": 2 }, "geometry": { "type": "Polygon", "coordinates": [ [ [ 6144306.935915576294065, 1954291.9326598320622 ], [ 6144302.166926641948521, 1954272.893788784276694 ], [ 6144295.554765997454524, 1954254.414037762209773 ], [ 6144287.163112364709377, 1954236.671376870013773 ], [ 6144277.072781955823302, 1954219.836677631363273 ], [ 6144265.380950167775154, 1954204.072067402536049 ], [ 6144252.200215732678771, 1954189.529367998009548 ], [ 6144237.657516327686608, 1954176.348633562680334 ], [ 6144221.892906099557877, 1954164.656801774865016 ], [ 6144205.058206859976053, 1954154.56647136551328 ], [ 6144187.315545967780054, 1954146.174817733000964 ], [ 6144168.835794946178794, 1954139.562657088739797 ], [ 6144149.796923898160458, 1954134.793668154627085 ], [ 6144130.382287560962141, 1954131.913778900867328 ], [ 6144110.778859495185316, 1954130.950724235270172 ], [ 6144091.175431429408491, 1954131.913778900867328 ], [ 6144071.760795092210174, 1954134.793668154627085 ], [ 6144052.721924044191837, 1954139.562657088739797 ], [ 6144034.242173022590578, 1954146.174817733000964 ], [ 6144016.499512130394578, 1954154.56647136551328 ], [ 6143999.664812890812755, 1954164.656801774865016 ], [ 6143983.900202662684023, 1954176.348633562680334 ], [ 6143969.35750325769186, 1954189.529367998009548 ], [ 6143956.176768822595477, 1954204.072067402536049 ], [ 6143944.484937034547329, 1954219.836677631363273 ], [ 6143934.394606625661254, 1954236.671376870013773 ], [ 6143926.002952992916107, 1954254.414037762209773 ], [ 6143919.39079234842211, 1954272.893788784276694 ], [ 6143914.621803414076567, 1954291.9326598320622 ], [ 6143911.741914160549641, 1954311.347296169260517 ], [ 6143910.778859495185316, 1954330.950724235270172 ], [ 6143911.741914160549641, 1954350.554152301279828 ], [ 6143914.621803414076567, 1954369.968788638478145 ], [ 6143919.39079234842211, 1954389.007659686263651 ], [ 6143926.002952992916107, 1954407.487410708330572 ], [ 6143934.394606625661254, 1954425.230071600526571 ], [ 6143944.484937034547329, 1954442.064770839177072 ], [ 6143946.111745399422944, 1954444.258267995901406 ], [ 6143947.473365272395313, 1954453.437563566956669 ], [ 6143952.242354206740856, 1954472.476434614742175 ], [ 6143955.514125461690128, 1954481.620422707404941 ], [ 6143954.711349890567362, 1954484.825282437261194 ], [ 6143951.831460637040436, 1954504.239918774459511 ], [ 6143950.868405971676111, 1954523.843346840469167 ], [ 6143951.831460637040436, 1954543.446774906478822 ], [ 6143954.711349890567362, 1954562.861411243677139 ], [ 6143959.480338824912906, 1954581.900282291462645 ], [ 6143966.092499469406903, 1954600.380033313529566 ], [ 6143974.48415310215205, 1954618.122694205725566 ], [ 6143984.574483511038125, 1954634.957393444376066 ], [ 6143996.266315299086273, 1954650.72200367320329 ], [ 6144009.447049734182656, 1954665.264703077729791 ], [ 6144023.989749139174819, 1954678.445437513059005 ], [ 6144039.75435936730355, 1954690.137269300874323 ], [ 6144056.589058606885374, 1954700.227599710226059 ], [ 6144074.331719499081373, 1954708.619253342738375 ], [ 6144092.811470520682633, 1954715.231413986999542 ], [ 6144111.850341568700969, 1954720.000402921112254 ], [ 6144131.264977905899286, 1954722.880292174872011 ], [ 6144150.868405971676111, 1954723.843346840469167 ], [ 6144170.471834037452936, 1954722.880292174872011 ], [ 6144189.886470374651253, 1954720.000402921112254 ], [ 6144208.92534142266959, 1954715.231413986999542 ], [ 6144227.405092444270849, 1954708.619253342738375 ], [ 6144245.147753336466849, 1954700.227599710226059 ], [ 6144261.982452576048672, 1954690.137269300874323 ], [ 6144277.747062804177403, 1954678.445437513059005 ], [ 6144292.289762209169567, 1954665.264703077729791 ], [ 6144305.47049664426595, 1954650.72200367320329 ], [ 6144317.162328432314098, 1954634.957393444376066 ], [ 6144327.252658841200173, 1954618.122694205725566 ], [ 6144335.64431247394532, 1954600.380033313529566 ], [ 6144342.256473118439317, 1954581.900282291462645 ], [ 6144347.02546205278486, 1954562.861411243677139 ], [ 6144349.905351306311786, 1954543.446774906478822 ], [ 6144350.868405971676111, 1954523.843346840469167 ], [ 6144349.905351306311786, 1954504.239918774459511 ], [ 6144347.02546205278486, 1954484.825282437261194 ], [ 6144342.256473118439317, 1954465.786411389475688 ], [ 6144338.984701863490045, 1954456.642423296812922 ], [ 6144339.787477434612811, 1954453.437563566956669 ], [ 6144342.667366688139737, 1954434.022927229758352 ], [ 6144343.630421353504062, 1954414.419499163748696 ], [ 6144342.667366688139737, 1954394.816071097739041 ], [ 6144339.787477434612811, 1954375.401434760540724 ], [ 6144335.018488500267267, 1954356.362563712755218 ], [ 6144328.40632785577327, 1954337.882812690688297 ], [ 6144320.014674223028123, 1954320.140151798492298 ], [ 6144309.924343814142048, 1954303.305452559841797 ], [ 6144308.297535449266434, 1954301.111955403117463 ], [ 6144306.935915576294065, 1954291.9326598320622 ] ] ] } },
{ "type": "Feature", "properties": { "parent_sta": "redwood_city", "stop_id": 0, "stop_name": "Redwood City", "location_t": 2 }, "geometry": { "type": "Polygon", "coordinates": [ [ [ 6059107.252963016740978, 2003859.406149927992374 ], [ 6059090.418263777159154, 2003869.49648033734411 ], [ 6059074.653653549030423, 2003881.188312125159428 ], [ 6059060.11095414403826, 2003894.369046560488641 ], [ 6059046.930219708941877, 2003908.911745965015143 ], [ 6059035.238387920893729, 2003924.676356193842366 ], [ 6059025.148057512007654, 2003941.511055432492867 ], [ 6059016.756403879262507, 2003959.253716324688867 ], [ 6059014.401800037361681, 2003965.83439321629703 ], [ 6059013.873845377005637, 2003966.084097173763439 ], [ 6058997.039146137423813, 2003976.174427583115175 ], [ 6058981.274535909295082, 2003987.866259370930493 ], [ 6058966.731836504302919, 2004001.046993806259707 ], [ 6058953.551102069206536, 2004015.589693210786209 ], [ 6058950.131979322060943, 2004020.199846556177363 ], [ 6058941.200169336050749, 2004022.437148488592356 ], [ 6058922.720418314449489, 2004029.049309132853523 ], [ 6058904.977757422253489, 2004037.440962765365839 ], [ 6058888.143058182671666, 2004047.531293174717575 ], [ 6058872.378447954542935, 2004059.223124962532893 ], [ 6058857.835748549550772, 2004072.403859397862107 ], [ 6058844.655014114454389, 2004086.946558802388608 ], [ 6058832.96318232640624, 2004102.711169031215832 ], [ 6058822.872851917520165, 2004119.545868269866332 ], [ 6058814.481198284775019, 2004137.288529162062332 ], [ 6058807.869037640281022, 2004155.768280184129253 ], [ 6058803.100048705935478, 2004174.807151231914759 ], [ 6058800.220159452408552, 2004194.221787569113076 ], [ 6058799.257104787044227, 2004213.825215635122731 ], [ 6058800.220159452408552, 2004233.428643701132387 ], [ 6058803.100048705935478, 2004252.843280038330704 ], [ 6058807.869037640281022, 2004271.88215108611621 ], [ 6058814.481198284775019, 2004290.361902108183131 ], [ 6058822.872851917520165, 2004308.10456300037913 ], [ 6058832.96318232640624, 2004324.939262239029631 ], [ 6058844.655014114454389, 2004340.703872467856854 ], [ 6058857.835748549550772, 2004355.246571872383356 ], [ 6058872.378447954542935, 2004368.42730630771257 ], [ 6058880.520451462827623, 2004374.465827657841146 ], [ 6058881.475449040532112, 2004376.059144857339561 ], [ 6058893.16728082858026, 2004391.823755086166784 ], [ 6058906.348015263676643, 2004406.366454490693286 ], [ 6058920.890714668668807, 2004419.5471889260225 ], [ 6058936.655324896797538, 2004431.239020713837817 ], [ 6058953.490024136379361, 2004441.329351123189554 ], [ 6058971.232685028575361, 2004449.72100475570187 ], [ 6058989.71243605017662, 2004456.333165399963036 ], [ 6059008.751307098194957, 2004461.102154334075749 ], [ 6059028.165943435393274, 2004463.982043587835506 ], [ 6059047.769371501170099, 2004464.945098253432661 ], [ 6059067.372799566946924, 2004463.982043587835506 ], [ 6059086.787435904145241, 2004461.102154334075749 ], [ 6059105.826306952163577, 2004456.333165399963036 ], [ 6059124.306057973764837, 2004449.72100475570187 ], [ 6059142.048718865960836, 2004441.329351123189554 ], [ 6059158.88341810554266, 2004431.239020713837817 ], [ 6059174.648028333671391, 2004419.5471889260225 ], [ 6059189.190727738663554, 2004406.366454490693286 ], [ 6059202.371462173759937, 2004391.823755086166784 ], [ 6059212.780618824064732, 2004377.788632072508335 ], [ 6059222.228150757029653, 2004372.12599935173057 ], [ 6059223.850540375337005, 2004370.922753205057234 ], [ 6059239.260242088697851, 2004361.686533443396911 ], [ 6059255.024852316826582, 2004349.994701655581594 ], [ 6059269.567551721818745, 2004336.81396722025238 ], [ 6059282.748286156915128, 2004322.271267815725878 ], [ 6059294.440117944963276, 2004306.506657586898655 ], [ 6059304.530448353849351, 2004289.671958348248154 ], [ 6059312.922101986594498, 2004271.929297456052154 ], [ 6059319.534262631088495, 2004253.449546433985233 ], [ 6059324.303251565434039, 2004234.410675386199728 ], [ 6059327.183140818960965, 2004214.996039049001411 ], [ 6059328.14619548432529, 2004195.392610982991755 ], [ 6059327.91849853657186, 2004190.757733134087175 ], [ 6059328.410967214033008, 2004190.392493470339105 ], [ 6059342.953666619025171, 2004177.211759035009891 ], [ 6059350.589726474136114, 2004168.786665300605819 ], [ 6059366.897085058502853, 2004172.871445981087163 ], [ 6059386.31172139570117, 2004175.75133523484692 ], [ 6059405.915149461477995, 2004176.714389900444075 ], [ 6059425.51857752725482, 2004175.75133523484692 ], [ 6059444.933213864453137, 2004172.871445981087163 ], [ 6059463.972084912471473, 2004168.10245704697445 ], [ 6059482.451835934072733, 2004161.490296402713284 ], [ 6059500.194496826268733, 2004153.098642770200968 ], [ 6059517.029196065850556, 2004143.008312360849231 ], [ 6059532.793806293979287, 2004131.316480573033914 ], [ 6059547.33650569897145, 2004118.1357461377047 ], [ 6059560.517240134067833, 2004103.593046733178198 ], [ 6059572.209071922115982, 2004087.828436504350975 ], [ 6059582.299402331002057, 2004070.993737265700474 ], [ 6059590.691055963747203, 2004053.251076373504475 ], [ 6059596.0027239555493, 2004038.405958826420829 ], [ 6059600.968739311210811, 2004037.669320034561679 ], [ 6059620.007610359229147, 2004032.900331100448966 ], [ 6059638.487361380830407, 2004026.2881704561878 ], [ 6059656.230022273026407, 2004017.896516823675483 ], [ 6059673.06472151260823, 2004007.806186414323747 ], [ 6059688.829331740736961, 2003996.11435462650843 ], [ 6059703.372031145729125, 2003982.933620191179216 ], [ 6059716.552765580825508, 2003968.390920786652714 ], [ 6059718.804573242552578, 2003965.354709631763399 ], [ 6059723.375406091101468, 2003961.211948219453916 ], [ 6059736.556140526197851, 2003946.669248814927414 ], [ 6059748.247972314245999, 2003930.904638586100191 ], [ 6059758.338302723132074, 2003914.06993934744969 ], [ 6059766.729956355877221, 2003896.32727845525369 ], [ 6059773.342117000371218, 2003877.847527433186769 ], [ 6059778.111105934716761, 2003858.808656385401264 ], [ 6059780.990995188243687, 2003839.394020048202947 ], [ 6059781.954049853608012, 2003819.790591982193291 ], [ 6059780.990995188243687, 2003800.187163916183636 ], [ 6059778.111105934716761, 2003780.772527578985319 ], [ 6059773.342117000371218, 2003761.733656531199813 ], [ 6059766.729956355877221, 2003743.253905509132892 ], [ 6059758.338302723132074, 2003725.511244616936892 ], [ 6059748.247972314245999, 2003708.676545378286391 ], [ 6059736.556140526197851, 2003692.911935149459168 ], [ 6059723.375406091101468, 2003678.369235744932666 ], [ 6059722.421782733872533, 2003677.504921915242448 ], [ 6059718.944666670635343, 2003671.703704236773774 ], [ 6059707.252834882587194, 2003655.939094007946551 ], [ 6059694.072100447490811, 2003641.396394603420049 ], [ 6059679.529401042498648, 2003628.215660168090835 ], [ 6059663.764790814369917, 2003616.523828380275518 ], [ 6059646.930091574788094, 2003606.433497970923781 ], [ 6059629.187430682592094, 2003598.041844338411465 ], [ 6059610.707679660990834, 2003591.429683694150299 ], [ 6059591.668808612972498, 2003586.660694760037586 ], [ 6059572.254172275774181, 2003583.780805506277829 ], [ 6059552.650744209997356, 2003582.817750840680674 ], [ 6059533.047316144220531, 2003583.780805506277829 ], [ 6059513.632679807022214, 2003586.660694760037586 ], [ 6059494.593808759003878, 2003591.429683694150299 ], [ 6059485.325308170169592, 2003594.746006232919171 ], [ 6059475.017814002931118, 2003597.327899113995954 ], [ 6059456.538062981329858, 2003603.940059758257121 ], [ 6059438.795402089133859, 2003612.331713390769437 ], [ 6059421.960702849552035, 2003622.422043800121173 ], [ 6059406.196092621423304, 2003634.113875587936491 ], [ 6059391.653393216431141, 2003647.294610023265705 ], [ 6059378.472658781334758, 2003661.837309427792206 ], [ 6059366.78082699328661, 2003677.60191965661943 ], [ 6059356.690496584400535, 2003694.43661889526993 ], [ 6059348.298842951655388, 2003712.17927978746593 ], [ 6059341.686682307161391, 2003730.659030809532851 ], [ 6059336.917693372815847, 2003749.697901857318357 ], [ 6059334.037804119288921, 2003769.112538194516674 ], [ 6059333.821728676557541, 2003773.510854872176424 ], [ 6059316.309753432869911, 2003769.124333426589146 ], [ 6059296.895117095671594, 2003766.24444417282939 ], [ 6059277.291689029894769, 2003765.281389507232234 ], [ 6059257.688260964117944, 2003766.24444417282939 ], [ 6059238.273624626919627, 2003769.124333426589146 ], [ 6059219.234753578901291, 2003773.893322360701859 ], [ 6059200.755002557300031, 2003780.505483004963025 ], [ 6059183.012341665104032, 2003788.897136637475342 ], [ 6059166.177642425522208, 2003798.987467046827078 ], [ 6059150.413032197393477, 2003810.679298834642395 ], [ 6059135.870332792401314, 2003823.860033269971609 ], [ 6059122.689598357304931, 2003838.402732674498111 ], [ 6059110.997766569256783, 2003854.167342903325334 ], [ 6059108.097024574875832, 2003859.006938542239368 ], [ 6059107.252963016740978, 2003859.406149927992374 ] ] ] } },
{ "type": "Feature", "properties": { "parent_sta": "san_antonio", "stop_id": 0, "stop_name": "San Antonio", "location_t": 2 }, "geometry": { "type": "Polygon", "coordinates": [ [ [ 6095308.693115815520287, 1974378.868015343556181 ], [ 6095294.150416410528123, 1974365.687280908226967 ], [ 6095278.385806182399392, 1974353.995449120411649 ], [ 6095261.551106942817569, 1974343.905118711059913 ], [ 6095243.808446050621569, 1974335.513465078547597 ], [ 6095225.328695029020309, 1974328.90130443428643 ], [ 6095206.289823981001973, 1974324.132315500173718 ], [ 6095186.875187643803656, 1974321.252426246413961 ], [ 6095167.271759578026831, 1974320.289371580816805 ], [ 6095147.668331512250006, 1974321.252426246413961 ], [ 6095128.253695175051689, 1974324.132315500173718 ], [ 6095109.214824127033353, 1974328.90130443428643 ], [ 6095090.735073105432093, 1974335.513465078547597 ], [ 6095072.992412213236094, 1974343.905118711059913 ], [ 6095056.15771297365427, 1974353.995449120411649 ], [ 6095040.393102745525539, 1974365.687280908226967 ], [ 6095025.850403340533376, 1974378.868015343556181 ], [ 6095012.669668905436993, 1974393.410714748082682 ], [ 6095000.977837117388844, 1974409.175324976909906 ], [ 6094990.887506708502769, 1974426.010024215560406 ], [ 6094982.495853075757623, 1974443.752685107756406 ], [ 6094975.883692431263626, 1974462.232436129823327 ], [ 6094974.719494566321373, 1974466.880174536723644 ], [ 6094966.460068379528821, 1974468.949053094955161 ], [ 6094947.980317357927561, 1974475.561213739216328 ], [ 6094930.237656465731561, 1974483.952867371728644 ], [ 6094913.402957226149738, 1974494.04319778108038 ], [ 6094897.638346998021007, 1974505.735029568895698 ], [ 6094883.095647593028843, 1974518.915764004224911 ], [ 6094869.91491315793246, 1974533.458463408751413 ], [ 6094858.223081369884312, 1974549.223073637578636 ], [ 6094850.14632058609277, 1974562.698334912769496 ], [ 6094833.376738930121064, 1974566.898896445287392 ], [ 6094814.896987908519804, 1974573.511057089548558 ], [ 6094797.154327016323805, 1974581.902710722060874 ], [ 6094780.319627776741982, 1974591.99304113141261 ], [ 6094764.55501754861325, 1974603.684872919227928 ], [ 6094750.012318143621087, 1974616.865607354557142 ], [ 6094743.922697924077511, 1974623.584467883454636 ], [ 6094732.070949790067971, 1974630.688132338691503 ], [ 6094716.30633956193924, 1974642.37996412650682 ], [ 6094701.763640156947076, 1974655.560698561836034 ], [ 6094688.582905721850693, 1974670.103397966362536 ], [ 6094676.891073933802545, 1974685.868008195189759 ], [ 6094666.80074352491647, 1974702.70270743384026 ], [ 6094663.114901472814381, 1974710.495765690691769 ], [ 6094662.25516040623188, 1974710.711119617102668 ], [ 6094643.77540938463062, 1974717.323280261363834 ], [ 6094626.032748492434621, 1974725.71493389387615 ], [ 6094609.198049252852798, 1974735.805264303227887 ], [ 6094593.433439024724066, 1974747.497096091043204 ], [ 6094578.890739619731903, 1974760.677830526372418 ], [ 6094565.71000518463552, 1974775.22052993089892 ], [ 6094554.018173396587372, 1974790.985140159726143 ], [ 6094551.331233965232968, 1974795.468027773313224 ], [ 6094544.540912166237831, 1974797.897643762407824 ], [ 6094526.798251274041831, 1974806.289297394920141 ], [ 6094509.963552034460008, 1974816.379627804271877 ], [ 6094494.198941806331277, 1974828.071459592087194 ], [ 6094479.656242401339114, 1974841.252194027416408 ], [ 6094466.475507966242731, 1974855.79489343194291 ], [ 6094454.783676178194582, 1974871.559503660770133 ], [ 6094444.693345769308507, 1974888.394202899420634 ], [ 6094436.301692136563361, 1974906.136863791616634 ], [ 6094429.689531492069364, 1974924.616614813683555 ], [ 6094424.92054255772382, 1974943.65548586146906 ], [ 6094423.954340291209519, 1974950.169092457508668 ], [ 6094417.316842545755208, 1974957.492442683782429 ], [ 6094405.625010757707059, 1974973.257052912609652 ], [ 6094395.534680348820984, 1974990.091752151260152 ], [ 6094387.143026716075838, 1975007.834413043456152 ], [ 6094380.530866071581841, 1975026.314164065523073 ], [ 6094375.761877137236297, 1975045.353035113308579 ], [ 6094372.881987883709371, 1975064.767671450506896 ], [ 6094371.918933218345046, 1975084.371099516516551 ], [ 6094372.881987883709371, 1975103.974527582526207 ], [ 6094375.761877137236297, 1975123.389163919724524 ], [ 6094380.530866071581841, 1975142.42803496751003 ], [ 6094387.143026716075838, 1975160.907785989576951 ], [ 6094395.534680348820984, 1975178.65044688177295 ], [ 6094405.625010757707059, 1975195.485146120423451 ], [ 6094417.316842545755208, 1975211.249756349250674 ], [ 6094430.497576980851591, 1975225.792455753777176 ], [ 6094445.040276385843754, 1975238.97319018910639 ], [ 6094460.804886613972485, 1975250.665021976921707 ], [ 6094477.639585853554308, 1975260.755352386273444 ], [ 6094495.382246745750308, 1975269.14700601878576 ], [ 6094513.861997767351568, 1975275.759166663046926 ], [ 6094532.900868815369904, 1975280.528155597159639 ], [ 6094552.315505152568221, 1975283.408044850919396 ], [ 6094571.918933218345046, 1975284.371099516516551 ], [ 6094591.522361284121871, 1975283.408044850919396 ], [ 6094610.936997621320188, 1975280.528155597159639 ], [ 6094629.975868669338524, 1975275.759166663046926 ], [ 6094648.455619690939784, 1975269.14700601878576 ], [ 6094666.198280583135784, 1975260.755352386273444 ], [ 6094683.032979822717607, 1975250.665021976921707 ], [ 6094698.797590050846338, 1975238.97319018910639 ], [ 6094713.340289455838501, 1975225.792455753777176 ], [ 6094726.521023890934885, 1975211.249756349250674 ], [ 6094738.212855678983033, 1975195.485146120423451 ], [ 6094748.303186087869108, 1975178.65044688177295 ], [ 6094756.694839720614254, 1975160.907785989576951 ], [ 6094763.307000365108252, 1975142.42803496751003 ], [ 6094768.075989299453795, 1975123.389163919724524 ], [ 6094769.042191565968096, 1975116.875557323684916 ], [ 6094775.679689311422408, 1975109.552207097411156 ], [ 6094787.371521099470556, 1975093.787596868583933 ], [ 6094790.058460530824959, 1975089.304709254996851 ], [ 6094796.848782329820096, 1975086.875093265902251 ], [ 6094814.591443222016096, 1975078.483439633389935 ], [ 6094831.426142461597919, 1975068.393109224038199 ], [ 6094847.190752689726651, 1975056.701277436222881 ], [ 6094861.733452094718814, 1975043.520543000893667 ], [ 6094874.914186529815197, 1975028.977843596367165 ], [ 6094886.606018317863345, 1975013.213233367539942 ], [ 6094896.69634872674942, 1974996.378534128889441 ], [ 6094900.382190778851509, 1974988.585475872037932 ], [ 6094901.24193184543401, 1974988.370121945627034 ], [ 6094919.72168286703527, 1974981.757961301365867 ], [ 6094937.464343759231269, 1974973.366307668853551 ], [ 6094954.299042998813093, 1974963.275977259501815 ], [ 6094970.063653226941824, 1974951.584145471686497 ], [ 6094984.606352631933987, 1974938.403411036357284 ], [ 6094990.695972851477563, 1974931.68455050745979 ], [ 6095002.547720985487103, 1974924.580886052222922 ], [ 6095018.312331213615835, 1974912.889054264407605 ], [ 6095032.855030618607998, 1974899.708319829078391 ], [ 6095040.455840501002967, 1974891.322118445299566 ], [ 6095051.123629176989198, 1974891.846193297067657 ], [ 6095070.727057242766023, 1974890.883138631470501 ], [ 6095090.14169357996434, 1974888.003249377710745 ], [ 6095109.180564627982676, 1974883.234260443598032 ], [ 6095127.660315649583936, 1974876.622099799336866 ], [ 6095145.402976541779935, 1974868.230446166824549 ], [ 6095160.547747883945704, 1974859.153019558638334 ], [ 6095176.599268191494048, 1974853.40969375660643 ], [ 6095194.341929083690047, 1974845.018040124094114 ], [ 6095211.176628323271871, 1974834.927709714742377 ], [ 6095226.941238551400602, 1974823.23587792692706 ], [ 6095241.483937956392765, 1974810.055143491597846 ], [ 6095254.664672391489148, 1974795.512444087071344 ], [ 6095266.356504179537296, 1974779.747833858244121 ], [ 6095276.446834588423371, 1974762.91313461959362 ], [ 6095276.855390910990536, 1974762.049314851639792 ], [ 6095290.156667627394199, 1974757.290041941683739 ], [ 6095307.899328519590199, 1974748.898388309171423 ], [ 6095324.734027759172022, 1974738.808057899819687 ], [ 6095340.498637987300754, 1974727.116226112004369 ], [ 6095355.041337392292917, 1974713.935491676675156 ], [ 6095368.2220718273893, 1974699.392792272148654 ], [ 6095379.913903615437448, 1974683.628182043321431 ], [ 6095390.004234024323523, 1974666.79348280467093 ], [ 6095398.39588765706867, 1974649.05082191247493 ], [ 6095405.008048301562667, 1974630.571070890408009 ], [ 6095409.77703723590821, 1974611.532199842622504 ], [ 6095412.656926489435136, 1974592.117563505424187 ], [ 6095413.619981154799461, 1974572.514135439414531 ], [ 6095412.656926489435136, 1974552.910707373404875 ], [ 6095409.77703723590821, 1974533.496071036206558 ], [ 6095405.008048301562667, 1974514.457199988421053 ], [ 6095398.39588765706867, 1974495.977448966354132 ], [ 6095390.004234024323523, 1974478.234788074158132 ], [ 6095379.913903615437448, 1974461.400088835507631 ], [ 6095368.2220718273893, 1974445.635478606680408 ], [ 6095355.041337392292917, 1974431.092779202153906 ], [ 6095340.498637987300754, 1974417.912044766824692 ], [ 6095337.444715675897896, 1974415.647101616486907 ], [ 6095333.565682038664818, 1974409.175324976909906 ], [ 6095321.87385025061667, 1974393.410714748082682 ], [ 6095308.693115815520287, 1974378.868015343556181 ] ] ] } },
{ "type": "Feature", "properties": { "parent_sta": "san_bruno", "stop_id": 0, "stop_name": "San Bruno Caltrain Station", "location_t": 2 }, "geometry": { "type": "Polygon", "coordinates": [ [ [ 6008105.683672103099525, 2057352.548124744091183 ], [ 6008086.644801055081189, 2057357.317113678203896 ], [ 6008068.165050033479929, 2057363.929274322465062 ], [ 6008050.422389141283929, 2057372.320927954977378 ], [ 6008033.587689901702106, 2057382.411258364329115 ], [ 6008017.823079673573375, 2057394.103090152144432 ], [ 6008003.280380268581212, 2057407.283824587473646 ], [ 6007990.099645833484828, 2057421.826523992000148 ], [ 6007978.40781404543668, 2057437.591134220827371 ], [ 6007968.317483636550605, 2057454.425833459477872 ], [ 6007959.925830003805459, 2057472.168494351673871 ], [ 6007953.313669359311461, 2057490.648245373740792 ], [ 6007948.544680424965918, 2057509.687116421526298 ], [ 6007945.664791171438992, 2057529.101752758724615 ], [ 6007944.701736506074667, 2057548.705180824734271 ], [ 6007945.664791171438992, 2057568.308608890743926 ], [ 6007948.544680424965918, 2057587.723245227942243 ], [ 6007953.313669359311461, 2057606.762116275727749 ], [ 6007959.925830003805459, 2057625.24186729779467 ], [ 6007962.251998338848352, 2057630.160137016093358 ], [ 6007949.925843975506723, 2057634.570505569223315 ], [ 6007932.183183083310723, 2057642.962159201735631 ], [ 6007915.3484838437289, 2057653.052489611087367 ], [ 6007899.583873615600169, 2057664.744321398902684 ], [ 6007885.041174210608006, 2057677.925055834231898 ], [ 6007871.860439775511622, 2057692.4677552387584 ], [ 6007860.168607987463474, 2057708.232365467585623 ], [ 6007850.078277578577399, 2057725.067064706236124 ], [ 6007841.686623945832253, 2057742.809725598432124 ], [ 6007835.074463301338255, 2057761.289476620499045 ], [ 6007830.305474366992712, 2057780.32834766828455 ], [ 6007827.425585113465786, 2057799.742984005482867 ], [ 6007826.852076387032866, 2057811.417022326728329 ], [ 6007826.664145927876234, 2057811.814367897575721 ], [ 6007820.051985283382237, 2057830.294118919642642 ], [ 6007815.282996349036694, 2057849.332989967428148 ], [ 6007812.403107095509768, 2057868.747626304626465 ], [ 6007811.542968569323421, 2057886.256148235173896 ], [ 6007801.817784535698593, 2057895.070541251916438 ], [ 6007788.63705010060221, 2057909.61324065644294 ], [ 6007776.945218312554061, 2057925.377850885270163 ], [ 6007766.854887903667986, 2057942.212550123920664 ], [ 6007758.46323427092284, 2057959.955211016116664 ], [ 6007751.851073626428843, 2057978.434962038183585 ], [ 6007747.082084692083299, 2057997.47383308596909 ], [ 6007744.202195438556373, 2058016.888469423167408 ], [ 6007743.239140773192048, 2058036.491897489177063 ], [ 6007744.202195438556373, 2058056.095325555186719 ], [ 6007747.082084692083299, 2058075.509961892385036 ], [ 6007751.851073626428843, 2058094.548832940170541 ], [ 6007758.46323427092284, 2058113.028583962237462 ], [ 6007766.854887903667986, 2058130.771244854433462 ], [ 6007776.945218312554061, 2058147.605944093083963 ], [ 6007788.63705010060221, 2058163.370554321911186 ], [ 6007801.817784535698593, 2058177.913253726437688 ], [ 6007816.360483940690756, 2058191.093988161766902 ], [ 6007832.125094168819487, 2058202.785819949582219 ], [ 6007848.95979340840131, 2058212.876150358933955 ], [ 6007866.70245430059731, 2058221.267803991446272 ], [ 6007885.18220532219857, 2058227.879964635707438 ], [ 6007898.735470954328775, 2058231.274880944285542 ], [ 6007913.295122855342925, 2058238.161083442857489 ], [ 6007931.774873876944184, 2058244.773244087118655 ], [ 6007950.813744924962521, 2058249.542233021231368 ], [ 6007970.228381262160838, 2058252.422122274991125 ], [ 6007989.831809327937663, 2058253.385176940588281 ], [ 6008009.435237393714488, 2058252.422122274991125 ], [ 6008028.849873730912805, 2058249.542233021231368 ], [ 6008047.888744778931141, 2058244.773244087118655 ], [ 6008066.368495800532401, 2058238.161083442857489 ], [ 6008084.1111566927284, 2058229.769429810345173 ], [ 6008100.945855932310224, 2058219.679099400993437 ], [ 6008116.710466160438955, 2058207.987267613178119 ], [ 6008131.253165565431118, 2058194.806533177848905 ], [ 6008144.433900000527501, 2058180.263833773322403 ], [ 6008156.125731788575649, 2058164.49922354449518 ], [ 6008166.216062197461724, 2058147.664524305844679 ], [ 6008174.607715830206871, 2058129.92186341364868 ], [ 6008181.219876474700868, 2058111.442112391581759 ], [ 6008182.661130996420979, 2058105.688301812624559 ], [ 6008196.129609101451933, 2058103.690441812155768 ], [ 6008215.16848014947027, 2058098.921452878043056 ], [ 6008233.648231171071529, 2058092.309292233781889 ], [ 6008251.390892063267529, 2058083.917638601269573 ], [ 6008268.225591302849352, 2058073.827308191917837 ], [ 6008283.990201530978084, 2058062.135476404102519 ], [ 6008298.532900935970247, 2058048.954741968773305 ], [ 6008311.71363537106663, 2058034.412042564246804 ], [ 6008323.405467159114778, 2058018.64743233541958 ], [ 6008333.495797568000853, 2058001.81273309676908 ], [ 6008341.887451200746, 2057984.07007220457308 ], [ 6008348.499611845239997, 2057965.590321182506159 ], [ 6008353.26860077958554, 2057946.551450134720653 ], [ 6008356.148490033112466, 2057927.136813797522336 ], [ 6008357.111544698476791, 2057907.533385731512681 ], [ 6008356.148490033112466, 2057887.929957665503025 ], [ 6008353.26860077958554, 2057868.515321328304708 ], [ 6008348.499611845239997, 2057849.476450280519202 ], [ 6008341.887451200746, 2057830.996699258452281 ], [ 6008333.495797568000853, 2057813.254038366256282 ], [ 6008323.405467159114778, 2057796.419339127605781 ], [ 6008311.71363537106663, 2057780.654728898778558 ], [ 6008298.532900935970247, 2057766.112029494252056 ], [ 6008291.993442391976714, 2057760.18500975635834 ], [ 6008303.710103656165302, 2057754.643441687570885 ], [ 6008320.544802895747125, 2057744.553111278219149 ], [ 6008336.309413123875856, 2057732.861279490403831 ], [ 6008350.85211252886802, 2057719.680545055074617 ], [ 6008364.032846963964403, 2057705.137845650548115 ], [ 6008375.724678752012551, 2057689.373235421720892 ], [ 6008385.815009160898626, 2057672.538536183070391 ], [ 6008394.206662793643773, 2057654.795875290874392 ], [ 6008400.81882343813777, 2057636.316124268807471 ], [ 6008405.587812372483313, 2057617.277253221021965 ], [ 6008408.467701626010239, 2057597.862616883823648 ], [ 6008409.430756291374564, 2057578.259188817813993 ], [ 6008408.467701626010239, 2057558.655760751804337 ], [ 6008405.587812372483313, 2057539.24112441460602 ], [ 6008400.81882343813777, 2057520.202253366820514 ], [ 6008395.710436471737921, 2057505.92526822630316 ], [ 6008402.084508638828993, 2057502.910556612303481 ], [ 6008418.919207878410816, 2057492.820226202951744 ], [ 6008434.683818106539547, 2057481.128394415136427 ], [ 6008449.226517511531711, 2057467.947659979807213 ], [ 6008462.407251946628094, 2057453.404960575280711 ], [ 6008474.099083734676242, 2057437.640350346453488 ], [ 6008484.189414143562317, 2057420.805651107802987 ], [ 6008492.581067776307464, 2057403.062990215606987 ], [ 6008499.193228420801461, 2057384.583239193540066 ], [ 6008503.962217355147004, 2057365.544368145754561 ], [ 6008505.79164445400238, 2057353.211372430436313 ], [ 6008517.232650979422033, 2057340.58816697797738 ], [ 6008528.924482767470181, 2057324.823556749150157 ], [ 6008539.014813176356256, 2057307.988857510499656 ], [ 6008547.406466809101403, 2057290.246196618303657 ], [ 6008554.0186274535954, 2057271.766445596236736 ], [ 6008558.787616387940943, 2057252.72757454845123 ], [ 6008561.667505641467869, 2057233.312938211252913 ], [ 6008562.630560306832194, 2057213.709510145243257 ], [ 6008562.047690369188786, 2057201.844920001691207 ], [ 6008572.478701637126505, 2057194.108754796674475 ], [ 6008587.021401042118669, 2057180.928020361345261 ], [ 6008600.202135477215052, 2057166.385320956818759 ], [ 6008611.8939672652632, 2057150.620710727991536 ], [ 6008621.984297674149275, 2057133.786011489341035 ], [ 6008630.375951306894422, 2057116.043350597145036 ], [ 6008636.988111951388419, 2057097.563599575078115 ], [ 6008641.757100885733962, 2057078.524728527292609 ], [ 6008644.636990139260888, 2057059.110092190094292 ], [ 6008645.600044804625213, 2057039.506664124084637 ], [ 6008644.636990139260888, 2057019.903236058074981 ], [ 6008641.757100885733962, 2057000.488599720876664 ], [ 6008636.988111951388419, 2056981.449728673091158 ], [ 6008630.375951306894422, 2056962.969977651024237 ], [ 6008621.984297674149275, 2056945.227316758828238 ], [ 6008611.8939672652632, 2056928.392617520177737 ], [ 6008600.202135477215052, 2056912.628007291350514 ], [ 6008587.021401042118669, 2056898.085307886824012 ], [ 6008572.478701637126505, 2056884.904573451494798 ], [ 6008556.714091408997774, 2056873.212741663679481 ], [ 6008539.879392169415951, 2056863.122411254327744 ], [ 6008522.136731277219951, 2056854.730757621815428 ], [ 6008503.656980255618691, 2056848.118596977554262 ], [ 6008484.618109207600355, 2056843.349608043441549 ], [ 6008465.203472870402038, 2056840.469718789681792 ], [ 6008445.600044804625213, 2056839.506664124084637 ], [ 6008425.996616738848388, 2056840.469718789681792 ], [ 6008406.581980401650071, 2056843.349608043441549 ], [ 6008387.543109353631735, 2056848.118596977554262 ], [ 6008369.063358332030475, 2056854.730757621815428 ], [ 6008351.320697439834476, 2056863.122411254327744 ], [ 6008339.453311851248145, 2056870.235448438674212 ], [ 6008333.226557067595422, 2056867.29041275777854 ], [ 6008314.746806045994163, 2056860.678252113517374 ], [ 6008295.707934997975826, 2056855.909263179404661 ], [ 6008276.293298660777509, 2056853.029373925644904 ], [ 6008256.689870595000684, 2056852.066319260047749 ], [ 6008237.086442529223859, 2056853.029373925644904 ], [ 6008217.671806192025542, 2056855.909263179404661 ], [ 6008198.632935144007206, 2056860.678252113517374 ], [ 6008180.153184122405946, 2056867.29041275777854 ], [ 6008162.410523230209947, 2056875.682066390290856 ], [ 6008145.575823990628123, 2056885.772396799642593 ], [ 6008129.811213762499392, 2056897.46422858745791 ], [ 6008115.268514357507229, 2056910.644963022787124 ], [ 6008102.087779922410846, 2056925.187662427313626 ], [ 6008090.395948134362698, 2056940.952272656140849 ], [ 6008080.305617725476623, 2056957.78697189479135 ], [ 6008071.913964092731476, 2056975.529632786987349 ], [ 6008065.301803448237479, 2056994.00938380905427 ], [ 6008060.532814513891935, 2057013.048254856839776 ], [ 6008057.652925260365009, 2057032.462891194038093 ], [ 6008056.689870595000684, 2057052.066319260047749 ], [ 6008057.652925260365009, 2057071.669747326057404 ], [ 6008060.532814513891935, 2057091.084383663255721 ], [ 6008065.301803448237479, 2057110.123254711041227 ], [ 6008071.913964092731476, 2057128.603005733108148 ], [ 6008072.701757376082242, 2057130.268654685933143 ], [ 6008068.585985561832786, 2057138.970723051810637 ], [ 6008061.973824917338789, 2057157.450474073877558 ], [ 6008057.204835982993245, 2057176.489345121663064 ], [ 6008054.324946729466319, 2057195.903981458861381 ], [ 6008053.361892064101994, 2057215.507409524871036 ], [ 6008054.324946729466319, 2057235.110837590880692 ], [ 6008057.204835982993245, 2057254.525473928079009 ], [ 6008061.973824917338789, 2057273.564344975864515 ], [ 6008068.585985561832786, 2057292.044095997931436 ], [ 6008076.977639194577932, 2057309.786756890127435 ], [ 6008087.067969603464007, 2057326.621456128777936 ], [ 6008098.759801391512156, 2057342.386066357605159 ], [ 6008107.699181317351758, 2057352.249152194475755 ], [ 6008105.683672103099525, 2057352.548124744091183 ] ] ] } },
{ "type": "Feature", "properties": { "parent_sta": "san_carlos", "stop_id": 0, "stop_name": "San Carlos", "location_t": 2 }, "geometry": { "type": "Polygon", "coordinates": [ [ [ 6051412.395819238387048, 2011889.104517016559839 ], [ 6051397.853119833394885, 2011875.923782581230626 ], [ 6051382.088509605266154, 2011864.231950793415308 ], [ 6051365.25381036568433, 2011854.141620384063572 ], [ 6051347.511149473488331, 2011845.749966751551256 ], [ 6051329.031398451887071, 2011839.137806107290089 ], [ 6051309.992527403868735, 2011834.368817173177376 ], [ 6051290.577891066670418, 2011831.48892791941762 ], [ 6051270.974463000893593, 2011830.525873253820464 ], [ 6051251.371034935116768, 2011831.48892791941762 ], [ 6051231.956398597918451, 2011834.368817173177376 ], [ 6051212.917527549900115, 2011839.137806107290089 ], [ 6051194.437776528298855, 2011845.749966751551256 ], [ 6051176.695115636102855, 2011854.141620384063572 ], [ 6051175.514309098944068, 2011854.849368585739285 ], [ 6051160.397546399384737, 2011857.091728509170935 ], [ 6051141.358675351366401, 2011861.860717443283647 ], [ 6051122.878924329765141, 2011868.472878087544814 ], [ 6051105.136263437569141, 2011876.86453172005713 ], [ 6051088.301564197987318, 2011886.954862129408866 ], [ 6051072.536953969858587, 2011898.646693917224184 ], [ 6051057.994254564866424, 2011911.827428352553397 ], [ 6051044.813520129770041, 2011926.370127757079899 ], [ 6051033.121688341721892, 2011942.134737985907122 ], [ 6051023.031357932835817, 2011958.969437224557623 ], [ 6051014.639704300090671, 2011976.712098116753623 ], [ 6051008.027543655596673, 2011995.191849138820544 ], [ 6051003.25855472125113, 2012014.23072018660605 ], [ 6051002.132937299087644, 2012021.819016468012705 ], [ 6050999.665306148119271, 2012023.298057660460472 ], [ 6050983.90069591999054, 2012034.98988944827579 ], [ 6050969.357996514998376, 2012048.170623883605003 ], [ 6050956.177262079901993, 2012062.713323288131505 ], [ 6050944.485430291853845, 2012078.477933516958728 ], [ 6050934.39509988296777, 2012095.312632755609229 ], [ 6050926.003446250222623, 2012113.055293647805229 ], [ 6050919.391285605728626, 2012131.53504466987215 ], [ 6050914.622296671383083, 2012150.573915717657655 ], [ 6050911.742407417856157, 2012169.988552054855973 ], [ 6050910.779352752491832, 2012189.591980120865628 ], [ 6050911.742407417856157, 2012209.195408186875284 ], [ 6050914.622296671383083, 2012228.610044524073601 ], [ 6050916.028757719323039, 2012234.224951772252098 ], [ 6050908.085422867909074, 2012242.989071221556515 ], [ 6050896.393591079860926, 2012258.753681450383738 ], [ 6050886.303260670974851, 2012275.588380689034238 ], [ 6050877.911607038229704, 2012293.331041581230238 ], [ 6050871.299446393735707, 2012311.810792603297159 ], [ 6050866.530457459390163, 2012330.849663651082665 ], [ 6050863.650568205863237, 2012350.264299988280982 ], [ 6050862.687513540498912, 2012369.867728054290637 ], [ 6050863.650568205863237, 2012389.471156120300293 ], [ 6050866.530457459390163, 2012408.88579245749861 ], [ 6050871.299446393735707, 2012427.924663505284116 ], [ 6050877.911607038229704, 2012446.404414527351037 ], [ 6050886.303260670974851, 2012464.147075419547036 ], [ 6050896.393591079860926, 2012480.981774658197537 ], [ 6050908.085422867909074, 2012496.74638488702476 ], [ 6050921.266157303005457, 2012511.289084291551262 ], [ 6050935.80885670799762, 2012524.469818726880476 ], [ 6050951.573466936126351, 2012536.161650514695793 ], [ 6050968.408166175708175, 2012546.25198092404753 ], [ 6050986.150827067904174, 2012554.643634556559846 ], [ 6051004.630578089505434, 2012561.255795200821012 ], [ 6051023.66944913752377, 2012566.024784134933725 ], [ 6051043.084085474722087, 2012568.904673388693482 ], [ 6051062.687513540498912, 2012569.867728054290637 ], [ 6051082.290941606275737, 2012568.904673388693482 ], [ 6051101.705577943474054, 2012566.024784134933725 ], [ 6051120.744448991492391, 2012561.255795200821012 ], [ 6051139.22420001309365, 2012554.643634556559846 ], [ 6051156.96686090528965, 2012546.25198092404753 ], [ 6051173.801560144871473, 2012536.161650514695793 ], [ 6051189.566170373000205, 2012524.469818726880476 ], [ 6051204.108869777992368, 2012511.289084291551262 ], [ 6051217.289604213088751, 2012496.74638488702476 ], [ 6051228.981436001136899, 2012480.981774658197537 ], [ 6051239.071766410022974, 2012464.147075419547036 ], [ 6051247.463420042768121, 2012446.404414527351037 ], [ 6051254.075580687262118, 2012427.924663505284116 ], [ 6051258.844569621607661, 2012408.88579245749861 ], [ 6051261.724458875134587, 2012389.471156120300293 ], [ 6051261.801750829443336, 2012387.897842253558338 ], [ 6051269.238586935214698, 2012386.035011783940718 ], [ 6051287.718337956815958, 2012379.422851139679551 ], [ 6051305.460998849011958, 2012371.031197507167235 ], [ 6051322.295698088593781, 2012360.940867097815499 ], [ 6051338.060308316722512, 2012349.249035310000181 ], [ 6051340.140489736571908, 2012347.363668768899515 ], [ 6051342.567114043980837, 2012346.215960947331041 ], [ 6051359.40181328356266, 2012336.125630537979305 ], [ 6051375.166423511691391, 2012324.433798750163987 ], [ 6051389.709122916683555, 2012311.253064314834774 ], [ 6051402.889857351779938, 2012296.710364910308272 ], [ 6051414.581689139828086, 2012280.945754681481048 ], [ 6051424.672019548714161, 2012264.111055442830548 ], [ 6051425.701272859238088, 2012261.934882157249376 ], [ 6051432.055781353265047, 2012257.222057461040094 ], [ 6051446.59848075825721, 2012244.041323025710881 ], [ 6051459.779215193353593, 2012229.498623621184379 ], [ 6051471.471046981401742, 2012213.734013392357156 ], [ 6051481.561377390287817, 2012196.899314153706655 ], [ 6051489.953031023032963, 2012179.156653261510655 ], [ 6051492.665066971443594, 2012171.577020555036142 ], [ 6051492.853177024051547, 2012171.263177891960368 ], [ 6051501.244830656796694, 2012153.520516999764368 ], [ 6051507.856991301290691, 2012135.040765977697447 ], [ 6051512.625980235636234, 2012116.001894929911941 ], [ 6051515.50586948916316, 2012096.587258592713624 ], [ 6051516.468924154527485, 2012076.983830526703969 ], [ 6051515.50586948916316, 2012057.380402460694313 ], [ 6051512.625980235636234, 2012037.965766123495996 ], [ 6051507.856991301290691, 2012018.92689507571049 ], [ 6051501.244830656796694, 2012000.447144053643569 ], [ 6051492.853177024051547, 2011982.70448316144757 ], [ 6051482.762846615165472, 2011965.869783922797069 ], [ 6051471.071014827117324, 2011950.105173693969846 ], [ 6051457.890280392020941, 2011935.562474289443344 ], [ 6051443.347580987028778, 2011922.38173985411413 ], [ 6051434.732136407867074, 2011915.992090675514191 ], [ 6051425.576553673483431, 2011903.647216421086341 ], [ 6051412.395819238387048, 2011889.104517016559839 ] ] ] } },
{ "type": "Feature", "properties": { "parent_sta": "san_mateo", "stop_id": 0, "stop_name": "San Mateo", "location_t": 2 }, "geometry": { "type": "Polygon", "coordinates": [ [ [ 6032947.746319323778152, 2034270.043287807609886 ], [ 6032929.266568302176893, 2034276.655448451871052 ], [ 6032911.523907409980893, 2034285.047102084383368 ], [ 6032894.68920817039907, 2034295.137432493735105 ], [ 6032878.924597942270339, 2034306.829264281550422 ], [ 6032864.381898537278175, 2034320.009998716879636 ], [ 6032851.201164102181792, 2034334.552698121406138 ], [ 6032839.509332314133644, 2034350.317308350233361 ], [ 6032829.419001905247569, 2034367.152007588883862 ], [ 6032821.027348272502422, 2034384.894668481079862 ], [ 6032814.415187628008425, 2034403.374419503146783 ], [ 6032809.646198693662882, 2034422.413290550932288 ], [ 6032806.766309440135956, 2034441.827926888130605 ], [ 6032805.803254774771631, 2034461.431354954140261 ], [ 6032806.292829009704292, 2034471.396867441246286 ], [ 6032804.153465097770095, 2034474.966180492192507 ], [ 6032795.761811465024948, 2034492.708841384388506 ], [ 6032789.149650820530951, 2034511.188592406455427 ], [ 6032784.380661886185408, 2034530.227463454240933 ], [ 6032781.500772632658482, 2034549.64209979143925 ], [ 6032780.917967330664396, 2034561.505374248838052 ], [ 6032778.206450963392854, 2034561.638582505984232 ], [ 6032758.791814626194537, 2034564.518471759743989 ], [ 6032739.7529435781762, 2034569.287460693856701 ], [ 6032721.273192556574941, 2034575.899621338117868 ], [ 6032703.530531664378941, 2034584.291274970630184 ], [ 6032686.695832424797118, 2034594.38160537998192 ], [ 6032670.931222196668386, 2034606.073437167797238 ], [ 6032656.388522791676223, 2034619.254171603126451 ], [ 6032643.20778835657984, 2034633.796871007652953 ], [ 6032631.515956568531692, 2034649.561481236480176 ], [ 6032621.425626159645617, 2034666.396180475130677 ], [ 6032613.03397252690047, 2034684.138841367326677 ], [ 6032606.421811882406473, 2034702.618592389393598 ], [ 6032601.65282294806093, 2034721.657463437179103 ], [ 6032598.772933694534004, 2034741.072099774377421 ], [ 6032597.809879029169679, 2034760.675527840387076 ], [ 6032598.772933694534004, 2034780.278955906396732 ], [ 6032601.65282294806093, 2034799.693592243595049 ], [ 6032606.421811882406473, 2034818.732463291380554 ], [ 6032613.03397252690047, 2034837.212214313447475 ], [ 6032621.425626159645617, 2034854.954875205643475 ], [ 6032631.515956568531692, 2034871.789574444293976 ], [ 6032643.20778835657984, 2034887.554184673121199 ], [ 6032656.388522791676223, 2034902.096884077647701 ], [ 6032670.931222196668386, 2034915.277618512976915 ], [ 6032686.695832424797118, 2034926.969450300792232 ], [ 6032703.530531664378941, 2034937.059780710143968 ], [ 6032721.273192556574941, 2034945.451434342656285 ], [ 6032739.7529435781762, 2034952.063594986917451 ], [ 6032758.791814626194537, 2034956.832583921030164 ], [ 6032778.206450963392854, 2034959.71247317478992 ], [ 6032797.809879029169679, 2034960.675527840387076 ], [ 6032817.413307094946504, 2034959.71247317478992 ], [ 6032836.827943432144821, 2034956.832583921030164 ], [ 6032855.866814480163157, 2034952.063594986917451 ], [ 6032874.346565501764417, 2034945.451434342656285 ], [ 6032892.089226393960416, 2034937.059780710143968 ], [ 6032908.92392563354224, 2034926.969450300792232 ], [ 6032924.688535861670971, 2034915.277618512976915 ], [ 6032939.231235266663134, 2034902.096884077647701 ], [ 6032952.411969701759517, 2034887.554184673121199 ], [ 6032964.103801489807665, 2034871.789574444293976 ], [ 6032974.19413189869374, 2034854.954875205643475 ], [ 6032982.585785531438887, 2034837.212214313447475 ], [ 6032989.197946175932884, 2034818.732463291380554 ], [ 6032993.966935110278428, 2034799.693592243595049 ], [ 6032996.846824363805354, 2034780.278955906396732 ], [ 6032997.429629665799439, 2034768.41568144899793 ], [ 6033000.141146033070982, 2034768.28247319185175 ], [ 6033019.555782370269299, 2034765.402583938091993 ], [ 6033038.594653418287635, 2034760.633595003979281 ], [ 6033057.074404439888895, 2034754.021434359718114 ], [ 6033074.817065332084894, 2034745.629780727205798 ], [ 6033091.651764571666718, 2034735.539450317854062 ], [ 6033107.416374799795449, 2034723.847618530038744 ], [ 6033115.931987046264112, 2034716.129517478169873 ], [ 6033119.010158957913518, 2034715.672913807909936 ], [ 6033138.049030005931854, 2034710.903924873797223 ], [ 6033156.528781027533114, 2034704.291764229536057 ], [ 6033174.271441919729114, 2034695.90011059702374 ], [ 6033191.106141159310937, 2034685.809780187672004 ], [ 6033206.870751387439668, 2034674.117948399856687 ], [ 6033221.413450792431831, 2034660.937213964527473 ], [ 6033234.594185227528214, 2034646.394514560000971 ], [ 6033246.286017015576363, 2034630.629904331173748 ], [ 6033256.376347424462438, 2034613.795205092523247 ], [ 6033264.768001057207584, 2034596.052544200327247 ], [ 6033271.380161701701581, 2034577.572793178260326 ], [ 6033276.149150636047125, 2034558.533922130474821 ], [ 6033279.029039889574051, 2034539.119285793276504 ], [ 6033279.604364565573633, 2034527.408282970543951 ], [ 6033290.348437029868364, 2034525.814550371374935 ], [ 6033309.387308077886701, 2034521.045561437262222 ], [ 6033327.86705909948796, 2034514.433400793001056 ], [ 6033345.60971999168396, 2034506.04174716048874 ], [ 6033362.444419231265783, 2034495.951416751137003 ], [ 6033378.209029459394515, 2034484.259584963321686 ], [ 6033392.751728864386678, 2034471.078850527992472 ], [ 6033405.932463299483061, 2034456.53615112346597 ], [ 6033417.624295087531209, 2034440.771540894638747 ], [ 6033427.714625496417284, 2034423.936841655988246 ], [ 6033436.106279129162431, 2034406.194180763792247 ], [ 6033442.718439773656428, 2034387.714429741725326 ], [ 6033447.487428708001971, 2034368.67555869393982 ], [ 6033450.367317961528897, 2034349.260922356741503 ], [ 6033451.330372626893222, 2034329.657494290731847 ], [ 6033450.367317961528897, 2034310.054066224722192 ], [ 6033447.487428708001971, 2034290.639429887523875 ], [ 6033442.718439773656428, 2034271.600558839738369 ], [ 6033436.106279129162431, 2034253.120807817671448 ], [ 6033427.714625496417284, 2034235.378146925475448 ], [ 6033417.624295087531209, 2034218.543447686824948 ], [ 6033405.932463299483061, 2034202.778837457997724 ], [ 6033392.751728864386678, 2034188.236138053471223 ], [ 6033378.209029459394515, 2034175.055403618142009 ], [ 6033369.246083025820553, 2034168.408029498998076 ], [ 6033357.444492255337536, 2034155.38698064093478 ], [ 6033342.901792850345373, 2034142.206246205605567 ], [ 6033327.137182622216642, 2034130.514414417790249 ], [ 6033310.302483382634819, 2034120.424084008438513 ], [ 6033292.559822490438819, 2034112.032430375926197 ], [ 6033274.080071468837559, 2034105.42026973166503 ], [ 6033255.041200420819223, 2034100.651280797552317 ], [ 6033235.626564083620906, 2034097.771391543792561 ], [ 6033216.023136017844081, 2034096.808336878195405 ], [ 6033196.419707952067256, 2034097.771391543792561 ], [ 6033177.005071614868939, 2034100.651280797552317 ], [ 6033157.966200566850603, 2034105.42026973166503 ], [ 6033139.486449545249343, 2034112.032430375926197 ], [ 6033121.743788653053343, 2034120.424084008438513 ], [ 6033104.90908941347152, 2034130.514414417790249 ], [ 6033089.144479185342789, 2034142.206246205605567 ], [ 6033074.601779780350626, 2034155.38698064093478 ], [ 6033061.574940049089491, 2034169.759883405873552 ], [ 6033056.860636117868125, 2034171.446688324445859 ], [ 6033039.117975225672126, 2034179.838341956958175 ], [ 6033022.283275986090302, 2034189.928672366309911 ], [ 6033006.518665757961571, 2034201.620504154125229 ], [ 6032991.975966352969408, 2034214.801238589454442 ], [ 6032978.795231917873025, 2034229.343937993980944 ], [ 6032967.103400129824877, 2034245.108548222808167 ], [ 6032957.013069720938802, 2034261.943247461458668 ], [ 6032953.912559763528407, 2034268.498724984005094 ], [ 6032947.746319323778152, 2034270.043287807609886 ] ] ] } },
{ "type": "Feature", "properties": { "parent_sta": "south_sf", "stop_id": 0, "stop_name": "South San Francisco Caltrain Station", "location_t": 2 }, "geometry": { "type": "Polygon", "coordinates": [ [ [ 6009973.341178115457296, 2066277.694401660468429 ], [ 6009963.250847706571221, 2066260.859702421817929 ], [ 6009951.559015918523073, 2066245.095092192990705 ], [ 6009938.37828148342669, 2066230.552392788464203 ], [ 6009923.835582078434527, 2066217.37165835313499 ], [ 6009908.070971850305796, 2066205.679826565319672 ], [ 6009891.236272610723972, 2066195.589496155967936 ], [ 6009873.493611718527973, 2066187.19784252345562 ], [ 6009855.013860696926713, 2066180.585681879194453 ], [ 6009835.974989648908377, 2066175.816692945081741 ], [ 6009816.56035331171006, 2066172.936803691321984 ], [ 6009796.956925245933235, 2066171.973749025724828 ], [ 6009777.35349718015641, 2066172.936803691321984 ], [ 6009757.938860842958093, 2066175.816692945081741 ], [ 6009738.899989794939756, 2066180.585681879194453 ], [ 6009720.420238773338497, 2066187.19784252345562 ], [ 6009702.677577881142497, 2066195.589496155967936 ], [ 6009685.842878641560674, 2066205.679826565319672 ], [ 6009670.078268413431942, 2066217.37165835313499 ], [ 6009655.535569008439779, 2066230.552392788464203 ], [ 6009642.354834573343396, 2066245.095092192990705 ], [ 6009630.663002785295248, 2066260.859702421817929 ], [ 6009623.666778900660574, 2066272.532196793239564 ], [ 6009619.977560853585601, 2066266.377108333865181 ], [ 6009608.285729065537453, 2066250.612498105037957 ], [ 6009595.10499463044107, 2066236.069798700511456 ], [ 6009580.562295225448906, 2066222.889064265182242 ], [ 6009564.797684997320175, 2066211.197232477366924 ], [ 6009547.962985757738352, 2066201.106902068015188 ], [ 6009530.220324865542352, 2066192.715248435502872 ], [ 6009511.740573843941092, 2066186.103087791241705 ], [ 6009492.701702795922756, 2066181.334098857128993 ], [ 6009473.287066458724439, 2066178.454209603369236 ], [ 6009453.683638392947614, 2066177.49115493777208 ], [ 6009434.080210327170789, 2066178.454209603369236 ], [ 6009414.665573989972472, 2066181.334098857128993 ], [ 6009395.626702941954136, 2066186.103087791241705 ], [ 6009377.146951920352876, 2066192.715248435502872 ], [ 6009359.404291028156877, 2066201.106902068015188 ], [ 6009342.569591788575053, 2066211.197232477366924 ], [ 6009326.804981560446322, 2066222.889064265182242 ], [ 6009312.262282155454159, 2066236.069798700511456 ], [ 6009299.081547720357776, 2066250.612498105037957 ], [ 6009287.389715932309628, 2066266.377108333865181 ], [ 6009277.299385523423553, 2066283.211807572515681 ], [ 6009268.907731890678406, 2066300.954468464711681 ], [ 6009262.295571246184409, 2066319.434219486778602 ], [ 6009257.526582311838865, 2066338.473090534564108 ], [ 6009254.646693058311939, 2066357.887726871762425 ], [ 6009253.683638392947614, 2066377.49115493777208 ], [ 6009254.646693058311939, 2066397.094583003781736 ], [ 6009257.526582311838865, 2066416.509219340980053 ], [ 6009262.295571246184409, 2066435.548090388765559 ], [ 6009268.907731890678406, 2066454.02784141083248 ], [ 6009277.299385523423553, 2066471.770502303028479 ], [ 6009287.389715932309628, 2066488.60520154167898 ], [ 6009299.081547720357776, 2066504.369811770506203 ], [ 6009312.262282155454159, 2066518.912511175032705 ], [ 6009326.804981560446322, 2066532.093245610361919 ], [ 6009342.569591788575053, 2066543.785077398177236 ], [ 6009359.404291028156877, 2066553.875407807528973 ], [ 6009377.146951920352876, 2066562.267061440041289 ], [ 6009395.626702941954136, 2066568.879222084302455 ], [ 6009414.665573989972472, 2066573.648211018415168 ], [ 6009434.080210327170789, 2066576.528100272174925 ], [ 6009453.683638392947614, 2066577.49115493777208 ], [ 6009473.287066458724439, 2066576.528100272174925 ], [ 6009492.701702795922756, 2066573.648211018415168 ], [ 6009511.740573843941092, 2066568.879222084302455 ], [ 6009530.220324865542352, 2066562.267061440041289 ], [ 6009547.962985757738352, 2066553.875407807528973 ], [ 6009564.797684997320175, 2066543.785077398177236 ], [ 6009580.562295225448906, 2066532.093245610361919 ], [ 6009595.10499463044107, 2066518.912511175032705 ], [ 6009608.285729065537453, 2066504.369811770506203 ], [ 6009619.977560853585601, 2066488.60520154167898 ], [ 6009626.973784738220274, 2066476.932707170257345 ], [ 6009630.663002785295248, 2066483.087795629631728 ], [ 6009642.354834573343396, 2066498.852405858458951 ], [ 6009655.535569008439779, 2066513.395105262985453 ], [ 6009670.078268413431942, 2066526.575839698314667 ], [ 6009685.842878641560674, 2066538.267671486129984 ], [ 6009702.677577881142497, 2066548.358001895481721 ], [ 6009720.420238773338497, 2066556.749655527994037 ], [ 6009738.899989794939756, 2066563.361816172255203 ], [ 6009757.938860842958093, 2066568.130805106367916 ], [ 6009777.35349718015641, 2066571.010694360127673 ], [ 6009796.956925245933235, 2066571.973749025724828 ], [ 6009816.56035331171006, 2066571.010694360127673 ], [ 6009818.445134432055056, 2066570.73111349134706 ], [ 6009821.952908203005791, 2066578.147677999688312 ], [ 6009832.043238611891866, 2066594.982377238338813 ], [ 6009843.735070399940014, 2066610.746987467166036 ], [ 6009856.915804835036397, 2066625.289686871692538 ], [ 6009871.45850424002856, 2066638.470421307021752 ], [ 6009887.223114468157291, 2066650.16225309483707 ], [ 6009904.057813707739115, 2066660.252583504188806 ], [ 6009921.800474599935114, 2066668.644237136701122 ], [ 6009940.280225621536374, 2066675.256397780962288 ], [ 6009940.695320929400623, 2066675.360373742645606 ], [ 6009930.354952242225409, 2066686.769212475279346 ], [ 6009918.66312045417726, 2066702.533822704106569 ], [ 6009908.572790045291185, 2066719.36852194275707 ], [ 6009900.181136412546039, 2066737.11118283495307 ], [ 6009893.568975768052042, 2066755.590933857019991 ], [ 6009888.799986833706498, 2066774.629804904805496 ], [ 6009885.920097580179572, 2066794.044441242003813 ], [ 6009884.957042914815247, 2066813.647869308013469 ], [ 6009885.920097580179572, 2066833.251297374023125 ], [ 6009888.799986833706498, 2066852.665933711221442 ], [ 6009893.568975768052042, 2066871.704804759006947 ], [ 6009900.181136412546039, 2066890.184555781073868 ], [ 6009908.572790045291185, 2066907.927216673269868 ], [ 6009918.66312045417726, 2066924.761915911920369 ], [ 6009930.354952242225409, 2066940.526526140747592 ], [ 6009943.535686677321792, 2066955.069225545274094 ], [ 6009958.078386082313955, 2066968.249959980603307 ], [ 6009973.842996310442686, 2066979.941791768418625 ], [ 6009990.677695550024509, 2066990.032122177770361 ], [ 6010008.420356442220509, 2066998.423775810282677 ], [ 6010026.900107463821769, 2067005.035936454543844 ], [ 6010045.938978511840105, 2067009.804925388656557 ], [ 6010065.353614849038422, 2067012.684814642416313 ], [ 6010084.957042914815247, 2067013.647869308013469 ], [ 6010104.560470980592072, 2067012.684814642416313 ], [ 6010123.975107317790389, 2067009.804925388656557 ], [ 6010143.013978365808725, 2067005.035936454543844 ], [ 6010161.493729387409985, 2066998.423775810282677 ], [ 6010179.236390279605985, 2066990.032122177770361 ], [ 6010196.071089519187808, 2066979.941791768418625 ], [ 6010211.835699747316539, 2066968.249959980603307 ], [ 6010226.378399152308702, 2066955.069225545274094 ], [ 6010239.559133587405086, 2066940.526526140747592 ], [ 6010251.250965375453234, 2066924.761915911920369 ], [ 6010261.341295784339309, 2066907.927216673269868 ], [ 6010269.732949417084455, 2066890.184555781073868 ], [ 6010276.345110061578453, 2066871.704804759006947 ], [ 6010281.114098995923996, 2066852.665933711221442 ], [ 6010283.993988249450922, 2066833.251297374023125 ], [ 6010284.957042914815247, 2066813.647869308013469 ], [ 6010283.993988249450922, 2066794.044441242003813 ], [ 6010281.114098995923996, 2066774.629804904805496 ], [ 6010276.345110061578453, 2066755.590933857019991 ], [ 6010269.732949417084455, 2066737.11118283495307 ], [ 6010261.341295784339309, 2066719.36852194275707 ], [ 6010251.250965375453234, 2066702.533822704106569 ], [ 6010239.559133587405086, 2066686.769212475279346 ], [ 6010226.378399152308702, 2066672.226513070752844 ], [ 6010211.835699747316539, 2066659.04577863542363 ], [ 6010196.071089519187808, 2066647.353946847608313 ], [ 6010179.236390279605985, 2066637.263616438256577 ], [ 6010161.493729387409985, 2066628.871962805744261 ], [ 6010143.013978365808725, 2066622.259802161483094 ], [ 6010142.598883057944477, 2066622.155826199799776 ], [ 6010152.939251745119691, 2066610.746987467166036 ], [ 6010164.631083533167839, 2066594.982377238338813 ], [ 6010174.721413942053914, 2066578.147677999688312 ], [ 6010183.113067574799061, 2066560.405017107492313 ], [ 6010189.725228219293058, 2066541.925266085425392 ], [ 6010194.494217153638601, 2066522.886395037639886 ], [ 6010197.374106407165527, 2066503.471758700441569 ], [ 6010198.337161072529852, 2066483.868330634431913 ], [ 6010197.374106407165527, 2066464.264902568422258 ], [ 6010194.494217153638601, 2066444.850266231223941 ], [ 6010189.725228219293058, 2066425.811395183438435 ], [ 6010183.113067574799061, 2066407.331644161371514 ], [ 6010174.721413942053914, 2066389.588983269175515 ], [ 6010164.631083533167839, 2066372.754284030525014 ], [ 6010152.939251745119691, 2066356.989673801697791 ], [ 6010139.758517310023308, 2066342.446974397171289 ], [ 6010125.215817905031145, 2066329.266239961842075 ], [ 6010109.451207676902413, 2066317.574408174026757 ], [ 6010092.61650843732059, 2066307.484077764675021 ], [ 6010074.87384754512459, 2066299.092424132162705 ], [ 6010056.394096523523331, 2066292.480263487901539 ], [ 6010037.355225475504994, 2066287.711274553788826 ], [ 6010017.940589138306677, 2066284.831385300029069 ], [ 6009998.337161072529852, 2066283.868330634431913 ], [ 6009978.733733006753027, 2066284.831385300029069 ], [ 6009976.848951886408031, 2066285.110966168809682 ], [ 6009973.341178115457296, 2066277.694401660468429 ] ] ] } },
{ "type": "Feature", "properties": { "parent_sta": "sunnyvale", "stop_id": 0, "stop_name": "Sunnyvale", "location_t": 2 }, "geometry": { "type": "Polygon", "coordinates": [ [ [ 6116768.836041272617877, 1963763.522269738372415 ], [ 6116749.79717022459954, 1963768.291258672485128 ], [ 6116731.317419202998281, 1963774.903419316746294 ], [ 6116713.574758310802281, 1963783.295072949258611 ], [ 6116696.740059071220458, 1963793.385403358610347 ], [ 6116680.975448843091726, 1963805.077235146425664 ], [ 6116666.432749438099563, 1963818.257969581754878 ], [ 6116653.25201500300318, 1963832.80066898628138 ], [ 6116649.49224151391536, 1963837.870136686833575 ], [ 6116642.773684902116656, 1963841.897084547206759 ], [ 6116627.009074673987925, 1963853.588916335022077 ], [ 6116612.466375268995762, 1963866.769650770351291 ], [ 6116599.285640833899379, 1963881.312350174877793 ], [ 6116587.593809045851231, 1963897.076960403705016 ], [ 6116577.503478636965156, 1963913.911659642355517 ], [ 6116571.833103964105248, 1963925.900659589096904 ], [ 6116562.65194873418659, 1963922.61558971949853 ], [ 6116543.613077686168253, 1963917.846600785385817 ], [ 6116524.198441348969936, 1963914.966711531626061 ], [ 6116504.595013283193111, 1963914.003656866028905 ], [ 6116484.991585217416286, 1963914.966711531626061 ], [ 6116465.576948880217969, 1963917.846600785385817 ], [ 6116446.538077832199633, 1963922.61558971949853 ], [ 6116428.058326810598373, 1963929.227750363759696 ], [ 6116410.315665918402374, 1963937.619403996272013 ], [ 6116393.48096667882055, 1963947.709734405623749 ], [ 6116378.24985855538398, 1963959.005894066300243 ], [ 6116360.290134237147868, 1963961.669967508874834 ], [ 6116341.251263189129531, 1963966.438956442987546 ], [ 6116322.771512167528272, 1963973.051117087248713 ], [ 6116305.028851275332272, 1963981.442770719761029 ], [ 6116289.345292658545077, 1963990.843133992748335 ], [ 6116284.548081021755934, 1963992.559603762580082 ], [ 6116266.805420129559934, 1964000.951257395092398 ], [ 6116249.970720889978111, 1964011.041587804444134 ], [ 6116234.20611066184938, 1964022.733419592259452 ], [ 6116219.663411256857216, 1964035.914154027588665 ], [ 6116206.482676821760833, 1964050.456853432115167 ], [ 6116194.790845033712685, 1964066.221463660942391 ], [ 6116184.70051462482661, 1964083.056162899592891 ], [ 6116176.308860992081463, 1964100.798823791788891 ], [ 6116169.696700347587466, 1964119.278574813855812 ], [ 6116164.927711413241923, 1964138.317445861641318 ], [ 6116162.047822159714997, 1964157.732082198839635 ], [ 6116161.084767494350672, 1964177.33551026484929 ], [ 6116162.047822159714997, 1964196.938938330858946 ], [ 6116164.927711413241923, 1964216.353574668057263 ], [ 6116169.696700347587466, 1964235.392445715842769 ], [ 6116176.308860992081463, 1964253.87219673790969 ], [ 6116184.70051462482661, 1964271.614857630105689 ], [ 6116194.790845033712685, 1964288.44955686875619 ], [ 6116206.482676821760833, 1964304.214167097583413 ], [ 6116219.663411256857216, 1964318.756866502109915 ], [ 6116234.20611066184938, 1964331.937600937439129 ], [ 6116249.970720889978111, 1964343.629432725254446 ], [ 6116266.805420129559934, 1964353.719763134606183 ], [ 6116284.548081021755934, 1964362.111416767118499 ], [ 6116303.027832043357193, 1964368.723577411379665 ], [ 6116313.638026982545853, 1964371.381292888661847 ], [ 6116319.265779718756676, 1964375.555118779651821 ], [ 6116336.100478958338499, 1964385.645449189003557 ], [ 6116353.843139850534499, 1964394.037102821515873 ], [ 6116372.322890872135758, 1964400.64926346577704 ], [ 6116391.361761920154095, 1964405.418252399889752 ], [ 6116410.776398257352412, 1964408.298141653649509 ], [ 6116430.379826323129237, 1964409.261196319246665 ], [ 6116449.983254388906062, 1964408.298141653649509 ], [ 6116469.397890726104379, 1964405.418252399889752 ], [ 6116488.436761774122715, 1964400.64926346577704 ], [ 6116506.916512795723975, 1964394.037102821515873 ], [ 6116524.659173687919974, 1964385.645449189003557 ], [ 6116541.493872927501798, 1964375.555118779651821 ], [ 6116557.258483155630529, 1964363.863286991836503 ], [ 6116571.801182560622692, 1964350.682552556507289 ], [ 6116584.981916995719075, 1964336.139853151980788 ], [ 6116596.673748783767223, 1964320.375242923153564 ], [ 6116606.764079192653298, 1964303.540543684503064 ], [ 6116615.155732825398445, 1964285.797882792307064 ], [ 6116617.634800520725548, 1964278.869352733716369 ], [ 6116631.473670115694404, 1964268.605747538618743 ], [ 6116646.016369520686567, 1964255.42501310328953 ], [ 6116659.19710395578295, 1964240.882313698763028 ], [ 6116670.888935743831098, 1964225.117703469935805 ], [ 6116680.979266152717173, 1964208.283004231285304 ], [ 6116686.64964082557708, 1964196.294004284543917 ], [ 6116695.830796055495739, 1964199.57907415414229 ], [ 6116714.869667103514075, 1964204.348063088255003 ], [ 6116734.284303440712392, 1964207.22795234201476 ], [ 6116753.887731506489217, 1964208.191007007611915 ], [ 6116773.491159572266042, 1964207.22795234201476 ], [ 6116792.905795909464359, 1964204.348063088255003 ], [ 6116794.287567324005067, 1964204.001947367098182 ], [ 6116799.245570104569197, 1964206.346908041043207 ], [ 6116817.725321126170456, 1964212.959068685304374 ], [ 6116836.764192174188793, 1964217.728057619417086 ], [ 6116856.17882851138711, 1964220.607946873176843 ], [ 6116875.782256577163935, 1964221.571001538773999 ], [ 6116895.38568464294076, 1964220.607946873176843 ], [ 6116914.800320980139077, 1964217.728057619417086 ], [ 6116933.839192028157413, 1964212.959068685304374 ], [ 6116952.318943049758673, 1964206.346908041043207 ], [ 6116970.061603941954672, 1964197.955254408530891 ], [ 6116986.896303181536496, 1964187.864923999179155 ], [ 6116987.740345200523734, 1964187.238939774921164 ], [ 6117000.440313890576363, 1964184.057763223303482 ], [ 6117018.920064912177622, 1964177.445602579042315 ], [ 6117036.662725804373622, 1964169.053948946529999 ], [ 6117053.497425043955445, 1964158.963618537178263 ], [ 6117069.262035272084177, 1964147.271786749362946 ], [ 6117074.318728764541447, 1964142.688666918314993 ], [ 6117080.029075904749334, 1964140.64547204063274 ], [ 6117097.771736796945333, 1964132.253818408120424 ], [ 6117114.606436036527157, 1964122.163487998768687 ], [ 6117130.371046264655888, 1964110.47165621095337 ], [ 6117144.913745669648051, 1964097.290921775624156 ], [ 6117158.094480104744434, 1964082.748222371097654 ], [ 6117169.786311892792583, 1964066.983612142270431 ], [ 6117179.876642301678658, 1964050.14891290361993 ], [ 6117188.268295934423804, 1964032.406252011423931 ], [ 6117194.880456578917801, 1964013.92650098935701 ], [ 6117199.649445513263345, 1963994.887629941571504 ], [ 6117202.529334766790271, 1963975.472993604373187 ], [ 6117203.492389432154596, 1963955.869565538363531 ], [ 6117202.529334766790271, 1963936.266137472353876 ], [ 6117199.649445513263345, 1963916.851501135155559 ], [ 6117194.880456578917801, 1963897.812630087370053 ], [ 6117188.268295934423804, 1963879.332879065303132 ], [ 6117179.876642301678658, 1963861.590218173107132 ], [ 6117177.604764432646334, 1963857.799818940460682 ], [ 6117176.85679860599339, 1963854.813771979650483 ], [ 6117170.244637961499393, 1963836.334020957583562 ], [ 6117161.852984328754246, 1963818.591360065387562 ], [ 6117151.762653919868171, 1963801.756660826737061 ], [ 6117140.070822131820023, 1963785.992050597909838 ], [ 6117126.89008769672364, 1963771.449351193383336 ], [ 6117112.347388291731477, 1963758.268616758054122 ], [ 6117096.582778063602746, 1963746.576784970238805 ], [ 6117079.748078824020922, 1963736.486454560887069 ], [ 6117062.005417931824923, 1963728.094800928374752 ], [ 6117043.525666910223663, 1963721.482640284113586 ], [ 6117024.486795862205327, 1963716.713651350000873 ], [ 6117005.07215952500701, 1963713.833762096241117 ], [ 6116985.468731459230185, 1963712.870707430643961 ], [ 6116965.86530339345336, 1963713.833762096241117 ], [ 6116946.450667056255043, 1963716.713651350000873 ], [ 6116945.1026272745803, 1963717.051317737204954 ], [ 6116927.948540838435292, 1963714.506749385269359 ], [ 6116908.345112772658467, 1963713.543694719672203 ], [ 6116888.741684706881642, 1963714.506749385269359 ], [ 6116869.327048369683325, 1963717.386638639029115 ], [ 6116850.288177321664989, 1963722.155627573141828 ], [ 6116831.808426300063729, 1963728.767788217402995 ], [ 6116814.06576540786773, 1963737.159441849915311 ], [ 6116797.231066168285906, 1963747.249772259267047 ], [ 6116781.466455940157175, 1963758.941604047082365 ], [ 6116777.895109335891902, 1963762.178483930882066 ], [ 6116768.836041272617877, 1963763.522269738372415 ] ] ] } }
]
}
