{
"type": "FeatureCollection",
"name": "BART_buffers_quartermile",
"crs": { "type": "name", "properties": { "name": "urn:ogc:def:crs:EPSG::2227" } },
"features": [
{ "type": "Feature", "properties": { "parent_sta": "901109", "stop_id": "WOAK_1", "stop_name": "North Station Entrance / Exit", "stop_code": "WOAK_1", "stop_desc": "Pedestrian Access Point", "stop_lat": 37.80503, "stop_lon": -122.2953, "zone_id": "BA:79542", "stop_url": null, "tts_stop_n": null, "platform_c": null, "location_t": "2", "stop_timez": "America/Los_Angeles", "wheelchair": null, "level_id": null, "route_info": "{'route_id': None, 'route_type': None}" }, "geometry": { "type": "Polygon", "coordinates": [ [ [ 6044169.028732776641846, 2119891.770027094054967 ], [ 6044102.432552075944841, 2119780.661012118682265 ], [ 6044025.266462274827063, 2119676.614584608469158 ], [ 6043938.273615002632141, 2119580.632768538314849 ], [ 6043842.291798932477832, 2119493.639921265654266 ], [ 6043738.245371422730386, 2119416.473831465002149 ], [ 6043627.136356446892023, 2119349.877650764770806 ], [ 6043510.034794558770955, 2119294.492736789397895 ], [ 6043388.068437811918557, 2119250.852476538158953 ], [ 6043262.411888897418976, 2119219.377149572130293 ], [ 6043134.275289071723819, 2119200.369880496989936 ], [ 6043004.892663836479187, 2119194.013719704467803 ], [ 6042875.510038601234555, 2119200.369880496989936 ], [ 6042747.373438775539398, 2119219.377149572130293 ], [ 6042621.716889861039817, 2119250.852476538158953 ], [ 6042499.750533114187419, 2119294.492736789397895 ], [ 6042382.648971226066351, 2119349.877650764770806 ], [ 6042271.539956250227988, 2119416.473831465002149 ], [ 6042167.493528740480542, 2119493.639921265654266 ], [ 6042071.511712670326233, 2119580.632768538314849 ], [ 6041984.518865398131311, 2119676.614584608469158 ], [ 6041907.352775597013533, 2119780.661012118682265 ], [ 6041840.756594896316528, 2119891.770027094054967 ], [ 6041785.37168092187494, 2120008.871588982641697 ], [ 6041741.731420669704676, 2120130.837945728562772 ], [ 6041710.256093704141676, 2120256.494494643062353 ], [ 6041691.248824629001319, 2120384.631094469223171 ], [ 6041684.892663836479187, 2120514.013719704467803 ], [ 6041691.248824629001319, 2120643.396344939712435 ], [ 6041710.256093704141676, 2120771.532944765873253 ], [ 6041741.731420669704676, 2120897.189493680372834 ], [ 6041785.37168092187494, 2121019.15585042629391 ], [ 6041840.756594896316528, 2121136.257412314880639 ], [ 6041855.47603256534785, 2121160.81531042791903 ], [ 6041867.731068130582571, 2121186.726406116969883 ], [ 6041934.327248831279576, 2121297.835421092342585 ], [ 6042011.493338632397354, 2121401.881848602555692 ], [ 6042098.486185904592276, 2121497.863664672710001 ], [ 6042194.468001974746585, 2121584.856511945370585 ], [ 6042298.51442948449403, 2121662.022601746022701 ], [ 6042409.623444460332394, 2121728.618782446254045 ], [ 6042526.725006348453462, 2121784.003696421626955 ], [ 6042648.69136309530586, 2121827.643956672865897 ], [ 6042774.347912009805441, 2121859.119283638894558 ], [ 6042902.484511835500598, 2121878.126552714034915 ], [ 6043031.86713707074523, 2121884.482713506557047 ], [ 6043161.249762305989861, 2121878.126552714034915 ], [ 6043289.386362131685019, 2121859.119283638894558 ], [ 6043415.042911046184599, 2121827.643956672865897 ], [ 6043537.009267793036997, 2121784.003696421626955 ], [ 6043654.110829681158066, 2121728.618782446254045 ], [ 6043765.219844656996429, 2121662.022601746022701 ], [ 6043869.266272166743875, 2121584.856511945370585 ], [ 6043965.248088236898184, 2121497.863664672710001 ], [ 6044052.240935509093106, 2121401.881848602555692 ], [ 6044129.407025310210884, 2121297.835421092342585 ], [ 6044196.003206010907888, 2121186.726406116969883 ], [ 6044251.388119985349476, 2121069.624844228383154 ], [ 6044295.028380237519741, 2120947.658487482462078 ], [ 6044326.50370720308274, 2120822.001938567962497 ], [ 6044345.510976278223097, 2120693.865338741801679 ], [ 6044351.86713707074523, 2120564.482713506557047 ], [ 6044345.510976278223097, 2120435.100088271312416 ], [ 6044326.50370720308274, 2120306.963488445151597 ], [ 6044295.028380237519741, 2120181.306939530652016 ], [ 6044251.388119985349476, 2120059.340582784730941 ], [ 6044196.003206010907888, 2119942.239020896144211 ], [ 6044181.283768341876566, 2119917.68112278310582 ], [ 6044169.028732776641846, 2119891.770027094054967 ] ] ] } },
{ "type": "Feature", "properties": { "parent_sta": "901509", "stop_id": "16TH_1", "stop_name": "A 16TH & Mission SW Entrance / Exit", "stop_code": "16TH_1", "stop_desc": "Pedestrian Access Point", "stop_lat": 37.76474, "stop_lon": -122.42004, "zone_id": "BA:79542", "stop_url": null, "tts_stop_n": null, "platform_c": null, "location_t": "2", "stop_timez": "America/Los_Angeles", "wheelchair": null, "level_id": null, "route_info": "{'route_id': None, 'route_type': None}" }, "geometry": { "type": "Polygon", "coordinates": [ [ [ 6007633.431185992434621, 2105679.026862658560276 ], [ 6007537.449369922280312, 2105592.034015385899693 ], [ 6007433.402942412532866, 2105514.867925585247576 ], [ 6007322.293927436694503, 2105448.271744885016233 ], [ 6007205.192365548573434, 2105392.886830909643322 ], [ 6007083.226008801721036, 2105349.24657065840438 ], [ 6006957.569459887221456, 2105317.77124369237572 ], [ 6006829.432860061526299, 2105298.763974617235363 ], [ 6006700.050234826281667, 2105292.40781382471323 ], [ 6006570.667609591037035, 2105298.763974617235363 ], [ 6006442.531009765341878, 2105317.77124369237572 ], [ 6006316.874460850842297, 2105349.24657065840438 ], [ 6006194.908104103989899, 2105392.886830909643322 ], [ 6006077.806542215868831, 2105448.271744885016233 ], [ 6005966.697527240030468, 2105514.867925585247576 ], [ 6005862.651099730283022, 2105592.034015385899693 ], [ 6005766.669283660128713, 2105679.026862658560276 ], [ 6005679.676436387933791, 2105775.008678728714585 ], [ 6005602.510346586816013, 2105879.055106238927692 ], [ 6005535.914165886119008, 2105990.164121214300394 ], [ 6005480.52925191167742, 2106107.265683102887124 ], [ 6005436.888991659507155, 2106229.232039848808199 ], [ 6005405.413664693944156, 2106354.88858876330778 ], [ 6005386.406395618803799, 2106483.025188589468598 ], [ 6005380.050234826281667, 2106612.40781382471323 ], [ 6005386.406395618803799, 2106741.790439059957862 ], [ 6005405.413664693944156, 2106869.92703888611868 ], [ 6005436.888991659507155, 2106995.583587800618261 ], [ 6005480.52925191167742, 2107117.549944546539336 ], [ 6005535.914165886119008, 2107234.651506435126066 ], [ 6005602.510346586816013, 2107345.760521410498768 ], [ 6005679.676436387933791, 2107449.806948920711875 ], [ 6005680.739825275726616, 2107450.980217756703496 ], [ 6005682.079776871018112, 2107453.813307372387499 ], [ 6005748.675957571715117, 2107564.922322347760201 ], [ 6005825.842047372832894, 2107668.968749857973307 ], [ 6005912.834894645027816, 2107764.950565928127617 ], [ 6006008.816710715182126, 2107851.9434132007882 ], [ 6006112.863138224929571, 2107929.109503001440316 ], [ 6006223.972153200767934, 2107995.70568370167166 ], [ 6006341.073715088889003, 2108051.09059767704457 ], [ 6006463.040071835741401, 2108094.730857928283513 ], [ 6006588.696620750240982, 2108126.206184894312173 ], [ 6006716.833220575936139, 2108145.21345396945253 ], [ 6006846.21584581118077, 2108151.569614761974663 ], [ 6006975.598471046425402, 2108145.21345396945253 ], [ 6007103.735070872120559, 2108126.206184894312173 ], [ 6007229.39161978662014, 2108094.730857928283513 ], [ 6007351.357976533472538, 2108051.09059767704457 ], [ 6007396.513943984173238, 2108029.733415651600808 ], [ 6007411.525068819522858, 2108024.362349302042276 ], [ 6007528.626630707643926, 2107968.977435326669365 ], [ 6007639.735645683482289, 2107902.381254626438022 ], [ 6007743.782073193229735, 2107825.215164825785905 ], [ 6007839.763889263384044, 2107738.222317553125322 ], [ 6007926.756736535578966, 2107642.240501482971013 ], [ 6008003.922826336696744, 2107538.194073972757906 ], [ 6008070.519007037393749, 2107427.085058997385204 ], [ 6008125.903921011835337, 2107309.983497108798474 ], [ 6008169.544181264005601, 2107188.017140362877399 ], [ 6008201.019508229568601, 2107062.360591448377818 ], [ 6008220.026777304708958, 2106934.223991622217 ], [ 6008226.38293809723109, 2106804.841366386972368 ], [ 6008220.026777304708958, 2106675.458741151727736 ], [ 6008201.019508229568601, 2106547.322141325566918 ], [ 6008169.544181264005601, 2106421.665592411067337 ], [ 6008125.903921011835337, 2106299.699235665146261 ], [ 6008070.519007037393749, 2106182.597673776559532 ], [ 6008003.922826336696744, 2106071.48865880118683 ], [ 6007926.756736535578966, 2105967.442231290973723 ], [ 6007839.763889263384044, 2105871.460415220819414 ], [ 6007743.782073193229735, 2105784.46756794815883 ], [ 6007698.679324517026544, 2105751.017089754343033 ], [ 6007633.431185992434621, 2105679.026862658560276 ] ] ] } },
{ "type": "Feature", "properties": { "parent_sta": "901609", "stop_id": "24TH_3", "stop_name": "A 24TH & Mission SW Entrance / Exit", "stop_code": "24TH_3", "stop_desc": "Pedestrian Access Point", "stop_lat": 37.75194, "stop_lon": -122.41883, "zone_id": "BA:79542", "stop_url": null, "tts_stop_n": null, "platform_c": null, "location_t": "2", "stop_timez": "America/Los_Angeles", "wheelchair": null, "level_id": null, "route_info": "{'route_id': None, 'route_type': None}" }, "geometry": { "type": "Polygon", "coordinates": [ [ [ 6007887.566887781955302, 2101012.095752412453294 ], [ 6007791.585071711800992, 2100925.102905139792711 ], [ 6007687.538644202053547, 2100847.936815339140594 ], [ 6007576.429629226215184, 2100781.34063463890925 ], [ 6007459.328067338094115, 2100725.95572066353634 ], [ 6007337.361710591241717, 2100682.315460412297398 ], [ 6007211.705161676742136, 2100650.840133446268737 ], [ 6007083.568561851046979, 2100631.83286437112838 ], [ 6006954.185936615802348, 2100625.476703578606248 ], [ 6006824.803311380557716, 2100631.83286437112838 ], [ 6006696.666711554862559, 2100650.840133446268737 ], [ 6006571.010162640362978, 2100682.315460412297398 ], [ 6006449.04380589351058, 2100725.95572066353634 ], [ 6006331.942244005389512, 2100781.34063463890925 ], [ 6006220.833229029551148, 2100847.936815339140594 ], [ 6006116.786801519803703, 2100925.102905139792711 ], [ 6006020.804985449649394, 2101012.095752412453294 ], [ 6005933.812138177454472, 2101108.077568482607603 ], [ 6005856.646048376336694, 2101212.12399599282071 ], [ 6005790.049867675639689, 2101323.233010968193412 ], [ 6005734.664953701198101, 2101440.334572856780142 ], [ 6005691.024693449027836, 2101562.300929602701217 ], [ 6005659.549366483464837, 2101687.957478517200798 ], [ 6005640.54209740832448, 2101816.094078343361616 ], [ 6005634.185936615802348, 2101945.476703578606248 ], [ 6005640.54209740832448, 2102074.85932881385088 ], [ 6005659.549366483464837, 2102202.995928640011698 ], [ 6005691.024693449027836, 2102328.652477554511279 ], [ 6005734.664953701198101, 2102450.618834300432354 ], [ 6005790.049867675639689, 2102567.720396189019084 ], [ 6005856.646048376336694, 2102678.829411164391786 ], [ 6005929.690638779662549, 2102777.318640047218651 ], [ 6005939.351422033272684, 2102797.744650071952492 ], [ 6006005.947602733969688, 2102908.853665047325194 ], [ 6006083.113692535087466, 2103012.900092557538301 ], [ 6006170.106539807282388, 2103108.88190862769261 ], [ 6006266.088355877436697, 2103195.874755900353193 ], [ 6006370.134783387184143, 2103273.04084570100531 ], [ 6006481.243798363022506, 2103339.637026401236653 ], [ 6006598.345360251143575, 2103395.021940376609564 ], [ 6006720.311716997995973, 2103438.662200627848506 ], [ 6006845.968265912495553, 2103470.137527593877167 ], [ 6006974.104865738190711, 2103489.144796669017524 ], [ 6007103.487490973435342, 2103495.500957461539656 ], [ 6007232.870116208679974, 2103489.144796669017524 ], [ 6007361.006716034375131, 2103470.137527593877167 ], [ 6007486.663264948874712, 2103438.662200627848506 ], [ 6007608.62962169572711, 2103395.021940376609564 ], [ 6007725.731183583848178, 2103339.637026401236653 ], [ 6007836.840198559686542, 2103273.04084570100531 ], [ 6007837.122714139521122, 2103272.831317867152393 ], [ 6007899.684849304147065, 2103235.333017127588391 ], [ 6008003.73127681389451, 2103158.166927326936275 ], [ 6008099.71309288404882, 2103071.174080054275692 ], [ 6008186.705940156243742, 2102975.192263984121382 ], [ 6008263.872029957361519, 2102871.145836473908275 ], [ 6008330.468210658058524, 2102760.036821498535573 ], [ 6008385.853124632500112, 2102642.935259609948844 ], [ 6008429.493384884670377, 2102520.968902864027768 ], [ 6008460.968711850233376, 2102395.312353949528188 ], [ 6008479.975980925373733, 2102267.175754123367369 ], [ 6008486.332141717895865, 2102137.793128888122737 ], [ 6008479.975980925373733, 2102008.410503652878106 ], [ 6008460.968711850233376, 2101880.273903826717287 ], [ 6008429.493384884670377, 2101754.617354912217706 ], [ 6008385.853124632500112, 2101632.650998166296631 ], [ 6008330.468210658058524, 2101515.549436277709901 ], [ 6008263.872029957361519, 2101404.440421302337199 ], [ 6008186.705940156243742, 2101300.393993792124093 ], [ 6008099.71309288404882, 2101204.412177721969783 ], [ 6008003.73127681389451, 2101117.4193304493092 ], [ 6007940.570166077464819, 2101070.575858168303967 ], [ 6007887.566887781955302, 2101012.095752412453294 ] ] ] } },
{ "type": "Feature", "properties": { "parent_sta": "901709", "stop_id": "GLEN_1", "stop_name": "Main Entrance / Exit", "stop_code": "GLEN_1", "stop_desc": "Pedestrian Access Point", "stop_lat": 37.73318, "stop_lon": -122.43388, "zone_id": "BA:79542", "stop_url": null, "tts_stop_n": null, "platform_c": null, "location_t": "2", "stop_timez": "America/Los_Angeles", "wheelchair": null, "level_id": null, "route_info": "{'route_id': None, 'route_type': None}" }, "geometry": { "type": "Polygon", "coordinates": [ [ [ 6003782.613331752829254, 2095203.853077739942819 ], [ 6003776.257170960307121, 2095074.470452504931018 ], [ 6003757.249901885166764, 2094946.333852678537369 ], [ 6003725.774574919603765, 2094820.677303764037788 ], [ 6003682.1343146674335, 2094698.710947018116713 ], [ 6003626.749400692991912, 2094581.609385129529983 ], [ 6003560.153219992294908, 2094470.500370154157281 ], [ 6003482.98713019117713, 2094366.453942643944174 ], [ 6003395.994282918982208, 2094270.472126573789865 ], [ 6003300.012466848827899, 2094183.479279301129282 ], [ 6003195.966039339080453, 2094106.313189500477165 ], [ 6003084.85702436324209, 2094039.717008800012991 ], [ 6002967.755462475121021, 2093984.332094825105742 ], [ 6002845.789105728268623, 2093940.691834573401138 ], [ 6002720.132556813769042, 2093909.216507607605308 ], [ 6002591.995956988073885, 2093890.209238532697782 ], [ 6002462.613331752829254, 2093883.853077739942819 ], [ 6002333.230706517584622, 2093890.209238532697782 ], [ 6002205.094106691889465, 2093909.216507607605308 ], [ 6002079.437557777389884, 2093940.691834573401138 ], [ 6001957.471201030537486, 2093984.332094825105742 ], [ 6001840.369639142416418, 2094039.717008800012991 ], [ 6001729.260624166578054, 2094106.313189500477165 ], [ 6001625.214196656830609, 2094183.479279301129282 ], [ 6001529.2323805866763, 2094270.472126573789865 ], [ 6001442.239533314481378, 2094366.453942643944174 ], [ 6001365.0734435133636, 2094470.500370154157281 ], [ 6001298.477262812666595, 2094581.609385129529983 ], [ 6001243.092348838225007, 2094698.710947018116713 ], [ 6001199.452088586054742, 2094820.677303764037788 ], [ 6001167.976761620491743, 2094946.333852678537369 ], [ 6001148.969492545351386, 2095074.470452504931018 ], [ 6001142.613331752829254, 2095203.853077739942819 ], [ 6001148.969492545351386, 2095333.23570297495462 ], [ 6001167.976761620491743, 2095461.372302801348269 ], [ 6001199.452088586054742, 2095587.02885171584785 ], [ 6001243.092348838225007, 2095708.995208461768925 ], [ 6001298.477262812666595, 2095826.096770350355655 ], [ 6001365.0734435133636, 2095937.205785325728357 ], [ 6001442.239533314481378, 2096041.252212835941464 ], [ 6001529.2323805866763, 2096137.234028906095773 ], [ 6001625.214196656830609, 2096224.226876178756356 ], [ 6001729.260624166578054, 2096301.392965979408473 ], [ 6001840.369639142416418, 2096367.989146679872647 ], [ 6001957.471201030537486, 2096423.374060654779896 ], [ 6002079.437557777389884, 2096467.0143209064845 ], [ 6002205.094106691889465, 2096498.489647872280329 ], [ 6002333.230706517584622, 2096517.496916947187856 ], [ 6002462.613331752829254, 2096523.853077739942819 ], [ 6002591.995956988073885, 2096517.496916947187856 ], [ 6002720.132556813769042, 2096498.489647872280329 ], [ 6002845.789105728268623, 2096467.0143209064845 ], [ 6002967.755462475121021, 2096423.374060654779896 ], [ 6003084.85702436324209, 2096367.989146679872647 ], [ 6003195.966039339080453, 2096301.392965979408473 ], [ 6003300.012466848827899, 2096224.226876178756356 ], [ 6003395.994282918982208, 2096137.234028906095773 ], [ 6003482.98713019117713, 2096041.252212835941464 ], [ 6003560.153219992294908, 2095937.205785325728357 ], [ 6003626.749400692991912, 2095826.096770350355655 ], [ 6003682.1343146674335, 2095708.995208461768925 ], [ 6003725.774574919603765, 2095587.02885171584785 ], [ 6003757.249901885166764, 2095461.372302801348269 ], [ 6003776.257170960307121, 2095333.23570297495462 ], [ 6003782.613331752829254, 2095203.853077739942819 ] ] ] } },
{ "type": "Feature", "properties": { "parent_sta": "901809", "stop_id": "BALB_2", "stop_name": "A1 Geneva Ave Entrance / Exit", "stop_code": "BALB_2", "stop_desc": "Pedestrian Access Point", "stop_lat": 37.72082, "stop_lon": -122.44763, "zone_id": "BA:79542", "stop_url": null, "tts_stop_n": null, "platform_c": null, "location_t": "2", "stop_timez": "America/Los_Angeles", "wheelchair": null, "level_id": null, "route_info": "{'route_id': None, 'route_type': None}" }, "geometry": { "type": "Polygon", "coordinates": [ [ [ 5999414.132585771381855, 2089951.144240570720285 ], [ 5999327.139738499186933, 2089855.162424500565976 ], [ 5999231.157922429032624, 2089768.169577227905393 ], [ 5999127.111494919285178, 2089691.003487427253276 ], [ 5999016.002479943446815, 2089624.407306726789102 ], [ 5998898.900918055325747, 2089569.022392751881853 ], [ 5998776.934561308473349, 2089525.382132500177249 ], [ 5998651.278012393973768, 2089493.906805534381419 ], [ 5998523.141412568278611, 2089474.899536459473893 ], [ 5998393.758787333033979, 2089468.54337566671893 ], [ 5998264.376162097789347, 2089474.899536459473893 ], [ 5998136.23956227209419, 2089493.906805534381419 ], [ 5998010.583013357594609, 2089525.382132500177249 ], [ 5997888.616656610742211, 2089569.022392751881853 ], [ 5997771.515094722621143, 2089624.407306726789102 ], [ 5997660.40607974678278, 2089691.003487427253276 ], [ 5997556.359652237035334, 2089768.169577227905393 ], [ 5997460.377836166881025, 2089855.162424500565976 ], [ 5997373.384988894686103, 2089951.144240570720285 ], [ 5997296.218899093568325, 2090055.190668080933392 ], [ 5997229.62271839287132, 2090166.299683056306094 ], [ 5997174.237804418429732, 2090283.401244944892824 ], [ 5997130.597544166259468, 2090405.367601690813899 ], [ 5997099.122217200696468, 2090531.02415060531348 ], [ 5997080.114948125556111, 2090659.160750431707129 ], [ 5997073.758787333033979, 2090788.54337566671893 ], [ 5997080.114948125556111, 2090917.926000901730731 ], [ 5997095.282772985287011, 2091020.179170285817236 ], [ 5997097.755929818376899, 2091070.521434137830511 ], [ 5997116.763198893517256, 2091198.65803396422416 ], [ 5997117.638722265139222, 2091202.15331919095479 ], [ 5997117.2480154838413, 2091210.106338424375281 ], [ 5997123.604176276363432, 2091339.488963659387082 ], [ 5997142.611445351503789, 2091467.625563485780731 ], [ 5997174.086772317066789, 2091593.282112400280312 ], [ 5997217.727032569237053, 2091715.248469146201387 ], [ 5997273.111946543678641, 2091832.350031034788117 ], [ 5997339.708127244375646, 2091943.459046010160819 ], [ 5997416.874217045493424, 2092047.505473520373926 ], [ 5997503.867064317688346, 2092143.487289590528235 ], [ 5997599.848880387842655, 2092230.480136863188818 ], [ 5997703.895307897590101, 2092307.646226663840935 ], [ 5997815.004322873428464, 2092374.242407364305109 ], [ 5997932.105884761549532, 2092429.627321339212358 ], [ 5998054.07224150840193, 2092473.267581590916961 ], [ 5998179.728790422901511, 2092504.742908556712791 ], [ 5998307.865390248596668, 2092523.750177631620318 ], [ 5998437.2480154838413, 2092530.106338424375281 ], [ 5998566.630640719085932, 2092523.750177631620318 ], [ 5998694.767240544781089, 2092504.742908556712791 ], [ 5998701.280918297357857, 2092503.111317216651514 ], [ 5998746.66551864054054, 2092496.379147705854848 ], [ 5998872.322067555040121, 2092464.903820740059018 ], [ 5998994.288424301892519, 2092421.263560488354415 ], [ 5999111.389986190013587, 2092365.878646513447165 ], [ 5999222.499001165851951, 2092299.282465812982991 ], [ 5999326.545428675599396, 2092222.116376012330875 ], [ 5999422.527244745753706, 2092135.123528739670292 ], [ 5999509.520092017948627, 2092039.141712669515982 ], [ 5999586.686181819066405, 2091935.095285159302875 ], [ 5999653.28236251976341, 2091823.986270183930174 ], [ 5999708.667276494204998, 2091706.884708295343444 ], [ 5999752.307536746375263, 2091584.918351549422368 ], [ 5999783.782863711938262, 2091459.261802634922788 ], [ 5999802.790132787078619, 2091331.125202808529139 ], [ 5999809.146293579600751, 2091201.742577573517337 ], [ 5999802.790132787078619, 2091072.359952338505536 ], [ 5999795.25152575969696, 2091021.53879185882397 ], [ 5999800.345329134725034, 2090917.852042159531265 ], [ 5999793.989168342202902, 2090788.469416924519464 ], [ 5999774.981899267062545, 2090660.332817098125815 ], [ 5999743.506572301499546, 2090534.676268183626235 ], [ 5999699.866312049329281, 2090412.709911437705159 ], [ 5999644.481398074887693, 2090295.608349549118429 ], [ 5999577.885217374190688, 2090184.499334573745728 ], [ 5999530.542613028548658, 2090120.665222155628726 ], [ 5999491.298675572499633, 2090055.190668080933392 ], [ 5999414.132585771381855, 2089951.144240570720285 ] ] ] } },
{ "type": "Feature", "properties": { "parent_sta": "902109", "stop_id": "LAKE_4", "stop_name": "A1 NE Chinatown Entrance / Exit", "stop_code": "LAKE_4", "stop_desc": "Pedestrian Access Point", "stop_lat": 37.7976, "stop_lon": -122.26553, "zone_id": "BA:79542", "stop_url": null, "tts_stop_n": null, "platform_c": null, "location_t": "2", "stop_timez": "America/Los_Angeles", "wheelchair": null, "level_id": null, "route_info": "{'route_id': None, 'route_type': None}" }, "geometry": { "type": "Polygon", "coordinates": [ [ [ 6052703.583596366457641, 2116663.550436554476619 ], [ 6052616.590749094262719, 2116567.568620484322309 ], [ 6052520.60893302410841, 2116480.575773211661726 ], [ 6052416.562505514360964, 2116403.40968341100961 ], [ 6052305.453490538522601, 2116336.813502710778266 ], [ 6052188.351928650401533, 2116281.428588735405356 ], [ 6052066.385571903549135, 2116237.788328484166414 ], [ 6051940.729022989049554, 2116206.313001518137753 ], [ 6051812.592423163354397, 2116187.305732442997396 ], [ 6051683.209797928109765, 2116180.949571650475264 ], [ 6051553.827172692865133, 2116187.305732442997396 ], [ 6051444.799016426317394, 2116203.478531672619283 ], [ 6051429.881944796070457, 2116204.211360409390181 ], [ 6051301.745344970375299, 2116223.218629484530538 ], [ 6051176.088796055875719, 2116254.693956450559199 ], [ 6051054.122439309023321, 2116298.334216701798141 ], [ 6050937.020877420902252, 2116353.719130677171052 ], [ 6050825.911862445063889, 2116420.315311377402395 ], [ 6050721.865434935316443, 2116497.481401178054512 ], [ 6050625.883618865162134, 2116584.474248450715095 ], [ 6050538.890771592967212, 2116680.456064520869404 ], [ 6050461.724681791849434, 2116784.502492031082511 ], [ 6050395.12850109115243, 2116895.611507006455213 ], [ 6050339.743587116710842, 2117012.713068895041943 ], [ 6050296.103326864540577, 2117134.679425640963018 ], [ 6050264.627999898977578, 2117260.335974555462599 ], [ 6050245.620730823837221, 2117388.472574381623417 ], [ 6050239.264570031315088, 2117517.855199616868049 ], [ 6050245.620730823837221, 2117647.237824852112681 ], [ 6050263.489763149060309, 2117767.701055802870542 ], [ 6050266.319387963041663, 2117825.299392096232623 ], [ 6050285.32665703818202, 2117953.435991922393441 ], [ 6050316.801984003745019, 2118079.092540836893022 ], [ 6050360.442244255915284, 2118201.058897582814097 ], [ 6050415.827158230356872, 2118318.160459471400827 ], [ 6050482.423338931053877, 2118429.269474446773529 ], [ 6050559.589428732171655, 2118533.315901956986636 ], [ 6050646.582276004366577, 2118629.297718027140945 ], [ 6050742.564092074520886, 2118716.290565299801528 ], [ 6050846.610519584268332, 2118793.456655100453645 ], [ 6050957.719534560106695, 2118860.052835800684988 ], [ 6051074.821096448227763, 2118915.437749776057899 ], [ 6051196.787453195080161, 2118959.078010027296841 ], [ 6051322.444002109579742, 2118990.553336993325502 ], [ 6051450.580601935274899, 2119009.560606068465859 ], [ 6051579.963227170519531, 2119015.916766860987991 ], [ 6051709.345852405764163, 2119009.560606068465859 ], [ 6051837.48245223145932, 2118990.553336993325502 ], [ 6051963.1390011459589, 2118959.078010027296841 ], [ 6052085.105357892811298, 2118915.437749776057899 ], [ 6052161.005070279352367, 2118879.539859316777438 ], [ 6052163.914440090768039, 2118878.811100116465241 ], [ 6052285.880796837620437, 2118835.170839865226299 ], [ 6052402.982358725741506, 2118779.785925889853388 ], [ 6052514.091373701579869, 2118713.189745189622045 ], [ 6052618.137801211327314, 2118636.023655388969928 ], [ 6052714.119617281481624, 2118549.030808116309345 ], [ 6052801.112464553676546, 2118453.048992046155035 ], [ 6052878.278554354794323, 2118349.002564535941929 ], [ 6052944.874735055491328, 2118237.893549560569227 ], [ 6053000.259649029932916, 2118120.791987671982497 ], [ 6053043.899909282103181, 2117998.825630926061422 ], [ 6053075.37523624766618, 2117873.169082011561841 ], [ 6053094.382505322806537, 2117745.032482185401022 ], [ 6053100.73866611532867, 2117615.649856950156391 ], [ 6053094.382505322806537, 2117486.267231714911759 ], [ 6053075.37523624766618, 2117358.130631888750941 ], [ 6053043.899909282103181, 2117232.47408297425136 ], [ 6053000.259649029932916, 2117110.507726228330284 ], [ 6052944.874735055491328, 2116993.406164339743555 ], [ 6052878.278554354794323, 2116882.297149364370853 ], [ 6052801.112464553676546, 2116778.250721854157746 ], [ 6052732.536077986471355, 2116702.588338926434517 ], [ 6052703.583596366457641, 2116663.550436554476619 ] ] ] } },
{ "type": "Feature", "properties": { "parent_sta": "902409", "stop_id": "SANL_2", "stop_name": "East Entrance / Exit", "stop_code": "SANL_2", "stop_desc": "Pedestrian Access Point", "stop_lat": 37.72152, "stop_lon": -122.16045, "zone_id": "BA:79542", "stop_url": null, "tts_stop_n": null, "platform_c": null, "location_t": "2", "stop_timez": "America/Los_Angeles", "wheelchair": null, "level_id": null, "route_info": "{'route_id': None, 'route_type': None}" }, "geometry": { "type": "Polygon", "coordinates": [ [ [ 6081899.982672180980444, 2088194.535071971360594 ], [ 6081778.016315434128046, 2088150.894811719655991 ], [ 6081652.359766519628465, 2088119.419484753860161 ], [ 6081524.223166693933308, 2088100.412215678952634 ], [ 6081394.840541458688676, 2088094.056054886197671 ], [ 6081265.457916223444045, 2088100.412215678952634 ], [ 6081137.321316397748888, 2088119.419484753860161 ], [ 6081011.664767483249307, 2088150.894811719655991 ], [ 6080889.698410736396909, 2088194.535071971360594 ], [ 6080772.59684884827584, 2088249.919985946267843 ], [ 6080661.487833872437477, 2088316.516166646732017 ], [ 6080557.441406362690032, 2088393.682256447384134 ], [ 6080461.459590292535722, 2088480.675103720044717 ], [ 6080374.4667430203408, 2088576.656919790199026 ], [ 6080353.120350009761751, 2088605.439198880689219 ], [ 6080347.12535822018981, 2088612.053653026465327 ], [ 6080269.959268419072032, 2088716.100080536678433 ], [ 6080203.363087718375027, 2088827.209095512051135 ], [ 6080147.978173743933439, 2088944.310657400637865 ], [ 6080104.337913491763175, 2089066.27701414655894 ], [ 6080072.862586526200175, 2089191.933563061058521 ], [ 6080053.855317451059818, 2089320.07016288745217 ], [ 6080047.499156658537686, 2089449.452788122463971 ], [ 6080053.855317451059818, 2089578.835413357475773 ], [ 6080072.862586526200175, 2089706.972013183869421 ], [ 6080104.337913491763175, 2089832.628562098369002 ], [ 6080147.978173743933439, 2089954.594918844290078 ], [ 6080203.363087718375027, 2090071.696480732876807 ], [ 6080269.959268419072032, 2090182.805495708249509 ], [ 6080347.12535822018981, 2090286.851923218462616 ], [ 6080434.118205492384732, 2090382.833739288616925 ], [ 6080530.100021562539041, 2090469.826586561277509 ], [ 6080634.146449072286487, 2090546.992676361929625 ], [ 6080745.25546404812485, 2090613.588857062393799 ], [ 6080788.700433174148202, 2090634.1367971485015 ], [ 6080805.468287641182542, 2090644.187062343582511 ], [ 6080922.56984952930361, 2090699.57197631848976 ], [ 6081044.536206276156008, 2090743.212236570194364 ], [ 6081170.192755190655589, 2090774.687563535990193 ], [ 6081298.329355016350746, 2090793.69483261089772 ], [ 6081427.711980251595378, 2090800.050993403652683 ], [ 6081557.09460548684001, 2090793.69483261089772 ], [ 6081685.231205312535167, 2090774.687563535990193 ], [ 6081810.887754227034748, 2090743.212236570194364 ], [ 6081932.854110973887146, 2090699.57197631848976 ], [ 6082049.955672862008214, 2090644.187062343582511 ], [ 6082161.064687837846577, 2090577.590881643118337 ], [ 6082265.111115347594023, 2090500.42479184246622 ], [ 6082361.092931417748332, 2090413.431944569805637 ], [ 6082448.085778689943254, 2090317.450128499651328 ], [ 6082525.251868491061032, 2090213.403700989438221 ], [ 6082591.848049191758037, 2090102.294686014065519 ], [ 6082647.232963166199625, 2089985.193124125478789 ], [ 6082650.477094197645783, 2089976.126385283423588 ], [ 6082664.039622840471566, 2089947.450827748514712 ], [ 6082707.67988309264183, 2089825.484471002593637 ], [ 6082739.15521005820483, 2089699.827922088094056 ], [ 6082758.162479133345187, 2089571.691322261700407 ], [ 6082764.518639925867319, 2089442.308697026688606 ], [ 6082758.162479133345187, 2089312.926071791676804 ], [ 6082739.15521005820483, 2089184.789471965283155 ], [ 6082707.67988309264183, 2089059.132923050783575 ], [ 6082664.039622840471566, 2088937.166566304862499 ], [ 6082608.654708866029978, 2088820.065004416275769 ], [ 6082542.058528165332973, 2088708.955989440903068 ], [ 6082464.892438364215195, 2088604.909561930689961 ], [ 6082377.899591092020273, 2088508.927745860535651 ], [ 6082281.917775021865964, 2088421.934898587875068 ], [ 6082177.871347512118518, 2088344.768808787222952 ], [ 6082066.762332536280155, 2088278.172628086758777 ], [ 6082054.71235082205385, 2088272.473411185666919 ], [ 6082017.084234069101512, 2088249.919985946267843 ], [ 6081899.982672180980444, 2088194.535071971360594 ] ] ] } },
{ "type": "Feature", "properties": { "parent_sta": "902509", "stop_id": "BAYF_2", "stop_name": "West Entrance / Exit", "stop_code": "BAYF_2", "stop_desc": "Pedestrian Access Point", "stop_lat": 37.69687, "stop_lon": -122.12699, "zone_id": "BA:79542", "stop_url": null, "tts_stop_n": null, "platform_c": null, "location_t": "2", "stop_timez": "America/Los_Angeles", "wheelchair": null, "level_id": null, "route_info": "{'route_id': None, 'route_type': None}" }, "geometry": { "type": "Polygon", "coordinates": [ [ [ 6091093.994911876507103, 2078984.564677604474127 ], [ 6090964.612286641262472, 2078978.208516811719164 ], [ 6090835.22966140601784, 2078984.564677604474127 ], [ 6090707.093061580322683, 2079003.571946679381654 ], [ 6090581.436512665823102, 2079035.047273645177484 ], [ 6090459.470155918970704, 2079078.687533896882087 ], [ 6090342.368594030849636, 2079134.072447871789336 ], [ 6090231.259579055011272, 2079200.66862857225351 ], [ 6090127.213151545263827, 2079277.834718372905627 ], [ 6090031.231335475109518, 2079364.82756564556621 ], [ 6089944.238488202914596, 2079460.809381715720519 ], [ 6089867.072398401796818, 2079564.855809225933626 ], [ 6089800.476217701099813, 2079675.964824201306328 ], [ 6089745.091303726658225, 2079793.066386089893058 ], [ 6089701.45104347448796, 2079915.032742835814133 ], [ 6089669.975716508924961, 2080040.689291750313714 ], [ 6089650.968447433784604, 2080168.825891576707363 ], [ 6089644.612286641262472, 2080298.208516811719164 ], [ 6089650.968447433784604, 2080427.591142046730965 ], [ 6089669.975716508924961, 2080555.727741873124614 ], [ 6089701.45104347448796, 2080681.384290787624195 ], [ 6089745.091303726658225, 2080803.350647533545271 ], [ 6089800.476217701099813, 2080920.452209422132 ], [ 6089867.072398401796818, 2081031.561224397504702 ], [ 6089944.238488202914596, 2081135.607651907717809 ], [ 6090031.231335475109518, 2081231.589467977872118 ], [ 6090127.213151545263827, 2081318.582315250532702 ], [ 6090231.259579055011272, 2081395.748405051184818 ], [ 6090342.368594030849636, 2081462.344585751648992 ], [ 6090459.470155918970704, 2081517.729499726556242 ], [ 6090469.064419301226735, 2081521.16238205647096 ], [ 6090494.123784106224775, 2081536.182387293316424 ], [ 6090611.225345994345844, 2081591.567301268223673 ], [ 6090733.191702741198242, 2081635.207561519928277 ], [ 6090858.848251655697823, 2081666.682888485724106 ], [ 6090986.98485148139298, 2081685.690157560631633 ], [ 6090991.197986103594303, 2081685.897135592298582 ], [ 6091001.182237163186073, 2081687.378159333020449 ], [ 6091130.564862398430705, 2081693.734320125775412 ], [ 6091259.947487633675337, 2081687.378159333020449 ], [ 6091388.084087459370494, 2081668.370890258112922 ], [ 6091513.740636373870075, 2081636.895563292317092 ], [ 6091635.706993120722473, 2081593.255303040612489 ], [ 6091752.808555008843541, 2081537.87038906570524 ], [ 6091863.917569984681904, 2081471.274208365241066 ], [ 6091967.96399749442935, 2081394.108118564588949 ], [ 6092063.945813564583659, 2081307.115271291928366 ], [ 6092150.938660836778581, 2081211.133455221774057 ], [ 6092228.104750637896359, 2081107.08702771156095 ], [ 6092294.700931338593364, 2080995.978012736188248 ], [ 6092318.985854043625295, 2080944.631857708562165 ], [ 6092320.210563510656357, 2080942.588553406996652 ], [ 6092375.595477485097945, 2080825.486991518409923 ], [ 6092419.235737737268209, 2080703.520634772488847 ], [ 6092450.711064702831209, 2080577.864085857989267 ], [ 6092469.718333777971566, 2080449.727486031595618 ], [ 6092476.074494570493698, 2080320.344860796583816 ], [ 6092469.718333777971566, 2080190.962235561572015 ], [ 6092450.711064702831209, 2080062.825635735178366 ], [ 6092419.235737737268209, 2079937.169086820678785 ], [ 6092375.595477485097945, 2079815.20273007475771 ], [ 6092320.210563510656357, 2079698.10116818617098 ], [ 6092253.614382809959352, 2079586.992153210798278 ], [ 6092176.448293008841574, 2079482.945725700585172 ], [ 6092089.455445736646652, 2079386.963909630430862 ], [ 6091993.473629666492343, 2079299.971062357770279 ], [ 6091889.427202156744897, 2079222.804972557118163 ], [ 6091778.318187180906534, 2079156.208791856653988 ], [ 6091661.216625292785466, 2079100.823877881746739 ], [ 6091539.250268545933068, 2079057.183617630042136 ], [ 6091413.593719631433487, 2079025.708290664246306 ], [ 6091285.45711980573833, 2079006.701021589338779 ], [ 6091222.221337209455669, 2079003.594446797622368 ], [ 6091222.13151170220226, 2079003.571946679381654 ], [ 6091093.994911876507103, 2078984.564677604474127 ] ] ] } },
{ "type": "Feature", "properties": { "parent_sta": "902609", "stop_id": "HAYW_1", "stop_name": "Main Entrance / Exit", "stop_code": "HAYW_1", "stop_desc": "Pedestrian Access Point", "stop_lat": 37.66958, "stop_lon": -122.0866, "zone_id": "BA:79542", "stop_url": null, "tts_stop_n": null, "platform_c": null, "location_t": "2", "stop_timez": "America/Los_Angeles", "wheelchair": null, "level_id": null, "route_info": "{'route_id': None, 'route_type': None}" }, "geometry": { "type": "Polygon", "coordinates": [ [ [ 6103793.931475250981748, 2070032.907480692723766 ], [ 6103774.924206175841391, 2069904.770880866330117 ], [ 6103743.448879210278392, 2069779.114331951830536 ], [ 6103699.808618958108127, 2069657.147975205909461 ], [ 6103644.423704983666539, 2069540.046413317322731 ], [ 6103577.827524282969534, 2069428.937398341950029 ], [ 6103500.661434481851757, 2069324.890970831736922 ], [ 6103413.668587209656835, 2069228.909154761582613 ], [ 6103317.686771139502525, 2069141.91630748892203 ], [ 6103213.64034362975508, 2069064.750217688269913 ], [ 6103102.531328653916717, 2068998.154036987805739 ], [ 6102985.429766765795648, 2068942.76912301289849 ], [ 6102863.46341001894325, 2068899.128862761193886 ], [ 6102737.806861104443669, 2068867.653535795398057 ], [ 6102609.670261278748512, 2068848.64626672049053 ], [ 6102480.287636043503881, 2068842.290105927735567 ], [ 6102350.905010808259249, 2068848.64626672049053 ], [ 6102222.768410982564092, 2068867.653535795398057 ], [ 6102097.111862068064511, 2068899.128862761193886 ], [ 6101975.145505321212113, 2068942.76912301289849 ], [ 6101862.110467556864023, 2068996.230714316945523 ], [ 6101775.56201218534261, 2069027.198246819665655 ], [ 6101658.460450297221541, 2069082.583160794572905 ], [ 6101547.351435321383178, 2069149.179341495037079 ], [ 6101443.305007811635733, 2069226.345431295689195 ], [ 6101347.323191741481423, 2069313.338278568349779 ], [ 6101260.330344469286501, 2069409.320094638504088 ], [ 6101183.164254668168724, 2069513.366522148717195 ], [ 6101116.568073967471719, 2069624.475537124089897 ], [ 6101061.183159993030131, 2069741.577099012676626 ], [ 6101017.542899740859866, 2069863.543455758597702 ], [ 6100986.067572775296867, 2069989.200004673097283 ], [ 6100967.06030370015651, 2070117.336604499490932 ], [ 6100960.704142907634377, 2070246.719229734502733 ], [ 6100967.06030370015651, 2070376.101854969514534 ], [ 6100986.067572775296867, 2070504.238454795908183 ], [ 6101017.542899740859866, 2070629.895003710407764 ], [ 6101061.183159993030131, 2070751.861360456328839 ], [ 6101116.568073967471719, 2070868.962922344915569 ], [ 6101183.164254668168724, 2070980.071937320288271 ], [ 6101260.330344469286501, 2071084.118364830501378 ], [ 6101347.323191741481423, 2071180.100180900655687 ], [ 6101362.087674871087074, 2071193.481928387191147 ], [ 6101391.002260469831526, 2071225.384257414378226 ], [ 6101486.984076539985836, 2071312.377104687038809 ], [ 6101591.030504049733281, 2071389.543194487690926 ], [ 6101702.139519025571644, 2071456.1393751881551 ], [ 6101819.241080913692713, 2071511.524289163062349 ], [ 6101941.207437660545111, 2071555.164549414766952 ], [ 6102066.863986575044692, 2071586.639876380562782 ], [ 6102195.000586400739849, 2071605.647145455470309 ], [ 6102324.38321163598448, 2071612.003306248225272 ], [ 6102453.765836871229112, 2071605.647145455470309 ], [ 6102581.902436696924269, 2071586.639876380562782 ], [ 6102707.55898561142385, 2071555.164549414766952 ], [ 6102829.525342358276248, 2071511.524289163062349 ], [ 6102946.626904246397316, 2071456.1393751881551 ], [ 6103057.73591922223568, 2071389.543194487690926 ], [ 6103161.782346731983125, 2071312.377104687038809 ], [ 6103247.312933559529483, 2071234.85669945157133 ], [ 6103317.686771139502525, 2071182.663904366549104 ], [ 6103413.668587209656835, 2071095.671057093888521 ], [ 6103500.661434481851757, 2070999.689241023734212 ], [ 6103577.827524282969534, 2070895.642813513521105 ], [ 6103644.423704983666539, 2070784.533798538148403 ], [ 6103699.808618958108127, 2070667.432236649561673 ], [ 6103743.448879210278392, 2070545.465879903640598 ], [ 6103774.924206175841391, 2070419.809330989141017 ], [ 6103793.931475250981748, 2070291.672731162747368 ], [ 6103800.287636043503881, 2070162.290105927735567 ], [ 6103793.931475250981748, 2070032.907480692723766 ] ] ] } },
{ "type": "Feature", "properties": { "parent_sta": "902709", "stop_id": "SHAY_1", "stop_name": "Main Entrance / Exit", "stop_code": "SHAY_1", "stop_desc": "Pedestrian Access Point", "stop_lat": 37.63451, "stop_lon": -122.05686, "zone_id": "BA:79542", "stop_url": null, "tts_stop_n": null, "platform_c": null, "location_t": "2", "stop_timez": "America/Los_Angeles", "wheelchair": null, "level_id": null, "route_info": "{'route_id': None, 'route_type': None}" }, "geometry": { "type": "Polygon", "coordinates": [ [ [ 6112194.34868629463017, 2057250.019319295883179 ], [ 6112187.992525502108037, 2057120.636694060871378 ], [ 6112168.98525642696768, 2056992.500094234477729 ], [ 6112137.509929461404681, 2056866.843545319978148 ], [ 6112093.869669209234416, 2056744.877188574057072 ], [ 6112038.484755234792829, 2056627.775626685470343 ], [ 6111971.888574534095824, 2056516.666611710097641 ], [ 6111894.722484732978046, 2056412.620184199884534 ], [ 6111807.729637460783124, 2056316.638368129730225 ], [ 6111711.747821390628815, 2056229.645520857069641 ], [ 6111607.701393880881369, 2056152.479431056417525 ], [ 6111496.592378905043006, 2056085.883250355953351 ], [ 6111379.490817016921937, 2056030.498336381046101 ], [ 6111257.52446027006954, 2055986.858076129341498 ], [ 6111131.867911355569959, 2055955.382749163545668 ], [ 6111003.731311529874802, 2055936.375480088638142 ], [ 6110874.34868629463017, 2055930.019319295883179 ], [ 6110744.966061059385538, 2055936.375480088638142 ], [ 6110616.829461233690381, 2055955.382749163545668 ], [ 6110491.1729123191908, 2055986.858076129341498 ], [ 6110369.206555572338402, 2056030.498336381046101 ], [ 6110252.104993684217334, 2056085.883250355953351 ], [ 6110140.995978708378971, 2056152.479431056417525 ], [ 6110036.949551198631525, 2056229.645520857069641 ], [ 6109940.967735128477216, 2056316.638368129730225 ], [ 6109853.974887856282294, 2056412.620184199884534 ], [ 6109776.808798055164516, 2056516.666611710097641 ], [ 6109710.212617354467511, 2056627.775626685470343 ], [ 6109654.827703380025923, 2056744.877188574057072 ], [ 6109611.187443127855659, 2056866.843545319978148 ], [ 6109579.712116162292659, 2056992.500094234477729 ], [ 6109560.704847087152302, 2057120.636694060871378 ], [ 6109554.34868629463017, 2057250.019319295883179 ], [ 6109560.704847087152302, 2057379.40194453089498 ], [ 6109579.712116162292659, 2057507.538544357288629 ], [ 6109611.187443127855659, 2057633.19509327178821 ], [ 6109654.827703380025923, 2057755.161450017709285 ], [ 6109710.212617354467511, 2057872.263011906296015 ], [ 6109776.808798055164516, 2057983.372026881668717 ], [ 6109853.974887856282294, 2058087.418454391881824 ], [ 6109940.967735128477216, 2058183.400270462036133 ], [ 6110036.949551198631525, 2058270.393117734696716 ], [ 6110140.995978708378971, 2058347.559207535348833 ], [ 6110252.104993684217334, 2058414.155388235813007 ], [ 6110369.206555572338402, 2058469.540302210720256 ], [ 6110491.1729123191908, 2058513.180562462424859 ], [ 6110616.829461233690381, 2058544.655889428220689 ], [ 6110744.966061059385538, 2058563.663158503128216 ], [ 6110874.34868629463017, 2058570.019319295883179 ], [ 6111003.731311529874802, 2058563.663158503128216 ], [ 6111131.867911355569959, 2058544.655889428220689 ], [ 6111257.52446027006954, 2058513.180562462424859 ], [ 6111379.490817016921937, 2058469.540302210720256 ], [ 6111496.592378905043006, 2058414.155388235813007 ], [ 6111607.701393880881369, 2058347.559207535348833 ], [ 6111711.747821390628815, 2058270.393117734696716 ], [ 6111807.729637460783124, 2058183.400270462036133 ], [ 6111894.722484732978046, 2058087.418454391881824 ], [ 6111971.888574534095824, 2057983.372026881668717 ], [ 6112038.484755234792829, 2057872.263011906296015 ], [ 6112093.869669209234416, 2057755.161450017709285 ], [ 6112137.509929461404681, 2057633.19509327178821 ], [ 6112168.98525642696768, 2057507.538544357288629 ], [ 6112187.992525502108037, 2057379.40194453089498 ], [ 6112194.34868629463017, 2057250.019319295883179 ] ] ] } },
{ "type": "Feature", "properties": { "parent_sta": "902909", "stop_id": "FRMT_1", "stop_name": "East Plaza Entrance / Exit", "stop_code": "FRMT_1", "stop_desc": "Pedestrian Access Point", "stop_lat": 37.55751, "stop_lon": -121.97643, "zone_id": "BA:79542", "stop_url": null, "tts_stop_n": null, "platform_c": null, "location_t": "2", "stop_timez": "America/Los_Angeles", "wheelchair": null, "level_id": null, "route_info": "{'route_id': None, 'route_type': None}" }, "geometry": { "type": "Polygon", "coordinates": [ [ [ 6134142.30715970043093, 2027581.219277122989297 ], [ 6134020.340802953578532, 2027537.579016871284693 ], [ 6133894.684254039078951, 2027506.103689905488864 ], [ 6133766.547654213383794, 2027487.096420830581337 ], [ 6133637.165028978139162, 2027480.740260037826374 ], [ 6133507.78240374289453, 2027487.096420830581337 ], [ 6133379.645803917199373, 2027506.103689905488864 ], [ 6133253.989255002699792, 2027537.579016871284693 ], [ 6133132.022898255847394, 2027581.219277122989297 ], [ 6133014.921336367726326, 2027636.604191097896546 ], [ 6132903.812321391887963, 2027703.20037179836072 ], [ 6132799.765893882140517, 2027780.366461599012837 ], [ 6132703.784077811986208, 2027867.35930887167342 ], [ 6132616.791230539791286, 2027963.341124941827729 ], [ 6132539.625140738673508, 2028067.387552452040836 ], [ 6132473.028960037976503, 2028178.496567427413538 ], [ 6132417.644046063534915, 2028295.598129316000268 ], [ 6132374.003785811364651, 2028417.564486061921343 ], [ 6132342.528458845801651, 2028543.221034976420924 ], [ 6132323.521189770661294, 2028671.357634802814573 ], [ 6132317.165028978139162, 2028800.740260037826374 ], [ 6132323.521189770661294, 2028930.122885272838175 ], [ 6132342.528458845801651, 2029058.259485099231824 ], [ 6132374.003785811364651, 2029183.916034013731405 ], [ 6132417.644046063534915, 2029305.88239075965248 ], [ 6132473.028960037976503, 2029422.98395264823921 ], [ 6132539.625140738673508, 2029534.092967623611912 ], [ 6132545.890279379673302, 2029542.540529177291319 ], [ 6132599.175606771372259, 2029631.441727066412568 ], [ 6132676.341696572490036, 2029735.488154576625675 ], [ 6132763.334543844684958, 2029831.469970646779984 ], [ 6132859.316359914839268, 2029918.462817919440567 ], [ 6132963.362787424586713, 2029995.628907720092684 ], [ 6133074.471802400425076, 2030062.225088420556858 ], [ 6133191.573364288546145, 2030117.610002395464107 ], [ 6133313.539721035398543, 2030161.250262647168711 ], [ 6133439.196269949898124, 2030192.725589612964541 ], [ 6133567.332869775593281, 2030211.732858687872067 ], [ 6133696.715495010837913, 2030218.08901948062703 ], [ 6133826.098120246082544, 2030211.732858687872067 ], [ 6133954.234720071777701, 2030192.725589612964541 ], [ 6134079.891268986277282, 2030161.250262647168711 ], [ 6134201.85762573312968, 2030117.610002395464107 ], [ 6134318.959187621250749, 2030062.225088420556858 ], [ 6134430.068202597089112, 2029995.628907720092684 ], [ 6134534.114630106836557, 2029918.462817919440567 ], [ 6134561.598378577269614, 2029893.553000299492851 ], [ 6134565.319224212318659, 2029890.793433101382107 ], [ 6134661.301040282472968, 2029803.800585828721523 ], [ 6134748.29388755466789, 2029707.818769758567214 ], [ 6134825.459977355785668, 2029603.772342248354107 ], [ 6134892.056158056482673, 2029492.663327272981405 ], [ 6134947.441072030924261, 2029375.561765384394675 ], [ 6134991.081332283094525, 2029253.5954086384736 ], [ 6135022.556659248657525, 2029127.938859723974019 ], [ 6135041.563928323797882, 2028999.80225989758037 ], [ 6135047.920089116320014, 2028870.419634662568569 ], [ 6135041.563928323797882, 2028741.037009427556768 ], [ 6135022.556659248657525, 2028612.900409601163119 ], [ 6134991.081332283094525, 2028487.243860686663538 ], [ 6134986.990280667319894, 2028475.810137378284708 ], [ 6134982.110978304408491, 2028456.330870436504483 ], [ 6134938.470718052238226, 2028334.364513690583408 ], [ 6134883.085804077796638, 2028217.262951801996678 ], [ 6134816.489623377099633, 2028106.153936826623976 ], [ 6134739.323533575981855, 2028002.107509316410869 ], [ 6134652.330686303786933, 2027906.12569324625656 ], [ 6134556.348870233632624, 2027819.132845973595977 ], [ 6134452.302442723885179, 2027741.96675617294386 ], [ 6134341.193427748046815, 2027675.370575472479686 ], [ 6134260.08190964255482, 2027637.007684489712119 ], [ 6134259.408721588551998, 2027636.604191097896546 ], [ 6134142.30715970043093, 2027581.219277122989297 ] ] ] } },
{ "type": "Feature", "properties": { "parent_sta": "903109", "stop_id": "ROCK_2", "stop_name": "Main (South) Entrance / Exit", "stop_code": "ROCK_2", "stop_desc": "Pedestrian Access Point", "stop_lat": 37.8445, "stop_lon": -122.25144, "zone_id": "BA:79542", "stop_url": null, "tts_stop_n": null, "platform_c": null, "location_t": "2", "stop_timez": "America/Los_Angeles", "wheelchair": null, "level_id": null, "route_info": "{'route_id': None, 'route_type': None}" }, "geometry": { "type": "Polygon", "coordinates": [ [ [ 6057283.544468775391579, 2134564.481567629147321 ], [ 6057264.537199700251222, 2134436.344967802986503 ], [ 6057233.061872734688222, 2134310.688418888486922 ], [ 6057189.421612482517958, 2134188.722062142565846 ], [ 6057134.03669850807637, 2134071.620500253979117 ], [ 6057067.440517807379365, 2133960.511485278606415 ], [ 6056990.274428006261587, 2133856.465057768393308 ], [ 6056903.281580734066665, 2133760.483241698238999 ], [ 6056807.299764663912356, 2133673.490394425578415 ], [ 6056703.25333715416491, 2133596.324304624926299 ], [ 6056592.144322178326547, 2133529.728123924694955 ], [ 6056475.042760290205479, 2133474.343209949322045 ], [ 6056353.076403543353081, 2133430.702949698083103 ], [ 6056227.4198546288535, 2133399.227622732054442 ], [ 6056099.283254803158343, 2133380.220353656914085 ], [ 6055969.900629567913711, 2133373.864192864391953 ], [ 6055840.518004332669079, 2133380.220353656914085 ], [ 6055712.381404506973922, 2133399.227622732054442 ], [ 6055586.724855592474341, 2133430.702949698083103 ], [ 6055514.229775920510292, 2133456.642103971447796 ], [ 6055447.080546640790999, 2133473.462110293097794 ], [ 6055325.114189893938601, 2133517.102370544336736 ], [ 6055208.012628005817533, 2133572.487284519709647 ], [ 6055096.903613029979169, 2133639.08346521994099 ], [ 6054992.857185520231724, 2133716.249555020593107 ], [ 6054896.875369450077415, 2133803.24240229325369 ], [ 6054809.882522177882493, 2133899.224218363407999 ], [ 6054732.716432376764715, 2134003.270645873621106 ], [ 6054666.12025167606771, 2134114.379660848993808 ], [ 6054610.735337701626122, 2134231.481222737580538 ], [ 6054567.095077449455857, 2134353.447579483501613 ], [ 6054535.619750483892858, 2134479.104128398001194 ], [ 6054516.612481408752501, 2134607.240728224162012 ], [ 6054510.256320616230369, 2134736.623353459406644 ], [ 6054516.612481408752501, 2134866.005978694651276 ], [ 6054535.619750483892858, 2134994.142578520812094 ], [ 6054567.095077449455857, 2135119.799127435311675 ], [ 6054610.735337701626122, 2135241.76548418123275 ], [ 6054666.12025167606771, 2135358.86704606981948 ], [ 6054732.716432376764715, 2135469.976061045192182 ], [ 6054809.882522177882493, 2135574.022488555405289 ], [ 6054896.875369450077415, 2135670.004304625559598 ], [ 6054992.857185520231724, 2135756.997151898220181 ], [ 6055096.903613029979169, 2135834.163241698872298 ], [ 6055208.012628005817533, 2135900.759422399103642 ], [ 6055325.114189893938601, 2135956.144336374476552 ], [ 6055447.080546640790999, 2135999.784596625715494 ], [ 6055572.73709555529058, 2136031.259923591744155 ], [ 6055700.873695380985737, 2136050.267192666884512 ], [ 6055830.256320616230369, 2136056.623353459406644 ], [ 6055959.638945851475, 2136050.267192666884512 ], [ 6056087.775545677170157, 2136031.259923591744155 ], [ 6056213.432094591669738, 2135999.784596625715494 ], [ 6056285.927174263633788, 2135973.845442352350801 ], [ 6056353.076403543353081, 2135957.025436030700803 ], [ 6056475.042760290205479, 2135913.385175779461861 ], [ 6056592.144322178326547, 2135858.00026180408895 ], [ 6056703.25333715416491, 2135791.404081103857607 ], [ 6056807.299764663912356, 2135714.23799130320549 ], [ 6056903.281580734066665, 2135627.245144030544907 ], [ 6056990.274428006261587, 2135531.263327960390598 ], [ 6057067.440517807379365, 2135427.216900450177491 ], [ 6057134.03669850807637, 2135316.107885474804789 ], [ 6057189.421612482517958, 2135199.006323586218059 ], [ 6057233.061872734688222, 2135077.039966840296984 ], [ 6057264.537199700251222, 2134951.383417925797403 ], [ 6057283.544468775391579, 2134823.246818099636585 ], [ 6057289.900629567913711, 2134693.864192864391953 ], [ 6057283.544468775391579, 2134564.481567629147321 ] ] ] } },
{ "type": "Feature", "properties": { "parent_sta": "904109", "stop_id": "ASHB_2", "stop_name": "Adeline Street East Entrance / Exit Elevator", "stop_code": "ASHB_2", "stop_desc": "Pedestrian Access Point", "stop_lat": 37.85276, "stop_lon": -122.26957, "zone_id": "BA:79542", "stop_url": null, "tts_stop_n": null, "platform_c": null, "location_t": "2", "stop_timez": "America/Los_Angeles", "wheelchair": null, "level_id": null, "route_info": "{'route_id': None, 'route_type': None}" }, "geometry": { "type": "Polygon", "coordinates": [ [ [ 6051972.154800085350871, 2137163.989452322479337 ], [ 6051916.769886110909283, 2137046.887890433892608 ], [ 6051850.173705410212278, 2136935.778875458519906 ], [ 6051773.007615609094501, 2136831.732447948306799 ], [ 6051686.014768336899579, 2136735.75063187815249 ], [ 6051590.032952266745269, 2136648.757784605491906 ], [ 6051485.986524756997824, 2136571.59169480483979 ], [ 6051374.877509781159461, 2136504.995514104608446 ], [ 6051257.775947893038392, 2136449.610600129235536 ], [ 6051135.809591146185994, 2136405.970339877996594 ], [ 6051010.153042231686413, 2136374.495012911967933 ], [ 6050882.016442405991256, 2136355.487743836827576 ], [ 6050752.633817170746624, 2136349.131583044305444 ], [ 6050623.251191935501993, 2136355.487743836827576 ], [ 6050495.114592109806836, 2136374.495012911967933 ], [ 6050369.458043195307255, 2136405.970339877996594 ], [ 6050247.491686448454857, 2136449.610600129235536 ], [ 6050130.390124560333788, 2136504.995514104608446 ], [ 6050019.281109584495425, 2136571.59169480483979 ], [ 6049915.23468207474798, 2136648.757784605491906 ], [ 6049819.25286600459367, 2136735.75063187815249 ], [ 6049732.260018732398748, 2136831.732447948306799 ], [ 6049655.093928931280971, 2136935.778875458519906 ], [ 6049637.788471669889987, 2136964.651286604814231 ], [ 6049566.357816530391574, 2137060.964375698473305 ], [ 6049499.761635829694569, 2137172.073390673846006 ], [ 6049494.773533540777862, 2137182.61984686460346 ], [ 6049482.971029862761497, 2137202.311134625226259 ], [ 6049427.58611588831991, 2137319.412696513812989 ], [ 6049383.945855636149645, 2137441.379053259734064 ], [ 6049352.470528670586646, 2137567.035602174233645 ], [ 6049333.463259595446289, 2137695.172202000394464 ], [ 6049327.107098802924156, 2137824.554827235639095 ], [ 6049333.463259595446289, 2137953.937452470883727 ], [ 6049352.470528670586646, 2138082.074052297044545 ], [ 6049383.945855636149645, 2138207.730601211544126 ], [ 6049405.252170514315367, 2138267.277762165758759 ], [ 6049417.820766891352832, 2138317.454411552753299 ], [ 6049451.043554835952818, 2138410.305883635766804 ], [ 6049454.4629200194031, 2138423.956754648126662 ], [ 6049498.103180271573365, 2138545.923111394047737 ], [ 6049553.488094246014953, 2138663.024673282634467 ], [ 6049620.084274946711957, 2138774.133688258007169 ], [ 6049697.250364747829735, 2138878.180115768220276 ], [ 6049784.243212020024657, 2138974.161931838374585 ], [ 6049880.225028090178967, 2139061.154779111035168 ], [ 6049984.271455599926412, 2139138.320868911687285 ], [ 6050095.380470575764775, 2139204.917049611918628 ], [ 6050212.482032463885844, 2139260.301963587291539 ], [ 6050334.448389210738242, 2139303.942223838530481 ], [ 6050460.104938125237823, 2139335.417550804559141 ], [ 6050588.24153795093298, 2139354.424819879699498 ], [ 6050717.624163186177611, 2139360.780980672221631 ], [ 6050847.006788421422243, 2139354.424819879699498 ], [ 6050975.1433882471174, 2139335.417550804559141 ], [ 6051100.799937161616981, 2139303.942223838530481 ], [ 6051222.766293908469379, 2139260.301963587291539 ], [ 6051339.867855796590447, 2139204.917049611918628 ], [ 6051450.976870772428811, 2139138.320868911687285 ], [ 6051555.023298282176256, 2139061.154779111035168 ], [ 6051651.005114352330565, 2138974.161931838374585 ], [ 6051737.997961624525487, 2138878.180115768220276 ], [ 6051815.164051425643265, 2138774.133688258007169 ], [ 6051823.660759736783803, 2138759.957786862272769 ], [ 6051830.336386204697192, 2138750.956746545154601 ], [ 6051896.932566905394197, 2138639.847731569781899 ], [ 6051952.317480879835784, 2138522.74616968119517 ], [ 6051995.957741132006049, 2138400.779812935274094 ], [ 6052027.433068097569048, 2138275.123264020774513 ], [ 6052030.772968132048845, 2138252.607486899010837 ], [ 6052055.800622697919607, 2138182.659878253936768 ], [ 6052087.275949663482606, 2138057.003329339437187 ], [ 6052106.283218738622963, 2137928.866729513276368 ], [ 6052112.639379531145096, 2137799.484104278031737 ], [ 6052106.283218738622963, 2137670.101479042787105 ], [ 6052087.275949663482606, 2137541.964879216626287 ], [ 6052055.800622697919607, 2137416.308330302126706 ], [ 6052031.282194165512919, 2137347.783913079183549 ], [ 6052015.795060337521136, 2137285.955809068400413 ], [ 6051972.154800085350871, 2137163.989452322479337 ] ] ] } },
{ "type": "Feature", "properties": { "parent_sta": "904209", "stop_id": "DBRK_4", "stop_name": "A1 Shattuck Ave & Addison Street (East) Entrance / Exit", "stop_code": "DBRK_4", "stop_desc": "Pedestrian Access Point", "stop_lat": 37.87101, "stop_lon": -122.26814, "zone_id": "BA:79542", "stop_url": null, "tts_stop_n": null, "platform_c": null, "location_t": "2", "stop_timez": "America/Los_Angeles", "wheelchair": null, "level_id": null, "route_info": "{'route_id': None, 'route_type': None}" }, "geometry": { "type": "Polygon", "coordinates": [ [ [ 6051928.404737945646048, 2142722.218596712686121 ], [ 6051811.303176057524979, 2142666.833682737313211 ], [ 6051689.336819310672581, 2142623.193422486074269 ], [ 6051563.680270396173, 2142591.718095520045608 ], [ 6051435.543670570477843, 2142572.710826444905251 ], [ 6051306.161045335233212, 2142566.354665652383119 ], [ 6051176.77842009998858, 2142572.710826444905251 ], [ 6051048.641820274293423, 2142591.718095520045608 ], [ 6050922.985271359793842, 2142623.193422486074269 ], [ 6050801.018914612941444, 2142666.833682737313211 ], [ 6050683.917352724820375, 2142722.218596712686121 ], [ 6050572.808337748982012, 2142788.814777412917465 ], [ 6050468.761910239234567, 2142865.980867213569582 ], [ 6050372.780094169080257, 2142952.973714486230165 ], [ 6050285.787246896885335, 2143048.955530556384474 ], [ 6050208.621157095767558, 2143153.001958066597581 ], [ 6050142.024976395070553, 2143264.110973041970283 ], [ 6050086.640062420628965, 2143381.212534930557013 ], [ 6050042.9998021684587, 2143503.178891676478088 ], [ 6050011.524475202895701, 2143628.835440590977669 ], [ 6049992.517206127755344, 2143756.972040417138487 ], [ 6049986.161045335233212, 2143886.354665652383119 ], [ 6049989.907891196198761, 2143962.623465274460614 ], [ 6049987.986955343745649, 2143975.573362898081541 ], [ 6049981.630794551223516, 2144104.955988133326173 ], [ 6049982.781737301498652, 2144128.383966028224677 ], [ 6049969.964814720675349, 2144179.551989190746099 ], [ 6049950.957545645534992, 2144307.688589016906917 ], [ 6049944.60138485301286, 2144437.071214252151549 ], [ 6049950.957545645534992, 2144566.453839487396181 ], [ 6049969.964814720675349, 2144694.590439313556999 ], [ 6050001.440141686238348, 2144820.24698822805658 ], [ 6050045.080401938408613, 2144942.213344973977655 ], [ 6050100.465315912850201, 2145059.314906862564385 ], [ 6050167.061496613547206, 2145170.423921837937087 ], [ 6050244.227586414664984, 2145274.470349348150194 ], [ 6050331.220433686859906, 2145370.452165418304503 ], [ 6050427.202249757014215, 2145457.445012690965086 ], [ 6050531.248677266761661, 2145534.611102491617203 ], [ 6050642.357692242600024, 2145601.207283191848546 ], [ 6050759.459254130721092, 2145656.592197167221457 ], [ 6050881.42561087757349, 2145700.232457418460399 ], [ 6051007.082159792073071, 2145731.707784384489059 ], [ 6051135.218759617768228, 2145750.715053459629416 ], [ 6051264.60138485301286, 2145757.071214252151549 ], [ 6051310.55350892432034, 2145754.813731156289577 ], [ 6051330.978347865864635, 2145755.817139150574803 ], [ 6051460.360973101109266, 2145749.460978358052671 ], [ 6051588.497572926804423, 2145730.453709282912314 ], [ 6051714.154121841304004, 2145698.978382316883653 ], [ 6051836.120478588156402, 2145655.338122065644711 ], [ 6051953.222040476277471, 2145599.953208090271801 ], [ 6052064.331055452115834, 2145533.357027390040457 ], [ 6052168.377482961863279, 2145456.190937589388341 ], [ 6052264.359299032017589, 2145369.198090316727757 ], [ 6052351.352146304212511, 2145273.216274246573448 ], [ 6052428.518236105330288, 2145169.169846736360341 ], [ 6052495.114416806027293, 2145058.060831760987639 ], [ 6052550.499330780468881, 2144940.95926987240091 ], [ 6052594.139591032639146, 2144818.992913126479834 ], [ 6052625.614917998202145, 2144693.336364211980253 ], [ 6052644.622187073342502, 2144565.199764385819435 ], [ 6052649.698996054008603, 2144461.858943538740277 ], [ 6052691.97930861916393, 2144343.693385958205909 ], [ 6052723.45463558472693, 2144218.036837043706328 ], [ 6052742.461904659867287, 2144089.900237217545509 ], [ 6052748.818065452389419, 2143960.517611982300878 ], [ 6052742.461904659867287, 2143831.134986747056246 ], [ 6052723.45463558472693, 2143702.998386920895427 ], [ 6052691.97930861916393, 2143577.341838006395847 ], [ 6052648.339048366993666, 2143455.375481260474771 ], [ 6052592.954134392552078, 2143338.273919371888041 ], [ 6052526.357953691855073, 2143227.16490439651534 ], [ 6052449.191863890737295, 2143123.118476886302233 ], [ 6052362.199016618542373, 2143027.136660816147923 ], [ 6052266.217200548388064, 2142940.14381354348734 ], [ 6052162.170773038640618, 2142862.977723742835224 ], [ 6052051.061758062802255, 2142796.38154304260388 ], [ 6052047.348056773655117, 2142794.625093144830316 ], [ 6052039.513752921484411, 2142788.814777412917465 ], [ 6051928.404737945646048, 2142722.218596712686121 ] ] ] } },
{ "type": "Feature", "properties": { "parent_sta": "904309", "stop_id": "NBRK_1", "stop_name": "North Entrance / Exit", "stop_code": "NBRK_1", "stop_desc": "Pedestrian Access Point", "stop_lat": 37.87409, "stop_lon": -122.28336, "zone_id": "BA:79542", "stop_url": null, "tts_stop_n": null, "platform_c": null, "location_t": "2", "stop_timez": "America/Los_Angeles", "wheelchair": null, "level_id": null, "route_info": "{'route_id': None, 'route_type': None}" }, "geometry": { "type": "Polygon", "coordinates": [ [ [ 6048291.721401668153703, 2145489.300405900459737 ], [ 6048272.714132593013346, 2145361.163806074298918 ], [ 6048241.238805627450347, 2145235.507257159799337 ], [ 6048197.598545375280082, 2145113.540900413878262 ], [ 6048142.213631400838494, 2144996.439338525291532 ], [ 6048075.61745070014149, 2144885.33032354991883 ], [ 6047998.451360899023712, 2144781.283896039705724 ], [ 6047911.45851362682879, 2144685.302079969551414 ], [ 6047815.47669755667448, 2144598.309232696890831 ], [ 6047711.430270046927035, 2144521.143142896238714 ], [ 6047600.321255071088672, 2144454.546962196007371 ], [ 6047483.219693182967603, 2144399.16204822063446 ], [ 6047361.253336436115205, 2144355.521787969395518 ], [ 6047235.596787521615624, 2144324.046461003366858 ], [ 6047107.460187695920467, 2144305.039191928226501 ], [ 6046978.077562460675836, 2144298.683031135704368 ], [ 6046848.694937225431204, 2144305.039191928226501 ], [ 6046720.558337399736047, 2144324.046461003366858 ], [ 6046594.901788485236466, 2144355.521787969395518 ], [ 6046472.935431738384068, 2144399.16204822063446 ], [ 6046355.833869850263, 2144454.546962196007371 ], [ 6046327.933381476439536, 2144471.269871365278959 ], [ 6046309.353101266548038, 2144480.057689431123435 ], [ 6046198.244086290709674, 2144546.653870131354779 ], [ 6046094.197658780962229, 2144623.819959932006896 ], [ 6045998.21584271080792, 2144710.812807204667479 ], [ 6045911.222995438612998, 2144806.794623274821788 ], [ 6045834.05690563749522, 2144910.841050785034895 ], [ 6045767.460724936798215, 2145021.950065760407597 ], [ 6045712.075810962356627, 2145139.051627648994327 ], [ 6045668.435550710186362, 2145261.017984394915402 ], [ 6045636.960223744623363, 2145386.674533309414983 ], [ 6045617.952954669483006, 2145514.811133135575801 ], [ 6045611.596793876960874, 2145644.193758370820433 ], [ 6045617.952954669483006, 2145773.576383606065065 ], [ 6045636.960223744623363, 2145901.712983432225883 ], [ 6045668.435550710186362, 2146027.369532346725464 ], [ 6045712.075810962356627, 2146149.335889092646539 ], [ 6045767.460724936798215, 2146266.437450981233269 ], [ 6045834.05690563749522, 2146377.546465956605971 ], [ 6045911.222995438612998, 2146481.592893466819078 ], [ 6045998.21584271080792, 2146577.574709536973387 ], [ 6046094.197658780962229, 2146664.56755680963397 ], [ 6046198.244086290709674, 2146741.733646610286087 ], [ 6046309.353101266548038, 2146808.32982731051743 ], [ 6046426.454663154669106, 2146863.714741285890341 ], [ 6046548.421019901521504, 2146907.355001537129283 ], [ 6046674.077568816021085, 2146938.830328503157943 ], [ 6046802.214168641716242, 2146957.837597578298301 ], [ 6046931.596793876960874, 2146964.193758370820433 ], [ 6047060.979419112205505, 2146957.837597578298301 ], [ 6047189.116018937900662, 2146938.830328503157943 ], [ 6047314.772567852400243, 2146907.355001537129283 ], [ 6047436.738924599252641, 2146863.714741285890341 ], [ 6047553.84048648737371, 2146808.32982731051743 ], [ 6047581.740974861197174, 2146791.606918141245842 ], [ 6047600.321255071088672, 2146782.819100075401366 ], [ 6047711.430270046927035, 2146716.222919375170022 ], [ 6047815.47669755667448, 2146639.056829574517906 ], [ 6047911.45851362682879, 2146552.063982301857322 ], [ 6047998.451360899023712, 2146456.082166231703013 ], [ 6048075.61745070014149, 2146352.035738721489906 ], [ 6048142.213631400838494, 2146240.926723746117204 ], [ 6048197.598545375280082, 2146123.825161857530475 ], [ 6048241.238805627450347, 2146001.858805111609399 ], [ 6048272.714132593013346, 2145876.202256197109818 ], [ 6048291.721401668153703, 2145748.065656370949 ], [ 6048298.077562460675836, 2145618.683031135704368 ], [ 6048291.721401668153703, 2145489.300405900459737 ] ] ] } },
{ "type": "Feature", "properties": { "parent_sta": "905109", "stop_id": "CAST_1", "stop_name": "Main Entrance / Exit", "stop_code": "CAST_1", "stop_desc": "Pedestrian Access Point", "stop_lat": 37.69131, "stop_lon": -122.07593, "zone_id": "BA:79542", "stop_url": null, "tts_stop_n": null, "platform_c": null, "location_t": "2", "stop_timez": "America/Los_Angeles", "wheelchair": null, "level_id": null, "route_info": "{'route_id': None, 'route_type': None}" }, "geometry": { "type": "Polygon", "coordinates": [ [ [ 6107021.313448904082179, 2078021.221928321756423 ], [ 6107014.957288111560047, 2077891.839303086744621 ], [ 6106995.95001903641969, 2077763.702703260350972 ], [ 6106964.47469207085669, 2077638.046154345851392 ], [ 6106920.834431818686426, 2077516.079797599930316 ], [ 6106865.449517844244838, 2077398.978235711343586 ], [ 6106798.853337143547833, 2077287.869220735970885 ], [ 6106721.687247342430055, 2077183.822793225757778 ], [ 6106634.694400070235133, 2077087.840977155603468 ], [ 6106538.712584, 2077000.848129882942885 ], [ 6106434.666156490333378, 2076923.682040082290769 ], [ 6106323.557141514495015, 2076857.085859381826594 ], [ 6106206.455579626373947, 2076801.700945406919345 ], [ 6106084.489222879521549, 2076758.060685155214742 ], [ 6105958.832673965021968, 2076726.585358189418912 ], [ 6105830.696074139326811, 2076707.578089114511386 ], [ 6105701.313448904082179, 2076701.221928321756423 ], [ 6105571.930823668837547, 2076707.578089114511386 ], [ 6105443.79422384314239, 2076726.585358189418912 ], [ 6105318.137674928642809, 2076758.060685155214742 ], [ 6105196.171318181790411, 2076801.700945406919345 ], [ 6105079.069756293669343, 2076857.085859381826594 ], [ 6104967.96074131783098, 2076923.682040082290769 ], [ 6104863.914313808083534, 2077000.848129882942885 ], [ 6104767.932497737929225, 2077087.840977155603468 ], [ 6104680.939650465734303, 2077183.822793225757778 ], [ 6104603.773560664616525, 2077287.869220735970885 ], [ 6104537.17737996391952, 2077398.978235711343586 ], [ 6104481.792465989477932, 2077516.079797599930316 ], [ 6104438.152205737307668, 2077638.046154345851392 ], [ 6104406.676878771744668, 2077763.702703260350972 ], [ 6104387.669609696604311, 2077891.839303086744621 ], [ 6104381.313448904082179, 2078021.221928321756423 ], [ 6104387.669609696604311, 2078150.604553556768224 ], [ 6104406.676878771744668, 2078278.741153383161873 ], [ 6104438.152205737307668, 2078404.397702297661453 ], [ 6104481.792465989477932, 2078526.364059043582529 ], [ 6104537.17737996391952, 2078643.465620932169259 ], [ 6104603.773560664616525, 2078754.57463590754196 ], [ 6104680.939650465734303, 2078858.621063417755067 ], [ 6104767.932497737929225, 2078954.602879487909377 ], [ 6104863.914313808083534, 2079041.59572676056996 ], [ 6104967.96074131783098, 2079118.761816561222076 ], [ 6105079.069756293669343, 2079185.357997261686251 ], [ 6105196.171318181790411, 2079240.7429112365935 ], [ 6105318.137674928642809, 2079284.383171488298103 ], [ 6105443.79422384314239, 2079315.858498454093933 ], [ 6105571.930823668837547, 2079334.865767529001459 ], [ 6105701.313448904082179, 2079341.221928321756423 ], [ 6105830.696074139326811, 2079334.865767529001459 ], [ 6105958.832673965021968, 2079315.858498454093933 ], [ 6106084.489222879521549, 2079284.383171488298103 ], [ 6106206.455579626373947, 2079240.7429112365935 ], [ 6106323.557141514495015, 2079185.357997261686251 ], [ 6106434.666156490333378, 2079118.761816561222076 ], [ 6106538.712584, 2079041.59572676056996 ], [ 6106634.694400070235133, 2078954.602879487909377 ], [ 6106721.687247342430055, 2078858.621063417755067 ], [ 6106798.853337143547833, 2078754.57463590754196 ], [ 6106865.449517844244838, 2078643.465620932169259 ], [ 6106920.834431818686426, 2078526.364059043582529 ], [ 6106964.47469207085669, 2078404.397702297661453 ], [ 6106995.95001903641969, 2078278.741153383161873 ], [ 6107014.957288111560047, 2078150.604553556768224 ], [ 6107021.313448904082179, 2078021.221928321756423 ] ] ] } },
{ "type": "Feature", "properties": { "parent_sta": "905209", "stop_id": "WDUB_1", "stop_name": "TBD Pedestrian Access Point", "stop_code": "WDUB_1", "stop_desc": "Pedestrian Access Point", "stop_lat": 37.69992, "stop_lon": -121.92789, "zone_id": "BA:79542", "stop_url": null, "tts_stop_n": null, "platform_c": null, "location_t": "2", "stop_timez": "America/Los_Angeles", "wheelchair": null, "level_id": null, "route_info": "{'route_id': None, 'route_type': None}" }, "geometry": { "type": "Polygon", "coordinates": [ [ [ 6149878.967773546464741, 2080100.814290057169273 ], [ 6149859.960504471324384, 2079972.677690230775625 ], [ 6149828.485177505761385, 2079847.021141316276044 ], [ 6149784.84491725359112, 2079725.054784570354968 ], [ 6149729.460003279149532, 2079607.953222681768239 ], [ 6149662.863822578452528, 2079496.844207706395537 ], [ 6149585.69773277733475, 2079392.79778019618243 ], [ 6149498.704885505139828, 2079296.815964126028121 ], [ 6149402.723069434985518, 2079209.823116853367537 ], [ 6149298.676641925238073, 2079132.657027052715421 ], [ 6149187.56762694939971, 2079066.060846352251247 ], [ 6149070.466065061278641, 2079010.675932377343997 ], [ 6148948.499708314426243, 2078967.035672125639394 ], [ 6148822.843159399926662, 2078935.560345159843564 ], [ 6148694.706559574231505, 2078916.553076084936038 ], [ 6148565.323934338986874, 2078910.196915292181075 ], [ 6148435.941309103742242, 2078916.553076084936038 ], [ 6148307.804709278047085, 2078935.560345159843564 ], [ 6148182.148160363547504, 2078967.035672125639394 ], [ 6148060.181803616695106, 2079010.675932377343997 ], [ 6147943.080241728574038, 2079066.060846352251247 ], [ 6147831.971226752735674, 2079132.657027052715421 ], [ 6147727.924799242988229, 2079209.823116853367537 ], [ 6147631.94298317283392, 2079296.815964126028121 ], [ 6147544.950135900638998, 2079392.79778019618243 ], [ 6147467.78404609952122, 2079496.844207706395537 ], [ 6147401.187865398824215, 2079607.953222681768239 ], [ 6147345.802951424382627, 2079725.054784570354968 ], [ 6147302.162691172212362, 2079847.021141316276044 ], [ 6147270.687364206649363, 2079972.677690230775625 ], [ 6147251.680095131509006, 2080100.814290057169273 ], [ 6147245.323934338986874, 2080230.196915292181075 ], [ 6147251.680095131509006, 2080359.579540527192876 ], [ 6147270.687364206649363, 2080487.716140353586525 ], [ 6147284.965315980836749, 2080544.716919009806588 ], [ 6147283.237136818468571, 2080556.367356579750776 ], [ 6147276.880976025946438, 2080685.749981814762577 ], [ 6147283.237136818468571, 2080815.132607049774379 ], [ 6147302.244405893608928, 2080943.269206876168028 ], [ 6147333.719732859171927, 2081068.925755790667608 ], [ 6147377.359993111342192, 2081190.892112536588684 ], [ 6147432.74490708578378, 2081307.993674425175413 ], [ 6147499.341087786480784, 2081419.102689400548115 ], [ 6147576.507177587598562, 2081523.149116910761222 ], [ 6147663.500024859793484, 2081619.130932980915532 ], [ 6147759.481840929947793, 2081706.123780253576115 ], [ 6147863.528268439695239, 2081783.289870054228231 ], [ 6147974.637283415533602, 2081849.886050754692405 ], [ 6148091.738845303654671, 2081905.270964729599655 ], [ 6148213.705202050507069, 2081948.911224981304258 ], [ 6148339.361750965006649, 2081980.386551947100088 ], [ 6148467.498350790701807, 2081999.393821022007614 ], [ 6148596.880976025946438, 2082005.749981814762577 ], [ 6148726.26360126119107, 2081999.393821022007614 ], [ 6148854.400201086886227, 2081980.386551947100088 ], [ 6148980.056750001385808, 2081948.911224981304258 ], [ 6149102.023106748238206, 2081905.270964729599655 ], [ 6149219.124668636359274, 2081849.886050754692405 ], [ 6149330.233683612197638, 2081783.289870054228231 ], [ 6149434.280111121945083, 2081706.123780253576115 ], [ 6149530.261927192099392, 2081619.130932980915532 ], [ 6149617.254774464294314, 2081523.149116910761222 ], [ 6149694.420864265412092, 2081419.102689400548115 ], [ 6149761.017044966109097, 2081307.993674425175413 ], [ 6149816.401958940550685, 2081190.892112536588684 ], [ 6149860.04221919272095, 2081068.925755790667608 ], [ 6149891.517546158283949, 2080943.269206876168028 ], [ 6149910.524815233424306, 2080815.132607049774379 ], [ 6149916.880976025946438, 2080685.749981814762577 ], [ 6149910.524815233424306, 2080556.367356579750776 ], [ 6149891.517546158283949, 2080428.230756753357127 ], [ 6149877.239594384096563, 2080371.229978097137064 ], [ 6149878.967773546464741, 2080359.579540527192876 ], [ 6149885.323934338986874, 2080230.196915292181075 ], [ 6149878.967773546464741, 2080100.814290057169273 ] ] ] } },
{ "type": "Feature", "properties": { "parent_sta": "906109", "stop_id": "COLM_1", "stop_name": "West Entrance / Exit to Parking Garage", "stop_code": "COLM_1", "stop_desc": "Pedestrian Access Point", "stop_lat": 37.68448, "stop_lon": -122.46636, "zone_id": "BA:79542", "stop_url": null, "tts_stop_n": null, "platform_c": null, "location_t": "2", "stop_timez": "America/Los_Angeles", "wheelchair": null, "level_id": null, "route_info": "{'route_id': None, 'route_type': None}" }, "geometry": { "type": "Polygon", "coordinates": [ [ [ 5993252.742554354481399, 2076419.777804723009467 ], [ 5993165.749707082286477, 2076323.795988652855158 ], [ 5993069.767891012132168, 2076236.803141380194575 ], [ 5992965.721463502384722, 2076159.637051579542458 ], [ 5992854.612448526546359, 2076093.040870879078284 ], [ 5992737.510886638425291, 2076037.655956904171035 ], [ 5992615.544529891572893, 2075994.015696652466431 ], [ 5992489.887980977073312, 2075962.540369686670601 ], [ 5992361.751381151378155, 2075943.533100611763075 ], [ 5992232.368755916133523, 2075937.176939819008112 ], [ 5992102.986130680888891, 2075943.533100611763075 ], [ 5991974.849530855193734, 2075962.540369686670601 ], [ 5991849.192981940694153, 2075994.015696652466431 ], [ 5991727.226625193841755, 2076037.655956904171035 ], [ 5991610.125063305720687, 2076093.040870879078284 ], [ 5991499.016048329882324, 2076159.637051579542458 ], [ 5991394.969620820134878, 2076236.803141380194575 ], [ 5991298.987804749980569, 2076323.795988652855158 ], [ 5991211.994957477785647, 2076419.777804723009467 ], [ 5991134.828867676667869, 2076523.824232233222574 ], [ 5991068.232686975970864, 2076634.933247208595276 ], [ 5991012.847773001529276, 2076752.034809097182006 ], [ 5990969.207512749359012, 2076874.001165843103081 ], [ 5990937.732185783796012, 2076999.657714757602662 ], [ 5990918.724916708655655, 2077127.794314583996311 ], [ 5990912.368755916133523, 2077257.176939819008112 ], [ 5990918.724916708655655, 2077386.559565054019913 ], [ 5990937.732185783796012, 2077514.696164880413562 ], [ 5990969.207512749359012, 2077640.352713794913143 ], [ 5991012.847773001529276, 2077762.319070540834218 ], [ 5991068.232686975970864, 2077879.420632429420948 ], [ 5991134.828867676667869, 2077990.52964740479365 ], [ 5991211.994957477785647, 2078094.576074915006757 ], [ 5991298.987804749980569, 2078190.557890985161066 ], [ 5991394.969620820134878, 2078277.550738257821649 ], [ 5991499.016048329882324, 2078354.716828058473766 ], [ 5991610.125063305720687, 2078421.31300875893794 ], [ 5991615.129707405343652, 2078423.680029134033248 ], [ 5991679.247651076875627, 2078510.133068228140473 ], [ 5991766.240498349070549, 2078606.114884298294783 ], [ 5991772.754717546515167, 2078612.019028426380828 ], [ 5991774.044641726650298, 2078613.758289843332022 ], [ 5991861.03748899884522, 2078709.740105913486332 ], [ 5991957.019305068999529, 2078796.732953186146915 ], [ 5992061.065732578746974, 2078873.899042986799031 ], [ 5992172.174747554585338, 2078940.495223687263206 ], [ 5992289.276309442706406, 2078995.880137662170455 ], [ 5992411.242666189558804, 2079039.520397913875058 ], [ 5992536.899215104058385, 2079070.995724879670888 ], [ 5992665.035814929753542, 2079090.002993954578415 ], [ 5992794.418440164998174, 2079096.359154747333378 ], [ 5992923.801065400242805, 2079090.002993954578415 ], [ 5993051.937665225937963, 2079070.995724879670888 ], [ 5993177.594214140437543, 2079039.520397913875058 ], [ 5993299.560570887289941, 2078995.880137662170455 ], [ 5993416.66213277541101, 2078940.495223687263206 ], [ 5993527.771147751249373, 2078873.899042986799031 ], [ 5993631.817575260996819, 2078796.732953186146915 ], [ 5993727.799391331151128, 2078709.740105913486332 ], [ 5993814.79223860334605, 2078613.758289843332022 ], [ 5993891.958328404463828, 2078509.711862333118916 ], [ 5993958.554509105160832, 2078398.602847357746214 ], [ 5994013.93942307960242, 2078281.501285469159484 ], [ 5994057.579683331772685, 2078159.534928723238409 ], [ 5994089.055010297335684, 2078033.878379808738828 ], [ 5994108.062279372476041, 2077905.741779982345179 ], [ 5994114.418440164998174, 2077776.359154747333378 ], [ 5994108.062279372476041, 2077646.976529512321576 ], [ 5994089.055010297335684, 2077518.839929685927927 ], [ 5994057.579683331772685, 2077393.183380771428347 ], [ 5994013.93942307960242, 2077271.217024025507271 ], [ 5993958.554509105160832, 2077154.115462136920542 ], [ 5993891.958328404463828, 2077043.00644716154784 ], [ 5993814.79223860334605, 2076938.960019651334733 ], [ 5993727.799391331151128, 2076842.978203581180423 ], [ 5993721.28517213370651, 2076837.074059453094378 ], [ 5993719.995247953571379, 2076835.334798036143184 ], [ 5993633.002400681376457, 2076739.352981965988874 ], [ 5993537.020584611222148, 2076652.360134693328291 ], [ 5993432.974157101474702, 2076575.194044892676175 ], [ 5993321.865142125636339, 2076508.597864192212 ], [ 5993316.860498026013374, 2076506.230843817116693 ], [ 5993252.742554354481399, 2076419.777804723009467 ] ] ] } },
{ "type": "Feature", "properties": { "parent_sta": "906209", "stop_id": "SSAN_1", "stop_name": "East Concourse Entrance / Exit", "stop_code": "SSAN_1", "stop_desc": "Pedestrian Access Point", "stop_lat": 37.66432, "stop_lon": -122.44384, "zone_id": "BA:79542", "stop_url": null, "tts_stop_n": null, "platform_c": null, "location_t": "2", "stop_timez": "America/Los_Angeles", "wheelchair": null, "level_id": null, "route_info": "{'route_id': None, 'route_type': None}" }, "geometry": { "type": "Polygon", "coordinates": [ [ [ 5999502.24660390149802, 2068899.336542263859883 ], [ 5999380.280247154645622, 2068855.69628201215528 ], [ 5999254.623698240146041, 2068824.22095504635945 ], [ 5999126.487098414450884, 2068805.213685971451923 ], [ 5998997.104473179206252, 2068798.85752517869696 ], [ 5998867.72184794396162, 2068805.213685971451923 ], [ 5998739.585248118266463, 2068824.22095504635945 ], [ 5998613.928699203766882, 2068855.69628201215528 ], [ 5998491.962342456914485, 2068899.336542263859883 ], [ 5998374.860780568793416, 2068954.721456238767132 ], [ 5998263.751765592955053, 2069021.317636939231306 ], [ 5998159.705338083207607, 2069098.483726739883423 ], [ 5998063.723522013053298, 2069185.476574012544006 ], [ 5997976.730674740858376, 2069281.458390082698315 ], [ 5997899.564584939740598, 2069385.504817592911422 ], [ 5997832.968404239043593, 2069496.613832568284124 ], [ 5997777.583490264602005, 2069613.715394456870854 ], [ 5997733.943230012431741, 2069735.681751202791929 ], [ 5997702.467903046868742, 2069861.33830011729151 ], [ 5997683.460633971728384, 2069989.474899943685159 ], [ 5997677.104473179206252, 2070118.85752517869696 ], [ 5997683.460633971728384, 2070248.240150413708761 ], [ 5997702.467903046868742, 2070376.37675024010241 ], [ 5997733.943230012431741, 2070502.033299154601991 ], [ 5997777.583490264602005, 2070623.999655900523067 ], [ 5997787.239611931145191, 2070644.415809827623889 ], [ 5997815.526736092753708, 2070723.473025730345398 ], [ 5997870.911650067195296, 2070840.574587618932128 ], [ 5997937.507830767892301, 2070951.68360259430483 ], [ 5998014.673920569010079, 2071055.730030104517937 ], [ 5998101.666767841205001, 2071151.711846174672246 ], [ 5998197.64858391135931, 2071238.704693447332829 ], [ 5998301.695011421106756, 2071315.870783247984946 ], [ 5998412.804026396945119, 2071382.46696394844912 ], [ 5998529.905588285066187, 2071437.851877923356369 ], [ 5998651.871945031918585, 2071481.492138175060973 ], [ 5998777.528493946418166, 2071512.967465140856802 ], [ 5998905.665093772113323, 2071531.974734215764329 ], [ 5999035.047719007357955, 2071538.330895008519292 ], [ 5999164.430344242602587, 2071531.974734215764329 ], [ 5999292.566944068297744, 2071512.967465140856802 ], [ 5999418.223492982797325, 2071481.492138175060973 ], [ 5999540.189849729649723, 2071437.851877923356369 ], [ 5999657.291411617770791, 2071382.46696394844912 ], [ 5999768.400426593609154, 2071315.870783247984946 ], [ 5999872.4468541033566, 2071238.704693447332829 ], [ 5999874.857086597941816, 2071236.520186049165204 ], [ 5999899.83346782438457, 2071217.996439268579707 ], [ 5999995.815283894538879, 2071131.003591995919123 ], [ 6000003.02045419998467, 2071123.053911617491394 ], [ 6000022.038871778175235, 2071105.816622686339542 ], [ 6000109.031719050370157, 2071009.834806616185233 ], [ 6000186.197808851487935, 2070905.788379105972126 ], [ 6000252.793989552184939, 2070794.679364130599424 ], [ 6000308.178903526626527, 2070677.577802242012694 ], [ 6000351.819163778796792, 2070555.611445496091619 ], [ 6000383.294490744359791, 2070429.954896581592038 ], [ 6000402.301759819500148, 2070301.818296755198389 ], [ 6000408.657920612022281, 2070172.435671520186588 ], [ 6000402.301759819500148, 2070043.053046285174787 ], [ 6000383.294490744359791, 2069914.916446458781138 ], [ 6000351.819163778796792, 2069789.259897544281557 ], [ 6000308.178903526626527, 2069667.293540798360482 ], [ 6000252.793989552184939, 2069550.191978909773752 ], [ 6000186.197808851487935, 2069439.08296393440105 ], [ 6000109.031719050370157, 2069335.036536424187943 ], [ 6000022.038871778175235, 2069239.054720354033634 ], [ 5999926.057055708020926, 2069152.061873081373051 ], [ 5999822.01062819827348, 2069074.895783280720934 ], [ 5999710.901613222435117, 2069008.29960258025676 ], [ 5999700.642487269826233, 2069003.447397373383865 ], [ 5999619.348165789619088, 2068954.721456238767132 ], [ 5999502.24660390149802, 2068899.336542263859883 ] ] ] } },
{ "type": "Feature", "properties": { "parent_sta": "906309", "stop_id": "SBRN_1", "stop_name": "Huntington Ave Entrance / Exit", "stop_code": "SBRN_1", "stop_desc": "Pedestrian Access Point", "stop_lat": 37.63779, "stop_lon": -122.41617, "zone_id": "BA:79542", "stop_url": null, "tts_stop_n": null, "platform_c": null, "location_t": "2", "stop_timez": "America/Los_Angeles", "wheelchair": null, "level_id": null, "route_info": "{'route_id': None, 'route_type': None}" }, "geometry": { "type": "Polygon", "coordinates": [ [ [ 6008185.443653663620353, 2060060.713687674375251 ], [ 6008153.968326698057353, 2059935.05713875987567 ], [ 6008110.328066445887089, 2059813.090782013954595 ], [ 6008054.943152471445501, 2059695.989220125367865 ], [ 6007988.346971770748496, 2059584.880205149995163 ], [ 6007911.180881969630718, 2059480.833777639782056 ], [ 6007824.188034697435796, 2059384.851961569627747 ], [ 6007728.206218627281487, 2059297.859114296967164 ], [ 6007624.159791117534041, 2059220.693024496315047 ], [ 6007513.050776141695678, 2059154.096843795850873 ], [ 6007395.94921425357461, 2059098.711929820943624 ], [ 6007273.982857506722212, 2059055.07166956923902 ], [ 6007148.326308592222631, 2059023.59634260344319 ], [ 6007020.189708766527474, 2059004.589073528535664 ], [ 6006890.807083531282842, 2058998.232912735780701 ], [ 6006761.42445829603821, 2059004.589073528535664 ], [ 6006633.287858470343053, 2059023.59634260344319 ], [ 6006507.631309555843472, 2059055.07166956923902 ], [ 6006483.889535403810441, 2059063.566612194990739 ], [ 6006394.453575662337244, 2059085.969153882469982 ], [ 6006272.487218915484846, 2059129.609414134174585 ], [ 6006155.385657027363777, 2059184.994328109081835 ], [ 6006044.276642051525414, 2059251.590508809546009 ], [ 6005940.230214541777968, 2059328.756598610198125 ], [ 6005844.248398471623659, 2059415.749445882858709 ], [ 6005757.255551199428737, 2059511.731261953013018 ], [ 6005680.089461398310959, 2059615.777689463226125 ], [ 6005613.493280697613955, 2059726.886704438598827 ], [ 6005558.108366723172367, 2059843.988266327185556 ], [ 6005514.468106471002102, 2059965.954623073106632 ], [ 6005482.992779505439103, 2060091.611171987606212 ], [ 6005463.985510430298746, 2060219.747771813999861 ], [ 6005457.629349637776613, 2060349.130397049011663 ], [ 6005463.985510430298746, 2060478.513022284023464 ], [ 6005482.992779505439103, 2060606.649622110417113 ], [ 6005514.468106471002102, 2060732.306171024916694 ], [ 6005558.108366723172367, 2060854.272527770837769 ], [ 6005613.493280697613955, 2060971.374089659424499 ], [ 6005680.089461398310959, 2061082.483104634797201 ], [ 6005757.255551199428737, 2061186.529532145010307 ], [ 6005844.248398471623659, 2061282.511348215164617 ], [ 6005882.381691110320389, 2061317.073350043967366 ], [ 6005912.380782387219369, 2061350.172246694331989 ], [ 6006008.362598457373679, 2061437.165093966992572 ], [ 6006112.409025967121124, 2061514.331183767644688 ], [ 6006223.518040942959487, 2061580.927364468108863 ], [ 6006340.619602831080556, 2061636.312278443016112 ], [ 6006462.585959577932954, 2061679.952538694720715 ], [ 6006588.242508492432535, 2061711.427865660516545 ], [ 6006716.379108318127692, 2061730.435134735424072 ], [ 6006845.761733553372324, 2061736.791295528179035 ], [ 6006975.144358788616955, 2061730.435134735424072 ], [ 6007103.280958614312112, 2061711.427865660516545 ], [ 6007228.937507528811693, 2061679.952538694720715 ], [ 6007350.903864275664091, 2061636.312278443016112 ], [ 6007468.00542616378516, 2061580.927364468108863 ], [ 6007579.114441139623523, 2061514.331183767644688 ], [ 6007683.160868649370968, 2061437.165093966992572 ], [ 6007779.142684719525278, 2061350.172246694331989 ], [ 6007866.1355319917202, 2061254.190430624177679 ], [ 6007869.93695068359375, 2061249.064810868585482 ], [ 6007901.691293735057116, 2061214.029292319901288 ], [ 6007978.857383536174893, 2061109.982864809688181 ], [ 6008045.453564236871898, 2060998.873849834315479 ], [ 6008100.838478211313486, 2060881.772287945728749 ], [ 6008144.478738463483751, 2060759.805931199807674 ], [ 6008175.95406542904675, 2060634.149382285308093 ], [ 6008183.41531637031585, 2060583.849714182550088 ], [ 6008185.443653663620353, 2060575.752137797186151 ], [ 6008204.45092273876071, 2060447.615537970792502 ], [ 6008210.807083531282842, 2060318.232912735780701 ], [ 6008204.45092273876071, 2060188.8502875007689 ], [ 6008185.443653663620353, 2060060.713687674375251 ] ] ] } },
{ "type": "Feature", "properties": { "parent_sta": "909509", "stop_id": "BERY_1", "stop_name": "Main Entrance / Exit", "stop_code": "BERY_1", "stop_desc": "Pedestrian Access Point", "stop_lat": 37.36847, "stop_lon": -121.87457, "zone_id": "BA:79542", "stop_url": null, "tts_stop_n": null, "platform_c": null, "location_t": "2", "stop_timez": "America/Los_Angeles", "wheelchair": null, "level_id": null, "route_info": "{'route_id': None, 'route_type': None}" }, "geometry": { "type": "Polygon", "coordinates": [ [ [ 6163569.205715318210423, 1958851.216527842916548 ], [ 6163525.565455066040158, 1958729.250171096995473 ], [ 6163470.18054109159857, 1958612.148609208408743 ], [ 6163403.584360390901566, 1958501.039594233036041 ], [ 6163326.418270589783788, 1958396.993166722822934 ], [ 6163239.425423317588866, 1958301.011350652668625 ], [ 6163143.443607247434556, 1958214.018503380008042 ], [ 6163039.397179737687111, 1958136.852413579355925 ], [ 6162928.288164761848748, 1958070.256232878891751 ], [ 6162811.186602873727679, 1958014.871318903984502 ], [ 6162689.220246126875281, 1957971.231058652279899 ], [ 6162563.5636972123757, 1957939.755731686484069 ], [ 6162435.427097386680543, 1957920.748462611576542 ], [ 6162306.044472151435912, 1957914.392301818821579 ], [ 6162176.66184691619128, 1957920.748462611576542 ], [ 6162048.525247090496123, 1957939.755731686484069 ], [ 6161922.868698175996542, 1957971.231058652279899 ], [ 6161800.902341429144144, 1958014.871318903984502 ], [ 6161683.800779541023076, 1958070.256232878891751 ], [ 6161572.691764565184712, 1958136.852413579355925 ], [ 6161468.645337055437267, 1958214.018503380008042 ], [ 6161372.663520985282958, 1958301.011350652668625 ], [ 6161285.670673713088036, 1958396.993166722822934 ], [ 6161260.118599670939147, 1958431.446150234900415 ], [ 6161250.074175960384309, 1958440.549885228974745 ], [ 6161163.081328688189387, 1958536.531701299129054 ], [ 6161085.915238887071609, 1958640.578128809342161 ], [ 6161019.319058186374605, 1958751.687143784714863 ], [ 6160963.934144211933017, 1958868.788705673301592 ], [ 6160920.293883959762752, 1958990.755062419222668 ], [ 6160888.818556994199753, 1959116.411611333722249 ], [ 6160869.811287919059396, 1959244.548211160115898 ], [ 6160868.219652239233255, 1959276.946699706139043 ], [ 6160836.909872421063483, 1959364.45167224551551 ], [ 6160805.434545455500484, 1959490.108221160015091 ], [ 6160786.427276380360126, 1959618.24482098640874 ], [ 6160780.071115587837994, 1959747.627446221420541 ], [ 6160786.427276380360126, 1959877.010071456432343 ], [ 6160805.434545455500484, 1960005.146671282825992 ], [ 6160831.576216261833906, 1960109.510071222903207 ], [ 6160842.324263325892389, 1960181.967518957797438 ], [ 6160873.799590291455388, 1960307.624067872297019 ], [ 6160917.439850543625653, 1960429.590424618218094 ], [ 6160972.824764518067241, 1960546.691986506804824 ], [ 6161039.420945218764246, 1960657.801001482177526 ], [ 6161116.587035019882023, 1960761.847428992390633 ], [ 6161203.579882292076945, 1960857.829245062544942 ], [ 6161299.561698362231255, 1960944.822092335205525 ], [ 6161403.6081258719787, 1961021.988182135857642 ], [ 6161514.717140847817063, 1961088.584362836321816 ], [ 6161631.818702735938132, 1961143.969276811229065 ], [ 6161753.78505948279053, 1961187.609537062933668 ], [ 6161879.441608397290111, 1961219.084864028729498 ], [ 6162007.578208222985268, 1961238.092133103637025 ], [ 6162136.960833458229899, 1961244.448293896391988 ], [ 6162266.343458693474531, 1961238.092133103637025 ], [ 6162394.480058519169688, 1961219.084864028729498 ], [ 6162520.136607433669269, 1961187.609537062933668 ], [ 6162642.102964180521667, 1961143.969276811229065 ], [ 6162759.204526068642735, 1961088.584362836321816 ], [ 6162870.313541044481099, 1961021.988182135857642 ], [ 6162974.359968554228544, 1960944.822092335205525 ], [ 6163070.341784624382854, 1960857.829245062544942 ], [ 6163157.334631896577775, 1960761.847428992390633 ], [ 6163234.500721697695553, 1960657.801001482177526 ], [ 6163301.096902398392558, 1960546.691986506804824 ], [ 6163356.481816372834146, 1960429.590424618218094 ], [ 6163367.413216997869313, 1960399.039206529268995 ], [ 6163428.345235261134803, 1960297.380275665549561 ], [ 6163483.730149235576391, 1960180.278713776962832 ], [ 6163527.370409487746656, 1960058.312357031041756 ], [ 6163558.845736453309655, 1959932.655808116542175 ], [ 6163559.163072933442891, 1959930.516499338671565 ], [ 6163582.475238760001957, 1959865.363360533257946 ], [ 6163613.950565725564957, 1959739.706811618758366 ], [ 6163632.957834800705314, 1959611.570211792364717 ], [ 6163639.313995593227446, 1959482.187586557352915 ], [ 6163632.957834800705314, 1959352.804961322341114 ], [ 6163623.394482626579702, 1959288.33407780341804 ], [ 6163626.044472151435912, 1959234.392301818821579 ], [ 6163619.688311358913779, 1959105.009676583809778 ], [ 6163600.681042283773422, 1958976.873076757416129 ], [ 6163569.205715318210423, 1958851.216527842916548 ] ] ] } },
{ "type": "Feature", "properties": { "parent_sta": "mtc:12th-st-oakland-city-center-bart", "stop_id": "12TH_2", "stop_name": "A2 13th St and Broadway Entrance / Exit", "stop_code": "12TH_2", "stop_desc": "Pedestrian Access Point", "stop_lat": 37.80337, "stop_lon": -122.27196, "zone_id": "BA:79542", "stop_url": null, "tts_stop_n": null, "platform_c": null, "location_t": "2", "stop_timez": "America/Los_Angeles", "wheelchair": "0", "level_id": "mtc:12th-st-oakland-city-center-bart-street", "route_info": "{'route_id': None, 'route_type': None}" }, "geometry": { "type": "Polygon", "coordinates": [ [ [ 6050830.063159199431539, 2118854.315347329713404 ], [ 6050763.466978498734534, 2118743.206332354340702 ], [ 6050686.300888697616756, 2118639.159904844127595 ], [ 6050599.308041425421834, 2118543.178088773973286 ], [ 6050503.326225355267525, 2118456.185241501312703 ], [ 6050399.279797845520079, 2118379.019151700660586 ], [ 6050288.170782869681716, 2118312.422971000429243 ], [ 6050171.069220981560647, 2118257.038057025056332 ], [ 6050049.10286423470825, 2118213.39779677381739 ], [ 6049923.446315320208669, 2118181.92246980778873 ], [ 6049795.309715494513512, 2118162.915200732648373 ], [ 6049665.92709025926888, 2118156.55903994012624 ], [ 6049536.544465024024248, 2118162.915200732648373 ], [ 6049408.407865198329091, 2118181.92246980778873 ], [ 6049282.75131628382951, 2118213.39779677381739 ], [ 6049160.784959536977112, 2118257.038057025056332 ], [ 6049043.683397648856044, 2118312.422971000429243 ], [ 6049020.788809073157609, 2118326.145459298510104 ], [ 6048977.865658843889832, 2118346.446597427595407 ], [ 6048866.756643868051469, 2118413.04277812782675 ], [ 6048762.710216358304024, 2118490.208867928478867 ], [ 6048666.728400288149714, 2118577.20171520113945 ], [ 6048579.735553015954792, 2118673.183531271293759 ], [ 6048502.569463214837015, 2118777.229958781506866 ], [ 6048435.97328251414001, 2118888.338973756879568 ], [ 6048380.588368539698422, 2119005.440535645466298 ], [ 6048336.948108287528157, 2119127.406892391387373 ], [ 6048305.472781321965158, 2119253.063441305886954 ], [ 6048286.465512246824801, 2119381.200041132047772 ], [ 6048280.109351454302669, 2119510.582666367292404 ], [ 6048286.465512246824801, 2119639.965291602537036 ], [ 6048305.472781321965158, 2119768.101891428697854 ], [ 6048336.948108287528157, 2119893.758440343197435 ], [ 6048380.588368539698422, 2120015.72479708911851 ], [ 6048435.97328251414001, 2120132.82635897770524 ], [ 6048496.297670922242105, 2120233.471520674880594 ], [ 6048499.651092007756233, 2120256.078449317254126 ], [ 6048531.126418973319232, 2120381.734998231753707 ], [ 6048574.766679225489497, 2120503.701354977674782 ], [ 6048630.151593199931085, 2120620.802916866261512 ], [ 6048689.581834244541824, 2120719.956283812876791 ], [ 6048690.768069550395012, 2120724.692000612616539 ], [ 6048734.408329802565277, 2120846.658357358537614 ], [ 6048789.793243777006865, 2120963.759919247124344 ], [ 6048856.389424477703869, 2121074.868934222497046 ], [ 6048933.555514278821647, 2121178.915361732710153 ], [ 6049020.548361551016569, 2121274.897177802864462 ], [ 6049116.530177621170878, 2121361.890025075525045 ], [ 6049220.576605130918324, 2121439.056114876177162 ], [ 6049331.685620106756687, 2121505.652295576408505 ], [ 6049448.787181994877756, 2121561.037209551781416 ], [ 6049570.753538741730154, 2121604.677469803020358 ], [ 6049696.410087656229734, 2121636.152796769049019 ], [ 6049824.546687481924891, 2121655.160065844189376 ], [ 6049953.929312717169523, 2121661.516226636711508 ], [ 6050083.311937952414155, 2121655.160065844189376 ], [ 6050211.448537778109312, 2121636.152796769049019 ], [ 6050337.105086692608893, 2121604.677469803020358 ], [ 6050459.071443439461291, 2121561.037209551781416 ], [ 6050576.173005327582359, 2121505.652295576408505 ], [ 6050687.282020303420722, 2121439.056114876177162 ], [ 6050791.328447813168168, 2121361.890025075525045 ], [ 6050887.310263883322477, 2121274.897177802864462 ], [ 6050974.303111155517399, 2121178.915361732710153 ], [ 6051051.469200956635177, 2121074.868934222497046 ], [ 6051073.844253200106323, 2121037.538414834067225 ], [ 6051126.563581650145352, 2120979.371599454898387 ], [ 6051203.72967145126313, 2120875.32517194468528 ], [ 6051270.325852151960135, 2120764.216156969312578 ], [ 6051325.710766126401722, 2120647.114595080725849 ], [ 6051369.351026378571987, 2120525.148238334804773 ], [ 6051400.826353344134986, 2120399.491689420305192 ], [ 6051419.833622419275343, 2120271.355089594144374 ], [ 6051426.189783211797476, 2120141.972464358899742 ], [ 6051419.833622419275343, 2120012.589839123655111 ], [ 6051400.826353344134986, 2119884.453239297494292 ], [ 6051369.351026378571987, 2119758.796690382994711 ], [ 6051325.710766126401722, 2119636.830333637073636 ], [ 6051270.325852151960135, 2119519.728771748486906 ], [ 6051203.72967145126313, 2119408.619756773114204 ], [ 6051126.563581650145352, 2119304.573329262901098 ], [ 6051039.57073437795043, 2119208.591513192746788 ], [ 6050979.415604192763567, 2119154.070081247482449 ], [ 6050925.587979705072939, 2119064.264115313999355 ], [ 6050912.220033867284656, 2119046.239526907913387 ], [ 6050885.448073173873127, 2118971.416909218300134 ], [ 6050830.063159199431539, 2118854.315347329713404 ] ] ] } },
{ "type": "Feature", "properties": { "parent_sta": "mtc:19th-st-oakland-bart", "stop_id": "19TH_3", "stop_name": "A2 20th and Broadway Entrance / Exit", "stop_code": "19TH_3", "stop_desc": "Pedestrian Access Point", "stop_lat": 37.80881, "stop_lon": -122.26854, "zone_id": "BA:79542", "stop_url": null, "tts_stop_n": null, "platform_c": null, "location_t": "2", "stop_timez": "America/Los_Angeles", "wheelchair": "1", "level_id": "mtc:19th-st-oakland-bart-street", "route_info": "{'route_id': None, 'route_type': None}" }, "geometry": { "type": "Polygon", "coordinates": [ [ [ 6051660.849628316238523, 2120459.231076896190643 ], [ 6051594.253447615541518, 2120348.122061920817941 ], [ 6051517.08735781442374, 2120244.075634410604835 ], [ 6051430.094510542228818, 2120148.093818340450525 ], [ 6051334.112694472074509, 2120061.100971067789942 ], [ 6051230.066266962327063, 2119983.934881267137825 ], [ 6051118.9572519864887, 2119917.338700566906482 ], [ 6051001.855690098367631, 2119861.953786591533571 ], [ 6050879.889333351515234, 2119818.313526340294629 ], [ 6050754.232784437015653, 2119786.838199374265969 ], [ 6050626.096184611320496, 2119767.830930299125612 ], [ 6050496.713559376075864, 2119761.474769506603479 ], [ 6050367.330934140831232, 2119767.830930299125612 ], [ 6050239.194334315136075, 2119786.838199374265969 ], [ 6050113.537785400636494, 2119818.313526340294629 ], [ 6049991.571428653784096, 2119861.953786591533571 ], [ 6049874.469866765663028, 2119917.338700566906482 ], [ 6049763.360851789824665, 2119983.934881267137825 ], [ 6049659.314424280077219, 2120061.100971067789942 ], [ 6049563.33260820992291, 2120148.093818340450525 ], [ 6049476.339760937727988, 2120244.075634410604835 ], [ 6049399.17367113661021, 2120348.122061920817941 ], [ 6049332.577490435913205, 2120459.231076896190643 ], [ 6049303.923544717021286, 2120519.814754963386804 ], [ 6049243.176660348661244, 2120621.164808583911508 ], [ 6049187.791746374219656, 2120738.266370472498238 ], [ 6049144.151486122049391, 2120860.232727218419313 ], [ 6049112.676159156486392, 2120985.889276132918894 ], [ 6049093.668890081346035, 2121114.025875959079713 ], [ 6049087.312729288823903, 2121243.408501194324344 ], [ 6049093.668890081346035, 2121372.791126429568976 ], [ 6049112.676159156486392, 2121500.927726255729795 ], [ 6049144.151486122049391, 2121626.584275170229375 ], [ 6049187.791746374219656, 2121748.550631916150451 ], [ 6049243.176660348661244, 2121865.65219380473718 ], [ 6049309.772841049358249, 2121976.761208780109882 ], [ 6049386.938930850476027, 2122080.807636290322989 ], [ 6049473.931778122670949, 2122176.789452360477298 ], [ 6049548.719329239800572, 2122244.572937593329698 ], [ 6049568.039629348553717, 2122298.569559105671942 ], [ 6049623.424543322995305, 2122415.671120994258672 ], [ 6049690.02072402369231, 2122526.780135969631374 ], [ 6049767.186813824810088, 2122630.826563479844481 ], [ 6049854.17966109700501, 2122726.80837954999879 ], [ 6049950.161477167159319, 2122813.801226822659373 ], [ 6050054.207904676906765, 2122890.96731662331149 ], [ 6050165.316919652745128, 2122957.563497323542833 ], [ 6050282.418481540866196, 2123012.948411298915744 ], [ 6050404.384838287718594, 2123056.588671550154686 ], [ 6050530.041387202218175, 2123088.063998516183347 ], [ 6050553.066384530626237, 2123091.479434233158827 ], [ 6050607.671893863007426, 2123111.017597887199372 ], [ 6050733.328442777507007, 2123142.492924853228033 ], [ 6050861.465042603202164, 2123161.50019392836839 ], [ 6050990.847667838446796, 2123167.856354720890522 ], [ 6051120.230293073691428, 2123161.50019392836839 ], [ 6051248.366892899386585, 2123142.492924853228033 ], [ 6051374.023441813886166, 2123111.017597887199372 ], [ 6051495.989798560738564, 2123067.37733763596043 ], [ 6051613.091360448859632, 2123011.992423660587519 ], [ 6051724.200375424697995, 2122945.396242960356176 ], [ 6051828.246802934445441, 2122868.230153159704059 ], [ 6051924.22861900459975, 2122781.237305887043476 ], [ 6052011.221466276794672, 2122685.255489816889167 ], [ 6052088.38755607791245, 2122581.20906230667606 ], [ 6052154.983736778609455, 2122470.100047331303358 ], [ 6052210.368650753051043, 2122352.998485442716628 ], [ 6052254.008911005221307, 2122231.032128696795553 ], [ 6052285.484237970784307, 2122105.375579782295972 ], [ 6052304.491507045924664, 2121977.238979956135154 ], [ 6052310.847667838446796, 2121847.856354720890522 ], [ 6052304.491507045924664, 2121718.47372948564589 ], [ 6052285.484237970784307, 2121590.337129659485072 ], [ 6052254.008911005221307, 2121464.680580744985491 ], [ 6052210.368650753051043, 2121342.714223999064416 ], [ 6052154.983736778609455, 2121225.612662110477686 ], [ 6052088.38755607791245, 2121114.503647135104984 ], [ 6052011.221466276794672, 2121010.457219624891877 ], [ 6051924.22861900459975, 2120914.475403554737568 ], [ 6051848.927641935646534, 2120846.226576163433492 ], [ 6051836.246797787025571, 2120810.785990972071886 ], [ 6051780.861883812583983, 2120693.684429083485156 ], [ 6051724.692878842353821, 2120599.972105813212693 ], [ 6051716.23454229068011, 2120576.332638784777373 ], [ 6051660.849628316238523, 2120459.231076896190643 ] ] ] } },
{ "type": "Feature", "properties": { "parent_sta": "mtc:civic-center-bart", "stop_id": "CIVC_2", "stop_name": "A3 1150 Market Street - UN Plaza Stairs Entrance / Exit", "stop_code": "CIVC_2", "stop_desc": "Pedestrian Access Point", "stop_lat": 37.77976, "stop_lon": -122.41425, "zone_id": "BA:79542", "stop_url": null, "tts_stop_n": null, "platform_c": null, "location_t": "2", "stop_timez": "America/Los_Angeles", "wheelchair": "0", "level_id": "mtc:civic-center-bart-street", "route_info": "{'route_id': None, 'route_type': None}" }, "geometry": { "type": "Polygon", "coordinates": [ [ [ 6009339.21928789280355, 2110764.691625070758164 ], [ 6009243.23747182264924, 2110677.698777798097581 ], [ 6009139.191044312901795, 2110600.532687997445464 ], [ 6009028.082029337063432, 2110533.936507297214121 ], [ 6008910.980467448942363, 2110478.55159332184121 ], [ 6008789.014110702089965, 2110434.911333070602268 ], [ 6008663.357561787590384, 2110403.436006104573607 ], [ 6008535.220961961895227, 2110384.42873702943325 ], [ 6008405.838336726650596, 2110378.072576236911118 ], [ 6008276.455711491405964, 2110384.42873702943325 ], [ 6008148.319111665710807, 2110403.436006104573607 ], [ 6008022.662562751211226, 2110434.911333070602268 ], [ 6007900.696206004358828, 2110478.55159332184121 ], [ 6007783.59464411623776, 2110533.936507297214121 ], [ 6007672.485629140399396, 2110600.532687997445464 ], [ 6007568.439201630651951, 2110677.698777798097581 ], [ 6007472.457385560497642, 2110764.691625070758164 ], [ 6007385.46453828830272, 2110860.673441140912473 ], [ 6007372.233550869859755, 2110878.513362495694309 ], [ 6007334.646167915314436, 2110919.984648819081485 ], [ 6007257.480078114196658, 2111024.031076329294592 ], [ 6007190.883897413499653, 2111135.140091304667294 ], [ 6007135.498983439058065, 2111252.241653193254024 ], [ 6007091.858723186887801, 2111374.208009939175099 ], [ 6007060.383396221324801, 2111499.86455885367468 ], [ 6007041.376127146184444, 2111628.001158679835498 ], [ 6007035.019966353662312, 2111757.38378391508013 ], [ 6007041.376127146184444, 2111886.766409150324762 ], [ 6007060.383396221324801, 2112014.90300897648558 ], [ 6007091.858723186887801, 2112140.559557890985161 ], [ 6007135.498983439058065, 2112262.525914636906236 ], [ 6007190.883897413499653, 2112379.627476525492966 ], [ 6007224.188388159498572, 2112435.192662427667528 ], [ 6007265.703741835430264, 2112551.220303134992719 ], [ 6007321.088655809871852, 2112668.321865023579448 ], [ 6007387.684836510568857, 2112779.43087999895215 ], [ 6007464.850926311686635, 2112883.477307509165257 ], [ 6007551.843773583881557, 2112979.459123579319566 ], [ 6007647.825589654035866, 2113066.45197085198015 ], [ 6007751.872017163783312, 2113143.618060652632266 ], [ 6007862.981032139621675, 2113210.21424135286361 ], [ 6007980.082594027742743, 2113265.59915532823652 ], [ 6008070.972215140238404, 2113298.119981769938022 ], [ 6008146.409468277357519, 2113354.068061768542975 ], [ 6008257.518483253195882, 2113420.664242468774319 ], [ 6008374.62004514131695, 2113476.049156444147229 ], [ 6008496.586401888169348, 2113519.689416695386171 ], [ 6008622.242950802668929, 2113551.164743661414832 ], [ 6008750.379550628364086, 2113570.172012736555189 ], [ 6008879.762175863608718, 2113576.528173529077321 ], [ 6009009.14480109885335, 2113570.172012736555189 ], [ 6009137.281400924548507, 2113551.164743661414832 ], [ 6009262.937949839048088, 2113519.689416695386171 ], [ 6009384.904306585900486, 2113476.049156444147229 ], [ 6009502.005868474021554, 2113420.664242468774319 ], [ 6009613.114883449859917, 2113354.068061768542975 ], [ 6009615.846681906841695, 2113352.042021950241178 ], [ 6009681.641902895644307, 2113312.605884143617004 ], [ 6009785.688330405391753, 2113235.439794342964888 ], [ 6009881.670146475546062, 2113148.446947070304304 ], [ 6009968.662993747740984, 2113052.465131000149995 ], [ 6010045.829083548858762, 2112948.418703489936888 ], [ 6010112.425264249555767, 2112837.309688514564186 ], [ 6010167.810178223997355, 2112720.208126625977457 ], [ 6010211.450438476167619, 2112598.241769880056381 ], [ 6010242.925765441730618, 2112472.5852209655568 ], [ 6010261.933034516870975, 2112344.448621139395982 ], [ 6010268.289195309393108, 2112215.06599590415135 ], [ 6010261.933034516870975, 2112085.683370668906718 ], [ 6010242.925765441730618, 2111957.5467708427459 ], [ 6010211.450438476167619, 2111831.890221928246319 ], [ 6010167.810178223997355, 2111709.923865182325244 ], [ 6010112.425264249555767, 2111592.822303293738514 ], [ 6010045.829083548858762, 2111481.713288318365812 ], [ 6009968.662993747740984, 2111377.666860808152705 ], [ 6009881.670146475546062, 2111281.685044737998396 ], [ 6009785.688330405391753, 2111194.692197465337813 ], [ 6009724.1651870906353, 2111149.063524617813528 ], [ 6009703.256121910177171, 2111120.870913844555616 ], [ 6009616.263274637982249, 2111024.889097774401307 ], [ 6009520.28145856782794, 2110937.896250501740724 ], [ 6009438.502106795087457, 2110877.24454958550632 ], [ 6009426.212135164998472, 2110860.673441140912473 ], [ 6009339.21928789280355, 2110764.691625070758164 ] ] ] } },
{ "type": "Feature", "properties": { "parent_sta": "mtc:daly-city-bart", "stop_id": "DALY_1", "stop_name": "TBD Pedestrian Access Point", "stop_code": "DALY_1", "stop_desc": "Pedestrian Access Point", "stop_lat": 37.70613, "stop_lon": -122.46902, "zone_id": "BA:79542", "stop_url": null, "tts_stop_n": null, "platform_c": null, "location_t": "2", "stop_timez": "America/Los_Angeles", "wheelchair": "0", "level_id": "mtc:daly-city-bart-ground", "route_info": "{'route_id': None, 'route_type': None}" }, "geometry": { "type": "Polygon", "coordinates": [ [ [ 5993104.540052556432784, 2084662.093523061601445 ], [ 5993017.547205284237862, 2084566.111706991447136 ], [ 5992921.565389214083552, 2084479.118859718786553 ], [ 5992817.518961704336107, 2084401.952769918134436 ], [ 5992706.409946728497744, 2084335.356589217670262 ], [ 5992589.308384840376675, 2084279.971675242763013 ], [ 5992467.342028093524277, 2084236.331414991058409 ], [ 5992341.685479179024696, 2084204.856088025262579 ], [ 5992213.548879353329539, 2084185.848818950355053 ], [ 5992084.166254118084908, 2084179.49265815760009 ], [ 5991954.783628882840276, 2084185.848818950355053 ], [ 5991826.647029057145119, 2084204.856088025262579 ], [ 5991700.990480142645538, 2084236.331414991058409 ], [ 5991579.02412339579314, 2084279.971675242763013 ], [ 5991461.922561507672071, 2084335.356589217670262 ], [ 5991350.813546531833708, 2084401.952769918134436 ], [ 5991326.825859436765313, 2084419.743251156294718 ], [ 5991283.53400968387723, 2084445.691387314349413 ], [ 5991179.487582174129784, 2084522.857477115001529 ], [ 5991083.505766103975475, 2084609.850324387662113 ], [ 5990996.512918831780553, 2084705.832140457816422 ], [ 5990919.346829030662775, 2084809.878567968029529 ], [ 5990852.75064832996577, 2084920.987582943402231 ], [ 5990797.365734355524182, 2085038.089144831988961 ], [ 5990753.725474103353918, 2085160.055501577910036 ], [ 5990722.250147137790918, 2085285.712050492409617 ], [ 5990703.242878062650561, 2085413.848650318803266 ], [ 5990696.886717270128429, 2085543.231275553815067 ], [ 5990703.242878062650561, 2085672.613900788826868 ], [ 5990722.250147137790918, 2085800.750500615220517 ], [ 5990753.725474103353918, 2085926.407049529720098 ], [ 5990797.365734355524182, 2086048.373406275641173 ], [ 5990852.75064832996577, 2086165.474968164227903 ], [ 5990919.346829030662775, 2086276.583983139600605 ], [ 5990996.512918831780553, 2086380.630410649813712 ], [ 5991014.100091536529362, 2086400.034865483641624 ], [ 5991033.770670951344073, 2086426.557571511948481 ], [ 5991038.388167225755751, 2086431.652193564455956 ], [ 5991055.559199410490692, 2086460.300330020254478 ], [ 5991132.725289211608469, 2086564.346757530467585 ], [ 5991219.718136483803391, 2086660.328573600621894 ], [ 5991315.699952553957701, 2086747.321420873282477 ], [ 5991419.746380063705146, 2086824.487510673934594 ], [ 5991530.855395039543509, 2086891.083691374398768 ], [ 5991647.956956927664578, 2086946.468605349306017 ], [ 5991769.923313674516976, 2086990.108865601010621 ], [ 5991895.579862589016557, 2087021.58419256680645 ], [ 5992023.716462414711714, 2087040.591461641713977 ], [ 5992153.099087649956346, 2087046.94762243446894 ], [ 5992282.481712885200977, 2087040.591461641713977 ], [ 5992410.618312710896134, 2087021.58419256680645 ], [ 5992536.274861625395715, 2086990.108865601010621 ], [ 5992658.241218372248113, 2086946.468605349306017 ], [ 5992775.342780260369182, 2086891.083691374398768 ], [ 5992886.451795236207545, 2086824.487510673934594 ], [ 5992917.066319977864623, 2086801.782231675460935 ], [ 5992944.793036431074142, 2086785.16347738658078 ], [ 5993048.839463940821588, 2086707.997387585928664 ], [ 5993144.821280010975897, 2086621.00454031326808 ], [ 5993231.814127283170819, 2086525.022724243113771 ], [ 5993308.980217084288597, 2086420.976296732900664 ], [ 5993375.576397784985602, 2086309.867281757527962 ], [ 5993430.96131175942719, 2086192.765719868941233 ], [ 5993474.601572011597455, 2086070.799363123020157 ], [ 5993506.076898977160454, 2085945.142814208520576 ], [ 5993525.084168052300811, 2085817.006214382126927 ], [ 5993531.440328844822943, 2085687.623589147115126 ], [ 5993525.084168052300811, 2085558.240963912103325 ], [ 5993506.076898977160454, 2085430.104364085709676 ], [ 5993474.601572011597455, 2085304.447815171210095 ], [ 5993430.96131175942719, 2085182.48145842528902 ], [ 5993375.576397784985602, 2085065.37989653670229 ], [ 5993308.980217084288597, 2084954.270881561329588 ], [ 5993269.801525932736695, 2084901.444531809538603 ], [ 5993235.932453945279121, 2084844.93739901157096 ], [ 5993199.458485157229006, 2084795.757945195538923 ], [ 5993181.706142357550561, 2084766.139950571814552 ], [ 5993104.540052556432784, 2084662.093523061601445 ] ] ] } },
{ "type": "Feature", "properties": { "parent_sta": "mtc:dublin-pleasanton-bart", "stop_id": "DUBL_1", "stop_name": "Main Entrance / Exit", "stop_code": "DUBL_1", "stop_desc": "Pedestrian Access Point", "stop_lat": 37.70165, "stop_lon": -121.89819, "zone_id": "BA:79542", "stop_url": null, "tts_stop_n": null, "platform_c": null, "location_t": "2", "stop_timez": "America/Los_Angeles", "wheelchair": "0", "level_id": "mtc:dublin/-pleasanton-bart-street", "route_info": "{'route_id': None, 'route_type': None}" }, "geometry": { "type": "Polygon", "coordinates": [ [ [ 6158499.598949257284403, 2080968.607527544954792 ], [ 6158493.24278846476227, 2080839.224902309942991 ], [ 6158474.235519389621913, 2080711.088302483549342 ], [ 6158442.760192424058914, 2080585.431753569049761 ], [ 6158399.119932171888649, 2080463.465396823128685 ], [ 6158343.735018197447062, 2080346.363834934541956 ], [ 6158277.138837496750057, 2080235.254819959169254 ], [ 6158199.972747695632279, 2080131.208392448956147 ], [ 6158112.979900423437357, 2080035.226576378801838 ], [ 6158016.998084353283048, 2079948.233729106141254 ], [ 6157912.951656843535602, 2079871.067639305489138 ], [ 6157801.842641867697239, 2079804.471458605024964 ], [ 6157684.74107997957617, 2079749.086544630117714 ], [ 6157562.774723232723773, 2079705.446284378413111 ], [ 6157437.118174318224192, 2079673.970957412617281 ], [ 6157308.981574492529035, 2079654.963688337709755 ], [ 6157179.598949257284403, 2079648.607527544954792 ], [ 6157050.216324022039771, 2079654.963688337709755 ], [ 6156922.079724196344614, 2079673.970957412617281 ], [ 6156796.423175281845033, 2079705.446284378413111 ], [ 6156674.456818534992635, 2079749.086544630117714 ], [ 6156557.355256646871567, 2079804.471458605024964 ], [ 6156446.246241671033204, 2079871.067639305489138 ], [ 6156342.199814161285758, 2079948.233729106141254 ], [ 6156246.217998091131449, 2080035.226576378801838 ], [ 6156159.225150818936527, 2080131.208392448956147 ], [ 6156082.059061017818749, 2080235.254819959169254 ], [ 6156015.462880317121744, 2080346.363834934541956 ], [ 6155960.077966342680156, 2080463.465396823128685 ], [ 6155916.437706090509892, 2080585.431753569049761 ], [ 6155884.962379124946892, 2080711.088302483549342 ], [ 6155865.955110049806535, 2080839.224902309942991 ], [ 6155859.598949257284403, 2080968.607527544954792 ], [ 6155865.955110049806535, 2081097.990152779966593 ], [ 6155884.962379124946892, 2081226.126752606360242 ], [ 6155916.437706090509892, 2081351.783301520859823 ], [ 6155960.077966342680156, 2081473.749658266780898 ], [ 6156015.462880317121744, 2081590.851220155367628 ], [ 6156082.059061017818749, 2081701.96023513074033 ], [ 6156159.225150818936527, 2081806.006662640953436 ], [ 6156246.217998091131449, 2081901.988478711107746 ], [ 6156342.199814161285758, 2081988.981325983768329 ], [ 6156446.246241671033204, 2082066.147415784420446 ], [ 6156557.355256646871567, 2082132.74359648488462 ], [ 6156674.456818534992635, 2082188.128510459791869 ], [ 6156796.423175281845033, 2082231.768770711496472 ], [ 6156922.079724196344614, 2082263.244097677292302 ], [ 6157050.216324022039771, 2082282.251366752199829 ], [ 6157179.598949257284403, 2082288.607527544954792 ], [ 6157308.981574492529035, 2082282.251366752199829 ], [ 6157437.118174318224192, 2082263.244097677292302 ], [ 6157562.774723232723773, 2082231.768770711496472 ], [ 6157684.74107997957617, 2082188.128510459791869 ], [ 6157801.842641867697239, 2082132.74359648488462 ], [ 6157912.951656843535602, 2082066.147415784420446 ], [ 6158016.998084353283048, 2081988.981325983768329 ], [ 6158112.979900423437357, 2081901.988478711107746 ], [ 6158199.972747695632279, 2081806.006662640953436 ], [ 6158277.138837496750057, 2081701.96023513074033 ], [ 6158343.735018197447062, 2081590.851220155367628 ], [ 6158399.119932171888649, 2081473.749658266780898 ], [ 6158442.760192424058914, 2081351.783301520859823 ], [ 6158474.235519389621913, 2081226.126752606360242 ], [ 6158493.24278846476227, 2081097.990152779966593 ], [ 6158499.598949257284403, 2080968.607527544954792 ] ] ] } },
{ "type": "Feature", "properties": { "parent_sta": "mtc:embarcadero-bart", "stop_id": "EMBR_2", "stop_name": "A1 Market & Drumm Street (NE) Entrance / Exit", "stop_code": "EMBR_2", "stop_desc": "Pedestrian Access Point", "stop_lat": 37.79368, "stop_lon": -122.39603, "zone_id": "BA:79542", "stop_url": null, "tts_stop_n": null, "platform_c": null, "location_t": "2", "stop_timez": "America/Los_Angeles", "wheelchair": "1", "level_id": "mtc:embarcadero-bart-street", "route_info": "{'route_id': None, 'route_type': None}" }, "geometry": { "type": "Polygon", "coordinates": [ [ [ 6014282.681878002360463, 2115489.60673857294023 ], [ 6014186.700061932206154, 2115402.613891300279647 ], [ 6014082.653634422458708, 2115325.447801499627531 ], [ 6013971.544619446620345, 2115258.851620799396187 ], [ 6013854.443057558499277, 2115203.466706824023277 ], [ 6013732.476700811646879, 2115159.826446572784334 ], [ 6013606.820151897147298, 2115128.351119606755674 ], [ 6013478.683552071452141, 2115109.343850531615317 ], [ 6013349.300926836207509, 2115102.987689739093184 ], [ 6013219.918301600962877, 2115109.343850531615317 ], [ 6013091.78170177526772, 2115128.351119606755674 ], [ 6012966.125152860768139, 2115159.826446572784334 ], [ 6012844.158796113915741, 2115203.466706824023277 ], [ 6012727.057234225794673, 2115258.851620799396187 ], [ 6012615.94821924995631, 2115325.447801499627531 ], [ 6012511.901791740208864, 2115402.613891300279647 ], [ 6012415.919975670054555, 2115489.60673857294023 ], [ 6012328.927128397859633, 2115585.58855464309454 ], [ 6012290.198183651082218, 2115637.80849156761542 ], [ 6012283.885639228858054, 2115644.773311052005738 ], [ 6012206.719549427740276, 2115748.819738562218845 ], [ 6012140.123368727043271, 2115859.928753537591547 ], [ 6012084.738454752601683, 2115977.030315426178277 ], [ 6012041.098194500431418, 2116098.996672172099352 ], [ 6012009.622867534868419, 2116224.653221086598933 ], [ 6011990.615598459728062, 2116352.789820912759751 ], [ 6011984.25943766720593, 2116482.172446148004383 ], [ 6011990.615598459728062, 2116611.555071383249015 ], [ 6012009.622867534868419, 2116739.691671209409833 ], [ 6012041.098194500431418, 2116865.348220123909414 ], [ 6012084.738454752601683, 2116987.314576869830489 ], [ 6012140.123368727043271, 2117104.416138758417219 ], [ 6012206.719549427740276, 2117215.525153733789921 ], [ 6012283.885639228858054, 2117319.571581244003028 ], [ 6012370.878486501052976, 2117415.553397314157337 ], [ 6012466.860302571207285, 2117502.54624458681792 ], [ 6012532.58865422103554, 2117551.29371249396354 ], [ 6012543.205823544412851, 2117565.609308129176497 ], [ 6012630.198670816607773, 2117661.591124199330807 ], [ 6012726.180486886762083, 2117748.58397147199139 ], [ 6012804.533926420845091, 2117806.694842705037445 ], [ 6012832.07393086515367, 2117843.828240074682981 ], [ 6012919.066778137348592, 2117939.81005614483729 ], [ 6013015.048594207502902, 2118026.802903417497873 ], [ 6013119.095021717250347, 2118103.96899321814999 ], [ 6013230.20403669308871, 2118170.565173918381333 ], [ 6013347.305598581209779, 2118225.950087893754244 ], [ 6013469.271955328062177, 2118269.590348144993186 ], [ 6013594.928504242561758, 2118301.065675111021847 ], [ 6013723.065104068256915, 2118320.072944186162204 ], [ 6013852.447729303501546, 2118326.429104978684336 ], [ 6013981.830354538746178, 2118320.072944186162204 ], [ 6014109.966954364441335, 2118301.065675111021847 ], [ 6014235.623503278940916, 2118269.590348144993186 ], [ 6014357.589860025793314, 2118225.950087893754244 ], [ 6014474.691421913914382, 2118170.565173918381333 ], [ 6014585.800436889752746, 2118103.96899321814999 ], [ 6014689.846864399500191, 2118026.802903417497873 ], [ 6014741.097179325297475, 2117980.352325573097914 ], [ 6014743.777171815745533, 2117978.364707678556442 ], [ 6014839.758987885899842, 2117891.371860405895859 ], [ 6014926.751835158094764, 2117795.39004433574155 ], [ 6015003.917924959212542, 2117691.343616825528443 ], [ 6015070.514105659909546, 2117580.234601850155741 ], [ 6015125.899019634351134, 2117463.133039961569011 ], [ 6015169.539279886521399, 2117341.166683215647936 ], [ 6015201.014606852084398, 2117215.510134301148355 ], [ 6015220.021875927224755, 2117087.373534474987537 ], [ 6015226.378036719746888, 2116957.990909239742905 ], [ 6015220.021875927224755, 2116828.608284004498273 ], [ 6015201.014606852084398, 2116700.471684178337455 ], [ 6015169.539279886521399, 2116574.815135263837874 ], [ 6015125.899019634351134, 2116452.848778517916799 ], [ 6015070.514105659909546, 2116335.747216629330069 ], [ 6015003.917924959212542, 2116224.638201653957367 ], [ 6014926.751835158094764, 2116120.59177414374426 ], [ 6014839.758987885899842, 2116024.609958073589951 ], [ 6014743.777171815745533, 2115937.617110800929368 ], [ 6014673.982794845476747, 2115885.85407299362123 ], [ 6014649.660531394183636, 2115853.059297107625753 ], [ 6014562.667684121988714, 2115757.077481037471443 ], [ 6014466.685868051834404, 2115670.08463376481086 ], [ 6014390.356856915168464, 2115613.475180958863348 ], [ 6014369.674725274555385, 2115585.58855464309454 ], [ 6014282.681878002360463, 2115489.60673857294023 ] ] ] } },
{ "type": "Feature", "properties": { "parent_sta": "mtc:great-mall-milpitas-bart", "stop_id": "MLPT_1", "stop_name": "West Station Entrance / Exit", "stop_code": "MLPT_1", "stop_desc": "Pedestrian Access Point", "stop_lat": 37.40996, "stop_lon": -121.89122, "zone_id": "BA:79542", "stop_url": null, "tts_stop_n": null, "platform_c": null, "location_t": "2", "stop_timez": "America/Los_Angeles", "wheelchair": "0", "level_id": "mtc:great-mall/milpitas-bart-street", "route_info": "{'route_id': None, 'route_type': None}" }, "geometry": { "type": "Polygon", "coordinates": [ [ [ 6158572.183309959247708, 1973537.261618617689237 ], [ 6158485.190462687052786, 1973441.279802547534928 ], [ 6158389.208646616898477, 1973354.286955274874344 ], [ 6158285.162219107151031, 1973277.120865474222228 ], [ 6158174.053204131312668, 1973210.524684773758054 ], [ 6158056.9516422431916, 1973155.139770798850805 ], [ 6157934.985285496339202, 1973111.499510547146201 ], [ 6157809.328736581839621, 1973080.024183581350371 ], [ 6157681.192136756144464, 1973061.016914506442845 ], [ 6157551.809511520899832, 1973054.660753713687882 ], [ 6157422.4268862856552, 1973061.016914506442845 ], [ 6157294.290286459960043, 1973080.024183581350371 ], [ 6157168.633737545460463, 1973111.499510547146201 ], [ 6157046.667380798608065, 1973155.139770798850805 ], [ 6156929.565818910486996, 1973210.524684773758054 ], [ 6156818.456803934648633, 1973277.120865474222228 ], [ 6156714.410376424901187, 1973354.286955274874344 ], [ 6156618.428560354746878, 1973441.279802547534928 ], [ 6156531.435713082551956, 1973537.261618617689237 ], [ 6156454.269623281434178, 1973641.308046127902344 ], [ 6156387.673442580737174, 1973752.417061103275046 ], [ 6156332.288528606295586, 1973869.518622991861776 ], [ 6156288.648268354125321, 1973991.484979737782851 ], [ 6156257.172941388562322, 1974117.141528652282432 ], [ 6156238.165672313421965, 1974245.278128478676081 ], [ 6156231.809511520899832, 1974374.660753713687882 ], [ 6156238.165672313421965, 1974504.043378948699683 ], [ 6156257.172941388562322, 1974632.179978775093332 ], [ 6156286.04208985157311, 1974747.432079888181761 ], [ 6156292.042119472287595, 1974869.565488578751683 ], [ 6156311.049388547427952, 1974997.702088405145332 ], [ 6156342.524715512990952, 1975123.358637319644913 ], [ 6156348.297080395743251, 1975139.491316420724615 ], [ 6156350.975254038348794, 1975194.006793302483857 ], [ 6156369.982523113489151, 1975322.143393128877506 ], [ 6156401.45785007905215, 1975447.799942043377087 ], [ 6156445.098110331222415, 1975569.766298789298162 ], [ 6156500.483024305664003, 1975686.867860677884892 ], [ 6156567.079205006361008, 1975797.976875653257594 ], [ 6156644.245294807478786, 1975902.0233031634707 ], [ 6156731.238142079673707, 1975998.00511923362501 ], [ 6156827.219958149828017, 1976084.997966506285593 ], [ 6156931.266385659575462, 1976162.164056306937709 ], [ 6157042.375400635413826, 1976228.760237007401884 ], [ 6157159.476962523534894, 1976284.145150982309133 ], [ 6157281.443319270387292, 1976327.785411234013736 ], [ 6157407.099868184886873, 1976359.260738199809566 ], [ 6157535.23646801058203, 1976378.268007274717093 ], [ 6157664.619093245826662, 1976384.624168067472056 ], [ 6157794.001718481071293, 1976378.268007274717093 ], [ 6157922.13831830676645, 1976359.260738199809566 ], [ 6158047.794867221266031, 1976327.785411234013736 ], [ 6158169.761223968118429, 1976284.145150982309133 ], [ 6158286.862785856239498, 1976228.760237007401884 ], [ 6158397.971800832077861, 1976162.164056306937709 ], [ 6158502.018228341825306, 1976084.997966506285593 ], [ 6158598.000044411979616, 1975998.00511923362501 ], [ 6158684.992891684174538, 1975902.0233031634707 ], [ 6158762.158981485292315, 1975797.976875653257594 ], [ 6158828.75516218598932, 1975686.867860677884892 ], [ 6158884.140076160430908, 1975569.766298789298162 ], [ 6158927.780336412601173, 1975447.799942043377087 ], [ 6158930.128243017010391, 1975438.42657345556654 ], [ 6158936.074469084851444, 1975428.50589460763149 ], [ 6158991.459383059293032, 1975311.40433271904476 ], [ 6159035.099643311463296, 1975189.437975973123685 ], [ 6159040.92808416672051, 1975166.169535770080984 ], [ 6159074.413166385143995, 1975072.585000298218802 ], [ 6159105.888493350706995, 1974946.928451383719221 ], [ 6159124.895762425847352, 1974818.791851557325572 ], [ 6159131.251923218369484, 1974689.409226322313771 ], [ 6159124.895762425847352, 1974560.02660108730197 ], [ 6159105.888493350706995, 1974431.890001260908321 ], [ 6159074.413166385143995, 1974306.23345234640874 ], [ 6159030.772906132973731, 1974184.267095600487664 ], [ 6158975.387992158532143, 1974067.165533711900935 ], [ 6158908.791811457835138, 1973956.056518736528233 ], [ 6158831.62572165671736, 1973852.010091226315126 ], [ 6158744.632874384522438, 1973756.028275156160817 ], [ 6158686.56512806750834, 1973703.398737670155242 ], [ 6158649.349399760365486, 1973641.308046127902344 ], [ 6158572.183309959247708, 1973537.261618617689237 ] ] ] } },
{ "type": "Feature", "properties": { "parent_sta": "mtc:macarthur-bart", "stop_id": "MCAR_1", "stop_name": "Main Entrance / Exit", "stop_code": "MCAR_1", "stop_desc": "Pedestrian Access Point", "stop_lat": 37.82907, "stop_lon": -122.26686, "zone_id": "BA:79542", "stop_url": null, "tts_stop_n": null, "platform_c": null, "location_t": "2", "stop_timez": "America/Los_Angeles", "wheelchair": "0", "level_id": "mtc:macarthur-bart-street", "route_info": "{'route_id': None, 'route_type': None}" }, "geometry": { "type": "Polygon", "coordinates": [ [ [ 6052732.078970406204462, 2129160.101020466070622 ], [ 6052725.72280961368233, 2129030.71839523082599 ], [ 6052706.715540538541973, 2128902.581795404665172 ], [ 6052675.240213572978973, 2128776.925246490165591 ], [ 6052631.599953320808709, 2128654.958889744244516 ], [ 6052576.215039346367121, 2128537.857327855657786 ], [ 6052509.618858645670116, 2128426.748312880285084 ], [ 6052432.452768844552338, 2128322.701885370071977 ], [ 6052345.459921572357416, 2128226.720069299917668 ], [ 6052249.478105502203107, 2128139.727222027257085 ], [ 6052145.431677992455661, 2128062.561132226604968 ], [ 6052034.322663016617298, 2127995.964951526373625 ], [ 6051917.22110112849623, 2127940.580037551000714 ], [ 6051795.254744381643832, 2127896.939777299761772 ], [ 6051669.598195467144251, 2127865.464450333733112 ], [ 6051541.461595641449094, 2127846.457181258592755 ], [ 6051412.078970406204462, 2127840.101020466070622 ], [ 6051282.69634517095983, 2127846.457181258592755 ], [ 6051154.559745345264673, 2127865.464450333733112 ], [ 6051028.903196430765092, 2127896.939777299761772 ], [ 6050906.936839683912694, 2127940.580037551000714 ], [ 6050789.835277795791626, 2127995.964951526373625 ], [ 6050678.726262819953263, 2128062.561132226604968 ], [ 6050574.679835310205817, 2128139.727222027257085 ], [ 6050478.698019240051508, 2128226.720069299917668 ], [ 6050391.705171967856586, 2128322.701885370071977 ], [ 6050314.539082166738808, 2128426.748312880285084 ], [ 6050247.942901466041803, 2128537.857327855657786 ], [ 6050192.557987491600215, 2128654.958889744244516 ], [ 6050148.917727239429951, 2128776.925246490165591 ], [ 6050117.442400273866951, 2128902.581795404665172 ], [ 6050098.435131198726594, 2129030.71839523082599 ], [ 6050092.078970406204462, 2129160.101020466070622 ], [ 6050098.435131198726594, 2129289.483645701315254 ], [ 6050117.442400273866951, 2129417.620245527476072 ], [ 6050148.917727239429951, 2129543.276794441975653 ], [ 6050192.557987491600215, 2129665.243151187896729 ], [ 6050247.942901466041803, 2129782.344713076483458 ], [ 6050314.539082166738808, 2129893.45372805185616 ], [ 6050391.705171967856586, 2129997.500155562069267 ], [ 6050478.698019240051508, 2130093.481971632223576 ], [ 6050574.679835310205817, 2130180.47481890488416 ], [ 6050678.726262819953263, 2130257.640908705536276 ], [ 6050789.835277795791626, 2130324.23708940576762 ], [ 6050906.936839683912694, 2130379.62200338114053 ], [ 6051028.903196430765092, 2130423.262263632379472 ], [ 6051154.559745345264673, 2130454.737590598408133 ], [ 6051282.69634517095983, 2130473.74485967354849 ], [ 6051412.078970406204462, 2130480.101020466070622 ], [ 6051541.461595641449094, 2130473.74485967354849 ], [ 6051669.598195467144251, 2130454.737590598408133 ], [ 6051795.254744381643832, 2130423.262263632379472 ], [ 6051917.22110112849623, 2130379.62200338114053 ], [ 6052034.322663016617298, 2130324.23708940576762 ], [ 6052145.431677992455661, 2130257.640908705536276 ], [ 6052249.478105502203107, 2130180.47481890488416 ], [ 6052345.459921572357416, 2130093.481971632223576 ], [ 6052432.452768844552338, 2129997.500155562069267 ], [ 6052509.618858645670116, 2129893.45372805185616 ], [ 6052576.215039346367121, 2129782.344713076483458 ], [ 6052631.599953320808709, 2129665.243151187896729 ], [ 6052675.240213572978973, 2129543.276794441975653 ], [ 6052706.715540538541973, 2129417.620245527476072 ], [ 6052725.72280961368233, 2129289.483645701315254 ], [ 6052732.078970406204462, 2129160.101020466070622 ] ] ] } },
{ "type": "Feature", "properties": { "parent_sta": "mtc:millbrae-bart", "stop_id": "MLBR_1", "stop_name": "Main Entrance / Exit", "stop_code": "MLBR_1", "stop_desc": "Pedestrian Access Point", "stop_lat": 37.60046, "stop_lon": -122.38645, "zone_id": "BA:79542", "stop_url": null, "tts_stop_n": null, "platform_c": null, "location_t": "2", "stop_timez": "America/Los_Angeles", "wheelchair": "0", "level_id": "mtc:millbrae-bart-east-plaza", "route_info": "{'route_id': None, 'route_type': None}" }, "geometry": { "type": "Polygon", "coordinates": [ [ [ 6016305.802405989728868, 2045859.45918934722431 ], [ 6016250.41749201528728, 2045742.35762745863758 ], [ 6016183.821311314590275, 2045631.248612483264878 ], [ 6016106.655221513472497, 2045527.202184973051772 ], [ 6016019.662374241277575, 2045431.220368902897462 ], [ 6015923.680558171123266, 2045344.227521630236879 ], [ 6015819.634130661375821, 2045267.061431829584762 ], [ 6015708.525115685537457, 2045200.465251129120588 ], [ 6015591.423553797416389, 2045145.080337154213339 ], [ 6015469.457197050563991, 2045101.440076902508736 ], [ 6015343.80064813606441, 2045069.964749936712906 ], [ 6015215.664048310369253, 2045050.957480861805379 ], [ 6015086.281423075124621, 2045044.601320069050416 ], [ 6014956.89879783987999, 2045050.957480861805379 ], [ 6014828.762198014184833, 2045069.964749936712906 ], [ 6014703.105649099685252, 2045101.440076902508736 ], [ 6014581.139292352832854, 2045145.080337154213339 ], [ 6014464.037730464711785, 2045200.465251129120588 ], [ 6014352.928715488873422, 2045267.061431829584762 ], [ 6014248.882287979125977, 2045344.227521630236879 ], [ 6014152.900471908971667, 2045431.220368902897462 ], [ 6014065.907624636776745, 2045527.202184973051772 ], [ 6014004.546607887372375, 2045609.937938431743532 ], [ 6014003.196858749724925, 2045611.161279741674662 ], [ 6013916.204011477530003, 2045707.143095811828971 ], [ 6013839.037921676412225, 2045811.189523322042078 ], [ 6013772.44174097571522, 2045922.29853829741478 ], [ 6013717.056827001273632, 2046039.400100186001509 ], [ 6013673.416566749103367, 2046161.366456931922585 ], [ 6013641.941239783540368, 2046287.023005846422166 ], [ 6013622.933970708400011, 2046415.159605672815815 ], [ 6013616.577809915877879, 2046544.542230907827616 ], [ 6013622.933970708400011, 2046673.924856142839417 ], [ 6013641.941239783540368, 2046802.061455969233066 ], [ 6013673.416566749103367, 2046927.718004883732647 ], [ 6013717.056827001273632, 2047049.684361629653722 ], [ 6013772.44174097571522, 2047166.785923518240452 ], [ 6013839.037921676412225, 2047277.894938493613154 ], [ 6013916.204011477530003, 2047381.941366003826261 ], [ 6014003.196858749724925, 2047477.92318207398057 ], [ 6014099.178674819879234, 2047564.916029346641153 ], [ 6014203.225102329626679, 2047642.08211914729327 ], [ 6014314.334117305465043, 2047708.678299847757444 ], [ 6014431.435679193586111, 2047764.063213822664693 ], [ 6014553.402035940438509, 2047807.703474074369296 ], [ 6014679.05858485493809, 2047839.178801040165126 ], [ 6014754.67647491209209, 2047850.395655437372625 ], [ 6014818.754793173633516, 2047873.323244323488325 ], [ 6014944.411342088133097, 2047904.798571289284155 ], [ 6015072.547941913828254, 2047923.805840364191681 ], [ 6015201.930567149072886, 2047930.162001156946644 ], [ 6015331.313192384317517, 2047923.805840364191681 ], [ 6015459.449792210012674, 2047904.798571289284155 ], [ 6015585.106341124512255, 2047873.323244323488325 ], [ 6015707.072697871364653, 2047829.682984071783721 ], [ 6015824.174259759485722, 2047774.298070096876472 ], [ 6015935.283274735324085, 2047707.701889396412298 ], [ 6016039.32970224507153, 2047630.535799595760182 ], [ 6016135.31151831522584, 2047543.542952323099598 ], [ 6016222.304365587420762, 2047447.561136252945289 ], [ 6016299.470455388538539, 2047343.514708742732182 ], [ 6016366.066636089235544, 2047232.40569376735948 ], [ 6016421.451550063677132, 2047115.30413187877275 ], [ 6016465.091810315847397, 2046993.337775132851675 ], [ 6016496.567137281410396, 2046867.681226218352094 ], [ 6016515.574406356550753, 2046739.544626391958445 ], [ 6016521.930567149072886, 2046610.162001156946644 ], [ 6016515.574406356550753, 2046480.779375921934843 ], [ 6016496.567137281410396, 2046352.642776095541194 ], [ 6016465.091810315847397, 2046226.986227181041613 ], [ 6016421.451550063677132, 2046105.019870435120538 ], [ 6016366.066636089235544, 2045987.918308546533808 ], [ 6016330.584001664072275, 2045928.719109460245818 ], [ 6016305.802405989728868, 2045859.45918934722431 ] ] ] } },
{ "type": "Feature", "properties": { "parent_sta": "mtc:montgomery-bart", "stop_id": "MONT_4", "stop_name": "B2 Market & 2nd Street (South) Entrance / Exit", "stop_code": "MONT_4", "stop_desc": "Pedestrian Access Point", "stop_lat": 37.78941, "stop_lon": -122.40105, "zone_id": "BA:79542", "stop_url": null, "tts_stop_n": null, "platform_c": null, "location_t": "2", "stop_timez": "America/Los_Angeles", "wheelchair": "1", "level_id": "mtc:montgomery-bart-street", "route_info": "{'route_id': None, 'route_type': None}" }, "geometry": { "type": "Polygon", "coordinates": [ [ [ 6013046.335854795761406, 2114323.200072949752212 ], [ 6012959.343007523566484, 2114227.218256879597902 ], [ 6012863.361191453412175, 2114140.225409606937319 ], [ 6012759.31476394366473, 2114063.059319806285203 ], [ 6012648.205748967826366, 2113996.463139106053859 ], [ 6012531.104187079705298, 2113941.078225130680948 ], [ 6012409.1378303328529, 2113897.437964879442006 ], [ 6012283.481281418353319, 2113865.962637913413346 ], [ 6012155.344681592658162, 2113846.955368838272989 ], [ 6012025.96205635741353, 2113840.599208045750856 ], [ 6011896.579431122168899, 2113846.955368838272989 ], [ 6011768.442831296473742, 2113865.962637913413346 ], [ 6011642.786282381974161, 2113897.437964879442006 ], [ 6011520.819925635121763, 2113941.078225130680948 ], [ 6011403.718363747000694, 2113996.463139106053859 ], [ 6011292.609348771162331, 2114063.059319806285203 ], [ 6011188.562921261414886, 2114140.225409606937319 ], [ 6011092.581105191260576, 2114227.218256879597902 ], [ 6011005.588257919065654, 2114323.200072949752212 ], [ 6010928.422168117947876, 2114427.246500459965318 ], [ 6010861.825987417250872, 2114538.35551543533802 ], [ 6010806.441073442809284, 2114655.45707732392475 ], [ 6010762.800813190639019, 2114777.423434069845825 ], [ 6010731.32548622507602, 2114903.079982984345406 ], [ 6010712.318217149935663, 2115031.216582810506225 ], [ 6010705.96205635741353, 2115160.599208045750856 ], [ 6010712.318217149935663, 2115289.981833280995488 ], [ 6010718.863062680698931, 2115334.10359792644158 ], [ 6010724.019487737677991, 2115439.065041239373386 ], [ 6010743.026756812818348, 2115567.201641065534204 ], [ 6010774.502083778381348, 2115692.858189980033785 ], [ 6010818.142344030551612, 2115814.82454672595486 ], [ 6010873.5272580049932, 2115931.92610861454159 ], [ 6010940.123438705690205, 2116043.035123589914292 ], [ 6011017.289528506807983, 2116147.081551100127399 ], [ 6011104.282375779002905, 2116243.063367170281708 ], [ 6011200.264191849157214, 2116330.056214442942291 ], [ 6011255.367392001673579, 2116370.923532937653363 ], [ 6011260.37262202706188, 2116384.912213741801679 ], [ 6011315.757536001503468, 2116502.013775630388409 ], [ 6011382.353716702200472, 2116613.122790605761111 ], [ 6011459.51980650331825, 2116717.169218115974218 ], [ 6011546.512653775513172, 2116813.151034186128527 ], [ 6011642.494469845667481, 2116900.14388145878911 ], [ 6011746.540897355414927, 2116977.309971259441227 ], [ 6011857.64991233125329, 2117043.90615195967257 ], [ 6011974.751474219374359, 2117099.291065935045481 ], [ 6012096.717830966226757, 2117142.931326186284423 ], [ 6012222.374379880726337, 2117174.406653152313083 ], [ 6012350.510979706421494, 2117193.41392222745344 ], [ 6012479.893604941666126, 2117199.770083019975573 ], [ 6012609.276230176910758, 2117193.41392222745344 ], [ 6012737.412830002605915, 2117174.406653152313083 ], [ 6012863.069378917105496, 2117142.931326186284423 ], [ 6012985.035735663957894, 2117099.291065935045481 ], [ 6013102.137297552078962, 2117043.90615195967257 ], [ 6013213.246312527917325, 2116977.309971259441227 ], [ 6013317.292740037664771, 2116900.14388145878911 ], [ 6013413.27455610781908, 2116813.151034186128527 ], [ 6013500.267403380014002, 2116717.169218115974218 ], [ 6013577.43349318113178, 2116613.122790605761111 ], [ 6013644.029673881828785, 2116502.013775630388409 ], [ 6013699.414587856270373, 2116384.912213741801679 ], [ 6013743.054848108440638, 2116262.945856995880604 ], [ 6013774.530175074003637, 2116137.289308081381023 ], [ 6013793.537444149143994, 2116009.152708255220205 ], [ 6013794.317052736878395, 2115993.283410884439945 ], [ 6013821.43058152217418, 2115885.040136405732483 ], [ 6013840.437850597314537, 2115756.903536579571664 ], [ 6013846.794011389836669, 2115627.520911344327033 ], [ 6013840.437850597314537, 2115498.138286109082401 ], [ 6013821.43058152217418, 2115370.001686282921582 ], [ 6013789.95525455661118, 2115244.345137368422002 ], [ 6013746.314994304440916, 2115122.378780622500926 ], [ 6013690.930080329999328, 2115005.277218733914196 ], [ 6013624.333899629302323, 2114894.168203758541495 ], [ 6013547.167809828184545, 2114790.121776248328388 ], [ 6013460.174962555989623, 2114694.139960178174078 ], [ 6013364.193146485835314, 2114607.147112905513495 ], [ 6013344.198918648995459, 2114592.318382907658815 ], [ 6013304.023252598010004, 2114547.991366258822381 ], [ 6013208.041436527855694, 2114460.998518986161798 ], [ 6013103.995009018108249, 2114383.832429185509682 ], [ 6013081.147521909326315, 2114370.13817241974175 ], [ 6013046.335854795761406, 2114323.200072949752212 ] ] ] } },
{ "type": "Feature", "properties": { "parent_sta": "mtc:oakland-coliseum-bart", "stop_id": "COLS_5", "stop_name": "Snell St Entrance / Exit", "stop_code": "COLS_5", "stop_desc": "Pedestrian Access Point", "stop_lat": 37.754, "stop_lon": -122.19679, "zone_id": "BA:79542", "stop_url": null, "tts_stop_n": null, "platform_c": null, "location_t": "2", "stop_timez": "America/Los_Angeles", "wheelchair": "1", "level_id": "mtc:oakland-coliseum-bart-ground", "route_info": "{'route_id': None, 'route_type': None}" }, "geometry": { "type": "Polygon", "coordinates": [ [ [ 6071772.320828324183822, 2100290.089499617461115 ], [ 6071661.211813348345459, 2100223.493318917229772 ], [ 6071544.11025146022439, 2100168.108404941856861 ], [ 6071422.143894713371992, 2100124.468144690617919 ], [ 6071296.487345798872411, 2100092.992817724589258 ], [ 6071168.350745973177254, 2100073.985548649448901 ], [ 6071038.968120737932622, 2100067.629387856926769 ], [ 6070909.585495502687991, 2100073.985548649448901 ], [ 6070781.448895676992834, 2100092.992817724589258 ], [ 6070655.792346762493253, 2100124.468144690617919 ], [ 6070533.825990015640855, 2100168.108404941856861 ], [ 6070416.724428127519786, 2100223.493318917229772 ], [ 6070305.615413151681423, 2100290.089499617461115 ], [ 6070201.568985641933978, 2100367.255589418113232 ], [ 6070105.587169571779668, 2100454.248436690773815 ], [ 6070018.594322299584746, 2100550.230252760928124 ], [ 6069941.428232498466969, 2100654.276680271141231 ], [ 6069920.569342476315796, 2100689.077635813504457 ], [ 6069907.627626797184348, 2100706.527519379276782 ], [ 6069841.031446096487343, 2100817.636534354649484 ], [ 6069785.646532122045755, 2100934.738096243236214 ], [ 6069779.106992495246232, 2100953.014885117765516 ], [ 6069763.446617227979004, 2100986.125966673716903 ], [ 6069719.80635697580874, 2101108.092323419637978 ], [ 6069688.33103001024574, 2101233.748872334137559 ], [ 6069669.323760935105383, 2101361.885472160298377 ], [ 6069662.967600142583251, 2101491.268097395543009 ], [ 6069669.323760935105383, 2101620.650722630787641 ], [ 6069688.33103001024574, 2101748.787322456948459 ], [ 6069719.80635697580874, 2101874.44387137144804 ], [ 6069763.446617227979004, 2101996.410228117369115 ], [ 6069818.831531202420592, 2102113.511790005955845 ], [ 6069885.427711903117597, 2102224.620804981328547 ], [ 6069962.593801704235375, 2102328.667232491541654 ], [ 6070049.586648976430297, 2102424.649048561695963 ], [ 6070145.568465046584606, 2102511.641895834356546 ], [ 6070249.614892556332052, 2102588.807985635008663 ], [ 6070360.723907532170415, 2102655.404166335240006 ], [ 6070477.825469420291483, 2102710.789080310612917 ], [ 6070599.791826167143881, 2102754.429340561851859 ], [ 6070681.683592518791556, 2102774.942160180304199 ], [ 6070797.537644471973181, 2102816.395402805879712 ], [ 6070923.194193386472762, 2102847.870729771908373 ], [ 6071051.330793212167919, 2102866.87799884704873 ], [ 6071180.71341844741255, 2102873.234159639570862 ], [ 6071310.096043682657182, 2102866.87799884704873 ], [ 6071438.232643508352339, 2102847.870729771908373 ], [ 6071563.88919242285192, 2102816.395402805879712 ], [ 6071685.855549169704318, 2102772.75514255464077 ], [ 6071802.957111057825387, 2102717.370228579267859 ], [ 6071914.06612603366375, 2102650.774047879036516 ], [ 6072018.112553543411195, 2102573.607958078384399 ], [ 6072114.094369613565505, 2102486.615110805723816 ], [ 6072201.087216885760427, 2102390.633294735569507 ], [ 6072278.253306686878204, 2102286.5868672253564 ], [ 6072344.849487387575209, 2102175.477852249983698 ], [ 6072400.234401362016797, 2102058.376290361396968 ], [ 6072443.874661614187062, 2101936.409933615475893 ], [ 6072475.349988579750061, 2101810.753384700976312 ], [ 6072494.357257654890418, 2101682.616784874815494 ], [ 6072500.71341844741255, 2101553.234159639570862 ], [ 6072494.357257654890418, 2101423.85153440432623 ], [ 6072475.349988579750061, 2101295.714934578165412 ], [ 6072443.874661614187062, 2101170.058385663665831 ], [ 6072423.213377709500492, 2101112.313965512439609 ], [ 6072413.186991507187486, 2101072.286388048902154 ], [ 6072369.546731255017221, 2100950.320031302981079 ], [ 6072314.161817280575633, 2100833.218469414394349 ], [ 6072247.565636579878628, 2100722.109454439021647 ], [ 6072170.39954677876085, 2100618.06302692880854 ], [ 6072083.406699506565928, 2100522.081210858654231 ], [ 6071987.424883436411619, 2100435.088363585993648 ], [ 6071883.378455926664174, 2100357.922273785341531 ], [ 6071781.228972643613815, 2100296.696229718625546 ], [ 6071772.320828324183822, 2100290.089499617461115 ] ] ] } },
{ "type": "Feature", "properties": { "parent_sta": "mtc:powell", "stop_id": "POWL_8", "stop_name": "B1 Market Street & 5th Street Entrance / Exit", "stop_code": "POWL_8", "stop_desc": "Pedestrian Access Point", "stop_lat": 37.78371, "stop_lon": -122.40829, "zone_id": "BA:79542", "stop_url": null, "tts_stop_n": null, "platform_c": null, "location_t": "2", "stop_timez": "America/Los_Angeles", "wheelchair": "0", "level_id": "mtc:powell-street", "route_info": "{'route_id': None, 'route_type': None}" }, "geometry": { "type": "Polygon", "coordinates": [ [ [ 6011074.04728236887604, 2112428.510616011917591 ], [ 6010970.000854859128594, 2112351.344526211265475 ], [ 6010858.891839883290231, 2112284.748345511034131 ], [ 6010741.790277995169163, 2112229.363431535661221 ], [ 6010619.823921248316765, 2112185.723171284422278 ], [ 6010494.167372333817184, 2112154.247844318393618 ], [ 6010366.030772508122027, 2112135.240575243253261 ], [ 6010236.648147272877395, 2112128.884414450731128 ], [ 6010107.265522037632763, 2112135.240575243253261 ], [ 6009979.128922211937606, 2112154.247844318393618 ], [ 6009853.472373297438025, 2112185.723171284422278 ], [ 6009731.506016550585628, 2112229.363431535661221 ], [ 6009614.404454662464559, 2112284.748345511034131 ], [ 6009503.295439686626196, 2112351.344526211265475 ], [ 6009399.24901217687875, 2112428.510616011917591 ], [ 6009303.267196106724441, 2112515.503463284578174 ], [ 6009216.274348834529519, 2112611.485279354732484 ], [ 6009139.108259033411741, 2112715.53170686494559 ], [ 6009072.512078332714736, 2112826.640721840318292 ], [ 6009017.127164358273149, 2112943.742283728905022 ], [ 6008973.486904106102884, 2113065.708640474826097 ], [ 6008942.011577140539885, 2113191.365189389325678 ], [ 6008923.004308065399528, 2113319.501789215486497 ], [ 6008916.648147272877395, 2113448.884414450731128 ], [ 6008923.004308065399528, 2113578.26703968597576 ], [ 6008942.011577140539885, 2113706.403639512136579 ], [ 6008973.486904106102884, 2113832.060188426636159 ], [ 6009017.127164358273149, 2113954.026545172557235 ], [ 6009072.512078332714736, 2114071.128107061143965 ], [ 6009139.108259033411741, 2114182.237122036516666 ], [ 6009141.494619205594063, 2114185.454756249673665 ], [ 6009170.937561643309891, 2114267.742267834022641 ], [ 6009226.322475617751479, 2114384.843829722609371 ], [ 6009292.918656318448484, 2114495.952844697982073 ], [ 6009370.084746119566262, 2114599.99927220819518 ], [ 6009457.077593391761184, 2114695.981088278349489 ], [ 6009553.059409461915493, 2114782.973935551010072 ], [ 6009657.105836971662939, 2114860.140025351662189 ], [ 6009661.753103065304458, 2114862.925489452667534 ], [ 6009709.572779746726155, 2114942.707800039090216 ], [ 6009786.738869547843933, 2115046.754227549303323 ], [ 6009873.731716820038855, 2115142.736043619457632 ], [ 6009969.713532890193164, 2115229.728890892118216 ], [ 6010073.75996039994061, 2115306.894980692770332 ], [ 6010184.868975375778973, 2115373.491161393001676 ], [ 6010301.970537263900042, 2115428.876075368374586 ], [ 6010364.724589136429131, 2115451.329834163654596 ], [ 6010421.26583621557802, 2115485.219353464432061 ], [ 6010538.367398103699088, 2115540.604267439804971 ], [ 6010660.333754850551486, 2115584.244527691043913 ], [ 6010785.990303765051067, 2115615.719854657072574 ], [ 6010914.126903590746224, 2115634.727123732212931 ], [ 6011043.509528825990856, 2115641.083284524735063 ], [ 6011172.892154061235487, 2115634.727123732212931 ], [ 6011301.028753886930645, 2115615.719854657072574 ], [ 6011426.685302801430225, 2115584.244527691043913 ], [ 6011548.651659548282623, 2115540.604267439804971 ], [ 6011665.753221436403692, 2115485.219353464432061 ], [ 6011776.862236412242055, 2115418.623172764200717 ], [ 6011880.908663921989501, 2115341.457082963548601 ], [ 6011976.89047999214381, 2115254.464235690888017 ], [ 6012063.883327264338732, 2115158.482419620733708 ], [ 6012141.04941706545651, 2115054.435992110520601 ], [ 6012159.907103232108057, 2115022.973843490704894 ], [ 6012183.126919304020703, 2114991.665545818395913 ], [ 6012249.723100004717708, 2114880.556530843023211 ], [ 6012305.108013979159296, 2114763.454968954436481 ], [ 6012348.74827423132956, 2114641.488612208515406 ], [ 6012380.22360119689256, 2114515.832063294015825 ], [ 6012399.230870272032917, 2114387.695463467855006 ], [ 6012405.587031064555049, 2114258.312838232610375 ], [ 6012399.230870272032917, 2114128.930212997365743 ], [ 6012380.22360119689256, 2114000.793613171204925 ], [ 6012348.74827423132956, 2113875.137064256705344 ], [ 6012305.108013979159296, 2113753.170707510784268 ], [ 6012249.723100004717708, 2113636.069145622197539 ], [ 6012183.126919304020703, 2113524.960130646824837 ], [ 6012105.960829502902925, 2113420.91370313661173 ], [ 6012018.967982230708003, 2113324.931887066457421 ], [ 6011922.986166160553694, 2113237.939039793796837 ], [ 6011869.469944469630718, 2113198.248704742174596 ], [ 6011849.410079261288047, 2113171.201107583008707 ], [ 6011762.417231989093125, 2113075.219291512854397 ], [ 6011666.435415918938816, 2112988.226444240193814 ], [ 6011562.38898840919137, 2112911.060354439541698 ], [ 6011551.114870203658938, 2112904.302908039651811 ], [ 6011516.398604399524629, 2112857.493442344013602 ], [ 6011429.405757127329707, 2112761.511626273859292 ], [ 6011333.423941057175398, 2112674.518779001198709 ], [ 6011267.521348549984396, 2112625.642085266765207 ], [ 6011257.021945711225271, 2112611.485279354732484 ], [ 6011170.029098439030349, 2112515.503463284578174 ], [ 6011074.04728236887604, 2112428.510616011917591 ] ] ] } },
{ "type": "Feature", "properties": { "parent_sta": "mtc:union-city-bart", "stop_id": "UCTY_1", "stop_name": "TBD Pedestrian Access Point", "stop_code": "UCTY_1", "stop_desc": "Pedestrian Access Point", "stop_lat": 37.5906, "stop_lon": -122.01742, "zone_id": "BA:79542", "stop_url": null, "tts_stop_n": null, "platform_c": null, "location_t": "2", "stop_timez": "America/Los_Angeles", "wheelchair": "0", "level_id": "mtc:union-city-bart-street", "route_info": "{'route_id': None, 'route_type': None}" }, "geometry": { "type": "Polygon", "coordinates": [ [ [ 6123216.01216733828187, 2040420.016536998795345 ], [ 6123149.415986637584865, 2040308.907522023422644 ], [ 6123072.249896836467087, 2040204.861094513209537 ], [ 6122985.257049564272165, 2040108.879278443055227 ], [ 6122889.275233494117856, 2040021.886431170394644 ], [ 6122785.22880598437041, 2039944.720341369742528 ], [ 6122674.119791008532047, 2039878.124160669278353 ], [ 6122557.018229120410979, 2039822.739246694371104 ], [ 6122435.051872373558581, 2039779.098986442666501 ], [ 6122309.395323459059, 2039747.623659476870671 ], [ 6122181.258723633363843, 2039728.616390401963145 ], [ 6122051.876098398119211, 2039722.260229609208182 ], [ 6121922.493473162874579, 2039728.616390401963145 ], [ 6121794.356873337179422, 2039747.623659476870671 ], [ 6121668.700324422679842, 2039779.098986442666501 ], [ 6121546.733967675827444, 2039822.739246694371104 ], [ 6121429.632405787706375, 2039878.124160669278353 ], [ 6121318.523390811868012, 2039944.720341369742528 ], [ 6121308.395302864722908, 2039952.231843328336254 ], [ 6121281.877417041920125, 2039968.126052420586348 ], [ 6121177.83098953217268, 2040045.292142221238464 ], [ 6121081.849173462018371, 2040132.284989493899047 ], [ 6120994.856326189823449, 2040228.266805564053357 ], [ 6120917.690236388705671, 2040332.313233074266464 ], [ 6120851.094055688008666, 2040443.422248049639165 ], [ 6120850.403802170418203, 2040444.881666494067758 ], [ 6120835.122335788793862, 2040470.377252865349874 ], [ 6120779.737421814352274, 2040587.478814753936604 ], [ 6120736.097161562182009, 2040709.445171499857679 ], [ 6120704.62183459661901, 2040835.10172041435726 ], [ 6120685.614565521478653, 2040963.238320240750909 ], [ 6120679.258404728956521, 2041092.62094547576271 ], [ 6120685.614565521478653, 2041222.003570710774511 ], [ 6120704.62183459661901, 2041350.14017053716816 ], [ 6120736.097161562182009, 2041475.796719451667741 ], [ 6120779.737421814352274, 2041597.763076197588816 ], [ 6120835.122335788793862, 2041714.864638086175546 ], [ 6120901.718516489490867, 2041825.973653061548248 ], [ 6120978.884606290608644, 2041930.020080571761355 ], [ 6121065.877453562803566, 2042026.001896641915664 ], [ 6121161.859269632957876, 2042112.994743914576247 ], [ 6121265.905697142705321, 2042190.160833715228364 ], [ 6121377.014712118543684, 2042256.757014415692538 ], [ 6121382.868478126823902, 2042259.5256395440083 ], [ 6121385.812115461565554, 2042261.708789781201631 ], [ 6121496.921130437403917, 2042328.304970481665805 ], [ 6121614.022692325524986, 2042383.689884456573054 ], [ 6121735.989049072377384, 2042427.330144708277658 ], [ 6121861.645597986876965, 2042458.805471674073488 ], [ 6121989.782197812572122, 2042477.812740748981014 ], [ 6122119.164823047816753, 2042484.168901541735977 ], [ 6122248.547448283061385, 2042477.812740748981014 ], [ 6122376.684048108756542, 2042458.805471674073488 ], [ 6122502.340597023256123, 2042427.330144708277658 ], [ 6122624.306953770108521, 2042383.689884456573054 ], [ 6122741.408515658229589, 2042328.304970481665805 ], [ 6122852.517530634067953, 2042261.708789781201631 ], [ 6122956.563958143815398, 2042184.542699980549514 ], [ 6123052.545774213969707, 2042097.549852707888931 ], [ 6123139.538621486164629, 2042001.568036637734622 ], [ 6123216.704711287282407, 2041897.521609127521515 ], [ 6123283.300891987979412, 2041786.412594152148813 ], [ 6123338.685805962421, 2041669.311032263562083 ], [ 6123382.326066214591265, 2041547.344675517641008 ], [ 6123413.801393180154264, 2041421.688126603141427 ], [ 6123432.808662255294621, 2041293.551526776747778 ], [ 6123439.164823047816753, 2041164.168901541735977 ], [ 6123432.808662255294621, 2041034.786276306724176 ], [ 6123413.801393180154264, 2040906.649676480330527 ], [ 6123382.326066214591265, 2040780.993127565830946 ], [ 6123338.685805962421, 2040659.026770819909871 ], [ 6123283.300891987979412, 2040541.925208931323141 ], [ 6123237.639699211344123, 2040465.744111177045852 ], [ 6123216.01216733828187, 2040420.016536998795345 ] ] ] } },
{ "type": "Feature", "properties": { "parent_sta": "mtc:warm-springs-south-fremont-bart", "stop_id": "WARM_1", "stop_name": "Main (East) Entrance / Exit", "stop_code": "WARM_1", "stop_desc": "Pedestrian Access Point", "stop_lat": 37.50225, "stop_lon": -121.93843, "zone_id": "BA:79542", "stop_url": null, "tts_stop_n": null, "platform_c": null, "location_t": "2", "stop_timez": "America/Los_Angeles", "wheelchair": "0", "level_id": "mtc:ground", "route_info": "{'route_id': None, 'route_type': None}" }, "geometry": { "type": "Polygon", "coordinates": [ [ [ 6144429.304985014721751, 2007172.063404428772628 ], [ 6144307.338628267869353, 2007128.423144177068025 ], [ 6144181.682079353369772, 2007096.947817211272195 ], [ 6144053.545479527674615, 2007077.940548136364669 ], [ 6143924.162854292429984, 2007071.584387343609706 ], [ 6143794.780229057185352, 2007077.940548136364669 ], [ 6143710.202608264051378, 2007090.486453040270135 ], [ 6143706.007188028655946, 2007090.692560819908977 ], [ 6143577.870588202960789, 2007109.699829894816503 ], [ 6143452.214039288461208, 2007141.175156860612333 ], [ 6143330.24768254160881, 2007184.815417112316936 ], [ 6143213.146120653487742, 2007240.200331087224185 ], [ 6143102.037105677649379, 2007306.79651178768836 ], [ 6142997.990678167901933, 2007383.962601588340476 ], [ 6142902.008862097747624, 2007470.955448861001059 ], [ 6142815.016014825552702, 2007566.937264931155369 ], [ 6142737.849925024434924, 2007670.983692441368476 ], [ 6142671.253744323737919, 2007782.092707416741177 ], [ 6142615.868830349296331, 2007899.194269305327907 ], [ 6142572.228570097126067, 2008021.160626051248983 ], [ 6142540.753243131563067, 2008146.817174965748563 ], [ 6142521.74597405642271, 2008274.953774792142212 ], [ 6142515.389813263900578, 2008404.336400027154014 ], [ 6142521.74597405642271, 2008533.719025262165815 ], [ 6142540.753243131563067, 2008661.855625088559464 ], [ 6142572.228570097126067, 2008787.512174003059044 ], [ 6142580.226732812821865, 2008809.865541316801682 ], [ 6142585.139646146446466, 2008829.47899077530019 ], [ 6142628.779906398616731, 2008951.445347521221265 ], [ 6142684.164820373058319, 2009068.546909409807995 ], [ 6142750.761001073755324, 2009179.655924385180697 ], [ 6142827.927090874873102, 2009283.702351895393804 ], [ 6142914.919938147068024, 2009379.684167965548113 ], [ 6143010.901754217222333, 2009466.677015238208696 ], [ 6143114.948181726969779, 2009543.843105038860813 ], [ 6143226.057196702808142, 2009610.439285739324987 ], [ 6143343.15875859092921, 2009665.824199714232236 ], [ 6143465.125115337781608, 2009709.46445996593684 ], [ 6143590.781664252281189, 2009740.939786931732669 ], [ 6143718.918264077976346, 2009759.947056006640196 ], [ 6143848.300889313220978, 2009766.303216799395159 ], [ 6143906.02018925268203, 2009763.467649422585964 ], [ 6143918.193280871026218, 2009769.22509297193028 ], [ 6144040.159637617878616, 2009812.865353223634884 ], [ 6144165.816186532378197, 2009844.340680189430714 ], [ 6144293.952786358073354, 2009863.34794926433824 ], [ 6144423.335411593317986, 2009869.704110057093203 ], [ 6144552.718036828562617, 2009863.34794926433824 ], [ 6144680.854636654257774, 2009844.340680189430714 ], [ 6144806.511185568757355, 2009812.865353223634884 ], [ 6144928.477542315609753, 2009769.22509297193028 ], [ 6145045.579104203730822, 2009713.840178997023031 ], [ 6145156.688119179569185, 2009647.243998296558857 ], [ 6145260.73454668931663, 2009570.07790849590674 ], [ 6145356.71636275947094, 2009483.085061223246157 ], [ 6145443.709210031665862, 2009387.103245153091848 ], [ 6145520.875299832783639, 2009283.056817642878741 ], [ 6145587.471480533480644, 2009171.947802667506039 ], [ 6145642.856394507922232, 2009054.846240778919309 ], [ 6145686.496654760092497, 2008932.879884032998234 ], [ 6145717.971981725655496, 2008807.223335118498653 ], [ 6145736.979250800795853, 2008679.086735292105004 ], [ 6145743.335411593317986, 2008549.704110057093203 ], [ 6145736.979250800795853, 2008420.321484822081402 ], [ 6145717.971981725655496, 2008292.184884995687753 ], [ 6145686.496654760092497, 2008166.528336081188172 ], [ 6145642.856394507922232, 2008044.561979335267097 ], [ 6145587.471480533480644, 2007927.460417446680367 ], [ 6145520.875299832783639, 2007816.351402471307665 ], [ 6145443.709210031665862, 2007712.304974961094558 ], [ 6145356.71636275947094, 2007616.323158890940249 ], [ 6145260.73454668931663, 2007529.330311618279666 ], [ 6145156.688119179569185, 2007452.164221817627549 ], [ 6145045.579104203730822, 2007385.568041117163375 ], [ 6144928.477542315609753, 2007330.183127142256126 ], [ 6144902.958643844351172, 2007321.052319267764688 ], [ 6144874.971959125250578, 2007307.815603201510385 ], [ 6144753.00560237839818, 2007264.175342949805781 ], [ 6144627.349053463898599, 2007232.700015984009951 ], [ 6144525.598198085092008, 2007217.606702368706465 ], [ 6144429.304985014721751, 2007172.063404428772628 ] ] ] } }
]
}
