{
"type": "FeatureCollection",
"name": "Tier1_buffer_low_resource_exception",
"crs": { "type": "name", "properties": { "name": "urn:ogc:def:crs:OGC:1.3:CRS84" } },
"features": [
{ "type": "Feature", "properties": { }, "geometry": { "type": "MultiPolygon", "coordinates": [ [ [ [ -122.274349780274207, 37.513294790967336 ], [ -122.275240960402101, 37.513246406716711 ], [ -122.276133802938844, 37.513267830310326 ], [ -122.277019711817033, 37.513358855486707 ], [ -122.277890157666889, 37.513518605874388 ], [ -122.27873675986605, 37.513745543422097 ], [ -122.279551367163009, 37.514037483194485 ], [ -122.280326136101777, 37.514391614391229 ], [ -122.281053606495007, 37.51480452738835 ], [ -122.281726773221038, 37.51527224654177 ], [ -122.281943762911453, 37.515455802603519 ], [ -122.282084142333971, 37.515535478766743 ], [ -122.282757322126614, 37.516003191981781 ], [ -122.283369715727531, 37.51652120847023 ], [ -122.2839154253017, 37.517084540436315 ], [ -122.284389194733919, 37.517687763640851 ], [ -122.284786460272414, 37.518325069603002 ], [ -122.285103394522366, 37.518990321504937 ], [ -122.285336943363674, 37.519677113262539 ], [ -122.285484855435712, 37.520378831194279 ], [ -122.285545703902031, 37.521088717695392 ], [ -122.285518900282398, 37.521799936305037 ], [ -122.285404700215267, 37.52250563753978 ], [ -122.28520420109173, 37.523199024860361 ], [ -122.284919331580085, 37.523873420135587 ], [ -122.284902131882106, 37.523903873528759 ], [ -122.284877241184162, 37.523962798672294 ], [ -122.284510741936103, 37.524611706372525 ], [ -122.28406614160366, 37.525228876530655 ], [ -122.283974998239771, 37.525330756903941 ], [ -122.283849074005403, 37.525505555316819 ], [ -122.283330649459046, 37.526085042419851 ], [ -122.282743396041838, 37.526621265594954 ], [ -122.282092968985424, 37.527109059740845 ], [ -122.281385632407932, 37.527543726147066 ], [ -122.280628198981319, 37.527921077782722 ], [ -122.279827964297269, 37.528237479656866 ], [ -122.278992636564524, 37.528489883859422 ], [ -122.278130262316736, 37.528675858944567 ], [ -122.277249148847886, 37.528793613372059 ], [ -122.276357784125551, 37.528842012779862 ], [ -122.275464754956332, 37.528820590921114 ], [ -122.274578664194962, 37.528729554159519 ], [ -122.273708047798223, 37.528569779479547 ], [ -122.272861292525917, 37.528342806031162 ], [ -122.272046555085538, 37.528050820290098 ], [ -122.271271683502135, 37.527696634978163 ], [ -122.270544141473664, 37.527283661946591 ], [ -122.269870936443255, 37.526815879285472 ], [ -122.269258552082235, 37.526297792976393 ], [ -122.268712885835853, 37.525734393459985 ], [ -122.268239192133422, 37.525131107537305 ], [ -122.267892683420499, 37.524575032276907 ], [ -122.267467896966892, 37.524034015071244 ], [ -122.26707074908434, 37.523396650926244 ], [ -122.266753957045935, 37.522731350687366 ], [ -122.266520569861086, 37.522044522214856 ], [ -122.2663728330174, 37.521342780540785 ], [ -122.266312166938562, 37.520632884143453 ], [ -122.266339153395592, 37.519921669847236 ], [ -122.266453529999254, 37.519215986975027 ], [ -122.266654192822941, 37.518522631387846 ], [ -122.26693920712691, 37.517848280046607 ], [ -122.267305826077333, 37.517199426725973 ], [ -122.267750517276014, 37.516582319498667 ], [ -122.268268996843346, 37.516002900591602 ], [ -122.268856270722438, 37.515466749191738 ], [ -122.269506682806224, 37.514979027751274 ], [ -122.270213969421619, 37.514544432308199 ], [ -122.270971319646463, 37.514167147298657 ], [ -122.271771440877913, 37.513850805295178 ], [ -122.272606629022192, 37.513598452057302 ], [ -122.273468842631218, 37.513412517229497 ], [ -122.274349780274207, 37.513294790967336 ] ] ], [ [ [ -122.307361411988367, 37.536297872502303 ], [ -122.307907447715834, 37.536861091880112 ], [ -122.307971215283871, 37.536942216149981 ], [ -122.308077103680034, 37.537051435279011 ], [ -122.308551195607777, 37.537654559804963 ], [ -122.30863246368844, 37.537784814007431 ], [ -122.309009483434522, 37.538173680945803 ], [ -122.30903637317688, 37.538207888248884 ], [ -122.309156768601014, 37.538332065646401 ], [ -122.309630877413838, 37.538935185735561 ], [ -122.31002847207256, 37.539572404940081 ], [ -122.310345722012954, 37.540237587277787 ], [ -122.310579570074452, 37.540924327334807 ], [ -122.310727762014267, 37.541626011927804 ], [ -122.310788868299738, 37.542335883773639 ], [ -122.310762297966434, 37.543047106552997 ], [ -122.310648304404666, 37.543752830742903 ], [ -122.310447983015095, 37.54444625958358 ], [ -122.31017685371171, 37.545088515310177 ], [ -122.310881897885551, 37.545160719404329 ], [ -122.311752787763297, 37.545320218373554 ], [ -122.312599854347752, 37.545546911148548 ], [ -122.313414941917969, 37.545838615150494 ], [ -122.314190202395466, 37.546192521849015 ], [ -122.314918170861674, 37.546605223781526 ], [ -122.31559183740066, 37.547072747336053 ], [ -122.316204714576998, 37.547590590983631 ], [ -122.316750899900185, 37.548153768592755 ], [ -122.317225132674494, 37.548756857410694 ], [ -122.317622844686554, 37.549394050250861 ], [ -122.317844101389724, 37.549857788573242 ], [ -122.317935860463777, 37.55000479649788 ], [ -122.318253225414821, 37.550669956742709 ], [ -122.318351486614802, 37.550958384153162 ], [ -122.318420556853454, 37.551069039026238 ], [ -122.318737930664568, 37.551734197885111 ], [ -122.318971892158544, 37.552420920390233 ], [ -122.319120185999708, 37.553122593527469 ], [ -122.319181381673502, 37.553832460124077 ], [ -122.31915488735396, 37.554543683911497 ], [ -122.319040955698441, 37.555249415357217 ], [ -122.318840681510594, 37.555942857631763 ], [ -122.318555991289642, 37.556617332075483 ], [ -122.318189624763718, 37.557266342534199 ], [ -122.317745108581448, 37.557883637943746 ], [ -122.317226722412315, 37.558463272559536 ], [ -122.316639457779544, 37.558999663249885 ], [ -122.315988970020797, 37.559487643300784 ], [ -122.315281523837086, 37.559922512211578 ], [ -122.314523932954771, 37.560300081001294 ], [ -122.313723494481152, 37.560616712587603 ], [ -122.312887918587535, 37.560869356848016 ], [ -122.312801965797007, 37.56088791178432 ], [ -122.312663718912376, 37.560929711170473 ], [ -122.311801053263423, 37.56111593270046 ], [ -122.3109196093977, 37.56123393918115 ], [ -122.310027878466187, 37.56128259382254 ], [ -122.309134450804123, 37.561261427919071 ], [ -122.308247933106287, 37.561170645368712 ], [ -122.307376865443615, 37.561011120707015 ], [ -122.30652963892463, 37.560784390675295 ], [ -122.305714414797961, 37.56049263940438 ], [ -122.304939045778553, 37.560138677357244 ], [ -122.304211000357583, 37.55972591423437 ], [ -122.303537290828515, 37.559258326103766 ], [ -122.302924405723374, 37.558740417073217 ], [ -122.302378247311495, 37.558177175875819 ], [ -122.301904074763257, 37.557574027787751 ], [ -122.301506453525747, 37.55693678234325 ], [ -122.301189211397144, 37.556271577351446 ], [ -122.301129851599327, 37.556097224001896 ], [ -122.301080013925528, 37.556017349352651 ], [ -122.300988695744849, 37.555825866322955 ], [ -122.300985237460878, 37.555820323709362 ], [ -122.300668004739677, 37.555155117228729 ], [ -122.300655224455127, 37.555117577276405 ], [ -122.300576535709496, 37.554952572420696 ], [ -122.300574608386867, 37.55494691119727 ], [ -122.300475458416628, 37.554738999420344 ], [ -122.300241660128748, 37.554052240288684 ], [ -122.300237564445681, 37.554032837494006 ], [ -122.300193247588709, 37.553902659608198 ], [ -122.300045130442442, 37.553200962667887 ], [ -122.299984117606868, 37.552491086074561 ], [ -122.300010794190655, 37.551779866462567 ], [ -122.300124900786528, 37.551074153206756 ], [ -122.300325336065711, 37.550380742461449 ], [ -122.300610167477117, 37.549706311719603 ], [ -122.300622643122637, 37.549684220219504 ], [ -122.300058022212923, 37.549626352013775 ], [ -122.299187107046038, 37.549466766466168 ], [ -122.298340036715615, 37.549239977125069 ], [ -122.297524970965213, 37.548948168692675 ], [ -122.296749760983602, 37.548594152182702 ], [ -122.296021873729686, 37.548181337820303 ], [ -122.295348319972945, 37.547713702167052 ], [ -122.294735586744707, 37.547195749788621 ], [ -122.294189574851259, 37.546632469835558 ], [ -122.294153345164673, 37.546586369872863 ], [ -122.294039756741455, 37.546469187565592 ], [ -122.293565726193407, 37.545866005072661 ], [ -122.293500519034694, 37.545761462094482 ], [ -122.293102506466568, 37.545350843987642 ], [ -122.293030024811458, 37.545258611659854 ], [ -122.292934341242983, 37.545159896517575 ], [ -122.292460327971909, 37.544556709481604 ], [ -122.292062856957287, 37.543919431192478 ], [ -122.291745754550632, 37.543254199775582 ], [ -122.291512072750152, 37.54256742242864 ], [ -122.291364059880308, 37.541865713691742 ], [ -122.29130313902219, 37.541155831726364 ], [ -122.29132989439924, 37.540444613218433 ], [ -122.291444065846292, 37.539738907531948 ], [ -122.291644551410798, 37.539045510748167 ], [ -122.291929418058288, 37.538371100225348 ], [ -122.292295920374983, 37.537722170308605 ], [ -122.292740527084135, 37.537104969808865 ], [ -122.293258955117906, 37.536525441851666 ], [ -122.293846210913998, 37.535989166674575 ], [ -122.294496638537993, 37.535501307922125 ], [ -122.295203974165901, 37.535066562954803 ], [ -122.295961406402554, 37.534689117648789 ], [ -122.29598338656578, 37.534680424097473 ], [ -122.295989905110062, 37.534677175722145 ], [ -122.296790140312993, 37.534360663999259 ], [ -122.297625473556266, 37.534108133437506 ], [ -122.298487861994587, 37.533922015388754 ], [ -122.299369002513956, 37.533804101772795 ], [ -122.300260411612356, 37.533755527839347 ], [ -122.301153507009829, 37.533776761247402 ], [ -122.30203969020522, 37.533867597566584 ], [ -122.302910429188628, 37.534027162243575 ], [ -122.303757340516412, 37.534253919015093 ], [ -122.304572269961938, 37.534545684686186 ], [ -122.305347370968704, 37.534899650132822 ], [ -122.306075180153101, 37.535312407326764 ], [ -122.306748689132533, 37.535779982124026 ], [ -122.307361411988367, 37.536297872502303 ] ] ], [ [ [ -122.333993524748436, 37.569445518245381 ], [ -122.33387971088537, 37.570151262879556 ], [ -122.333679534772116, 37.57084472926033 ], [ -122.333394921962153, 37.57151923849618 ], [ -122.333028611436788, 37.572168294098283 ], [ -122.332584129304138, 37.572785644567993 ], [ -122.332065754904491, 37.57336534363067 ], [ -122.331478479646748, 37.57390180753432 ], [ -122.33082795896992, 37.57438986885996 ], [ -122.330120457891312, 37.574824826324345 ], [ -122.3293627906654, 37.575202490093737 ], [ -122.328562255134486, 37.575519222171117 ], [ -122.327726562404578, 37.575771971466111 ], [ -122.326863762524994, 37.575958303208935 ], [ -122.325982166890256, 37.576076422423903 ], [ -122.325090268113613, 37.576125191235072 ], [ -122.324196658147656, 37.576104139837028 ], [ -122.323309945443881, 37.576013471024702 ], [ -122.322438671952369, 37.575854058237937 ], [ -122.321591230765208, 37.57562743714027 ], [ -122.320775785199672, 37.575335790813092 ], [ -122.32000019010448, 37.574981928708411 ], [ -122.319271916149276, 37.574569259563951 ], [ -122.318597977829583, 37.574101758542376 ], [ -122.318595412286854, 37.57409959172648 ], [ -122.318282223370986, 37.573922119720137 ], [ -122.317608297118085, 37.573454612990858 ], [ -122.316995197377082, 37.572936778161498 ], [ -122.316983411140484, 37.572924629503525 ], [ -122.316391380443761, 37.572424579854534 ], [ -122.31584501987389, 37.571861402104219 ], [ -122.315370651179379, 37.571258309277376 ], [ -122.314972841696488, 37.570621110375995 ], [ -122.314655421036349, 37.569955942761048 ], [ -122.314421444261555, 37.569269213016042 ], [ -122.314273162536423, 37.56856753522284 ], [ -122.314212001529967, 37.567857667245356 ], [ -122.314238547776824, 37.567146445635231 ], [ -122.314352543123917, 37.56644071978684 ], [ -122.314552887312601, 37.565747285976137 ], [ -122.314837648667861, 37.565072821918484 ], [ -122.315204082787716, 37.564423822475149 ], [ -122.315648659050112, 37.563806537127114 ], [ -122.316167094678406, 37.563226909817558 ], [ -122.316754396035506, 37.56269052174121 ], [ -122.3168594453048, 37.562611719144833 ], [ -122.316873986128613, 37.562598438688262 ], [ -122.3175244952524, 37.562110453910456 ], [ -122.318231949119877, 37.561675571608617 ], [ -122.318989535196437, 37.561297978981671 ], [ -122.319789958607004, 37.560981311564625 ], [ -122.320625512347462, 37.5607286182507 ], [ -122.321488151449543, 37.560542331958928 ], [ -122.322369570386101, 37.560424246229111 ], [ -122.323261282975196, 37.560375497968138 ], [ -122.324154704015584, 37.560396556513403 ], [ -122.325041231871907, 37.560487219118023 ], [ -122.325912331216998, 37.560646612901202 ], [ -122.326759615138897, 37.560873203244839 ], [ -122.327574925824891, 37.561164808556299 ], [ -122.328350413048938, 37.561518621255296 ], [ -122.328593674267623, 37.561656459853566 ], [ -122.328639425741883, 37.561677333336291 ], [ -122.329367625555022, 37.562089945067669 ], [ -122.329593108839916, 37.562246349661542 ], [ -122.329814845581808, 37.562371987162273 ], [ -122.330488748173877, 37.562839424516852 ], [ -122.331101858603276, 37.563357189578909 ], [ -122.331648272133833, 37.563920296973592 ], [ -122.331857485439926, 37.564186207184562 ], [ -122.332385956127595, 37.564730808526996 ], [ -122.332860420999836, 37.56533383314521 ], [ -122.333258355244553, 37.565970971898942 ], [ -122.333575925026963, 37.566636089580918 ], [ -122.333810070105784, 37.56732278140008 ], [ -122.333958533376887, 37.568024434638041 ], [ -122.334019882693269, 37.568734292313913 ], [ -122.333993524748436, 37.569445518245381 ] ] ], [ [ [ -122.345700489251186, 37.572360257054122 ], [ -122.346547966588673, 37.572586704471242 ], [ -122.346991599856693, 37.572745261148569 ], [ -122.347480660407555, 37.572834639372338 ], [ -122.348328148553946, 37.573061073945887 ], [ -122.349143677059118, 37.573352529260028 ], [ -122.3499193936008, 37.573706199178666 ], [ -122.350647828870905, 37.574118678518943 ], [ -122.351321968460311, 37.574585995812107 ], [ -122.351935320380008, 37.575103651515235 ], [ -122.352481977569241, 37.575666661306585 ], [ -122.35259207407114, 37.575806502829948 ], [ -122.352875363338413, 37.576098260735591 ], [ -122.353350066493576, 37.576701201860004 ], [ -122.353748236731192, 37.577338270410635 ], [ -122.354066037944193, 37.5780033318565 ], [ -122.354300407662663, 37.578689981948372 ], [ -122.354449086618871, 37.579391608370017 ], [ -122.354510640588387, 37.580101454399198 ], [ -122.354484474293159, 37.580812683966151 ], [ -122.354370837229652, 37.581518447483447 ], [ -122.354170821362189, 37.582211947813562 ], [ -122.353886350699867, 37.582886505738465 ], [ -122.353520162853741, 37.583535624300787 ], [ -122.35307578274913, 37.584153051395944 ], [ -122.352557488742406, 37.584732840011675 ], [ -122.351970271466982, 37.585269405533758 ], [ -122.351319785802261, 37.585757579564749 ], [ -122.350612296427286, 37.586192659736078 ], [ -122.350538851699611, 37.586229281266121 ], [ -122.35039820163108, 37.586315774631466 ], [ -122.34964052034816, 37.586693568542678 ], [ -122.348839947554652, 37.587010438237733 ], [ -122.348004194715031, 37.58726333130074 ], [ -122.347141312457325, 37.587449811577166 ], [ -122.346259612969547, 37.587568082660518 ], [ -122.345367589865461, 37.587617005211882 ], [ -122.344473836295663, 37.587596107944869 ], [ -122.343586962095401, 37.587505592169563 ], [ -122.342715510771143, 37.587346329851584 ], [ -122.34186787712872, 37.587119855204939 ], [ -122.341052226340139, 37.586828349900166 ], [ -122.340276415231841, 37.586474622030842 ], [ -122.340116089888028, 37.586383831848849 ], [ -122.339867105587828, 37.586270306095138 ], [ -122.339668830075979, 37.586158023805808 ], [ -122.339012075704076, 37.585923289272841 ], [ -122.338236283714153, 37.585569547906431 ], [ -122.337507805191933, 37.585156992234609 ], [ -122.336833656604142, 37.58468959632701 ], [ -122.336220330713175, 37.584171862439902 ], [ -122.335673734035012, 37.583608777619446 ], [ -122.335199129962092, 37.583005765635825 ], [ -122.334801088098203, 37.582368634712537 ], [ -122.334483440292729, 37.581703521556101 ], [ -122.334249243795938, 37.581016832225735 ], [ -122.334100751888045, 37.580315180414424 ], [ -122.334039392261801, 37.57960532373626 ], [ -122.334065753364058, 37.5788940986344 ], [ -122.334179578823964, 37.578188354537275 ], [ -122.334379770017918, 37.577494887897068 ], [ -122.334664396743122, 37.576820376745722 ], [ -122.335030715892927, 37.576171316398394 ], [ -122.335078670723306, 37.576104710530771 ], [ -122.335111149541973, 37.576047162400187 ], [ -122.335555630192673, 37.575429802611808 ], [ -122.336073991798614, 37.574850088302739 ], [ -122.336661241434328, 37.574313601505821 ], [ -122.33731172322203, 37.573825507904061 ], [ -122.338019172814015, 37.573390507120031 ], [ -122.338776777716021, 37.57301278749366 ], [ -122.339577242871002, 37.57269598578295 ], [ -122.340412860872547, 37.572443152174323 ], [ -122.341275586133307, 37.572256720937659 ], [ -122.342157112296604, 37.572138487008324 ], [ -122.343048952148195, 37.572089588720118 ], [ -122.343942519261873, 37.572110496854904 ], [ -122.344829210596359, 37.572201010113901 ], [ -122.345700489251186, 37.572360257054122 ] ] ], [ [ [ -122.386004663182106, 37.591847264011513 ], [ -122.38689847933783, 37.59186784564011 ], [ -122.387785458037925, 37.591958034732684 ], [ -122.388657059616321, 37.592116962967182 ], [ -122.389504892327636, 37.592343100207728 ], [ -122.390320793077692, 37.592634269224078 ], [ -122.391096905961717, 37.592987666636631 ], [ -122.391825757857234, 37.593399889886285 ], [ -122.392500330345314, 37.593866969970129 ], [ -122.393114127270238, 37.594384409629427 ], [ -122.393421848348567, 37.594700966433933 ], [ -122.393540346638702, 37.594800859913988 ], [ -122.394087462937364, 37.595363674896085 ], [ -122.394137301037986, 37.595426898571631 ], [ -122.394287066562782, 37.595553146937498 ], [ -122.394834194032583, 37.596115958394009 ], [ -122.395309364497408, 37.596718728616636 ], [ -122.3957080007158, 37.597355653487377 ], [ -122.396026262093997, 37.598020599859346 ], [ -122.396261081730955, 37.598707164592106 ], [ -122.396410196025982, 37.59940873619211 ], [ -122.396472166561495, 37.600118558465894 ], [ -122.396446394046691, 37.600829795573311 ], [ -122.396333124184267, 37.601535597855204 ], [ -122.396133445400324, 37.602229167801596 ], [ -122.395849278455415, 37.602903825524947 ], [ -122.395483358033303, 37.603553073107577 ], [ -122.395039206481229, 37.604170657203078 ], [ -122.394521099951859, 37.604750629287842 ], [ -122.393934027270532, 37.605287402981148 ], [ -122.393283641921727, 37.605775807881081 ], [ -122.392576207616258, 37.606211139395811 ], [ -122.391818537962848, 37.606589204089225 ], [ -122.391017930825043, 37.606906360102869 ], [ -122.390182097997112, 37.607159552263035 ], [ -122.389319090876938, 37.607346341534225 ], [ -122.389195528818732, 37.607362957370512 ], [ -122.388394616919726, 37.607536299544734 ], [ -122.387512745175385, 37.607654879610557 ], [ -122.386620508601368, 37.607704114942479 ], [ -122.385726502405092, 37.607683531241022 ], [ -122.384839338856267, 37.607593326795602 ], [ -122.383967564249772, 37.607434370572641 ], [ -122.383119576506999, 37.607208193837408 ], [ -122.38230354421259, 37.606916975390632 ], [ -122.381527327869591, 37.606563520562517 ], [ -122.380798404134609, 37.606151234167584 ], [ -122.380123793764625, 37.605684087681681 ], [ -122.379509993971695, 37.605166580958731 ], [ -122.378962915838017, 37.604603698857026 ], [ -122.378487827394608, 37.604000863194479 ], [ -122.37808930291142, 37.603363880496751 ], [ -122.377771178886746, 37.60269888604325 ], [ -122.377536517157608, 37.602012284750593 ], [ -122.37738757548459, 37.60131068946459 ], [ -122.377344794848426, 37.600819230112108 ], [ -122.37728816060276, 37.600653517726798 ], [ -122.377139223987797, 37.599951922007754 ], [ -122.377077437889653, 37.599242089548696 ], [ -122.377103394861351, 37.598530856560444 ], [ -122.377216842422527, 37.597825072548311 ], [ -122.377416685587193, 37.597131534349757 ], [ -122.377700997501975, 37.596456920686798 ], [ -122.378067038089654, 37.595807727862677 ], [ -122.378511280514118, 37.595190207221854 ], [ -122.379029445209838, 37.594610304974431 ], [ -122.379616541145069, 37.59407360496364 ], [ -122.380266913919769, 37.59358527492622 ], [ -122.380974300233902, 37.593150016761797 ], [ -122.381731888200704, 37.592772021289008 ], [ -122.382532382924751, 37.592454927922205 ], [ -122.383368076713793, 37.592201789656137 ], [ -122.384230923250115, 37.592015043694204 ], [ -122.385112615009078, 37.591896488002092 ], [ -122.386004663182106, 37.591847264011513 ] ] ], [ [ [ -122.424431949941038, 37.634161633622007 ], [ -122.424831035919567, 37.63479845668391 ], [ -122.425149717597947, 37.635463321006242 ], [ -122.425384924026488, 37.636149824238991 ], [ -122.425534387878201, 37.636851355481262 ], [ -122.425596667367174, 37.637561158928705 ], [ -122.425571160224933, 37.63827239892305 ], [ -122.425458109595851, 37.638978225777954 ], [ -122.425258601791938, 37.639671841747486 ], [ -122.424974555924109, 37.640346566501591 ], [ -122.424608705507154, 37.640995901477723 ], [ -122.424206012340434, 37.641555958450432 ], [ -122.423435, 37.640472 ], [ -122.418482, 37.642316 ], [ -122.416763, 37.639353 ], [ -122.413759, 37.634184 ], [ -122.412985, 37.634135 ], [ -122.412852, 37.632856 ], [ -122.411774, 37.630673 ], [ -122.409458, 37.626656 ], [ -122.407252, 37.622842 ], [ -122.40671870706629, 37.622119107272184 ], [ -122.406829067833897, 37.622075380083515 ], [ -122.407665011508513, 37.621822070128999 ], [ -122.408528140401131, 37.621635146615809 ], [ -122.409410144268946, 37.621516409219204 ], [ -122.410302531299024, 37.62146700112045 ], [ -122.411196709798446, 37.621487398009833 ], [ -122.41131115532454, 37.621499006668401 ], [ -122.411849731577576, 37.621511288190071 ], [ -122.412737093694844, 37.621601288765582 ], [ -122.413609095607697, 37.621760031483113 ], [ -122.414457341717679, 37.621985987992822 ], [ -122.415273664951755, 37.622276982804401 ], [ -122.416050205338792, 37.622630214215391 ], [ -122.416779485641342, 37.623042281264873 ], [ -122.417454483316561, 37.623509216453812 ], [ -122.418068698115576, 37.624026523918495 ], [ -122.41861621467099, 37.624589222690545 ], [ -122.419091759470518, 37.625191894628585 ], [ -122.419490751668036, 37.62582873656109 ], [ -122.419809347241355, 37.626493616140046 ], [ -122.420044476070373, 37.62718013086841 ], [ -122.420131868825791, 37.627590515764822 ], [ -122.420339925036458, 37.627922581233939 ], [ -122.420560855006798, 37.628383617398683 ], [ -122.420642632002412, 37.628514134028386 ], [ -122.420961249359962, 37.629179010251832 ], [ -122.421196397296967, 37.629865522433711 ], [ -122.421345809049953, 37.630567059586916 ], [ -122.421408043335092, 37.631276865850118 ], [ -122.421396303182547, 37.631603742239747 ], [ -122.422119243213913, 37.632012127763645 ], [ -122.42279435573731, 37.632479031762863 ], [ -122.423408681674431, 37.632996310735265 ], [ -122.423956304587819, 37.633558983986902 ], [ -122.424431949941038, 37.634161633622007 ] ] ], [ [ [ -122.403594753466621, 37.634630742618143 ], [ -122.403195850105661, 37.633993847538662 ], [ -122.4028773708458, 37.633328923650666 ], [ -122.402642380944513, 37.632642375191388 ], [ -122.40257307828179, 37.632316591910801 ], [ -122.402547526474862, 37.632275793484965 ], [ -122.402537748950778, 37.632263398583518 ], [ -122.40213886732279, 37.631626499718756 ], [ -122.401820407635498, 37.630961572759311 ], [ -122.401585434958037, 37.630275021971983 ], [ -122.401436210044565, 37.629573459716525 ], [ -122.401374167645159, 37.628863642745706 ], [ -122.40139990277936, 37.628152407121668 ], [ -122.401513165101136, 37.627446602375635 ], [ -122.401712861406239, 37.626753025545312 ], [ -122.401878724674475, 37.626359285105956 ], [ -122.402393, 37.627936 ], [ -122.402865, 37.631313 ], [ -122.402946, 37.631839 ], [ -122.403609, 37.634193 ], [ -122.403660206634399, 37.63471371162003 ], [ -122.403594753466621, 37.634630742618143 ] ] ], [ [ [ -122.41579448280639, 37.65769945068466 ], [ -122.415350176625111, 37.658317106992939 ], [ -122.414831851375595, 37.658897164325786 ], [ -122.41424449798734, 37.659434035482136 ], [ -122.413593772646635, 37.65992254912198 ], [ -122.412885942337667, 37.660357999606752 ], [ -122.412127824482781, 37.660736192354982 ], [ -122.411863344372534, 37.660840945555144 ], [ -122.411444203415684, 37.661155582870954 ], [ -122.41073634879433, 37.661591020353796 ], [ -122.409978207447892, 37.661969199191759 ], [ -122.409177081783326, 37.662286476427447 ], [ -122.408340688590002, 37.66253979571988 ], [ -122.407477084664649, 37.662726716809239 ], [ -122.406594589147971, 37.662845439042997 ], [ -122.405701703323714, 37.662894818736461 ], [ -122.404807028655469, 37.662874380199554 ], [ -122.403919183854484, 37.66278432032324 ], [ -122.403046721780271, 37.662625506681131 ], [ -122.402198046978782, 37.662399469164775 ], [ -122.402103850879413, 37.662365896791599 ], [ -122.404025, 37.661097 ], [ -122.404919, 37.660116 ], [ -122.406389, 37.657442 ], [ -122.409116, 37.65805 ], [ -122.41147, 37.658575 ], [ -122.412134, 37.656668 ], [ -122.415691, 37.657453 ], [ -122.415906579318175, 37.657500589862273 ], [ -122.41579448280639, 37.65769945068466 ] ] ], [ [ [ -122.450975010052773, 37.659379792027451 ], [ -122.451523035617996, 37.659942334917226 ], [ -122.451999072919293, 37.6605448709008 ], [ -122.45239853636798, 37.661181598115959 ], [ -122.45271757740349, 37.661846385319656 ], [ -122.452953121615039, 37.662532830904766 ], [ -122.453102898421704, 37.663234324525973 ], [ -122.453165463022572, 37.663944110741703 ], [ -122.453140210401742, 37.664655354060173 ], [ -122.453027381250621, 37.665361204763641 ], [ -122.452828059746082, 37.666054864877118 ], [ -122.452544163202731, 37.666729653646023 ], [ -122.452512280901303, 37.666786265333407 ], [ -122.452420270364826, 37.667004960377788 ], [ -122.452054528421925, 37.667654378212994 ], [ -122.451610463877131, 37.668272170455268 ], [ -122.451092352040419, 37.668852386577548 ], [ -122.450505181783939, 37.669389437849908 ], [ -122.449854607528252, 37.669878151197885 ], [ -122.449146894800691, 37.670313819059693 ], [ -122.448388859889448, 37.670692244760296 ], [ -122.44758780417493, 37.671009782964546 ], [ -122.446751443771518, 37.671263374817812 ], [ -122.445887835159226, 37.671450577434783 ], [ -122.445005297523366, 37.67156958745106 ], [ -122.444112332553217, 37.67161925840967 ], [ -122.443217542474841, 37.6715991118147 ], [ -122.442329547111655, 37.671509341744745 ], [ -122.441456900774327, 37.671350812981643 ], [ -122.440608009784683, 37.671125052672636 ], [ -122.439791051431428, 37.670834235606705 ], [ -122.439013895141272, 37.670481163247317 ], [ -122.438284026627784, 37.670069236724437 ], [ -122.438275544579653, 37.670063375601572 ], [ -122.438187942539869, 37.670013933736655 ], [ -122.437512392768298, 37.669547120504376 ], [ -122.437486935308058, 37.669525701948572 ], [ -122.437420007045887, 37.669479453122506 ], [ -122.436805282405729, 37.668962249936058 ], [ -122.436257301694511, 37.66839963926467 ], [ -122.435781341637451, 37.667797040311974 ], [ -122.435381984899536, 37.667160257324028 ], [ -122.435063075993966, 37.666495423657111 ], [ -122.434827684315465, 37.665808942679909 ], [ -122.43467807465224, 37.665107426080276 ], [ -122.434615685458056, 37.664397630171862 ], [ -122.43464111509013, 37.663686390814583 ], [ -122.434754116142145, 37.662980557576368 ], [ -122.43495359792314, 37.662286927770076 ], [ -122.435237637054882, 37.661612181001281 ], [ -122.435603496081782, 37.660962814856454 ], [ -122.436047649911018, 37.660345082350524 ], [ -122.436565819825447, 37.659764931735062 ], [ -122.437153014738669, 37.659227949246201 ], [ -122.437803579293814, 37.658739305341904 ], [ -122.43851124834103, 37.658303704944991 ], [ -122.439269207268808, 37.657925342170302 ], [ -122.439304292556358, 37.657911435169261 ], [ -122.439581575649669, 37.65777301689802 ], [ -122.440382523016439, 37.65745553256501 ], [ -122.441218749911258, 37.657201985452836 ], [ -122.442082204883476, 37.657014816701874 ], [ -122.442964574551084, 37.656895828348681 ], [ -122.443857363580051, 37.656846165990821 ], [ -122.444751976407971, 37.656866307766528 ], [ -122.445639799928756, 37.656956059755366 ], [ -122.446512286345254, 37.657114557843506 ], [ -122.447361035395843, 37.657340276036265 ], [ -122.448177875166905, 37.657631041137677 ], [ -122.448954940715637, 37.657984053656811 ], [ -122.449684749749707, 37.65839591474019 ], [ -122.450360274636822, 37.65886265887179 ], [ -122.450975010052773, 37.659379792027451 ] ] ], [ [ [ -122.470394826370566, 37.676326080138999 ], [ -122.471243867078741, 37.676551625497368 ], [ -122.472061011152377, 37.676842224053907 ], [ -122.472838390719886, 37.67719507792107 ], [ -122.473568520466586, 37.677606789772895 ], [ -122.474244369673102, 37.678073395530191 ], [ -122.474859429893385, 37.678590402501186 ], [ -122.475407777620987, 37.67915283261101 ], [ -122.475884131341004, 37.6797552703054 ], [ -122.476283902418118, 37.680391914668839 ], [ -122.476603239329322, 37.681056635256276 ], [ -122.4768390648143, 37.681743031102457 ], [ -122.476989105582888, 37.682444492341368 ], [ -122.477051914291167, 37.683154263843747 ], [ -122.477026883571327, 37.68386551025997 ], [ -122.476914251976368, 37.684571381842964 ], [ -122.476715101779021, 37.685265080417224 ], [ -122.47643134864235, 37.685939924858282 ], [ -122.476065723257804, 37.686589415452097 ], [ -122.475621745124343, 37.687207296513606 ], [ -122.475103688717994, 37.687787616660842 ], [ -122.474516542375369, 37.688324786162319 ], [ -122.473865960285337, 37.688813630805257 ], [ -122.473281393126598, 37.689173589048323 ], [ -122.472932387692552, 37.68949287048563 ], [ -122.472915747625962, 37.689505373264346 ], [ -122.47261239274529, 37.689782888875214 ], [ -122.471961785383513, 37.690271722890742 ], [ -122.471254008112666, 37.690707522308749 ], [ -122.470607443330991, 37.691030379765586 ], [ -122.47061, 37.689721 ], [ -122.470749, 37.68907 ], [ -122.471131, 37.687895 ], [ -122.471511, 37.686305 ], [ -122.471561, 37.685009 ], [ -122.46823, 37.687836 ], [ -122.466725, 37.68903 ], [ -122.466112, 37.689328 ], [ -122.465986, 37.688317 ], [ -122.465743, 37.687845 ], [ -122.461642, 37.688036 ], [ -122.461128, 37.688303 ], [ -122.461097, 37.689588 ], [ -122.45967, 37.688807 ], [ -122.458315048874283, 37.688622918256151 ], [ -122.458072591898969, 37.688316198508751 ], [ -122.457672934128453, 37.687679493083863 ], [ -122.457353737981052, 37.687014721830863 ], [ -122.457118075617529, 37.686328287517554 ], [ -122.456968214432379, 37.685626801382767 ], [ -122.456905595300725, 37.684917019447063 ], [ -122.456930818792983, 37.684205777436283 ], [ -122.457043639486656, 37.683499924944343 ], [ -122.457242968426101, 37.68280625947007 ], [ -122.457526883703252, 37.682131460963028 ], [ -122.457892649053449, 37.681482027508473 ], [ -122.458336740284281, 37.680864212769961 ], [ -122.458854879279642, 37.680283965791467 ], [ -122.459442075249399, 37.679746873737479 ], [ -122.459458715397517, 37.679734372844401 ], [ -122.459762078370034, 37.679456890701353 ], [ -122.460412671306457, 37.678968123296116 ], [ -122.460997220530928, 37.678608228385627 ], [ -122.461346226121933, 37.678288981801764 ], [ -122.461996798433319, 37.677800205559308 ], [ -122.462704507119597, 37.677364460937554 ], [ -122.463462537186572, 37.676985943440314 ], [ -122.464263589479685, 37.676668297509288 ], [ -122.465099950936917, 37.676414581460293 ], [ -122.465963568811858, 37.676227238060356 ], [ -122.466846128154074, 37.676108071027656 ], [ -122.467739131803697, 37.676058227680194 ], [ -122.468633982132516, 37.676078187898682 ], [ -122.469522063748556, 37.67616775951069 ], [ -122.470394826370566, 37.676326080138999 ] ] ], [ [ [ -122.472356040655526, 37.699174535300472 ], [ -122.473173437679861, 37.699465125145714 ], [ -122.473951059033737, 37.699817970462369 ], [ -122.474035249883698, 37.699865429391842 ], [ -122.474186744775764, 37.699934168949042 ], [ -122.474917105262918, 37.700345871024368 ], [ -122.47559316960897, 37.700812467435533 ], [ -122.476208427296186, 37.701329465580542 ], [ -122.476756952916375, 37.701891887469287 ], [ -122.477233463241191, 37.702494317626545 ], [ -122.477633368126476, 37.703130955209133 ], [ -122.477952814759703, 37.703795669837206 ], [ -122.478188724822814, 37.704482060602757 ], [ -122.478338824209757, 37.705183517688624 ], [ -122.47840166501075, 37.705893286005505 ], [ -122.478376639547363, 37.706604530234415 ], [ -122.478263986320428, 37.707310400649469 ], [ -122.478064787809473, 37.708004099086388 ], [ -122.477780960141487, 37.708678944422196 ], [ -122.477415234724418, 37.709328436934385 ], [ -122.476971132019472, 37.709946320919599 ], [ -122.476514348761427, 37.71045786165503 ], [ -122.476513773406751, 37.710458662128602 ], [ -122.475995561947883, 37.711038984118019 ], [ -122.4754082384257, 37.711576156136765 ], [ -122.474757458735084, 37.712065003948076 ], [ -122.474049490380608, 37.71250081869551 ], [ -122.473291152111727, 37.712879402289687 ], [ -122.472851946273437, 37.713053519424875 ], [ -122.472269, 37.712838 ], [ -122.471355, 37.712802 ], [ -122.471472, 37.713427 ], [ -122.471490561451176, 37.713486102754111 ], [ -122.470788962268045, 37.7136382590461 ], [ -122.469905963723022, 37.71375745494646 ], [ -122.469012508699876, 37.713807314438569 ], [ -122.46811720414685, 37.713787357210322 ], [ -122.467228674844918, 37.713697775516117 ], [ -122.466355480249973, 37.713539432322946 ], [ -122.465506031966996, 37.713313852990332 ], [ -122.464688512654803, 37.713023210563669 ], [ -122.463910797145346, 37.712670304823916 ], [ -122.463803337495619, 37.712609725766889 ], [ -122.463706300587447, 37.712565692357387 ], [ -122.462975882142871, 37.712153921554481 ], [ -122.462571210742169, 37.711874598280389 ], [ -122.462556, 37.711254 ], [ -122.461274802492312, 37.710749971769644 ], [ -122.461136067130909, 37.710607692340993 ], [ -122.4611026417235, 37.710565422658767 ], [ -122.465994, 37.710154 ], [ -122.468939, 37.708232 ], [ -122.464896, 37.708186 ], [ -122.459776242179515, 37.708225409699267 ], [ -122.459704771353984, 37.708017314450622 ], [ -122.459554842048547, 37.707315833944385 ], [ -122.459492179958247, 37.706606055745219 ], [ -122.459517386065798, 37.705894815543019 ], [ -122.459630215114586, 37.705188962914349 ], [ -122.459790377031794, 37.70463169224751 ], [ -122.459876, 37.704853 ], [ -122.462035, 37.704106 ], [ -122.462217, 37.703155 ], [ -122.462974, 37.703169 ], [ -122.463482, 37.701288 ], [ -122.466344, 37.701277 ], [ -122.466574, 37.701478 ], [ -122.469834, 37.701872 ], [ -122.471743, 37.701518 ], [ -122.4717, 37.700079 ], [ -122.471639777043592, 37.698984327854276 ], [ -122.472356040655526, 37.699174535300472 ] ] ], [ [ [ -122.399697599377433, 37.701715987057646 ], [ -122.400580567229056, 37.701597317212979 ], [ -122.401473921191425, 37.701547976644669 ], [ -122.401487378076354, 37.701548284332581 ], [ -122.401492948091516, 37.701547976674618 ], [ -122.402388087170223, 37.701568440278265 ], [ -122.403276393206582, 37.701658511179197 ], [ -122.404149313758879, 37.701817322193094 ], [ -122.404998444386294, 37.702043344312173 ], [ -122.405815609501403, 37.702334401414014 ], [ -122.406592941028535, 37.702687691195862 ], [ -122.407322954113397, 37.703099812134091 ], [ -122.407998619157354, 37.703566796210055 ], [ -122.408613429484703, 37.704084147088494 ], [ -122.409161463991921, 37.70464688338226 ], [ -122.409637444176738, 37.705249586587719 ], [ -122.409743213676606, 37.705418267230797 ], [ -122.406958, 37.704639 ], [ -122.405292, 37.708262 ], [ -122.404682, 37.708331 ], [ -122.395107, 37.708339 ], [ -122.393378981140003, 37.708267569990298 ], [ -122.392535850469827, 37.708952876430622 ], [ -122.392535062829566, 37.708943862660931 ], [ -122.392560910235147, 37.708232637229457 ], [ -122.392674378450721, 37.70752684917548 ], [ -122.392874372283956, 37.706833295376022 ], [ -122.393158963423531, 37.706158654704026 ], [ -122.393525409096668, 37.705509423723775 ], [ -122.393970178560551, 37.70489185414813 ], [ -122.394488987169495, 37.704311892659504 ], [ -122.395076837687327, 37.703775123672763 ], [ -122.395728068445123, 37.703286715589961 ], [ -122.396436407879577, 37.702851371063367 ], [ -122.397195034925929, 37.702473281744211 ], [ -122.397996644684298, 37.702156087951437 ], [ -122.398833518727898, 37.701902843647566 ], [ -122.399697599377433, 37.701715987057646 ] ] ], [ [ [ -122.450083824587594, 37.713834538210875 ], [ -122.450933232014435, 37.714060228727163 ], [ -122.451342886666666, 37.714205923487874 ], [ -122.449627, 37.715739 ], [ -122.448727, 37.71745 ], [ -122.448582, 37.718411 ], [ -122.447878, 37.723005 ], [ -122.449546, 37.723011 ], [ -122.451646, 37.719686 ], [ -122.452506, 37.72003 ], [ -122.456686131720815, 37.720026252123382 ], [ -122.456742405709022, 37.720663830545966 ], [ -122.456717168043525, 37.721375068487077 ], [ -122.456672128599578, 37.721656702319805 ], [ -122.456667218503483, 37.721795072225746 ], [ -122.456611122123249, 37.722145841784723 ], [ -122.456597309531574, 37.722535077254513 ], [ -122.456484425355526, 37.723240925032464 ], [ -122.456284980912557, 37.723934584859293 ], [ -122.456000894697596, 37.724609375983448 ], [ -122.455634900608388, 37.725258799204234 ], [ -122.455190521693737, 37.725876599485439 ], [ -122.454672036289097, 37.726456826223114 ], [ -122.454084436862757, 37.726993890585561 ], [ -122.453433381967699, 37.727482619372857 ], [ -122.452725141760098, 37.727918304875011 ], [ -122.451966537608882, 37.728296750247644 ], [ -122.451164876378016, 37.728614309966623 ], [ -122.450327880015578, 37.72886792497043 ], [ -122.449463611128976, 37.729055152151197 ], [ -122.448580395265566, 37.729174187908079 ], [ -122.447686740649914, 37.729223885536364 ], [ -122.446791256153631, 37.729203766283312 ], [ -122.445902568291629, 37.729114023964037 ], [ -122.445879932767866, 37.729109915928852 ], [ -122.445722551181674, 37.729094022319529 ], [ -122.444849221556453, 37.72893552011368 ], [ -122.443999662617372, 37.728709786270414 ], [ -122.443182058089093, 37.728418995323516 ], [ -122.442404283624057, 37.728065948484407 ], [ -122.441673830891347, 37.727654046636808 ], [ -122.440997735378843, 37.727187257551691 ], [ -122.44038250860568, 37.726670077639689 ], [ -122.439834075399503, 37.726107488610687 ], [ -122.439357716842437, 37.725504909459353 ], [ -122.438958019435759, 37.724868144240574 ], [ -122.438638830971314, 37.724203326139168 ], [ -122.438403223533257, 37.723516858373607 ], [ -122.438253463984566, 37.722815352504284 ], [ -122.43819099221875, 37.722105564741376 ], [ -122.438213731374248, 37.721469218653539 ], [ -122.4382010879483, 37.721325564969334 ], [ -122.438226502750737, 37.720614331002835 ], [ -122.438314848157432, 37.72006276148602 ], [ -122.440141, 37.717692 ], [ -122.440418, 37.717245 ], [ -122.440999, 37.716488 ], [ -122.441896, 37.715308 ], [ -122.442295310660171, 37.714929427020522 ], [ -122.442389341952222, 37.714871586309634 ], [ -122.443147857862641, 37.714493201781842 ], [ -122.443949401066831, 37.714175695887569 ], [ -122.444786253777437, 37.713922125594593 ], [ -122.445650358519615, 37.713734932266725 ], [ -122.446533395656928, 37.713615918177474 ], [ -122.447426863430749, 37.713566229172379 ], [ -122.4483221597458, 37.713586343646284 ], [ -122.449210664917445, 37.713676067941549 ], [ -122.450083824587594, 37.713834538210875 ] ] ], [ [ [ -122.452528384308749, 37.714703952482537 ], [ -122.453258769936895, 37.715115787895002 ], [ -122.453934832647562, 37.715582507528701 ], [ -122.454550061937752, 37.716099617594907 ], [ -122.455098532671585, 37.716662139025509 ], [ -122.455574962147864, 37.717264655386302 ], [ -122.455974760999595, 37.717901365003712 ], [ -122.456134998148315, 37.718234956157602 ], [ -122.456108, 37.718235 ], [ -122.454189, 37.718239 ], [ -122.453378, 37.717768 ], [ -122.450378, 37.716169 ], [ -122.451900192921386, 37.714418817158879 ], [ -122.452528384308749, 37.714703952482537 ] ] ], [ [ [ -122.43457427143791, 37.72594158344365 ], [ -122.435462907689001, 37.726031411249153 ], [ -122.436336183175257, 37.726189983099609 ], [ -122.437185690039897, 37.726415772289805 ], [ -122.438003249074455, 37.726706604939885 ], [ -122.43878098841202, 37.727059680908027 ], [ -122.439511419273174, 37.727471600729238 ], [ -122.440187508038065, 37.727938398321299 ], [ -122.440802743952233, 37.728455579144594 ], [ -122.441351201815138, 37.729018163449439 ], [ -122.441827599048679, 37.729620734195969 ], [ -122.442227346595317, 37.730257489186563 ], [ -122.442546593155186, 37.730922296910009 ], [ -122.442782262334362, 37.731608755560963 ], [ -122.442932082344157, 37.732310254667787 ], [ -122.44299460796293, 37.733020038735681 ], [ -122.442969234545558, 37.73373127229317 ], [ -122.442856203942114, 37.734437105716403 ], [ -122.442656602265245, 37.735130741196777 ], [ -122.442372349523751, 37.735805498216962 ], [ -122.442006181218957, 37.736454877904578 ], [ -122.441561622077543, 37.737072625642547 ], [ -122.441042952170832, 37.737652791332835 ], [ -122.440455165744439, 37.738189786731738 ], [ -122.439803923152866, 37.73867843930352 ], [ -122.439095496360679, 37.739114042072323 ], [ -122.438336708534635, 37.739492398990677 ], [ -122.43753486830856, 37.739809865386526 ], [ -122.436697699355406, 37.740063383097421 ], [ -122.435833265945774, 37.740250509952695 ], [ -122.434949895212483, 37.740369443318045 ], [ -122.434056096872553, 37.740419037475114 ], [ -122.433160481182568, 37.740398814667927 ], [ -122.432271675921626, 37.740308969709261 ], [ -122.431398243204526, 37.74015036810215 ], [ -122.430548596930294, 37.739924537695337 ], [ -122.429730921664842, 37.73963365395263 ], [ -122.428953093741839, 37.739280518979285 ], [ -122.428222605344928, 37.73886853450783 ], [ -122.427546492305041, 37.738401669105009 ], [ -122.426931266309523, 37.737884419916341 ], [ -122.42638285217771, 37.737321769318697 ], [ -122.425906530807183, 37.736719136899623 ], [ -122.425506888340095, 37.736082327226718 ], [ -122.425474495416978, 37.736014839159985 ], [ -122.426209, 37.736074 ], [ -122.426545, 37.736269 ], [ -122.426722, 37.736372 ], [ -122.428573, 37.735082 ], [ -122.426158, 37.733971 ], [ -122.428038, 37.732016 ], [ -122.429304, 37.730742 ], [ -122.430199, 37.729872 ], [ -122.431294, 37.72873 ], [ -122.431801, 37.728249 ], [ -122.432447, 37.727637 ], [ -122.433624, 37.726236 ], [ -122.433858570782022, 37.725925423042796 ], [ -122.43457427143791, 37.72594158344365 ] ] ], [ [ [ -122.39692451184618, 37.751150232284232 ], [ -122.397702311762316, 37.751503577932802 ], [ -122.398432755116971, 37.751915750692966 ], [ -122.399108808168464, 37.752382782046638 ], [ -122.399723960504303, 37.752900175202846 ], [ -122.400272287726565, 37.75346294836676 ], [ -122.400748508512734, 37.754065682679247 ], [ -122.401148035501834, 37.754702574366888 ], [ -122.401467019515337, 37.755367490601238 ], [ -122.401702386685102, 37.756054028531231 ], [ -122.401851868128389, 37.75675557692081 ], [ -122.401914021881865, 37.757465379799648 ], [ -122.401888246879693, 37.758176601514279 ], [ -122.401774788837983, 37.758882392554021 ], [ -122.401574737984674, 37.759575955517654 ], [ -122.401290018653953, 37.760250610585558 ], [ -122.400923370840616, 37.760899859866662 ], [ -122.400478323889828, 37.761517449999346 ], [ -122.399959162571847, 37.762097432403195 ], [ -122.399370885866375, 37.762634220599551 ], [ -122.398719158851577, 37.763122644048273 ], [ -122.39801025815953, 37.763557997980357 ], [ -122.397251011523451, 37.763936088745226 ], [ -122.396448731998518, 37.764253274234548 ], [ -122.395611147491067, 37.764506498991949 ], [ -122.394746326276447, 37.76469332366878 ], [ -122.393862599224818, 37.764811948541791 ], [ -122.392968479486996, 37.764861230864462 ], [ -122.392072580416766, 37.764840695884864 ], [ -122.391996013460897, 37.764832931836956 ], [ -122.391463710026528, 37.764820727287002 ], [ -122.390574663111479, 37.764730568232928 ], [ -122.389701032385616, 37.764571658260472 ], [ -122.388851233655458, 37.764345528188791 ], [ -122.388033452955057, 37.764054356368199 ], [ -122.387255567632934, 37.763700947678672 ], [ -122.386525070424426, 37.763288706489099 ], [ -122.385848997243727, 37.762821603838546 ], [ -122.385233859392358, 37.762304139157308 ], [ -122.384685580838436, 37.761741296897299 ], [ -122.384209441171251, 37.761138498491377 ], [ -122.38381002478036, 37.760501550105168 ], [ -122.383491176747398, 37.759836586686468 ], [ -122.38325596587427, 37.759150012852174 ], [ -122.383106655201175, 37.758448441183027 ], [ -122.383044680295498, 37.757738628521707 ], [ -122.383070635518024, 37.757027410888256 ], [ -122.383184268394615, 37.756321637640383 ], [ -122.383384482144024, 37.755628105512329 ], [ -122.383669346334315, 37.754953493168429 ], [ -122.384036115560718, 37.754304296900223 ], [ -122.384481255962655, 37.753686768086517 ], [ -122.385000479320851, 37.753106853017414 ], [ -122.385136365906561, 37.752982882154186 ], [ -122.38789, 37.752819 ], [ -122.391231, 37.75263 ], [ -122.394587, 37.752427 ], [ -122.396408, 37.751179 ], [ -122.396862531050147, 37.751128165075514 ], [ -122.39692451184618, 37.751150232284232 ] ] ], [ [ [ -122.422137239107528, 37.74518106963837 ], [ -122.422954945685461, 37.745472005798568 ], [ -122.423732809909794, 37.745825179995052 ], [ -122.424463341798386, 37.746237191816853 ], [ -122.425139506758114, 37.746704074295614 ], [ -122.425754793300072, 37.747221332074133 ], [ -122.426303275735293, 37.747783984661424 ], [ -122.426779671247871, 37.748386614359752 ], [ -122.427179390795601, 37.749023418403468 ], [ -122.427498583346861, 37.749688264808576 ], [ -122.427734173026366, 37.75037475139694 ], [ -122.427883888809504, 37.751076267427457 ], [ -122.427946286476995, 37.751786057241944 ], [ -122.42792076261459, 37.752497285313332 ], [ -122.427807560519966, 37.753203102070266 ], [ -122.427607767956303, 37.753896709864321 ], [ -122.427323306769935, 37.754571428444706 ], [ -122.426956914469159, 37.755220759308997 ], [ -122.426512117937548, 37.755838448310271 ], [ -122.42631177504272, 37.75606241248969 ], [ -122.426012158379919, 37.756478480079267 ], [ -122.425493231601763, 37.757058575420359 ], [ -122.424905179284508, 37.757595491489525 ], [ -122.424253664343979, 37.758084056515209 ], [ -122.424027674691786, 37.758222930304193 ], [ -122.424165551678584, 37.758271976031871 ], [ -122.424943555663404, 37.758625141467377 ], [ -122.42567422011841, 37.759037144884616 ], [ -122.426350509174199, 37.759504019396132 ], [ -122.42696591014689, 37.760021269721292 ], [ -122.427514496245522, 37.760583915440776 ], [ -122.427990983655704, 37.761186538922878 ], [ -122.428390782449867, 37.76182333746172 ], [ -122.428710040832783, 37.762488179126251 ], [ -122.428945682294497, 37.7631746617839 ], [ -122.429095435311041, 37.763876174731415 ], [ -122.429157855303771, 37.764585962340277 ], [ -122.429132338642503, 37.765297189104665 ], [ -122.429019128554827, 37.766003005465819 ], [ -122.428819312879924, 37.766696613779246 ], [ -122.428534813685957, 37.767371333789136 ], [ -122.428168368846514, 37.768020666979474 ], [ -122.427723505750507, 37.768638359181011 ], [ -122.427463972146938, 37.768928449910767 ], [ -122.427233543703551, 37.769248391647714 ], [ -122.426714537261304, 37.769828491078229 ], [ -122.426126392686356, 37.770365412047255 ], [ -122.425474773782838, 37.770853982736156 ], [ -122.425032620275431, 37.771125652244834 ], [ -122.424929, 37.770778 ], [ -122.423665, 37.771781 ], [ -122.423590633377785, 37.771832380575347 ], [ -122.423204517937819, 37.771985126654251 ], [ -122.422587405948377, 37.77217183723247 ], [ -122.422439, 37.770664 ], [ -122.422308, 37.769278 ], [ -122.422199, 37.76814 ], [ -122.422044, 37.76654 ], [ -122.421886, 37.764917 ], [ -122.421853, 37.764571 ], [ -122.421732, 37.7633 ], [ -122.421578, 37.761701 ], [ -122.421425, 37.760101 ], [ -122.421272, 37.758499 ], [ -122.421118, 37.756902 ], [ -122.420964, 37.755295 ], [ -122.418748, 37.755437 ], [ -122.416567, 37.755568 ], [ -122.41672, 37.757167 ], [ -122.416872, 37.758764 ], [ -122.417026, 37.760367 ], [ -122.417179, 37.761968 ], [ -122.417332, 37.763572 ], [ -122.413588, 37.763823 ], [ -122.413003, 37.764091 ], [ -122.410364, 37.76431 ], [ -122.410285155791868, 37.764314755037297 ], [ -122.410334698241286, 37.76400636804555 ], [ -122.410534679246865, 37.763312790750796 ], [ -122.41081932636348, 37.762638113714935 ], [ -122.411185896275697, 37.761988833853074 ], [ -122.411630857040947, 37.761371203349469 ], [ -122.412149922168439, 37.760791169473961 ], [ -122.412738091949436, 37.760254317339147 ], [ -122.413345001098278, 37.759799327738584 ], [ -122.413438092659078, 37.759714355765418 ], [ -122.414089693010638, 37.759225850659661 ], [ -122.414315703334381, 37.759086994492641 ], [ -122.414177832290804, 37.759037938706769 ], [ -122.413399875161247, 37.758684702242945 ], [ -122.413398883272194, 37.758684142789605 ], [ -122.413179862511797, 37.758584693458253 ], [ -122.412449271795708, 37.758172612565659 ], [ -122.411773082215845, 37.757705658197679 ], [ -122.411157806196044, 37.757188328356449 ], [ -122.410609369036507, 37.756625606195456 ], [ -122.410133051855397, 37.756022911991082 ], [ -122.409733440753214, 37.755386050905713 ], [ -122.409414382688098, 37.754721157046788 ], [ -122.409178948485902, 37.754034634361723 ], [ -122.409029403338579, 37.753333094939173 ], [ -122.408967185072413, 37.752623295311743 ], [ -122.408992890392412, 37.751912071374612 ], [ -122.409106269231401, 37.751206272546618 ], [ -122.409306227254703, 37.750512695808951 ], [ -122.409590836492782, 37.749838020255986 ], [ -122.409957353995665, 37.749188742788427 ], [ -122.410402248326221, 37.748571115567408 ], [ -122.410585642896947, 37.748366149640738 ], [ -122.411488, 37.748344 ], [ -122.411746, 37.751034 ], [ -122.4119, 37.752629 ], [ -122.412047, 37.75423 ], [ -122.416413, 37.753968 ], [ -122.416108, 37.750771 ], [ -122.41587, 37.748267 ], [ -122.418206, 37.748203 ], [ -122.419121, 37.746775 ], [ -122.417819, 37.745965 ], [ -122.416103, 37.745253 ], [ -122.416281965102542, 37.744977830176424 ], [ -122.416852279620642, 37.744854483466483 ], [ -122.417735732615725, 37.744735685850877 ], [ -122.418629593752144, 37.744686215510441 ], [ -122.419525257148607, 37.744706548734847 ], [ -122.42041409958729, 37.744796489760382 ], [ -122.421287563463707, 37.744955172653007 ], [ -122.422137239107528, 37.74518106963837 ] ] ], [ [ [ -122.423799613290896, 37.778806376298327 ], [ -122.423774040438929, 37.77951760011662 ], [ -122.423660757761112, 37.780223409557166 ], [ -122.423655754211836, 37.780240770139123 ], [ -122.423541, 37.779674 ], [ -122.423354, 37.778747 ], [ -122.423789528804051, 37.778691631678804 ], [ -122.423799613290896, 37.778806376298327 ] ] ], [ [ [ -122.415464917335456, 37.78847914359158 ], [ -122.41494568458738, 37.789059189214612 ], [ -122.414357302644078, 37.789596049620734 ], [ -122.413800997786581, 37.790012941942344 ], [ -122.413535719934202, 37.790309273371172 ], [ -122.412947317894904, 37.790846126620131 ], [ -122.41229543260026, 37.791334622668685 ], [ -122.411586342206064, 37.791770056048939 ], [ -122.410826876272225, 37.792148232345355 ], [ -122.410172409086201, 37.792406973913089 ], [ -122.409875074115689, 37.792819504596288 ], [ -122.409355767362698, 37.793399525146675 ], [ -122.408767310622878, 37.793936357235999 ], [ -122.408678089108719, 37.79400320796519 ], [ -122.408385159556104, 37.794409601265563 ], [ -122.408047246098945, 37.794787000338665 ], [ -122.407903, 37.79406 ], [ -122.407536, 37.792249 ], [ -122.40734, 37.791296 ], [ -122.407149, 37.790366 ], [ -122.408786, 37.79016 ], [ -122.408595, 37.789226 ], [ -122.408402, 37.788293 ], [ -122.411699, 37.787872 ], [ -122.412531, 37.787767 ], [ -122.413354, 37.787664 ], [ -122.414995, 37.787454 ], [ -122.415185, 37.788388 ], [ -122.415565681021846, 37.788339313633017 ], [ -122.415464917335456, 37.78847914359158 ] ] ], [ [ [ -122.406625386261936, 37.796014903870891 ], [ -122.405916217932884, 37.796450302783683 ], [ -122.405156675260685, 37.796828442239217 ], [ -122.404710445344534, 37.797004819802602 ], [ -122.404467310971384, 37.797226593729654 ], [ -122.403815313886511, 37.797715042328811 ], [ -122.403793975939649, 37.797728141932723 ], [ -122.403587312514063, 37.797916642468806 ], [ -122.402935303582368, 37.79840508614091 ], [ -122.402910008488945, 37.798420614632313 ], [ -122.402607316207977, 37.798696696073257 ], [ -122.40195529398126, 37.799185134257229 ], [ -122.40124606799526, 37.799620504832937 ], [ -122.400486469116402, 37.799998613989843 ], [ -122.399683813793018, 37.800315819442794 ], [ -122.398845833551974, 37.800569065543321 ], [ -122.397980600481446, 37.800755912737486 ], [ -122.397096449419976, 37.800874561085216 ], [ -122.396201897604087, 37.80092386761401 ], [ -122.395305562551172, 37.800903357338775 ], [ -122.394416078972085, 37.800813227841473 ], [ -122.393542015517681, 37.800654347366098 ], [ -122.392691792164158, 37.800428246447474 ], [ -122.391873599037069, 37.80013710315491 ], [ -122.391095317458493, 37.799783722093352 ], [ -122.390364443981468, 37.799371507365237 ], [ -122.390183851456712, 37.799246807698189 ], [ -122.390174438743145, 37.799241498810517 ], [ -122.389498015285824, 37.798774420098852 ], [ -122.388882554189294, 37.798256977790324 ], [ -122.388333982534789, 37.797694156121111 ], [ -122.387857582733901, 37.797091376325454 ], [ -122.387457941680452, 37.796454444389425 ], [ -122.387138906618489, 37.795789495102262 ], [ -122.386903548149377, 37.795102932944566 ], [ -122.386754130732712, 37.794401370384492 ], [ -122.386692090961688, 37.793691564176989 ], [ -122.386718023819398, 37.792980350279997 ], [ -122.386831677044555, 37.79227457801526 ], [ -122.387031953657683, 37.791581044107808 ], [ -122.387316922619036, 37.790906427239236 ], [ -122.387683837512839, 37.790257223744966 ], [ -122.388129163073884, 37.789639685073709 ], [ -122.388648609298286, 37.789059757610822 ], [ -122.389237172807711, 37.788523025444256 ], [ -122.389889185066266, 37.788034656622152 ], [ -122.389892738674689, 37.788032475403952 ], [ -122.390177176313315, 37.78777307726525 ], [ -122.390829175807141, 37.787284703179417 ], [ -122.390863403025207, 37.787263693723553 ], [ -122.391127179565288, 37.787023130376376 ], [ -122.391779166228773, 37.78653475097164 ], [ -122.392488322748477, 37.786099436284701 ], [ -122.392775932588791, 37.78595627138565 ], [ -122.392809303369177, 37.785909987971905 ], [ -122.393328686965276, 37.785330039502547 ], [ -122.393917187098097, 37.78479328361599 ], [ -122.394367841760527, 37.784455685303939 ], [ -122.394447188027158, 37.784383313748656 ], [ -122.394811686764228, 37.784110251812798 ], [ -122.394225438633896, 37.784096828610579 ], [ -122.393336157635773, 37.784006690691406 ], [ -122.39246229427215, 37.783847801725791 ], [ -122.391612266591196, 37.783621692330456 ], [ -122.390794262833026, 37.783330540656415 ], [ -122.390016162495314, 37.78297715138951 ], [ -122.389285460384869, 37.782564928711338 ], [ -122.388609194389844, 37.782097843482532 ], [ -122.388589254203865, 37.782081075014645 ], [ -122.388425023950219, 37.781967642465759 ], [ -122.388345176541264, 37.781900494673017 ], [ -122.388423, 37.781798 ], [ -122.389168, 37.781649 ], [ -122.390527, 37.780607 ], [ -122.39275, 37.778852 ], [ -122.395843, 37.781321 ], [ -122.397386, 37.782554 ], [ -122.39893, 37.783785 ], [ -122.400468, 37.78503 ], [ -122.402708, 37.783259 ], [ -122.406062, 37.785757 ], [ -122.404743, 37.786778 ], [ -122.403456, 37.787776 ], [ -122.402914, 37.788112 ], [ -122.401402, 37.789297 ], [ -122.399195, 37.791058 ], [ -122.397428, 37.792442 ], [ -122.396315, 37.793337 ], [ -122.396586, 37.794588 ], [ -122.400149, 37.794134 ], [ -122.401315, 37.793987 ], [ -122.404613, 37.793565 ], [ -122.404796, 37.794453 ], [ -122.406305, 37.794264 ], [ -122.406601, 37.795774 ], [ -122.406646703439336, 37.795998932613216 ], [ -122.406625386261936, 37.796014903870891 ] ] ], [ [ [ -122.387649697166609, 37.781308980218562 ], [ -122.387101260022675, 37.780746151080919 ], [ -122.386624978925937, 37.780143364450375 ], [ -122.386225439627495, 37.779506426378987 ], [ -122.385906488392081, 37.778841471715168 ], [ -122.385671195014538, 37.778154904991382 ], [ -122.385521823328602, 37.777453338719823 ], [ -122.385459809488111, 37.776743529691203 ], [ -122.385466395306111, 37.776562954064509 ], [ -122.385457488893536, 37.776461010194659 ], [ -122.385483427556537, 37.775749794358866 ], [ -122.385597066148961, 37.775044021093251 ], [ -122.385797307833414, 37.774350487132331 ], [ -122.3860822219076, 37.773675871158176 ], [ -122.386449062485326, 37.773026669497483 ], [ -122.3864961116236, 37.772961412512444 ], [ -122.386594091484, 37.773281993988 ], [ -122.387669, 37.776799 ], [ -122.387669, 37.781325213181859 ], [ -122.387649697166609, 37.781308980218562 ] ] ], [ [ [ -122.410819498392584, 37.772154722875619 ], [ -122.411657117280996, 37.771901390404615 ], [ -122.41252197986563, 37.771714441907626 ], [ -122.413405759215834, 37.771595677301207 ], [ -122.413672154086385, 37.771580949025591 ], [ -122.414027, 37.771864 ], [ -122.415561, 37.773101 ], [ -122.413161, 37.774992 ], [ -122.411606, 37.776221 ], [ -122.410063, 37.774992 ], [ -122.408516, 37.77376 ], [ -122.410277625722344, 37.772369008952843 ], [ -122.410819498392584, 37.772154722875619 ] ] ], [ [ [ -122.296987115546344, 37.797748222495919 ], [ -122.297860937752873, 37.797907818526888 ], [ -122.298710843082162, 37.798134603046663 ], [ -122.299528648487794, 37.798426392591715 ], [ -122.300306479727709, 37.798780377806253 ], [ -122.301036847133517, 37.799193150469613 ], [ -122.301712717691046, 37.799660736286576 ], [ -122.302327582740588, 37.800178633126237 ], [ -122.302875520645529, 37.800741854342441 ], [ -122.303351253826762, 37.801344976760141 ], [ -122.303750199613134, 37.80198219286693 ], [ -122.304068514417352, 37.802647366708491 ], [ -122.304303130810197, 37.803334092950962 ], [ -122.3044517871339, 37.804035758542803 ], [ -122.304513049366776, 37.804745606382831 ], [ -122.304486325024911, 37.805456800382544 ], [ -122.304371868964154, 37.806162491296085 ], [ -122.304274481021039, 37.806498304375936 ], [ -122.303339, 37.804684 ], [ -122.300389, 37.802657 ], [ -122.296858, 37.801922 ], [ -122.291101, 37.802526 ], [ -122.28867, 37.802755 ], [ -122.286832, 37.802685 ], [ -122.286668933349517, 37.802639239130841 ], [ -122.286779199371324, 37.802379170892607 ], [ -122.287147049718726, 37.801730281949773 ], [ -122.287196364154539, 37.801662078355619 ], [ -122.287237060849648, 37.801590288342531 ], [ -122.287683289459196, 37.800973130627156 ], [ -122.288203599114567, 37.800393647152504 ], [ -122.288792978126949, 37.799857417729974 ], [ -122.289445750111966, 37.799369605565936 ], [ -122.290155628669481, 37.798934907574626 ], [ -122.290915777919381, 37.798557509182231 ], [ -122.291718878310078, 37.798241044055494 ], [ -122.292557197067637, 37.797988559141544 ], [ -122.293422662608052, 37.797802485354353 ], [ -122.294306942198716, 37.797684614188817 ], [ -122.295201522123577, 37.79763608048669 ], [ -122.29609778958347, 37.797657351519987 ], [ -122.296987115546344, 37.797748222495919 ] ] ], [ [ [ -122.111097669066496, 37.400499781591151 ], [ -122.111823092614088, 37.400913745584866 ], [ -122.112494171177602, 37.401382437942146 ], [ -122.112511689303716, 37.401397333590793 ], [ -122.112786675072485, 37.401554248779831 ], [ -122.112848474101682, 37.401597409381331 ], [ -122.112955049283499, 37.401658223929203 ], [ -122.113251972726388, 37.401865594230259 ], [ -122.113384233147471, 37.401941064448856 ], [ -122.113532331898526, 37.40204449498961 ], [ -122.113730596140584, 37.402157627095661 ], [ -122.114401697859535, 37.402626308503258 ], [ -122.115011992340754, 37.403145206475784 ], [ -122.115555601956302, 37.403709324729078 ], [ -122.116027290808034, 37.404313231451709 ], [ -122.116184766352774, 37.404567393667435 ], [ -122.116202553878594, 37.404590166776174 ], [ -122.1165977812107, 37.405228046302142 ], [ -122.116912736087443, 37.405893757004037 ], [ -122.117144383450864, 37.406580888377327 ], [ -122.117290490254675, 37.407282823467163 ], [ -122.117349647052393, 37.407992802574526 ], [ -122.117321281661731, 37.408703988343262 ], [ -122.117205664769983, 37.409409531602648 ], [ -122.117003907422657, 37.410102637331086 ], [ -122.11671795041616, 37.410776630105623 ], [ -122.116350545692711, 37.411425018406582 ], [ -122.115905229913906, 37.412041557157728 ], [ -122.115386290463988, 37.412620307898159 ], [ -122.114798724208001, 37.413155696005731 ], [ -122.114148189400325, 37.413642564419924 ], [ -122.113440951205277, 37.414076223344672 ], [ -122.112683821354054, 37.414452495451627 ], [ -122.111884092519418, 37.414767756146887 ], [ -122.111049468041102, 37.415018968511809 ], [ -122.110187987680206, 37.415203712580656 ], [ -122.109307950120041, 37.415320208671027 ], [ -122.108417832962374, 37.415367334542395 ], [ -122.107526210992702, 37.41534463621614 ], [ -122.10664167350555, 37.415252332352601 ], [ -122.105772741489133, 37.41509131214292 ], [ -122.104927785471034, 37.414863126735739 ], [ -122.104114944819514, 37.414569974282145 ], [ -122.103342049280656, 37.414214678743164 ], [ -122.102616543510564, 37.413800662664819 ], [ -122.101945415331102, 37.413331914184397 ], [ -122.101871308499454, 37.413268897010724 ], [ -122.101499301077141, 37.413097875970202 ], [ -122.10077381638159, 37.412683848465967 ], [ -122.100521219971696, 37.412507414359624 ], [ -122.100377218214533, 37.412425232123944 ], [ -122.099706116462414, 37.411956470791019 ], [ -122.099095856346253, 37.411437493497353 ], [ -122.098552314845051, 37.410873299265063 ], [ -122.098080725918962, 37.410269322548778 ], [ -122.09768563012787, 37.409631380862258 ], [ -122.097370830945891, 37.408965618718256 ], [ -122.097139358189736, 37.408278448423474 ], [ -122.096993438912179, 37.40757648829932 ], [ -122.096934476036935, 37.406866498924828 ], [ -122.096963034938582, 37.406155318016445 ], [ -122.097078838092614, 37.405449794571872 ], [ -122.097280767843571, 37.404756722912985 ], [ -122.097566877261343, 37.404082777262659 ], [ -122.097934408977025, 37.403434447485047 ], [ -122.098379821813893, 37.402817976607736 ], [ -122.098898824954134, 37.40223930072645 ], [ -122.099040367166552, 37.402110354238786 ], [ -122.099055291659425, 37.402093713543096 ], [ -122.099642883747237, 37.401558403898228 ], [ -122.100293407845811, 37.401071615531578 ], [ -122.101000599211815, 37.400638035494218 ], [ -122.101757647847194, 37.400261838443306 ], [ -122.102557264058291, 37.399946646474319 ], [ -122.103391748617554, 37.399695494272741 ], [ -122.104253066853062, 37.399510799918303 ], [ -122.105132925954891, 37.399394341622745 ], [ -122.106022854756674, 37.399347240623769 ], [ -122.106914285226978, 37.399369950399041 ], [ -122.10779863488915, 37.399462252304176 ], [ -122.108667389379931, 37.399623257675721 ], [ -122.109512184354756, 37.399851416379974 ], [ -122.110324885955251, 37.400144531724614 ], [ -122.111097669066496, 37.400499781591151 ] ] ], [ [ [ -122.139314504736589, 37.421036989922548 ], [ -122.140204669949952, 37.420989629674494 ], [ -122.141096369233964, 37.421012079656208 ], [ -122.141981017524756, 37.42110412372444 ], [ -122.142850097584926, 37.421264875698192 ], [ -122.143695241936641, 37.421492787883317 ], [ -122.144508313359054, 37.421785665960954 ], [ -122.145281483177982, 37.422140690096946 ], [ -122.146007306597127, 37.422554442069995 ], [ -122.146200473098162, 37.42268921507231 ], [ -122.146352984892232, 37.422759242332468 ], [ -122.147078820266202, 37.423172987659562 ], [ -122.14721259650446, 37.42326632100152 ], [ -122.147566104893627, 37.423467825963442 ], [ -122.147621684996253, 37.423506602714575 ], [ -122.147660828788219, 37.423528915077377 ], [ -122.148332335684316, 37.42399740167069 ], [ -122.148943040768145, 37.424516122338702 ], [ -122.149487062459187, 37.425080082504685 ], [ -122.149959160892124, 37.425683851879633 ], [ -122.150354788404144, 37.42632161672234 ], [ -122.150670133373467, 37.426987235794655 ], [ -122.150902156985524, 37.427674299474837 ], [ -122.151048622570201, 37.428376191460544 ], [ -122.151108117224979, 37.429086152468457 ], [ -122.151080065512716, 37.429797345317404 ], [ -122.15096473509827, 37.430502920769207 ], [ -122.150763234266407, 37.431196083492964 ], [ -122.150477501341058, 37.431870157517572 ], [ -122.150110286104237, 37.432518650541581 ], [ -122.14966512339042, 37.433135316480765 ], [ -122.149146299107414, 37.433714215649879 ], [ -122.148558809009074, 37.43424977199782 ], [ -122.147908310614298, 37.434736826844031 ], [ -122.147201068735086, 37.435170688597196 ], [ -122.146443895136656, 37.435547177975579 ], [ -122.145644082912142, 37.4358626682927 ], [ -122.144809336203764, 37.436114120418331 ], [ -122.143947695949663, 37.436299112077208 ], [ -122.143067462373338, 37.436415861202057 ], [ -122.142177114965008, 37.436463243114837 ], [ -122.141285230728784, 37.436440801370416 ], [ -122.140400401486474, 37.436348752157421 ], [ -122.139531151037914, 37.436187982213816 ], [ -122.139176816919914, 37.436092433863699 ], [ -122.138871491200234, 37.436035960406784 ], [ -122.13802619687867, 37.435808013716553 ], [ -122.137212998120631, 37.435515091018736 ], [ -122.136439728123236, 37.435160014061097 ], [ -122.135713835151051, 37.434746203284071 ], [ -122.135388509497787, 37.434519207416344 ], [ -122.135023910471645, 37.434311354369051 ], [ -122.134352394322363, 37.433842791969667 ], [ -122.133741714339038, 37.433323995720727 ], [ -122.133197751545922, 37.432759962900668 ], [ -122.132898712114198, 37.43237740489451 ], [ -122.132893707338894, 37.432372215350796 ], [ -122.132421704667252, 37.431768377619811 ], [ -122.132026201538451, 37.43113055257853 ], [ -122.131711005349956, 37.430464883616693 ], [ -122.131479149742106, 37.429777782143987 ], [ -122.13133286545434, 37.429075865819577 ], [ -122.131273558924917, 37.428365894801338 ], [ -122.131301798836787, 37.427654706629518 ], [ -122.131417310735912, 37.426949150372579 ], [ -122.131618979769939, 37.426256020669172 ], [ -122.13190486151754, 37.425581992301886 ], [ -122.132272200800102, 37.424933555932142 ], [ -122.132717458291864, 37.424316955614756 ], [ -122.133236344668703, 37.42373812869257 ], [ -122.133823861964856, 37.423202648649685 ], [ -122.134474351736927, 37.422715671471572 ], [ -122.135181549570476, 37.422281886027832 ], [ -122.135938645403712, 37.421905468953796 ], [ -122.136738349087494, 37.421590044463763 ], [ -122.13757296055131, 37.421338649482244 ], [ -122.138434443900906, 37.421153704426636 ], [ -122.139314504736589, 37.421036989922548 ] ] ], [ [ [ -122.174640440569092, 37.444689857784873 ], [ -122.174525309928583, 37.445395455583622 ], [ -122.174323987758768, 37.446088657966442 ], [ -122.17403841066151, 37.446762788580749 ], [ -122.173671326916619, 37.447411354580581 ], [ -122.173226270090581, 37.448028109179411 ], [ -122.17270752506991, 37.448607111838463 ], [ -122.172120086843535, 37.449142785510261 ], [ -122.171469612429505, 37.449629970384585 ], [ -122.170762366407573, 37.450063973617972 ], [ -122.170005160582008, 37.450440614566169 ], [ -122.16920528835557, 37.450756265082916 ], [ -122.168370454447953, 37.451007884494928 ], [ -122.167508700636958, 37.451193048915648 ], [ -122.166628328239966, 37.451309974613608 ], [ -122.165737818084594, 37.451357535209901 ], [ -122.16484574874319, 37.451335272538088 ], [ -122.16396071382124, 37.451243401061667 ], [ -122.16309123910068, 37.451082805806436 ], [ -122.16224570033917, 37.45085503382726 ], [ -122.161432242520746, 37.450562279292512 ], [ -122.161323449644627, 37.450512363345617 ], [ -122.161007071133767, 37.450398499619759 ], [ -122.160233533672695, 37.450043579850863 ], [ -122.159507363957005, 37.449629916724255 ], [ -122.158835556206384, 37.449161494977403 ], [ -122.158435113565531, 37.448821553145159 ], [ -122.158154968695925, 37.448661960373521 ], [ -122.158123695149911, 37.4486401540128 ], [ -122.15805902704443, 37.448603313693766 ], [ -122.15738723762999, 37.448134883620291 ], [ -122.156776280526941, 37.447616207810682 ], [ -122.156232039429611, 37.447052282383325 ], [ -122.15575975503792, 37.446448539204184 ], [ -122.155363974611234, 37.44581079353808 ], [ -122.155048508217973, 37.445145188010507 ], [ -122.154816392100784, 37.444458133420525 ], [ -122.154669859507706, 37.443756246976136 ], [ -122.154661395995845, 37.443655328802237 ], [ -122.154620094255193, 37.443457491977739 ], [ -122.154560554727155, 37.442747533508019 ], [ -122.154588578135431, 37.442036340511088 ], [ -122.154703892109978, 37.441330762102332 ], [ -122.154905383703323, 37.440637593134262 ], [ -122.155191110201585, 37.439963508768102 ], [ -122.155558317919755, 37.439315000205077 ], [ -122.156003468797536, 37.438698312195605 ], [ -122.156522274536044, 37.438119382927482 ], [ -122.157109737944566, 37.437583786870739 ], [ -122.157760201097346, 37.43709668112831 ], [ -122.158467399835118, 37.436662755808044 ], [ -122.159224524086454, 37.436286188892325 ], [ -122.16002428342783, 37.435970606038495 ], [ -122.160858977252289, 37.435719045695926 ], [ -122.161720568872298, 37.435533929874282 ], [ -122.162600762845713, 37.435417040843419 ], [ -122.163491084782407, 37.435369503988156 ], [ -122.164382962866839, 37.435391776982598 ], [ -122.165267810314191, 37.435483645387514 ], [ -122.166137107970343, 37.43564422471308 ], [ -122.166982486263308, 37.435871968927373 ], [ -122.167795805720743, 37.436164685328698 ], [ -122.167981212151759, 37.436249755565115 ], [ -122.168149460496679, 37.436310307328554 ], [ -122.168922893248322, 37.436665175304903 ], [ -122.169648988992904, 37.437078780592486 ], [ -122.169830433344899, 37.437205285754914 ], [ -122.170319461310271, 37.437429651510108 ], [ -122.171045572233737, 37.437843248133788 ], [ -122.171717354728131, 37.438311600402166 ], [ -122.172328339493802, 37.438830198806713 ], [ -122.172872642258, 37.439394049948035 ], [ -122.173345020449418, 37.439997724587094 ], [ -122.173740923711719, 37.440635409895108 ], [ -122.174056537767953, 37.44130096540016 ], [ -122.174288821212158, 37.441987982092918 ], [ -122.174325609429985, 37.442163974146958 ], [ -122.17446182620354, 37.442566850076574 ], [ -122.174608542628548, 37.44326871186037 ], [ -122.174668273320776, 37.443978660115754 ], [ -122.174640440569092, 37.444689857784873 ] ] ], [ [ [ -122.192400638566937, 37.454522320195814 ], [ -122.192460547576673, 37.455232258758812 ], [ -122.19243288023722, 37.455943460006026 ], [ -122.192317900509821, 37.456649074619307 ], [ -122.192116713299725, 37.457342306891519 ], [ -122.191831253907893, 37.458016480182643 ], [ -122.191464269479468, 37.458665101236058 ], [ -122.191019292623153, 37.459281922735364 ], [ -122.190500607454183, 37.459861003497807 ], [ -122.190424377536573, 37.459930532827912 ], [ -122.190387226507468, 37.459972009170805 ], [ -122.189799825748892, 37.460507770824769 ], [ -122.189149367708794, 37.460995053219058 ], [ -122.188442116808346, 37.461429162571108 ], [ -122.187684884898033, 37.461805917214683 ], [ -122.186884965631336, 37.462121687908521 ], [ -122.186050064180705, 37.462373432821813 ], [ -122.185188222974375, 37.462558726859179 ], [ -122.184307744171491, 37.462675785040567 ], [ -122.183417109624926, 37.46272347971086 ], [ -122.182524899105573, 37.462701351412051 ], [ -122.18163970757935, 37.462609613313241 ], [ -122.180770062337373, 37.462449149155262 ], [ -122.179924340780573, 37.462221504730081 ], [ -122.179110689654635, 37.461928872977303 ], [ -122.17833694651614, 37.461574072841927 ], [ -122.178202651296331, 37.461497615323204 ], [ -122.178045980232767, 37.461425772417066 ], [ -122.177319600962676, 37.461012219867676 ], [ -122.177132532756772, 37.46088185658288 ], [ -122.177063762342826, 37.46084270252981 ], [ -122.176391743391179, 37.460374381689746 ], [ -122.176327686359571, 37.460320031660785 ], [ -122.175817557184033, 37.460029583026859 ], [ -122.175145553380361, 37.459561255022365 ], [ -122.174534379245799, 37.459042672123772 ], [ -122.174510402228833, 37.459017841707002 ], [ -122.174488029335294, 37.458998858032949 ], [ -122.173943571325282, 37.458435015246877 ], [ -122.173471071548306, 37.457831343886539 ], [ -122.173075079338531, 37.457193658525163 ], [ -122.172759406804275, 37.456528101207603 ], [ -122.172527092173411, 37.455841082268861 ], [ -122.172380370605666, 37.455139218573855 ], [ -122.17232065274959, 37.45442926977438 ], [ -122.172348511248018, 37.453718073197528 ], [ -122.172463675318198, 37.453012477993589 ], [ -122.172665033455374, 37.452319279177196 ], [ -122.172950644229772, 37.451645152197408 ], [ -122.173317755069675, 37.450996588666207 ], [ -122.173762828846563, 37.450379833863728 ], [ -122.174281578002848, 37.449800826621299 ], [ -122.17434008829342, 37.449747470671689 ], [ -122.174376211515721, 37.449707150859709 ], [ -122.174963637987531, 37.449171465920969 ], [ -122.175614085589459, 37.448684261667552 ], [ -122.176321290311094, 37.448250229156017 ], [ -122.177078442022676, 37.44787354740113 ], [ -122.177878250035704, 37.447557843166059 ], [ -122.178713013274162, 37.447306156069068 ], [ -122.179574694382055, 37.447120909340292 ], [ -122.180454997055548, 37.447003886510025 ], [ -122.181345445858128, 37.446956214251315 ], [ -122.182237467753083, 37.446978351541937 ], [ -122.183122474571462, 37.447070085249152 ], [ -122.183991945625309, 37.447230532180022 ], [ -122.184837509673841, 37.447458147577166 ], [ -122.185651025456963, 37.447750739979206 ], [ -122.186424660023917, 37.448105492302396 ], [ -122.18681758724766, 37.448329193243573 ], [ -122.186832379742128, 37.4483345132805 ], [ -122.187606025978781, 37.448689257801405 ], [ -122.188332342289769, 37.449102747112811 ], [ -122.189004334661789, 37.449571000021606 ], [ -122.189615531775019, 37.450089507976003 ], [ -122.189643264238669, 37.450118221371177 ], [ -122.189680973187336, 37.450144496605986 ], [ -122.190292179700791, 37.450663001013865 ], [ -122.190836704536579, 37.451226768321192 ], [ -122.191309302985431, 37.451830370096324 ], [ -122.191705422570365, 37.45246799421227 ], [ -122.192021246931333, 37.453133500786514 ], [ -122.192253732637099, 37.45382048128122 ], [ -122.192400638566937, 37.454522320195814 ] ] ], [ [ [ -122.241527650398226, 37.487646236954227 ], [ -122.241326837045179, 37.48833955163115 ], [ -122.24104170392242, 37.489013842700743 ], [ -122.240687063380946, 37.489641264719083 ], [ -122.236303, 37.486136 ], [ -122.234927, 37.486202 ], [ -122.233, 37.484509 ], [ -122.23242, 37.484099 ], [ -122.231402, 37.483366 ], [ -122.232476, 37.482417 ], [ -122.231579, 37.481773 ], [ -122.231258, 37.481532 ], [ -122.228672, 37.479663 ], [ -122.230808701496201, 37.477967427743515 ], [ -122.231361805872368, 37.477980916783558 ], [ -122.232247240864865, 37.478072279859489 ], [ -122.233117178892812, 37.478232362473271 ], [ -122.233149326011954, 37.478240997620915 ], [ -122.233185006217298, 37.478247563190251 ], [ -122.234031071924818, 37.478474823603101 ], [ -122.234845118900964, 37.478767074273925 ], [ -122.23561930908258, 37.479121501409246 ], [ -122.236190255665022, 37.479446054316888 ], [ -122.236511933295219, 37.479593314308673 ], [ -122.237238821608969, 37.480006499892795 ], [ -122.237911399396538, 37.480474471556548 ], [ -122.237944329048091, 37.480502366762678 ], [ -122.238100403119091, 37.480610959743032 ], [ -122.238212745652348, 37.48067481610456 ], [ -122.238885335577976, 37.481142782162763 ], [ -122.239497138134539, 37.481661028958037 ], [ -122.240042261176868, 37.482224566476852 ], [ -122.2405154542367, 37.482827968500551 ], [ -122.240912159112028, 37.483465424826058 ], [ -122.241228553806991, 37.48413079718712 ], [ -122.2414615893979, 37.484817678339077 ], [ -122.241609019467901, 37.485519453738846 ], [ -122.2416694218239, 37.486229365227466 ], [ -122.241642212283963, 37.486940576102548 ], [ -122.241527650398226, 37.487646236954227 ] ] ], [ [ [ -122.24023024031851, 37.490279622068854 ], [ -122.239711721761779, 37.490858918626152 ], [ -122.239124432163038, 37.49139492556796 ], [ -122.239083062963275, 37.491425936896903 ], [ -122.238960523219959, 37.491537774867574 ], [ -122.238310115844286, 37.492025328260688 ], [ -122.23760285692569, 37.492459732539459 ], [ -122.236845558389859, 37.492836803197349 ], [ -122.23604551453046, 37.493152907949522 ], [ -122.235761582222693, 37.49323862109425 ], [ -122.231769, 37.490316 ], [ -122.23467, 37.488203 ], [ -122.23858, 37.491624 ], [ -122.239441, 37.49084 ], [ -122.239737, 37.490529 ], [ -122.240593793572714, 37.489775266204632 ], [ -122.24023024031851, 37.490279622068854 ] ] ], [ [ [ -122.26328198455569, 37.50074128972696 ], [ -122.26409638925027, 37.501033337019187 ], [ -122.264870949643623, 37.501387570573236 ], [ -122.265598207555627, 37.501800579779633 ], [ -122.266271159909863, 37.502268388067911 ], [ -122.26688332614593, 37.502786491167527 ], [ -122.267428810617574, 37.503349900448669 ], [ -122.267615779402746, 37.503588095878477 ], [ -122.26774319362913, 37.503719694417619 ], [ -122.268216747281045, 37.504322983607992 ], [ -122.268613803358008, 37.504960345070913 ], [ -122.268930536482216, 37.505625641453896 ], [ -122.269072536369094, 37.50604358047142 ], [ -122.269108048882288, 37.506118172773611 ], [ -122.269341410047659, 37.506804997179053 ], [ -122.26948914602491, 37.507506736120611 ], [ -122.269549831673984, 37.508216631790937 ], [ -122.2695228800834, 37.508927847640535 ], [ -122.269408548317557, 37.509633534212249 ], [ -122.269207935036974, 37.51032689510766 ], [ -122.268922970010436, 37.511001252449674 ], [ -122.26855639561667, 37.511650111210812 ], [ -122.268111740510165, 37.512267221786821 ], [ -122.267593285702148, 37.512846640212238 ], [ -122.267006023380461, 37.513382785436718 ], [ -122.266355608863478, 37.513870493109621 ], [ -122.26564830614933, 37.514305065353085 ], [ -122.264890927584474, 37.514682316043078 ], [ -122.264090768232549, 37.514998611160792 ], [ -122.263255535577017, 37.515250903824423 ], [ -122.262393275235738, 37.5154367636625 ], [ -122.26151229340536, 37.515554400244838 ], [ -122.260621076785142, 37.515602680344649 ], [ -122.259728210754645, 37.515581138864377 ], [ -122.258842296596569, 37.51548998332003 ], [ -122.257971868565747, 37.515330091840468 ], [ -122.257125311606842, 37.515103004700769 ], [ -122.25631078051623, 37.514810909471976 ], [ -122.255536121330437, 37.514456619930577 ], [ -122.254808795700797, 37.514043548931916 ], [ -122.254135808985325, 37.513575675509728 ], [ -122.253567483317227, 37.513094615775977 ], [ -122.253483083730202, 37.513035937756811 ], [ -122.25287092646586, 37.512517765338607 ], [ -122.252806823430163, 37.512451543330492 ], [ -122.252670479901866, 37.512336131019673 ], [ -122.252125041220836, 37.511772653698571 ], [ -122.251651570475559, 37.511169300078585 ], [ -122.251254626353244, 37.510531881673231 ], [ -122.251245235927129, 37.510512147379551 ], [ -122.251214048880712, 37.510462066239334 ], [ -122.250897453316966, 37.509796722409284 ], [ -122.250664252710365, 37.509109861575851 ], [ -122.250516690752008, 37.508408099082509 ], [ -122.250456186181879, 37.507698193607808 ], [ -122.250483319216329, 37.506986982063204 ], [ -122.25059782605544, 37.506281313744758 ], [ -122.250798601519378, 37.505587984373001 ], [ -122.251083709784808, 37.504913670655966 ], [ -122.25145040311412, 37.504264866005705 ], [ -122.251895148394169, 37.503647818025868 ], [ -122.252413661225489, 37.50306846837249 ], [ -122.253000947232096, 37.502532395565382 ], [ -122.253065232676519, 37.502484198527952 ], [ -122.253154753032689, 37.502402483526453 ], [ -122.253805153852369, 37.501914848403231 ], [ -122.254512408050545, 37.501480346945968 ], [ -122.255269705017781, 37.501103162685638 ], [ -122.256069752664501, 37.500786927224581 ], [ -122.25690484760581, 37.500534685296387 ], [ -122.257766949291039, 37.500348865473661 ], [ -122.258647757366987, 37.500231256804717 ], [ -122.259538791531853, 37.500182991603154 ], [ -122.26043147311448, 37.500204534555529 ], [ -122.261317207596676, 37.500295678251227 ], [ -122.26218746728712, 37.500455545177687 ], [ -122.26234260739615, 37.500497162540839 ], [ -122.262435577065887, 37.500514240532034 ], [ -122.26328198455569, 37.50074128972696 ] ] ], [ [ [ -122.167558335305216, 37.716736508866049 ], [ -122.1676338962519, 37.716814498376472 ], [ -122.167655026580249, 37.716832367824487 ], [ -122.168201329297432, 37.717396222223783 ], [ -122.16867543601002, 37.71799989591991 ], [ -122.169072779706667, 37.718637576090863 ], [ -122.169389532226646, 37.719303122311992 ], [ -122.169622641185867, 37.71999012566166 ], [ -122.169769859445196, 37.720691970417498 ], [ -122.169812868088485, 37.721201640616826 ], [ -122.168104, 37.721626 ], [ -122.16724, 37.721836 ], [ -122.164245, 37.722651 ], [ -122.159808, 37.718776 ], [ -122.15892, 37.717986 ], [ -122.155810898035398, 37.715272194137299 ], [ -122.155992300410759, 37.715182318029868 ], [ -122.156033604052141, 37.715166082775674 ], [ -122.156162290577711, 37.71510232388141 ], [ -122.156965062234562, 37.714786772148905 ], [ -122.157802896730828, 37.714535241728427 ], [ -122.158667727146764, 37.714350154343251 ], [ -122.159551226865091, 37.714233291990716 ], [ -122.160444889677365, 37.714185779799642 ], [ -122.161340111612148, 37.714208075207019 ], [ -122.162228273700237, 37.714299963557629 ], [ -122.163100824883784, 37.714460560168973 ], [ -122.163949364274302, 37.714688318841588 ], [ -122.164765721971122, 37.714981046733023 ], [ -122.165542037665361, 37.715335925453182 ], [ -122.166270836275018, 37.715749538178542 ], [ -122.166945099885595, 37.716217902525301 ], [ -122.167558335305216, 37.716736508866049 ] ] ], [ [ [ -122.267189814984576, 37.789968617257536 ], [ -122.268063481582388, 37.790128434279822 ], [ -122.268913206853966, 37.790355433841384 ], [ -122.269730809485466, 37.790647430408207 ], [ -122.270508417186178, 37.791001612631312 ], [ -122.271238542438809, 37.791414570393087 ], [ -122.271914154559596, 37.791882327615994 ], [ -122.272528747376072, 37.792400380518515 ], [ -122.273076401871762, 37.792963740951642 ], [ -122.273551843195577, 37.793566984399419 ], [ -122.273950491485891, 37.794204302183701 ], [ -122.274268506019467, 37.794869557370596 ], [ -122.274432969794915, 37.795351604610239 ], [ -122.274743030646249, 37.795408300464331 ], [ -122.275592836746256, 37.795635251676245 ], [ -122.27641052376876, 37.795927201649477 ], [ -122.276490647453087, 37.795963687855867 ], [ -122.276640508378847, 37.79601719373597 ], [ -122.277418205260048, 37.796371330047641 ], [ -122.278148421729298, 37.796784244621641 ], [ -122.278824126224819, 37.797251961796199 ], [ -122.279438811684926, 37.797769978175445 ], [ -122.279986558201315, 37.798333305962004 ], [ -122.28046209003692, 37.798936520954378 ], [ -122.28086082645865, 37.799573814748491 ], [ -122.281178925894579, 37.800239050641501 ], [ -122.281413322988911, 37.80092582270165 ], [ -122.281417008257179, 37.80094324399542 ], [ -122.279687, 37.800256 ], [ -122.279564, 37.800449 ], [ -122.278536, 37.799654 ], [ -122.275061, 37.798321 ], [ -122.274935, 37.798276 ], [ -122.272515, 37.797457 ], [ -122.27014, 37.796524 ], [ -122.266615, 37.795117 ], [ -122.265066, 37.797622 ], [ -122.263752, 37.7997 ], [ -122.267312, 37.801081 ], [ -122.266458, 37.802497 ], [ -122.26761, 37.80296 ], [ -122.268798, 37.803427 ], [ -122.271274, 37.804361 ], [ -122.266771, 37.811553 ], [ -122.264244414144201, 37.815627095191083 ], [ -122.263671609975646, 37.815422564732565 ], [ -122.262893779111337, 37.815068339036863 ], [ -122.2621634676604, 37.814655331428206 ], [ -122.261487709742823, 37.814187520327131 ], [ -122.260873013617825, 37.813669411986538 ], [ -122.260325298992612, 37.813105997056546 ], [ -122.259849840018148, 37.812502702483975 ], [ -122.259451214520979, 37.811865339211252 ], [ -122.259133259958631, 37.811200046179813 ], [ -122.258899036521342, 37.810513231178589 ], [ -122.258750797733313, 37.8098115091084 ], [ -122.258689968833679, 37.809101638257722 ], [ -122.258717133142156, 37.808390455204389 ], [ -122.258832026537362, 37.807684808970421 ], [ -122.259033540096979, 37.806991495064501 ], [ -122.259319730870857, 37.806317190047167 ], [ -122.259687840679874, 37.805668387248481 ], [ -122.260134322755533, 37.805051334256504 ], [ -122.260654875961521, 37.804471972778067 ], [ -122.260927988645676, 37.804223651889728 ], [ -122.260947946328457, 37.804188473673356 ], [ -122.261088163108624, 37.803994680761853 ], [ -122.260661997603947, 37.803842473241147 ], [ -122.259884302401574, 37.803488226930966 ], [ -122.259154121582981, 37.803075199793547 ], [ -122.258478488009715, 37.802607370437599 ], [ -122.257863908743246, 37.802089245291967 ], [ -122.257316302365211, 37.801525815168716 ], [ -122.256840941984166, 37.800922507161076 ], [ -122.256442404477355, 37.800285132340861 ], [ -122.256345802443789, 37.80008294918354 ], [ -122.257805, 37.799704 ], [ -122.259554, 37.798301 ], [ -122.259551, 37.798132 ], [ -122.259577, 37.79632 ], [ -122.260806, 37.79528 ], [ -122.261327, 37.793807 ], [ -122.262963, 37.791175 ], [ -122.265290116460591, 37.789823596228501 ], [ -122.265870660835603, 37.789837524646245 ], [ -122.266248957338391, 37.789876282384249 ], [ -122.266300618683943, 37.789877521468448 ], [ -122.267189814984576, 37.789968617257536 ] ] ], [ [ [ -122.275224043782345, 37.826164226788073 ], [ -122.27554220664976, 37.826829474538357 ], [ -122.275776635558046, 37.827516254343209 ], [ -122.275925070652889, 37.82821795263456 ], [ -122.275986080041008, 37.828927811995733 ], [ -122.275959073671771, 37.829638996226635 ], [ -122.275844309115527, 37.830344656174887 ], [ -122.27564288917975, 37.83103799569939 ], [ -122.275356751382162, 37.831712337130291 ], [ -122.274988649378429, 37.832361185595268 ], [ -122.274542126520217, 37.832978291591559 ], [ -122.274021481794975, 37.833557711200434 ], [ -122.273431728473227, 37.834093863363037 ], [ -122.272778545859822, 37.834581583664907 ], [ -122.272068224612084, 37.835016174109526 ], [ -122.271307606151751, 37.835393448400431 ], [ -122.270504016753648, 37.835709772294159 ], [ -122.26966519694723, 37.835962098634091 ], [ -122.268799226912535, 37.836147996726275 ], [ -122.267914448591156, 37.836265675773603 ], [ -122.267019385264959, 37.836314002141066 ], [ -122.266122659380798, 37.836292510285858 ], [ -122.265232909415474, 37.836201407245774 ], [ -122.264358706585782, 37.83604157064309 ], [ -122.263508472209352, 37.835814540222955 ], [ -122.26269039651558, 37.835522503008271 ], [ -122.261912359692033, 37.835168272214531 ], [ -122.26118185592982, 37.834755260128603 ], [ -122.2605059212014, 37.834287445213995 ], [ -122.259891065468878, 37.833769333760159 ], [ -122.259343209976436, 37.833205916447007 ], [ -122.258867630231293, 37.832602620244131 ], [ -122.258468905222429, 37.83196525610942 ], [ -122.258150873364841, 37.831299962992482 ], [ -122.257916595592079, 37.830613148682971 ], [ -122.257768325950508, 37.829911428074908 ], [ -122.257707489975033, 37.829201559442588 ], [ -122.257734671052148, 37.828490379342455 ], [ -122.257849604897658, 37.827784736768052 ], [ -122.258051182198315, 37.82709142719289 ], [ -122.258337459388983, 37.826417127135834 ], [ -122.258705677457172, 37.82576832987926 ], [ -122.259152288590997, 37.825151282958011 ], [ -122.259672990410564, 37.824571928020596 ], [ -122.260262767451252, 37.824035843640587 ], [ -122.260915939496726, 37.823548191627587 ], [ -122.261626216295724, 37.823113667353823 ], [ -122.261892921416504, 37.822981387214647 ], [ -122.261996, 37.823012 ], [ -122.268563, 37.824462 ], [ -122.271796, 37.825226 ], [ -122.275061, 37.826059 ], [ -122.275174592423454, 37.82608520625206 ], [ -122.275224043782345, 37.826164226788073 ] ] ], [ [ [ -122.248609778802191, 37.837597555097013 ], [ -122.24947581629884, 37.837411805225734 ], [ -122.250360637502141, 37.837294264460979 ], [ -122.251255723483354, 37.837246064463599 ], [ -122.252152456572688, 37.837267669292785 ], [ -122.253042203256399, 37.837358870941998 ], [ -122.253916397225339, 37.837518791339946 ], [ -122.254169077414829, 37.837586284335536 ], [ -122.254402657367407, 37.837629012430376 ], [ -122.255252884672359, 37.837856108379128 ], [ -122.25607095682075, 37.838148197022171 ], [ -122.256848997001796, 37.838502466123657 ], [ -122.257579513534139, 37.838915504729037 ], [ -122.258255471966152, 37.839383335981864 ], [ -122.258870362789835, 37.839901455387313 ], [ -122.259418264117912, 37.840464874155366 ], [ -122.259893898720591, 37.841068167207872 ], [ -122.260292684872795, 37.841705525388363 ], [ -122.260610780521091, 37.842370811373428 ], [ -122.260845120343248, 37.843057618748304 ], [ -122.260993445341555, 37.843759333679067 ], [ -122.261054324681865, 37.844469198588442 ], [ -122.261027169564727, 37.845180377222519 ], [ -122.26091223899202, 37.845886020482595 ], [ -122.260710637369229, 37.846579332387968 ], [ -122.260424303963276, 37.847253635534571 ], [ -122.260055994313234, 37.847902435418639 ], [ -122.259609253770464, 37.848519483005127 ], [ -122.259088383418927, 37.849098834937827 ], [ -122.258498398702528, 37.849634910809669 ], [ -122.257844981155188, 37.850122546941002 ], [ -122.257134423697707, 37.850557046146079 ], [ -122.256373570027648, 37.850934223007336 ], [ -122.255569748686199, 37.851250444219964 ], [ -122.254730702437868, 37.851502663616401 ], [ -122.253864513644814, 37.851688451533029 ], [ -122.25297952635664, 37.851806018234107 ], [ -122.252084265868959, 37.851854231166961 ], [ -122.251187356528561, 37.851832625881499 ], [ -122.250297438580006, 37.851741410508232 ], [ -122.249423084858734, 37.851581463751572 ], [ -122.249170361330869, 37.851513960781048 ], [ -122.248936740685309, 37.851471222447103 ], [ -122.248086376714681, 37.851244081604143 ], [ -122.247268191625281, 37.850951938367849 ], [ -122.246490066658239, 37.850597606974844 ], [ -122.245759496853353, 37.850184500680903 ], [ -122.245083518818674, 37.849716598856752 ], [ -122.244468642932702, 37.849198408628716 ], [ -122.243920790632799, 37.848634921435213 ], [ -122.243445237394397, 37.848031564918585 ], [ -122.243046561949953, 37.847394150617298 ], [ -122.242728602235843, 37.846728817963808 ], [ -122.242494418489542, 37.846041975128145 ], [ -122.242346263850521, 37.845340237278712 ], [ -122.242285562744854, 37.844630362855526 ], [ -122.24231289725914, 37.843919188470423 ], [ -122.242428001630358, 37.843213563061624 ], [ -122.242629764902304, 37.842520281937006 ], [ -122.24291624171822, 37.841846021341247 ], [ -122.243284671142803, 37.841197274176501 ], [ -122.243731503328533, 37.840580287495101 ], [ -122.244252433766974, 37.840001002365348 ], [ -122.24484244479217, 37.839464996688598 ], [ -122.245495853935068, 37.838977431516604 ], [ -122.246206368661944, 37.838543001385389 ], [ -122.246967146968927, 37.838165889142083 ], [ -122.247770863249599, 37.837849725698433 ], [ -122.248609778802191, 37.837597555097013 ] ] ], [ [ [ -122.270410752228685, 37.845167568590433 ], [ -122.27130061604673, 37.84525863242682 ], [ -122.272174942400468, 37.845418417309041 ], [ -122.273025313316083, 37.845645384852361 ], [ -122.273843541265023, 37.845937349830805 ], [ -122.274621747937061, 37.846291501199133 ], [ -122.275352440048565, 37.846704429136381 ], [ -122.276028581458064, 37.847172157851709 ], [ -122.276643660896397, 37.84769018383767 ], [ -122.277191754660763, 37.848253519203894 ], [ -122.277253577878213, 37.848331894727586 ], [ -122.277507259297082, 37.848592626202638 ], [ -122.277983093044242, 37.849195845361201 ], [ -122.278001059693139, 37.849224543619115 ], [ -122.278043224897559, 37.849277996253896 ], [ -122.278442211043668, 37.849915292049751 ], [ -122.278760504594175, 37.850580528012763 ], [ -122.278995038321128, 37.851267298210139 ], [ -122.279143551359454, 37.851968989166316 ], [ -122.279204611063818, 37.852678843535209 ], [ -122.279177626897408, 37.853390025164828 ], [ -122.27906285621512, 37.854095684927977 ], [ -122.278861401881812, 37.85478902668541 ], [ -122.278791537170761, 37.854953643437781 ], [ -122.278751314547947, 37.855092074526958 ], [ -122.278642374031165, 37.855348760141219 ], [ -122.278631431096187, 37.855386421168951 ], [ -122.278345226565136, 37.85606076659051 ], [ -122.277977029903994, 37.856709621241706 ], [ -122.277530385374789, 37.857326735560363 ], [ -122.277009593135773, 37.857906165547895 ], [ -122.27641966787742, 37.858442330045712 ], [ -122.275766290559986, 37.858930064520763 ], [ -122.275055753715932, 37.859364670840272 ], [ -122.274294900843529, 37.85974196255512 ], [ -122.273491060475635, 37.860058305254206 ], [ -122.272651975559626, 37.860310651599939 ], [ -122.27178572882984, 37.860496570705806 ], [ -122.270900664893887, 37.860614271572395 ], [ -122.270005309785788, 37.860662620354596 ], [ -122.269108288764016, 37.860641151293692 ], [ -122.26821824314942, 37.860550071207825 ], [ -122.267343747007644, 37.860390257498167 ], [ -122.266493224482687, 37.860163249689222 ], [ -122.265674868580348, 37.859871234585945 ], [ -122.264896562188, 37.859517025190634 ], [ -122.264165802093743, 37.859104033583897 ], [ -122.263489626739457, 37.858636238031757 ], [ -122.262874548404923, 37.858118144636968 ], [ -122.262326490478188, 37.857554743905283 ], [ -122.262296140199808, 37.85751625898834 ], [ -122.262272434206707, 37.857491889068193 ], [ -122.261796674986783, 37.856888607583763 ], [ -122.261397794315798, 37.856251256420741 ], [ -122.26107963210697, 37.855585974403652 ], [ -122.260921454346615, 37.855122469656443 ], [ -122.260858176069405, 37.854990150767811 ], [ -122.260623798442325, 37.854303345056962 ], [ -122.260475455863258, 37.853601631140521 ], [ -122.260414574568102, 37.852891767228357 ], [ -122.260441738378304, 37.852180589831455 ], [ -122.260556683174229, 37.851474947917389 ], [ -122.260758299535652, 37.850781636953435 ], [ -122.260838738450815, 37.850592214907188 ], [ -122.260888339263786, 37.850421646282392 ], [ -122.261174680677144, 37.849747342436807 ], [ -122.261542989703116, 37.849098539300847 ], [ -122.261989717652654, 37.84848148446617 ], [ -122.262510561020022, 37.847902119657718 ], [ -122.263100502976698, 37.847366023544303 ], [ -122.26375386171776, 37.846878358048848 ], [ -122.264464345193943, 37.846443818673563 ], [ -122.265225111701483, 37.846066589317644 ], [ -122.266028835747022, 37.845750302020583 ], [ -122.266867778553461, 37.845498002017571 ], [ -122.267733862530264, 37.845312118442457 ], [ -122.268618748992338, 37.845194440958991 ], [ -122.269513918382714, 37.845146102544355 ], [ -122.270410752228685, 37.845167568590433 ] ] ], [ [ [ -122.274520146396114, 37.864272255870837 ], [ -122.275135357067896, 37.864790287927491 ], [ -122.275683565707325, 37.865353628349453 ], [ -122.276159492125473, 37.865956852812921 ], [ -122.276558551786934, 37.866594152821946 ], [ -122.276876900003913, 37.867259391613366 ], [ -122.277111469021136, 37.867946163226982 ], [ -122.277246667879211, 37.868584880668358 ], [ -122.277346778416913, 37.868510158754297 ], [ -122.278057389429691, 37.868075539456477 ], [ -122.278818308632694, 37.867698224132468 ], [ -122.279622209061984, 37.867381845649646 ], [ -122.280461350242135, 37.867129450121439 ], [ -122.281327652672758, 37.866943467601587 ], [ -122.282212775565839, 37.866825688706548 ], [ -122.283108197088566, 37.866777247389983 ], [ -122.284005296341448, 37.866798610034479 ], [ -122.284895436286476, 37.866889570965192 ], [ -122.285770046829583, 37.867049254428295 ], [ -122.286620707261775, 37.867276123015522 ], [ -122.287439227267811, 37.867567992453473 ], [ -122.287536970896227, 37.867612446606941 ], [ -122.287601907741049, 37.86763560149118 ], [ -122.288380407685409, 37.867989660576626 ], [ -122.28911139007559, 37.868402501509124 ], [ -122.289787815975728, 37.868870149335393 ], [ -122.29040317137779, 37.869388101326756 ], [ -122.290951529921955, 37.869951370305216 ], [ -122.291427609976338, 37.87055453263514 ], [ -122.291826825526528, 37.871191780418975 ], [ -122.292145330383889, 37.871856977396703 ], [ -122.29238005528498, 37.87254371801103 ], [ -122.292528737522659, 37.873245389071457 ], [ -122.292589942820968, 37.8739552334237 ], [ -122.292563079239656, 37.874666415012484 ], [ -122.292448402970763, 37.875372084711294 ], [ -122.2922470159684, 37.876065446285523 ], [ -122.291960855429949, 37.876739821853505 ], [ -122.291592675227093, 37.87738871621471 ], [ -122.29114601946192, 37.878005879424848 ], [ -122.290625188399474, 37.878585367014779 ], [ -122.290035197103037, 37.879121597271478 ], [ -122.289381727167921, 37.879609405028802 ], [ -122.288671072017877, 37.880044091448447 ], [ -122.287910076290146, 37.880421469309965 ], [ -122.287106069893383, 37.880737903372648 ], [ -122.28626679737414, 37.880990345419058 ], [ -122.285400343274034, 37.881176363640925 ], [ -122.284515054198636, 37.881294166084096 ], [ -122.283619458351254, 37.881342617925092 ], [ -122.282722183310128, 37.881321252412356 ], [ -122.28183187284381, 37.881230275366576 ], [ -122.280957103570302, 37.881070563196225 ], [ -122.280106302265509, 37.880843654447595 ], [ -122.279287664621592, 37.880551734971284 ], [ -122.279189908887034, 37.880507274107224 ], [ -122.27912496339998, 37.88048411465779 ], [ -122.278346376505667, 37.880129995456919 ], [ -122.277615338465196, 37.879717088875388 ], [ -122.276938890398299, 37.879249372360114 ], [ -122.276323547212115, 37.878731351252448 ], [ -122.275775234845938, 37.87816801536178 ], [ -122.275299233207008, 37.877564790873265 ], [ -122.274900125346875, 37.87692748805393 ], [ -122.274596910105018, 37.876293915484119 ], [ -122.274292007116244, 37.876521458141909 ], [ -122.273581293134583, 37.876956054013178 ], [ -122.272820252329694, 37.877333334856843 ], [ -122.272016215044971, 37.877649666366622 ], [ -122.27117692612498, 37.877902001312876 ], [ -122.270310470269649, 37.878087908919014 ], [ -122.269425194101686, 37.878205598296418 ], [ -122.268529625700182, 37.878253935710774 ], [ -122.268370292920196, 37.878250121706081 ], [ -122.268299603929421, 37.878253936686484 ], [ -122.267402370674773, 37.878232454740569 ], [ -122.266512116082794, 37.878141362121447 ], [ -122.265637416232934, 37.877981536350944 ], [ -122.264786697231983, 37.877754517069675 ], [ -122.263968153978809, 37.877462491193022 ], [ -122.263189671165833, 37.877108271826899 ], [ -122.262458747280718, 37.876695271147867 ], [ -122.261782422342932, 37.876227467509153 ], [ -122.261167210073054, 37.875709367091218 ], [ -122.260619035148693, 37.875145960467343 ], [ -122.260143176152809, 37.874542674503715 ], [ -122.259744214762506, 37.873905320059386 ], [ -122.259425991667555, 37.873240035990271 ], [ -122.259191569641189, 37.872553229998651 ], [ -122.259066494345603, 37.871961671814852 ], [ -122.259056132678879, 37.871940008644231 ], [ -122.258821718184691, 37.871253201733332 ], [ -122.258673358758315, 37.870551487979448 ], [ -122.258612480796799, 37.869841625590801 ], [ -122.258639668088321, 37.869130451063604 ], [ -122.258754656285973, 37.86842481333786 ], [ -122.258956335550423, 37.867731507840425 ], [ -122.259242761332075, 37.867057211051097 ], [ -122.25961117318522, 37.866408416221027 ], [ -122.260058021429771, 37.86579137086202 ], [ -122.26057900140097, 37.865212016607842 ], [ -122.26116909495444, 37.86467593202584 ], [ -122.261822618825292, 37.86418827892799 ], [ -122.262533279374111, 37.863753752697313 ], [ -122.262937773556686, 37.863553240291026 ], [ -122.262953259631573, 37.86354377127126 ], [ -122.263714209160796, 37.863166552957047 ], [ -122.264518124885981, 37.862850277039556 ], [ -122.265357266184935, 37.862597988644652 ], [ -122.266223553556387, 37.862412116794474 ], [ -122.267108646357499, 37.862294451039951 ], [ -122.268004023045222, 37.862246124245424 ], [ -122.268901063151731, 37.862267601690846 ], [ -122.269791130208162, 37.862358676596159 ], [ -122.270665654821997, 37.862518472110196 ], [ -122.271516217111085, 37.862745449745866 ], [ -122.272334627704652, 37.863037424179851 ], [ -122.27311300653426, 37.86339158427576 ], [ -122.273843858658807, 37.863804520128504 ], [ -122.274520146396114, 37.864272255870837 ] ] ], [ [ [ -121.889717281398362, 37.306550583313609 ], [ -121.890440565314748, 37.306965917099319 ], [ -121.891109410607655, 37.307435876798678 ], [ -121.891717376248323, 37.307955937424701 ], [ -121.892258607025468, 37.3085210914968 ], [ -121.892727889940588, 37.309125897227631 ], [ -121.89312070443701, 37.309764530893901 ], [ -121.89343326597772, 37.310430842887762 ], [ -121.893662562550873, 37.311118416910865 ], [ -121.893806383749094, 37.311820631741853 ], [ -121.893863342139809, 37.312530724983368 ], [ -121.893832886717334, 37.313241858175537 ], [ -121.893715308304223, 37.313947182649237 ], [ -121.893511736845767, 37.314639905485052 ], [ -121.893224130620169, 37.31531335494288 ], [ -121.892855257464873, 37.315961044731239 ], [ -121.892408668196381, 37.316576736497112 ], [ -121.891888662476802, 37.317154499933395 ], [ -121.891300247453259, 37.31768876992394 ], [ -121.890649089566878, 37.318174400174776 ], [ -121.889941459993949, 37.318606712813455 ], [ -121.88988120897416, 37.318636535334058 ], [ -121.889857785702844, 37.318650845145832 ], [ -121.88984, 37.318589 ], [ -121.889345, 37.317119 ], [ -121.888061, 37.315323 ], [ -121.887901, 37.315414 ], [ -121.883232, 37.310156 ], [ -121.880227668001979, 37.30637522375833 ], [ -121.880389730131739, 37.306295013558334 ], [ -121.881189272364452, 37.305981329989592 ], [ -121.882023449401927, 37.305731752114603 ], [ -121.88288422953687, 37.305548682854443 ], [ -121.883763325142041, 37.305433884773933 ], [ -121.884652272401809, 37.305388463126135 ], [ -121.885542512732826, 37.305412855220226 ], [ -121.886425475113128, 37.305506826214817 ], [ -121.887292658530626, 37.305669471377058 ], [ -121.888135713760263, 37.305899224785648 ], [ -121.888946523686172, 37.306193874394687 ], [ -121.889717281398362, 37.306550583313609 ] ] ], [ [ [ -121.909997417634088, 37.323842068010045 ], [ -121.910605648153151, 37.324362030288476 ], [ -121.911147140560118, 37.324927096740815 ], [ -121.911616679337584, 37.325531826423514 ], [ -121.912009741465155, 37.326170396345695 ], [ -121.912322540021165, 37.326836657513496 ], [ -121.912552060711008, 37.327524194118268 ], [ -121.912696090968524, 37.328226385299303 ], [ -121.912753241346977, 37.328936468887321 ], [ -121.912722958990869, 37.329647606515799 ], [ -121.912605533054858, 37.330352949473259 ], [ -121.912402092014418, 37.33104570466277 ], [ -121.912114592890418, 37.331719200033035 ], [ -121.911745802487332, 37.332366948850805 ], [ -121.911299270823264, 37.33298271219499 ], [ -121.910779297004112, 37.333560559069475 ], [ -121.910314696770854, 37.333982487228049 ], [ -121.910279300413734, 37.334031296154834 ], [ -121.909759311411094, 37.334609138477795 ], [ -121.909170886725065, 37.335143497817867 ], [ -121.908519692888646, 37.335629227020796 ], [ -121.908160692559392, 37.335848586750828 ], [ -121.90381, 37.331903 ], [ -121.90473, 37.331862 ], [ -121.911829, 37.331553 ], [ -121.91158, 37.326009 ], [ -121.906205, 37.326222 ], [ -121.904864, 37.326176 ], [ -121.902876, 37.326281 ], [ -121.902733, 37.326291 ], [ -121.901331, 37.326434 ], [ -121.900194, 37.326611 ], [ -121.900883, 37.325601 ], [ -121.902069, 37.324069 ], [ -121.90248, 37.323481 ], [ -121.902591584024066, 37.32184879506859 ], [ -121.902649213784812, 37.321841261515537 ], [ -121.903538344694994, 37.32179569659472 ], [ -121.904428786599723, 37.321819945161927 ], [ -121.905311966536942, 37.321913773757643 ], [ -121.906179381400705, 37.322076279019903 ], [ -121.907022679738361, 37.322305896374367 ], [ -121.907833742094326, 37.322600415084992 ], [ -121.908604759128991, 37.322956999521416 ], [ -121.909328306764309, 37.323372216439068 ], [ -121.909997417634088, 37.323842068010045 ] ] ], [ [ [ -121.937376455498764, 37.346114173664446 ], [ -121.938259963926996, 37.346207753833504 ], [ -121.9391277324399, 37.346370015023012 ], [ -121.939971406181272, 37.346599395008468 ], [ -121.940782862082457, 37.346893685339118 ], [ -121.941554287016245, 37.347250052583391 ], [ -121.942278252978596, 37.34766506558789 ], [ -121.942947788576802, 37.348134728488013 ], [ -121.94355644613718, 37.348654519154636 ], [ -121.944098363787433, 37.349219432706704 ], [ -121.944568321916066, 37.349824029673179 ], [ -121.944961793464984, 37.350462488341385 ], [ -121.945274987569931, 37.351128660789207 ], [ -121.945504886126884, 37.351816132062766 ], [ -121.945649272930112, 37.352518281930976 ], [ -121.945706755098144, 37.353228348623084 ], [ -121.945676776578836, 37.353939493935876 ], [ -121.945559623598939, 37.354644869084645 ], [ -121.945468782664548, 37.354954590979837 ], [ -121.945431962305008, 37.355176280085139 ], [ -121.945228758079978, 37.355869091424047 ], [ -121.945051983725733, 37.356283540926022 ], [ -121.94383, 37.356683 ], [ -121.937553, 37.353984 ], [ -121.932135, 37.351219 ], [ -121.928875874686497, 37.349571508646235 ], [ -121.928996953427983, 37.349404509313295 ], [ -121.929516896605463, 37.348826582040822 ], [ -121.930105283524824, 37.348292120898087 ], [ -121.930756447379125, 37.347806272056815 ], [ -121.93146411727264, 37.347373713519609 ], [ -121.932221478606564, 37.346998610106489 ], [ -121.9330212386824, 37.346684573381793 ], [ -121.933855696891996, 37.346434626907126 ], [ -121.934716818820519, 37.346251177152745 ], [ -121.935596313550008, 37.346135990347129 ], [ -121.936485713422726, 37.346090175486033 ], [ -121.937376455498764, 37.346114173664446 ] ] ], [ [ [ -121.884067879501913, 37.369561458987718 ], [ -121.88395012021941, 37.370266771845557 ], [ -121.883865481710771, 37.37055443279467 ], [ -121.883832186262026, 37.370753849494882 ], [ -121.883628368314049, 37.371446553348648 ], [ -121.883340454231117, 37.372119976778123 ], [ -121.88297121481277, 37.372767633742676 ], [ -121.882524204400795, 37.373383286205623 ], [ -121.882003726711659, 37.373961004238772 ], [ -121.881414793437145, 37.374495223163628 ], [ -121.880763076009416, 37.374980797178516 ], [ -121.880054850994313, 37.375413048953114 ], [ -121.879296939637896, 37.375787814711586 ], [ -121.878496642149315, 37.376101484368888 ], [ -121.87766166735301, 37.376351036331755 ], [ -121.876800058390089, 37.376534066628359 ], [ -121.875920115186389, 37.376648812085037 ], [ -121.875030314436401, 37.376694167325375 ], [ -121.874139227877592, 37.376669695427694 ], [ -121.873255439644737, 37.376575632137829 ], [ -121.872387463504623, 37.37641288359594 ], [ -121.871543660771422, 37.376183017600113 ], [ -121.87096547114605, 37.375972996385805 ], [ -121.873062, 37.373791 ], [ -121.875763, 37.371864 ], [ -121.876828, 37.370961 ], [ -121.879355, 37.369396 ], [ -121.880698, 37.368007 ], [ -121.884069456979788, 37.369524764835504 ], [ -121.884067879501913, 37.369561458987718 ] ] ], [ [ [ -122.005022478701221, 37.36602423515837 ], [ -122.005564987114369, 37.366588863940628 ], [ -122.006035551951157, 37.367193213823377 ], [ -122.006429640312973, 37.367831465473984 ], [ -122.006743455397228, 37.368497472964648 ], [ -122.006973973120793, 37.369184822931011 ], [ -122.007118971315649, 37.369886896311264 ], [ -122.007177051212295, 37.370596932072488 ], [ -122.007147651001304, 37.371308092310628 ], [ -122.007031051338714, 37.372013528098492 ], [ -122.006828372738582, 37.37270644544715 ], [ -122.006541564874297, 37.373380170745612 ], [ -122.006173387887884, 37.374028215048135 ], [ -122.005727385884299, 37.374644336589498 ], [ -122.00520785286281, 37.375222600925298 ], [ -122.00461979141123, 37.375757438116715 ], [ -122.003968864559127, 37.376243696408167 ], [ -122.003261341252085, 37.376676691879226 ], [ -122.002504035972095, 37.377052253591195 ], [ -122.001704243085555, 37.377366763792388 ], [ -122.000869666552219, 37.377617192793032 ], [ -122.00000834567345, 37.377801128173068 ], [ -121.999128577597418, 37.37791679804009 ], [ -121.998238837330106, 37.377963088112622 ], [ -121.998236624753503, 37.377963029685361 ], [ -121.99797094468569, 37.377976850764583 ], [ -121.997079803301503, 37.377953313079757 ], [ -121.997015993343283, 37.377946590084136 ], [ -121.996453063935249, 37.377931717644621 ], [ -121.996214718359738, 37.377944113135023 ], [ -121.995323577919891, 37.377920562104521 ], [ -121.995291522907507, 37.377917184313837 ], [ -121.995173491795782, 37.377914064450039 ], [ -121.994289537130172, 37.377820913417089 ], [ -121.993421283485318, 37.377659060874379 ], [ -121.992577094850844, 37.377430065988683 ], [ -121.992444180827761, 37.377381953243358 ], [ -121.99235628288497, 37.377358109461824 ], [ -121.991544292884498, 37.377064176651942 ], [ -121.990772321575363, 37.37670813898643 ], [ -121.990047804706393, 37.37629342615994 ], [ -121.989377720569323, 37.375824033020905 ], [ -121.98876852276338, 37.375304481062926 ], [ -121.988226078031275, 37.374739774842659 ], [ -121.987755609765557, 37.374135353745231 ], [ -121.987361647729443, 37.373497039563226 ], [ -121.987047984475055, 37.372830980395619 ], [ -121.986917676177185, 37.372442119093684 ], [ -121.986926, 37.371817 ], [ -121.987271, 37.370929 ], [ -121.987296, 37.370442 ], [ -121.986572805608262, 37.370447510052507 ], [ -121.986600328964627, 37.369786153743881 ], [ -121.986717118105773, 37.369080738202939 ], [ -121.986919973431768, 37.368387855494547 ], [ -121.987206939103487, 37.367714178019597 ], [ -121.987575249511337, 37.367066193057546 ], [ -121.988021355985396, 37.36645014031334 ], [ -121.988540961034005, 37.365871951854515 ], [ -121.989129059778691, 37.365337195014909 ], [ -121.989779988184566, 37.364851018814178 ], [ -121.99048747762032, 37.364418104407768 ], [ -121.991244715222351, 37.364042620042703 ], [ -121.992044409481409, 37.363728180951675 ], [ -121.992878860421484, 37.363477814570665 ], [ -121.993740033696454, 37.363293931413054 ], [ -121.994619637893308, 37.363178301880176 ], [ -121.995509204300177, 37.363132039230372 ], [ -121.996400168374024, 37.363155588869894 ], [ -121.996407324030088, 37.363156342977355 ], [ -121.996939476648464, 37.363170405373182 ], [ -121.997272695817784, 37.36320552003162 ], [ -121.997489750454946, 37.36321125449237 ], [ -121.997722342764732, 37.363235764064775 ], [ -121.997752633980483, 37.363236564249121 ], [ -121.99863642037775, 37.363329689252474 ], [ -121.999504518763672, 37.363491503309248 ], [ -122.000071011004721, 37.363645162465495 ], [ -122.00059085624325, 37.363742055666059 ], [ -122.001434914747819, 37.363970993033135 ], [ -122.00224680133482, 37.364264857566738 ], [ -122.003018698732461, 37.364620819934927 ], [ -122.003743174390053, 37.365035452882672 ], [ -122.004413252009712, 37.365504764205028 ], [ -122.005022478701221, 37.36602423515837 ] ] ], [ [ [ -122.040579188781209, 37.375647905289469 ], [ -122.040973616933613, 37.37628604049992 ], [ -122.041287775570055, 37.376951955183564 ], [ -122.041518637299632, 37.377639236870337 ], [ -122.041663976641786, 37.378341267156628 ], [ -122.041722391541583, 37.379051285425142 ], [ -122.041693316963105, 37.379762453941034 ], [ -122.041577030425614, 37.380467923698113 ], [ -122.041374649426629, 37.381160900381076 ], [ -122.041088120772116, 37.381834709808146 ], [ -122.040720201913615, 37.382482862224009 ], [ -122.040274434468401, 37.383099114822805 ], [ -122.039755110174966, 37.383677531898449 ], [ -122.039167229609035, 37.384212542041404 ], [ -122.038516454056222, 37.384698991830675 ], [ -122.037809051003251, 37.385132195501605 ], [ -122.037051833772338, 37.385507980110333 ], [ -122.036252095880556, 37.385822725758302 ], [ -122.03622688984639, 37.385830296988566 ], [ -122.036015423495698, 37.385913520476812 ], [ -122.035180866562882, 37.386164193520919 ], [ -122.034319531670704, 37.38634838080587 ], [ -122.033439716101938, 37.386464308012698 ], [ -122.032549895319903, 37.386510858380944 ], [ -122.031658641254438, 37.386487583475947 ], [ -122.030774539654814, 37.386394707512444 ], [ -122.029906107308463, 37.386233125192838 ], [ -122.029061709927404, 37.386004393080761 ], [ -122.028249481495862, 37.385710714593799 ], [ -122.028230031520508, 37.385701753417344 ], [ -122.027518327316486, 37.385508953282582 ], [ -122.02736561292437, 37.385453733957682 ], [ -122.027287499786382, 37.385432572714272 ], [ -122.026475284551935, 37.385138881930395 ], [ -122.025703063282421, 37.384783074402833 ], [ -122.025698832959236, 37.384780655166438 ], [ -122.025490697320734, 37.384684753433746 ], [ -122.024765910307039, 37.384270255325575 ], [ -122.02409553641597, 37.383801060817405 ], [ -122.023486032039116, 37.38328168948977 ], [ -122.022943266873426, 37.382717144159734 ], [ -122.022472467399069, 37.382112862663043 ], [ -122.022078166570367, 37.381474665448145 ], [ -122.021764160203418, 37.380808699487936 ], [ -122.02153347047846, 37.380121379050934 ], [ -122.021388316906837, 37.379419323903278 ], [ -122.021330095038621, 37.378709295537682 ], [ -122.021359363113419, 37.37799813204451 ], [ -122.021475836779075, 37.377292682252175 ], [ -122.021678391925647, 37.376599739771628 ], [ -122.021965075603589, 37.375925977580145 ], [ -122.022001080590414, 37.37586257736104 ], [ -122.022024688596304, 37.37580709328131 ], [ -122.022392736807049, 37.375158999283393 ], [ -122.022838604398146, 37.374542814384881 ], [ -122.023357996176657, 37.373964471926421 ], [ -122.023945909316097, 37.373429540725247 ], [ -122.024596681567147, 37.372943171480443 ], [ -122.025304045800524, 37.372510047206561 ], [ -122.026061190356771, 37.37213433817162 ], [ -122.026860824621266, 37.371819661771802 ], [ -122.027695249194636, 37.37156904772808 ], [ -122.028556429983922, 37.371384908938438 ], [ -122.029436075503241, 37.371269018265536 ], [ -122.030325716642707, 37.371222491481952 ], [ -122.030482092740328, 37.371226578318449 ], [ -122.03059112038838, 37.371220875735901 ], [ -122.031482191948996, 37.371244158774068 ], [ -122.032366115093041, 37.371337029483868 ], [ -122.033234379561989, 37.371498593725676 ], [ -122.034078625727076, 37.371727295985018 ], [ -122.034385131284878, 37.371838123005553 ], [ -122.034426998893153, 37.371849464407269 ], [ -122.035239100875259, 37.372143100343905 ], [ -122.035538527447827, 37.372281055678435 ], [ -122.035664385631335, 37.372326561694187 ], [ -122.035843918436754, 37.372375192210797 ], [ -122.036656031705547, 37.372668818325877 ], [ -122.036695342533164, 37.372686929384415 ], [ -122.036788655149195, 37.372720666760458 ], [ -122.03756080450755, 37.373076401538434 ], [ -122.038285553895008, 37.373490820834988 ], [ -122.038955924379394, 37.373959934502444 ], [ -122.039565460251936, 37.374479225700526 ], [ -122.040108291186684, 37.375043694358268 ], [ -122.040579188781209, 37.375647905289469 ] ] ], [ [ [ -122.076281532035921, 37.386703666728522 ], [ -122.077150070093637, 37.386864905633345 ], [ -122.077994624388907, 37.387093291483275 ], [ -122.0788070633795, 37.387386625399138 ], [ -122.078866134636172, 37.38741380667804 ], [ -122.079065869621616, 37.387485920324281 ], [ -122.079361605275949, 37.38762199973543 ], [ -122.080122448800864, 37.387896692528592 ], [ -122.08030470454716, 37.387980552941329 ], [ -122.08069000127405, 37.388119655847888 ], [ -122.081462518918514, 37.388475101189037 ], [ -122.08151559690485, 37.388505415705318 ], [ -122.081618835939594, 37.388552916594008 ], [ -122.082343979969195, 37.388967063171279 ], [ -122.083014766104654, 37.389435924494251 ], [ -122.0836247346367, 37.38995498615256 ], [ -122.08416801107488, 37.390519250285784 ], [ -122.084639362728325, 37.391123283677523 ], [ -122.085034249124021, 37.391761270043617 ], [ -122.085348865776112, 37.392427066011919 ], [ -122.085580180883639, 37.393114260256297 ], [ -122.085628345249958, 37.393346181874342 ], [ -122.085649258093682, 37.393408309082012 ], [ -122.085795043033514, 37.394110283943142 ], [ -122.085853889912585, 37.394820279486957 ], [ -122.085825229533938, 37.395531458198356 ], [ -122.085709335426714, 37.396236970973909 ], [ -122.085507321307475, 37.396930023084927 ], [ -122.085221130446982, 37.39760393962414 ], [ -122.084853517041338, 37.398252229805543 ], [ -122.084408019763728, 37.398868649497238 ], [ -122.083888927748148, 37.399447261384474 ], [ -122.083301239330851, 37.399982492182097 ], [ -122.082650613944494, 37.400469186344303 ], [ -122.081943317627278, 37.400902655753079 ], [ -122.081186162671557, 37.401278724905275 ], [ -122.080386441993028, 37.401593771161735 ], [ -122.079551858853591, 37.401844759669359 ], [ -122.078690452616769, 37.402029272618606 ], [ -122.077810521252076, 37.402145532553426 ], [ -122.076920541338197, 37.402192419508211 ], [ -122.076029086338337, 37.402169481805849 ], [ -122.07514474393794, 37.402076940412698 ], [ -122.074276033245226, 37.40191568680811 ], [ -122.07343132265477, 37.401687274389111 ], [ -122.072618749169436, 37.401393903493634 ], [ -122.07184613996057, 37.401038400186913 ], [ -122.071277675008943, 37.400713713219226 ], [ -122.071246267151125, 37.400705219536555 ], [ -122.070433712940158, 37.400411833487269 ], [ -122.069661124298335, 37.400056315767394 ], [ -122.068935942924142, 37.399642091063157 ], [ -122.068265153513281, 37.399173149521403 ], [ -122.067655216461617, 37.398654008286158 ], [ -122.067112005635195, 37.398089667958473 ], [ -122.06664075180818, 37.397485564399972 ], [ -122.066245992312247, 37.396847516345694 ], [ -122.065931527381849, 37.396181669332542 ], [ -122.065700383614342, 37.395494436484064 ], [ -122.065554784893948, 37.394792436723634 ], [ -122.0654961310576, 37.394082431011412 ], [ -122.065524984504236, 37.393371257220487 ], [ -122.065641064873674, 37.392665764279371 ], [ -122.065843251842011, 37.391972746215529 ], [ -122.066129596003478, 37.391298876735029 ], [ -122.066497337730155, 37.390650644967828 ], [ -122.066528552725018, 37.390607468532401 ], [ -122.066573821505884, 37.390527670622994 ], [ -122.067019416235212, 37.389911318357129 ], [ -122.067538572669093, 37.389332780790298 ], [ -122.068126290245019, 37.388797628619159 ], [ -122.068776908594529, 37.38831101467111 ], [ -122.069484162068306, 37.387877624317404 ], [ -122.070241240071468, 37.387501630388499 ], [ -122.071040852628784, 37.387186653023932 ], [ -122.071875300548598, 37.386935724842672 ], [ -122.072736549512342, 37.386751261767451 ], [ -122.073616307377335, 37.386635039783201 ], [ -122.074506103951947, 37.386588177852381 ], [ -122.07539737247744, 37.386611127150999 ], [ -122.076281532035921, 37.386703666728522 ] ] ], [ [ [ -121.898351963753143, 37.404258023032007 ], [ -121.898893942901694, 37.404823143726759 ], [ -121.899363884915786, 37.40542791995049 ], [ -121.899757262888699, 37.406066528263331 ], [ -121.900070286853179, 37.406732819300984 ], [ -121.90029994033948, 37.407420376966428 ], [ -121.900444009497491, 37.408122580195503 ], [ -121.900501104500677, 37.408832666702459 ], [ -121.900470673021402, 37.409543798092308 ], [ -121.900353005645201, 37.410249125713428 ], [ -121.900310745578579, 37.410392791218563 ], [ -121.900304026556185, 37.410549791734091 ], [ -121.900186356019759, 37.411255119140918 ], [ -121.900100574772551, 37.411546730500511 ], [ -121.900000177060406, 37.412148505862177 ], [ -121.899796396124003, 37.412841236064551 ], [ -121.899508468244576, 37.413514697480728 ], [ -121.899139164351865, 37.414162403704708 ], [ -121.898692039406072, 37.414778116225953 ], [ -121.898171398224619, 37.415355904538359 ], [ -121.897582254072077, 37.415890203287084 ], [ -121.896930280410317, 37.41637586590214 ], [ -121.896221756272084, 37.416808214200273 ], [ -121.895463505784164, 37.417183083476409 ], [ -121.894662832422142, 37.417496862648711 ], [ -121.893827448631299, 37.417746529069284 ], [ -121.892965401493186, 37.417929677664105 ], [ -121.892084995155386, 37.41804454412005 ], [ -121.891194710775011, 37.418090021895246 ], [ -121.890303124749749, 37.41806567288765 ], [ -121.889418826027395, 37.417971731659208 ], [ -121.888550333293878, 37.417809103174164 ], [ -121.887706012841292, 37.417579354073851 ], [ -121.886893997910107, 37.417284697572207 ], [ -121.886122110285712, 37.416927972118046 ], [ -121.885397784907525, 37.416512614030559 ], [ -121.884727998218679, 37.416042624372736 ], [ -121.884119200948646, 37.415522530382894 ], [ -121.883577255976988, 37.414957341837273 ], [ -121.883107381877267, 37.414352502765055 ], [ -121.882714102684304, 37.413713838982908 ], [ -121.882548393526875, 37.413360952296131 ], [ -121.882331481033532, 37.413008689833568 ], [ -121.882018589088389, 37.412342351753615 ], [ -121.881997340067159, 37.412278689267801 ], [ -121.881877301050864, 37.412023049094273 ], [ -121.881647803089223, 37.411335455588187 ], [ -121.881503904539997, 37.4106332294403 ], [ -121.881446988862379, 37.409923133787274 ], [ -121.881477601713627, 37.409212007364495 ], [ -121.881595445789088, 37.408506698640444 ], [ -121.88179938378093, 37.407813999864715 ], [ -121.88208744942348, 37.407140581665097 ], [ -121.88245686651517, 37.406492928822416 ], [ -121.882904075730536, 37.405877277842073 ], [ -121.883424768961518, 37.40529955692152 ], [ -121.883909449729629, 37.404860068898735 ], [ -121.88430185575713, 37.404424670750117 ], [ -121.884891004469523, 37.403890438285153 ], [ -121.885542947410968, 37.403404842171241 ], [ -121.886251406185366, 37.402972557977755 ], [ -121.886825352335791, 37.402688814489345 ], [ -121.887006, 37.403023 ], [ -121.89058, 37.403313 ], [ -121.89226, 37.403411 ], [ -121.895821, 37.403741 ], [ -121.897746, 37.404132 ], [ -121.898182065645628, 37.404112898833894 ], [ -121.898351963753143, 37.404258023032007 ] ] ], [ [ [ -121.94677074653292, 37.496615588466874 ], [ -121.947380642770426, 37.497135353863634 ], [ -121.947923668528915, 37.497700243833386 ], [ -121.948394593522806, 37.498304819130873 ], [ -121.948788881378377, 37.498943258250911 ], [ -121.949102733363958, 37.4996094134586 ], [ -121.949333125032496, 37.500296869965261 ], [ -121.949477835420765, 37.500999007681401 ], [ -121.949535468521745, 37.501709064952919 ], [ -121.949505466819801, 37.502420203667249 ], [ -121.949388116755131, 37.503125575103383 ], [ -121.949184546060906, 37.503818385891257 ], [ -121.949158169994547, 37.503880110839376 ], [ -121.949142282356121, 37.5039341804613 ], [ -121.948854448461717, 37.504607757904651 ], [ -121.948485122094183, 37.505255614562245 ], [ -121.9480378584242, 37.505871510476133 ], [ -121.947516963599853, 37.50644951337528 ], [ -121.94692745332398, 37.506984055839382 ], [ -121.946275004581011, 37.507469988952302 ], [ -121.945565900976817, 37.507902631926569 ], [ -121.944806972217805, 37.508277817219685 ], [ -121.944005528311976, 37.508591930706771 ], [ -121.943169289127084, 37.50884194652027 ], [ -121.942306309985369, 37.509025456221089 ], [ -121.941424904014156, 37.509140692018029 ], [ -121.941177555650299, 37.509153416623512 ], [ -121.940329537985761, 37.509333728716143 ], [ -121.939448125314641, 37.509448949678351 ], [ -121.938556778401946, 37.509494786471947 ], [ -121.937664083883845, 37.509470797536451 ], [ -121.936778641389779, 37.509377213965095 ], [ -121.935908980627403, 37.509214937276489 ], [ -121.935063479144162, 37.508985530722697 ], [ -121.934250281560907, 37.508691204217456 ], [ -121.933477221058553, 37.50833479303018 ], [ -121.93275174387712, 37.507919730452272 ], [ -121.932080837556668, 37.507450014699756 ], [ -121.931470963612583, 37.506930170372087 ], [ -121.930927995295534, 37.506365204840286 ], [ -121.930457161035193, 37.505760559985326 ], [ -121.930062994112888, 37.505122059753063 ], [ -121.929749289046157, 37.504455854032521 ], [ -121.929519065104159, 37.503768359399032 ], [ -121.929374537302792, 37.503066197294046 ], [ -121.929317095156293, 37.502356130238169 ], [ -121.929347289386271, 37.50164499669232 ], [ -121.929464826713243, 37.500939645194578 ], [ -121.92966857277699, 37.500246868407721 ], [ -121.929956563153468, 37.499573337712043 ], [ -121.930326022359495, 37.498925538973225 ], [ -121.930773390658118, 37.498309710102887 ], [ -121.931294358403861, 37.497731781013009 ], [ -121.931883907594809, 37.49719731654033 ], [ -121.932536360229363, 37.496711462889934 ], [ -121.933245433000693, 37.496278898112195 ], [ -121.934004297802076, 37.495903787088515 ], [ -121.934805647460038, 37.495589741457785 ], [ -121.934893117850962, 37.495563592653575 ], [ -121.934988876592115, 37.495526064552223 ], [ -121.935824993867811, 37.495276106657052 ], [ -121.936583517375354, 37.495114824372813 ], [ -121.93735382737033, 37.494884526681659 ], [ -121.938216655041742, 37.49470105311768 ], [ -121.939097895288043, 37.49458584123537 ], [ -121.939989063650557, 37.49454000027238 ], [ -121.940881580167627, 37.494563971575197 ], [ -121.94117374538358, 37.494594847454891 ], [ -121.941188215970413, 37.494595236015236 ], [ -121.942073488467827, 37.494688786482186 ], [ -121.942942993226012, 37.494851017758869 ], [ -121.943788358676684, 37.495080367908145 ], [ -121.944601445467157, 37.495374628765674 ], [ -121.945374424770463, 37.495730967182695 ], [ -121.946099853618293, 37.496145952282134 ], [ -121.94677074653292, 37.496615588466874 ] ] ], [ [ [ -121.983034057327629, 37.552187692467946 ], [ -121.983644661382385, 37.552707266606916 ], [ -121.984188367059076, 37.553271985699922 ], [ -121.984659937525123, 37.553876412147005 ], [ -121.985054830190521, 37.554514725876395 ], [ -121.985369240498301, 37.555180780360814 ], [ -121.985600138622871, 37.555868161781824 ], [ -121.985745298721369, 37.556570250773483 ], [ -121.98580332045286, 37.55728028615146 ], [ -121.985773642555529, 37.557991430014781 ], [ -121.985656548347336, 37.558696833593579 ], [ -121.985453163093283, 37.559389703209177 ], [ -121.98516544326155, 37.560063365710597 ], [ -121.984796157767647, 37.56071133275757 ], [ -121.984348861384746, 37.561327363329902 ], [ -121.984327711433878, 37.561350833891566 ], [ -121.98414876253085, 37.561597284370691 ], [ -121.983627758277933, 37.562175443996992 ], [ -121.98303806618388, 37.562710164528369 ], [ -121.982385364981766, 37.563196295334407 ], [ -121.981675940707063, 37.563629153724172 ], [ -121.980916626153515, 37.564004570080911 ], [ -121.980114735044523, 37.564318928054618 ], [ -121.979277991555335, 37.56456919942314 ], [ -121.978414455866513, 37.564752973285991 ], [ -121.977532446467464, 37.564868479307584 ], [ -121.976640459961587, 37.564914604785308 ], [ -121.975747089148072, 37.564890905377851 ], [ -121.974860940173315, 37.564797609389203 ], [ -121.973990549552894, 37.564635615567504 ], [ -121.973144301867421, 37.564406484439736 ], [ -121.972330348928267, 37.564112423266174 ], [ -121.971556531194807, 37.563756264760052 ], [ -121.970830302203254, 37.563341439778419 ], [ -121.970734141099584, 37.56327422156923 ], [ -121.970721155712724, 37.563266804157053 ], [ -121.9700495116073, 37.562797307999496 ], [ -121.969438919675866, 37.562277663827807 ], [ -121.968895260085432, 37.561712877084922 ], [ -121.968423767924051, 37.561108387929671 ], [ -121.968028982809145, 37.560470018808346 ], [ -121.967714705211094, 37.559803918347384 ], [ -121.967483959911391, 37.559116502108665 ], [ -121.967338966944737, 37.558414390779106 ], [ -121.967281120302246, 37.557704346390935 ], [ -121.967310974597623, 37.556993207187418 ], [ -121.967428239821359, 37.556287821762034 ], [ -121.967631784229539, 37.555594983105173 ], [ -121.967645277100402, 37.555563408908121 ], [ -121.96766105364388, 37.555509706995963 ], [ -121.967948914156224, 37.55483608700672 ], [ -121.968318317041209, 37.554188172468805 ], [ -121.968765703100289, 37.553572202410095 ], [ -121.969286762513349, 37.552994108103029 ], [ -121.969876476392585, 37.552459455976269 ], [ -121.970529165147838, 37.551973394042697 ], [ -121.971238543196534, 37.551540602359076 ], [ -121.971997779490962, 37.551165247992259 ], [ -121.972275461865905, 37.551056396097962 ], [ -121.972277761879681, 37.551055258985265 ], [ -121.973079543303911, 37.55074095400424 ], [ -121.973916152321067, 37.550490726367997 ], [ -121.974779533811613, 37.550306985255183 ], [ -121.975661375107606, 37.55019149970034 ], [ -121.976553185964818, 37.550145381576215 ], [ -121.977446380237495, 37.550169074897752 ], [ -121.978332358472272, 37.550262351551076 ], [ -121.979202590629768, 37.550424313487724 ], [ -121.98004869814072, 37.550653401363519 ], [ -121.980862534510038, 37.550947409539063 ], [ -121.981636263695918, 37.551303507298137 ], [ -121.982362435511746, 37.551718266080542 ], [ -121.983034057327629, 37.552187692467946 ] ] ], [ [ [ -122.018976085135037, 37.583368906193783 ], [ -122.019846792431196, 37.583530566596728 ], [ -122.020693400990908, 37.583759361017677 ], [ -122.021507759496842, 37.584053086642534 ], [ -122.022282026881754, 37.584408915475386 ], [ -122.022317396929353, 37.584429090005948 ], [ -122.022409792915212, 37.58447155166526 ], [ -122.023136515134695, 37.584886056942423 ], [ -122.023808692999296, 37.585355248530277 ], [ -122.024419853395216, 37.585874608836264 ], [ -122.024964110349757, 37.586439137121893 ], [ -122.025436221722657, 37.587043397624726 ], [ -122.025438685717958, 37.587047374361887 ], [ -122.025492852638223, 37.587116702435885 ], [ -122.025888271505806, 37.587754876486358 ], [ -122.026203187319595, 37.58842081913528 ], [ -122.026434565385543, 37.589108117641715 ], [ -122.026580175237754, 37.589810153438819 ], [ -122.026638612202589, 37.590520165855303 ], [ -122.026609311017324, 37.591231317212099 ], [ -122.0264925513696, 37.591936758668083 ], [ -122.026289455299761, 37.592629696180715 ], [ -122.026001976487919, 37.593303455946 ], [ -122.025632881525411, 37.593951548687862 ], [ -122.025185723347334, 37.594567732176429 ], [ -122.024835740333288, 37.594956295382154 ], [ -122.021013, 37.593736 ], [ -122.019662, 37.592519 ], [ -122.020334, 37.590605 ], [ -122.021514, 37.587181 ], [ -122.017502, 37.586023 ], [ -122.012203128674585, 37.584518120543578 ], [ -122.012919230320847, 37.584163904024102 ], [ -122.013721196586502, 37.583849323041129 ], [ -122.014558040886342, 37.583598807109496 ], [ -122.015421705835209, 37.583414768183864 ], [ -122.016303876036162, 37.583298978166347 ], [ -122.01719605807881, 37.583252551861023 ], [ -122.018089662244606, 37.583275936250025 ], [ -122.018976085135037, 37.583368906193783 ] ] ], [ [ [ -122.017266099663104, 37.598089473981403 ], [ -122.016372317982032, 37.598066083375485 ], [ -122.015485723383037, 37.597973093969912 ], [ -122.01461485667609, 37.597811401559319 ], [ -122.013768107029691, 37.597582563767027 ], [ -122.012953631092444, 37.59728878502743 ], [ -122.012179274363618, 37.596932895333026 ], [ -122.01145249557328, 37.596518322951368 ], [ -122.010780294802458, 37.59604906137627 ], [ -122.010169146037867, 37.59552963083221 ], [ -122.009624934811114, 37.594965034704558 ], [ -122.009152901524331, 37.594360711316298 ], [ -122.008757591007253, 37.593722481517446 ], [ -122.008442808790548, 37.593056492592964 ], [ -122.00821158451518, 37.592369159030966 ], [ -122.008066142827857, 37.591667100722781 ], [ -122.008007882039649, 37.590957079190709 ], [ -122.008037360750762, 37.590245932458714 ], [ -122.008154292566445, 37.589540509193654 ], [ -122.008357548950926, 37.588847602751251 ], [ -122.008612489738383, 37.58825043565443 ], [ -122.016672, 37.593434 ], [ -122.018634, 37.595312 ], [ -122.01756564462309, 37.598073887280172 ], [ -122.017266099663104, 37.598089473981403 ] ] ], [ [ [ -122.073986597297591, 37.684218726588213 ], [ -122.074869871783605, 37.684102498825794 ], [ -122.075763226289979, 37.684055628827181 ], [ -122.076658059812985, 37.684078567846441 ], [ -122.077545757121754, 37.6841710950318 ], [ -122.078417771631337, 37.684332319550293 ], [ -122.079265707617907, 37.684560689157038 ], [ -122.080081400987538, 37.684854005127541 ], [ -122.080856997824412, 37.685209443409569 ], [ -122.081585029964558, 37.685623581791901 ], [ -122.082258486870032, 37.686092432829192 ], [ -122.082870883113202, 37.686611482207404 ], [ -122.083416320822124, 37.68717573218165 ], [ -122.083889546486546, 37.68777974966914 ], [ -122.084286001576828, 37.688417718536449 ], [ -122.08460186648766, 37.689083495577783 ], [ -122.084834097381659, 37.689770669647373 ], [ -122.084980455575391, 37.690472623377389 ], [ -122.085039529182836, 37.691182596887714 ], [ -122.085010746803832, 37.691893752875103 ], [ -122.084894383122602, 37.692599242455124 ], [ -122.084691556358749, 37.693292271123156 ], [ -122.084404217591356, 37.693966164198947 ], [ -122.084035132055803, 37.694614431124045 ], [ -122.083587852589517, 37.69523082799261 ], [ -122.083066685480034, 37.695809417712084 ], [ -122.082476649041553, 37.696344627213371 ], [ -122.081823425316841, 37.696831301158561 ], [ -122.081113305368888, 37.697264751627038 ], [ -122.080353128688287, 37.697640803300743 ], [ -122.079550217300394, 37.697955833711333 ], [ -122.078712305207588, 37.698206808160485 ], [ -122.077847463847945, 37.698391308975907 ], [ -122.076964024290376, 37.69850755881982 ], [ -122.076070496918234, 37.698554437824669 ], [ -122.075175489378381, 37.698531494390309 ], [ -122.074287623589086, 37.698438949538129 ], [ -122.073415452609879, 37.698277694780067 ], [ -122.072567378177652, 37.69804928352314 ], [ -122.071751569706691, 37.697755916092326 ], [ -122.070975885536114, 37.69740041851751 ], [ -122.070247797186084, 37.696986215288483 ], [ -122.069574317354608, 37.696517296342662 ], [ -122.068961932350405, 37.695998178603709 ], [ -122.068416539613509, 37.695433862443622 ], [ -122.06794339092589, 37.694829783488629 ], [ -122.067547041859058, 37.694191760234339 ], [ -122.067231307943857, 37.693525937976638 ], [ -122.066999227983615, 37.692838729598897 ], [ -122.066853034861438, 37.692136753787388 ], [ -122.066823398376897, 37.691779519136865 ], [ -122.069372, 37.691192 ], [ -122.073811, 37.690948 ], [ -122.073652921010478, 37.684289910560423 ], [ -122.073986597297591, 37.684218726588213 ] ] ], [ [ [ -121.925993683272992, 37.692171386527654 ], [ -121.926877282412846, 37.692056269119362 ], [ -121.927770824627714, 37.692010521972456 ], [ -121.928665707107726, 37.692034585530386 ], [ -121.929553314150496, 37.692128228114598 ], [ -121.930425100038846, 37.692290548153188 ], [ -121.931272671247712, 37.692519982853575 ], [ -121.932087867191754, 37.692814323236256 ], [ -121.932862838739965, 37.693170735385443 ], [ -121.93359012374367, 37.693585787712436 ], [ -121.934262718852921, 37.694055483971056 ], [ -121.934874146931833, 37.694575301707651 ], [ -121.935418519424502, 37.695140235777345 ], [ -121.935890593071377, 37.695744846508276 ], [ -121.936285820430101, 37.696383312052298 ], [ -121.936600393712453, 37.697049484418379 ], [ -121.936831281514472, 37.697736948651155 ], [ -121.936976258083035, 37.698439084585665 ], [ -121.937033924834864, 37.69914913058404 ], [ -121.937003723916973, 37.699860248641862 ], [ -121.936937362735108, 37.700257662483985 ], [ -121.936949039188249, 37.700401432172988 ], [ -121.936918836949943, 37.701112550071386 ], [ -121.936801053919041, 37.701817891444762 ], [ -121.936596821985702, 37.702510663212848 ], [ -121.936308105764596, 37.703184193166656 ], [ -121.935937683760997, 37.703831994242421 ], [ -121.93548912168886, 37.704447827018704 ], [ -121.934966738194461, 37.705025759833951 ], [ -121.934375563313836, 37.705560225944495 ], [ -121.9337212900613, 37.706046077171344 ], [ -121.933010219615383, 37.70647863351747 ], [ -121.932249200628334, 37.706853728276528 ], [ -121.931445563244765, 37.707167748197257 ], [ -121.930607048465504, 37.707417668314889 ], [ -121.929741733538549, 37.707601081113339 ], [ -121.928857954097964, 37.707716219735737 ], [ -121.927964223803542, 37.707761975019203 ], [ -121.927069152258071, 37.707737906188754 ], [ -121.926181361996299, 37.707644245107069 ], [ -121.925309405348926, 37.707481894038985 ], [ -121.924461681985704, 37.707252416952272 ], [ -121.923646357935667, 37.706958024438997 ], [ -121.92287128686705, 37.706601552403015 ], [ -121.92214393438897, 37.706186434720273 ], [ -121.921471306105246, 37.705716670135736 ], [ -121.920859880115955, 37.705196783717362 ], [ -121.920315544617239, 37.704631783239726 ], [ -121.919843541201516, 37.704027110918425 ], [ -121.919448414403277, 37.703388590962113 ], [ -121.919133967975569, 37.702722373448196 ], [ -121.918903228316822, 37.702034875064143 ], [ -121.918758415397761, 37.701332717286476 ], [ -121.918700921465614, 37.700622662593268 ], [ -121.91873129772739, 37.699911549325911 ], [ -121.918797755901153, 37.699514145727775 ], [ -121.918786114681907, 37.699370374222305 ], [ -121.918816489617413, 37.698659260795466 ], [ -121.918934438232938, 37.69795393707517 ], [ -121.919138822194554, 37.697261195456946 ], [ -121.919427670923397, 37.696587706983003 ], [ -121.919798200659713, 37.695939957113339 ], [ -121.920246841348416, 37.695324183290218 ], [ -121.920769271084154, 37.694746314896932 ], [ -121.921360457781574, 37.694211916187321 ], [ -121.92201470766777, 37.693726132734959 ], [ -121.922725720128938, 37.693293641916036 ], [ -121.92348664838201, 37.692918607901504 ], [ -121.924290165387788, 37.69260464159035 ], [ -121.925128534371453, 37.692354765868664 ], [ -121.925993683272992, 37.692171386527654 ] ] ], [ [ [ -121.895398045882303, 37.694738984988959 ], [ -121.896263295792963, 37.694555824127008 ], [ -121.897146969244275, 37.694440929826989 ], [ -121.898040558357962, 37.694395408269479 ], [ -121.898935459872774, 37.694419697726033 ], [ -121.899823057903134, 37.694513564343197 ], [ -121.900694806818379, 37.694676104392052 ], [ -121.901542313448928, 37.69490575296183 ], [ -121.902357417830515, 37.695200299013784 ], [ -121.903132271712877, 37.695556906651802 ], [ -121.903859414079207, 37.695972142404855 ], [ -121.904531842951769, 37.696442008260405 ], [ -121.905143082794041, 37.696961980131618 ], [ -121.905687246861334, 37.697527051389038 ], [ -121.906159093899845, 37.698131781039542 ], [ -121.906554078648, 37.69877034608934 ], [ -121.906868395652737, 37.699436597588722 ], [ -121.907099015976968, 37.700124119819833 ], [ -121.907243716442622, 37.700826292058458 ], [ -121.907301101124759, 37.701536352316595 ], [ -121.907270614886556, 37.702247462451815 ], [ -121.907152548821287, 37.702952774017582 ], [ -121.906948037545192, 37.703645494220012 ], [ -121.906659048363792, 37.704318951346252 ], [ -121.906288362412042, 37.704966659033346 ], [ -121.905839547947039, 37.705582378758876 ], [ -121.905316926047092, 37.706160179949727 ], [ -121.904725529045606, 37.706694497129639 ], [ -121.904071052097706, 37.707180183553838 ], [ -121.903359798345178, 37.707612560812464 ], [ -121.902598618207151, 37.707987463924105 ], [ -121.901794843381722, 37.708301281483458 ], [ -121.900956216194629, 37.708550990474961 ], [ -121.900090814977517, 37.708734185416262 ], [ -121.899206976196339, 37.708849101549163 ], [ -121.898313214082975, 37.708894631854037 ], [ -121.897418138546897, 37.708870337723205 ], [ -121.896530372161223, 37.708776453189735 ], [ -121.89565846702645, 37.708613882671017 ], [ -121.894810822315577, 37.708384192248822 ], [ -121.893995603299189, 37.708089594570232 ], [ -121.893220662632928, 37.707732927515373 ], [ -121.892493464668675, 37.707317626838595 ], [ -121.891821013520712, 37.706847693047415 ], [ -121.891209785581609, 37.706327652839455 ], [ -121.890665667138663, 37.705762515470212 ], [ -121.890193897692342, 37.705157724473523 ], [ -121.889799019522371, 37.704519105200667 ], [ -121.889484833986089, 37.703852808685092 ], [ -121.889254364968323, 37.70316525237466 ], [ -121.889109829832506, 37.702463058303167 ], [ -121.889052618150089, 37.701752989297653 ], [ -121.889083278409544, 37.701041883836702 ], [ -121.889201512830141, 37.70033659018727 ], [ -121.889406180325764, 37.69964390045466 ], [ -121.889695307587488, 37.698970485180844 ], [ -121.890066108174025, 37.698322829120372 ], [ -121.890515009422941, 37.697707168811704 ], [ -121.891037686920839, 37.697129432544592 ], [ -121.891629106197684, 37.696595183300275 ], [ -121.892283571242402, 37.696109565212872 ], [ -121.892994779370582, 37.695677254066034 ], [ -121.893755881916434, 37.695302412300549 ], [ -121.894559550163663, 37.694988648964305 ], [ -121.895398045882303, 37.694738984988959 ] ] ], [ [ [ -122.411985, 37.780952 ], [ -122.412548, 37.780508 ], [ -122.413365, 37.779862 ], [ -122.414782, 37.778744 ], [ -122.416292, 37.777494 ], [ -122.417615, 37.7766 ], [ -122.418704, 37.775645 ], [ -122.419334, 37.77521 ], [ -122.419359, 37.775432 ], [ -122.419765, 37.777291 ], [ -122.419943, 37.778238 ], [ -122.420358, 37.780072 ], [ -122.420689, 37.781955 ], [ -122.418993, 37.782169 ], [ -122.417339, 37.782379 ], [ -122.417146, 37.781447 ], [ -122.415505, 37.781654 ], [ -122.413866, 37.781863 ], [ -122.411985, 37.780952 ] ] ] ] } }
]
}
