{
"type": "FeatureCollection",
"name": "Tier1_200ft_buffers_all",
"crs": { "type": "name", "properties": { "name": "urn:ogc:def:crs:EPSG::2227" } },
"features": [
{ "type": "Feature", "properties": { "parent_sta": "901109", "stop_id": "WOAK_1", "stop_name": "North Station Entrance / Exit", "stop_code": "WOAK_1", "stop_desc": "Pedestrian Access Point", "stop_lat": 37.80503, "stop_lon": -122.2953, "zone_id": "BA:79542", "stop_url": null, "tts_stop_n": null, "platform_c": null, "location_t": "2", "stop_timez": "America/Los_Angeles", "wheelchair": "0", "level_id": "mtc:12th-st-oakland-city-center-bart-street", "route_info": "{'route_id': None, 'route_type': None}", "station_id": "mtc:fruitvale", "OBJECTID": "152", "access_id": "mtc:BA-FTVL_2-1643433662776", "access_point_name": "Enter/Exit : Station entrance", "location_type": "2", "x": "-122.22445", "y": "37.77508" }, "geometry": { "type": "MultiPolygon", "coordinates": [ [ [ [ 6026976.594923474825919, 2038671.639917334541678 ], [ 6026958.852262582629919, 2038680.031570967053995 ], [ 6026942.017563343048096, 2038690.121901376405731 ], [ 6026926.252953114919364, 2038701.813733164221048 ], [ 6026911.710253709927201, 2038714.994467599550262 ], [ 6026898.529519274830818, 2038729.537167004076764 ], [ 6026886.83768748678267, 2038745.301777232903987 ], [ 6026876.747357077896595, 2038762.136476471554488 ], [ 6026868.355703445151448, 2038779.879137363750488 ], [ 6026861.743542800657451, 2038798.358888385817409 ], [ 6026856.974553866311908, 2038817.397759433602914 ], [ 6026854.141761635430157, 2038836.494893435155973 ], [ 6026847.983777196146548, 2038839.407403165241703 ], [ 6026831.149077956564724, 2038849.49773357459344 ], [ 6026815.384467728435993, 2038861.189565362408757 ], [ 6026800.84176832344383, 2038874.370299797737971 ], [ 6026787.661033888347447, 2038888.912999202264473 ], [ 6026775.969202100299299, 2038904.677609431091696 ], [ 6026765.878871691413224, 2038921.512308669742197 ], [ 6026757.487218058668077, 2038939.254969561938196 ], [ 6026750.87505741417408, 2038957.734720584005117 ], [ 6026746.106068479828537, 2038976.773591631790623 ], [ 6026743.22617922630161, 2038996.18822796898894 ], [ 6026742.263124560937285, 2039015.791656034998596 ], [ 6026743.22617922630161, 2039035.395084101008251 ], [ 6026746.106068479828537, 2039054.809720438206568 ], [ 6026750.87505741417408, 2039073.848591485992074 ], [ 6026757.487218058668077, 2039092.328342508058995 ], [ 6026765.878871691413224, 2039110.071003400254995 ], [ 6026775.969202100299299, 2039126.905702638905495 ], [ 6026787.661033888347447, 2039142.670312867732719 ], [ 6026800.84176832344383, 2039157.21301227225922 ], [ 6026815.384467728435993, 2039170.393746707588434 ], [ 6026831.149077956564724, 2039182.085578495403752 ], [ 6026847.983777196146548, 2039192.175908904755488 ], [ 6026861.892219922505319, 2039198.754112401977181 ], [ 6026863.751185146160424, 2039200.805164456600323 ], [ 6026878.293884551152587, 2039213.985898891929537 ], [ 6026894.058494779281318, 2039225.677730679744855 ], [ 6026910.893194018863142, 2039235.768061089096591 ], [ 6026928.635854911059141, 2039244.159714721608907 ], [ 6026947.115605932660401, 2039250.771875365870073 ], [ 6026966.154476980678737, 2039255.540864299982786 ], [ 6026985.569113317877054, 2039258.420753553742543 ], [ 6027005.172541383653879, 2039259.383808219339699 ], [ 6027024.775969449430704, 2039258.420753553742543 ], [ 6027044.190605786629021, 2039255.540864299982786 ], [ 6027063.229476834647357, 2039250.771875365870073 ], [ 6027081.709227856248617, 2039244.159714721608907 ], [ 6027099.451888748444617, 2039235.768061089096591 ], [ 6027116.28658798802644, 2039225.677730679744855 ], [ 6027132.051198216155171, 2039213.985898891929537 ], [ 6027146.593897621147335, 2039200.805164456600323 ], [ 6027158.42133145686239, 2039187.755602169781923 ], [ 6027168.153061022982001, 2039181.92262794310227 ], [ 6027177.942575003020465, 2039174.662229551700875 ], [ 6027180.343564143404365, 2039174.060813080519438 ], [ 6027198.823315165005624, 2039167.448652436258271 ], [ 6027216.565976057201624, 2039159.056998803745955 ], [ 6027233.400675296783447, 2039148.966668394394219 ], [ 6027249.165285524912179, 2039137.274836606578901 ], [ 6027263.707984929904342, 2039124.094102171249688 ], [ 6027276.888719365000725, 2039109.551402766723186 ], [ 6027288.580551153048873, 2039093.786792537895963 ], [ 6027298.670881561934948, 2039076.952093299245462 ], [ 6027307.062535194680095, 2039059.209432407049462 ], [ 6027313.674695839174092, 2039040.729681384982541 ], [ 6027315.042002991773188, 2039035.271085250424221 ], [ 6027324.304885569028556, 2039028.40126332687214 ], [ 6027338.84758497402072, 2039015.220528891542926 ], [ 6027352.028319409117103, 2039000.677829487016425 ], [ 6027363.720151197165251, 2038984.913219258189201 ], [ 6027373.810481606051326, 2038968.078520019538701 ], [ 6027382.202135238796473, 2038950.335859127342701 ], [ 6027388.81429588329047, 2038931.85610810527578 ], [ 6027393.583284817636013, 2038912.817237057490274 ], [ 6027396.463174071162939, 2038893.402600720291957 ], [ 6027397.426228736527264, 2038873.799172654282302 ], [ 6027396.463174071162939, 2038854.195744588272646 ], [ 6027393.583284817636013, 2038834.781108251074329 ], [ 6027388.81429588329047, 2038815.742237203288823 ], [ 6027382.202135238796473, 2038797.262486181221902 ], [ 6027373.810481606051326, 2038779.519825289025903 ], [ 6027363.720151197165251, 2038762.685126050375402 ], [ 6027352.028319409117103, 2038746.920515821548179 ], [ 6027338.84758497402072, 2038732.377816417021677 ], [ 6027324.304885569028556, 2038719.197081981692463 ], [ 6027308.540275340899825, 2038707.505250193877146 ], [ 6027291.705576101318002, 2038697.414919784525409 ], [ 6027273.962915209122002, 2038689.023266152013093 ], [ 6027255.483164187520742, 2038682.411105507751927 ], [ 6027236.444293139502406, 2038677.642116573639214 ], [ 6027217.029656802304089, 2038674.762227319879457 ], [ 6027197.426228736527264, 2038673.799172654282302 ], [ 6027177.822800670750439, 2038674.762227319879457 ], [ 6027158.408164333552122, 2038677.642116573639214 ], [ 6027147.840676195919514, 2038680.289134553866461 ], [ 6027147.410957312211394, 2038680.031570967053995 ], [ 6027129.668296420015395, 2038671.639917334541678 ], [ 6027111.188545398414135, 2038665.027756690280512 ], [ 6027092.149674350395799, 2038660.258767756167799 ], [ 6027072.735038013197482, 2038657.378878502408043 ], [ 6027053.131609947420657, 2038656.415823836810887 ], [ 6027033.528181881643832, 2038657.378878502408043 ], [ 6027014.113545544445515, 2038660.258767756167799 ], [ 6026995.074674496427178, 2038665.027756690280512 ], [ 6026976.594923474825919, 2038671.639917334541678 ] ] ], [ [ [ 6015390.818540109321475, 2045959.473254669923335 ], [ 6015375.053929881192744, 2045947.781422882108018 ], [ 6015358.21923064161092, 2045937.691092472756281 ], [ 6015340.476569749414921, 2045929.299438840243965 ], [ 6015321.996818727813661, 2045922.687278195982799 ], [ 6015302.957947679795325, 2045917.918289261870086 ], [ 6015283.543311342597008, 2045915.03840000811033 ], [ 6015263.939883276820183, 2045914.075345342513174 ], [ 6015244.336455211043358, 2045915.03840000811033 ], [ 6015224.921818873845041, 2045917.918289261870086 ], [ 6015205.882947825826705, 2045922.687278195982799 ], [ 6015187.403196804225445, 2045929.299438840243965 ], [ 6015169.660535912029445, 2045937.691092472756281 ], [ 6015152.825836672447622, 2045947.781422882108018 ], [ 6015137.061226444318891, 2045959.473254669923335 ], [ 6015122.518527039326727, 2045972.653989105252549 ], [ 6015109.337792604230344, 2045987.196688509779051 ], [ 6015097.645960816182196, 2046002.961298738606274 ], [ 6015087.555630407296121, 2046019.795997977256775 ], [ 6015079.163976774550974, 2046037.538658869452775 ], [ 6015072.551816130056977, 2046056.018409891519696 ], [ 6015067.782827195711434, 2046075.057280939305201 ], [ 6015066.510094571858644, 2046083.637347348965704 ], [ 6015049.267623787745833, 2046091.792428679065779 ], [ 6015032.43292454816401, 2046101.882759088417515 ], [ 6015016.668314320035279, 2046113.574590876232833 ], [ 6015002.125614915043116, 2046126.755325311562046 ], [ 6014988.944880479946733, 2046141.298024716088548 ], [ 6014977.253048691898584, 2046157.062634944915771 ], [ 6014967.162718283012509, 2046173.897334183566272 ], [ 6014958.771064650267363, 2046191.639995075762272 ], [ 6014952.158904005773365, 2046210.119746097829193 ], [ 6014950.574959247373044, 2046216.44320803321898 ], [ 6014941.076128524728119, 2046225.052446367684752 ], [ 6014927.895394089631736, 2046239.595145772211254 ], [ 6014916.203562301583588, 2046255.359756001038477 ], [ 6014906.113231892697513, 2046272.194455239688978 ], [ 6014897.721578259952366, 2046289.937116131884977 ], [ 6014891.109417615458369, 2046308.416867153951898 ], [ 6014886.340428681112826, 2046327.455738201737404 ], [ 6014883.4605394275859, 2046346.870374538935721 ], [ 6014883.209533587098122, 2046351.979715790599585 ], [ 6014878.5208744648844, 2046353.154163761297241 ], [ 6014860.041123443283141, 2046359.766324405558407 ], [ 6014842.298462551087141, 2046368.157978038070723 ], [ 6014841.643663495779037, 2046368.550449487986043 ], [ 6014838.514392009004951, 2046370.030484675429761 ], [ 6014821.679692769423127, 2046380.120815084781498 ], [ 6014805.915082541294396, 2046391.812646872596815 ], [ 6014791.372383136302233, 2046404.993381307926029 ], [ 6014778.19164870120585, 2046419.536080712452531 ], [ 6014766.499816913157701, 2046435.300690941279754 ], [ 6014756.409486504271626, 2046452.135390179930255 ], [ 6014748.01783287152648, 2046469.878051072126254 ], [ 6014741.405672227032483, 2046488.357802094193175 ], [ 6014736.636683292686939, 2046507.396673141978681 ], [ 6014733.756794039160013, 2046526.811309479176998 ], [ 6014732.793739373795688, 2046546.414737545186654 ], [ 6014733.756794039160013, 2046566.018165611196309 ], [ 6014736.636683292686939, 2046585.432801948394626 ], [ 6014741.405672227032483, 2046604.471672996180132 ], [ 6014748.01783287152648, 2046622.951424018247053 ], [ 6014756.409486504271626, 2046640.694084910443053 ], [ 6014766.499816913157701, 2046657.528784149093553 ], [ 6014778.19164870120585, 2046673.293394377920777 ], [ 6014791.372383136302233, 2046687.836093782447278 ], [ 6014805.915082541294396, 2046701.016828217776492 ], [ 6014821.679692769423127, 2046712.70866000559181 ], [ 6014838.514392009004951, 2046722.798990414943546 ], [ 6014856.25705290120095, 2046731.190644047455862 ], [ 6014874.73680392280221, 2046737.802804691717029 ], [ 6014893.775674970820546, 2046742.571793625829741 ], [ 6014913.190311308018863, 2046745.451682879589498 ], [ 6014932.793739373795688, 2046746.414737545186654 ], [ 6014952.397167439572513, 2046745.451682879589498 ], [ 6014971.81180377677083, 2046742.571793625829741 ], [ 6014990.850674824789166, 2046737.802804691717029 ], [ 6015009.330425846390426, 2046731.190644047455862 ], [ 6015027.073086738586426, 2046722.798990414943546 ], [ 6015027.727885795757174, 2046722.406518964096904 ], [ 6015027.813905885443091, 2046722.365834491793066 ], [ 6015034.673738469369709, 2046729.934493410866708 ], [ 6015049.216437874361873, 2046743.115227846195921 ], [ 6015060.252524331212044, 2046751.300147396279499 ], [ 6015060.50921091157943, 2046751.583357394207269 ], [ 6015075.051910316571593, 2046764.764091829536483 ], [ 6015090.816520544700325, 2046776.4559236173518 ], [ 6015107.651219784282148, 2046786.546254026703537 ], [ 6015125.393880676478148, 2046794.937907659215853 ], [ 6015143.873631698079407, 2046801.550068303477019 ], [ 6015162.912502746097744, 2046806.319057237589732 ], [ 6015182.327139083296061, 2046809.198946491349488 ], [ 6015201.930567149072886, 2046810.162001156946644 ], [ 6015221.53399521484971, 2046809.198946491349488 ], [ 6015240.948631552048028, 2046806.319057237589732 ], [ 6015259.987502600066364, 2046801.550068303477019 ], [ 6015278.467253621667624, 2046794.937907659215853 ], [ 6015296.209914513863623, 2046786.546254026703537 ], [ 6015313.044613753445446, 2046776.4559236173518 ], [ 6015328.809223981574178, 2046764.764091829536483 ], [ 6015343.351923386566341, 2046751.583357394207269 ], [ 6015356.532657821662724, 2046737.040657989680767 ], [ 6015368.224489609710872, 2046721.276047760853544 ], [ 6015378.314820018596947, 2046704.441348522203043 ], [ 6015386.706473651342094, 2046686.698687630007043 ], [ 6015393.318634295836091, 2046668.218936607940122 ], [ 6015398.087623230181634, 2046649.180065560154617 ], [ 6015400.96751248370856, 2046629.7654292229563 ], [ 6015401.930567149072886, 2046610.162001156946644 ], [ 6015400.96751248370856, 2046590.558573090936989 ], [ 6015398.087623230181634, 2046571.143936753738672 ], [ 6015393.318634295836091, 2046552.105065705953166 ], [ 6015386.706473651342094, 2046533.625314683886245 ], [ 6015378.314820018596947, 2046515.882653791690245 ], [ 6015368.224489609710872, 2046499.047954553039744 ], [ 6015356.532657821662724, 2046483.283344324212521 ], [ 6015343.351923386566341, 2046468.740644919686019 ], [ 6015328.809223981574178, 2046455.559910484356806 ], [ 6015317.773137524724007, 2046447.374990934273228 ], [ 6015317.51645094435662, 2046447.091780936345458 ], [ 6015302.973751539364457, 2046433.911046501016244 ], [ 6015287.209141311235726, 2046422.219214713200927 ], [ 6015279.010392447933555, 2046417.305073759984225 ], [ 6015279.758017448708415, 2046414.320387450745329 ], [ 6015284.968327390030026, 2046409.598037786083296 ], [ 6015298.14906182512641, 2046395.055338381556794 ], [ 6015309.840893613174558, 2046379.290728152729571 ], [ 6015319.931224022060633, 2046362.45602891407907 ], [ 6015328.322877654805779, 2046344.71336802188307 ], [ 6015334.935038299299777, 2046326.233616999816149 ], [ 6015339.70402723364532, 2046307.194745952030644 ], [ 6015340.976759857498109, 2046298.614679542370141 ], [ 6015358.21923064161092, 2046290.459598212270066 ], [ 6015375.053929881192744, 2046280.36926780291833 ], [ 6015390.818540109321475, 2046268.677436015103012 ], [ 6015405.361239514313638, 2046255.496701579773799 ], [ 6015418.541973949410021, 2046240.954002175247297 ], [ 6015430.233805737458169, 2046225.189391946420074 ], [ 6015440.324136146344244, 2046208.354692707769573 ], [ 6015448.715789779089391, 2046190.612031815573573 ], [ 6015455.327950423583388, 2046172.132280793506652 ], [ 6015460.096939357928932, 2046153.093409745721146 ], [ 6015462.976828611455858, 2046133.678773408522829 ], [ 6015463.939883276820183, 2046114.075345342513174 ], [ 6015462.976828611455858, 2046094.471917276503518 ], [ 6015460.096939357928932, 2046075.057280939305201 ], [ 6015455.327950423583388, 2046056.018409891519696 ], [ 6015448.715789779089391, 2046037.538658869452775 ], [ 6015440.324136146344244, 2046019.795997977256775 ], [ 6015430.233805737458169, 2046002.961298738606274 ], [ 6015418.541973949410021, 2045987.196688509779051 ], [ 6015405.361239514313638, 2045972.653989105252549 ], [ 6015390.818540109321475, 2045959.473254669923335 ] ] ], [ [ [ 6008003.280380268581212, 2057407.283824587473646 ], [ 6007990.099645833484828, 2057421.826523992000148 ], [ 6007978.40781404543668, 2057437.591134220827371 ], [ 6007968.317483636550605, 2057454.425833459477872 ], [ 6007959.925830003805459, 2057472.168494351673871 ], [ 6007953.313669359311461, 2057490.648245373740792 ], [ 6007948.544680424965918, 2057509.687116421526298 ], [ 6007945.664791171438992, 2057529.101752758724615 ], [ 6007944.701736506074667, 2057548.705180824734271 ], [ 6007945.664791171438992, 2057568.308608890743926 ], [ 6007948.544680424965918, 2057587.723245227942243 ], [ 6007953.313669359311461, 2057606.762116275727749 ], [ 6007959.925830003805459, 2057625.24186729779467 ], [ 6007962.251998338848352, 2057630.160137016093358 ], [ 6007949.925843975506723, 2057634.570505569223315 ], [ 6007932.183183083310723, 2057642.962159201735631 ], [ 6007915.3484838437289, 2057653.052489611087367 ], [ 6007899.583873615600169, 2057664.744321398902684 ], [ 6007885.041174210608006, 2057677.925055834231898 ], [ 6007871.860439775511622, 2057692.4677552387584 ], [ 6007860.168607987463474, 2057708.232365467585623 ], [ 6007850.078277578577399, 2057725.067064706236124 ], [ 6007841.686623945832253, 2057742.809725598432124 ], [ 6007835.074463301338255, 2057761.289476620499045 ], [ 6007830.305474366992712, 2057780.32834766828455 ], [ 6007827.425585113465786, 2057799.742984005482867 ], [ 6007826.852076387032866, 2057811.417022326728329 ], [ 6007826.664145927876234, 2057811.814367897575721 ], [ 6007820.051985283382237, 2057830.294118919642642 ], [ 6007815.282996349036694, 2057849.332989967428148 ], [ 6007812.403107095509768, 2057868.747626304626465 ], [ 6007811.542968569323421, 2057886.256148235173896 ], [ 6007801.817784535698593, 2057895.070541251916438 ], [ 6007788.63705010060221, 2057909.61324065644294 ], [ 6007776.945218312554061, 2057925.377850885270163 ], [ 6007766.854887903667986, 2057942.212550123920664 ], [ 6007758.46323427092284, 2057959.955211016116664 ], [ 6007751.851073626428843, 2057978.434962038183585 ], [ 6007747.082084692083299, 2057997.47383308596909 ], [ 6007744.202195438556373, 2058016.888469423167408 ], [ 6007743.239140773192048, 2058036.491897489177063 ], [ 6007744.202195438556373, 2058056.095325555186719 ], [ 6007747.082084692083299, 2058075.509961892385036 ], [ 6007751.851073626428843, 2058094.548832940170541 ], [ 6007758.46323427092284, 2058113.028583962237462 ], [ 6007766.854887903667986, 2058130.771244854433462 ], [ 6007776.945218312554061, 2058147.605944093083963 ], [ 6007788.63705010060221, 2058163.370554321911186 ], [ 6007801.817784535698593, 2058177.913253726437688 ], [ 6007816.360483940690756, 2058191.093988161766902 ], [ 6007832.125094168819487, 2058202.785819949582219 ], [ 6007848.95979340840131, 2058212.876150358933955 ], [ 6007866.70245430059731, 2058221.267803991446272 ], [ 6007885.18220532219857, 2058227.879964635707438 ], [ 6007898.735470954328775, 2058231.274880944285542 ], [ 6007913.295122855342925, 2058238.161083442857489 ], [ 6007931.774873876944184, 2058244.773244087118655 ], [ 6007950.813744924962521, 2058249.542233021231368 ], [ 6007970.228381262160838, 2058252.422122274991125 ], [ 6007989.831809327937663, 2058253.385176940588281 ], [ 6008009.435237393714488, 2058252.422122274991125 ], [ 6008028.849873730912805, 2058249.542233021231368 ], [ 6008047.888744778931141, 2058244.773244087118655 ], [ 6008066.368495800532401, 2058238.161083442857489 ], [ 6008084.1111566927284, 2058229.769429810345173 ], [ 6008100.945855932310224, 2058219.679099400993437 ], [ 6008116.710466160438955, 2058207.987267613178119 ], [ 6008131.253165565431118, 2058194.806533177848905 ], [ 6008144.433900000527501, 2058180.263833773322403 ], [ 6008156.125731788575649, 2058164.49922354449518 ], [ 6008166.216062197461724, 2058147.664524305844679 ], [ 6008174.607715830206871, 2058129.92186341364868 ], [ 6008181.219876474700868, 2058111.442112391581759 ], [ 6008182.661130996420979, 2058105.688301812624559 ], [ 6008196.129609101451933, 2058103.690441812155768 ], [ 6008215.16848014947027, 2058098.921452878043056 ], [ 6008233.648231171071529, 2058092.309292233781889 ], [ 6008251.390892063267529, 2058083.917638601269573 ], [ 6008268.225591302849352, 2058073.827308191917837 ], [ 6008283.990201530978084, 2058062.135476404102519 ], [ 6008298.532900935970247, 2058048.954741968773305 ], [ 6008311.71363537106663, 2058034.412042564246804 ], [ 6008323.405467159114778, 2058018.64743233541958 ], [ 6008333.495797568000853, 2058001.81273309676908 ], [ 6008341.887451200746, 2057984.07007220457308 ], [ 6008348.499611845239997, 2057965.590321182506159 ], [ 6008353.26860077958554, 2057946.551450134720653 ], [ 6008356.148490033112466, 2057927.136813797522336 ], [ 6008357.111544698476791, 2057907.533385731512681 ], [ 6008356.148490033112466, 2057887.929957665503025 ], [ 6008353.26860077958554, 2057868.515321328304708 ], [ 6008348.499611845239997, 2057849.476450280519202 ], [ 6008341.887451200746, 2057830.996699258452281 ], [ 6008333.495797568000853, 2057813.254038366256282 ], [ 6008323.405467159114778, 2057796.419339127605781 ], [ 6008311.71363537106663, 2057780.654728898778558 ], [ 6008298.532900935970247, 2057766.112029494252056 ], [ 6008291.993442391976714, 2057760.18500975635834 ], [ 6008303.710103656165302, 2057754.643441687570885 ], [ 6008320.544802895747125, 2057744.553111278219149 ], [ 6008336.309413123875856, 2057732.861279490403831 ], [ 6008350.85211252886802, 2057719.680545055074617 ], [ 6008364.032846963964403, 2057705.137845650548115 ], [ 6008375.724678752012551, 2057689.373235421720892 ], [ 6008385.815009160898626, 2057672.538536183070391 ], [ 6008394.206662793643773, 2057654.795875290874392 ], [ 6008400.81882343813777, 2057636.316124268807471 ], [ 6008405.587812372483313, 2057617.277253221021965 ], [ 6008408.467701626010239, 2057597.862616883823648 ], [ 6008409.430756291374564, 2057578.259188817813993 ], [ 6008408.467701626010239, 2057558.655760751804337 ], [ 6008405.587812372483313, 2057539.24112441460602 ], [ 6008400.81882343813777, 2057520.202253366820514 ], [ 6008395.710436471737921, 2057505.92526822630316 ], [ 6008402.084508638828993, 2057502.910556612303481 ], [ 6008418.919207878410816, 2057492.820226202951744 ], [ 6008434.683818106539547, 2057481.128394415136427 ], [ 6008449.226517511531711, 2057467.947659979807213 ], [ 6008462.407251946628094, 2057453.404960575280711 ], [ 6008474.099083734676242, 2057437.640350346453488 ], [ 6008484.189414143562317, 2057420.805651107802987 ], [ 6008492.581067776307464, 2057403.062990215606987 ], [ 6008499.193228420801461, 2057384.583239193540066 ], [ 6008503.962217355147004, 2057365.544368145754561 ], [ 6008505.79164445400238, 2057353.211372430436313 ], [ 6008517.232650979422033, 2057340.58816697797738 ], [ 6008528.924482767470181, 2057324.823556749150157 ], [ 6008539.014813176356256, 2057307.988857510499656 ], [ 6008547.406466809101403, 2057290.246196618303657 ], [ 6008554.0186274535954, 2057271.766445596236736 ], [ 6008558.787616387940943, 2057252.72757454845123 ], [ 6008561.667505641467869, 2057233.312938211252913 ], [ 6008562.630560306832194, 2057213.709510145243257 ], [ 6008562.047690369188786, 2057201.844920001691207 ], [ 6008572.478701637126505, 2057194.108754796674475 ], [ 6008587.021401042118669, 2057180.928020361345261 ], [ 6008600.202135477215052, 2057166.385320956818759 ], [ 6008611.8939672652632, 2057150.620710727991536 ], [ 6008621.984297674149275, 2057133.786011489341035 ], [ 6008630.375951306894422, 2057116.043350597145036 ], [ 6008636.988111951388419, 2057097.563599575078115 ], [ 6008641.757100885733962, 2057078.524728527292609 ], [ 6008644.636990139260888, 2057059.110092190094292 ], [ 6008645.600044804625213, 2057039.506664124084637 ], [ 6008644.636990139260888, 2057019.903236058074981 ], [ 6008641.757100885733962, 2057000.488599720876664 ], [ 6008636.988111951388419, 2056981.449728673091158 ], [ 6008630.375951306894422, 2056962.969977651024237 ], [ 6008621.984297674149275, 2056945.227316758828238 ], [ 6008611.8939672652632, 2056928.392617520177737 ], [ 6008600.202135477215052, 2056912.628007291350514 ], [ 6008587.021401042118669, 2056898.085307886824012 ], [ 6008572.478701637126505, 2056884.904573451494798 ], [ 6008556.714091408997774, 2056873.212741663679481 ], [ 6008539.879392169415951, 2056863.122411254327744 ], [ 6008522.136731277219951, 2056854.730757621815428 ], [ 6008503.656980255618691, 2056848.118596977554262 ], [ 6008484.618109207600355, 2056843.349608043441549 ], [ 6008465.203472870402038, 2056840.469718789681792 ], [ 6008445.600044804625213, 2056839.506664124084637 ], [ 6008425.996616738848388, 2056840.469718789681792 ], [ 6008406.581980401650071, 2056843.349608043441549 ], [ 6008387.543109353631735, 2056848.118596977554262 ], [ 6008369.063358332030475, 2056854.730757621815428 ], [ 6008351.320697439834476, 2056863.122411254327744 ], [ 6008339.453311851248145, 2056870.235448438674212 ], [ 6008333.226557067595422, 2056867.29041275777854 ], [ 6008314.746806045994163, 2056860.678252113517374 ], [ 6008295.707934997975826, 2056855.909263179404661 ], [ 6008276.293298660777509, 2056853.029373925644904 ], [ 6008256.689870595000684, 2056852.066319260047749 ], [ 6008237.086442529223859, 2056853.029373925644904 ], [ 6008217.671806192025542, 2056855.909263179404661 ], [ 6008198.632935144007206, 2056860.678252113517374 ], [ 6008180.153184122405946, 2056867.29041275777854 ], [ 6008162.410523230209947, 2056875.682066390290856 ], [ 6008145.575823990628123, 2056885.772396799642593 ], [ 6008129.811213762499392, 2056897.46422858745791 ], [ 6008115.268514357507229, 2056910.644963022787124 ], [ 6008102.087779922410846, 2056925.187662427313626 ], [ 6008090.395948134362698, 2056940.952272656140849 ], [ 6008080.305617725476623, 2056957.78697189479135 ], [ 6008071.913964092731476, 2056975.529632786987349 ], [ 6008065.301803448237479, 2056994.00938380905427 ], [ 6008060.532814513891935, 2057013.048254856839776 ], [ 6008057.652925260365009, 2057032.462891194038093 ], [ 6008056.689870595000684, 2057052.066319260047749 ], [ 6008057.652925260365009, 2057071.669747326057404 ], [ 6008060.532814513891935, 2057091.084383663255721 ], [ 6008065.301803448237479, 2057110.123254711041227 ], [ 6008071.913964092731476, 2057128.603005733108148 ], [ 6008072.701757376082242, 2057130.268654685933143 ], [ 6008068.585985561832786, 2057138.970723051810637 ], [ 6008061.973824917338789, 2057157.450474073877558 ], [ 6008057.204835982993245, 2057176.489345121663064 ], [ 6008054.324946729466319, 2057195.903981458861381 ], [ 6008053.361892064101994, 2057215.507409524871036 ], [ 6008054.324946729466319, 2057235.110837590880692 ], [ 6008057.204835982993245, 2057254.525473928079009 ], [ 6008061.973824917338789, 2057273.564344975864515 ], [ 6008068.585985561832786, 2057292.044095997931436 ], [ 6008076.977639194577932, 2057309.786756890127435 ], [ 6008087.067969603464007, 2057326.621456128777936 ], [ 6008098.759801391512156, 2057342.386066357605159 ], [ 6008107.699181317351758, 2057352.249152194475755 ], [ 6008105.683672103099525, 2057352.548124744091183 ], [ 6008086.644801055081189, 2057357.317113678203896 ], [ 6008068.165050033479929, 2057363.929274322465062 ], [ 6008050.422389141283929, 2057372.320927954977378 ], [ 6008033.587689901702106, 2057382.411258364329115 ], [ 6008017.823079673573375, 2057394.103090152144432 ], [ 6008003.280380268581212, 2057407.283824587473646 ] ] ], [ [ [ 6007032.228439768776298, 2060176.811556498520076 ], [ 6007017.685740363784134, 2060163.630822063190863 ], [ 6007001.921130135655403, 2060151.938990275375545 ], [ 6006985.08643089607358, 2060141.848659866023809 ], [ 6006967.34377000387758, 2060133.457006233511493 ], [ 6006948.86401898227632, 2060126.844845589250326 ], [ 6006929.825147934257984, 2060122.075856655137613 ], [ 6006910.410511597059667, 2060119.195967401377857 ], [ 6006890.807083531282842, 2060118.232912735780701 ], [ 6006871.203655465506017, 2060119.195967401377857 ], [ 6006851.7890191283077, 2060122.075856655137613 ], [ 6006832.750148080289364, 2060126.844845589250326 ], [ 6006814.270397058688104, 2060133.457006233511493 ], [ 6006796.527736166492105, 2060141.848659866023809 ], [ 6006783.867585849948227, 2060149.436861942289397 ], [ 6006777.629349637776613, 2060149.130397049011663 ], [ 6006758.025921571999788, 2060150.093451714608818 ], [ 6006738.611285234801471, 2060152.973340968368575 ], [ 6006719.572414186783135, 2060157.742329902481288 ], [ 6006701.092663165181875, 2060164.354490546742454 ], [ 6006683.350002272985876, 2060172.74614417925477 ], [ 6006666.515303033404052, 2060182.836474588606507 ], [ 6006650.750692805275321, 2060194.528306376421824 ], [ 6006636.207993400283158, 2060207.709040811751038 ], [ 6006623.027258965186775, 2060222.25174021627754 ], [ 6006611.335427177138627, 2060238.016350445104763 ], [ 6006601.245096768252552, 2060254.851049683755264 ], [ 6006592.853443135507405, 2060272.593710575951263 ], [ 6006586.241282491013408, 2060291.073461598018184 ], [ 6006581.472293556667864, 2060310.11233264580369 ], [ 6006578.592404303140938, 2060329.526968983002007 ], [ 6006577.629349637776613, 2060349.130397049011663 ], [ 6006578.592404303140938, 2060368.733825115021318 ], [ 6006581.472293556667864, 2060388.148461452219635 ], [ 6006586.241282491013408, 2060407.187332500005141 ], [ 6006592.853443135507405, 2060425.667083522072062 ], [ 6006601.245096768252552, 2060443.409744414268062 ], [ 6006611.335427177138627, 2060460.244443652918562 ], [ 6006623.027258965186775, 2060476.009053881745785 ], [ 6006636.207993400283158, 2060490.551753286272287 ], [ 6006650.750692805275321, 2060503.732487721601501 ], [ 6006666.515303033404052, 2060515.424319509416819 ], [ 6006675.054817853495479, 2060520.542707717278972 ], [ 6006679.467811092734337, 2060527.905342132085934 ], [ 6006691.159642880782485, 2060543.669952360913157 ], [ 6006704.340377315878868, 2060558.212651765439659 ], [ 6006718.883076720871031, 2060571.393386200768873 ], [ 6006734.647686948999763, 2060583.085217988584191 ], [ 6006751.482386188581586, 2060593.175548397935927 ], [ 6006769.225047080777586, 2060601.567202030448243 ], [ 6006787.704798102378845, 2060608.179362674709409 ], [ 6006806.743669150397182, 2060612.948351608822122 ], [ 6006826.158305487595499, 2060615.828240862581879 ], [ 6006845.761733553372324, 2060616.791295528179035 ], [ 6006865.365161619149148, 2060615.828240862581879 ], [ 6006884.779797956347466, 2060612.948351608822122 ], [ 6006903.818669004365802, 2060608.179362674709409 ], [ 6006922.298420025967062, 2060601.567202030448243 ], [ 6006940.041080918163061, 2060593.175548397935927 ], [ 6006956.875780157744884, 2060583.085217988584191 ], [ 6006972.640390385873616, 2060571.393386200768873 ], [ 6006987.183089790865779, 2060558.212651765439659 ], [ 6007000.363824225962162, 2060543.669952360913157 ], [ 6007012.05565601401031, 2060527.905342132085934 ], [ 6007012.280239962041378, 2060527.530646450817585 ], [ 6007022.738851534202695, 2060518.051513461163267 ], [ 6007035.919585969299078, 2060503.508814056636766 ], [ 6007047.611417757347226, 2060487.744203827809542 ], [ 6007057.701748166233301, 2060470.909504589159042 ], [ 6007066.093401798978448, 2060453.166843696963042 ], [ 6007072.705562443472445, 2060434.687092674896121 ], [ 6007077.474551377817988, 2060415.648221627110615 ], [ 6007080.354440631344914, 2060396.233585289912298 ], [ 6007081.197193779051304, 2060379.078950874740258 ], [ 6007082.195150678046048, 2060376.289848186774179 ], [ 6007086.964139612391591, 2060357.250977138988674 ], [ 6007089.844028865918517, 2060337.836340801790357 ], [ 6007090.807083531282842, 2060318.232912735780701 ], [ 6007089.844028865918517, 2060298.629484669771045 ], [ 6007086.964139612391591, 2060279.214848332572728 ], [ 6007082.195150678046048, 2060260.175977284787223 ], [ 6007075.582990033552051, 2060241.696226262720302 ], [ 6007067.191336400806904, 2060223.953565370524302 ], [ 6007057.101005991920829, 2060207.118866131873801 ], [ 6007045.409174203872681, 2060191.354255903046578 ], [ 6007032.228439768776298, 2060176.811556498520076 ] ] ], [ [ [ 6009891.236272610723972, 2066195.589496155967936 ], [ 6009873.493611718527973, 2066187.19784252345562 ], [ 6009855.013860696926713, 2066180.585681879194453 ], [ 6009835.974989648908377, 2066175.816692945081741 ], [ 6009816.56035331171006, 2066172.936803691321984 ], [ 6009796.956925245933235, 2066171.973749025724828 ], [ 6009777.35349718015641, 2066172.936803691321984 ], [ 6009757.938860842958093, 2066175.816692945081741 ], [ 6009738.899989794939756, 2066180.585681879194453 ], [ 6009720.420238773338497, 2066187.19784252345562 ], [ 6009702.677577881142497, 2066195.589496155967936 ], [ 6009685.842878641560674, 2066205.679826565319672 ], [ 6009670.078268413431942, 2066217.37165835313499 ], [ 6009655.535569008439779, 2066230.552392788464203 ], [ 6009642.354834573343396, 2066245.095092192990705 ], [ 6009630.663002785295248, 2066260.859702421817929 ], [ 6009623.666778900660574, 2066272.532196793239564 ], [ 6009619.977560853585601, 2066266.377108333865181 ], [ 6009608.285729065537453, 2066250.612498105037957 ], [ 6009595.10499463044107, 2066236.069798700511456 ], [ 6009580.562295225448906, 2066222.889064265182242 ], [ 6009564.797684997320175, 2066211.197232477366924 ], [ 6009547.962985757738352, 2066201.106902068015188 ], [ 6009530.220324865542352, 2066192.715248435502872 ], [ 6009511.740573843941092, 2066186.103087791241705 ], [ 6009492.701702795922756, 2066181.334098857128993 ], [ 6009473.287066458724439, 2066178.454209603369236 ], [ 6009453.683638392947614, 2066177.49115493777208 ], [ 6009434.080210327170789, 2066178.454209603369236 ], [ 6009414.665573989972472, 2066181.334098857128993 ], [ 6009395.626702941954136, 2066186.103087791241705 ], [ 6009377.146951920352876, 2066192.715248435502872 ], [ 6009359.404291028156877, 2066201.106902068015188 ], [ 6009342.569591788575053, 2066211.197232477366924 ], [ 6009326.804981560446322, 2066222.889064265182242 ], [ 6009312.262282155454159, 2066236.069798700511456 ], [ 6009299.081547720357776, 2066250.612498105037957 ], [ 6009287.389715932309628, 2066266.377108333865181 ], [ 6009277.299385523423553, 2066283.211807572515681 ], [ 6009268.907731890678406, 2066300.954468464711681 ], [ 6009262.295571246184409, 2066319.434219486778602 ], [ 6009257.526582311838865, 2066338.473090534564108 ], [ 6009254.646693058311939, 2066357.887726871762425 ], [ 6009253.683638392947614, 2066377.49115493777208 ], [ 6009254.646693058311939, 2066397.094583003781736 ], [ 6009257.526582311838865, 2066416.509219340980053 ], [ 6009262.295571246184409, 2066435.548090388765559 ], [ 6009268.907731890678406, 2066454.02784141083248 ], [ 6009277.299385523423553, 2066471.770502303028479 ], [ 6009287.389715932309628, 2066488.60520154167898 ], [ 6009299.081547720357776, 2066504.369811770506203 ], [ 6009312.262282155454159, 2066518.912511175032705 ], [ 6009326.804981560446322, 2066532.093245610361919 ], [ 6009342.569591788575053, 2066543.785077398177236 ], [ 6009359.404291028156877, 2066553.875407807528973 ], [ 6009377.146951920352876, 2066562.267061440041289 ], [ 6009395.626702941954136, 2066568.879222084302455 ], [ 6009414.665573989972472, 2066573.648211018415168 ], [ 6009434.080210327170789, 2066576.528100272174925 ], [ 6009453.683638392947614, 2066577.49115493777208 ], [ 6009473.287066458724439, 2066576.528100272174925 ], [ 6009492.701702795922756, 2066573.648211018415168 ], [ 6009511.740573843941092, 2066568.879222084302455 ], [ 6009530.220324865542352, 2066562.267061440041289 ], [ 6009547.962985757738352, 2066553.875407807528973 ], [ 6009564.797684997320175, 2066543.785077398177236 ], [ 6009580.562295225448906, 2066532.093245610361919 ], [ 6009595.10499463044107, 2066518.912511175032705 ], [ 6009608.285729065537453, 2066504.369811770506203 ], [ 6009619.977560853585601, 2066488.60520154167898 ], [ 6009626.973784738220274, 2066476.932707170257345 ], [ 6009630.663002785295248, 2066483.087795629631728 ], [ 6009642.354834573343396, 2066498.852405858458951 ], [ 6009655.535569008439779, 2066513.395105262985453 ], [ 6009670.078268413431942, 2066526.575839698314667 ], [ 6009685.842878641560674, 2066538.267671486129984 ], [ 6009702.677577881142497, 2066548.358001895481721 ], [ 6009720.420238773338497, 2066556.749655527994037 ], [ 6009738.899989794939756, 2066563.361816172255203 ], [ 6009757.938860842958093, 2066568.130805106367916 ], [ 6009777.35349718015641, 2066571.010694360127673 ], [ 6009796.956925245933235, 2066571.973749025724828 ], [ 6009816.56035331171006, 2066571.010694360127673 ], [ 6009818.445134432055056, 2066570.73111349134706 ], [ 6009821.952908203005791, 2066578.147677999688312 ], [ 6009832.043238611891866, 2066594.982377238338813 ], [ 6009843.735070399940014, 2066610.746987467166036 ], [ 6009856.915804835036397, 2066625.289686871692538 ], [ 6009871.45850424002856, 2066638.470421307021752 ], [ 6009887.223114468157291, 2066650.16225309483707 ], [ 6009904.057813707739115, 2066660.252583504188806 ], [ 6009921.800474599935114, 2066668.644237136701122 ], [ 6009940.280225621536374, 2066675.256397780962288 ], [ 6009940.695320929400623, 2066675.360373742645606 ], [ 6009930.354952242225409, 2066686.769212475279346 ], [ 6009918.66312045417726, 2066702.533822704106569 ], [ 6009908.572790045291185, 2066719.36852194275707 ], [ 6009900.181136412546039, 2066737.11118283495307 ], [ 6009893.568975768052042, 2066755.590933857019991 ], [ 6009888.799986833706498, 2066774.629804904805496 ], [ 6009885.920097580179572, 2066794.044441242003813 ], [ 6009884.957042914815247, 2066813.647869308013469 ], [ 6009885.920097580179572, 2066833.251297374023125 ], [ 6009888.799986833706498, 2066852.665933711221442 ], [ 6009893.568975768052042, 2066871.704804759006947 ], [ 6009900.181136412546039, 2066890.184555781073868 ], [ 6009908.572790045291185, 2066907.927216673269868 ], [ 6009918.66312045417726, 2066924.761915911920369 ], [ 6009930.354952242225409, 2066940.526526140747592 ], [ 6009943.535686677321792, 2066955.069225545274094 ], [ 6009958.078386082313955, 2066968.249959980603307 ], [ 6009973.842996310442686, 2066979.941791768418625 ], [ 6009990.677695550024509, 2066990.032122177770361 ], [ 6010008.420356442220509, 2066998.423775810282677 ], [ 6010026.900107463821769, 2067005.035936454543844 ], [ 6010045.938978511840105, 2067009.804925388656557 ], [ 6010065.353614849038422, 2067012.684814642416313 ], [ 6010084.957042914815247, 2067013.647869308013469 ], [ 6010104.560470980592072, 2067012.684814642416313 ], [ 6010123.975107317790389, 2067009.804925388656557 ], [ 6010143.013978365808725, 2067005.035936454543844 ], [ 6010161.493729387409985, 2066998.423775810282677 ], [ 6010179.236390279605985, 2066990.032122177770361 ], [ 6010196.071089519187808, 2066979.941791768418625 ], [ 6010211.835699747316539, 2066968.249959980603307 ], [ 6010226.378399152308702, 2066955.069225545274094 ], [ 6010239.559133587405086, 2066940.526526140747592 ], [ 6010251.250965375453234, 2066924.761915911920369 ], [ 6010261.341295784339309, 2066907.927216673269868 ], [ 6010269.732949417084455, 2066890.184555781073868 ], [ 6010276.345110061578453, 2066871.704804759006947 ], [ 6010281.114098995923996, 2066852.665933711221442 ], [ 6010283.993988249450922, 2066833.251297374023125 ], [ 6010284.957042914815247, 2066813.647869308013469 ], [ 6010283.993988249450922, 2066794.044441242003813 ], [ 6010281.114098995923996, 2066774.629804904805496 ], [ 6010276.345110061578453, 2066755.590933857019991 ], [ 6010269.732949417084455, 2066737.11118283495307 ], [ 6010261.341295784339309, 2066719.36852194275707 ], [ 6010251.250965375453234, 2066702.533822704106569 ], [ 6010239.559133587405086, 2066686.769212475279346 ], [ 6010226.378399152308702, 2066672.226513070752844 ], [ 6010211.835699747316539, 2066659.04577863542363 ], [ 6010196.071089519187808, 2066647.353946847608313 ], [ 6010179.236390279605985, 2066637.263616438256577 ], [ 6010161.493729387409985, 2066628.871962805744261 ], [ 6010143.013978365808725, 2066622.259802161483094 ], [ 6010142.598883057944477, 2066622.155826199799776 ], [ 6010152.939251745119691, 2066610.746987467166036 ], [ 6010164.631083533167839, 2066594.982377238338813 ], [ 6010174.721413942053914, 2066578.147677999688312 ], [ 6010183.113067574799061, 2066560.405017107492313 ], [ 6010189.725228219293058, 2066541.925266085425392 ], [ 6010194.494217153638601, 2066522.886395037639886 ], [ 6010197.374106407165527, 2066503.471758700441569 ], [ 6010198.337161072529852, 2066483.868330634431913 ], [ 6010197.374106407165527, 2066464.264902568422258 ], [ 6010194.494217153638601, 2066444.850266231223941 ], [ 6010189.725228219293058, 2066425.811395183438435 ], [ 6010183.113067574799061, 2066407.331644161371514 ], [ 6010174.721413942053914, 2066389.588983269175515 ], [ 6010164.631083533167839, 2066372.754284030525014 ], [ 6010152.939251745119691, 2066356.989673801697791 ], [ 6010139.758517310023308, 2066342.446974397171289 ], [ 6010125.215817905031145, 2066329.266239961842075 ], [ 6010109.451207676902413, 2066317.574408174026757 ], [ 6010092.61650843732059, 2066307.484077764675021 ], [ 6010074.87384754512459, 2066299.092424132162705 ], [ 6010056.394096523523331, 2066292.480263487901539 ], [ 6010037.355225475504994, 2066287.711274553788826 ], [ 6010017.940589138306677, 2066284.831385300029069 ], [ 6009998.337161072529852, 2066283.868330634431913 ], [ 6009978.733733006753027, 2066284.831385300029069 ], [ 6009976.848951886408031, 2066285.110966168809682 ], [ 6009973.341178115457296, 2066277.694401660468429 ], [ 6009963.250847706571221, 2066260.859702421817929 ], [ 6009951.559015918523073, 2066245.095092192990705 ], [ 6009938.37828148342669, 2066230.552392788464203 ], [ 6009923.835582078434527, 2066217.37165835313499 ], [ 6009908.070971850305796, 2066205.679826565319672 ], [ 6009891.236272610723972, 2066195.589496155967936 ] ] ], [ [ [ 5999016.707901244983077, 2069919.820579844294116 ], [ 5998997.104473179206252, 2069918.85752517869696 ], [ 5998977.501045113429427, 2069919.820579844294116 ], [ 5998958.08640877623111, 2069922.700469098053873 ], [ 5998939.047537728212774, 2069927.469458032166585 ], [ 5998920.567786706611514, 2069934.081618676427752 ], [ 5998902.825125814415514, 2069942.473272308940068 ], [ 5998885.990426574833691, 2069952.563602718291804 ], [ 5998870.22581634670496, 2069964.255434506107122 ], [ 5998855.683116941712797, 2069977.436168941436335 ], [ 5998842.502382506616414, 2069991.978868345962837 ], [ 5998830.810550718568265, 2070007.743478574790061 ], [ 5998820.72022030968219, 2070024.578177813440561 ], [ 5998812.328566676937044, 2070042.320838705636561 ], [ 5998805.716406032443047, 2070060.800589727703482 ], [ 5998800.947417098097503, 2070079.839460775488988 ], [ 5998798.067527844570577, 2070099.254097112687305 ], [ 5998797.104473179206252, 2070118.85752517869696 ], [ 5998798.067527844570577, 2070138.460953244706616 ], [ 5998800.947417098097503, 2070157.875589581904933 ], [ 5998805.716406032443047, 2070176.914460629690439 ], [ 5998812.328566676937044, 2070195.39421165175736 ], [ 5998820.72022030968219, 2070213.136872543953359 ], [ 5998830.810550718568265, 2070229.97157178260386 ], [ 5998835.960736521519721, 2070236.91579346335493 ], [ 5998836.01077367272228, 2070237.934323074528947 ], [ 5998838.890662926249206, 2070257.348959411727265 ], [ 5998843.659651860594749, 2070276.38783045951277 ], [ 5998850.271812505088747, 2070294.867581481579691 ], [ 5998858.663466137833893, 2070312.610242373775691 ], [ 5998868.753796546719968, 2070329.444941612426192 ], [ 5998880.445628334768116, 2070345.209551841253415 ], [ 5998893.6263627698645, 2070359.752251245779917 ], [ 5998908.169062174856663, 2070372.93298568110913 ], [ 5998923.933672402985394, 2070384.624817468924448 ], [ 5998940.768371642567217, 2070394.715147878276184 ], [ 5998958.511032534763217, 2070403.1068015107885 ], [ 5998976.990783556364477, 2070409.718962155049667 ], [ 5998996.029654604382813, 2070414.48795108916238 ], [ 5999015.44429094158113, 2070417.367840342922136 ], [ 5999035.047719007357955, 2070418.330895008519292 ], [ 5999054.65114707313478, 2070417.367840342922136 ], [ 5999074.065783410333097, 2070414.48795108916238 ], [ 5999093.104654458351433, 2070409.718962155049667 ], [ 5999111.584405479952693, 2070403.1068015107885 ], [ 5999129.327066372148693, 2070394.715147878276184 ], [ 5999146.161765611730516, 2070384.624817468924448 ], [ 5999161.926375839859247, 2070372.93298568110913 ], [ 5999168.606051386334002, 2070366.878880660049617 ], [ 5999173.548379332758486, 2070363.916563290171325 ], [ 5999189.312989560887218, 2070352.224731502356008 ], [ 5999203.855688965879381, 2070339.043997067026794 ], [ 5999213.098950485698879, 2070328.845629558200017 ], [ 5999215.536577444523573, 2070327.037762192776427 ], [ 5999230.079276849515736, 2070313.857027757447213 ], [ 5999243.260011284612119, 2070299.314328352920711 ], [ 5999254.951843072660267, 2070283.549718124093488 ], [ 5999265.042173481546342, 2070266.715018885442987 ], [ 5999273.433827114291489, 2070248.972357993246987 ], [ 5999280.045987758785486, 2070230.492606971180066 ], [ 5999284.81497669313103, 2070211.453735923394561 ], [ 5999287.694865946657956, 2070192.039099586196244 ], [ 5999288.657920612022281, 2070172.435671520186588 ], [ 5999287.694865946657956, 2070152.832243454176933 ], [ 5999284.81497669313103, 2070133.417607116978616 ], [ 5999280.045987758785486, 2070114.37873606919311 ], [ 5999273.433827114291489, 2070095.898985047126189 ], [ 5999265.042173481546342, 2070078.156324154930189 ], [ 5999254.951843072660267, 2070061.321624916279688 ], [ 5999243.260011284612119, 2070045.557014687452465 ], [ 5999230.079276849515736, 2070031.014315282925963 ], [ 5999215.536577444523573, 2070017.83358084759675 ], [ 5999199.771967216394842, 2070006.141749059781432 ], [ 5999182.937267976813018, 2069996.051418650429696 ], [ 5999165.194607084617019, 2069987.65976501791738 ], [ 5999146.714856063015759, 2069981.047604373656213 ], [ 5999140.35522944945842, 2069979.454600835451856 ], [ 5999138.525829416699708, 2069977.436168941436335 ], [ 5999123.983130011707544, 2069964.255434506107122 ], [ 5999108.218519783578813, 2069952.563602718291804 ], [ 5999091.38382054399699, 2069942.473272308940068 ], [ 5999073.64115965180099, 2069934.081618676427752 ], [ 5999055.16140863019973, 2069927.469458032166585 ], [ 5999036.122537582181394, 2069922.700469098053873 ], [ 5999016.707901244983077, 2069919.820579844294116 ] ] ], [ [ [ 5992386.970846588723361, 2077130.298282986273989 ], [ 5992373.790112153626978, 2077115.755583581747487 ], [ 5992359.247412748634815, 2077102.574849146418273 ], [ 5992343.482802520506084, 2077090.883017358602956 ], [ 5992326.648103280924261, 2077080.79268694925122 ], [ 5992308.905442388728261, 2077072.401033316738904 ], [ 5992290.425691367127001, 2077065.788872672477737 ], [ 5992271.386820319108665, 2077061.019883738365024 ], [ 5992251.972183981910348, 2077058.139994484605268 ], [ 5992232.368755916133523, 2077057.176939819008112 ], [ 5992212.765327850356698, 2077058.139994484605268 ], [ 5992193.350691513158381, 2077061.019883738365024 ], [ 5992174.311820465140045, 2077065.788872672477737 ], [ 5992155.832069443538785, 2077072.401033316738904 ], [ 5992138.089408551342785, 2077080.79268694925122 ], [ 5992121.254709311760962, 2077090.883017358602956 ], [ 5992105.490099083632231, 2077102.574849146418273 ], [ 5992090.947399678640068, 2077115.755583581747487 ], [ 5992077.766665243543684, 2077130.298282986273989 ], [ 5992066.074833455495536, 2077146.062893215101212 ], [ 5992055.984503046609461, 2077162.897592453751713 ], [ 5992047.592849413864315, 2077180.640253345947713 ], [ 5992040.980688769370317, 2077199.120004368014634 ], [ 5992036.211699835024774, 2077218.158875415800139 ], [ 5992033.331810581497848, 2077237.573511752998456 ], [ 5992032.368755916133523, 2077257.176939819008112 ], [ 5992033.331810581497848, 2077276.780367885017768 ], [ 5992036.211699835024774, 2077296.195004222216085 ], [ 5992040.980688769370317, 2077315.23387527000159 ], [ 5992047.592849413864315, 2077333.713626292068511 ], [ 5992055.984503046609461, 2077351.456287184264511 ], [ 5992066.074833455495536, 2077368.290986422915012 ], [ 5992077.766665243543684, 2077384.055596651742235 ], [ 5992090.947399678640068, 2077398.598296056268737 ], [ 5992105.490099083632231, 2077411.77903049159795 ], [ 5992121.254709311760962, 2077423.470862279413268 ], [ 5992138.089408551342785, 2077433.561192688765004 ], [ 5992155.832069443538785, 2077441.95284632127732 ], [ 5992174.311820465140045, 2077448.565006965538487 ], [ 5992193.350691513158381, 2077453.3339958996512 ], [ 5992212.765327850356698, 2077456.213885153410956 ], [ 5992232.368755916133523, 2077457.176939819008112 ], [ 5992251.972183981910348, 2077456.213885153410956 ], [ 5992271.386820319108665, 2077453.3339958996512 ], [ 5992290.425691367127001, 2077448.565006965538487 ], [ 5992308.905442388728261, 2077441.95284632127732 ], [ 5992326.648103280924261, 2077433.561192688765004 ], [ 5992343.482802520506084, 2077423.470862279413268 ], [ 5992359.247412748634815, 2077411.77903049159795 ], [ 5992373.790112153626978, 2077398.598296056268737 ], [ 5992386.970846588723361, 2077384.055596651742235 ], [ 5992398.66267837677151, 2077368.290986422915012 ], [ 5992408.753008785657585, 2077351.456287184264511 ], [ 5992417.144662418402731, 2077333.713626292068511 ], [ 5992423.756823062896729, 2077315.23387527000159 ], [ 5992428.525811997242272, 2077296.195004222216085 ], [ 5992431.405701250769198, 2077276.780367885017768 ], [ 5992432.368755916133523, 2077257.176939819008112 ], [ 5992431.405701250769198, 2077237.573511752998456 ], [ 5992428.525811997242272, 2077218.158875415800139 ], [ 5992423.756823062896729, 2077199.120004368014634 ], [ 5992417.144662418402731, 2077180.640253345947713 ], [ 5992408.753008785657585, 2077162.897592453751713 ], [ 5992398.66267837677151, 2077146.062893215101212 ], [ 5992386.970846588723361, 2077130.298282986273989 ] ] ], [ [ [ 5992793.900796880014241, 2077496.349680262384936 ], [ 5992776.158135987818241, 2077487.95802662987262 ], [ 5992757.678384966216981, 2077481.345865985611454 ], [ 5992738.639513918198645, 2077476.576877051498741 ], [ 5992719.224877581000328, 2077473.696987797738984 ], [ 5992699.621449515223503, 2077472.733933132141829 ], [ 5992680.018021449446678, 2077473.696987797738984 ], [ 5992660.603385112248361, 2077476.576877051498741 ], [ 5992641.564514064230025, 2077481.345865985611454 ], [ 5992623.084763042628765, 2077487.95802662987262 ], [ 5992605.342102150432765, 2077496.349680262384936 ], [ 5992588.507402910850942, 2077506.440010671736673 ], [ 5992572.742792682722211, 2077518.13184245955199 ], [ 5992558.200093277730048, 2077531.312576894881204 ], [ 5992545.019358842633665, 2077545.855276299407706 ], [ 5992533.327527054585516, 2077561.619886528234929 ], [ 5992523.237196645699441, 2077578.45458576688543 ], [ 5992514.845543012954295, 2077596.197246659081429 ], [ 5992508.233382368460298, 2077614.67699768114835 ], [ 5992503.464393434114754, 2077633.715868728933856 ], [ 5992500.584504180587828, 2077653.130505066132173 ], [ 5992499.621449515223503, 2077672.733933132141829 ], [ 5992500.584504180587828, 2077692.337361198151484 ], [ 5992503.464393434114754, 2077711.751997535349801 ], [ 5992508.233382368460298, 2077730.790868583135307 ], [ 5992514.845543012954295, 2077749.270619605202228 ], [ 5992523.237196645699441, 2077767.013280497398227 ], [ 5992533.327527054585516, 2077783.847979736048728 ], [ 5992545.019358842633665, 2077799.612589964875951 ], [ 5992558.200093277730048, 2077814.155289369402453 ], [ 5992572.742792682722211, 2077827.336023804731667 ], [ 5992588.507402910850942, 2077839.027855592546985 ], [ 5992605.342102150432765, 2077849.118186001898721 ], [ 5992608.891535925678909, 2077850.796943151624873 ], [ 5992609.642533662728965, 2077852.895841220393777 ], [ 5992618.034187295474112, 2077870.638502112589777 ], [ 5992628.124517704360187, 2077887.473201351240277 ], [ 5992639.816349492408335, 2077903.2378115800675 ], [ 5992652.997083927504718, 2077917.780510984594002 ], [ 5992667.539783332496881, 2077930.961245419923216 ], [ 5992683.304393560625613, 2077942.653077207738534 ], [ 5992700.139092800207436, 2077952.74340761709027 ], [ 5992717.881753692403436, 2077961.135061249602586 ], [ 5992736.361504714004695, 2077967.747221893863752 ], [ 5992755.400375762023032, 2077972.516210827976465 ], [ 5992774.815012099221349, 2077975.396100081736222 ], [ 5992794.418440164998174, 2077976.359154747333378 ], [ 5992814.021868230774999, 2077975.396100081736222 ], [ 5992833.436504567973316, 2077972.516210827976465 ], [ 5992852.475375615991652, 2077967.747221893863752 ], [ 5992870.955126637592912, 2077961.135061249602586 ], [ 5992888.697787529788911, 2077952.74340761709027 ], [ 5992905.532486769370735, 2077942.653077207738534 ], [ 5992921.297096997499466, 2077930.961245419923216 ], [ 5992935.839796402491629, 2077917.780510984594002 ], [ 5992949.020530837588012, 2077903.2378115800675 ], [ 5992960.71236262563616, 2077887.473201351240277 ], [ 5992970.802693034522235, 2077870.638502112589777 ], [ 5992979.194346667267382, 2077852.895841220393777 ], [ 5992985.806507311761379, 2077834.416090198326856 ], [ 5992990.575496246106923, 2077815.37721915054135 ], [ 5992993.455385499633849, 2077795.962582813343033 ], [ 5992994.418440164998174, 2077776.359154747333378 ], [ 5992993.455385499633849, 2077756.755726681323722 ], [ 5992990.575496246106923, 2077737.341090344125405 ], [ 5992985.806507311761379, 2077718.302219296339899 ], [ 5992979.194346667267382, 2077699.822468274272978 ], [ 5992970.802693034522235, 2077682.079807382076979 ], [ 5992960.71236262563616, 2077665.245108143426478 ], [ 5992949.020530837588012, 2077649.480497914599255 ], [ 5992935.839796402491629, 2077634.937798510072753 ], [ 5992921.297096997499466, 2077621.757064074743539 ], [ 5992905.532486769370735, 2077610.065232286928222 ], [ 5992888.697787529788911, 2077599.974901877576485 ], [ 5992885.148353754542768, 2077598.296144727850333 ], [ 5992884.397356017492712, 2077596.197246659081429 ], [ 5992876.005702384747565, 2077578.45458576688543 ], [ 5992865.91537197586149, 2077561.619886528234929 ], [ 5992854.223540187813342, 2077545.855276299407706 ], [ 5992841.042805752716959, 2077531.312576894881204 ], [ 5992826.500106347724795, 2077518.13184245955199 ], [ 5992810.735496119596064, 2077506.440010671736673 ], [ 5992793.900796880014241, 2077496.349680262384936 ] ] ], [ [ [ 5992178.445601482875645, 2085323.108405287843198 ], [ 5992160.702940590679646, 2085314.716751655330881 ], [ 5992142.223189569078386, 2085308.104591011069715 ], [ 5992123.18431852106005, 2085303.335602076957002 ], [ 5992103.769682183861732, 2085300.455712823197246 ], [ 5992084.166254118084908, 2085299.49265815760009 ], [ 5992064.562826052308083, 2085300.455712823197246 ], [ 5992045.148189715109766, 2085303.335602076957002 ], [ 5992026.109318667091429, 2085308.104591011069715 ], [ 5992007.62956764549017, 2085314.716751655330881 ], [ 5991989.88690675329417, 2085323.108405287843198 ], [ 5991973.052207513712347, 2085333.198735697194934 ], [ 5991957.287597285583615, 2085344.890567485010251 ], [ 5991943.606874700635672, 2085357.290051669348031 ], [ 5991940.350030797533691, 2085358.455369051545858 ], [ 5991922.607369905337691, 2085366.847022684058174 ], [ 5991905.772670665755868, 2085376.937353093409911 ], [ 5991890.008060437627137, 2085388.629184881225228 ], [ 5991875.465361032634974, 2085401.809919316554442 ], [ 5991862.28462659753859, 2085416.352618721080944 ], [ 5991850.592794809490442, 2085432.117228949908167 ], [ 5991840.502464400604367, 2085448.951928188558668 ], [ 5991832.110810767859221, 2085466.694589080754668 ], [ 5991825.498650123365223, 2085485.174340102821589 ], [ 5991820.72966118901968, 2085504.213211150607094 ], [ 5991817.849771935492754, 2085523.627847487805411 ], [ 5991816.886717270128429, 2085543.231275553815067 ], [ 5991817.849771935492754, 2085562.834703619824722 ], [ 5991820.72966118901968, 2085582.249339957023039 ], [ 5991825.498650123365223, 2085601.288211004808545 ], [ 5991832.110810767859221, 2085619.767962026875466 ], [ 5991840.502464400604367, 2085637.510622919071466 ], [ 5991850.592794809490442, 2085654.345322157721967 ], [ 5991862.28462659753859, 2085670.10993238654919 ], [ 5991875.465361032634974, 2085684.652631791075692 ], [ 5991882.083784500136971, 2085690.651221163570881 ], [ 5991887.850546929053962, 2085700.272483019856736 ], [ 5991899.54237871710211, 2085716.037093248683959 ], [ 5991912.723113152198493, 2085730.579792653210461 ], [ 5991927.265812557190657, 2085743.760527088539675 ], [ 5991943.030422785319388, 2085755.452358876354992 ], [ 5991956.587911767885089, 2085763.578405050560832 ], [ 5991956.942031568847597, 2085765.965686837676913 ], [ 5991961.71102050319314, 2085785.004557885462418 ], [ 5991968.323181147687137, 2085803.484308907529339 ], [ 5991976.714834780432284, 2085821.226969799725339 ], [ 5991986.805165189318359, 2085838.06166903837584 ], [ 5991998.496996977366507, 2085853.826279267203063 ], [ 5992011.67773141246289, 2085868.368978671729565 ], [ 5992026.220430817455053, 2085881.549713107058778 ], [ 5992041.985041045583785, 2085893.241544894874096 ], [ 5992058.819740285165608, 2085903.331875304225832 ], [ 5992076.562401177361608, 2085911.723528936738148 ], [ 5992095.042152198962867, 2085918.335689580999315 ], [ 5992114.081023246981204, 2085923.104678515112028 ], [ 5992133.495659584179521, 2085925.984567768871784 ], [ 5992153.099087649956346, 2085926.94762243446894 ], [ 5992172.702515715733171, 2085925.984567768871784 ], [ 5992192.117152052931488, 2085923.104678515112028 ], [ 5992211.156023100949824, 2085918.335689580999315 ], [ 5992229.635774122551084, 2085911.723528936738148 ], [ 5992247.378435014747083, 2085903.331875304225832 ], [ 5992264.213134254328907, 2085893.241544894874096 ], [ 5992279.977744482457638, 2085881.549713107058778 ], [ 5992292.361367364414036, 2085870.325851566158235 ], [ 5992305.719676209613681, 2085864.007842016872019 ], [ 5992322.554375449195504, 2085853.917511607520282 ], [ 5992338.318985677324235, 2085842.225679819704965 ], [ 5992352.861685082316399, 2085829.044945384375751 ], [ 5992366.042419517412782, 2085814.502245979849249 ], [ 5992377.73425130546093, 2085798.737635751022026 ], [ 5992387.824581714347005, 2085781.902936512371525 ], [ 5992396.216235347092152, 2085764.160275620175526 ], [ 5992402.828395991586149, 2085745.680524598108605 ], [ 5992407.597384925931692, 2085726.641653550323099 ], [ 5992410.477274179458618, 2085707.227017213124782 ], [ 5992411.440328844822943, 2085687.623589147115126 ], [ 5992410.477274179458618, 2085668.020161081105471 ], [ 5992407.597384925931692, 2085648.605524743907154 ], [ 5992402.828395991586149, 2085629.566653696121648 ], [ 5992396.216235347092152, 2085611.086902674054727 ], [ 5992387.824581714347005, 2085593.344241781858727 ], [ 5992377.73425130546093, 2085576.509542543208227 ], [ 5992366.042419517412782, 2085560.744932314381003 ], [ 5992352.861685082316399, 2085546.202232909854501 ], [ 5992338.318985677324235, 2085533.021498474525288 ], [ 5992331.766698946245015, 2085528.161991440923885 ], [ 5992329.780632852576673, 2085520.23317114636302 ], [ 5992323.168472208082676, 2085501.753420124296099 ], [ 5992314.776818575337529, 2085484.010759232100099 ], [ 5992304.686488166451454, 2085467.176059993449599 ], [ 5992292.994656378403306, 2085451.411449764622375 ], [ 5992279.813921943306923, 2085436.868750360095873 ], [ 5992271.091624487191439, 2085428.963320753769949 ], [ 5992268.942160620354116, 2085422.955971684539691 ], [ 5992260.550506987608969, 2085405.213310792343691 ], [ 5992250.460176578722894, 2085388.37861155369319 ], [ 5992238.768344790674746, 2085372.614001324865967 ], [ 5992225.587610355578363, 2085358.071301920339465 ], [ 5992211.0449109505862, 2085344.890567485010251 ], [ 5992195.280300722457469, 2085333.198735697194934 ], [ 5992178.445601482875645, 2085323.108405287843198 ] ] ], [ [ [ 6011749.011872170493007, 2086013.196099504129961 ], [ 6011735.831137735396624, 2085998.653400099603459 ], [ 6011721.28843833040446, 2085985.472665664274246 ], [ 6011705.523828102275729, 2085973.780833876458928 ], [ 6011688.689128862693906, 2085963.690503467107192 ], [ 6011670.946467970497906, 2085955.298849834594876 ], [ 6011652.466716948896646, 2085948.686689190333709 ], [ 6011633.42784590087831, 2085943.917700256220996 ], [ 6011614.013209563679993, 2085941.03781100246124 ], [ 6011594.409781497903168, 2085940.074756336864084 ], [ 6011590.519687494263053, 2085940.265864400658756 ], [ 6011588.906298628076911, 2085940.186603688169271 ], [ 6011569.302870562300086, 2085941.149658353766426 ], [ 6011549.888234225101769, 2085944.029547607526183 ], [ 6011530.849363177083433, 2085948.798536541638896 ], [ 6011512.369612155482173, 2085955.410697185900062 ], [ 6011494.626951263286173, 2085963.802350818412378 ], [ 6011477.79225202370435, 2085973.892681227764115 ], [ 6011462.027641795575619, 2085985.584513015579432 ], [ 6011447.484942390583456, 2085998.765247450908646 ], [ 6011434.304207955487072, 2086013.307946855435148 ], [ 6011422.612376167438924, 2086029.072557084262371 ], [ 6011412.522045758552849, 2086045.907256322912872 ], [ 6011404.130392125807703, 2086063.649917215108871 ], [ 6011397.518231481313705, 2086082.129668237175792 ], [ 6011392.749242546968162, 2086101.168539284961298 ], [ 6011389.869353293441236, 2086120.583175622159615 ], [ 6011388.906298628076911, 2086140.186603688169271 ], [ 6011389.869353293441236, 2086159.790031754178926 ], [ 6011392.749242546968162, 2086179.204668091377243 ], [ 6011397.518231481313705, 2086198.243539139162749 ], [ 6011404.130392125807703, 2086216.72329016122967 ], [ 6011412.522045758552849, 2086234.46595105342567 ], [ 6011422.612376167438924, 2086251.30065029207617 ], [ 6011434.304207955487072, 2086267.065260520903394 ], [ 6011447.484942390583456, 2086281.607959925429896 ], [ 6011462.027641795575619, 2086294.788694360759109 ], [ 6011477.79225202370435, 2086306.480526148574427 ], [ 6011494.626951263286173, 2086316.570856557926163 ], [ 6011512.369612155482173, 2086324.962510190438479 ], [ 6011530.849363177083433, 2086331.574670834699646 ], [ 6011549.888234225101769, 2086336.343659768812358 ], [ 6011569.302870562300086, 2086339.223549022572115 ], [ 6011588.906298628076911, 2086340.186603688169271 ], [ 6011592.796392631717026, 2086339.995495624374598 ], [ 6011594.409781497903168, 2086340.074756336864084 ], [ 6011614.013209563679993, 2086339.111701671266928 ], [ 6011633.42784590087831, 2086336.231812417507172 ], [ 6011652.466716948896646, 2086331.462823483394459 ], [ 6011670.946467970497906, 2086324.850662839133292 ], [ 6011688.689128862693906, 2086316.459009206620976 ], [ 6011705.523828102275729, 2086306.36867879726924 ], [ 6011721.28843833040446, 2086294.676847009453923 ], [ 6011735.831137735396624, 2086281.496112574124709 ], [ 6011749.011872170493007, 2086266.953413169598207 ], [ 6011760.703703958541155, 2086251.188802940770984 ], [ 6011770.79403436742723, 2086234.354103702120483 ], [ 6011779.185688000172377, 2086216.611442809924483 ], [ 6011785.797848644666374, 2086198.131691787857562 ], [ 6011790.566837579011917, 2086179.092820740072057 ], [ 6011793.446726832538843, 2086159.67818440287374 ], [ 6011794.409781497903168, 2086140.074756336864084 ], [ 6011793.446726832538843, 2086120.471328270854428 ], [ 6011790.566837579011917, 2086101.056691933656111 ], [ 6011785.797848644666374, 2086082.017820885870606 ], [ 6011779.185688000172377, 2086063.538069863803685 ], [ 6011770.79403436742723, 2086045.795408971607685 ], [ 6011760.703703958541155, 2086028.960709732957184 ], [ 6011749.011872170493007, 2086013.196099504129961 ] ] ], [ [ [ 5998520.637444165535271, 2090633.941284994129092 ], [ 5998504.87283393740654, 2090622.249453206313774 ], [ 5998488.038134697824717, 2090612.159122796962038 ], [ 5998470.295473805628717, 2090603.767469164449722 ], [ 5998451.815722784027457, 2090597.155308520188555 ], [ 5998432.776851736009121, 2090592.386319586075842 ], [ 5998413.362215398810804, 2090589.506430332316086 ], [ 5998393.758787333033979, 2090588.54337566671893 ], [ 5998374.155359267257154, 2090589.506430332316086 ], [ 5998354.740722930058837, 2090592.386319586075842 ], [ 5998335.701851882040501, 2090597.155308520188555 ], [ 5998317.222100860439241, 2090603.767469164449722 ], [ 5998299.479439968243241, 2090612.159122796962038 ], [ 5998282.644740728661418, 2090622.249453206313774 ], [ 5998266.880130500532687, 2090633.941284994129092 ], [ 5998252.337431095540524, 2090647.122019429458305 ], [ 5998239.15669666044414, 2090661.664718833984807 ], [ 5998227.464864872395992, 2090677.42932906281203 ], [ 5998217.374534463509917, 2090694.264028301462531 ], [ 5998208.982880830764771, 2090712.006689193658531 ], [ 5998202.370720186270773, 2090730.486440215725452 ], [ 5998197.60173125192523, 2090749.525311263510957 ], [ 5998194.721841998398304, 2090768.939947600709274 ], [ 5998193.758787333033979, 2090788.54337566671893 ], [ 5998194.721841998398304, 2090808.146803732728586 ], [ 5998197.60173125192523, 2090827.561440069926903 ], [ 5998202.370720186270773, 2090846.600311117712408 ], [ 5998208.982880830764771, 2090865.080062139779329 ], [ 5998217.374534463509917, 2090882.822723031975329 ], [ 5998219.280210379511118, 2090886.002151215681806 ], [ 5998215.242712944746017, 2090902.120744499610737 ], [ 5998212.362823691219091, 2090921.535380836809054 ], [ 5998211.399769025854766, 2090941.13880890281871 ], [ 5998212.362823691219091, 2090960.742236968828365 ], [ 5998215.242712944746017, 2090980.156873306026682 ], [ 5998220.011701879091561, 2090999.195744353812188 ], [ 5998226.623862523585558, 2091017.675495375879109 ], [ 5998235.015516156330705, 2091035.418156268075109 ], [ 5998245.10584656521678, 2091052.252855506725609 ], [ 5998256.797678353264928, 2091068.017465735552832 ], [ 5998269.978412788361311, 2091082.560165140079334 ], [ 5998277.84985882602632, 2091089.694427971960977 ], [ 5998270.954093023203313, 2091098.992291820468381 ], [ 5998260.863762614317238, 2091115.826991059118882 ], [ 5998252.472108981572092, 2091133.569651951314881 ], [ 5998245.859948337078094, 2091152.049402973381802 ], [ 5998241.090959402732551, 2091171.088274021167308 ], [ 5998238.211070149205625, 2091190.502910358365625 ], [ 5998237.2480154838413, 2091210.106338424375281 ], [ 5998238.211070149205625, 2091229.709766490384936 ], [ 5998241.090959402732551, 2091249.124402827583253 ], [ 5998245.859948337078094, 2091268.163273875368759 ], [ 5998252.472108981572092, 2091286.64302489743568 ], [ 5998260.863762614317238, 2091304.38568578963168 ], [ 5998270.954093023203313, 2091321.22038502828218 ], [ 5998282.645924811251462, 2091336.984995257109404 ], [ 5998295.826659246347845, 2091351.527694661635906 ], [ 5998310.369358651340008, 2091364.708429096965119 ], [ 5998326.133968879468739, 2091376.400260884780437 ], [ 5998342.968668119050562, 2091386.490591294132173 ], [ 5998360.711329011246562, 2091394.882244926644489 ], [ 5998379.191080032847822, 2091401.494405570905656 ], [ 5998398.229951080866158, 2091406.263394505018368 ], [ 5998417.644587418064475, 2091409.143283758778125 ], [ 5998437.2480154838413, 2091410.106338424375281 ], [ 5998456.851443549618125, 2091409.143283758778125 ], [ 5998476.266079886816442, 2091406.263394505018368 ], [ 5998495.304950934834778, 2091401.494405570905656 ], [ 5998495.481132193468511, 2091401.431366908596829 ], [ 5998508.749721645377576, 2091400.779522907920182 ], [ 5998528.164357982575893, 2091397.899633654160425 ], [ 5998547.20322903059423, 2091393.130644720047712 ], [ 5998565.682980052195489, 2091386.518484075786546 ], [ 5998583.425640944391489, 2091378.12683044327423 ], [ 5998600.260340183973312, 2091368.036500033922493 ], [ 5998616.024950412102044, 2091356.344668246107176 ], [ 5998630.567649817094207, 2091343.163933810777962 ], [ 5998643.74838425219059, 2091328.62123440625146 ], [ 5998655.440216040238738, 2091312.856624177424237 ], [ 5998665.530546449124813, 2091296.021924938773736 ], [ 5998673.92220008186996, 2091278.279264046577737 ], [ 5998680.534360726363957, 2091259.799513024510816 ], [ 5998685.3033496607095, 2091240.76064197672531 ], [ 5998688.183238914236426, 2091221.346005639526993 ], [ 5998689.146293579600751, 2091201.742577573517337 ], [ 5998688.183238914236426, 2091182.139149507507682 ], [ 5998685.3033496607095, 2091162.724513170309365 ], [ 5998680.534360726363957, 2091143.685642122523859 ], [ 5998673.92220008186996, 2091125.205891100456938 ], [ 5998665.530546449124813, 2091107.463230208260939 ], [ 5998655.440216040238738, 2091090.628530969610438 ], [ 5998643.74838425219059, 2091074.863920740783215 ], [ 5998640.719962529838085, 2091071.52257227525115 ], [ 5998643.407800913788378, 2091067.038184850709513 ], [ 5998651.799454546533525, 2091049.295523958513513 ], [ 5998658.411615191027522, 2091030.815772936446592 ], [ 5998663.180604125373065, 2091011.776901888661087 ], [ 5998666.060493378899992, 2090992.36226555146277 ], [ 5998666.094580174423754, 2090991.668412887258455 ], [ 5998671.73339628148824, 2090975.908977610524744 ], [ 5998676.502385215833783, 2090956.870106562739238 ], [ 5998679.382274469360709, 2090937.455470225540921 ], [ 5998680.345329134725034, 2090917.852042159531265 ], [ 5998679.382274469360709, 2090898.24861409352161 ], [ 5998676.502385215833783, 2090878.833977756323293 ], [ 5998671.73339628148824, 2090859.795106708537787 ], [ 5998665.121235636994243, 2090841.315355686470866 ], [ 5998656.729582004249096, 2090823.572694794274867 ], [ 5998646.639251595363021, 2090806.737995555624366 ], [ 5998634.947419807314873, 2090790.973385326797143 ], [ 5998621.76668537221849, 2090776.430685922270641 ], [ 5998607.223985967226326, 2090763.249951486941427 ], [ 5998591.459375739097595, 2090751.558119699126109 ], [ 5998590.096181602217257, 2090750.741052577504888 ], [ 5998589.915843414142728, 2090749.525311263510957 ], [ 5998585.146854479797184, 2090730.486440215725452 ], [ 5998578.534693835303187, 2090712.006689193658531 ], [ 5998570.143040202558041, 2090694.264028301462531 ], [ 5998560.052709793671966, 2090677.42932906281203 ], [ 5998548.360878005623817, 2090661.664718833984807 ], [ 5998535.180143570527434, 2090647.122019429458305 ], [ 5998520.637444165535271, 2090633.941284994129092 ] ] ], [ [ [ 6002628.90725421346724, 2095092.739031136035919 ], [ 6002617.215422425419092, 2095076.974420907208696 ], [ 6002604.034687990322709, 2095062.431721502682194 ], [ 6002589.491988585330546, 2095049.25098706735298 ], [ 6002573.727378357201815, 2095037.559155279537663 ], [ 6002556.892679117619991, 2095027.468824870185927 ], [ 6002539.150018225423992, 2095019.07717123767361 ], [ 6002520.670267203822732, 2095012.465010593412444 ], [ 6002501.631396155804396, 2095007.696021659299731 ], [ 6002482.216759818606079, 2095004.816132405539975 ], [ 6002462.613331752829254, 2095003.853077739942819 ], [ 6002443.009903687052429, 2095004.816132405539975 ], [ 6002423.595267349854112, 2095007.696021659299731 ], [ 6002404.556396301835775, 2095012.465010593412444 ], [ 6002386.076645280234516, 2095019.07717123767361 ], [ 6002368.333984388038516, 2095027.468824870185927 ], [ 6002351.499285148456693, 2095037.559155279537663 ], [ 6002335.734674920327961, 2095049.25098706735298 ], [ 6002321.191975515335798, 2095062.431721502682194 ], [ 6002308.011241080239415, 2095076.974420907208696 ], [ 6002296.319409292191267, 2095092.739031136035919 ], [ 6002286.229078883305192, 2095109.57373037468642 ], [ 6002277.837425250560045, 2095127.31639126688242 ], [ 6002271.225264606066048, 2095145.796142288949341 ], [ 6002266.456275671720505, 2095164.835013336734846 ], [ 6002263.576386418193579, 2095184.249649673933163 ], [ 6002262.613331752829254, 2095203.853077739942819 ], [ 6002263.576386418193579, 2095223.456505805952474 ], [ 6002266.456275671720505, 2095242.871142143150792 ], [ 6002271.225264606066048, 2095261.910013190936297 ], [ 6002277.837425250560045, 2095280.389764213003218 ], [ 6002286.229078883305192, 2095298.132425105199218 ], [ 6002296.319409292191267, 2095314.967124343849719 ], [ 6002308.011241080239415, 2095330.731734572676942 ], [ 6002321.191975515335798, 2095345.274433977203444 ], [ 6002335.734674920327961, 2095358.455168412532657 ], [ 6002351.499285148456693, 2095370.147000200347975 ], [ 6002368.333984388038516, 2095380.237330609699711 ], [ 6002386.076645280234516, 2095388.628984242212027 ], [ 6002404.556396301835775, 2095395.241144886473194 ], [ 6002423.595267349854112, 2095400.010133820585907 ], [ 6002443.009903687052429, 2095402.890023074345663 ], [ 6002462.613331752829254, 2095403.853077739942819 ], [ 6002482.216759818606079, 2095402.890023074345663 ], [ 6002501.631396155804396, 2095400.010133820585907 ], [ 6002520.670267203822732, 2095395.241144886473194 ], [ 6002539.150018225423992, 2095388.628984242212027 ], [ 6002556.892679117619991, 2095380.237330609699711 ], [ 6002573.727378357201815, 2095370.147000200347975 ], [ 6002589.491988585330546, 2095358.455168412532657 ], [ 6002604.034687990322709, 2095345.274433977203444 ], [ 6002617.215422425419092, 2095330.731734572676942 ], [ 6002628.90725421346724, 2095314.967124343849719 ], [ 6002638.997584622353315, 2095298.132425105199218 ], [ 6002647.389238255098462, 2095280.389764213003218 ], [ 6002654.001398899592459, 2095261.910013190936297 ], [ 6002658.770387833938003, 2095242.871142143150792 ], [ 6002661.650277087464929, 2095223.456505805952474 ], [ 6002662.613331752829254, 2095203.853077739942819 ], [ 6002661.650277087464929, 2095184.249649673933163 ], [ 6002658.770387833938003, 2095164.835013336734846 ], [ 6002654.001398899592459, 2095145.796142288949341 ], [ 6002647.389238255098462, 2095127.31639126688242 ], [ 6002638.997584622353315, 2095109.57373037468642 ], [ 6002628.90725421346724, 2095092.739031136035919 ] ] ], [ [ [ 6007108.788027288392186, 2101818.598046746104956 ], [ 6007095.607292853295803, 2101804.055347341112792 ], [ 6007081.06459344830364, 2101790.874612906016409 ], [ 6007065.299983220174909, 2101779.182781117968261 ], [ 6007048.465283980593085, 2101769.092450709082186 ], [ 6007030.722623088397086, 2101760.700797076337039 ], [ 6007012.242872066795826, 2101754.088636432308704 ], [ 6006993.20400101877749, 2101749.31964749796316 ], [ 6006973.789364681579173, 2101746.439758243970573 ], [ 6006954.185936615802348, 2101745.476703578606248 ], [ 6006934.582508550025523, 2101746.439758243970573 ], [ 6006915.167872212827206, 2101749.31964749796316 ], [ 6006896.129001164808869, 2101754.088636432308704 ], [ 6006877.64925014320761, 2101760.700797076337039 ], [ 6006859.90658925101161, 2101769.092450709082186 ], [ 6006843.071890011429787, 2101779.182781117968261 ], [ 6006827.307279783301055, 2101790.874612906016409 ], [ 6006812.764580378308892, 2101804.055347341112792 ], [ 6006799.583845943212509, 2101818.598046746104956 ], [ 6006787.892014155164361, 2101834.362656974699348 ], [ 6006777.801683746278286, 2101851.197356213349849 ], [ 6006769.410030113533139, 2101868.940017105545849 ], [ 6006762.797869469039142, 2101887.41976812761277 ], [ 6006758.028880534693599, 2101906.458639175165445 ], [ 6006755.148991281166673, 2101925.873275512829423 ], [ 6006754.185936615802348, 2101945.476703578606248 ], [ 6006755.148991281166673, 2101965.080131644383073 ], [ 6006758.028880534693599, 2101984.494767982047051 ], [ 6006762.797869469039142, 2102003.533639029599726 ], [ 6006769.410030113533139, 2102022.013390051666647 ], [ 6006777.801683746278286, 2102039.756050943862647 ], [ 6006787.892014155164361, 2102056.590750182513148 ], [ 6006799.583845943212509, 2102072.35536041110754 ], [ 6006812.764580378308892, 2102086.898059816099703 ], [ 6006827.307279783301055, 2102100.078794251196086 ], [ 6006843.071890011429787, 2102111.770626039244235 ], [ 6006859.90658925101161, 2102121.86095644813031 ], [ 6006877.64925014320761, 2102130.252610080875456 ], [ 6006896.129001164808869, 2102136.864770724903792 ], [ 6006906.874525510706007, 2102139.556384454015642 ], [ 6006904.450545638799667, 2102155.897529395762831 ], [ 6006903.487490973435342, 2102175.500957461539656 ], [ 6006904.450545638799667, 2102195.104385527316481 ], [ 6006907.330434892326593, 2102214.519021864980459 ], [ 6006912.099423826672137, 2102233.557892912533134 ], [ 6006918.711584471166134, 2102252.037643934600055 ], [ 6006927.103238103911281, 2102269.780304826796055 ], [ 6006937.193568512797356, 2102286.615004065446556 ], [ 6006948.885400300845504, 2102302.379614294040948 ], [ 6006962.066134735941887, 2102316.922313699033111 ], [ 6006976.60883414093405, 2102330.103048134129494 ], [ 6006992.373444369062781, 2102341.794879922177643 ], [ 6007009.208143608644605, 2102351.885210331063718 ], [ 6007026.950804500840604, 2102360.276863963808864 ], [ 6007045.430555522441864, 2102366.8890246078372 ], [ 6007064.4694265704602, 2102371.658013542182744 ], [ 6007083.884062907658517, 2102374.537902796175331 ], [ 6007103.487490973435342, 2102375.500957461539656 ], [ 6007123.090919039212167, 2102374.537902796175331 ], [ 6007142.505555376410484, 2102371.658013542182744 ], [ 6007161.544426424428821, 2102366.8890246078372 ], [ 6007180.02417744603008, 2102360.276863963808864 ], [ 6007197.76683833822608, 2102351.885210331063718 ], [ 6007214.601537577807903, 2102341.794879922177643 ], [ 6007230.366147805936635, 2102330.103048134129494 ], [ 6007235.945456686429679, 2102325.046257325448096 ], [ 6007242.868828190490603, 2102322.569035390391946 ], [ 6007260.611489082686603, 2102314.177381757646799 ], [ 6007277.446188322268426, 2102304.087051348760724 ], [ 6007293.210798550397158, 2102292.395219560712576 ], [ 6007307.753497955389321, 2102279.214485125616193 ], [ 6007320.934232390485704, 2102264.67178572062403 ], [ 6007332.626064178533852, 2102248.907175492029637 ], [ 6007342.716394587419927, 2102232.072476253379136 ], [ 6007351.108048220165074, 2102214.329815361183137 ], [ 6007357.720208864659071, 2102195.850064339116216 ], [ 6007362.489197799004614, 2102176.811193291563541 ], [ 6007365.36908705253154, 2102157.396556953899562 ], [ 6007366.332141717895865, 2102137.793128888122737 ], [ 6007365.36908705253154, 2102118.189700822345912 ], [ 6007362.489197799004614, 2102098.775064484681934 ], [ 6007357.720208864659071, 2102079.736193437129259 ], [ 6007351.108048220165074, 2102061.256442415062338 ], [ 6007342.716394587419927, 2102043.513781522866338 ], [ 6007332.626064178533852, 2102026.679082284215838 ], [ 6007320.934232390485704, 2102010.914472055621445 ], [ 6007307.753497955389321, 2101996.371772650629282 ], [ 6007293.210798550397158, 2101983.191038215532899 ], [ 6007277.446188322268426, 2101971.499206427484751 ], [ 6007260.611489082686603, 2101961.408876018598676 ], [ 6007242.868828190490603, 2101953.017222385853529 ], [ 6007224.389077168889344, 2101946.405061741825193 ], [ 6007205.350206120871007, 2101941.63607280747965 ], [ 6007185.93556978367269, 2101938.756183553487062 ], [ 6007166.332141717895865, 2101937.793128888122737 ], [ 6007153.838619255460799, 2101938.406896288972348 ], [ 6007153.222881950438023, 2101925.873275512829423 ], [ 6007150.342992696911097, 2101906.458639175165445 ], [ 6007145.574003762565553, 2101887.41976812761277 ], [ 6007138.961843118071556, 2101868.940017105545849 ], [ 6007130.570189485326409, 2101851.197356213349849 ], [ 6007120.479859076440334, 2101834.362656974699348 ], [ 6007108.788027288392186, 2101818.598046746104956 ] ] ], [ [ [ 6014851.287361977621913, 2103721.308141921181232 ], [ 6014838.10662754252553, 2103706.765442516189069 ], [ 6014823.563928137533367, 2103693.584708081092685 ], [ 6014807.799317909404635, 2103681.892876293044537 ], [ 6014790.964618669822812, 2103671.802545884158462 ], [ 6014773.221957777626812, 2103663.410892251413316 ], [ 6014754.742206756025553, 2103656.79873160738498 ], [ 6014735.703335708007216, 2103652.029742673039436 ], [ 6014716.288699370808899, 2103649.149853419046849 ], [ 6014696.685271305032074, 2103648.186798753682524 ], [ 6014677.08184323925525, 2103649.149853419046849 ], [ 6014657.667206902056932, 2103652.029742673039436 ], [ 6014638.628335854038596, 2103656.79873160738498 ], [ 6014620.148584832437336, 2103663.410892251413316 ], [ 6014602.405923940241337, 2103671.802545884158462 ], [ 6014597.928822011686862, 2103674.486017509829253 ], [ 6014597.404208451509476, 2103674.237893774639815 ], [ 6014578.924457429908216, 2103667.625733130611479 ], [ 6014559.88558638188988, 2103662.856744196265936 ], [ 6014540.470950044691563, 2103659.976854942273349 ], [ 6014520.867521978914738, 2103659.013800276909024 ], [ 6014501.264093913137913, 2103659.976854942273349 ], [ 6014481.849457575939596, 2103662.856744196265936 ], [ 6014462.810586527921259, 2103667.625733130611479 ], [ 6014444.33083550632, 2103674.237893774639815 ], [ 6014426.588174614124, 2103682.629547407384962 ], [ 6014409.753475374542177, 2103692.719877816271037 ], [ 6014393.988865146413445, 2103704.411709604319185 ], [ 6014379.446165741421282, 2103717.592444039415568 ], [ 6014366.265431306324899, 2103732.135143444407731 ], [ 6014354.573599518276751, 2103747.899753673002124 ], [ 6014344.483269109390676, 2103764.734452911652625 ], [ 6014336.091615476645529, 2103782.477113803848624 ], [ 6014329.479454832151532, 2103800.956864825915545 ], [ 6014324.710465897805989, 2103819.99573587346822 ], [ 6014321.830576644279063, 2103839.410372211132199 ], [ 6014320.867521978914738, 2103859.013800276909024 ], [ 6014321.830576644279063, 2103878.617228342685848 ], [ 6014324.710465897805989, 2103898.031864680349827 ], [ 6014329.479454832151532, 2103917.070735727902502 ], [ 6014336.091615476645529, 2103935.550486749969423 ], [ 6014344.483269109390676, 2103953.293147642165422 ], [ 6014354.573599518276751, 2103970.127846880815923 ], [ 6014366.265431306324899, 2103985.892457109410316 ], [ 6014379.446165741421282, 2104000.435156514402479 ], [ 6014393.988865146413445, 2104013.615890949498862 ], [ 6014409.753475374542177, 2104025.30772273754701 ], [ 6014426.588174614124, 2104035.398053146433085 ], [ 6014444.33083550632, 2104043.789706779178232 ], [ 6014462.810586527921259, 2104050.401867423206568 ], [ 6014481.849457575939596, 2104055.170856357552111 ], [ 6014501.264093913137913, 2104058.050745611544698 ], [ 6014520.867521978914738, 2104059.013800276909024 ], [ 6014540.470950044691563, 2104058.050745611544698 ], [ 6014559.88558638188988, 2104055.170856357552111 ], [ 6014578.924457429908216, 2104050.401867423206568 ], [ 6014597.404208451509476, 2104043.789706779178232 ], [ 6014615.146869343705475, 2104035.398053146433085 ], [ 6014619.623971272259951, 2104032.714581520762295 ], [ 6014620.148584832437336, 2104032.962705255951732 ], [ 6014638.628335854038596, 2104039.574865899980068 ], [ 6014657.667206902056932, 2104044.343854834325612 ], [ 6014677.08184323925525, 2104047.223744088318199 ], [ 6014696.685271305032074, 2104048.186798753682524 ], [ 6014716.288699370808899, 2104047.223744088318199 ], [ 6014735.703335708007216, 2104044.343854834325612 ], [ 6014754.742206756025553, 2104039.574865899980068 ], [ 6014773.221957777626812, 2104032.962705255951732 ], [ 6014790.964618669822812, 2104024.571051623206586 ], [ 6014807.799317909404635, 2104014.480721214320511 ], [ 6014823.563928137533367, 2104002.788889426272362 ], [ 6014838.10662754252553, 2103989.608154991175979 ], [ 6014851.287361977621913, 2103975.065455586183816 ], [ 6014862.979193765670061, 2103959.300845357589424 ], [ 6014873.069524174556136, 2103942.466146118938923 ], [ 6014881.461177807301283, 2103924.723485226742923 ], [ 6014888.07333845179528, 2103906.243734204676002 ], [ 6014892.842327386140823, 2103887.204863157123327 ], [ 6014895.722216639667749, 2103867.790226819459349 ], [ 6014896.685271305032074, 2103848.186798753682524 ], [ 6014895.722216639667749, 2103828.583370687905699 ], [ 6014892.842327386140823, 2103809.168734350241721 ], [ 6014888.07333845179528, 2103790.129863302689046 ], [ 6014881.461177807301283, 2103771.650112280622125 ], [ 6014873.069524174556136, 2103753.907451388426125 ], [ 6014862.979193765670061, 2103737.072752149775624 ], [ 6014851.287361977621913, 2103721.308141921181232 ] ] ], [ [ [ 6006854.652325498871505, 2106485.529156992211938 ], [ 6006841.471591063775122, 2106470.986457587219775 ], [ 6006826.928891658782959, 2106457.805723152123392 ], [ 6006811.164281430654228, 2106446.113891364075243 ], [ 6006794.329582191072404, 2106436.023560955189168 ], [ 6006776.586921298876405, 2106427.631907322444022 ], [ 6006758.107170277275145, 2106421.019746678415686 ], [ 6006739.068299229256809, 2106416.250757744070143 ], [ 6006719.653662892058492, 2106413.370868490077555 ], [ 6006700.050234826281667, 2106412.40781382471323 ], [ 6006680.446806760504842, 2106413.370868490077555 ], [ 6006661.032170423306525, 2106416.250757744070143 ], [ 6006641.993299375288188, 2106421.019746678415686 ], [ 6006623.513548353686929, 2106427.631907322444022 ], [ 6006605.770887461490929, 2106436.023560955189168 ], [ 6006588.936188221909106, 2106446.113891364075243 ], [ 6006573.171577993780375, 2106457.805723152123392 ], [ 6006558.628878588788211, 2106470.986457587219775 ], [ 6006545.448144153691828, 2106485.529156992211938 ], [ 6006533.75631236564368, 2106501.29376722080633 ], [ 6006523.665981956757605, 2106518.128466459456831 ], [ 6006515.274328324012458, 2106535.871127351652831 ], [ 6006508.662167679518461, 2106554.350878373719752 ], [ 6006503.893178745172918, 2106573.389749421272427 ], [ 6006501.013289491645992, 2106592.804385758936405 ], [ 6006500.050234826281667, 2106612.40781382471323 ], [ 6006501.013289491645992, 2106632.011241890490055 ], [ 6006503.893178745172918, 2106651.425878228154033 ], [ 6006508.662167679518461, 2106670.464749275706708 ], [ 6006515.274328324012458, 2106688.944500297773629 ], [ 6006523.665981956757605, 2106706.687161189969629 ], [ 6006533.75631236564368, 2106723.52186042862013 ], [ 6006545.448144153691828, 2106739.286470657214522 ], [ 6006558.628878588788211, 2106753.829170062206686 ], [ 6006573.171577993780375, 2106767.009904497303069 ], [ 6006588.936188221909106, 2106778.701736285351217 ], [ 6006605.770887461490929, 2106788.792066694237292 ], [ 6006623.513548353686929, 2106797.183720326982439 ], [ 6006641.993299375288188, 2106803.795880971010774 ], [ 6006648.161657893098891, 2106805.3409743453376 ], [ 6006647.178900476545095, 2106811.966186696197838 ], [ 6006646.21584581118077, 2106831.569614761974663 ], [ 6006647.178900476545095, 2106851.173042827751487 ], [ 6006650.058789730072021, 2106870.587679165415466 ], [ 6006654.827778664417565, 2106889.626550212968141 ], [ 6006661.439939308911562, 2106908.106301235035062 ], [ 6006669.831592941656709, 2106925.848962127231061 ], [ 6006679.921923350542784, 2106942.683661365881562 ], [ 6006691.613755138590932, 2106958.448271594475955 ], [ 6006704.794489573687315, 2106972.990970999468118 ], [ 6006719.337188978679478, 2106986.171705434564501 ], [ 6006735.101799206808209, 2106997.863537222612649 ], [ 6006751.936498446390033, 2107007.953867631498724 ], [ 6006769.679159338586032, 2107016.345521264243871 ], [ 6006788.158910360187292, 2107022.957681908272207 ], [ 6006807.197781408205628, 2107027.72667084261775 ], [ 6006826.612417745403945, 2107030.606560096610337 ], [ 6006846.21584581118077, 2107031.569614761974663 ], [ 6006865.819273876957595, 2107030.606560096610337 ], [ 6006885.233910214155912, 2107027.72667084261775 ], [ 6006904.272781262174249, 2107022.957681908272207 ], [ 6006922.752532283775508, 2107016.345521264243871 ], [ 6006940.495193175971508, 2107007.953867631498724 ], [ 6006956.908974983729422, 2106998.115825422108173 ], [ 6006964.439873548224568, 2106996.229433533269912 ], [ 6006982.919624569825828, 2106989.617272889241576 ], [ 6007000.662285462021828, 2106981.225619256496429 ], [ 6007017.496984701603651, 2106971.135288847610354 ], [ 6007033.261594929732382, 2106959.443457059562206 ], [ 6007047.804294334724545, 2106946.262722624465823 ], [ 6007060.985028769820929, 2106931.72002321947366 ], [ 6007072.676860557869077, 2106915.955412990879267 ], [ 6007082.767190966755152, 2106899.120713752228767 ], [ 6007091.158844599500299, 2106881.378052860032767 ], [ 6007097.771005243994296, 2106862.898301837965846 ], [ 6007102.539994178339839, 2106843.859430790413171 ], [ 6007105.419883431866765, 2106824.444794452749193 ], [ 6007106.38293809723109, 2106804.841366386972368 ], [ 6007105.419883431866765, 2106785.237938321195543 ], [ 6007102.539994178339839, 2106765.823301983531564 ], [ 6007097.771005243994296, 2106746.784430935978889 ], [ 6007091.158844599500299, 2106728.304679913911968 ], [ 6007082.767190966755152, 2106710.562019021715969 ], [ 6007072.676860557869077, 2106693.727319783065468 ], [ 6007060.985028769820929, 2106677.962709554471076 ], [ 6007047.804294334724545, 2106663.420010149478912 ], [ 6007033.261594929732382, 2106650.239275714382529 ], [ 6007017.496984701603651, 2106638.547443926334381 ], [ 6007000.662285462021828, 2106628.457113517448306 ], [ 6006982.919624569825828, 2106620.065459884703159 ], [ 6006964.439873548224568, 2106613.453299240674824 ], [ 6006945.401002500206232, 2106608.68431030632928 ], [ 6006925.986366163007915, 2106605.804421052336693 ], [ 6006906.38293809723109, 2106604.841366386972368 ], [ 6006899.694660904817283, 2106605.169940375722945 ], [ 6006899.087180160917342, 2106592.804385758936405 ], [ 6006896.207290907390416, 2106573.389749421272427 ], [ 6006891.438301973044872, 2106554.350878373719752 ], [ 6006884.826141328550875, 2106535.871127351652831 ], [ 6006876.434487695805728, 2106518.128466459456831 ], [ 6006866.344157286919653, 2106501.29376722080633 ], [ 6006854.652325498871505, 2106485.529156992211938 ] ] ], [ [ [ 6014278.069501779042184, 2110536.631977206096053 ], [ 6014263.526802374050021, 2110523.45124277099967 ], [ 6014247.76219214592129, 2110511.759410982951522 ], [ 6014230.927492906339467, 2110501.669080574065447 ], [ 6014213.184832014143467, 2110493.2774269413203 ], [ 6014194.705080992542207, 2110486.665266297291964 ], [ 6014175.666209944523871, 2110481.896277362946421 ], [ 6014156.251573607325554, 2110479.016388108953834 ], [ 6014136.648145541548729, 2110478.053333443589509 ], [ 6014117.044717475771904, 2110479.016388108953834 ], [ 6014097.630081138573587, 2110481.896277362946421 ], [ 6014078.591210090555251, 2110486.665266297291964 ], [ 6014060.111459068953991, 2110493.2774269413203 ], [ 6014042.368798176757991, 2110501.669080574065447 ], [ 6014025.534098937176168, 2110511.759410982951522 ], [ 6014009.769488709047437, 2110523.45124277099967 ], [ 6013995.226789304055274, 2110536.631977206096053 ], [ 6013982.04605486895889, 2110551.174676611088216 ], [ 6013970.354223080910742, 2110566.939286839682609 ], [ 6013960.263892672024667, 2110583.77398607833311 ], [ 6013951.872239039279521, 2110601.516646970529109 ], [ 6013949.953753863461316, 2110606.878453843295574 ], [ 6013942.511144096031785, 2110615.090108297765255 ], [ 6013930.819312307983637, 2110630.854718526359648 ], [ 6013923.500050310976803, 2110643.066169428639114 ], [ 6013911.608843022957444, 2110647.320911429356784 ], [ 6013893.866182130761445, 2110655.71256506210193 ], [ 6013877.031482891179621, 2110665.802895470988005 ], [ 6013861.26687266305089, 2110677.494727259036154 ], [ 6013846.724173258058727, 2110690.675461694132537 ], [ 6013833.543438822962344, 2110705.2181610991247 ], [ 6013821.851607034914196, 2110720.982771327719092 ], [ 6013811.761276626028121, 2110737.817470566369593 ], [ 6013803.369622993282974, 2110755.560131458565593 ], [ 6013796.757462348788977, 2110774.039882480632514 ], [ 6013791.988473414443433, 2110793.078753528185189 ], [ 6013789.108584160916507, 2110812.493389865849167 ], [ 6013788.145529495552182, 2110832.096817931625992 ], [ 6013789.108584160916507, 2110851.700245997402817 ], [ 6013791.988473414443433, 2110871.114882335066795 ], [ 6013796.757462348788977, 2110890.15375338261947 ], [ 6013803.369622993282974, 2110908.633504404686391 ], [ 6013811.761276626028121, 2110926.376165296882391 ], [ 6013821.851607034914196, 2110943.210864535532892 ], [ 6013833.543438822962344, 2110958.975474764127284 ], [ 6013846.724173258058727, 2110973.518174169119447 ], [ 6013861.26687266305089, 2110986.698908604215831 ], [ 6013877.031482891179621, 2110998.390740392263979 ], [ 6013879.522933958098292, 2110999.884058692958206 ], [ 6013885.994691199623048, 2111008.610213179141283 ], [ 6013899.175425634719431, 2111023.152912584133446 ], [ 6013913.718125039711595, 2111036.333647019229829 ], [ 6013929.482735267840326, 2111048.025478807277977 ], [ 6013946.317434507422149, 2111058.115809216164052 ], [ 6013964.060095399618149, 2111066.507462848909199 ], [ 6013982.539846421219409, 2111073.119623492937535 ], [ 6014001.578717469237745, 2111077.888612427283078 ], [ 6014020.993353806436062, 2111080.768501681275666 ], [ 6014040.596781872212887, 2111081.731556346639991 ], [ 6014060.200209937989712, 2111080.768501681275666 ], [ 6014079.614846275188029, 2111077.888612427283078 ], [ 6014098.653717323206365, 2111073.119623492937535 ], [ 6014117.133468344807625, 2111066.507462848909199 ], [ 6014134.876129237003624, 2111058.115809216164052 ], [ 6014151.710828476585448, 2111048.025478807277977 ], [ 6014167.475438704714179, 2111036.333647019229829 ], [ 6014182.018138109706342, 2111023.152912584133446 ], [ 6014195.198872544802725, 2111008.610213179141283 ], [ 6014200.275657050311565, 2111001.764961692038924 ], [ 6014203.967520420439541, 2110999.552143945358694 ], [ 6014219.732130648568273, 2110987.860312157310545 ], [ 6014234.274830053560436, 2110974.679577722214162 ], [ 6014247.455564488656819, 2110960.136878317221999 ], [ 6014259.147396276704967, 2110944.372268088627607 ], [ 6014264.073387955315411, 2110936.153747485019267 ], [ 6014264.928661028854549, 2110935.519433742854744 ], [ 6014279.471360433846712, 2110922.338699307758361 ], [ 6014292.652094868943095, 2110907.795999902766198 ], [ 6014304.343926656991243, 2110892.031389674171805 ], [ 6014314.434257065877318, 2110875.196690435521305 ], [ 6014322.825910698622465, 2110857.454029543325305 ], [ 6014329.438071343116462, 2110838.974278521258384 ], [ 6014334.207060277462006, 2110819.935407473705709 ], [ 6014337.086949530988932, 2110800.520771136041731 ], [ 6014338.050004196353257, 2110780.917343070264906 ], [ 6014337.086949530988932, 2110761.313915004488081 ], [ 6014334.207060277462006, 2110741.899278666824102 ], [ 6014330.396600753068924, 2110726.687071525491774 ], [ 6014332.805201622657478, 2110717.071397847030312 ], [ 6014335.685090876184404, 2110697.656761509366333 ], [ 6014336.648145541548729, 2110678.053333443589509 ], [ 6014335.685090876184404, 2110658.449905377812684 ], [ 6014332.805201622657478, 2110639.035269040148705 ], [ 6014328.036212688311934, 2110619.99639799259603 ], [ 6014321.424052043817937, 2110601.516646970529109 ], [ 6014313.032398411072791, 2110583.77398607833311 ], [ 6014302.942068002186716, 2110566.939286839682609 ], [ 6014291.250236214138567, 2110551.174676611088216 ], [ 6014278.069501779042184, 2110536.631977206096053 ] ] ], [ [ [ 6008547.259692964144051, 2111556.651219999417663 ], [ 6008532.716993559151888, 2111543.47048556432128 ], [ 6008516.952383331023157, 2111531.778653776273131 ], [ 6008500.117684091441333, 2111521.688323367387056 ], [ 6008482.375023199245334, 2111513.29666973464191 ], [ 6008463.895272177644074, 2111506.684509090613574 ], [ 6008444.856401129625738, 2111501.91552015626803 ], [ 6008425.441764792427421, 2111499.035630902275443 ], [ 6008405.838336726650596, 2111498.072576236911118 ], [ 6008386.234908660873771, 2111499.035630902275443 ], [ 6008366.820272323675454, 2111501.91552015626803 ], [ 6008347.781401275657117, 2111506.684509090613574 ], [ 6008329.301650254055858, 2111513.29666973464191 ], [ 6008311.558989361859858, 2111521.688323367387056 ], [ 6008294.724290122278035, 2111531.778653776273131 ], [ 6008278.959679894149303, 2111543.47048556432128 ], [ 6008264.41698048915714, 2111556.651219999417663 ], [ 6008251.236246054060757, 2111571.193919404409826 ], [ 6008239.544414266012609, 2111586.958529633004218 ], [ 6008231.596148388460279, 2111600.219410109333694 ], [ 6008228.14130952116102, 2111602.781693242490292 ], [ 6008213.598610116168857, 2111615.962427677586675 ], [ 6008200.417875681072474, 2111630.505127082578838 ], [ 6008188.726043893024325, 2111646.26973731117323 ], [ 6008178.63571348413825, 2111663.104436549823731 ], [ 6008170.244059851393104, 2111680.847097442019731 ], [ 6008163.631899206899107, 2111699.326848464086652 ], [ 6008158.862910272553563, 2111718.365719511639327 ], [ 6008155.983021019026637, 2111737.780355849303305 ], [ 6008155.019966353662312, 2111757.38378391508013 ], [ 6008155.983021019026637, 2111776.987211980856955 ], [ 6008158.862910272553563, 2111796.401848318520933 ], [ 6008163.631899206899107, 2111815.440719366073608 ], [ 6008170.244059851393104, 2111833.920470388140529 ], [ 6008178.63571348413825, 2111851.663131280336529 ], [ 6008188.726043893024325, 2111868.49783051898703 ], [ 6008200.417875681072474, 2111884.262440747581422 ], [ 6008213.598610116168857, 2111898.805140152573586 ], [ 6008228.14130952116102, 2111911.985874587669969 ], [ 6008243.905919749289751, 2111923.677706375718117 ], [ 6008260.740618988871574, 2111933.768036784604192 ], [ 6008278.483279881067574, 2111942.159690417349339 ], [ 6008296.963030902668834, 2111948.771851061377674 ], [ 6008308.867482289671898, 2111951.75376090221107 ], [ 6008308.840471880510449, 2111951.798825047910213 ], [ 6008300.448818247765303, 2111969.541485940106213 ], [ 6008293.836657603271306, 2111988.021236962173134 ], [ 6008289.067668668925762, 2112007.060108009725809 ], [ 6008286.187779415398836, 2112026.474744347389787 ], [ 6008285.224724750034511, 2112046.078172413166612 ], [ 6008286.187779415398836, 2112065.681600478943437 ], [ 6008289.067668668925762, 2112085.096236816607416 ], [ 6008293.836657603271306, 2112104.135107864160091 ], [ 6008300.448818247765303, 2112122.614858886227012 ], [ 6008308.840471880510449, 2112140.357519778423011 ], [ 6008318.930802289396524, 2112157.192219017073512 ], [ 6008330.622634077444673, 2112172.956829245667905 ], [ 6008343.803368512541056, 2112187.499528650660068 ], [ 6008358.346067917533219, 2112200.680263085756451 ], [ 6008374.11067814566195, 2112212.372094873804599 ], [ 6008390.945377385243773, 2112222.462425282690674 ], [ 6008408.688038277439773, 2112230.854078915435821 ], [ 6008427.167789299041033, 2112237.466239559464157 ], [ 6008446.206660347059369, 2112242.2352284938097 ], [ 6008465.621296684257686, 2112245.115117747802287 ], [ 6008485.224724750034511, 2112246.078172413166612 ], [ 6008504.828152815811336, 2112245.115117747802287 ], [ 6008524.242789153009653, 2112242.2352284938097 ], [ 6008543.281660201027989, 2112237.466239559464157 ], [ 6008561.761411222629249, 2112230.854078915435821 ], [ 6008579.504072114825249, 2112222.462425282690674 ], [ 6008588.922778200358152, 2112216.817070110235363 ], [ 6008604.752471041865647, 2112220.782201750669628 ], [ 6008624.167107379063964, 2112223.662091004662216 ], [ 6008643.770535444840789, 2112224.625145670026541 ], [ 6008663.373963510617614, 2112223.662091004662216 ], [ 6008682.788599847815931, 2112220.782201750669628 ], [ 6008683.132529833354056, 2112220.696051774080843 ], [ 6008680.725230528973043, 2112236.924745463300496 ], [ 6008679.762175863608718, 2112256.528173529077321 ], [ 6008680.725230528973043, 2112276.131601594854146 ], [ 6008683.605119782499969, 2112295.546237932518125 ], [ 6008688.374108716845512, 2112314.5851089800708 ], [ 6008694.986269361339509, 2112333.064860002137721 ], [ 6008703.377922994084656, 2112350.80752089433372 ], [ 6008713.468253402970731, 2112367.642220132984221 ], [ 6008725.160085191018879, 2112383.406830361578614 ], [ 6008738.340819626115263, 2112397.949529766570777 ], [ 6008752.883519031107426, 2112411.13026420166716 ], [ 6008768.648129259236157, 2112422.822095989715308 ], [ 6008785.48282849881798, 2112432.912426398601383 ], [ 6008803.22548939101398, 2112441.30408003134653 ], [ 6008821.70524041261524, 2112447.916240675374866 ], [ 6008840.744111460633576, 2112452.685229609720409 ], [ 6008860.158747797831893, 2112455.565118863712996 ], [ 6008879.762175863608718, 2112456.528173529077321 ], [ 6008899.365603929385543, 2112455.565118863712996 ], [ 6008918.78024026658386, 2112452.685229609720409 ], [ 6008937.819111314602196, 2112447.916240675374866 ], [ 6008956.298862336203456, 2112441.30408003134653 ], [ 6008974.041523228399456, 2112432.912426398601383 ], [ 6008990.876222467981279, 2112422.822095989715308 ], [ 6009006.64083269611001, 2112411.13026420166716 ], [ 6009015.357853461056948, 2112403.229617109056562 ], [ 6009024.825881781987846, 2112399.841902406420559 ], [ 6009042.568542674183846, 2112391.450248773675412 ], [ 6009059.403241913765669, 2112381.359918364789337 ], [ 6009075.1678521418944, 2112369.668086576741189 ], [ 6009089.710551546886563, 2112356.487352141644806 ], [ 6009102.891285981982946, 2112341.944652736652642 ], [ 6009114.583117770031095, 2112326.18004250805825 ], [ 6009124.67344817891717, 2112309.345343269407749 ], [ 6009133.065101811662316, 2112291.60268237721175 ], [ 6009139.677262456156313, 2112273.122931355144829 ], [ 6009144.446251390501857, 2112254.084060307592154 ], [ 6009147.326140644028783, 2112234.669423969928175 ], [ 6009148.289195309393108, 2112215.06599590415135 ], [ 6009147.326140644028783, 2112195.462567838374525 ], [ 6009144.446251390501857, 2112176.047931500710547 ], [ 6009139.677262456156313, 2112157.009060453157872 ], [ 6009133.065101811662316, 2112138.529309431090951 ], [ 6009124.67344817891717, 2112120.786648538894951 ], [ 6009114.583117770031095, 2112103.951949300244451 ], [ 6009102.891285981982946, 2112088.187339071650058 ], [ 6009089.710551546886563, 2112073.644639666657895 ], [ 6009075.1678521418944, 2112060.463905231561512 ], [ 6009059.403241913765669, 2112048.772073443513364 ], [ 6009042.568542674183846, 2112038.681743034627289 ], [ 6009024.825881781987846, 2112030.290089401882142 ], [ 6009006.346130760386586, 2112023.677928757853806 ], [ 6008987.30725971236825, 2112018.908939823508263 ], [ 6008967.892623375169933, 2112016.029050569515675 ], [ 6008948.289195309393108, 2112015.06599590415135 ], [ 6008928.685767243616283, 2112016.029050569515675 ], [ 6008909.271130906417966, 2112018.908939823508263 ], [ 6008890.23225985839963, 2112023.677928757853806 ], [ 6008871.75250883679837, 2112030.290089401882142 ], [ 6008868.769498382695019, 2112031.700948272831738 ], [ 6008874.270390618592501, 2112016.32698439154774 ], [ 6008879.039379552938044, 2111997.288113343995064 ], [ 6008881.91926880646497, 2111977.873477006331086 ], [ 6008882.882323471829295, 2111958.270048940554261 ], [ 6008881.91926880646497, 2111938.666620874777436 ], [ 6008879.039379552938044, 2111919.251984537113458 ], [ 6008874.270390618592501, 2111900.213113489560783 ], [ 6008867.658229974098504, 2111881.733362467493862 ], [ 6008859.266576341353357, 2111863.990701575297862 ], [ 6008849.176245932467282, 2111847.156002336647362 ], [ 6008837.484414144419134, 2111831.391392108052969 ], [ 6008824.303679709322751, 2111816.848692703060806 ], [ 6008809.760980304330587, 2111803.667958267964423 ], [ 6008793.996370076201856, 2111791.976126479916275 ], [ 6008777.161670836620033, 2111781.8857960710302 ], [ 6008759.419009944424033, 2111773.494142438285053 ], [ 6008740.939258922822773, 2111766.881981794256717 ], [ 6008721.900387874804437, 2111762.112992859911174 ], [ 6008702.48575153760612, 2111759.233103605918586 ], [ 6008682.882323471829295, 2111758.270048940554261 ], [ 6008663.27889540605247, 2111759.233103605918586 ], [ 6008643.864259068854153, 2111762.112992859911174 ], [ 6008624.825388020835817, 2111766.881981794256717 ], [ 6008606.345636999234557, 2111773.494142438285053 ], [ 6008588.602976107038558, 2111781.8857960710302 ], [ 6008586.606820818968117, 2111783.082245506346226 ], [ 6008590.614243228919804, 2111774.609262709971517 ], [ 6008597.226403873413801, 2111756.129511687904596 ], [ 6008601.995392807759345, 2111737.090640640351921 ], [ 6008604.875282061286271, 2111717.676004302687943 ], [ 6008605.838336726650596, 2111698.072576236911118 ], [ 6008604.875282061286271, 2111678.469148171134293 ], [ 6008601.995392807759345, 2111659.054511833470315 ], [ 6008597.226403873413801, 2111640.01564078591764 ], [ 6008590.614243228919804, 2111621.535889763850719 ], [ 6008582.222589596174657, 2111603.793228871654719 ], [ 6008572.132259187288582, 2111586.958529633004218 ], [ 6008560.440427399240434, 2111571.193919404409826 ], [ 6008547.259692964144051, 2111556.651219999417663 ] ] ], [ [ [ 6010363.526804105378687, 2113294.28232377814129 ], [ 6010347.762193877249956, 2113282.590491990093142 ], [ 6010330.927494637668133, 2113272.500161581207067 ], [ 6010313.184833745472133, 2113264.10850794846192 ], [ 6010294.705082723870873, 2113257.496347304433584 ], [ 6010275.666211675852537, 2113252.727358370088041 ], [ 6010256.25157533865422, 2113249.847469116095454 ], [ 6010236.648147272877395, 2113248.884414450731128 ], [ 6010217.04471920710057, 2113249.847469116095454 ], [ 6010197.630082869902253, 2113252.727358370088041 ], [ 6010178.591211821883917, 2113257.496347304433584 ], [ 6010160.111460800282657, 2113264.10850794846192 ], [ 6010142.368799908086658, 2113272.500161581207067 ], [ 6010125.534100668504834, 2113282.590491990093142 ], [ 6010109.769490440376103, 2113294.28232377814129 ], [ 6010095.22679103538394, 2113307.463058213237673 ], [ 6010082.046056600287557, 2113322.005757618229836 ], [ 6010070.354224812239408, 2113337.770367846824229 ], [ 6010060.263894403353333, 2113354.60506708547473 ], [ 6010051.872240770608187, 2113372.347727977670729 ], [ 6010045.26008012611419, 2113390.82747899973765 ], [ 6010040.491091191768646, 2113409.866350047290325 ], [ 6010037.61120193824172, 2113429.280986384954304 ], [ 6010036.648147272877395, 2113448.884414450731128 ], [ 6010037.61120193824172, 2113468.487842516507953 ], [ 6010040.491091191768646, 2113487.902478854171932 ], [ 6010045.26008012611419, 2113506.941349901724607 ], [ 6010051.872240770608187, 2113525.421100923791528 ], [ 6010060.263894403353333, 2113543.163761815987527 ], [ 6010070.354224812239408, 2113559.998461054638028 ], [ 6010082.046056600287557, 2113575.763071283232421 ], [ 6010095.22679103538394, 2113590.305770688224584 ], [ 6010109.769490440376103, 2113603.486505123320967 ], [ 6010125.534100668504834, 2113615.178336911369115 ], [ 6010142.368799908086658, 2113625.26866732025519 ], [ 6010160.111460800282657, 2113633.660320953000337 ], [ 6010178.591211821883917, 2113640.272481597028673 ], [ 6010197.630082869902253, 2113645.041470531374216 ], [ 6010217.04471920710057, 2113647.921359785366803 ], [ 6010226.465172783471644, 2113648.384156992658973 ], [ 6010224.164622097276151, 2113651.486090508289635 ], [ 6010214.074291688390076, 2113668.320789746940136 ], [ 6010205.682638055644929, 2113686.063450639136136 ], [ 6010199.070477411150932, 2113704.543201661203057 ], [ 6010194.301488476805389, 2113723.582072708755732 ], [ 6010191.421599223278463, 2113742.99670904641971 ], [ 6010190.458544557914138, 2113762.600137112196535 ], [ 6010191.421599223278463, 2113782.20356517797336 ], [ 6010194.301488476805389, 2113801.618201515637338 ], [ 6010199.070477411150932, 2113820.657072563190013 ], [ 6010205.682638055644929, 2113839.136823585256934 ], [ 6010214.074291688390076, 2113856.879484477452934 ], [ 6010224.164622097276151, 2113873.714183716103435 ], [ 6010235.856453885324299, 2113889.478793944697827 ], [ 6010249.037188320420682, 2113904.02149334968999 ], [ 6010263.579887725412846, 2113917.202227784786373 ], [ 6010279.344497953541577, 2113928.894059572834522 ], [ 6010296.1791971931234, 2113938.984389981720597 ], [ 6010313.9218580853194, 2113947.376043614465743 ], [ 6010332.40160910692066, 2113953.988204258494079 ], [ 6010351.440480154938996, 2113958.757193192839622 ], [ 6010370.855116492137313, 2113961.63708244683221 ], [ 6010390.458544557914138, 2113962.600137112196535 ], [ 6010410.061972623690963, 2113961.63708244683221 ], [ 6010429.47660896088928, 2113958.757193192839622 ], [ 6010448.515480008907616, 2113953.988204258494079 ], [ 6010466.995231030508876, 2113947.376043614465743 ], [ 6010484.737891922704875, 2113938.984389981720597 ], [ 6010501.572591162286699, 2113928.894059572834522 ], [ 6010517.33720139041543, 2113917.202227784786373 ], [ 6010531.879900795407593, 2113904.02149334968999 ], [ 6010545.060635230503976, 2113889.478793944697827 ], [ 6010545.915464168414474, 2113888.326190549414605 ], [ 6010554.081741412170231, 2113886.280644586309791 ], [ 6010572.561492433771491, 2113879.668483942281455 ], [ 6010590.304153325967491, 2113871.276830309536308 ], [ 6010607.138852565549314, 2113861.186499900650233 ], [ 6010622.903462793678045, 2113849.494668112602085 ], [ 6010637.446162198670208, 2113836.313933677505702 ], [ 6010650.626896633766592, 2113821.771234272513539 ], [ 6010662.31872842181474, 2113806.006624043919146 ], [ 6010672.409058830700815, 2113789.171924805268645 ], [ 6010680.800712463445961, 2113771.429263913072646 ], [ 6010687.412873107939959, 2113752.949512891005725 ], [ 6010692.181862042285502, 2113733.91064184345305 ], [ 6010695.061751295812428, 2113714.496005505789071 ], [ 6010696.024805961176753, 2113694.892577440012246 ], [ 6010695.061751295812428, 2113675.289149374235421 ], [ 6010692.181862042285502, 2113655.874513036571443 ], [ 6010687.412873107939959, 2113636.835641989018768 ], [ 6010680.800712463445961, 2113618.355890966951847 ], [ 6010672.409058830700815, 2113600.613230074755847 ], [ 6010662.31872842181474, 2113583.778530836105347 ], [ 6010650.626896633766592, 2113568.013920607510954 ], [ 6010637.446162198670208, 2113553.471221202518791 ], [ 6010622.903462793678045, 2113540.290486767422408 ], [ 6010607.138852565549314, 2113528.59865497937426 ], [ 6010590.304153325967491, 2113518.508324570488185 ], [ 6010572.561492433771491, 2113510.116670937743038 ], [ 6010554.081741412170231, 2113503.504510293714702 ], [ 6010535.042870364151895, 2113498.735521359369159 ], [ 6010515.628234026953578, 2113495.855632105376571 ], [ 6010496.024805961176753, 2113494.892577440012246 ], [ 6010476.421377895399928, 2113495.855632105376571 ], [ 6010457.006741558201611, 2113498.735521359369159 ], [ 6010437.967870510183275, 2113503.504510293714702 ], [ 6010427.988301647827029, 2113507.07525712903589 ], [ 6010428.036214419640601, 2113506.941349901724607 ], [ 6010432.805203353986144, 2113487.902478854171932 ], [ 6010435.68509260751307, 2113468.487842516507953 ], [ 6010436.648147272877395, 2113448.884414450731128 ], [ 6010435.68509260751307, 2113429.280986384954304 ], [ 6010432.805203353986144, 2113409.866350047290325 ], [ 6010428.036214419640601, 2113390.82747899973765 ], [ 6010421.424053775146604, 2113372.347727977670729 ], [ 6010413.032400142401457, 2113354.60506708547473 ], [ 6010402.942069733515382, 2113337.770367846824229 ], [ 6010391.250237945467234, 2113322.005757618229836 ], [ 6010378.069503510370851, 2113307.463058213237673 ], [ 6010363.526804105378687, 2113294.28232377814129 ] ] ], [ [ [ 6010955.914937655441463, 2113853.998152006417513 ], [ 6010940.150327427312732, 2113842.306320218369365 ], [ 6010923.315628187730908, 2113832.21598980948329 ], [ 6010905.572967295534909, 2113823.824336176738143 ], [ 6010887.093216273933649, 2113817.212175532709807 ], [ 6010868.054345225915313, 2113812.443186598364264 ], [ 6010848.639708888716996, 2113809.563297344371676 ], [ 6010829.036280822940171, 2113808.600242679007351 ], [ 6010809.432852757163346, 2113809.563297344371676 ], [ 6010790.018216419965029, 2113812.443186598364264 ], [ 6010770.979345371946692, 2113817.212175532709807 ], [ 6010752.499594350345433, 2113823.824336176738143 ], [ 6010734.756933458149433, 2113832.21598980948329 ], [ 6010717.92223421856761, 2113842.306320218369365 ], [ 6010702.157623990438879, 2113853.998152006417513 ], [ 6010687.614924585446715, 2113867.178886441513896 ], [ 6010674.434190150350332, 2113881.721585846506059 ], [ 6010662.742358362302184, 2113897.486196075100452 ], [ 6010652.652027953416109, 2113914.320895313750952 ], [ 6010646.221002951264381, 2113927.918155258521438 ], [ 6010639.83361270558089, 2113933.707348324358463 ], [ 6010626.652878270484507, 2113948.250047729350626 ], [ 6010614.961046482436359, 2113964.014657957945019 ], [ 6010604.870716073550284, 2113980.84935719659552 ], [ 6010596.479062440805137, 2113998.592018088791519 ], [ 6010589.86690179631114, 2114017.07176911085844 ], [ 6010585.097912861965597, 2114036.110640158411115 ], [ 6010582.218023608438671, 2114055.525276496075094 ], [ 6010581.254968943074346, 2114075.128704561851919 ], [ 6010582.218023608438671, 2114094.732132627628744 ], [ 6010585.097912861965597, 2114114.146768965292722 ], [ 6010589.86690179631114, 2114133.185640012845397 ], [ 6010596.479062440805137, 2114151.665391034912318 ], [ 6010604.870716073550284, 2114169.408051927108318 ], [ 6010609.858914879150689, 2114177.730358852539212 ], [ 6010608.075722651556134, 2114189.751664387527853 ], [ 6010607.112667986191809, 2114209.355092453304678 ], [ 6010608.075722651556134, 2114228.958520519081503 ], [ 6010610.95561190508306, 2114248.373156856745481 ], [ 6010615.724600839428604, 2114267.412027904298156 ], [ 6010622.336761483922601, 2114285.891778926365077 ], [ 6010630.728415116667747, 2114303.634439818561077 ], [ 6010640.818745525553823, 2114320.469139057211578 ], [ 6010652.510577313601971, 2114336.23374928580597 ], [ 6010665.691311748698354, 2114350.776448690798134 ], [ 6010680.234011153690517, 2114363.957183125894517 ], [ 6010695.998621381819248, 2114375.649014913942665 ], [ 6010712.833320621401072, 2114385.73934532282874 ], [ 6010730.575981513597071, 2114394.130998955573887 ], [ 6010749.055732535198331, 2114400.743159599602222 ], [ 6010768.094603583216667, 2114405.512148533947766 ], [ 6010787.509239920414984, 2114408.392037787940353 ], [ 6010807.112667986191809, 2114409.355092453304678 ], [ 6010826.716096051968634, 2114408.392037787940353 ], [ 6010846.130732389166951, 2114405.512148533947766 ], [ 6010860.736032375134528, 2114401.853711337782443 ], [ 6010867.125275956466794, 2114415.362631889991462 ], [ 6010877.215606365352869, 2114432.197331128641963 ], [ 6010888.907438153401017, 2114447.961941357236356 ], [ 6010902.0881725884974, 2114462.504640762228519 ], [ 6010916.630871993489563, 2114475.685375197324902 ], [ 6010932.395482221618295, 2114487.37720698537305 ], [ 6010949.230181461200118, 2114497.467537394259125 ], [ 6010966.972842353396118, 2114505.859191027004272 ], [ 6010985.452593374997377, 2114512.471351671032608 ], [ 6011004.491464423015714, 2114517.240340605378151 ], [ 6011023.906100760214031, 2114520.120229859370738 ], [ 6011043.509528825990856, 2114521.083284524735063 ], [ 6011063.112956891767681, 2114520.120229859370738 ], [ 6011082.527593228965998, 2114517.240340605378151 ], [ 6011101.566464276984334, 2114512.471351671032608 ], [ 6011120.046215298585594, 2114505.859191027004272 ], [ 6011137.788876190781593, 2114497.467537394259125 ], [ 6011154.623575430363417, 2114487.37720698537305 ], [ 6011170.388185658492148, 2114475.685375197324902 ], [ 6011184.930885063484311, 2114462.504640762228519 ], [ 6011198.111619498580694, 2114447.961941357236356 ], [ 6011209.803451286628842, 2114432.197331128641963 ], [ 6011219.893781695514917, 2114415.362631889991462 ], [ 6011227.587884963490069, 2114399.094817329198122 ], [ 6011240.189121737144887, 2114385.191495065111667 ], [ 6011251.880953525193036, 2114369.426884836517274 ], [ 6011261.971283934079111, 2114352.592185597866774 ], [ 6011270.362937566824257, 2114334.849524705670774 ], [ 6011276.975098211318254, 2114316.369773683603853 ], [ 6011281.744087145663798, 2114297.330902636051178 ], [ 6011284.623976399190724, 2114277.9162662983872 ], [ 6011285.587031064555049, 2114258.312838232610375 ], [ 6011284.623976399190724, 2114238.70941016683355 ], [ 6011281.744087145663798, 2114219.294773829169571 ], [ 6011276.975098211318254, 2114200.255902781616896 ], [ 6011270.362937566824257, 2114181.776151759549975 ], [ 6011261.971283934079111, 2114164.033490867353976 ], [ 6011251.880953525193036, 2114147.198791628703475 ], [ 6011240.189121737144887, 2114131.434181400109082 ], [ 6011227.008387302048504, 2114116.891481995116919 ], [ 6011212.465687897056341, 2114103.710747560020536 ], [ 6011196.70107766892761, 2114092.018915771972388 ], [ 6011179.866378429345787, 2114081.928585363086313 ], [ 6011162.123717537149787, 2114073.536931730341166 ], [ 6011143.643966515548527, 2114066.92477108631283 ], [ 6011124.605095467530191, 2114062.155782151967287 ], [ 6011105.190459130331874, 2114059.2758928979747 ], [ 6011085.587031064555049, 2114058.312838232610375 ], [ 6011065.983602998778224, 2114059.2758928979747 ], [ 6011046.568966661579907, 2114062.155782151967287 ], [ 6011027.530095613561571, 2114066.92477108631283 ], [ 6011019.271265496499836, 2114069.879827753640711 ], [ 6011020.424347969703376, 2114066.65717813000083 ], [ 6011025.19333690404892, 2114047.618307082448155 ], [ 6011028.073226157575846, 2114028.203670744784176 ], [ 6011029.036280822940171, 2114008.600242679007351 ], [ 6011028.073226157575846, 2113988.996814613230526 ], [ 6011025.19333690404892, 2113969.582178275566548 ], [ 6011020.424347969703376, 2113950.543307228013873 ], [ 6011013.812187325209379, 2113932.063556205946952 ], [ 6011005.420533692464232, 2113914.320895313750952 ], [ 6010995.330203283578157, 2113897.486196075100452 ], [ 6010983.638371495530009, 2113881.721585846506059 ], [ 6010970.457637060433626, 2113867.178886441513896 ], [ 6010955.914937655441463, 2113853.998152006417513 ] ] ], [ [ [ 6012167.383412594906986, 2115019.177851808257401 ], [ 6012152.840713189914823, 2115005.997117373161018 ], [ 6012137.076102961786091, 2114994.30528558511287 ], [ 6012120.241403722204268, 2114984.214955176226795 ], [ 6012102.498742830008268, 2114975.823301543481648 ], [ 6012084.018991808407009, 2114969.211140899453312 ], [ 6012064.980120760388672, 2114964.442151965107769 ], [ 6012045.565484423190355, 2114961.562262711115181 ], [ 6012025.96205635741353, 2114960.599208045750856 ], [ 6012006.358628291636705, 2114961.562262711115181 ], [ 6011986.943991954438388, 2114964.442151965107769 ], [ 6011967.905120906420052, 2114969.211140899453312 ], [ 6011949.425369884818792, 2114975.823301543481648 ], [ 6011931.682708992622793, 2114984.214955176226795 ], [ 6011914.848009753040969, 2114994.30528558511287 ], [ 6011899.083399524912238, 2115005.997117373161018 ], [ 6011884.540700119920075, 2115019.177851808257401 ], [ 6011871.359965684823692, 2115033.720551213249564 ], [ 6011859.668133896775544, 2115049.485161441843957 ], [ 6011849.577803487889469, 2115066.319860680494457 ], [ 6011841.186149855144322, 2115084.062521572690457 ], [ 6011834.573989210650325, 2115102.542272594757378 ], [ 6011829.805000276304781, 2115121.581143642310053 ], [ 6011826.925111022777855, 2115140.995779979974031 ], [ 6011825.96205635741353, 2115160.599208045750856 ], [ 6011826.925111022777855, 2115180.202636111527681 ], [ 6011829.805000276304781, 2115199.61727244919166 ], [ 6011834.573989210650325, 2115218.656143496744335 ], [ 6011841.186149855144322, 2115237.135894518811256 ], [ 6011847.034979586489499, 2115249.502205985598266 ], [ 6011846.275259798392653, 2115251.625480553135276 ], [ 6011841.50627086404711, 2115270.664351600687951 ], [ 6011838.626381610520184, 2115290.078987938351929 ], [ 6011837.663326945155859, 2115309.682416004128754 ], [ 6011838.626381610520184, 2115329.285844069905579 ], [ 6011841.50627086404711, 2115348.700480407569557 ], [ 6011846.275259798392653, 2115367.739351455122232 ], [ 6011852.887420442886651, 2115386.219102477189153 ], [ 6011861.279074075631797, 2115403.961763369385153 ], [ 6011871.369404484517872, 2115420.796462608035654 ], [ 6011883.06123627256602, 2115436.561072836630046 ], [ 6011896.241970707662404, 2115451.10377224162221 ], [ 6011910.784670112654567, 2115464.284506676718593 ], [ 6011926.549280340783298, 2115475.976338464766741 ], [ 6011943.383979580365121, 2115486.066668873652816 ], [ 6011961.126640472561121, 2115494.458322506397963 ], [ 6011979.606391494162381, 2115501.070483150426298 ], [ 6011989.848809435032308, 2115503.636075285729021 ], [ 6011997.597525574266911, 2115516.564027136191726 ], [ 6012009.289357362315059, 2115532.328637364786118 ], [ 6012022.470091797411442, 2115546.871336769778281 ], [ 6012037.012791202403605, 2115560.052071204874665 ], [ 6012052.777401430532336, 2115571.743902992922813 ], [ 6012069.61210067011416, 2115581.834233401808888 ], [ 6012087.354761562310159, 2115590.225887034554034 ], [ 6012105.834512583911419, 2115596.83804767858237 ], [ 6012124.873383631929755, 2115601.607036612927914 ], [ 6012144.288019969128072, 2115604.486925866920501 ], [ 6012163.891448034904897, 2115605.449980532284826 ], [ 6012183.494876100681722, 2115604.486925866920501 ], [ 6012202.909512437880039, 2115601.607036612927914 ], [ 6012209.827542167156935, 2115599.874160375446081 ], [ 6012216.040210759267211, 2115608.250974257476628 ], [ 6012229.220945194363594, 2115622.793673662468791 ], [ 6012243.763644599355757, 2115635.974408097565174 ], [ 6012259.528254827484488, 2115647.666239885613322 ], [ 6012264.3902239324525, 2115650.580392018891871 ], [ 6012262.418256379663944, 2115663.874317420180887 ], [ 6012261.455201714299619, 2115683.477745485957712 ], [ 6012262.418256379663944, 2115703.081173551734537 ], [ 6012265.29814563319087, 2115722.495809889398515 ], [ 6012270.067134567536414, 2115741.53468093695119 ], [ 6012276.679295212030411, 2115760.014431959018111 ], [ 6012285.070948844775558, 2115777.757092851214111 ], [ 6012295.161279253661633, 2115794.591792089864612 ], [ 6012297.630318976007402, 2115797.920906770974398 ], [ 6012295.117698439396918, 2115803.233396546915174 ], [ 6012288.505537794902921, 2115821.713147568982095 ], [ 6012283.736548860557377, 2115840.75201861653477 ], [ 6012280.856659607030451, 2115860.166654954198748 ], [ 6012279.893604941666126, 2115879.770083019975573 ], [ 6012280.856659607030451, 2115899.373511085752398 ], [ 6012283.736548860557377, 2115918.788147423416376 ], [ 6012288.505537794902921, 2115937.827018470969051 ], [ 6012295.117698439396918, 2115956.306769493035972 ], [ 6012303.509352072142065, 2115974.049430385231972 ], [ 6012313.59968248102814, 2115990.884129623882473 ], [ 6012325.291514269076288, 2116006.648739852476865 ], [ 6012338.472248704172671, 2116021.191439257469028 ], [ 6012353.014948109164834, 2116034.372173692565411 ], [ 6012368.779558337293565, 2116046.064005480613559 ], [ 6012385.614257576875389, 2116056.154335889499635 ], [ 6012403.356918469071388, 2116064.545989522244781 ], [ 6012421.836669490672648, 2116071.158150166273117 ], [ 6012440.875540538690984, 2116075.92713910061866 ], [ 6012460.290176875889301, 2116078.807028354611248 ], [ 6012479.893604941666126, 2116079.770083019975573 ], [ 6012499.497033007442951, 2116078.807028354611248 ], [ 6012518.911669344641268, 2116075.92713910061866 ], [ 6012537.950540392659605, 2116071.158150166273117 ], [ 6012556.430291414260864, 2116064.545989522244781 ], [ 6012574.172952306456864, 2116056.154335889499635 ], [ 6012591.007651546038687, 2116046.064005480613559 ], [ 6012606.772261774167418, 2116034.372173692565411 ], [ 6012621.314961179159582, 2116021.191439257469028 ], [ 6012634.495695614255965, 2116006.648739852476865 ], [ 6012646.187527402304113, 2115990.884129623882473 ], [ 6012656.277857811190188, 2115974.049430385231972 ], [ 6012664.669511443935335, 2115956.306769493035972 ], [ 6012671.281672088429332, 2115937.827018470969051 ], [ 6012676.050661022774875, 2115918.788147423416376 ], [ 6012678.930550276301801, 2115899.373511085752398 ], [ 6012679.893604941666126, 2115879.770083019975573 ], [ 6012678.930550276301801, 2115860.166654954198748 ], [ 6012676.050661022774875, 2115840.75201861653477 ], [ 6012671.281672088429332, 2115821.713147568982095 ], [ 6012664.669511443935335, 2115803.233396546915174 ], [ 6012656.277857811190188, 2115785.490735654719174 ], [ 6012654.052807645872235, 2115781.778463726397604 ], [ 6012668.215367627330124, 2115768.942267581820488 ], [ 6012681.396102062426507, 2115754.399568176828325 ], [ 6012693.087933850474656, 2115738.634957948233932 ], [ 6012703.178264259360731, 2115721.800258709583431 ], [ 6012711.569917892105877, 2115704.057597817387432 ], [ 6012718.182078536599874, 2115685.577846795320511 ], [ 6012722.951067470945418, 2115666.538975747767836 ], [ 6012725.830956724472344, 2115647.124339410103858 ], [ 6012726.794011389836669, 2115627.520911344327033 ], [ 6012725.830956724472344, 2115607.917483278550208 ], [ 6012722.951067470945418, 2115588.502846940886229 ], [ 6012718.182078536599874, 2115569.463975893333554 ], [ 6012711.569917892105877, 2115550.984224871266633 ], [ 6012703.178264259360731, 2115533.241563979070634 ], [ 6012693.087933850474656, 2115516.406864740420133 ], [ 6012681.396102062426507, 2115500.64225451182574 ], [ 6012668.215367627330124, 2115486.099555106833577 ], [ 6012653.672668222337961, 2115472.918820671737194 ], [ 6012637.90805799420923, 2115461.226988883689046 ], [ 6012621.073358754627407, 2115451.136658474802971 ], [ 6012603.330697862431407, 2115442.745004842057824 ], [ 6012584.850946840830147, 2115436.132844198029488 ], [ 6012565.812075792811811, 2115431.363855263683945 ], [ 6012563.97826883289963, 2115431.091835697181523 ], [ 6012562.030368578620255, 2115423.315381973981857 ], [ 6012555.418207934126258, 2115404.835630951914936 ], [ 6012547.026554301381111, 2115387.092970059718937 ], [ 6012536.936223892495036, 2115370.258270821068436 ], [ 6012525.244392104446888, 2115354.493660592474043 ], [ 6012512.063657669350505, 2115339.95096118748188 ], [ 6012497.520958264358342, 2115326.770226752385497 ], [ 6012481.75634803622961, 2115315.078394964337349 ], [ 6012464.921648796647787, 2115304.988064555451274 ], [ 6012447.178987904451787, 2115296.596410922706127 ], [ 6012428.699236882850528, 2115289.984250278677791 ], [ 6012409.660365834832191, 2115285.215261344332248 ], [ 6012390.245729497633874, 2115282.335372090339661 ], [ 6012370.642301431857049, 2115281.372317424975336 ], [ 6012351.038873366080225, 2115282.335372090339661 ], [ 6012331.624237028881907, 2115285.215261344332248 ], [ 6012324.706207299605012, 2115286.94813758181408 ], [ 6012318.493538707494736, 2115278.571323699783534 ], [ 6012305.312804272398353, 2115264.028624294791371 ], [ 6012290.770104867406189, 2115250.847889859694988 ], [ 6012275.005494639277458, 2115239.156058071646839 ], [ 6012258.170795399695635, 2115229.065727662760764 ], [ 6012240.428134507499635, 2115220.674074030015618 ], [ 6012221.948383485898376, 2115214.061913385987282 ], [ 6012218.704454408027232, 2115213.249351452104747 ], [ 6012222.119112438522279, 2115199.61727244919166 ], [ 6012224.999001692049205, 2115180.202636111527681 ], [ 6012225.96205635741353, 2115160.599208045750856 ], [ 6012224.999001692049205, 2115140.995779979974031 ], [ 6012222.119112438522279, 2115121.581143642310053 ], [ 6012217.350123504176736, 2115102.542272594757378 ], [ 6012210.737962859682739, 2115084.062521572690457 ], [ 6012202.346309226937592, 2115066.319860680494457 ], [ 6012192.255978818051517, 2115049.485161441843957 ], [ 6012180.564147030003369, 2115033.720551213249564 ], [ 6012167.383412594906986, 2115019.177851808257401 ] ] ], [ [ [ 6013490.722283073700964, 2116281.566333501599729 ], [ 6013476.179583668708801, 2116268.385599066503346 ], [ 6013460.41497344058007, 2116256.693767278455198 ], [ 6013443.580274200998247, 2116246.603436869569123 ], [ 6013425.837613308802247, 2116238.211783236823976 ], [ 6013407.357862287200987, 2116231.59962259279564 ], [ 6013388.318991239182651, 2116226.830633658450097 ], [ 6013368.904354901984334, 2116223.95074440445751 ], [ 6013349.300926836207509, 2116222.987689739093184 ], [ 6013329.697498770430684, 2116223.95074440445751 ], [ 6013310.282862433232367, 2116226.830633658450097 ], [ 6013291.243991385214031, 2116231.59962259279564 ], [ 6013272.764240363612771, 2116238.211783236823976 ], [ 6013255.021579471416771, 2116246.603436869569123 ], [ 6013238.186880231834948, 2116256.693767278455198 ], [ 6013222.422270003706217, 2116268.385599066503346 ], [ 6013207.879570598714054, 2116281.566333501599729 ], [ 6013194.698836163617671, 2116296.109032906591892 ], [ 6013183.007004375569522, 2116311.873643135186285 ], [ 6013172.916673966683447, 2116328.708342373836786 ], [ 6013170.509303557686508, 2116333.798299451824278 ], [ 6013162.838081429712474, 2116340.751089910510927 ], [ 6013149.657346994616091, 2116355.293789315503091 ], [ 6013137.965515206567943, 2116371.058399544097483 ], [ 6013127.875184797681868, 2116387.893098782747984 ], [ 6013119.483531164936721, 2116405.635759674943984 ], [ 6013112.871370520442724, 2116424.115510697010905 ], [ 6013108.102381586097181, 2116443.15438174456358 ], [ 6013105.222492332570255, 2116462.569018082227558 ], [ 6013104.25943766720593, 2116482.172446148004383 ], [ 6013105.222492332570255, 2116501.775874213781208 ], [ 6013108.102381586097181, 2116521.190510551445186 ], [ 6013112.871370520442724, 2116540.229381598997861 ], [ 6013119.483531164936721, 2116558.709132621064782 ], [ 6013127.875184797681868, 2116576.451793513260782 ], [ 6013137.965515206567943, 2116593.286492751911283 ], [ 6013149.657346994616091, 2116609.051102980505675 ], [ 6013162.838081429712474, 2116623.593802385497838 ], [ 6013177.380780834704638, 2116636.774536820594221 ], [ 6013193.145391062833369, 2116648.46636860864237 ], [ 6013209.980090302415192, 2116658.556699017528445 ], [ 6013227.722751194611192, 2116666.948352650273591 ], [ 6013246.202502216212451, 2116673.560513294301927 ], [ 6013265.241373264230788, 2116678.32950222864747 ], [ 6013284.656009601429105, 2116681.209391482640058 ], [ 6013304.25943766720593, 2116682.172446148004383 ], [ 6013323.862865732982755, 2116681.209391482640058 ], [ 6013343.277502070181072, 2116678.32950222864747 ], [ 6013362.316373118199408, 2116673.560513294301927 ], [ 6013372.243307171389461, 2116670.008599495049566 ], [ 6013372.191554835997522, 2116670.153237582184374 ], [ 6013367.422565901651978, 2116689.192108629737049 ], [ 6013364.542676648125052, 2116708.606744967401028 ], [ 6013363.579621982760727, 2116728.210173033177853 ], [ 6013364.542676648125052, 2116747.813601098954678 ], [ 6013367.422565901651978, 2116767.228237436618656 ], [ 6013372.191554835997522, 2116786.267108484171331 ], [ 6013378.803715480491519, 2116804.746859506238252 ], [ 6013387.195369113236666, 2116822.489520398434252 ], [ 6013397.285699522122741, 2116839.324219637084752 ], [ 6013408.977531310170889, 2116855.088829865679145 ], [ 6013422.158265745267272, 2116869.631529270671308 ], [ 6013436.700965150259435, 2116882.812263705767691 ], [ 6013452.465575378388166, 2116894.504095493815839 ], [ 6013469.30027461796999, 2116904.594425902701914 ], [ 6013487.042935510165989, 2116912.986079535447061 ], [ 6013505.522686531767249, 2116919.598240179475397 ], [ 6013524.561557579785585, 2116924.36722911382094 ], [ 6013543.976193916983902, 2116927.247118367813528 ], [ 6013563.579621982760727, 2116928.210173033177853 ], [ 6013583.183050048537552, 2116927.247118367813528 ], [ 6013602.597686385735869, 2116924.36722911382094 ], [ 6013621.636557433754206, 2116919.598240179475397 ], [ 6013640.116308455355465, 2116912.986079535447061 ], [ 6013657.858969347551465, 2116904.594425902701914 ], [ 6013674.693668587133288, 2116894.504095493815839 ], [ 6013690.45827881526202, 2116882.812263705767691 ], [ 6013694.250498689711094, 2116879.375195958651602 ], [ 6013699.80615677498281, 2116877.387349709868431 ], [ 6013697.845638630911708, 2116879.550448146183044 ], [ 6013686.15380684286356, 2116895.315058374777436 ], [ 6013676.063476433977485, 2116912.149757613427937 ], [ 6013667.671822801232338, 2116929.892418505623937 ], [ 6013661.059662156738341, 2116948.372169527690858 ], [ 6013656.290673222392797, 2116967.411040575243533 ], [ 6013653.410783968865871, 2116986.825676912907511 ], [ 6013652.447729303501546, 2117006.429104978684336 ], [ 6013653.410783968865871, 2117026.032533044461161 ], [ 6013656.290673222392797, 2117045.447169382125139 ], [ 6013661.059662156738341, 2117064.486040429677814 ], [ 6013667.671822801232338, 2117082.965791451744735 ], [ 6013676.063476433977485, 2117100.708452343940735 ], [ 6013686.15380684286356, 2117117.543151582591236 ], [ 6013697.845638630911708, 2117133.307761811185628 ], [ 6013711.026373066008091, 2117147.850461216177791 ], [ 6013725.569072471000254, 2117161.031195651274174 ], [ 6013741.333682699128985, 2117172.723027439322323 ], [ 6013758.168381938710809, 2117182.813357848208398 ], [ 6013775.911042830906808, 2117191.205011480953544 ], [ 6013794.390793852508068, 2117197.81717212498188 ], [ 6013813.429664900526404, 2117202.586161059327424 ], [ 6013832.844301237724721, 2117205.466050313320011 ], [ 6013852.447729303501546, 2117206.429104978684336 ], [ 6013872.051157369278371, 2117205.466050313320011 ], [ 6013891.465793706476688, 2117202.586161059327424 ], [ 6013910.504664754495025, 2117197.81717212498188 ], [ 6013928.984415776096284, 2117191.205011480953544 ], [ 6013946.727076668292284, 2117182.813357848208398 ], [ 6013963.561775907874107, 2117172.723027439322323 ], [ 6013979.326386136002839, 2117161.031195651274174 ], [ 6013993.869085540995002, 2117147.850461216177791 ], [ 6014007.049819976091385, 2117133.307761811185628 ], [ 6014010.740340919233859, 2117128.331670359708369 ], [ 6014017.492083324119449, 2117124.284831700380892 ], [ 6014033.25669355224818, 2117112.592999912332743 ], [ 6014047.799392957240343, 2117099.41226547723636 ], [ 6014060.980127392336726, 2117084.869566072244197 ], [ 6014072.671959180384874, 2117069.104955843649805 ], [ 6014082.762289589270949, 2117052.270256604999304 ], [ 6014091.153943222016096, 2117034.527595712803304 ], [ 6014097.766103866510093, 2117016.047844690736383 ], [ 6014102.535092800855637, 2116997.008973643183708 ], [ 6014105.414982054382563, 2116977.59433730551973 ], [ 6014106.378036719746888, 2116957.990909239742905 ], [ 6014105.414982054382563, 2116938.38748117396608 ], [ 6014102.535092800855637, 2116918.972844836302102 ], [ 6014097.766103866510093, 2116899.933973788749427 ], [ 6014091.153943222016096, 2116881.454222766682506 ], [ 6014082.762289589270949, 2116863.711561874486506 ], [ 6014072.671959180384874, 2116846.876862635836005 ], [ 6014060.980127392336726, 2116831.112252407241613 ], [ 6014047.799392957240343, 2116816.569553002249449 ], [ 6014033.25669355224818, 2116803.388818567153066 ], [ 6014017.492083324119449, 2116791.696986779104918 ], [ 6014000.657384084537625, 2116781.606656370218843 ], [ 6013982.914723192341626, 2116773.215002737473696 ], [ 6013964.434972170740366, 2116766.602842093445361 ], [ 6013945.39610112272203, 2116761.833853159099817 ], [ 6013925.981464785523713, 2116758.95396390510723 ], [ 6013906.378036719746888, 2116757.990909239742905 ], [ 6013886.774608653970063, 2116758.95396390510723 ], [ 6013867.359972316771746, 2116761.833853159099817 ], [ 6013848.321101268753409, 2116766.602842093445361 ], [ 6013829.84135024715215, 2116773.215002737473696 ], [ 6013812.09868935495615, 2116781.606656370218843 ], [ 6013804.996075627394021, 2116785.863799206912518 ], [ 6013805.670985825359821, 2116784.737779568880796 ], [ 6013814.062639458104968, 2116766.995118676684797 ], [ 6013820.674800102598965, 2116748.515367654617876 ], [ 6013825.443789036944509, 2116729.476496607065201 ], [ 6013828.323678290471435, 2116710.061860269401222 ], [ 6013829.28673295583576, 2116690.458432203624398 ], [ 6013828.323678290471435, 2116670.855004137847573 ], [ 6013825.443789036944509, 2116651.440367800183594 ], [ 6013820.674800102598965, 2116632.401496752630919 ], [ 6013814.062639458104968, 2116613.921745730563998 ], [ 6013805.670985825359821, 2116596.179084838367999 ], [ 6013795.580655416473746, 2116579.344385599717498 ], [ 6013783.888823628425598, 2116563.579775371123105 ], [ 6013770.708089193329215, 2116549.037075966130942 ], [ 6013756.165389788337052, 2116535.856341531034559 ], [ 6013740.400779560208321, 2116524.164509742986411 ], [ 6013723.566080320626497, 2116514.074179334100336 ], [ 6013705.823419428430498, 2116505.682525701355189 ], [ 6013687.343668406829238, 2116499.070365057326853 ], [ 6013668.304797358810902, 2116494.30137612298131 ], [ 6013648.890161021612585, 2116491.421486868988723 ], [ 6013629.28673295583576, 2116490.458432203624398 ], [ 6013609.683304890058935, 2116491.421486868988723 ], [ 6013590.268668552860618, 2116494.30137612298131 ], [ 6013571.229797504842281, 2116499.070365057326853 ], [ 6013552.750046483241022, 2116505.682525701355189 ], [ 6013535.007385591045022, 2116514.074179334100336 ], [ 6013523.445135255344212, 2116521.004325486253947 ], [ 6013525.685179705731571, 2116517.267037104349583 ], [ 6013534.076833338476717, 2116499.524376212153584 ], [ 6013540.688993982970715, 2116481.044625190086663 ], [ 6013545.457982917316258, 2116462.005754142533988 ], [ 6013548.337872170843184, 2116442.591117804870009 ], [ 6013549.300926836207509, 2116422.987689739093184 ], [ 6013548.337872170843184, 2116403.38426167331636 ], [ 6013545.457982917316258, 2116383.969625335652381 ], [ 6013540.688993982970715, 2116364.930754288099706 ], [ 6013534.076833338476717, 2116346.451003266032785 ], [ 6013525.685179705731571, 2116328.708342373836786 ], [ 6013515.594849296845496, 2116311.873643135186285 ], [ 6013503.903017508797348, 2116296.109032906591892 ], [ 6013490.722283073700964, 2116281.566333501599729 ] ] ], [ [ [ 6078065.817391643300653, 1988124.663346876623109 ], [ 6078052.636657208204269, 1988139.206046281149611 ], [ 6078040.944825420156121, 1988154.970656509976834 ], [ 6078030.854495011270046, 1988171.805355748627335 ], [ 6078022.462841378524899, 1988189.548016640823334 ], [ 6078015.850680734030902, 1988208.027767662890255 ], [ 6078011.081691799685359, 1988227.066638710675761 ], [ 6078008.201802546158433, 1988246.481275047874078 ], [ 6078007.238747880794108, 1988266.084703113883734 ], [ 6078007.591294116340578, 1988273.260946607450023 ], [ 6078007.574692874215543, 1988273.307343972148374 ], [ 6078002.80570393987, 1988292.346215019933879 ], [ 6077999.925814686343074, 1988311.760851357132196 ], [ 6077998.962760020978749, 1988331.364279423141852 ], [ 6077999.925814686343074, 1988350.967707489151508 ], [ 6078000.954001659527421, 1988357.899181036045775 ], [ 6077994.497528092935681, 1988366.604727872647345 ], [ 6077984.407197684049606, 1988383.439427111297846 ], [ 6077976.01554405130446, 1988401.182088003493845 ], [ 6077969.403383406810462, 1988419.661839025560766 ], [ 6077964.634394472464919, 1988438.700710073346272 ], [ 6077961.754505218937993, 1988458.115346410544589 ], [ 6077960.791450553573668, 1988477.718774476554245 ], [ 6077961.754505218937993, 1988497.3222025425639 ], [ 6077964.634394472464919, 1988516.736838879762217 ], [ 6077969.403383406810462, 1988535.775709927547723 ], [ 6077976.01554405130446, 1988554.255460949614644 ], [ 6077984.407197684049606, 1988571.998121841810644 ], [ 6077994.497528092935681, 1988588.832821080461144 ], [ 6078006.189359880983829, 1988604.597431309288368 ], [ 6078019.370094316080213, 1988619.14013071381487 ], [ 6078033.912793721072376, 1988632.320865149144083 ], [ 6078049.677403949201107, 1988644.012696936959401 ], [ 6078066.51210318878293, 1988654.103027346311137 ], [ 6078084.25476408097893, 1988662.494680978823453 ], [ 6078102.73451510258019, 1988669.10684162308462 ], [ 6078121.773386150598526, 1988673.875830557197332 ], [ 6078141.188022487796843, 1988676.755719810957089 ], [ 6078160.791450553573668, 1988677.718774476554245 ], [ 6078180.394878619350493, 1988676.755719810957089 ], [ 6078199.80951495654881, 1988673.875830557197332 ], [ 6078218.848386004567146, 1988669.10684162308462 ], [ 6078237.328137026168406, 1988662.494680978823453 ], [ 6078255.070797918364406, 1988654.103027346311137 ], [ 6078271.905497157946229, 1988644.012696936959401 ], [ 6078287.67010738607496, 1988632.320865149144083 ], [ 6078302.212806791067123, 1988619.14013071381487 ], [ 6078306.528108133934438, 1988614.378929388010874 ], [ 6078322.152048411779106, 1988612.061336777638644 ], [ 6078341.190919459797442, 1988607.292347843525931 ], [ 6078359.670670481398702, 1988600.680187199264765 ], [ 6078377.413331373594701, 1988592.288533566752449 ], [ 6078394.248030613176525, 1988582.198203157400712 ], [ 6078410.012640841305256, 1988570.506371369585395 ], [ 6078424.555340246297419, 1988557.325636934256181 ], [ 6078437.736074681393802, 1988542.782937529729679 ], [ 6078449.42790646944195, 1988527.018327300902456 ], [ 6078459.518236878328025, 1988510.183628062251955 ], [ 6078467.909890511073172, 1988492.440967170055956 ], [ 6078474.522051155567169, 1988473.961216147989035 ], [ 6078477.304664808325469, 1988462.852399743394926 ], [ 6078490.196078908629715, 1988458.239778022048995 ], [ 6078507.938739800825715, 1988449.848124389536679 ], [ 6078524.773439040407538, 1988439.757793980184942 ], [ 6078540.53804926853627, 1988428.065962192369625 ], [ 6078555.080748673528433, 1988414.885227757040411 ], [ 6078568.261483108624816, 1988400.342528352513909 ], [ 6078579.953314896672964, 1988384.577918123686686 ], [ 6078590.043645305559039, 1988367.743218885036185 ], [ 6078594.54369668290019, 1988358.228659648215398 ], [ 6078605.307479085400701, 1988353.137769716558978 ], [ 6078622.142178324982524, 1988343.047439307207242 ], [ 6078637.906788553111255, 1988331.355607519391924 ], [ 6078652.449487958103418, 1988318.17487308406271 ], [ 6078665.630222393199801, 1988303.632173679536209 ], [ 6078677.32205418124795, 1988287.867563450708985 ], [ 6078687.412384590134025, 1988271.032864212058485 ], [ 6078695.141704115085304, 1988254.690591131336987 ], [ 6078708.429363504052162, 1988252.71955305384472 ], [ 6078727.468234552070498, 1988247.950564119732007 ], [ 6078745.947985573671758, 1988241.338403475470841 ], [ 6078763.690646465867758, 1988232.946749842958525 ], [ 6078780.525345705449581, 1988222.856419433606789 ], [ 6078796.289955933578312, 1988211.164587645791471 ], [ 6078806.508912526071072, 1988201.902665268396959 ], [ 6078807.993677720427513, 1988201.012731258757412 ], [ 6078823.758287948556244, 1988189.320899470942095 ], [ 6078838.300987353548408, 1988176.140165035612881 ], [ 6078851.481721788644791, 1988161.597465631086379 ], [ 6078863.173553576692939, 1988145.832855402259156 ], [ 6078873.263883985579014, 1988128.998156163608655 ], [ 6078881.655537618324161, 1988111.255495271412656 ], [ 6078888.267698262818158, 1988092.775744249345735 ], [ 6078893.036687197163701, 1988073.736873201560229 ], [ 6078895.916576450690627, 1988054.322236864361912 ], [ 6078896.879631116054952, 1988034.718808798352256 ], [ 6078895.916576450690627, 1988015.115380732342601 ], [ 6078894.047315985895693, 1988002.513850272167474 ], [ 6078894.177494762465358, 1988002.238610373809934 ], [ 6078900.789655406959355, 1987983.758859351743013 ], [ 6078905.558644341304898, 1987964.719988303957507 ], [ 6078908.438533594831824, 1987945.30535196675919 ], [ 6078909.401588260196149, 1987925.701923900749534 ], [ 6078908.438533594831824, 1987906.098495834739879 ], [ 6078905.558644341304898, 1987886.683859497541562 ], [ 6078900.789655406959355, 1987867.644988449756056 ], [ 6078894.177494762465358, 1987849.165237427689135 ], [ 6078885.785841129720211, 1987831.422576535493135 ], [ 6078875.695510720834136, 1987814.587877296842635 ], [ 6078864.003678932785988, 1987798.823267068015411 ], [ 6078850.822944497689605, 1987784.28056766348891 ], [ 6078836.280245092697442, 1987771.099833228159696 ], [ 6078820.51563486456871, 1987759.408001440344378 ], [ 6078803.680935624986887, 1987749.317671030992642 ], [ 6078785.938274732790887, 1987740.926017398480326 ], [ 6078767.458523711189628, 1987734.313856754219159 ], [ 6078748.419652663171291, 1987729.544867820106447 ], [ 6078729.005016325972974, 1987726.66497856634669 ], [ 6078709.401588260196149, 1987725.701923900749534 ], [ 6078689.798160194419324, 1987726.66497856634669 ], [ 6078670.383523857221007, 1987729.544867820106447 ], [ 6078651.344652809202671, 1987734.313856754219159 ], [ 6078632.864901787601411, 1987740.926017398480326 ], [ 6078615.122240895405412, 1987749.317671030992642 ], [ 6078598.287541655823588, 1987759.408001440344378 ], [ 6078582.522931427694857, 1987771.099833228159696 ], [ 6078567.980232022702694, 1987784.28056766348891 ], [ 6078567.652920899912715, 1987784.641699836822227 ], [ 6078549.625990059226751, 1987789.157210944453254 ], [ 6078531.146239037625492, 1987795.769371588714421 ], [ 6078513.403578145429492, 1987804.161025221226737 ], [ 6078496.568878905847669, 1987814.251355630578473 ], [ 6078480.804268677718937, 1987825.943187418393791 ], [ 6078466.261569272726774, 1987839.123921853723004 ], [ 6078453.080834837630391, 1987853.666621258249506 ], [ 6078441.389003049582243, 1987869.43123148707673 ], [ 6078432.182954723015428, 1987884.790595201775432 ], [ 6078426.916553351096809, 1987886.674943743506446 ], [ 6078409.173892458900809, 1987895.066597376018763 ], [ 6078392.339193219318986, 1987905.156927785370499 ], [ 6078376.574582991190255, 1987916.848759573185816 ], [ 6078362.031883586198092, 1987930.02949400851503 ], [ 6078360.206620785407722, 1987932.043361170450225 ], [ 6078357.475049974396825, 1987933.335297946818173 ], [ 6078340.640350734815001, 1987943.425628356169909 ], [ 6078324.87574050668627, 1987955.117460143985227 ], [ 6078310.333041101694107, 1987968.29819457931444 ], [ 6078297.152306666597724, 1987982.840893983840942 ], [ 6078291.798994494602084, 1987990.058999867644161 ], [ 6078273.673567647114396, 1987996.544381295330822 ], [ 6078255.930906754918396, 1988004.936034927843139 ], [ 6078239.096207515336573, 1988015.026365337194875 ], [ 6078223.331597287207842, 1988026.718197125010192 ], [ 6078208.788897882215679, 1988039.898931560339406 ], [ 6078195.608163447119296, 1988054.441630964865908 ], [ 6078186.088670338504016, 1988067.277181556914002 ], [ 6078168.220683477818966, 1988069.927647033240646 ], [ 6078149.18181242980063, 1988074.696635967353359 ], [ 6078130.70206140819937, 1988081.308796611614525 ], [ 6078112.95940051600337, 1988089.700450244126841 ], [ 6078096.124701276421547, 1988099.790780653478578 ], [ 6078080.360091048292816, 1988111.482612441293895 ], [ 6078065.817391643300653, 1988124.663346876623109 ] ] ], [ [ [ 6073121.658722038380802, 1992313.722409633919597 ], [ 6073108.477987603284419, 1992328.265109038446099 ], [ 6073096.78615581523627, 1992344.029719267273322 ], [ 6073086.695825406350195, 1992360.864418505923823 ], [ 6073078.304171773605049, 1992378.607079398119822 ], [ 6073071.692011129111052, 1992397.086830420186743 ], [ 6073066.923022194765508, 1992416.125701467972249 ], [ 6073066.46090713981539, 1992419.241028119809926 ], [ 6073066.46090713981539, 1992419.241028120042756 ], [ 6073051.94154741242528, 1992426.108173839049414 ], [ 6073035.106848172843456, 1992436.19850424840115 ], [ 6073019.342237944714725, 1992447.890336036216468 ], [ 6073004.799538539722562, 1992461.071070471545681 ], [ 6072991.618804104626179, 1992475.613769876072183 ], [ 6072982.285553364083171, 1992488.198201704770327 ], [ 6072976.182908489368856, 1992491.084537770366296 ], [ 6072959.348209249787033, 1992501.174868179718032 ], [ 6072943.583599021658301, 1992512.86669996753335 ], [ 6072929.040899616666138, 1992526.047434402862564 ], [ 6072915.860165181569755, 1992540.590133807389066 ], [ 6072904.168333393521607, 1992556.354744036216289 ], [ 6072894.078002984635532, 1992573.18944327486679 ], [ 6072885.686349351890385, 1992590.932104167062789 ], [ 6072879.074188707396388, 1992609.41185518912971 ], [ 6072874.305199773050845, 1992628.450726236915216 ], [ 6072871.425310519523919, 1992647.865362574113533 ], [ 6072870.462255854159594, 1992667.468790640123188 ], [ 6072871.425310519523919, 1992687.072218706132844 ], [ 6072874.305199773050845, 1992706.486855043331161 ], [ 6072879.074188707396388, 1992725.525726091116667 ], [ 6072885.686349351890385, 1992744.005477113183588 ], [ 6072894.078002984635532, 1992761.748138005379587 ], [ 6072904.168333393521607, 1992778.582837244030088 ], [ 6072915.860165181569755, 1992794.347447472857311 ], [ 6072929.040899616666138, 1992808.890146877383813 ], [ 6072935.742063459008932, 1992814.963727754540741 ], [ 6072937.801516394130886, 1992818.399717396125197 ], [ 6072949.493348182179034, 1992834.164327624952421 ], [ 6072962.674082617275417, 1992848.707027029478922 ], [ 6072977.21678202226758, 1992861.887761464808136 ], [ 6072992.981392250396311, 1992873.579593252623454 ], [ 6073009.816091489978135, 1992883.66992366197519 ], [ 6073027.558752382174134, 1992892.061577294487506 ], [ 6073046.038503403775394, 1992898.673737938748673 ], [ 6073065.07737445179373, 1992903.442726872861385 ], [ 6073084.492010788992047, 1992906.322616126621142 ], [ 6073104.095438854768872, 1992907.285670792218298 ], [ 6073123.698866920545697, 1992906.322616126621142 ], [ 6073143.113503257744014, 1992903.442726872861385 ], [ 6073162.152374305762351, 1992898.673737938748673 ], [ 6073180.63212532736361, 1992892.061577294487506 ], [ 6073198.37478621955961, 1992883.66992366197519 ], [ 6073215.209485459141433, 1992873.579593252623454 ], [ 6073230.974095687270164, 1992861.887761464808136 ], [ 6073245.516795092262328, 1992848.707027029478922 ], [ 6073252.892521968111396, 1992840.569166474277154 ], [ 6073264.100700378417969, 1992836.558816113509238 ], [ 6073281.843361270613968, 1992828.167162480996922 ], [ 6073298.678060510195792, 1992818.076832071645185 ], [ 6073314.442670738324523, 1992806.385000283829868 ], [ 6073328.985370143316686, 1992793.204265848500654 ], [ 6073342.166104578413069, 1992778.661566443974152 ], [ 6073350.707140461541712, 1992767.145312695996836 ], [ 6073354.980801922269166, 1992765.12402136111632 ], [ 6073371.815501161850989, 1992755.033690951764584 ], [ 6073387.58011138997972, 1992743.341859163949266 ], [ 6073402.122810794971883, 1992730.161124728620052 ], [ 6073415.303545230068266, 1992715.61842532409355 ], [ 6073426.995377018116415, 1992699.853815095266327 ], [ 6073437.08570742700249, 1992683.019115856615826 ], [ 6073445.477361059747636, 1992665.276454964419827 ], [ 6073452.089521704241633, 1992646.796703942352906 ], [ 6073456.858510638587177, 1992627.7578328945674 ], [ 6073459.738399892114103, 1992608.343196557369083 ], [ 6073460.260589056648314, 1992597.713791915448382 ], [ 6073471.175242478959262, 1992591.171800415497273 ], [ 6073486.939852707087994, 1992579.479968627681956 ], [ 6073501.482552112080157, 1992566.299234192352742 ], [ 6073514.66328654717654, 1992551.75653478782624 ], [ 6073526.355118335224688, 1992535.991924558999017 ], [ 6073536.445448744110763, 1992519.157225320348516 ], [ 6073542.895711177960038, 1992505.519291244447231 ], [ 6073544.059110484085977, 1992505.346717259380966 ], [ 6073563.097981532104313, 1992500.577728325268254 ], [ 6073581.577732553705573, 1992493.965567681007087 ], [ 6073599.320393445901573, 1992485.573914048494771 ], [ 6073599.626490290276706, 1992485.390446660341695 ], [ 6073617.04537209123373, 1992486.246181449852884 ], [ 6073636.648800157010555, 1992485.283126784255728 ], [ 6073656.063436494208872, 1992482.403237530495971 ], [ 6073675.102307542227209, 1992477.634248596383259 ], [ 6073693.582058563828468, 1992471.022087952122092 ], [ 6073711.324719456024468, 1992462.630434319609776 ], [ 6073728.159418695606291, 1992452.54010391025804 ], [ 6073743.924028923735023, 1992440.848272122442722 ], [ 6073758.466728328727186, 1992427.667537687113509 ], [ 6073771.647462763823569, 1992413.124838282587007 ], [ 6073778.443935465067625, 1992403.960855682846159 ], [ 6073784.812977616675198, 1992396.933700560126454 ], [ 6073796.504809404723346, 1992381.16909033129923 ], [ 6073806.595139813609421, 1992364.33439109264873 ], [ 6073814.986793446354568, 1992346.59173020045273 ], [ 6073821.598954090848565, 1992328.111979178385809 ], [ 6073826.367943025194108, 1992309.073108130600303 ], [ 6073829.247832278721035, 1992289.658471793401986 ], [ 6073830.21088694408536, 1992270.055043727392331 ], [ 6073829.247832278721035, 1992250.451615661382675 ], [ 6073826.367943025194108, 1992231.036979324184358 ], [ 6073821.598954090848565, 1992211.998108276398852 ], [ 6073814.986793446354568, 1992193.518357254331931 ], [ 6073806.595139813609421, 1992175.775696362135932 ], [ 6073796.504809404723346, 1992158.940997123485431 ], [ 6073784.812977616675198, 1992143.176386894658208 ], [ 6073771.632243181578815, 1992128.633687490131706 ], [ 6073768.952615050598979, 1992126.20501412008889 ], [ 6073768.428149083629251, 1992125.329995516687632 ], [ 6073756.736317295581102, 1992109.565385287860408 ], [ 6073743.555582860484719, 1992095.022685883333907 ], [ 6073729.012883455492556, 1992081.841951448004693 ], [ 6073713.248273227363825, 1992070.150119660189375 ], [ 6073696.413573987782001, 1992060.059789250837639 ], [ 6073678.670913095586002, 1992051.668135618325323 ], [ 6073660.191162073984742, 1992045.055974974064156 ], [ 6073641.152291025966406, 1992040.286986039951444 ], [ 6073621.737654688768089, 1992037.407096786191687 ], [ 6073602.134226622991264, 1992036.444042120594531 ], [ 6073582.530798557214439, 1992037.407096786191687 ], [ 6073563.116162220016122, 1992040.286986039951444 ], [ 6073544.077291171997786, 1992045.055974974064156 ], [ 6073525.597540150396526, 1992051.668135618325323 ], [ 6073507.854879258200526, 1992060.059789250837639 ], [ 6073491.020180018618703, 1992070.150119660189375 ], [ 6073475.255569790489972, 1992081.841951448004693 ], [ 6073460.712870385497808, 1992095.022685883333907 ], [ 6073447.532135950401425, 1992109.565385287860408 ], [ 6073439.415213036350906, 1992120.509788895491511 ], [ 6073428.504359608516097, 1992124.41375467646867 ], [ 6073410.761698716320097, 1992132.805408308980986 ], [ 6073393.926999476738274, 1992142.895738718332723 ], [ 6073378.162389248609543, 1992154.58757050614804 ], [ 6073363.61968984361738, 1992167.768304941477254 ], [ 6073350.438955408520997, 1992182.311004346003756 ], [ 6073338.747123620472848, 1992198.075614574830979 ], [ 6073328.656793211586773, 1992214.91031381348148 ], [ 6073322.206530777737498, 1992228.548247889382765 ], [ 6073321.043131471611559, 1992228.72082187444903 ], [ 6073302.004260423593223, 1992233.489810808561742 ], [ 6073283.524509401991963, 1992240.101971452822909 ], [ 6073265.781848509795964, 1992248.493625085335225 ], [ 6073253.937395385466516, 1992255.592917080037296 ], [ 6073243.476650210097432, 1992256.106820536777377 ], [ 6073224.062013872899115, 1992258.986709790537134 ], [ 6073205.023142824880779, 1992263.755698724649847 ], [ 6073186.543391803279519, 1992270.367859368911013 ], [ 6073168.800730911083519, 1992278.759513001423329 ], [ 6073151.966031671501696, 1992288.849843410775065 ], [ 6073136.201421443372965, 1992300.541675198590383 ], [ 6073121.658722038380802, 1992313.722409633919597 ] ] ], [ [ [ 6059025.148057512007654, 2003941.511055432492867 ], [ 6059016.756403879262507, 2003959.253716324688867 ], [ 6059014.401800037361681, 2003965.83439321629703 ], [ 6059013.873845377005637, 2003966.084097173763439 ], [ 6058997.039146137423813, 2003976.174427583115175 ], [ 6058981.274535909295082, 2003987.866259370930493 ], [ 6058966.731836504302919, 2004001.046993806259707 ], [ 6058953.551102069206536, 2004015.589693210786209 ], [ 6058950.131979322060943, 2004020.199846556177363 ], [ 6058941.200169336050749, 2004022.437148488592356 ], [ 6058922.720418314449489, 2004029.049309132853523 ], [ 6058904.977757422253489, 2004037.440962765365839 ], [ 6058888.143058182671666, 2004047.531293174717575 ], [ 6058872.378447954542935, 2004059.223124962532893 ], [ 6058857.835748549550772, 2004072.403859397862107 ], [ 6058844.655014114454389, 2004086.946558802388608 ], [ 6058832.96318232640624, 2004102.711169031215832 ], [ 6058822.872851917520165, 2004119.545868269866332 ], [ 6058814.481198284775019, 2004137.288529162062332 ], [ 6058807.869037640281022, 2004155.768280184129253 ], [ 6058803.100048705935478, 2004174.807151231914759 ], [ 6058800.220159452408552, 2004194.221787569113076 ], [ 6058799.257104787044227, 2004213.825215635122731 ], [ 6058800.220159452408552, 2004233.428643701132387 ], [ 6058803.100048705935478, 2004252.843280038330704 ], [ 6058807.869037640281022, 2004271.88215108611621 ], [ 6058814.481198284775019, 2004290.361902108183131 ], [ 6058822.872851917520165, 2004308.10456300037913 ], [ 6058832.96318232640624, 2004324.939262239029631 ], [ 6058844.655014114454389, 2004340.703872467856854 ], [ 6058857.835748549550772, 2004355.246571872383356 ], [ 6058872.378447954542935, 2004368.42730630771257 ], [ 6058880.520451462827623, 2004374.465827657841146 ], [ 6058881.475449040532112, 2004376.059144857339561 ], [ 6058893.16728082858026, 2004391.823755086166784 ], [ 6058906.348015263676643, 2004406.366454490693286 ], [ 6058920.890714668668807, 2004419.5471889260225 ], [ 6058936.655324896797538, 2004431.239020713837817 ], [ 6058953.490024136379361, 2004441.329351123189554 ], [ 6058971.232685028575361, 2004449.72100475570187 ], [ 6058989.71243605017662, 2004456.333165399963036 ], [ 6059008.751307098194957, 2004461.102154334075749 ], [ 6059028.165943435393274, 2004463.982043587835506 ], [ 6059047.769371501170099, 2004464.945098253432661 ], [ 6059067.372799566946924, 2004463.982043587835506 ], [ 6059086.787435904145241, 2004461.102154334075749 ], [ 6059105.826306952163577, 2004456.333165399963036 ], [ 6059124.306057973764837, 2004449.72100475570187 ], [ 6059142.048718865960836, 2004441.329351123189554 ], [ 6059158.88341810554266, 2004431.239020713837817 ], [ 6059174.648028333671391, 2004419.5471889260225 ], [ 6059189.190727738663554, 2004406.366454490693286 ], [ 6059202.371462173759937, 2004391.823755086166784 ], [ 6059212.780618824064732, 2004377.788632072508335 ], [ 6059222.228150757029653, 2004372.12599935173057 ], [ 6059223.850540375337005, 2004370.922753205057234 ], [ 6059239.260242088697851, 2004361.686533443396911 ], [ 6059255.024852316826582, 2004349.994701655581594 ], [ 6059269.567551721818745, 2004336.81396722025238 ], [ 6059282.748286156915128, 2004322.271267815725878 ], [ 6059294.440117944963276, 2004306.506657586898655 ], [ 6059304.530448353849351, 2004289.671958348248154 ], [ 6059312.922101986594498, 2004271.929297456052154 ], [ 6059319.534262631088495, 2004253.449546433985233 ], [ 6059324.303251565434039, 2004234.410675386199728 ], [ 6059327.183140818960965, 2004214.996039049001411 ], [ 6059328.14619548432529, 2004195.392610982991755 ], [ 6059327.91849853657186, 2004190.757733134087175 ], [ 6059328.410967214033008, 2004190.392493470339105 ], [ 6059342.953666619025171, 2004177.211759035009891 ], [ 6059350.589726474136114, 2004168.786665300605819 ], [ 6059366.897085058502853, 2004172.871445981087163 ], [ 6059386.31172139570117, 2004175.75133523484692 ], [ 6059405.915149461477995, 2004176.714389900444075 ], [ 6059425.51857752725482, 2004175.75133523484692 ], [ 6059444.933213864453137, 2004172.871445981087163 ], [ 6059463.972084912471473, 2004168.10245704697445 ], [ 6059482.451835934072733, 2004161.490296402713284 ], [ 6059500.194496826268733, 2004153.098642770200968 ], [ 6059517.029196065850556, 2004143.008312360849231 ], [ 6059532.793806293979287, 2004131.316480573033914 ], [ 6059547.33650569897145, 2004118.1357461377047 ], [ 6059560.517240134067833, 2004103.593046733178198 ], [ 6059572.209071922115982, 2004087.828436504350975 ], [ 6059582.299402331002057, 2004070.993737265700474 ], [ 6059590.691055963747203, 2004053.251076373504475 ], [ 6059596.0027239555493, 2004038.405958826420829 ], [ 6059600.968739311210811, 2004037.669320034561679 ], [ 6059620.007610359229147, 2004032.900331100448966 ], [ 6059638.487361380830407, 2004026.2881704561878 ], [ 6059656.230022273026407, 2004017.896516823675483 ], [ 6059673.06472151260823, 2004007.806186414323747 ], [ 6059688.829331740736961, 2003996.11435462650843 ], [ 6059703.372031145729125, 2003982.933620191179216 ], [ 6059716.552765580825508, 2003968.390920786652714 ], [ 6059718.804573242552578, 2003965.354709631763399 ], [ 6059723.375406091101468, 2003961.211948219453916 ], [ 6059736.556140526197851, 2003946.669248814927414 ], [ 6059748.247972314245999, 2003930.904638586100191 ], [ 6059758.338302723132074, 2003914.06993934744969 ], [ 6059766.729956355877221, 2003896.32727845525369 ], [ 6059773.342117000371218, 2003877.847527433186769 ], [ 6059778.111105934716761, 2003858.808656385401264 ], [ 6059780.990995188243687, 2003839.394020048202947 ], [ 6059781.954049853608012, 2003819.790591982193291 ], [ 6059780.990995188243687, 2003800.187163916183636 ], [ 6059778.111105934716761, 2003780.772527578985319 ], [ 6059773.342117000371218, 2003761.733656531199813 ], [ 6059766.729956355877221, 2003743.253905509132892 ], [ 6059758.338302723132074, 2003725.511244616936892 ], [ 6059748.247972314245999, 2003708.676545378286391 ], [ 6059736.556140526197851, 2003692.911935149459168 ], [ 6059723.375406091101468, 2003678.369235744932666 ], [ 6059722.421782733872533, 2003677.504921915242448 ], [ 6059718.944666670635343, 2003671.703704236773774 ], [ 6059707.252834882587194, 2003655.939094007946551 ], [ 6059694.072100447490811, 2003641.396394603420049 ], [ 6059679.529401042498648, 2003628.215660168090835 ], [ 6059663.764790814369917, 2003616.523828380275518 ], [ 6059646.930091574788094, 2003606.433497970923781 ], [ 6059629.187430682592094, 2003598.041844338411465 ], [ 6059610.707679660990834, 2003591.429683694150299 ], [ 6059591.668808612972498, 2003586.660694760037586 ], [ 6059572.254172275774181, 2003583.780805506277829 ], [ 6059552.650744209997356, 2003582.817750840680674 ], [ 6059533.047316144220531, 2003583.780805506277829 ], [ 6059513.632679807022214, 2003586.660694760037586 ], [ 6059494.593808759003878, 2003591.429683694150299 ], [ 6059485.325308170169592, 2003594.746006232919171 ], [ 6059475.017814002931118, 2003597.327899113995954 ], [ 6059456.538062981329858, 2003603.940059758257121 ], [ 6059438.795402089133859, 2003612.331713390769437 ], [ 6059421.960702849552035, 2003622.422043800121173 ], [ 6059406.196092621423304, 2003634.113875587936491 ], [ 6059391.653393216431141, 2003647.294610023265705 ], [ 6059378.472658781334758, 2003661.837309427792206 ], [ 6059366.78082699328661, 2003677.60191965661943 ], [ 6059356.690496584400535, 2003694.43661889526993 ], [ 6059348.298842951655388, 2003712.17927978746593 ], [ 6059341.686682307161391, 2003730.659030809532851 ], [ 6059336.917693372815847, 2003749.697901857318357 ], [ 6059334.037804119288921, 2003769.112538194516674 ], [ 6059333.821728676557541, 2003773.510854872176424 ], [ 6059316.309753432869911, 2003769.124333426589146 ], [ 6059296.895117095671594, 2003766.24444417282939 ], [ 6059277.291689029894769, 2003765.281389507232234 ], [ 6059257.688260964117944, 2003766.24444417282939 ], [ 6059238.273624626919627, 2003769.124333426589146 ], [ 6059219.234753578901291, 2003773.893322360701859 ], [ 6059200.755002557300031, 2003780.505483004963025 ], [ 6059183.012341665104032, 2003788.897136637475342 ], [ 6059166.177642425522208, 2003798.987467046827078 ], [ 6059150.413032197393477, 2003810.679298834642395 ], [ 6059135.870332792401314, 2003823.860033269971609 ], [ 6059122.689598357304931, 2003838.402732674498111 ], [ 6059110.997766569256783, 2003854.167342903325334 ], [ 6059108.097024574875832, 2003859.006938542239368 ], [ 6059107.252963016740978, 2003859.406149927992374 ], [ 6059090.418263777159154, 2003869.49648033734411 ], [ 6059074.653653549030423, 2003881.188312125159428 ], [ 6059060.11095414403826, 2003894.369046560488641 ], [ 6059046.930219708941877, 2003908.911745965015143 ], [ 6059035.238387920893729, 2003924.676356193842366 ], [ 6059025.148057512007654, 2003941.511055432492867 ] ] ], [ [ [ 6051309.992527403868735, 2011834.368817173177376 ], [ 6051290.577891066670418, 2011831.48892791941762 ], [ 6051270.974463000893593, 2011830.525873253820464 ], [ 6051251.371034935116768, 2011831.48892791941762 ], [ 6051231.956398597918451, 2011834.368817173177376 ], [ 6051212.917527549900115, 2011839.137806107290089 ], [ 6051194.437776528298855, 2011845.749966751551256 ], [ 6051176.695115636102855, 2011854.141620384063572 ], [ 6051175.514309098944068, 2011854.849368585739285 ], [ 6051160.397546399384737, 2011857.091728509170935 ], [ 6051141.358675351366401, 2011861.860717443283647 ], [ 6051122.878924329765141, 2011868.472878087544814 ], [ 6051105.136263437569141, 2011876.86453172005713 ], [ 6051088.301564197987318, 2011886.954862129408866 ], [ 6051072.536953969858587, 2011898.646693917224184 ], [ 6051057.994254564866424, 2011911.827428352553397 ], [ 6051044.813520129770041, 2011926.370127757079899 ], [ 6051033.121688341721892, 2011942.134737985907122 ], [ 6051023.031357932835817, 2011958.969437224557623 ], [ 6051014.639704300090671, 2011976.712098116753623 ], [ 6051008.027543655596673, 2011995.191849138820544 ], [ 6051003.25855472125113, 2012014.23072018660605 ], [ 6051002.132937299087644, 2012021.819016468012705 ], [ 6050999.665306148119271, 2012023.298057660460472 ], [ 6050983.90069591999054, 2012034.98988944827579 ], [ 6050969.357996514998376, 2012048.170623883605003 ], [ 6050956.177262079901993, 2012062.713323288131505 ], [ 6050944.485430291853845, 2012078.477933516958728 ], [ 6050934.39509988296777, 2012095.312632755609229 ], [ 6050926.003446250222623, 2012113.055293647805229 ], [ 6050919.391285605728626, 2012131.53504466987215 ], [ 6050914.622296671383083, 2012150.573915717657655 ], [ 6050911.742407417856157, 2012169.988552054855973 ], [ 6050910.779352752491832, 2012189.591980120865628 ], [ 6050911.742407417856157, 2012209.195408186875284 ], [ 6050914.622296671383083, 2012228.610044524073601 ], [ 6050916.028757719323039, 2012234.224951772252098 ], [ 6050908.085422867909074, 2012242.989071221556515 ], [ 6050896.393591079860926, 2012258.753681450383738 ], [ 6050886.303260670974851, 2012275.588380689034238 ], [ 6050877.911607038229704, 2012293.331041581230238 ], [ 6050871.299446393735707, 2012311.810792603297159 ], [ 6050866.530457459390163, 2012330.849663651082665 ], [ 6050863.650568205863237, 2012350.264299988280982 ], [ 6050862.687513540498912, 2012369.867728054290637 ], [ 6050863.650568205863237, 2012389.471156120300293 ], [ 6050866.530457459390163, 2012408.88579245749861 ], [ 6050871.299446393735707, 2012427.924663505284116 ], [ 6050877.911607038229704, 2012446.404414527351037 ], [ 6050886.303260670974851, 2012464.147075419547036 ], [ 6050896.393591079860926, 2012480.981774658197537 ], [ 6050908.085422867909074, 2012496.74638488702476 ], [ 6050921.266157303005457, 2012511.289084291551262 ], [ 6050935.80885670799762, 2012524.469818726880476 ], [ 6050951.573466936126351, 2012536.161650514695793 ], [ 6050968.408166175708175, 2012546.25198092404753 ], [ 6050986.150827067904174, 2012554.643634556559846 ], [ 6051004.630578089505434, 2012561.255795200821012 ], [ 6051023.66944913752377, 2012566.024784134933725 ], [ 6051043.084085474722087, 2012568.904673388693482 ], [ 6051062.687513540498912, 2012569.867728054290637 ], [ 6051082.290941606275737, 2012568.904673388693482 ], [ 6051101.705577943474054, 2012566.024784134933725 ], [ 6051120.744448991492391, 2012561.255795200821012 ], [ 6051139.22420001309365, 2012554.643634556559846 ], [ 6051156.96686090528965, 2012546.25198092404753 ], [ 6051173.801560144871473, 2012536.161650514695793 ], [ 6051189.566170373000205, 2012524.469818726880476 ], [ 6051204.108869777992368, 2012511.289084291551262 ], [ 6051217.289604213088751, 2012496.74638488702476 ], [ 6051228.981436001136899, 2012480.981774658197537 ], [ 6051239.071766410022974, 2012464.147075419547036 ], [ 6051247.463420042768121, 2012446.404414527351037 ], [ 6051254.075580687262118, 2012427.924663505284116 ], [ 6051258.844569621607661, 2012408.88579245749861 ], [ 6051261.724458875134587, 2012389.471156120300293 ], [ 6051261.801750829443336, 2012387.897842253558338 ], [ 6051269.238586935214698, 2012386.035011783940718 ], [ 6051287.718337956815958, 2012379.422851139679551 ], [ 6051305.460998849011958, 2012371.031197507167235 ], [ 6051322.295698088593781, 2012360.940867097815499 ], [ 6051338.060308316722512, 2012349.249035310000181 ], [ 6051340.140489736571908, 2012347.363668768899515 ], [ 6051342.567114043980837, 2012346.215960947331041 ], [ 6051359.40181328356266, 2012336.125630537979305 ], [ 6051375.166423511691391, 2012324.433798750163987 ], [ 6051389.709122916683555, 2012311.253064314834774 ], [ 6051402.889857351779938, 2012296.710364910308272 ], [ 6051414.581689139828086, 2012280.945754681481048 ], [ 6051424.672019548714161, 2012264.111055442830548 ], [ 6051425.701272859238088, 2012261.934882157249376 ], [ 6051432.055781353265047, 2012257.222057461040094 ], [ 6051446.59848075825721, 2012244.041323025710881 ], [ 6051459.779215193353593, 2012229.498623621184379 ], [ 6051471.471046981401742, 2012213.734013392357156 ], [ 6051481.561377390287817, 2012196.899314153706655 ], [ 6051489.953031023032963, 2012179.156653261510655 ], [ 6051492.665066971443594, 2012171.577020555036142 ], [ 6051492.853177024051547, 2012171.263177891960368 ], [ 6051501.244830656796694, 2012153.520516999764368 ], [ 6051507.856991301290691, 2012135.040765977697447 ], [ 6051512.625980235636234, 2012116.001894929911941 ], [ 6051515.50586948916316, 2012096.587258592713624 ], [ 6051516.468924154527485, 2012076.983830526703969 ], [ 6051515.50586948916316, 2012057.380402460694313 ], [ 6051512.625980235636234, 2012037.965766123495996 ], [ 6051507.856991301290691, 2012018.92689507571049 ], [ 6051501.244830656796694, 2012000.447144053643569 ], [ 6051492.853177024051547, 2011982.70448316144757 ], [ 6051482.762846615165472, 2011965.869783922797069 ], [ 6051471.071014827117324, 2011950.105173693969846 ], [ 6051457.890280392020941, 2011935.562474289443344 ], [ 6051443.347580987028778, 2011922.38173985411413 ], [ 6051434.732136407867074, 2011915.992090675514191 ], [ 6051425.576553673483431, 2011903.647216421086341 ], [ 6051412.395819238387048, 2011889.104517016559839 ], [ 6051397.853119833394885, 2011875.923782581230626 ], [ 6051382.088509605266154, 2011864.231950793415308 ], [ 6051365.25381036568433, 2011854.141620384063572 ], [ 6051347.511149473488331, 2011845.749966751551256 ], [ 6051329.031398451887071, 2011839.137806107290089 ], [ 6051309.992527403868735, 2011834.368817173177376 ] ] ], [ [ [ 6046933.834715778008103, 2016717.579357120674103 ], [ 6046918.070105549879372, 2016705.887525332858786 ], [ 6046901.235406310297549, 2016695.79719492350705 ], [ 6046883.492745418101549, 2016687.405541290994734 ], [ 6046865.012994396500289, 2016680.793380646733567 ], [ 6046845.974123348481953, 2016676.024391712620854 ], [ 6046826.559487011283636, 2016673.144502458861098 ], [ 6046806.956058945506811, 2016672.181447793263942 ], [ 6046787.352630879729986, 2016673.144502458861098 ], [ 6046767.937994542531669, 2016676.024391712620854 ], [ 6046748.899123494513333, 2016680.793380646733567 ], [ 6046730.419372472912073, 2016687.405541290994734 ], [ 6046712.676711580716074, 2016695.79719492350705 ], [ 6046695.84201234113425, 2016705.887525332858786 ], [ 6046680.077402113005519, 2016717.579357120674103 ], [ 6046665.534702708013356, 2016730.760091556003317 ], [ 6046652.353968272916973, 2016745.302790960529819 ], [ 6046640.662136484868824, 2016761.067401189357042 ], [ 6046630.571806075982749, 2016777.902100428007543 ], [ 6046622.180152443237603, 2016795.644761320203543 ], [ 6046615.567991798743606, 2016814.124512342270464 ], [ 6046615.418466370552778, 2016814.721451313002035 ], [ 6046611.725479675456882, 2016816.042823081370443 ], [ 6046593.982818783260882, 2016824.434476713882759 ], [ 6046577.148119543679059, 2016834.524807123234496 ], [ 6046561.383509315550327, 2016846.216638911049813 ], [ 6046546.840809910558164, 2016859.397373346379027 ], [ 6046533.660075475461781, 2016873.940072750905529 ], [ 6046521.968243687413633, 2016889.704682979732752 ], [ 6046511.877913278527558, 2016906.539382218383253 ], [ 6046503.486259645782411, 2016924.282043110579252 ], [ 6046496.874099001288414, 2016942.761794132646173 ], [ 6046496.364900450222194, 2016944.794628699775785 ], [ 6046493.584334372542799, 2016944.931229151785374 ], [ 6046474.169698035344481, 2016947.81111840554513 ], [ 6046455.130826987326145, 2016952.580107339657843 ], [ 6046436.651075965724885, 2016959.19226798391901 ], [ 6046418.908415073528886, 2016967.583921616431326 ], [ 6046402.073715833947062, 2016977.674252025783062 ], [ 6046386.309105605818331, 2016989.366083813598379 ], [ 6046371.766406200826168, 2017002.546818248927593 ], [ 6046358.585671765729785, 2017017.089517653454095 ], [ 6046346.893839977681637, 2017032.854127882281318 ], [ 6046336.803509568795562, 2017049.688827120931819 ], [ 6046328.411855936050415, 2017067.431488013127819 ], [ 6046321.799695291556418, 2017085.91123903519474 ], [ 6046317.030706357210875, 2017104.950110082980245 ], [ 6046314.150817103683949, 2017124.364746420178562 ], [ 6046313.187762438319623, 2017143.968174486188218 ], [ 6046314.150817103683949, 2017163.571602552197874 ], [ 6046317.030706357210875, 2017182.986238889396191 ], [ 6046321.799695291556418, 2017202.025109937181696 ], [ 6046328.411855936050415, 2017220.504860959248617 ], [ 6046334.256839433684945, 2017232.863040247932076 ], [ 6046334.624266028404236, 2017234.329889437416568 ], [ 6046341.236426672898233, 2017252.809640459483489 ], [ 6046349.62808030564338, 2017270.552301351679489 ], [ 6046359.718410714529455, 2017287.38700059032999 ], [ 6046371.410242502577603, 2017303.151610819157213 ], [ 6046384.590976937673986, 2017317.694310223683715 ], [ 6046398.618162276223302, 2017330.407809944590554 ], [ 6046399.481095450930297, 2017333.852832286851481 ], [ 6046406.093256095424294, 2017352.332583308918402 ], [ 6046414.484909728169441, 2017370.075244201114401 ], [ 6046424.575240137055516, 2017386.909943439764902 ], [ 6046436.267071925103664, 2017402.674553668592125 ], [ 6046449.447806360200047, 2017417.217253073118627 ], [ 6046463.990505765192211, 2017430.397987508447841 ], [ 6046479.755115993320942, 2017442.089819296263158 ], [ 6046496.589815232902765, 2017452.180149705614895 ], [ 6046514.332476125098765, 2017460.571803338127211 ], [ 6046532.812227146700025, 2017467.183963982388377 ], [ 6046551.851098194718361, 2017471.95295291650109 ], [ 6046571.265734531916678, 2017474.832842170260847 ], [ 6046590.869162597693503, 2017475.795896835858002 ], [ 6046610.472590663470328, 2017474.832842170260847 ], [ 6046629.887227000668645, 2017471.95295291650109 ], [ 6046648.926098048686981, 2017467.183963982388377 ], [ 6046667.405849070288241, 2017460.571803338127211 ], [ 6046685.148509962484241, 2017452.180149705614895 ], [ 6046701.983209202066064, 2017442.089819296263158 ], [ 6046717.747819430194795, 2017430.397987508447841 ], [ 6046732.290518835186958, 2017417.217253073118627 ], [ 6046745.471253270283341, 2017402.674553668592125 ], [ 6046757.16308505833149, 2017386.909943439764902 ], [ 6046767.253415467217565, 2017370.075244201114401 ], [ 6046775.645069099962711, 2017352.332583308918402 ], [ 6046782.257229744456708, 2017333.852832286851481 ], [ 6046787.026218678802252, 2017314.813961239065975 ], [ 6046789.906107932329178, 2017295.399324901867658 ], [ 6046790.869162597693503, 2017275.795896835858002 ], [ 6046789.906107932329178, 2017256.192468769848347 ], [ 6046787.026218678802252, 2017236.77783243265003 ], [ 6046782.257229744456708, 2017217.738961384864524 ], [ 6046775.645069099962711, 2017199.259210362797603 ], [ 6046770.736652230843902, 2017188.881234837230295 ], [ 6046771.043201605789363, 2017182.641278967726976 ], [ 6046782.541513512842357, 2017177.202982453396544 ], [ 6046799.376212752424181, 2017167.112652044044808 ], [ 6046815.140822980552912, 2017155.42082025622949 ], [ 6046829.683522385545075, 2017142.240085820900276 ], [ 6046842.864256820641458, 2017127.697386416373774 ], [ 6046854.556088608689606, 2017111.932776187546551 ], [ 6046864.646419017575681, 2017095.09807694889605 ], [ 6046873.038072650320828, 2017077.355416056700051 ], [ 6046879.650233294814825, 2017058.87566503463313 ], [ 6046879.799758723005652, 2017058.278726063901559 ], [ 6046883.492745418101549, 2017056.95735429553315 ], [ 6046901.235406310297549, 2017048.565700663020834 ], [ 6046918.070105549879372, 2017038.475370253669098 ], [ 6046933.834715778008103, 2017026.783538465853781 ], [ 6046948.377415183000267, 2017013.602804030524567 ], [ 6046961.55814961809665, 2016999.060104625998065 ], [ 6046973.249981406144798, 2016983.295494397170842 ], [ 6046983.340311815030873, 2016966.460795158520341 ], [ 6046991.73196544777602, 2016948.718134266324341 ], [ 6046998.344126092270017, 2016930.23838324425742 ], [ 6047003.11311502661556, 2016911.199512196471915 ], [ 6047005.993004280142486, 2016891.784875859273598 ], [ 6047006.956058945506811, 2016872.181447793263942 ], [ 6047005.993004280142486, 2016852.578019727254286 ], [ 6047003.11311502661556, 2016833.163383390055969 ], [ 6046998.344126092270017, 2016814.124512342270464 ], [ 6046991.73196544777602, 2016795.644761320203543 ], [ 6046983.340311815030873, 2016777.902100428007543 ], [ 6046973.249981406144798, 2016761.067401189357042 ], [ 6046961.55814961809665, 2016745.302790960529819 ], [ 6046948.377415183000267, 2016730.760091556003317 ], [ 6046933.834715778008103, 2016717.579357120674103 ] ] ], [ [ [ 6039637.227204824797809, 2024285.571660632034764 ], [ 6039618.747453803196549, 2024292.18382127629593 ], [ 6039601.00479291100055, 2024300.575474908808246 ], [ 6039584.170093671418726, 2024310.665805318159983 ], [ 6039568.405483443289995, 2024322.3576371059753 ], [ 6039553.862784038297832, 2024335.538371541304514 ], [ 6039540.682049603201449, 2024350.081070945831016 ], [ 6039528.990217815153301, 2024365.845681174658239 ], [ 6039518.899887406267226, 2024382.68038041330874 ], [ 6039510.508233773522079, 2024400.423041305504739 ], [ 6039509.825113473460078, 2024402.332234646193683 ], [ 6039506.019477505236864, 2024405.781462031882256 ], [ 6039492.838743070140481, 2024420.324161436408758 ], [ 6039481.146911282092333, 2024436.088771665235981 ], [ 6039471.056580873206258, 2024452.923470903886482 ], [ 6039462.664927240461111, 2024470.666131796082482 ], [ 6039456.052766595967114, 2024489.145882818149403 ], [ 6039451.283777661621571, 2024508.184753865934908 ], [ 6039448.403888408094645, 2024527.599390203133225 ], [ 6039447.440833742730319, 2024547.202818269142881 ], [ 6039448.403888408094645, 2024566.806246335152537 ], [ 6039451.283777661621571, 2024586.220882672350854 ], [ 6039456.052766595967114, 2024605.259753720136359 ], [ 6039462.664927240461111, 2024623.73950474220328 ], [ 6039471.056580873206258, 2024641.48216563439928 ], [ 6039481.146911282092333, 2024658.316864873049781 ], [ 6039492.838743070140481, 2024674.081475101877004 ], [ 6039506.019477505236864, 2024688.624174506403506 ], [ 6039520.562176910229027, 2024701.80490894173272 ], [ 6039536.326787138357759, 2024713.496740729548037 ], [ 6039553.161486377939582, 2024723.587071138899773 ], [ 6039560.022638694383204, 2024726.832154506584629 ], [ 6039561.93735065497458, 2024727.979788690339774 ], [ 6039579.680011547170579, 2024736.37144232285209 ], [ 6039598.159762568771839, 2024742.983602967113256 ], [ 6039617.198633616790175, 2024747.752591901225969 ], [ 6039636.613269953988492, 2024750.632481154985726 ], [ 6039656.216698019765317, 2024751.595535820582882 ], [ 6039675.820126085542142, 2024750.632481154985726 ], [ 6039695.234762422740459, 2024747.752591901225969 ], [ 6039714.273633470758796, 2024742.983602967113256 ], [ 6039732.753384492360055, 2024736.37144232285209 ], [ 6039750.496045384556055, 2024727.979788690339774 ], [ 6039767.330744624137878, 2024717.889458280988038 ], [ 6039783.09535485226661, 2024706.19762649317272 ], [ 6039797.638054257258773, 2024693.016892057843506 ], [ 6039810.818788692355156, 2024678.474192653317004 ], [ 6039822.510620480403304, 2024662.709582424489781 ], [ 6039832.600950889289379, 2024645.87488318583928 ], [ 6039840.992604522034526, 2024628.132222293643281 ], [ 6039841.990354394540191, 2024625.343698206124827 ], [ 6039845.050798087380826, 2024622.56987372925505 ], [ 6039858.23153252247721, 2024608.027174324728549 ], [ 6039869.923364310525358, 2024592.262564095901325 ], [ 6039880.013694719411433, 2024575.427864857250825 ], [ 6039888.405348352156579, 2024557.685203965054825 ], [ 6039895.017508996650577, 2024539.205452942987904 ], [ 6039899.78649793099612, 2024520.166581895202398 ], [ 6039902.666387184523046, 2024500.751945558004081 ], [ 6039903.629441849887371, 2024481.148517491994426 ], [ 6039902.666387184523046, 2024461.54508942598477 ], [ 6039899.78649793099612, 2024442.130453088786453 ], [ 6039895.017508996650577, 2024423.091582041000947 ], [ 6039888.405348352156579, 2024404.611831018934026 ], [ 6039880.013694719411433, 2024386.869170126738027 ], [ 6039869.923364310525358, 2024370.034470888087526 ], [ 6039858.23153252247721, 2024354.269860659260303 ], [ 6039845.050798087380826, 2024339.727161254733801 ], [ 6039830.508098682388663, 2024326.546426819404587 ], [ 6039814.743488454259932, 2024314.85459503158927 ], [ 6039797.908789214678109, 2024304.764264622237533 ], [ 6039791.475930470041931, 2024301.72174902795814 ], [ 6039789.563487640582025, 2024300.575474908808246 ], [ 6039771.820826748386025, 2024292.18382127629593 ], [ 6039753.341075726784766, 2024285.571660632034764 ], [ 6039734.302204678766429, 2024280.802671697922051 ], [ 6039714.887568341568112, 2024277.922782444162294 ], [ 6039695.284140275791287, 2024276.959727778565139 ], [ 6039675.680712210014462, 2024277.922782444162294 ], [ 6039656.266075872816145, 2024280.802671697922051 ], [ 6039637.227204824797809, 2024285.571660632034764 ] ] ], [ [ [ 6039326.991637169383466, 2024769.582229335093871 ], [ 6039308.511886147782207, 2024776.194389979355037 ], [ 6039290.769225255586207, 2024784.586043611867353 ], [ 6039273.934526016004384, 2024794.67637402121909 ], [ 6039258.169915787875652, 2024806.368205809034407 ], [ 6039243.627216382883489, 2024819.548940244363621 ], [ 6039230.446481947787106, 2024834.091639648890123 ], [ 6039218.754650159738958, 2024849.856249877717346 ], [ 6039208.664319750852883, 2024866.690949116367847 ], [ 6039204.241049000993371, 2024876.043169356649742 ], [ 6039202.045689551159739, 2024878.032927178777754 ], [ 6039188.864955116063356, 2024892.575626583304256 ], [ 6039177.173123328015208, 2024908.340236812131479 ], [ 6039167.082792919129133, 2024925.17493605078198 ], [ 6039158.691139286383986, 2024942.91759694297798 ], [ 6039152.078978641889989, 2024961.397347965044901 ], [ 6039147.309989707544446, 2024980.436219012830406 ], [ 6039144.43010045401752, 2024999.850855350028723 ], [ 6039143.467045788653195, 2025019.454283416038379 ], [ 6039144.43010045401752, 2025039.057711482048035 ], [ 6039147.309989707544446, 2025058.472347819246352 ], [ 6039152.078978641889989, 2025077.511218867031857 ], [ 6039158.691139286383986, 2025095.990969889098778 ], [ 6039167.082792919129133, 2025113.733630781294778 ], [ 6039177.173123328015208, 2025130.568330019945279 ], [ 6039188.864955116063356, 2025146.332940248772502 ], [ 6039202.045689551159739, 2025160.875639653299004 ], [ 6039216.588388956151903, 2025174.056374088628218 ], [ 6039232.352999184280634, 2025185.748205876443535 ], [ 6039233.37002033367753, 2025186.357784894295037 ], [ 6039238.949171686545014, 2025190.495565543184057 ], [ 6039255.783870926126838, 2025200.585895952535793 ], [ 6039273.526531818322837, 2025208.977549585048109 ], [ 6039292.006282839924097, 2025215.589710229309276 ], [ 6039311.045153887942433, 2025220.358699163421988 ], [ 6039330.45979022514075, 2025223.238588417181745 ], [ 6039350.063218290917575, 2025224.201643082778901 ], [ 6039369.6666463566944, 2025223.238588417181745 ], [ 6039389.081282693892717, 2025220.358699163421988 ], [ 6039408.120153741911054, 2025215.589710229309276 ], [ 6039426.599904763512313, 2025208.977549585048109 ], [ 6039444.342565655708313, 2025200.585895952535793 ], [ 6039461.177264895290136, 2025190.495565543184057 ], [ 6039476.941875123418868, 2025178.803733755368739 ], [ 6039491.484574528411031, 2025165.622999320039526 ], [ 6039504.665308963507414, 2025151.080299915513024 ], [ 6039516.357140751555562, 2025135.315689686685801 ], [ 6039526.447471160441637, 2025118.4809904480353 ], [ 6039531.824148386716843, 2025107.112961579114199 ], [ 6039533.770706676878035, 2025105.348703983705491 ], [ 6039546.951441111974418, 2025090.806004579178989 ], [ 6039558.643272900022566, 2025075.041394350351766 ], [ 6039568.733603308908641, 2025058.206695111701265 ], [ 6039577.125256941653788, 2025040.464034219505265 ], [ 6039583.737417586147785, 2025021.984283197438344 ], [ 6039588.506406520493329, 2025002.945412149652839 ], [ 6039591.386295774020255, 2024983.530775812454522 ], [ 6039592.34935043938458, 2024963.927347746444866 ], [ 6039591.386295774020255, 2024944.32391968043521 ], [ 6039588.506406520493329, 2024924.909283343236893 ], [ 6039583.737417586147785, 2024905.870412295451388 ], [ 6039577.125256941653788, 2024887.390661273384467 ], [ 6039568.733603308908641, 2024869.648000381188467 ], [ 6039558.643272900022566, 2024852.813301142537966 ], [ 6039546.951441111974418, 2024837.048690913710743 ], [ 6039533.770706676878035, 2024822.505991509184241 ], [ 6039519.228007271885872, 2024809.325257073855028 ], [ 6039503.463397043757141, 2024797.63342528603971 ], [ 6039486.628697804175317, 2024787.543094876687974 ], [ 6039468.886036911979318, 2024779.151441244175658 ], [ 6039464.579302351921797, 2024777.610466978512704 ], [ 6039461.585259092971683, 2024776.194389979355037 ], [ 6039443.105508071370423, 2024769.582229335093871 ], [ 6039424.066637023352087, 2024764.813240400981158 ], [ 6039404.652000686153769, 2024761.933351147221401 ], [ 6039385.048572620376945, 2024760.970296481624246 ], [ 6039365.44514455460012, 2024761.933351147221401 ], [ 6039346.030508217401803, 2024764.813240400981158 ], [ 6039326.991637169383466, 2024769.582229335093871 ] ] ], [ [ [ 6037134.903397433459759, 2028452.829627949744463 ], [ 6037117.160736541263759, 2028461.221281582256779 ], [ 6037100.326037301681936, 2028471.311611991608515 ], [ 6037084.561427073553205, 2028483.003443779423833 ], [ 6037070.018727668561041, 2028496.184178214753047 ], [ 6037056.837993233464658, 2028510.726877619279549 ], [ 6037045.14616144541651, 2028526.491487848106772 ], [ 6037035.055831036530435, 2028543.326187086757272 ], [ 6037026.664177403785288, 2028561.068847978953272 ], [ 6037020.052016759291291, 2028579.548599001020193 ], [ 6037015.283027824945748, 2028598.587470048805699 ], [ 6037012.403138571418822, 2028618.002106386004016 ], [ 6037011.440083906054497, 2028637.605534452013671 ], [ 6037012.403138571418822, 2028657.208962518023327 ], [ 6037015.283027824945748, 2028676.623598855221644 ], [ 6037019.196665998548269, 2028692.24771825177595 ], [ 6037013.919673164375126, 2028695.410626035649329 ], [ 6036998.155062936246395, 2028707.102457823464647 ], [ 6036983.612363531254232, 2028720.283192258793861 ], [ 6036970.431629096157849, 2028734.825891663320363 ], [ 6036958.739797308109701, 2028750.590501892147586 ], [ 6036948.649466899223626, 2028767.425201130798087 ], [ 6036940.257813266478479, 2028785.167862022994086 ], [ 6036933.645652621984482, 2028803.647613045061007 ], [ 6036928.876663687638938, 2028822.686484092846513 ], [ 6036925.996774434112012, 2028842.10112043004483 ], [ 6036925.033719768747687, 2028861.704548496054485 ], [ 6036925.996774434112012, 2028881.307976562064141 ], [ 6036928.876663687638938, 2028900.722612899262458 ], [ 6036933.645652621984482, 2028919.761483947047964 ], [ 6036940.257813266478479, 2028938.241234969114885 ], [ 6036948.649466899223626, 2028955.983895861310884 ], [ 6036958.739797308109701, 2028972.818595099961385 ], [ 6036970.431629096157849, 2028988.583205328788608 ], [ 6036983.612363531254232, 2029003.12590473331511 ], [ 6036988.129163785837591, 2029007.219693857477978 ], [ 6036989.846663641743362, 2029012.019784389995039 ], [ 6036998.238317274488509, 2029029.762445282191038 ], [ 6037008.328647683374584, 2029046.597144520841539 ], [ 6037013.10414379183203, 2029053.036155632697046 ], [ 6037011.680651350878179, 2029052.825000475626439 ], [ 6036992.077223285101354, 2029051.861945810029283 ], [ 6036972.473795219324529, 2029052.825000475626439 ], [ 6036953.059158882126212, 2029055.704889729386196 ], [ 6036934.020287834107876, 2029060.473878663498908 ], [ 6036915.540536812506616, 2029067.086039307760075 ], [ 6036897.797875920310616, 2029075.477692940272391 ], [ 6036880.963176680728793, 2029085.568023349624127 ], [ 6036865.198566452600062, 2029097.259855137439445 ], [ 6036850.655867047607899, 2029110.440589572768658 ], [ 6036837.475132612511516, 2029124.98328897729516 ], [ 6036825.783300824463367, 2029140.747899206122383 ], [ 6036815.692970415577292, 2029157.582598444772884 ], [ 6036807.301316782832146, 2029175.325259336968884 ], [ 6036800.689156138338149, 2029193.805010359035805 ], [ 6036795.920167203992605, 2029212.843881406821311 ], [ 6036793.040277950465679, 2029232.258517744019628 ], [ 6036792.077223285101354, 2029251.861945810029283 ], [ 6036793.040277950465679, 2029271.465373876038939 ], [ 6036795.920167203992605, 2029290.880010213237256 ], [ 6036800.689156138338149, 2029309.918881261022761 ], [ 6036807.301316782832146, 2029328.398632283089682 ], [ 6036815.692970415577292, 2029346.141293175285682 ], [ 6036825.783300824463367, 2029362.975992413936183 ], [ 6036837.475132612511516, 2029378.740602642763406 ], [ 6036850.655867047607899, 2029393.283302047289908 ], [ 6036865.198566452600062, 2029406.464036482619122 ], [ 6036880.963176680728793, 2029418.155868270434439 ], [ 6036897.797875920310616, 2029428.246198679786175 ], [ 6036915.540536812506616, 2029436.637852312298492 ], [ 6036934.020287834107876, 2029443.250012956559658 ], [ 6036953.059158882126212, 2029448.019001890672371 ], [ 6036964.933273577131331, 2029449.780360420001671 ], [ 6036980.939263109117746, 2029457.350629671942443 ], [ 6036999.419014130719006, 2029463.962790316203609 ], [ 6037018.457885178737342, 2029468.731779250316322 ], [ 6037037.872521515935659, 2029471.611668504076079 ], [ 6037057.475949581712484, 2029472.574723169673234 ], [ 6037077.079377647489309, 2029471.611668504076079 ], [ 6037096.494013984687626, 2029468.731779250316322 ], [ 6037115.532885032705963, 2029463.962790316203609 ], [ 6037134.012636054307222, 2029457.350629671942443 ], [ 6037151.755296946503222, 2029448.958976039430127 ], [ 6037168.589996186085045, 2029438.86864563007839 ], [ 6037184.354606414213777, 2029427.176813842263073 ], [ 6037198.89730581920594, 2029413.996079406933859 ], [ 6037212.078040254302323, 2029399.453380002407357 ], [ 6037223.769872042350471, 2029383.688769773580134 ], [ 6037233.860202451236546, 2029366.854070534929633 ], [ 6037242.251856083981693, 2029349.111409642733634 ], [ 6037248.86401672847569, 2029330.631658620666713 ], [ 6037253.633005662821233, 2029311.592787572881207 ], [ 6037256.512894916348159, 2029292.17815123568289 ], [ 6037257.475949581712484, 2029272.574723169673234 ], [ 6037256.512894916348159, 2029252.971295103663579 ], [ 6037253.633005662821233, 2029233.556658766465262 ], [ 6037248.86401672847569, 2029214.517787718679756 ], [ 6037242.251856083981693, 2029196.038036696612835 ], [ 6037233.860202451236546, 2029178.295375804416835 ], [ 6037223.769872042350471, 2029161.460676565766335 ], [ 6037212.078040254302323, 2029145.696066336939111 ], [ 6037201.033461446873844, 2029133.510251469444484 ], [ 6037213.640634546987712, 2029131.640153997577727 ], [ 6037232.679505595006049, 2029126.871165063465014 ], [ 6037251.159256616607308, 2029120.259004419203848 ], [ 6037268.901917508803308, 2029111.867350786691532 ], [ 6037285.736616748385131, 2029101.777020377339795 ], [ 6037301.501226976513863, 2029090.085188589524478 ], [ 6037316.043926381506026, 2029076.904454154195264 ], [ 6037329.224660816602409, 2029062.361754749668762 ], [ 6037340.916492604650557, 2029046.597144520841539 ], [ 6037351.006823013536632, 2029029.762445282191038 ], [ 6037359.398476646281779, 2029012.019784389995039 ], [ 6037366.010637290775776, 2028993.540033367928118 ], [ 6037370.779626225121319, 2028974.501162320142612 ], [ 6037372.052520993165672, 2028965.920002821832895 ], [ 6037377.094428549520671, 2028957.508088260423392 ], [ 6037385.486082182265818, 2028939.765427368227392 ], [ 6037392.098242826759815, 2028921.285676346160471 ], [ 6037396.867231761105359, 2028902.246805298374966 ], [ 6037398.860279494896531, 2028888.810768857598305 ], [ 6037402.185434709303081, 2028883.263082539429888 ], [ 6037410.577088342048228, 2028865.520421647233889 ], [ 6037417.189248986542225, 2028847.040670625166968 ], [ 6037421.958237920887768, 2028828.001799577381462 ], [ 6037423.862761901691556, 2028815.162541803671047 ], [ 6037429.984048911370337, 2028804.949791419552639 ], [ 6037438.375702544115484, 2028787.20713052735664 ], [ 6037444.987863188609481, 2028768.727379505289719 ], [ 6037449.756852122955024, 2028749.688508457504213 ], [ 6037452.63674137648195, 2028730.273872120305896 ], [ 6037452.714206364937127, 2028728.697036050492898 ], [ 6037457.971550552174449, 2028714.003743367968127 ], [ 6037462.740539486519992, 2028694.964872320182621 ], [ 6037465.620428740046918, 2028675.550235982984304 ], [ 6037466.583483405411243, 2028655.946807916974649 ], [ 6037465.620428740046918, 2028636.343379850964993 ], [ 6037462.740539486519992, 2028616.928743513766676 ], [ 6037457.971550552174449, 2028597.889872465981171 ], [ 6037451.359389907680452, 2028579.41012144391425 ], [ 6037442.967736274935305, 2028561.66746055171825 ], [ 6037432.87740586604923, 2028544.832761313067749 ], [ 6037421.185574078001082, 2028529.068151084240526 ], [ 6037408.004839642904699, 2028514.525451679714024 ], [ 6037393.462140237912536, 2028501.34471724438481 ], [ 6037377.697530009783804, 2028489.652885456569493 ], [ 6037360.862830770201981, 2028479.562555047217757 ], [ 6037343.120169878005981, 2028471.17090141470544 ], [ 6037324.640418856404722, 2028464.558740770444274 ], [ 6037305.601547808386385, 2028459.789751836331561 ], [ 6037301.363553305156529, 2028459.161104736616835 ], [ 6037287.976770378649235, 2028452.829627949744463 ], [ 6037269.497019357047975, 2028446.217467305483297 ], [ 6037250.458148309029639, 2028441.448478371370584 ], [ 6037231.043511971831322, 2028438.568589117610827 ], [ 6037211.440083906054497, 2028437.605534452013671 ], [ 6037191.836655840277672, 2028438.568589117610827 ], [ 6037172.422019503079355, 2028441.448478371370584 ], [ 6037153.383148455061018, 2028446.217467305483297 ], [ 6037134.903397433459759, 2028452.829627949744463 ] ] ], [ [ [ 6032851.201164102181792, 2034334.552698121406138 ], [ 6032839.509332314133644, 2034350.317308350233361 ], [ 6032829.419001905247569, 2034367.152007588883862 ], [ 6032821.027348272502422, 2034384.894668481079862 ], [ 6032814.415187628008425, 2034403.374419503146783 ], [ 6032809.646198693662882, 2034422.413290550932288 ], [ 6032806.766309440135956, 2034441.827926888130605 ], [ 6032805.803254774771631, 2034461.431354954140261 ], [ 6032806.292829009704292, 2034471.396867441246286 ], [ 6032804.153465097770095, 2034474.966180492192507 ], [ 6032795.761811465024948, 2034492.708841384388506 ], [ 6032789.149650820530951, 2034511.188592406455427 ], [ 6032784.380661886185408, 2034530.227463454240933 ], [ 6032781.500772632658482, 2034549.64209979143925 ], [ 6032780.917967330664396, 2034561.505374248838052 ], [ 6032778.206450963392854, 2034561.638582505984232 ], [ 6032758.791814626194537, 2034564.518471759743989 ], [ 6032739.7529435781762, 2034569.287460693856701 ], [ 6032721.273192556574941, 2034575.899621338117868 ], [ 6032703.530531664378941, 2034584.291274970630184 ], [ 6032686.695832424797118, 2034594.38160537998192 ], [ 6032670.931222196668386, 2034606.073437167797238 ], [ 6032656.388522791676223, 2034619.254171603126451 ], [ 6032643.20778835657984, 2034633.796871007652953 ], [ 6032631.515956568531692, 2034649.561481236480176 ], [ 6032621.425626159645617, 2034666.396180475130677 ], [ 6032613.03397252690047, 2034684.138841367326677 ], [ 6032606.421811882406473, 2034702.618592389393598 ], [ 6032601.65282294806093, 2034721.657463437179103 ], [ 6032598.772933694534004, 2034741.072099774377421 ], [ 6032597.809879029169679, 2034760.675527840387076 ], [ 6032598.772933694534004, 2034780.278955906396732 ], [ 6032601.65282294806093, 2034799.693592243595049 ], [ 6032606.421811882406473, 2034818.732463291380554 ], [ 6032613.03397252690047, 2034837.212214313447475 ], [ 6032621.425626159645617, 2034854.954875205643475 ], [ 6032631.515956568531692, 2034871.789574444293976 ], [ 6032643.20778835657984, 2034887.554184673121199 ], [ 6032656.388522791676223, 2034902.096884077647701 ], [ 6032670.931222196668386, 2034915.277618512976915 ], [ 6032686.695832424797118, 2034926.969450300792232 ], [ 6032703.530531664378941, 2034937.059780710143968 ], [ 6032721.273192556574941, 2034945.451434342656285 ], [ 6032739.7529435781762, 2034952.063594986917451 ], [ 6032758.791814626194537, 2034956.832583921030164 ], [ 6032778.206450963392854, 2034959.71247317478992 ], [ 6032797.809879029169679, 2034960.675527840387076 ], [ 6032817.413307094946504, 2034959.71247317478992 ], [ 6032836.827943432144821, 2034956.832583921030164 ], [ 6032855.866814480163157, 2034952.063594986917451 ], [ 6032874.346565501764417, 2034945.451434342656285 ], [ 6032892.089226393960416, 2034937.059780710143968 ], [ 6032908.92392563354224, 2034926.969450300792232 ], [ 6032924.688535861670971, 2034915.277618512976915 ], [ 6032939.231235266663134, 2034902.096884077647701 ], [ 6032952.411969701759517, 2034887.554184673121199 ], [ 6032964.103801489807665, 2034871.789574444293976 ], [ 6032974.19413189869374, 2034854.954875205643475 ], [ 6032982.585785531438887, 2034837.212214313447475 ], [ 6032989.197946175932884, 2034818.732463291380554 ], [ 6032993.966935110278428, 2034799.693592243595049 ], [ 6032996.846824363805354, 2034780.278955906396732 ], [ 6032997.429629665799439, 2034768.41568144899793 ], [ 6033000.141146033070982, 2034768.28247319185175 ], [ 6033019.555782370269299, 2034765.402583938091993 ], [ 6033038.594653418287635, 2034760.633595003979281 ], [ 6033057.074404439888895, 2034754.021434359718114 ], [ 6033074.817065332084894, 2034745.629780727205798 ], [ 6033091.651764571666718, 2034735.539450317854062 ], [ 6033107.416374799795449, 2034723.847618530038744 ], [ 6033115.931987046264112, 2034716.129517478169873 ], [ 6033119.010158957913518, 2034715.672913807909936 ], [ 6033138.049030005931854, 2034710.903924873797223 ], [ 6033156.528781027533114, 2034704.291764229536057 ], [ 6033174.271441919729114, 2034695.90011059702374 ], [ 6033191.106141159310937, 2034685.809780187672004 ], [ 6033206.870751387439668, 2034674.117948399856687 ], [ 6033221.413450792431831, 2034660.937213964527473 ], [ 6033234.594185227528214, 2034646.394514560000971 ], [ 6033246.286017015576363, 2034630.629904331173748 ], [ 6033256.376347424462438, 2034613.795205092523247 ], [ 6033264.768001057207584, 2034596.052544200327247 ], [ 6033271.380161701701581, 2034577.572793178260326 ], [ 6033276.149150636047125, 2034558.533922130474821 ], [ 6033279.029039889574051, 2034539.119285793276504 ], [ 6033279.604364565573633, 2034527.408282970543951 ], [ 6033290.348437029868364, 2034525.814550371374935 ], [ 6033309.387308077886701, 2034521.045561437262222 ], [ 6033327.86705909948796, 2034514.433400793001056 ], [ 6033345.60971999168396, 2034506.04174716048874 ], [ 6033362.444419231265783, 2034495.951416751137003 ], [ 6033378.209029459394515, 2034484.259584963321686 ], [ 6033392.751728864386678, 2034471.078850527992472 ], [ 6033405.932463299483061, 2034456.53615112346597 ], [ 6033417.624295087531209, 2034440.771540894638747 ], [ 6033427.714625496417284, 2034423.936841655988246 ], [ 6033436.106279129162431, 2034406.194180763792247 ], [ 6033442.718439773656428, 2034387.714429741725326 ], [ 6033447.487428708001971, 2034368.67555869393982 ], [ 6033450.367317961528897, 2034349.260922356741503 ], [ 6033451.330372626893222, 2034329.657494290731847 ], [ 6033450.367317961528897, 2034310.054066224722192 ], [ 6033447.487428708001971, 2034290.639429887523875 ], [ 6033442.718439773656428, 2034271.600558839738369 ], [ 6033436.106279129162431, 2034253.120807817671448 ], [ 6033427.714625496417284, 2034235.378146925475448 ], [ 6033417.624295087531209, 2034218.543447686824948 ], [ 6033405.932463299483061, 2034202.778837457997724 ], [ 6033392.751728864386678, 2034188.236138053471223 ], [ 6033378.209029459394515, 2034175.055403618142009 ], [ 6033369.246083025820553, 2034168.408029498998076 ], [ 6033357.444492255337536, 2034155.38698064093478 ], [ 6033342.901792850345373, 2034142.206246205605567 ], [ 6033327.137182622216642, 2034130.514414417790249 ], [ 6033310.302483382634819, 2034120.424084008438513 ], [ 6033292.559822490438819, 2034112.032430375926197 ], [ 6033274.080071468837559, 2034105.42026973166503 ], [ 6033255.041200420819223, 2034100.651280797552317 ], [ 6033235.626564083620906, 2034097.771391543792561 ], [ 6033216.023136017844081, 2034096.808336878195405 ], [ 6033196.419707952067256, 2034097.771391543792561 ], [ 6033177.005071614868939, 2034100.651280797552317 ], [ 6033157.966200566850603, 2034105.42026973166503 ], [ 6033139.486449545249343, 2034112.032430375926197 ], [ 6033121.743788653053343, 2034120.424084008438513 ], [ 6033104.90908941347152, 2034130.514414417790249 ], [ 6033089.144479185342789, 2034142.206246205605567 ], [ 6033074.601779780350626, 2034155.38698064093478 ], [ 6033061.574940049089491, 2034169.759883405873552 ], [ 6033056.860636117868125, 2034171.446688324445859 ], [ 6033039.117975225672126, 2034179.838341956958175 ], [ 6033022.283275986090302, 2034189.928672366309911 ], [ 6033006.518665757961571, 2034201.620504154125229 ], [ 6032991.975966352969408, 2034214.801238589454442 ], [ 6032978.795231917873025, 2034229.343937993980944 ], [ 6032967.103400129824877, 2034245.108548222808167 ], [ 6032957.013069720938802, 2034261.943247461458668 ], [ 6032953.912559763528407, 2034268.498724984005094 ], [ 6032947.746319323778152, 2034270.043287807609886 ], [ 6032929.266568302176893, 2034276.655448451871052 ], [ 6032911.523907409980893, 2034285.047102084383368 ], [ 6032894.68920817039907, 2034295.137432493735105 ], [ 6032878.924597942270339, 2034306.829264281550422 ], [ 6032864.381898537278175, 2034320.009998716879636 ], [ 6032851.201164102181792, 2034334.552698121406138 ] ] ], [ [ [ 6027623.589606705121696, 2038482.154732704162598 ], [ 6027604.55073565710336, 2038477.385743770049885 ], [ 6027585.136099319905043, 2038474.505854516290128 ], [ 6027565.532671254128218, 2038473.542799850692973 ], [ 6027545.929243188351393, 2038474.505854516290128 ], [ 6027526.514606851153076, 2038477.385743770049885 ], [ 6027507.475735803134739, 2038482.154732704162598 ], [ 6027488.99598478153348, 2038488.766893348423764 ], [ 6027471.25332388933748, 2038497.15854698093608 ], [ 6027454.418624649755657, 2038507.248877390287817 ], [ 6027438.654014421626925, 2038518.940709178103134 ], [ 6027424.111315016634762, 2038532.121443613432348 ], [ 6027410.930580581538379, 2038546.66414301795885 ], [ 6027399.238748793490231, 2038562.428753246786073 ], [ 6027389.148418384604156, 2038579.263452485436574 ], [ 6027380.756764751859009, 2038597.006113377632573 ], [ 6027374.144604107365012, 2038615.485864399699494 ], [ 6027369.375615173019469, 2038634.524735447485 ], [ 6027366.495725919492543, 2038653.939371784683317 ], [ 6027365.532671254128218, 2038673.542799850692973 ], [ 6027366.495725919492543, 2038693.146227916702628 ], [ 6027369.375615173019469, 2038712.560864253900945 ], [ 6027374.144604107365012, 2038731.599735301686451 ], [ 6027380.756764751859009, 2038750.079486323753372 ], [ 6027389.148418384604156, 2038767.822147215949371 ], [ 6027399.238748793490231, 2038784.656846454599872 ], [ 6027403.243961123749614, 2038790.057250122074038 ], [ 6027404.947938072495162, 2038794.819546662736684 ], [ 6027413.339591705240309, 2038812.562207554932684 ], [ 6027423.429922114126384, 2038829.396906793583184 ], [ 6027435.121753902174532, 2038845.161517022410408 ], [ 6027448.302488337270916, 2038859.70421642693691 ], [ 6027462.845187742263079, 2038872.884950862266123 ], [ 6027478.60979797039181, 2038884.576782650081441 ], [ 6027495.444497209973633, 2038894.667113059433177 ], [ 6027513.187158102169633, 2038903.058766691945493 ], [ 6027531.666909123770893, 2038909.67092733620666 ], [ 6027550.705780171789229, 2038914.439916270319372 ], [ 6027570.120416508987546, 2038917.319805524079129 ], [ 6027589.723844574764371, 2038918.282860189676285 ], [ 6027609.327272640541196, 2038917.319805524079129 ], [ 6027628.741908977739513, 2038914.439916270319372 ], [ 6027647.780780025757849, 2038909.67092733620666 ], [ 6027666.260531047359109, 2038903.058766691945493 ], [ 6027684.003191939555109, 2038894.667113059433177 ], [ 6027700.837891179136932, 2038884.576782650081441 ], [ 6027716.602501407265663, 2038872.884950862266123 ], [ 6027731.145200812257826, 2038859.70421642693691 ], [ 6027744.325935247354209, 2038845.161517022410408 ], [ 6027756.017767035402358, 2038829.396906793583184 ], [ 6027766.108097444288433, 2038812.562207554932684 ], [ 6027774.499751077033579, 2038794.819546662736684 ], [ 6027781.111911721527576, 2038776.339795640669763 ], [ 6027785.88090065587312, 2038757.300924592884257 ], [ 6027788.760789909400046, 2038737.88628825568594 ], [ 6027789.723844574764371, 2038718.282860189676285 ], [ 6027788.760789909400046, 2038698.679432123666629 ], [ 6027785.88090065587312, 2038679.264795786468312 ], [ 6027781.111911721527576, 2038660.225924738682806 ], [ 6027774.499751077033579, 2038641.746173716615885 ], [ 6027766.108097444288433, 2038624.003512824419886 ], [ 6027756.017767035402358, 2038607.168813585769385 ], [ 6027752.012554705142975, 2038601.76840991829522 ], [ 6027750.308577756397426, 2038597.006113377632573 ], [ 6027741.916924123652279, 2038579.263452485436574 ], [ 6027731.826593714766204, 2038562.428753246786073 ], [ 6027720.134761926718056, 2038546.66414301795885 ], [ 6027706.954027491621673, 2038532.121443613432348 ], [ 6027692.41132808662951, 2038518.940709178103134 ], [ 6027676.646717858500779, 2038507.248877390287817 ], [ 6027659.812018618918955, 2038497.15854698093608 ], [ 6027642.069357726722956, 2038488.766893348423764 ], [ 6027623.589606705121696, 2038482.154732704162598 ] ] ], [ [ [ 6081355.822477055713534, 2089217.898998805554584 ], [ 6081336.783606007695198, 2089222.667987739667296 ], [ 6081318.303854986093938, 2089229.280148383928463 ], [ 6081300.561194093897939, 2089237.671802016440779 ], [ 6081283.726494854316115, 2089247.762132425792515 ], [ 6081267.961884626187384, 2089259.453964213607833 ], [ 6081253.419185221195221, 2089272.634698648937047 ], [ 6081240.238450786098838, 2089287.177398053463548 ], [ 6081228.54661899805069, 2089302.942008282290772 ], [ 6081224.360402625054121, 2089309.926288354210556 ], [ 6081212.897065985947847, 2089322.574131289729849 ], [ 6081201.205234197899699, 2089338.338741518557072 ], [ 6081191.114903789013624, 2089355.173440757207572 ], [ 6081182.723250156268477, 2089372.916101649403572 ], [ 6081176.11108951177448, 2089391.395852671470493 ], [ 6081171.342100577428937, 2089410.434723719255999 ], [ 6081168.462211323902011, 2089429.849360056454316 ], [ 6081167.499156658537686, 2089449.452788122463971 ], [ 6081168.462211323902011, 2089469.056216188473627 ], [ 6081171.342100577428937, 2089488.470852525671944 ], [ 6081176.11108951177448, 2089507.50972357345745 ], [ 6081182.723250156268477, 2089525.989474595524371 ], [ 6081191.114903789013624, 2089543.73213548772037 ], [ 6081201.205234197899699, 2089560.566834726370871 ], [ 6081212.897065985947847, 2089576.331444955198094 ], [ 6081226.07780042104423, 2089590.874144359724596 ], [ 6081240.620499826036394, 2089604.05487879505381 ], [ 6081256.385110054165125, 2089615.746710582869127 ], [ 6081273.219809293746948, 2089625.837040992220864 ], [ 6081290.962470185942948, 2089634.22869462473318 ], [ 6081308.928934217430651, 2089640.657198247034103 ], [ 6081316.597933647222817, 2089646.344915864057839 ], [ 6081333.43263288680464, 2089656.435246273409575 ], [ 6081351.17529377900064, 2089664.826899905921891 ], [ 6081369.6550448006019, 2089671.439060550183058 ], [ 6081388.693915848620236, 2089676.208049484295771 ], [ 6081408.108552185818553, 2089679.087938738055527 ], [ 6081427.711980251595378, 2089680.050993403652683 ], [ 6081447.315408317372203, 2089679.087938738055527 ], [ 6081466.73004465457052, 2089676.208049484295771 ], [ 6081485.768915702588856, 2089671.439060550183058 ], [ 6081504.248666724190116, 2089664.826899905921891 ], [ 6081521.991327616386116, 2089656.435246273409575 ], [ 6081538.826026855967939, 2089646.344915864057839 ], [ 6081554.59063708409667, 2089634.653084076242521 ], [ 6081569.133336489088833, 2089621.472349640913308 ], [ 6081582.314070924185216, 2089606.929650236386806 ], [ 6081594.005902712233365, 2089591.165040007559583 ], [ 6081604.09623312111944, 2089574.330340768909082 ], [ 6081612.487886753864586, 2089556.587679876713082 ], [ 6081617.779057124629617, 2089541.799849344417453 ], [ 6081620.902892795391381, 2089536.588044391945004 ], [ 6081629.294546428136528, 2089518.845383499749005 ], [ 6081635.906707072630525, 2089500.365632477682084 ], [ 6081640.675696006976068, 2089481.326761429896578 ], [ 6081643.555585260502994, 2089461.912125092698261 ], [ 6081644.518639925867319, 2089442.308697026688606 ], [ 6081643.555585260502994, 2089422.70526896067895 ], [ 6081640.675696006976068, 2089403.290632623480633 ], [ 6081635.906707072630525, 2089384.251761575695127 ], [ 6081629.294546428136528, 2089365.772010553628206 ], [ 6081620.902892795391381, 2089348.029349661432207 ], [ 6081610.812562386505306, 2089331.194650422781706 ], [ 6081599.120730598457158, 2089315.430040193954483 ], [ 6081585.939996163360775, 2089300.887340789427981 ], [ 6081571.397296758368611, 2089287.706606354098767 ], [ 6081555.63268653023988, 2089276.01477456628345 ], [ 6081538.797987290658057, 2089265.924444156931713 ], [ 6081521.055326398462057, 2089257.532790524419397 ], [ 6081517.332955678924918, 2089256.200904984027147 ], [ 6081505.954588063061237, 2089247.762132425792515 ], [ 6081489.119888823479414, 2089237.671802016440779 ], [ 6081471.377227931283414, 2089229.280148383928463 ], [ 6081452.897476909682155, 2089222.667987739667296 ], [ 6081433.858605861663818, 2089217.898998805554584 ], [ 6081414.443969524465501, 2089215.019109551794827 ], [ 6081394.840541458688676, 2089214.056054886197671 ], [ 6081375.237113392911851, 2089215.019109551794827 ], [ 6081355.822477055713534, 2089217.898998805554584 ] ] ], [ [ [ 6071077.986185140907764, 2101191.472331776283681 ], [ 6071058.571548803709447, 2101188.592442522291094 ], [ 6071038.968120737932622, 2101187.629387856926769 ], [ 6071019.364692672155797, 2101188.592442522291094 ], [ 6070999.95005633495748, 2101191.472331776283681 ], [ 6070980.911185286939144, 2101196.241320710629225 ], [ 6070962.431434265337884, 2101202.853481354657561 ], [ 6070944.688773373141885, 2101211.245134987402707 ], [ 6070927.854074133560061, 2101221.335465396288782 ], [ 6070912.08946390543133, 2101233.027297184336931 ], [ 6070897.546764500439167, 2101246.208031619433314 ], [ 6070884.366030065342784, 2101260.750731024425477 ], [ 6070872.674198277294636, 2101276.515341253019869 ], [ 6070862.583867868408561, 2101293.35004049167037 ], [ 6070856.262138075195253, 2101306.716215131804347 ], [ 6070850.565424364060163, 2101313.001570132561028 ], [ 6070838.873592576012015, 2101328.766180361155421 ], [ 6070828.78326216712594, 2101345.600879599805921 ], [ 6070820.391608534380794, 2101363.343540492001921 ], [ 6070813.779447889886796, 2101381.823291514068842 ], [ 6070812.419840115122497, 2101387.251150009222329 ], [ 6070806.583347273059189, 2101396.98875003028661 ], [ 6070798.191693640314043, 2101414.73141092248261 ], [ 6070791.579532995820045, 2101433.211161944549531 ], [ 6070786.810544061474502, 2101452.250032992102206 ], [ 6070783.930654807947576, 2101471.664669329766184 ], [ 6070782.967600142583251, 2101491.268097395543009 ], [ 6070783.930654807947576, 2101510.871525461319834 ], [ 6070786.810544061474502, 2101530.286161798983812 ], [ 6070791.579532995820045, 2101549.325032846536487 ], [ 6070798.191693640314043, 2101567.804783868603408 ], [ 6070806.583347273059189, 2101585.547444760799408 ], [ 6070816.673677681945264, 2101602.382143999449909 ], [ 6070828.365509469993412, 2101618.146754228044301 ], [ 6070841.546243905089796, 2101632.689453633036464 ], [ 6070856.088943310081959, 2101645.870188068132848 ], [ 6070871.85355353821069, 2101657.562019856180996 ], [ 6070888.688252777792513, 2101667.652350265067071 ], [ 6070906.430913669988513, 2101676.044003897812217 ], [ 6070924.910664691589773, 2101682.656164541840553 ], [ 6070943.949535739608109, 2101687.425153476186097 ], [ 6070963.364172076806426, 2101690.305042730178684 ], [ 6070982.967600142583251, 2101691.268097395543009 ], [ 6071002.571028208360076, 2101690.305042730178684 ], [ 6071021.985664545558393, 2101687.425153476186097 ], [ 6071030.749260715208948, 2101685.22998691117391 ], [ 6071039.292062209919095, 2101694.655515877064317 ], [ 6071053.834761614911258, 2101707.836250312160701 ], [ 6071069.599371843039989, 2101719.528082100208849 ], [ 6071086.434071082621813, 2101729.618412509094924 ], [ 6071104.176731974817812, 2101738.01006614184007 ], [ 6071122.656482996419072, 2101744.622226785868406 ], [ 6071141.695354044437408, 2101749.39121572021395 ], [ 6071161.109990381635725, 2101752.271104974206537 ], [ 6071180.71341844741255, 2101753.234159639570862 ], [ 6071200.316846513189375, 2101752.271104974206537 ], [ 6071219.731482850387692, 2101749.39121572021395 ], [ 6071238.770353898406029, 2101744.622226785868406 ], [ 6071257.250104920007288, 2101738.01006614184007 ], [ 6071274.992765812203288, 2101729.618412509094924 ], [ 6071291.827465051785111, 2101719.528082100208849 ], [ 6071307.592075279913843, 2101707.836250312160701 ], [ 6071322.134774684906006, 2101694.655515877064317 ], [ 6071335.315509120002389, 2101680.112816472072154 ], [ 6071347.007340908050537, 2101664.348206243477762 ], [ 6071357.097671316936612, 2101647.513507004827261 ], [ 6071365.489324949681759, 2101629.770846112631261 ], [ 6071372.101485594175756, 2101611.29109509056434 ], [ 6071376.870474528521299, 2101592.252224043011665 ], [ 6071379.750363782048225, 2101572.837587705347687 ], [ 6071380.71341844741255, 2101553.234159639570862 ], [ 6071379.750363782048225, 2101533.630731573794037 ], [ 6071376.870474528521299, 2101514.216095236130059 ], [ 6071372.101485594175756, 2101495.177224188577384 ], [ 6071365.489324949681759, 2101476.697473166510463 ], [ 6071357.097671316936612, 2101458.954812274314463 ], [ 6071349.581262333318591, 2101446.414441497065127 ], [ 6071349.062693675048649, 2101435.85873395903036 ], [ 6071346.182804421521723, 2101416.444097621366382 ], [ 6071341.41381548717618, 2101397.405226573813707 ], [ 6071334.801654842682183, 2101378.925475551746786 ], [ 6071326.410001209937036, 2101361.182814659550786 ], [ 6071316.319670801050961, 2101344.348115420900285 ], [ 6071304.627839013002813, 2101328.583505192305893 ], [ 6071291.44710457790643, 2101314.04080578731373 ], [ 6071276.904405172914267, 2101300.860071352217346 ], [ 6071261.139794944785535, 2101289.168239564169198 ], [ 6071244.305095705203712, 2101279.077909155283123 ], [ 6071226.562434813007712, 2101270.686255522537977 ], [ 6071208.082683791406453, 2101264.074094878509641 ], [ 6071193.204585812985897, 2101260.347325342241675 ], [ 6071180.389476975426078, 2101246.208031619433314 ], [ 6071165.846777570433915, 2101233.027297184336931 ], [ 6071150.082167342305183, 2101221.335465396288782 ], [ 6071133.24746810272336, 2101211.245134987402707 ], [ 6071115.50480721052736, 2101202.853481354657561 ], [ 6071097.025056188926101, 2101196.241320710629225 ], [ 6071077.986185140907764, 2101191.472331776283681 ] ] ], [ [ [ 6063513.448681933805346, 2108933.817538151051849 ], [ 6063494.968930912204087, 2108927.205377507023513 ], [ 6063475.93005986418575, 2108922.43638857267797 ], [ 6063456.515423526987433, 2108919.556499318685383 ], [ 6063436.911995461210608, 2108918.593444653321058 ], [ 6063417.308567395433784, 2108919.556499318685383 ], [ 6063397.893931058235466, 2108922.43638857267797 ], [ 6063378.85506001021713, 2108927.205377507023513 ], [ 6063360.37530898861587, 2108933.817538151051849 ], [ 6063342.632648096419871, 2108942.209191783796996 ], [ 6063325.797948856838048, 2108952.299522192683071 ], [ 6063310.033338628709316, 2108963.991353980731219 ], [ 6063295.490639223717153, 2108977.172088415827602 ], [ 6063282.30990478862077, 2108991.714787820819765 ], [ 6063270.794577575288713, 2109007.241409180685878 ], [ 6063261.851749755442142, 2109009.481470936909318 ], [ 6063243.371998733840883, 2109016.093631580937654 ], [ 6063225.629337841644883, 2109024.485285213682801 ], [ 6063208.79463860206306, 2109034.575615622568876 ], [ 6063193.030028373934329, 2109046.267447410617024 ], [ 6063178.487328968942165, 2109059.448181845713407 ], [ 6063165.306594533845782, 2109073.99088125070557 ], [ 6063163.852673839777708, 2109075.951266368851066 ], [ 6063154.392578442580998, 2109080.425558268558234 ], [ 6063137.557879202999175, 2109090.515888677444309 ], [ 6063121.793268974870443, 2109102.207720465492457 ], [ 6063107.25056956987828, 2109115.38845490058884 ], [ 6063094.069835134781897, 2109129.931154305581003 ], [ 6063082.378003346733749, 2109145.695764534175396 ], [ 6063072.287672937847674, 2109162.530463772825897 ], [ 6063063.896019305102527, 2109180.273124665021896 ], [ 6063057.28385866060853, 2109198.752875687088817 ], [ 6063052.514869726262987, 2109217.791746734641492 ], [ 6063049.634980472736061, 2109237.206383072305471 ], [ 6063048.671925807371736, 2109256.809811138082296 ], [ 6063049.163821678608656, 2109266.822581629268825 ], [ 6063048.940313882194459, 2109271.372187351807952 ], [ 6063049.903368547558784, 2109290.975615417584777 ], [ 6063052.783257801085711, 2109310.390251755248755 ], [ 6063057.552246735431254, 2109329.42912280280143 ], [ 6063064.164407379925251, 2109347.908873824868351 ], [ 6063072.556061012670398, 2109365.651534717064351 ], [ 6063082.646391421556473, 2109382.486233955714852 ], [ 6063094.338223209604621, 2109398.250844184309244 ], [ 6063107.518957644701004, 2109412.793543589301407 ], [ 6063122.061657049693167, 2109425.97427802439779 ], [ 6063137.826267277821898, 2109437.666109812445939 ], [ 6063154.660966517403722, 2109447.756440221332014 ], [ 6063172.403627409599721, 2109456.14809385407716 ], [ 6063190.883378431200981, 2109462.760254498105496 ], [ 6063209.922249479219317, 2109467.52924343245104 ], [ 6063229.336885816417634, 2109470.409132686443627 ], [ 6063241.382964249700308, 2109471.000918571837246 ], [ 6063253.402249341830611, 2109474.0115927583538 ], [ 6063272.816885679028928, 2109476.891482012346387 ], [ 6063292.420313744805753, 2109477.854536677710712 ], [ 6063312.023741810582578, 2109476.891482012346387 ], [ 6063331.438378147780895, 2109474.0115927583538 ], [ 6063350.477249195799232, 2109469.242603824008256 ], [ 6063368.957000217400491, 2109462.63044317997992 ], [ 6063371.0654576420784, 2109461.633217086549848 ], [ 6063383.998428546823561, 2109460.997860968112946 ], [ 6063403.413064884021878, 2109458.117971714120358 ], [ 6063422.451935932040215, 2109453.348982779774815 ], [ 6063440.931686953641474, 2109446.736822135746479 ], [ 6063458.674347845837474, 2109438.345168503001332 ], [ 6063475.509047085419297, 2109428.254838094115257 ], [ 6063491.273657313548028, 2109416.563006306067109 ], [ 6063505.816356718540192, 2109403.382271870970726 ], [ 6063518.997091153636575, 2109388.839572465978563 ], [ 6063530.688922941684723, 2109373.07496223738417 ], [ 6063538.408622362650931, 2109360.195421856362373 ], [ 6063546.241800129413605, 2109357.392666035331786 ], [ 6063563.984461021609604, 2109349.001012402586639 ], [ 6063580.819160261191428, 2109338.910681993700564 ], [ 6063596.583770489320159, 2109327.218850205652416 ], [ 6063611.126469894312322, 2109314.038115770556033 ], [ 6063624.307204329408705, 2109299.495416365563869 ], [ 6063635.999036117456853, 2109283.730806136969477 ], [ 6063646.089366526342928, 2109266.896106898318976 ], [ 6063654.481020159088075, 2109249.153446006122977 ], [ 6063661.093180803582072, 2109230.673694984056056 ], [ 6063665.862169737927616, 2109211.634823936503381 ], [ 6063668.742058991454542, 2109192.220187598839402 ], [ 6063669.705113656818867, 2109172.616759533062577 ], [ 6063668.742058991454542, 2109153.013331467285752 ], [ 6063665.862169737927616, 2109133.598695129621774 ], [ 6063661.093180803582072, 2109114.559824082069099 ], [ 6063654.481020159088075, 2109096.080073060002178 ], [ 6063646.089366526342928, 2109078.337412167806178 ], [ 6063635.999036117456853, 2109061.502712929155678 ], [ 6063624.307204329408705, 2109045.738102700561285 ], [ 6063622.15576939098537, 2109043.36436004191637 ], [ 6063621.687901963479817, 2109042.056758180260658 ], [ 6063613.29624833073467, 2109024.314097288064659 ], [ 6063603.205917921848595, 2109007.479398049414158 ], [ 6063591.514086133800447, 2108991.714787820819765 ], [ 6063578.333351698704064, 2108977.172088415827602 ], [ 6063563.790652293711901, 2108963.991353980731219 ], [ 6063548.026042065583169, 2108952.299522192683071 ], [ 6063531.191342826001346, 2108942.209191783796996 ], [ 6063513.448681933805346, 2108933.817538151051849 ] ] ], [ [ [ 6051794.323844532482326, 2117334.655649189837277 ], [ 6051777.489145292900503, 2117324.565318780951202 ], [ 6051759.746484400704503, 2117316.173665148206055 ], [ 6051741.266733379103243, 2117309.561504504177719 ], [ 6051722.227862331084907, 2117304.792515569832176 ], [ 6051702.81322599388659, 2117301.912626315839589 ], [ 6051683.209797928109765, 2117300.949571650475264 ], [ 6051663.60636986233294, 2117301.912626315839589 ], [ 6051644.191733525134623, 2117304.792515569832176 ], [ 6051625.152862477116287, 2117309.561504504177719 ], [ 6051606.673111455515027, 2117316.173665148206055 ], [ 6051595.778085276484489, 2117321.326628763694316 ], [ 6051578.867998097091913, 2117318.818254282232374 ], [ 6051559.264570031315088, 2117317.855199616868049 ], [ 6051539.661141965538263, 2117318.818254282232374 ], [ 6051520.246505628339946, 2117321.698143536224961 ], [ 6051501.20763458032161, 2117326.467132470570505 ], [ 6051482.72788355872035, 2117333.07929311459884 ], [ 6051464.985222666524351, 2117341.470946747343987 ], [ 6051448.150523426942527, 2117351.561277156230062 ], [ 6051432.385913198813796, 2117363.25310894427821 ], [ 6051417.843213793821633, 2117376.433843379374593 ], [ 6051404.66247935872525, 2117390.976542784366757 ], [ 6051392.970647570677102, 2117406.741153012961149 ], [ 6051382.880317161791027, 2117423.57585225161165 ], [ 6051374.48866352904588, 2117441.31851314380765 ], [ 6051367.876502884551883, 2117459.798264165874571 ], [ 6051363.107513950206339, 2117478.837135213427246 ], [ 6051360.227624696679413, 2117498.251771551091224 ], [ 6051359.264570031315088, 2117517.855199616868049 ], [ 6051360.227624696679413, 2117537.458627682644874 ], [ 6051363.107513950206339, 2117556.873264020308852 ], [ 6051367.876502884551883, 2117575.912135067861527 ], [ 6051374.48866352904588, 2117594.391886089928448 ], [ 6051382.880317161791027, 2117612.134546982124448 ], [ 6051392.210213255137205, 2117627.700538211967796 ], [ 6051388.575160023756325, 2117637.859831409994513 ], [ 6051383.806171089410782, 2117656.898702457547188 ], [ 6051380.926281835883856, 2117676.313338795211166 ], [ 6051379.963227170519531, 2117695.916766860987991 ], [ 6051380.926281835883856, 2117715.520194926764816 ], [ 6051383.806171089410782, 2117734.934831264428794 ], [ 6051388.575160023756325, 2117753.973702311981469 ], [ 6051395.187320668250322, 2117772.45345333404839 ], [ 6051403.578974300995469, 2117790.19611422624439 ], [ 6051413.669304709881544, 2117807.030813464894891 ], [ 6051425.361136497929692, 2117822.795423693489283 ], [ 6051438.541870933026075, 2117837.338123098481447 ], [ 6051453.084570338018239, 2117850.51885753357783 ], [ 6051468.84918056614697, 2117862.210689321625978 ], [ 6051485.683879805728793, 2117872.301019730512053 ], [ 6051503.426540697924793, 2117880.6926733632572 ], [ 6051521.906291719526052, 2117887.304834007285535 ], [ 6051540.945162767544389, 2117892.073822941631079 ], [ 6051560.359799104742706, 2117894.953712195623666 ], [ 6051579.963227170519531, 2117895.916766860987991 ], [ 6051599.566655236296356, 2117894.953712195623666 ], [ 6051618.981291573494673, 2117892.073822941631079 ], [ 6051638.020162621513009, 2117887.304834007285535 ], [ 6051656.499913643114269, 2117880.6926733632572 ], [ 6051674.242574535310268, 2117872.301019730512053 ], [ 6051691.077273774892092, 2117862.210689321625978 ], [ 6051706.841884003020823, 2117850.51885753357783 ], [ 6051721.384583408012986, 2117837.338123098481447 ], [ 6051734.565317843109369, 2117822.795423693489283 ], [ 6051742.616402616724372, 2117811.939792542718351 ], [ 6051761.135238049551845, 2117814.686802284792066 ], [ 6051780.73866611532867, 2117815.649856950156391 ], [ 6051800.342094181105494, 2117814.686802284792066 ], [ 6051819.756730518303812, 2117811.806913030799478 ], [ 6051838.795601566322148, 2117807.037924096453935 ], [ 6051857.275352587923408, 2117800.425763452425599 ], [ 6051875.018013480119407, 2117792.034109819680452 ], [ 6051891.852712719701231, 2117781.943779410794377 ], [ 6051907.617322947829962, 2117770.251947622746229 ], [ 6051922.160022352822125, 2117757.071213187649846 ], [ 6051935.340756787918508, 2117742.528513782657683 ], [ 6051947.032588575966656, 2117726.76390355406329 ], [ 6051957.122918984852731, 2117709.92920431541279 ], [ 6051965.514572617597878, 2117692.18654342321679 ], [ 6051972.126733262091875, 2117673.706792401149869 ], [ 6051976.895722196437418, 2117654.667921353597194 ], [ 6051979.775611449964345, 2117635.253285015933216 ], [ 6051980.73866611532867, 2117615.649856950156391 ], [ 6051979.775611449964345, 2117596.046428884379566 ], [ 6051976.895722196437418, 2117576.631792546715587 ], [ 6051972.126733262091875, 2117557.592921499162912 ], [ 6051965.514572617597878, 2117539.113170477095991 ], [ 6051957.122918984852731, 2117521.370509584899992 ], [ 6051947.032588575966656, 2117504.535810346249491 ], [ 6051935.340756787918508, 2117488.771200117655098 ], [ 6051922.160022352822125, 2117474.228500712662935 ], [ 6051907.617322947829962, 2117461.047766277566552 ], [ 6051891.852712719701231, 2117449.355934489518404 ], [ 6051875.018013480119407, 2117439.265604080632329 ], [ 6051872.950148462317884, 2117438.287576765753329 ], [ 6051867.985704430378973, 2117424.412885177414864 ], [ 6051859.594050797633827, 2117406.670224285218865 ], [ 6051849.503720388747752, 2117389.835525046568364 ], [ 6051837.811888600699604, 2117374.070914817973971 ], [ 6051824.63115416560322, 2117359.528215412981808 ], [ 6051810.088454760611057, 2117346.347480977885425 ], [ 6051794.323844532482326, 2117334.655649189837277 ] ] ], [ [ [ 6049792.805747091770172, 2119321.956949267536402 ], [ 6049777.041136863641441, 2119310.265117479488254 ], [ 6049760.206437624059618, 2119300.174787070602179 ], [ 6049742.463776731863618, 2119291.783133437857032 ], [ 6049723.984025710262358, 2119285.170972793828696 ], [ 6049704.945154662244022, 2119280.401983859483153 ], [ 6049685.530518325045705, 2119277.522094605490565 ], [ 6049665.92709025926888, 2119276.55903994012624 ], [ 6049646.323662193492055, 2119277.522094605490565 ], [ 6049626.909025856293738, 2119280.401983859483153 ], [ 6049607.870154808275402, 2119285.170972793828696 ], [ 6049589.390403786674142, 2119291.783133437857032 ], [ 6049571.647742894478142, 2119300.174787070602179 ], [ 6049554.813043654896319, 2119310.265117479488254 ], [ 6049543.140535608865321, 2119318.922039448749274 ], [ 6049542.05241600330919, 2119319.19459922099486 ], [ 6049523.572664981707931, 2119325.806759865023196 ], [ 6049505.830004089511931, 2119334.198413497768342 ], [ 6049488.995304849930108, 2119344.288743906654418 ], [ 6049473.230694621801376, 2119355.980575694702566 ], [ 6049458.687995216809213, 2119369.161310129798949 ], [ 6049445.50726078171283, 2119383.704009534791112 ], [ 6049433.815428993664682, 2119399.468619763385504 ], [ 6049423.725098584778607, 2119416.303319002036005 ], [ 6049415.33344495203346, 2119434.045979894232005 ], [ 6049408.721284307539463, 2119452.525730916298926 ], [ 6049403.95229537319392, 2119471.564601963851601 ], [ 6049401.072406119666994, 2119490.979238301515579 ], [ 6049400.109351454302669, 2119510.582666367292404 ], [ 6049401.072406119666994, 2119530.186094433069229 ], [ 6049403.95229537319392, 2119549.600730770733207 ], [ 6049408.721284307539463, 2119568.639601818285882 ], [ 6049415.33344495203346, 2119587.119352840352803 ], [ 6049423.725098584778607, 2119604.862013732548803 ], [ 6049433.815428993664682, 2119621.696712971199304 ], [ 6049445.50726078171283, 2119637.461323199793696 ], [ 6049458.687995216809213, 2119652.00402260478586 ], [ 6049473.230694621801376, 2119665.184757039882243 ], [ 6049488.995304849930108, 2119676.876588827930391 ], [ 6049505.830004089511931, 2119686.966919236816466 ], [ 6049523.572664981707931, 2119695.358572869561613 ], [ 6049542.05241600330919, 2119701.970733513589948 ], [ 6049561.091287051327527, 2119706.739722447935492 ], [ 6049580.505923388525844, 2119709.619611701928079 ], [ 6049600.109351454302669, 2119710.582666367292404 ], [ 6049603.432378243654966, 2119710.419416529592127 ], [ 6049595.937030915170908, 2119720.5257224785164 ], [ 6049585.846700506284833, 2119737.360421717166901 ], [ 6049577.455046873539686, 2119755.1030826093629 ], [ 6049570.842886229045689, 2119773.582833631429821 ], [ 6049566.073897294700146, 2119792.621704678982496 ], [ 6049563.19400804117322, 2119812.036341016646475 ], [ 6049562.230953375808895, 2119831.6397690824233 ], [ 6049563.19400804117322, 2119851.243197148200125 ], [ 6049566.073897294700146, 2119870.657833485864103 ], [ 6049570.842886229045689, 2119889.696704533416778 ], [ 6049577.455046873539686, 2119908.176455555483699 ], [ 6049585.846700506284833, 2119925.919116447679698 ], [ 6049595.937030915170908, 2119942.753815686330199 ], [ 6049600.720152948983014, 2119949.203109168447554 ], [ 6049598.130606058984995, 2119959.541159852407873 ], [ 6049595.250716805458069, 2119978.955796190071851 ], [ 6049594.287662140093744, 2119998.559224255848676 ], [ 6049595.250716805458069, 2120018.162652321625501 ], [ 6049598.130606058984995, 2120037.577288659289479 ], [ 6049602.899594993330538, 2120056.616159706842154 ], [ 6049609.511755637824535, 2120075.095910728909075 ], [ 6049617.903409270569682, 2120092.838571621105075 ], [ 6049627.993739679455757, 2120109.673270859755576 ], [ 6049639.685571467503905, 2120125.437881088349968 ], [ 6049652.866305902600288, 2120139.980580493342131 ], [ 6049667.409005307592452, 2120153.161314928438514 ], [ 6049683.173615535721183, 2120164.853146716486663 ], [ 6049700.008314775303006, 2120174.943477125372738 ], [ 6049717.750975667499006, 2120183.335130758117884 ], [ 6049736.230726689100266, 2120189.94729140214622 ], [ 6049755.269597737118602, 2120194.716280336491764 ], [ 6049774.684234074316919, 2120197.596169590484351 ], [ 6049794.287662140093744, 2120198.559224255848676 ], [ 6049813.891090205870569, 2120197.596169590484351 ], [ 6049815.533680054359138, 2120197.352514402940869 ], [ 6049812.507956479676068, 2120200.094870399218053 ], [ 6049799.327222044579685, 2120214.637569804210216 ], [ 6049787.635390256531537, 2120230.402180032804608 ], [ 6049777.545059847645462, 2120247.236879271455109 ], [ 6049769.153406214900315, 2120264.979540163651109 ], [ 6049762.541245570406318, 2120283.45929118571803 ], [ 6049757.772256636060774, 2120302.498162233270705 ], [ 6049754.892367382533848, 2120321.912798570934683 ], [ 6049753.929312717169523, 2120341.516226636711508 ], [ 6049754.892367382533848, 2120361.119654702488333 ], [ 6049757.772256636060774, 2120380.534291040152311 ], [ 6049762.541245570406318, 2120399.573162087704986 ], [ 6049769.153406214900315, 2120418.052913109771907 ], [ 6049777.545059847645462, 2120435.795574001967907 ], [ 6049787.635390256531537, 2120452.630273240618408 ], [ 6049799.327222044579685, 2120468.3948834692128 ], [ 6049812.507956479676068, 2120482.937582874204963 ], [ 6049827.050655884668231, 2120496.118317309301347 ], [ 6049842.815266112796962, 2120507.810149097349495 ], [ 6049859.649965352378786, 2120517.90047950623557 ], [ 6049877.392626244574785, 2120526.292133138980716 ], [ 6049895.872377266176045, 2120532.904293783009052 ], [ 6049914.911248314194381, 2120537.673282717354596 ], [ 6049934.325884651392698, 2120540.553171971347183 ], [ 6049953.929312717169523, 2120541.516226636711508 ], [ 6049973.532740782946348, 2120540.553171971347183 ], [ 6049992.947377120144665, 2120537.673282717354596 ], [ 6050011.986248168163002, 2120532.904293783009052 ], [ 6050030.465999189764261, 2120526.292133138980716 ], [ 6050048.208660081960261, 2120517.90047950623557 ], [ 6050065.043359321542084, 2120507.810149097349495 ], [ 6050080.807969549670815, 2120496.118317309301347 ], [ 6050095.350668954662979, 2120482.937582874204963 ], [ 6050108.531403389759362, 2120468.3948834692128 ], [ 6050120.22323517780751, 2120452.630273240618408 ], [ 6050130.313565586693585, 2120435.795574001967907 ], [ 6050138.705219219438732, 2120418.052913109771907 ], [ 6050145.317379863932729, 2120399.573162087704986 ], [ 6050150.086368798278272, 2120380.534291040152311 ], [ 6050152.966258051805198, 2120361.119654702488333 ], [ 6050153.929312717169523, 2120341.516226636711508 ], [ 6050153.658938469365239, 2120336.012632381170988 ], [ 6050164.246718662790954, 2120333.360531505197287 ], [ 6050182.726469684392214, 2120326.748370861168951 ], [ 6050200.469130576588213, 2120318.356717228423804 ], [ 6050217.303829816170037, 2120308.266386819537729 ], [ 6050233.068440044298768, 2120296.574555031489581 ], [ 6050247.611139449290931, 2120283.393820596393198 ], [ 6050260.791873884387314, 2120268.851121191401035 ], [ 6050272.483705672435462, 2120253.086510962806642 ], [ 6050282.574036081321537, 2120236.251811724156141 ], [ 6050290.965689714066684, 2120218.509150831960142 ], [ 6050297.577850358560681, 2120200.029399809893221 ], [ 6050302.346839292906225, 2120180.990528762340546 ], [ 6050305.226728546433151, 2120161.575892424676567 ], [ 6050306.189783211797476, 2120141.972464358899742 ], [ 6050305.226728546433151, 2120122.369036293122917 ], [ 6050302.346839292906225, 2120102.954399955458939 ], [ 6050297.577850358560681, 2120083.915528907906264 ], [ 6050290.965689714066684, 2120065.435777885839343 ], [ 6050282.574036081321537, 2120047.693116993643343 ], [ 6050272.483705672435462, 2120030.858417754992843 ], [ 6050260.791873884387314, 2120015.09380752639845 ], [ 6050247.611139449290931, 2120000.551108121406287 ], [ 6050233.068440044298768, 2119987.370373686309904 ], [ 6050217.303829816170037, 2119975.678541898261756 ], [ 6050200.469130576588213, 2119965.588211489375681 ], [ 6050182.726469684392214, 2119957.196557856630534 ], [ 6050164.246718662790954, 2119950.584397212602198 ], [ 6050145.207847614772618, 2119945.815408278256655 ], [ 6050127.394100252538919, 2119943.172988471575081 ], [ 6050121.42902697622776, 2119930.5609006783925 ], [ 6050111.338696567341685, 2119913.726201439741999 ], [ 6050099.646864779293537, 2119897.961591211147606 ], [ 6050086.466130344197154, 2119883.418891806155443 ], [ 6050071.923430939204991, 2119870.23815737105906 ], [ 6050056.15882071107626, 2119858.546325583010912 ], [ 6050039.324121471494436, 2119848.455995174124837 ], [ 6050023.159197147004306, 2119840.810555363539606 ], [ 6050024.205147546716034, 2119836.634887303225696 ], [ 6050027.08503680024296, 2119817.220250965561718 ], [ 6050028.048091465607285, 2119797.616822899784893 ], [ 6050027.08503680024296, 2119778.013394834008068 ], [ 6050024.205147546716034, 2119758.59875849634409 ], [ 6050019.436158612370491, 2119739.559887448791414 ], [ 6050012.823997967876494, 2119721.080136426724494 ], [ 6050004.432344335131347, 2119703.337475534528494 ], [ 6049994.342013926245272, 2119686.502776295877993 ], [ 6049982.650182138197124, 2119670.738166067283601 ], [ 6049969.469447703100741, 2119656.195466662291437 ], [ 6049954.926748298108578, 2119643.014732227195054 ], [ 6049939.162138069979846, 2119631.322900439146906 ], [ 6049922.327438830398023, 2119621.232570030260831 ], [ 6049904.584777938202024, 2119612.840916397515684 ], [ 6049886.105026916600764, 2119606.228755753487349 ], [ 6049867.066155868582428, 2119601.459766819141805 ], [ 6049847.65151953138411, 2119598.579877565149218 ], [ 6049828.048091465607285, 2119597.616822899784893 ], [ 6049824.72516452614218, 2119597.78006783220917 ], [ 6049832.221012719906867, 2119587.67308654403314 ], [ 6049842.311343128792942, 2119570.838387305382639 ], [ 6049850.702996761538088, 2119553.09572641318664 ], [ 6049857.315157406032085, 2119534.615975391119719 ], [ 6049862.084146340377629, 2119515.577104343567044 ], [ 6049864.964035593904555, 2119496.162468005903065 ], [ 6049865.92709025926888, 2119476.55903994012624 ], [ 6049864.964035593904555, 2119456.955611874349415 ], [ 6049862.084146340377629, 2119437.540975536685437 ], [ 6049857.315157406032085, 2119418.502104489132762 ], [ 6049850.702996761538088, 2119400.022353467065841 ], [ 6049842.311343128792942, 2119382.279692574869841 ], [ 6049832.221012719906867, 2119365.444993336219341 ], [ 6049820.529180931858718, 2119349.680383107624948 ], [ 6049807.348446496762335, 2119335.137683702632785 ], [ 6049792.805747091770172, 2119321.956949267536402 ] ] ], [ [ [ 6043116.006710440851748, 2120347.719797243829817 ], [ 6043099.172011201269925, 2120337.629466834943742 ], [ 6043081.429350309073925, 2120329.237813202198595 ], [ 6043062.949599287472665, 2120322.625652558170259 ], [ 6043043.910728239454329, 2120317.856663623824716 ], [ 6043024.496091902256012, 2120314.976774369832128 ], [ 6043004.892663836479187, 2120314.013719704467803 ], [ 6042985.289235770702362, 2120314.976774369832128 ], [ 6042965.874599433504045, 2120317.856663623824716 ], [ 6042946.835728385485709, 2120322.625652558170259 ], [ 6042928.355977363884449, 2120329.237813202198595 ], [ 6042910.613316471688449, 2120337.629466834943742 ], [ 6042893.778617232106626, 2120347.719797243829817 ], [ 6042878.014007003977895, 2120359.411629031877965 ], [ 6042863.471307598985732, 2120372.592363466974348 ], [ 6042850.290573163889349, 2120387.135062871966511 ], [ 6042838.5987413758412, 2120402.899673100560904 ], [ 6042828.508410966955125, 2120419.734372339211404 ], [ 6042820.116757334209979, 2120437.477033231407404 ], [ 6042813.504596689715981, 2120455.956784253474325 ], [ 6042808.735607755370438, 2120474.995655301027 ], [ 6042805.855718501843512, 2120494.410291638690978 ], [ 6042804.892663836479187, 2120514.013719704467803 ], [ 6042805.855718501843512, 2120533.617147770244628 ], [ 6042808.735607755370438, 2120553.031784107908607 ], [ 6042813.504596689715981, 2120572.070655155461282 ], [ 6042820.116757334209979, 2120590.550406177528203 ], [ 6042828.508410966955125, 2120608.293067069724202 ], [ 6042838.5987413758412, 2120625.127766308374703 ], [ 6042844.02110739890486, 2120632.438980531878769 ], [ 6042847.091230568476021, 2120641.019399979617447 ], [ 6042855.482884201221168, 2120658.762060871813446 ], [ 6042865.573214610107243, 2120675.596760110463947 ], [ 6042877.265046398155391, 2120691.36137033905834 ], [ 6042890.445780833251774, 2120705.904069744050503 ], [ 6042904.988480238243937, 2120719.084804179146886 ], [ 6042920.753090466372669, 2120730.776635967195034 ], [ 6042937.587789705954492, 2120740.866966376081109 ], [ 6042955.330450598150492, 2120749.258620008826256 ], [ 6042973.810201619751751, 2120755.870780652854592 ], [ 6042992.849072667770088, 2120760.639769587200135 ], [ 6043012.263709004968405, 2120763.519658841192722 ], [ 6043031.86713707074523, 2120764.482713506557047 ], [ 6043051.470565136522055, 2120763.519658841192722 ], [ 6043070.885201473720372, 2120760.639769587200135 ], [ 6043089.924072521738708, 2120755.870780652854592 ], [ 6043108.403823543339968, 2120749.258620008826256 ], [ 6043126.146484435535967, 2120740.866966376081109 ], [ 6043142.981183675117791, 2120730.776635967195034 ], [ 6043158.745793903246522, 2120719.084804179146886 ], [ 6043173.288493308238685, 2120705.904069744050503 ], [ 6043186.469227743335068, 2120691.36137033905834 ], [ 6043198.161059531383216, 2120675.596760110463947 ], [ 6043208.251389940269291, 2120658.762060871813446 ], [ 6043216.643043573014438, 2120641.019399979617447 ], [ 6043223.255204217508435, 2120622.539648957550526 ], [ 6043228.024193151853979, 2120603.500777909997851 ], [ 6043230.904082405380905, 2120584.086141572333872 ], [ 6043231.86713707074523, 2120564.482713506557047 ], [ 6043230.904082405380905, 2120544.879285440780222 ], [ 6043228.024193151853979, 2120525.464649103116244 ], [ 6043223.255204217508435, 2120506.425778055563569 ], [ 6043216.643043573014438, 2120487.946027033496648 ], [ 6043208.251389940269291, 2120470.203366141300648 ], [ 6043198.161059531383216, 2120453.368666902650148 ], [ 6043192.738693508319557, 2120446.057452679146081 ], [ 6043189.668570338748395, 2120437.477033231407404 ], [ 6043181.276916706003249, 2120419.734372339211404 ], [ 6043171.186586297117174, 2120402.899673100560904 ], [ 6043159.494754509069026, 2120387.135062871966511 ], [ 6043146.314020073972642, 2120372.592363466974348 ], [ 6043131.771320668980479, 2120359.411629031877965 ], [ 6043116.006710440851748, 2120347.719797243829817 ] ] ], [ [ [ 6050638.134915613569319, 2120940.053413269110024 ], [ 6050623.592216208577156, 2120926.872678834013641 ], [ 6050607.827605980448425, 2120915.180847045965493 ], [ 6050590.992906740866601, 2120905.090516637079418 ], [ 6050573.250245848670602, 2120896.698863004334271 ], [ 6050554.770494827069342, 2120890.086702360305935 ], [ 6050535.731623779051006, 2120885.317713425960392 ], [ 6050516.316987441852689, 2120882.437824171967804 ], [ 6050496.713559376075864, 2120881.474769506603479 ], [ 6050477.110131310299039, 2120882.437824171967804 ], [ 6050457.695494973100722, 2120885.317713425960392 ], [ 6050438.656623925082386, 2120890.086702360305935 ], [ 6050420.176872903481126, 2120896.698863004334271 ], [ 6050402.434212011285126, 2120905.090516637079418 ], [ 6050385.599512771703303, 2120915.180847045965493 ], [ 6050369.834902543574572, 2120926.872678834013641 ], [ 6050355.292203138582408, 2120940.053413269110024 ], [ 6050342.111468703486025, 2120954.596112674102187 ], [ 6050330.419636915437877, 2120970.36072290269658 ], [ 6050320.329306506551802, 2120987.19542214134708 ], [ 6050311.937652873806655, 2121004.93808303354308 ], [ 6050305.325492229312658, 2121023.417834055610001 ], [ 6050300.556503294967115, 2121042.456705103162676 ], [ 6050297.676614041440189, 2121061.871341440826654 ], [ 6050296.949881230480969, 2121076.664327652659267 ], [ 6050296.198682684451342, 2121077.114578733686358 ], [ 6050280.43407245632261, 2121088.806410521734506 ], [ 6050265.891373051330447, 2121101.987144956830889 ], [ 6050252.710638616234064, 2121116.529844361823052 ], [ 6050241.018806828185916, 2121132.294454590417445 ], [ 6050230.928476419299841, 2121149.129153829067945 ], [ 6050222.536822786554694, 2121166.871814721263945 ], [ 6050215.924662142060697, 2121185.351565743330866 ], [ 6050211.155673207715154, 2121204.390436790883541 ], [ 6050208.275783954188228, 2121223.805073128547519 ], [ 6050207.312729288823903, 2121243.408501194324344 ], [ 6050208.275783954188228, 2121263.011929260101169 ], [ 6050211.155673207715154, 2121282.426565597765148 ], [ 6050215.924662142060697, 2121301.465436645317823 ], [ 6050222.536822786554694, 2121319.945187667384744 ], [ 6050230.928476419299841, 2121337.687848559580743 ], [ 6050241.018806828185916, 2121354.522547798231244 ], [ 6050252.710638616234064, 2121370.287158026825637 ], [ 6050265.891373051330447, 2121384.8298574318178 ], [ 6050280.43407245632261, 2121398.010591866914183 ], [ 6050296.198682684451342, 2121409.702423654962331 ], [ 6050313.033381924033165, 2121419.792754063848406 ], [ 6050330.776042816229165, 2121428.184407696593553 ], [ 6050349.255793837830424, 2121434.796568340621889 ], [ 6050368.294664885848761, 2121439.565557274967432 ], [ 6050387.709301223047078, 2121442.445446528960019 ], [ 6050407.312729288823903, 2121443.408501194324344 ], [ 6050426.916157354600728, 2121442.445446528960019 ], [ 6050446.330793691799045, 2121439.565557274967432 ], [ 6050457.622219678014517, 2121436.737202303484082 ], [ 6050462.123724199831486, 2121442.806778526399285 ], [ 6050475.304458634927869, 2121457.349477931391448 ], [ 6050489.847158039920032, 2121470.530212366487831 ], [ 6050505.611768268048763, 2121482.222044154535979 ], [ 6050522.446467507630587, 2121492.312374563422054 ], [ 6050525.729053869843483, 2121493.86492228647694 ], [ 6050522.913095568306744, 2121512.848571154288948 ], [ 6050521.950040902942419, 2121532.451999220065773 ], [ 6050522.913095568306744, 2121552.055427285842597 ], [ 6050525.79298482183367, 2121571.470063623506576 ], [ 6050530.561973756179214, 2121590.508934671059251 ], [ 6050537.174134400673211, 2121608.988685693126172 ], [ 6050545.565788033418357, 2121626.731346585322171 ], [ 6050555.656118442304432, 2121643.566045823972672 ], [ 6050567.347950230352581, 2121659.330656052567065 ], [ 6050580.528684665448964, 2121673.873355457559228 ], [ 6050595.071384070441127, 2121687.054089892655611 ], [ 6050610.835994298569858, 2121698.745921680703759 ], [ 6050611.263736779801548, 2121699.002300657331944 ], [ 6050611.176359393633902, 2121699.148081018589437 ], [ 6050602.784705760888755, 2121716.890741910785437 ], [ 6050596.172545116394758, 2121735.370492932852358 ], [ 6050591.403556182049215, 2121754.409363980405033 ], [ 6050588.523666928522289, 2121773.824000318069011 ], [ 6050587.560612263157964, 2121793.427428383845836 ], [ 6050588.523666928522289, 2121813.030856449622661 ], [ 6050591.403556182049215, 2121832.445492787286639 ], [ 6050596.172545116394758, 2121851.484363834839314 ], [ 6050602.784705760888755, 2121869.964114856906235 ], [ 6050611.176359393633902, 2121887.706775749102235 ], [ 6050621.266689802519977, 2121904.541474987752736 ], [ 6050632.958521590568125, 2121920.306085216347128 ], [ 6050646.139256025664508, 2121934.848784621339291 ], [ 6050660.681955430656672, 2121948.029519056435674 ], [ 6050676.446565658785403, 2121959.721350844483823 ], [ 6050693.281264898367226, 2121969.811681253369898 ], [ 6050711.023925790563226, 2121978.203334886115044 ], [ 6050729.503676812164485, 2121984.81549553014338 ], [ 6050748.542547860182822, 2121989.584484464488924 ], [ 6050767.957184197381139, 2121992.464373718481511 ], [ 6050787.560612263157964, 2121993.427428383845836 ], [ 6050807.164040328934789, 2121992.464373718481511 ], [ 6050826.578676666133106, 2121989.584484464488924 ], [ 6050845.425577844493091, 2121984.863581479527056 ], [ 6050849.426311600953341, 2121989.277710958383977 ], [ 6050863.969011005945504, 2122002.458445393480361 ], [ 6050879.733621234074235, 2122014.150277181528509 ], [ 6050896.568320473656058, 2122024.240607590414584 ], [ 6050914.310981365852058, 2122032.63226122315973 ], [ 6050932.790732387453318, 2122039.244421867188066 ], [ 6050951.829603435471654, 2122044.01341080153361 ], [ 6050971.244239772669971, 2122046.893300055526197 ], [ 6050990.847667838446796, 2122047.856354720890522 ], [ 6051010.451095904223621, 2122046.893300055526197 ], [ 6051029.865732241421938, 2122044.01341080153361 ], [ 6051048.904603289440274, 2122039.244421867188066 ], [ 6051067.384354311041534, 2122032.63226122315973 ], [ 6051085.127015203237534, 2122024.240607590414584 ], [ 6051101.961714442819357, 2122014.150277181528509 ], [ 6051117.726324670948088, 2122002.458445393480361 ], [ 6051132.269024075940251, 2121989.277710958383977 ], [ 6051145.449758511036634, 2121974.735011553391814 ], [ 6051157.141590299084783, 2121958.970401324797422 ], [ 6051167.231920707970858, 2121942.135702086146921 ], [ 6051175.623574340716004, 2121924.393041193950921 ], [ 6051182.235734985210001, 2121905.913290171884 ], [ 6051187.004723919555545, 2121886.874419124331325 ], [ 6051189.884613173082471, 2121867.459782786667347 ], [ 6051190.847667838446796, 2121847.856354720890522 ], [ 6051189.884613173082471, 2121828.252926655113697 ], [ 6051187.004723919555545, 2121808.838290317449719 ], [ 6051182.235734985210001, 2121789.799419269897044 ], [ 6051175.623574340716004, 2121771.319668247830123 ], [ 6051167.231920707970858, 2121753.577007355634123 ], [ 6051157.141590299084783, 2121736.742308116983622 ], [ 6051145.449758511036634, 2121720.97769788838923 ], [ 6051132.269024075940251, 2121706.434998483397067 ], [ 6051117.726324670948088, 2121693.254264048300683 ], [ 6051101.961714442819357, 2121681.562432260252535 ], [ 6051085.127015203237534, 2121671.47210185136646 ], [ 6051067.384354311041534, 2121663.080448218621314 ], [ 6051048.904603289440274, 2121656.468287574592978 ], [ 6051029.865732241421938, 2121651.699298640247434 ], [ 6051010.451095904223621, 2121648.819409386254847 ], [ 6050990.847667838446796, 2121647.856354720890522 ], [ 6050971.244239772669971, 2121648.819409386254847 ], [ 6050951.829603435471654, 2121651.699298640247434 ], [ 6050932.982702257111669, 2121656.420201625209302 ], [ 6050928.981968500651419, 2121652.006072146352381 ], [ 6050914.439269095659256, 2121638.825337711255997 ], [ 6050898.674658867530525, 2121627.133505923207849 ], [ 6050898.246916386298835, 2121626.877126946579665 ], [ 6050898.334293772466481, 2121626.731346585322171 ], [ 6050906.725947405211627, 2121608.988685693126172 ], [ 6050913.338108049705625, 2121590.508934671059251 ], [ 6050918.107096984051168, 2121571.470063623506576 ], [ 6050920.986986237578094, 2121552.055427285842597 ], [ 6050921.950040902942419, 2121532.451999220065773 ], [ 6050920.986986237578094, 2121512.848571154288948 ], [ 6050918.107096984051168, 2121493.433934816624969 ], [ 6050913.338108049705625, 2121474.395063769072294 ], [ 6050906.725947405211627, 2121455.915312747005373 ], [ 6050898.334293772466481, 2121438.172651854809374 ], [ 6050888.243963363580406, 2121421.337952616158873 ], [ 6050876.552131575532258, 2121405.57334238756448 ], [ 6050863.371397140435874, 2121391.030642982572317 ], [ 6050848.828697735443711, 2121377.849908547475934 ], [ 6050833.06408750731498, 2121366.158076759427786 ], [ 6050816.229388267733157, 2121356.067746350541711 ], [ 6050812.94680190552026, 2121354.515198627486825 ], [ 6050815.762760207056999, 2121335.531549759674817 ], [ 6050816.725814872421324, 2121315.928121693897992 ], [ 6050815.762760207056999, 2121296.324693628121167 ], [ 6050812.882870953530073, 2121276.910057290457189 ], [ 6050808.11388201918453, 2121257.871186242904514 ], [ 6050801.501721374690533, 2121239.391435220837593 ], [ 6050793.110067741945386, 2121221.648774328641593 ], [ 6050783.019737333059311, 2121204.814075089991093 ], [ 6050771.327905545011163, 2121189.0494648613967 ], [ 6050758.14717110991478, 2121174.506765456404537 ], [ 6050743.604471704922616, 2121161.326031021308154 ], [ 6050727.839861476793885, 2121149.634199233260006 ], [ 6050711.005162237212062, 2121139.543868824373931 ], [ 6050693.262501345016062, 2121131.152215191628784 ], [ 6050690.452433636412024, 2121130.146756888367236 ], [ 6050692.870615457184613, 2121120.492833910044283 ], [ 6050695.750504710711539, 2121101.078197572380304 ], [ 6050696.713559376075864, 2121081.474769506603479 ], [ 6050695.750504710711539, 2121061.871341440826654 ], [ 6050692.870615457184613, 2121042.456705103162676 ], [ 6050688.101626522839069, 2121023.417834055610001 ], [ 6050681.489465878345072, 2121004.93808303354308 ], [ 6050673.097812245599926, 2120987.19542214134708 ], [ 6050663.00748183671385, 2120970.36072290269658 ], [ 6050651.315650048665702, 2120954.596112674102187 ], [ 6050638.134915613569319, 2120940.053413269110024 ] ] ], [ [ [ 6051578.372892866842449, 2129048.986973862163723 ], [ 6051566.681061078794301, 2129033.22236363356933 ], [ 6051553.500326643697917, 2129018.679664228577167 ], [ 6051538.957627238705754, 2129005.498929793480784 ], [ 6051523.193017010577023, 2128993.807098005432636 ], [ 6051506.3583177709952, 2128983.716767596546561 ], [ 6051488.6156568787992, 2128975.325113963801414 ], [ 6051470.13590585719794, 2128968.712953319773078 ], [ 6051451.097034809179604, 2128963.943964385427535 ], [ 6051431.682398471981287, 2128961.064075131434947 ], [ 6051412.078970406204462, 2128960.101020466070622 ], [ 6051392.475542340427637, 2128961.064075131434947 ], [ 6051373.06090600322932, 2128963.943964385427535 ], [ 6051354.022034955210984, 2128968.712953319773078 ], [ 6051335.542283933609724, 2128975.325113963801414 ], [ 6051317.799623041413724, 2128983.716767596546561 ], [ 6051300.964923801831901, 2128993.807098005432636 ], [ 6051285.20031357370317, 2129005.498929793480784 ], [ 6051270.657614168711007, 2129018.679664228577167 ], [ 6051257.476879733614624, 2129033.22236363356933 ], [ 6051245.785047945566475, 2129048.986973862163723 ], [ 6051235.6947175366804, 2129065.821673100814223 ], [ 6051227.303063903935254, 2129083.564333993010223 ], [ 6051220.690903259441257, 2129102.044085015077144 ], [ 6051215.921914325095713, 2129121.082956062629819 ], [ 6051213.042025071568787, 2129140.497592400293797 ], [ 6051212.078970406204462, 2129160.101020466070622 ], [ 6051213.042025071568787, 2129179.704448531847447 ], [ 6051215.921914325095713, 2129199.119084869511425 ], [ 6051220.690903259441257, 2129218.157955917064101 ], [ 6051227.303063903935254, 2129236.637706939131021 ], [ 6051235.6947175366804, 2129254.380367831327021 ], [ 6051245.785047945566475, 2129271.215067069977522 ], [ 6051257.476879733614624, 2129286.979677298571914 ], [ 6051270.657614168711007, 2129301.522376703564078 ], [ 6051285.20031357370317, 2129314.703111138660461 ], [ 6051300.964923801831901, 2129326.394942926708609 ], [ 6051317.799623041413724, 2129336.485273335594684 ], [ 6051335.542283933609724, 2129344.876926968339831 ], [ 6051354.022034955210984, 2129351.489087612368166 ], [ 6051373.06090600322932, 2129356.25807654671371 ], [ 6051392.475542340427637, 2129359.137965800706297 ], [ 6051412.078970406204462, 2129360.101020466070622 ], [ 6051431.682398471981287, 2129359.137965800706297 ], [ 6051451.097034809179604, 2129356.25807654671371 ], [ 6051470.13590585719794, 2129351.489087612368166 ], [ 6051488.6156568787992, 2129344.876926968339831 ], [ 6051506.3583177709952, 2129336.485273335594684 ], [ 6051523.193017010577023, 2129326.394942926708609 ], [ 6051538.957627238705754, 2129314.703111138660461 ], [ 6051553.500326643697917, 2129301.522376703564078 ], [ 6051566.681061078794301, 2129286.979677298571914 ], [ 6051578.372892866842449, 2129271.215067069977522 ], [ 6051588.463223275728524, 2129254.380367831327021 ], [ 6051596.85487690847367, 2129236.637706939131021 ], [ 6051603.467037552967668, 2129218.157955917064101 ], [ 6051608.236026487313211, 2129199.119084869511425 ], [ 6051611.115915740840137, 2129179.704448531847447 ], [ 6051612.078970406204462, 2129160.101020466070622 ], [ 6051611.115915740840137, 2129140.497592400293797 ], [ 6051608.236026487313211, 2129121.082956062629819 ], [ 6051603.467037552967668, 2129102.044085015077144 ], [ 6051596.85487690847367, 2129083.564333993010223 ], [ 6051588.463223275728524, 2129065.821673100814223 ], [ 6051578.372892866842449, 2129048.986973862163723 ] ] ], [ [ [ 6056124.50272024050355, 2134566.985536031890661 ], [ 6056111.321985805407166, 2134552.442836626898497 ], [ 6056096.779286400415003, 2134539.262102191802114 ], [ 6056081.014676172286272, 2134527.570270403753966 ], [ 6056064.179976932704449, 2134517.479939994867891 ], [ 6056046.437316040508449, 2134509.088286362122744 ], [ 6056027.957565018907189, 2134502.476125718094409 ], [ 6056008.918693970888853, 2134497.707136783748865 ], [ 6055989.504057633690536, 2134494.827247529756278 ], [ 6055969.900629567913711, 2134493.864192864391953 ], [ 6055950.297201502136886, 2134494.827247529756278 ], [ 6055930.882565164938569, 2134497.707136783748865 ], [ 6055911.843694116920233, 2134502.476125718094409 ], [ 6055893.363943095318973, 2134509.088286362122744 ], [ 6055875.621282203122973, 2134517.479939994867891 ], [ 6055858.78658296354115, 2134527.570270403753966 ], [ 6055845.565814363770187, 2134537.375460658688098 ], [ 6055830.256320616230369, 2134536.623353459406644 ], [ 6055810.652892550453544, 2134537.586408124770969 ], [ 6055791.238256213255227, 2134540.466297378763556 ], [ 6055772.19938516523689, 2134545.2352863131091 ], [ 6055753.719634143635631, 2134551.847446957137436 ], [ 6055735.976973251439631, 2134560.239100589882582 ], [ 6055719.142274011857808, 2134570.329430998768657 ], [ 6055703.377663783729076, 2134582.021262786816806 ], [ 6055688.834964378736913, 2134595.201997221913189 ], [ 6055675.65422994364053, 2134609.744696626905352 ], [ 6055663.962398155592382, 2134625.509306855499744 ], [ 6055653.872067746706307, 2134642.344006094150245 ], [ 6055645.48041411396116, 2134660.086666986346245 ], [ 6055638.868253469467163, 2134678.566418008413166 ], [ 6055634.09926453512162, 2134697.605289055965841 ], [ 6055631.219375281594694, 2134717.019925393629819 ], [ 6055630.256320616230369, 2134736.623353459406644 ], [ 6055631.219375281594694, 2134756.226781525183469 ], [ 6055634.09926453512162, 2134775.641417862847447 ], [ 6055638.868253469467163, 2134794.680288910400122 ], [ 6055645.48041411396116, 2134813.160039932467043 ], [ 6055653.872067746706307, 2134830.902700824663043 ], [ 6055663.962398155592382, 2134847.737400063313544 ], [ 6055675.65422994364053, 2134863.502010291907936 ], [ 6055688.834964378736913, 2134878.0447096969001 ], [ 6055703.377663783729076, 2134891.225444131996483 ], [ 6055719.142274011857808, 2134902.917275920044631 ], [ 6055735.976973251439631, 2134913.007606328930706 ], [ 6055753.719634143635631, 2134921.399259961675853 ], [ 6055772.19938516523689, 2134928.011420605704188 ], [ 6055791.238256213255227, 2134932.780409540049732 ], [ 6055810.652892550453544, 2134935.660298794042319 ], [ 6055830.256320616230369, 2134936.623353459406644 ], [ 6055849.859748682007194, 2134935.660298794042319 ], [ 6055869.274385019205511, 2134932.780409540049732 ], [ 6055888.313256067223847, 2134928.011420605704188 ], [ 6055906.793007088825107, 2134921.399259961675853 ], [ 6055924.535667981021106, 2134913.007606328930706 ], [ 6055941.37036722060293, 2134902.917275920044631 ], [ 6055954.591135820373893, 2134893.112085665110499 ], [ 6055969.900629567913711, 2134893.864192864391953 ], [ 6055989.504057633690536, 2134892.901138199027628 ], [ 6056008.918693970888853, 2134890.02124894503504 ], [ 6056027.957565018907189, 2134885.252260010689497 ], [ 6056046.437316040508449, 2134878.640099366661161 ], [ 6056064.179976932704449, 2134870.248445733916014 ], [ 6056081.014676172286272, 2134860.158115325029939 ], [ 6056096.779286400415003, 2134848.466283536981791 ], [ 6056111.321985805407166, 2134835.285549101885408 ], [ 6056124.50272024050355, 2134820.742849696893245 ], [ 6056136.194552028551698, 2134804.978239468298852 ], [ 6056146.284882437437773, 2134788.143540229648352 ], [ 6056154.67653607018292, 2134770.400879337452352 ], [ 6056161.288696714676917, 2134751.921128315385431 ], [ 6056166.05768564902246, 2134732.882257267832756 ], [ 6056168.937574902549386, 2134713.467620930168778 ], [ 6056169.900629567913711, 2134693.864192864391953 ], [ 6056168.937574902549386, 2134674.260764798615128 ], [ 6056166.05768564902246, 2134654.846128460951149 ], [ 6056161.288696714676917, 2134635.807257413398474 ], [ 6056154.67653607018292, 2134617.327506391331553 ], [ 6056146.284882437437773, 2134599.584845499135554 ], [ 6056136.194552028551698, 2134582.750146260485053 ], [ 6056124.50272024050355, 2134566.985536031890661 ] ] ], [ [ [ 6050879.512474003247917, 2137514.529492371715605 ], [ 6050863.747863775119185, 2137502.837660583667457 ], [ 6050846.913164535537362, 2137492.747330174781382 ], [ 6050829.170503643341362, 2137484.355676542036235 ], [ 6050810.690752621740103, 2137477.7435158980079 ], [ 6050791.651881573721766, 2137472.974526963662356 ], [ 6050772.237245236523449, 2137470.094637709669769 ], [ 6050752.633817170746624, 2137469.131583044305444 ], [ 6050733.0303891049698, 2137470.094637709669769 ], [ 6050713.615752767771482, 2137472.974526963662356 ], [ 6050694.576881719753146, 2137477.7435158980079 ], [ 6050676.097130698151886, 2137484.355676542036235 ], [ 6050658.354469805955887, 2137492.747330174781382 ], [ 6050641.519770566374063, 2137502.837660583667457 ], [ 6050625.755160338245332, 2137514.529492371715605 ], [ 6050611.212460933253169, 2137527.710226806811988 ], [ 6050598.031726498156786, 2137542.252926211804152 ], [ 6050586.339894710108638, 2137558.017536440398544 ], [ 6050576.249564301222563, 2137574.852235679049045 ], [ 6050567.857910668477416, 2137592.594896571245044 ], [ 6050561.245750023983419, 2137611.074647593311965 ], [ 6050557.745288291946054, 2137625.049274172633886 ], [ 6050552.783658165484667, 2137628.023160823620856 ], [ 6050537.019047937355936, 2137639.714992611669004 ], [ 6050522.476348532363772, 2137652.895727046765387 ], [ 6050509.295614097267389, 2137667.43842645175755 ], [ 6050497.603782309219241, 2137683.203036680351943 ], [ 6050487.513451900333166, 2137700.037735919002444 ], [ 6050481.809937682934105, 2137712.096803544089198 ], [ 6050480.81317634228617, 2137713.440780631732196 ], [ 6050470.722845933400095, 2137730.275479870382696 ], [ 6050462.331192300654948, 2137748.018140762578696 ], [ 6050455.719031656160951, 2137766.497891784645617 ], [ 6050450.950042721815407, 2137785.536762832198292 ], [ 6050448.070153468288481, 2137804.95139916986227 ], [ 6050447.107098802924156, 2137824.554827235639095 ], [ 6050448.070153468288481, 2137844.15825530141592 ], [ 6050450.950042721815407, 2137863.572891639079899 ], [ 6050455.719031656160951, 2137882.611762686632574 ], [ 6050462.331192300654948, 2137901.091513708699495 ], [ 6050470.722845933400095, 2137918.834174600895494 ], [ 6050480.81317634228617, 2137935.668873839545995 ], [ 6050481.067129837349057, 2137936.011290489230305 ], [ 6050481.945064723491669, 2137953.882065642625093 ], [ 6050484.824953977018595, 2137973.296701980289072 ], [ 6050489.593942911364138, 2137992.335573027841747 ], [ 6050496.206103555858135, 2138010.815324049908668 ], [ 6050498.079010203480721, 2138014.775252447929233 ], [ 6050503.469748797826469, 2138029.841357524506748 ], [ 6050511.861402430571616, 2138047.584018416702747 ], [ 6050518.50271849706769, 2138058.664384866598994 ], [ 6050518.587217851541936, 2138060.384408737998456 ], [ 6050521.467107105068862, 2138079.799045075662434 ], [ 6050526.236096039414406, 2138098.837916123215109 ], [ 6050532.848256683908403, 2138117.31766714528203 ], [ 6050541.23991031665355, 2138135.06032803747803 ], [ 6050551.330240725539625, 2138151.895027276128531 ], [ 6050563.022072513587773, 2138167.659637504722923 ], [ 6050576.202806948684156, 2138182.202336909715086 ], [ 6050590.745506353676319, 2138195.383071344811469 ], [ 6050606.51011658180505, 2138207.074903132859617 ], [ 6050623.344815821386874, 2138217.165233541745692 ], [ 6050641.087476713582873, 2138225.556887174490839 ], [ 6050659.567227735184133, 2138232.169047818519175 ], [ 6050678.606098783202469, 2138236.938036752864718 ], [ 6050698.020735120400786, 2138239.817926006857306 ], [ 6050717.624163186177611, 2138240.780980672221631 ], [ 6050737.227591251954436, 2138239.817926006857306 ], [ 6050756.642227589152753, 2138236.938036752864718 ], [ 6050775.68109863717109, 2138232.169047818519175 ], [ 6050794.160849658772349, 2138225.556887174490839 ], [ 6050811.903510550968349, 2138217.165233541745692 ], [ 6050828.738209790550172, 2138207.074903132859617 ], [ 6050844.502820018678904, 2138195.383071344811469 ], [ 6050859.045519423671067, 2138182.202336909715086 ], [ 6050872.22625385876745, 2138167.659637504722923 ], [ 6050883.918085646815598, 2138151.895027276128531 ], [ 6050892.414793957024813, 2138137.719125881325454 ], [ 6050899.090420425869524, 2138128.718085563275963 ], [ 6050909.180750834755599, 2138111.883386324625462 ], [ 6050917.572404467500746, 2138094.140725432429463 ], [ 6050924.184565111994743, 2138075.660974410362542 ], [ 6050928.953554046340287, 2138056.622103362809867 ], [ 6050931.833443299867213, 2138037.207467025145888 ], [ 6050932.796497965231538, 2138017.604038959369063 ], [ 6050931.833443299867213, 2137998.000610893592238 ], [ 6050928.953554046340287, 2137978.58597455592826 ], [ 6050924.184565111994743, 2137959.547103508375585 ], [ 6050921.566357892937958, 2137952.229704531375319 ], [ 6050934.060735768638551, 2137940.905460515525192 ], [ 6050947.241470203734934, 2137926.362761110533029 ], [ 6050958.933301991783082, 2137910.598150881938636 ], [ 6050969.023632400669158, 2137893.763451643288136 ], [ 6050977.415286033414304, 2137876.020790751092136 ], [ 6050984.027446677908301, 2137857.541039729025215 ], [ 6050988.796435612253845, 2137838.50216868147254 ], [ 6050991.676324865780771, 2137819.087532343808562 ], [ 6050992.639379531145096, 2137799.484104278031737 ], [ 6050991.676324865780771, 2137779.880676212254912 ], [ 6050988.796435612253845, 2137760.466039874590933 ], [ 6050984.027446677908301, 2137741.427168827038258 ], [ 6050977.415286033414304, 2137722.947417804971337 ], [ 6050969.023632400669158, 2137705.204756912775338 ], [ 6050958.933301991783082, 2137688.370057674124837 ], [ 6050952.138761148788035, 2137679.208679883275181 ], [ 6050952.633817170746624, 2137669.131583044305444 ], [ 6050951.670762505382299, 2137649.528154978528619 ], [ 6050948.790873251855373, 2137630.11351864086464 ], [ 6050944.02188431750983, 2137611.074647593311965 ], [ 6050937.409723673015833, 2137592.594896571245044 ], [ 6050929.018070040270686, 2137574.852235679049045 ], [ 6050918.927739631384611, 2137558.017536440398544 ], [ 6050907.235907843336463, 2137542.252926211804152 ], [ 6050894.05517340824008, 2137527.710226806811988 ], [ 6050879.512474003247917, 2137514.529492371715605 ] ] ], [ [ [ 6051345.179109738208354, 2143690.197609571740031 ], [ 6051325.764473401010036, 2143687.317720317747444 ], [ 6051306.161045335233212, 2143686.354665652383119 ], [ 6051286.557617269456387, 2143687.317720317747444 ], [ 6051267.14298093225807, 2143690.197609571740031 ], [ 6051248.104109884239733, 2143694.966598506085575 ], [ 6051229.624358862638474, 2143701.57875915011391 ], [ 6051211.881697970442474, 2143709.970412782859057 ], [ 6051195.046998730860651, 2143720.060743191745132 ], [ 6051179.282388502731919, 2143731.75257497979328 ], [ 6051164.739689097739756, 2143744.933309414889663 ], [ 6051151.558954662643373, 2143759.476008819881827 ], [ 6051139.867122874595225, 2143775.240619048476219 ], [ 6051129.77679246570915, 2143792.07531828712672 ], [ 6051121.385138832964003, 2143809.81797917932272 ], [ 6051114.772978188470006, 2143828.297730201389641 ], [ 6051110.003989254124463, 2143847.336601248942316 ], [ 6051107.124100000597537, 2143866.751237586606294 ], [ 6051106.161045335233212, 2143886.354665652383119 ], [ 6051107.124100000597537, 2143905.958093718159944 ], [ 6051110.003989254124463, 2143925.372730055823922 ], [ 6051114.772978188470006, 2143944.411601103376597 ], [ 6051121.385138832964003, 2143962.891352125443518 ], [ 6051129.77679246570915, 2143980.634013017639518 ], [ 6051136.640097432769835, 2143992.084745571948588 ], [ 6051135.33687209058553, 2143993.841941529419273 ], [ 6051125.246541681699455, 2144010.676640768069774 ], [ 6051116.854888048954308, 2144028.419301660265774 ], [ 6051110.242727404460311, 2144046.899052682332695 ], [ 6051105.473738470114768, 2144065.93792372988537 ], [ 6051102.593849216587842, 2144085.352560067549348 ], [ 6051101.630794551223516, 2144104.955988133326173 ], [ 6051102.593849216587842, 2144124.559416199102998 ], [ 6051105.473738470114768, 2144143.974052536766976 ], [ 6051110.242727404460311, 2144163.012923584319651 ], [ 6051116.854888048954308, 2144181.492674606386572 ], [ 6051125.246541681699455, 2144199.235335498582572 ], [ 6051135.33687209058553, 2144216.070034737233073 ], [ 6051147.028703878633678, 2144231.834644965827465 ], [ 6051160.209438313730061, 2144246.377344370819628 ], [ 6051174.051499411463737, 2144258.923057259991765 ], [ 6051170.322037488222122, 2144260.686961382627487 ], [ 6051153.487338248640299, 2144270.777291791513562 ], [ 6051137.722728020511568, 2144282.46912357956171 ], [ 6051123.180028615519404, 2144295.649858014658093 ], [ 6051109.999294180423021, 2144310.192557419650257 ], [ 6051098.307462392374873, 2144325.957167648244649 ], [ 6051088.217131983488798, 2144342.79186688689515 ], [ 6051079.825478350743651, 2144360.53452777909115 ], [ 6051073.213317706249654, 2144379.014278801158071 ], [ 6051068.444328771904111, 2144398.053149848710746 ], [ 6051065.564439518377185, 2144417.467786186374724 ], [ 6051064.60138485301286, 2144437.071214252151549 ], [ 6051065.564439518377185, 2144456.674642317928374 ], [ 6051068.444328771904111, 2144476.089278655592352 ], [ 6051073.213317706249654, 2144495.128149703145027 ], [ 6051079.825478350743651, 2144513.607900725211948 ], [ 6051088.217131983488798, 2144531.350561617407948 ], [ 6051098.307462392374873, 2144548.185260856058449 ], [ 6051109.999294180423021, 2144563.949871084652841 ], [ 6051123.180028615519404, 2144578.492570489645004 ], [ 6051137.722728020511568, 2144591.673304924741387 ], [ 6051153.487338248640299, 2144603.365136712789536 ], [ 6051170.322037488222122, 2144613.455467121675611 ], [ 6051188.064698380418122, 2144621.847120754420757 ], [ 6051206.544449402019382, 2144628.459281398449093 ], [ 6051225.583320450037718, 2144633.228270332794636 ], [ 6051244.997956787236035, 2144636.108159586787224 ], [ 6051264.60138485301286, 2144637.071214252151549 ], [ 6051284.204812918789685, 2144636.108159586787224 ], [ 6051302.017010164447129, 2144633.465969718061388 ], [ 6051311.37491980008781, 2144634.854084485210478 ], [ 6051330.978347865864635, 2144635.817139150574803 ], [ 6051350.581775931641459, 2144634.854084485210478 ], [ 6051369.996412268839777, 2144631.974195231217891 ], [ 6051389.035283316858113, 2144627.205206296872348 ], [ 6051407.515034338459373, 2144620.593045652844012 ], [ 6051425.257695230655372, 2144612.201392020098865 ], [ 6051442.092394470237195, 2144602.11106161121279 ], [ 6051457.857004698365927, 2144590.419229823164642 ], [ 6051472.39970410335809, 2144577.238495388068259 ], [ 6051485.580438538454473, 2144562.695795983076096 ], [ 6051497.272270326502621, 2144546.931185754481703 ], [ 6051507.362600735388696, 2144530.096486515831202 ], [ 6051515.754254368133843, 2144512.353825623635203 ], [ 6051522.36641501262784, 2144493.874074601568282 ], [ 6051527.135403946973383, 2144474.835203554015607 ], [ 6051530.015293200500309, 2144455.420567216351628 ], [ 6051530.978347865864635, 2144435.817139150574803 ], [ 6051530.015293200500309, 2144416.213711084797978 ], [ 6051527.135403946973383, 2144396.799074747134 ], [ 6051522.36641501262784, 2144377.760203699581325 ], [ 6051515.754254368133843, 2144359.280452677514404 ], [ 6051507.362600735388696, 2144341.537791785318404 ], [ 6051497.272270326502621, 2144324.703092546667904 ], [ 6051485.580438538454473, 2144308.938482318073511 ], [ 6051472.39970410335809, 2144294.395782913081348 ], [ 6051457.857004698365927, 2144281.215048477984965 ], [ 6051442.092394470237195, 2144269.523216689936817 ], [ 6051427.149423245340586, 2144260.566744417883456 ], [ 6051428.509451383724809, 2144259.558078805916011 ], [ 6051443.052150788716972, 2144246.377344370819628 ], [ 6051456.232885223813355, 2144231.834644965827465 ], [ 6051467.924717011861503, 2144216.070034737233073 ], [ 6051478.015047420747578, 2144199.235335498582572 ], [ 6051486.406701053492725, 2144181.492674606386572 ], [ 6051493.018861697986722, 2144163.012923584319651 ], [ 6051496.679847520776093, 2144148.397448912262917 ], [ 6051505.354751924984157, 2144145.293518484570086 ], [ 6051523.097412817180157, 2144136.901864851824939 ], [ 6051539.93211205676198, 2144126.811534442938864 ], [ 6051555.696722284890711, 2144115.119702654890716 ], [ 6051570.239421689882874, 2144101.938968219794333 ], [ 6051583.420156124979258, 2144087.39626881480217 ], [ 6051595.111987913027406, 2144071.631658586207777 ], [ 6051605.202318321913481, 2144054.796959347557276 ], [ 6051613.593971954658628, 2144037.054298455361277 ], [ 6051620.206132599152625, 2144018.574547433294356 ], [ 6051624.975121533498168, 2143999.535676385741681 ], [ 6051627.855010787025094, 2143980.121040048077703 ], [ 6051628.818065452389419, 2143960.517611982300878 ], [ 6051627.855010787025094, 2143940.914183916524053 ], [ 6051624.975121533498168, 2143921.499547578860074 ], [ 6051620.206132599152625, 2143902.460676531307399 ], [ 6051613.593971954658628, 2143883.980925509240478 ], [ 6051605.202318321913481, 2143866.238264617044479 ], [ 6051595.111987913027406, 2143849.403565378393978 ], [ 6051583.420156124979258, 2143833.638955149799585 ], [ 6051570.239421689882874, 2143819.096255744807422 ], [ 6051555.696722284890711, 2143805.915521309711039 ], [ 6051539.93211205676198, 2143794.223689521662891 ], [ 6051523.097412817180157, 2143784.133359112776816 ], [ 6051505.354751924984157, 2143775.741705480031669 ], [ 6051486.875000903382897, 2143769.129544836003333 ], [ 6051467.836129855364561, 2143764.36055590165779 ], [ 6051463.959254526533186, 2143763.785475770942867 ], [ 6051460.76313600782305, 2143759.476008819881827 ], [ 6051447.582401572726667, 2143744.933309414889663 ], [ 6051433.039702167734504, 2143731.75257497979328 ], [ 6051417.275091939605772, 2143720.060743191745132 ], [ 6051400.440392700023949, 2143709.970412782859057 ], [ 6051382.69773180782795, 2143701.57875915011391 ], [ 6051364.21798078622669, 2143694.966598506085575 ], [ 6051345.179109738208354, 2143690.197609571740031 ] ] ], [ [ [ 6047132.679653133265674, 2145491.804374303203076 ], [ 6047119.498918698169291, 2145477.261674898210913 ], [ 6047104.956219293177128, 2145464.08094046311453 ], [ 6047089.191609065048397, 2145452.389108675066382 ], [ 6047072.356909825466573, 2145442.298778266180307 ], [ 6047054.614248933270574, 2145433.90712463343516 ], [ 6047036.134497911669314, 2145427.294963989406824 ], [ 6047017.095626863650978, 2145422.525975055061281 ], [ 6046997.680990526452661, 2145419.646085801068693 ], [ 6046978.077562460675836, 2145418.683031135704368 ], [ 6046958.474134394899011, 2145419.646085801068693 ], [ 6046939.059498057700694, 2145422.525975055061281 ], [ 6046920.020627009682357, 2145427.294963989406824 ], [ 6046901.540875988081098, 2145433.90712463343516 ], [ 6046883.798215095885098, 2145442.298778266180307 ], [ 6046866.963515856303275, 2145452.389108675066382 ], [ 6046859.74800748936832, 2145457.740494397003204 ], [ 6046855.060107404366136, 2145459.417851868551224 ], [ 6046837.317446512170136, 2145467.809505501296371 ], [ 6046820.482747272588313, 2145477.899835910182446 ], [ 6046804.718137044459581, 2145489.591667698230594 ], [ 6046790.175437639467418, 2145502.772402133326977 ], [ 6046776.994703204371035, 2145517.315101538319141 ], [ 6046765.302871416322887, 2145533.079711766913533 ], [ 6046755.212541007436812, 2145549.914411005564034 ], [ 6046746.820887374691665, 2145567.657071897760034 ], [ 6046740.208726730197668, 2145586.136822919826955 ], [ 6046735.439737795852125, 2145605.17569396737963 ], [ 6046732.559848542325199, 2145624.590330305043608 ], [ 6046731.596793876960874, 2145644.193758370820433 ], [ 6046732.559848542325199, 2145663.797186436597258 ], [ 6046735.439737795852125, 2145683.211822774261236 ], [ 6046740.208726730197668, 2145702.250693821813911 ], [ 6046746.820887374691665, 2145720.730444843880832 ], [ 6046755.212541007436812, 2145738.473105736076832 ], [ 6046765.302871416322887, 2145755.307804974727333 ], [ 6046776.994703204371035, 2145771.072415203321725 ], [ 6046790.175437639467418, 2145785.615114608313888 ], [ 6046804.718137044459581, 2145798.795849043410271 ], [ 6046820.482747272588313, 2145810.48768083145842 ], [ 6046837.317446512170136, 2145820.578011240344495 ], [ 6046855.060107404366136, 2145828.969664873089641 ], [ 6046873.539858425967395, 2145835.581825517117977 ], [ 6046892.578729473985732, 2145840.350814451463521 ], [ 6046911.993365811184049, 2145843.230703705456108 ], [ 6046931.596793876960874, 2145844.193758370820433 ], [ 6046951.200221942737699, 2145843.230703705456108 ], [ 6046970.614858279936016, 2145840.350814451463521 ], [ 6046989.653729327954352, 2145835.581825517117977 ], [ 6047008.133480349555612, 2145828.969664873089641 ], [ 6047025.876141241751611, 2145820.578011240344495 ], [ 6047042.710840481333435, 2145810.48768083145842 ], [ 6047049.92634884826839, 2145805.136295109521598 ], [ 6047054.614248933270574, 2145803.458937637973577 ], [ 6047072.356909825466573, 2145795.06728400522843 ], [ 6047089.191609065048397, 2145784.976953596342355 ], [ 6047104.956219293177128, 2145773.285121808294207 ], [ 6047119.498918698169291, 2145760.104387373197824 ], [ 6047132.679653133265674, 2145745.561687968205661 ], [ 6047144.371484921313822, 2145729.797077739611268 ], [ 6047154.461815330199897, 2145712.962378500960767 ], [ 6047162.853468962945044, 2145695.219717608764768 ], [ 6047169.465629607439041, 2145676.739966586697847 ], [ 6047174.234618541784585, 2145657.701095539145172 ], [ 6047177.114507795311511, 2145638.286459201481193 ], [ 6047178.077562460675836, 2145618.683031135704368 ], [ 6047177.114507795311511, 2145599.079603069927543 ], [ 6047174.234618541784585, 2145579.664966732263565 ], [ 6047169.465629607439041, 2145560.62609568471089 ], [ 6047162.853468962945044, 2145542.146344662643969 ], [ 6047154.461815330199897, 2145524.403683770447969 ], [ 6047144.371484921313822, 2145507.568984531797469 ], [ 6047132.679653133265674, 2145491.804374303203076 ] ] ], [ [ [ 6158957.2811333341524, 1939085.843717419775203 ], [ 6158937.677705268375576, 1939086.806772085372359 ], [ 6158918.263068931177258, 1939089.686661339132115 ], [ 6158899.224197883158922, 1939094.455650273244828 ], [ 6158880.744446861557662, 1939101.067810917505994 ], [ 6158863.001785969361663, 1939109.459464550018311 ], [ 6158846.16708672977984, 1939119.549794959370047 ], [ 6158830.402476501651108, 1939131.241626747185364 ], [ 6158815.859777096658945, 1939144.422361182514578 ], [ 6158802.679042661562562, 1939158.96506058704108 ], [ 6158790.987210873514414, 1939174.729670815868303 ], [ 6158780.896880464628339, 1939191.564370054518804 ], [ 6158772.505226831883192, 1939209.307030946714804 ], [ 6158765.893066187389195, 1939227.786781968781725 ], [ 6158761.124077253043652, 1939246.82565301656723 ], [ 6158758.244187999516726, 1939266.240289353765547 ], [ 6158757.2811333341524, 1939285.843717419775203 ], [ 6158758.244187999516726, 1939305.447145485784858 ], [ 6158761.124077253043652, 1939324.861781822983176 ], [ 6158765.893066187389195, 1939343.900652870768681 ], [ 6158772.505226831883192, 1939362.380403892835602 ], [ 6158780.896880464628339, 1939380.123064785031602 ], [ 6158790.987210873514414, 1939396.957764023682103 ], [ 6158802.679042661562562, 1939412.722374252509326 ], [ 6158815.859777096658945, 1939427.265073657035828 ], [ 6158830.402476501651108, 1939440.445808092365041 ], [ 6158846.16708672977984, 1939452.137639880180359 ], [ 6158863.001785969361663, 1939462.227970289532095 ], [ 6158863.449465657584369, 1939462.439707013079897 ], [ 6158871.460068989545107, 1939468.380775350145996 ], [ 6158888.29476822912693, 1939478.471105759497732 ], [ 6158906.03742912132293, 1939486.862759392010048 ], [ 6158924.51718014292419, 1939493.474920036271214 ], [ 6158943.556051190942526, 1939498.243908970383927 ], [ 6158962.970687528140843, 1939501.123798224143684 ], [ 6158982.574115593917668, 1939502.08685288974084 ], [ 6159002.177543659694493, 1939501.123798224143684 ], [ 6159021.59217999689281, 1939498.243908970383927 ], [ 6159040.631051044911146, 1939493.474920036271214 ], [ 6159059.110802066512406, 1939486.862759392010048 ], [ 6159076.853462958708405, 1939478.471105759497732 ], [ 6159093.688162198290229, 1939468.380775350145996 ], [ 6159109.45277242641896, 1939456.688943562330678 ], [ 6159123.995471831411123, 1939443.508209127001464 ], [ 6159137.176206266507506, 1939428.965509722474962 ], [ 6159148.868038054555655, 1939413.200899493647739 ], [ 6159158.95836846344173, 1939396.366200254997239 ], [ 6159167.350022096186876, 1939378.623539362801239 ], [ 6159173.962182740680873, 1939360.143788340734318 ], [ 6159178.731171675026417, 1939341.104917292948812 ], [ 6159181.611060928553343, 1939321.690280955750495 ], [ 6159182.574115593917668, 1939302.08685288974084 ], [ 6159181.611060928553343, 1939282.483424823731184 ], [ 6159178.731171675026417, 1939263.068788486532867 ], [ 6159173.962182740680873, 1939244.029917438747361 ], [ 6159167.350022096186876, 1939225.55016641668044 ], [ 6159158.95836846344173, 1939207.807505524484441 ], [ 6159148.868038054555655, 1939190.97280628583394 ], [ 6159137.176206266507506, 1939175.208196057006717 ], [ 6159123.995471831411123, 1939160.665496652480215 ], [ 6159109.45277242641896, 1939147.484762217151001 ], [ 6159093.688162198290229, 1939135.792930429335684 ], [ 6159076.853462958708405, 1939125.702600019983947 ], [ 6159076.405783270485699, 1939125.490863296436146 ], [ 6159068.395179938524961, 1939119.549794959370047 ], [ 6159051.560480698943138, 1939109.459464550018311 ], [ 6159033.817819806747139, 1939101.067810917505994 ], [ 6159015.338068785145879, 1939094.455650273244828 ], [ 6158996.299197737127542, 1939089.686661339132115 ], [ 6158976.884561399929225, 1939086.806772085372359 ], [ 6158957.2811333341524, 1939085.843717419775203 ] ] ], [ [ [ 6153695.915938830003142, 1945199.50067260558717 ], [ 6153681.373239425010979, 1945186.319938170257956 ], [ 6153665.608629196882248, 1945174.628106382442638 ], [ 6153648.773929957300425, 1945164.537775973090902 ], [ 6153631.031269065104425, 1945156.146122340578586 ], [ 6153612.551518043503165, 1945149.533961696317419 ], [ 6153593.512646995484829, 1945144.764972762204707 ], [ 6153574.098010658286512, 1945141.88508350844495 ], [ 6153554.494582592509687, 1945140.922028842847794 ], [ 6153534.891154526732862, 1945141.88508350844495 ], [ 6153515.476518189534545, 1945144.764972762204707 ], [ 6153496.437647141516209, 1945149.533961696317419 ], [ 6153477.957896119914949, 1945156.146122340578586 ], [ 6153460.215235227718949, 1945164.537775973090902 ], [ 6153443.380535988137126, 1945174.628106382442638 ], [ 6153427.615925760008395, 1945186.319938170257956 ], [ 6153413.073226355016232, 1945199.50067260558717 ], [ 6153399.892491919919848, 1945214.043372010113671 ], [ 6153388.2006601318717, 1945229.807982238940895 ], [ 6153378.110329722985625, 1945246.642681477591395 ], [ 6153369.718676090240479, 1945264.385342369787395 ], [ 6153363.106515445746481, 1945282.865093391854316 ], [ 6153358.337526511400938, 1945301.903964439639822 ], [ 6153355.457637257874012, 1945321.318600776838139 ], [ 6153354.494582592509687, 1945340.922028842847794 ], [ 6153355.457637257874012, 1945360.52545690885745 ], [ 6153358.337526511400938, 1945379.940093246055767 ], [ 6153363.106515445746481, 1945398.978964293841273 ], [ 6153369.718676090240479, 1945417.458715315908194 ], [ 6153378.110329722985625, 1945435.201376208104193 ], [ 6153388.2006601318717, 1945452.036075446754694 ], [ 6153399.892491919919848, 1945467.800685675581917 ], [ 6153413.073226355016232, 1945482.343385080108419 ], [ 6153427.615925760008395, 1945495.524119515437633 ], [ 6153443.380535988137126, 1945507.21595130325295 ], [ 6153460.215235227718949, 1945517.306281712604687 ], [ 6153477.957896119914949, 1945525.697935345117003 ], [ 6153496.437647141516209, 1945532.310095989378169 ], [ 6153515.476518189534545, 1945537.079084923490882 ], [ 6153534.891154526732862, 1945539.958974177250639 ], [ 6153554.494582592509687, 1945540.922028842847794 ], [ 6153574.098010658286512, 1945539.958974177250639 ], [ 6153593.512646995484829, 1945537.079084923490882 ], [ 6153612.551518043503165, 1945532.310095989378169 ], [ 6153631.031269065104425, 1945525.697935345117003 ], [ 6153648.773929957300425, 1945517.306281712604687 ], [ 6153665.608629196882248, 1945507.21595130325295 ], [ 6153681.373239425010979, 1945495.524119515437633 ], [ 6153695.915938830003142, 1945482.343385080108419 ], [ 6153709.096673265099525, 1945467.800685675581917 ], [ 6153720.788505053147674, 1945452.036075446754694 ], [ 6153730.878835462033749, 1945435.201376208104193 ], [ 6153739.270489094778895, 1945417.458715315908194 ], [ 6153745.882649739272892, 1945398.978964293841273 ], [ 6153750.651638673618436, 1945379.940093246055767 ], [ 6153753.531527927145362, 1945360.52545690885745 ], [ 6153754.494582592509687, 1945340.922028842847794 ], [ 6153753.531527927145362, 1945321.318600776838139 ], [ 6153750.651638673618436, 1945301.903964439639822 ], [ 6153745.882649739272892, 1945282.865093391854316 ], [ 6153739.270489094778895, 1945264.385342369787395 ], [ 6153730.878835462033749, 1945246.642681477591395 ], [ 6153720.788505053147674, 1945229.807982238940895 ], [ 6153709.096673265099525, 1945214.043372010113671 ], [ 6153695.915938830003142, 1945199.50067260558717 ] ] ], [ [ [ 6154029.114476036280394, 1945421.477645773207769 ], [ 6154014.57177663128823, 1945408.296911337878555 ], [ 6153998.807166403159499, 1945396.605079550063238 ], [ 6153981.972467163577676, 1945386.514749140711501 ], [ 6153964.229806271381676, 1945378.123095508199185 ], [ 6153945.750055249780416, 1945371.510934863938019 ], [ 6153926.71118420176208, 1945366.741945929825306 ], [ 6153907.296547864563763, 1945363.862056676065549 ], [ 6153887.693119798786938, 1945362.899002010468394 ], [ 6153868.089691733010113, 1945363.862056676065549 ], [ 6153848.675055395811796, 1945366.741945929825306 ], [ 6153829.63618434779346, 1945371.510934863938019 ], [ 6153811.1564333261922, 1945378.123095508199185 ], [ 6153793.413772433996201, 1945386.514749140711501 ], [ 6153776.579073194414377, 1945396.605079550063238 ], [ 6153760.814462966285646, 1945408.296911337878555 ], [ 6153746.271763561293483, 1945421.477645773207769 ], [ 6153733.0910291261971, 1945436.020345177734271 ], [ 6153721.399197338148952, 1945451.784955406561494 ], [ 6153711.308866929262877, 1945468.619654645211995 ], [ 6153702.91721329651773, 1945486.362315537407994 ], [ 6153696.305052652023733, 1945504.842066559474915 ], [ 6153691.536063717678189, 1945523.880937607260421 ], [ 6153688.656174464151263, 1945543.295573944458738 ], [ 6153687.693119798786938, 1945562.899002010468394 ], [ 6153688.656174464151263, 1945582.502430076478049 ], [ 6153691.536063717678189, 1945601.917066413676366 ], [ 6153692.234435805119574, 1945604.705124072497711 ], [ 6153690.467567157000303, 1945607.08747066068463 ], [ 6153680.377236748114228, 1945623.922169899335131 ], [ 6153671.985583115369081, 1945641.664830791531131 ], [ 6153665.373422470875084, 1945660.144581813598052 ], [ 6153660.604433536529541, 1945679.183452861383557 ], [ 6153657.724544283002615, 1945698.598089198581874 ], [ 6153656.76148961763829, 1945718.20151726459153 ], [ 6153657.724544283002615, 1945737.804945330601186 ], [ 6153660.604433536529541, 1945757.219581667799503 ], [ 6153665.373422470875084, 1945776.258452715585008 ], [ 6153671.985583115369081, 1945794.738203737651929 ], [ 6153680.377236748114228, 1945812.480864629847929 ], [ 6153690.467567157000303, 1945829.31556386849843 ], [ 6153702.159398945048451, 1945845.080174097325653 ], [ 6153715.340133380144835, 1945859.622873501852155 ], [ 6153729.882832785136998, 1945872.803607937181368 ], [ 6153745.647443013265729, 1945884.495439724996686 ], [ 6153762.482142252847552, 1945894.585770134348422 ], [ 6153780.224803145043552, 1945902.977423766860738 ], [ 6153798.704554166644812, 1945909.589584411121905 ], [ 6153817.743425214663148, 1945914.358573345234618 ], [ 6153837.158061551861465, 1945917.238462598994374 ], [ 6153856.76148961763829, 1945918.20151726459153 ], [ 6153876.364917683415115, 1945917.238462598994374 ], [ 6153895.779554020613432, 1945914.358573345234618 ], [ 6153914.818425068631768, 1945909.589584411121905 ], [ 6153933.298176090233028, 1945902.977423766860738 ], [ 6153951.040836982429028, 1945894.585770134348422 ], [ 6153967.875536222010851, 1945884.495439724996686 ], [ 6153983.640146450139582, 1945872.803607937181368 ], [ 6153998.182845855131745, 1945859.622873501852155 ], [ 6154011.363580290228128, 1945845.080174097325653 ], [ 6154023.055412078276277, 1945829.31556386849843 ], [ 6154028.399343597702682, 1945820.399752766592428 ], [ 6154029.26953930594027, 1945819.878177531296387 ], [ 6154045.034149534069002, 1945808.18634574348107 ], [ 6154059.576848939061165, 1945795.005611308151856 ], [ 6154072.757583374157548, 1945780.462911903625354 ], [ 6154084.449415162205696, 1945764.698301674798131 ], [ 6154094.539745571091771, 1945747.86360243614763 ], [ 6154102.931399203836918, 1945730.120941543951631 ], [ 6154109.543559848330915, 1945711.64119052188471 ], [ 6154114.312548782676458, 1945692.602319474099204 ], [ 6154117.192438036203384, 1945673.187683136900887 ], [ 6154118.155492701567709, 1945653.584255070891231 ], [ 6154117.192438036203384, 1945633.980827004881576 ], [ 6154114.312548782676458, 1945614.566190667683259 ], [ 6154109.543559848330915, 1945595.527319619897753 ], [ 6154102.931399203836918, 1945577.047568597830832 ], [ 6154094.539745571091771, 1945559.304907705634832 ], [ 6154086.889515993185341, 1945546.541270754765719 ], [ 6154086.730065133422613, 1945543.295573944458738 ], [ 6154083.850175879895687, 1945523.880937607260421 ], [ 6154079.081186945550144, 1945504.842066559474915 ], [ 6154072.469026301056147, 1945486.362315537407994 ], [ 6154064.077372668311, 1945468.619654645211995 ], [ 6154053.987042259424925, 1945451.784955406561494 ], [ 6154042.295210471376777, 1945436.020345177734271 ], [ 6154029.114476036280394, 1945421.477645773207769 ] ] ], [ [ [ 6144252.200215732678771, 1954189.529367998009548 ], [ 6144237.657516327686608, 1954176.348633562680334 ], [ 6144221.892906099557877, 1954164.656801774865016 ], [ 6144205.058206859976053, 1954154.56647136551328 ], [ 6144187.315545967780054, 1954146.174817733000964 ], [ 6144168.835794946178794, 1954139.562657088739797 ], [ 6144149.796923898160458, 1954134.793668154627085 ], [ 6144130.382287560962141, 1954131.913778900867328 ], [ 6144110.778859495185316, 1954130.950724235270172 ], [ 6144091.175431429408491, 1954131.913778900867328 ], [ 6144071.760795092210174, 1954134.793668154627085 ], [ 6144052.721924044191837, 1954139.562657088739797 ], [ 6144034.242173022590578, 1954146.174817733000964 ], [ 6144016.499512130394578, 1954154.56647136551328 ], [ 6143999.664812890812755, 1954164.656801774865016 ], [ 6143983.900202662684023, 1954176.348633562680334 ], [ 6143969.35750325769186, 1954189.529367998009548 ], [ 6143956.176768822595477, 1954204.072067402536049 ], [ 6143944.484937034547329, 1954219.836677631363273 ], [ 6143934.394606625661254, 1954236.671376870013773 ], [ 6143926.002952992916107, 1954254.414037762209773 ], [ 6143919.39079234842211, 1954272.893788784276694 ], [ 6143914.621803414076567, 1954291.9326598320622 ], [ 6143911.741914160549641, 1954311.347296169260517 ], [ 6143910.778859495185316, 1954330.950724235270172 ], [ 6143911.741914160549641, 1954350.554152301279828 ], [ 6143914.621803414076567, 1954369.968788638478145 ], [ 6143919.39079234842211, 1954389.007659686263651 ], [ 6143926.002952992916107, 1954407.487410708330572 ], [ 6143934.394606625661254, 1954425.230071600526571 ], [ 6143944.484937034547329, 1954442.064770839177072 ], [ 6143946.111745399422944, 1954444.258267995901406 ], [ 6143947.473365272395313, 1954453.437563566956669 ], [ 6143952.242354206740856, 1954472.476434614742175 ], [ 6143955.514125461690128, 1954481.620422707404941 ], [ 6143954.711349890567362, 1954484.825282437261194 ], [ 6143951.831460637040436, 1954504.239918774459511 ], [ 6143950.868405971676111, 1954523.843346840469167 ], [ 6143951.831460637040436, 1954543.446774906478822 ], [ 6143954.711349890567362, 1954562.861411243677139 ], [ 6143959.480338824912906, 1954581.900282291462645 ], [ 6143966.092499469406903, 1954600.380033313529566 ], [ 6143974.48415310215205, 1954618.122694205725566 ], [ 6143984.574483511038125, 1954634.957393444376066 ], [ 6143996.266315299086273, 1954650.72200367320329 ], [ 6144009.447049734182656, 1954665.264703077729791 ], [ 6144023.989749139174819, 1954678.445437513059005 ], [ 6144039.75435936730355, 1954690.137269300874323 ], [ 6144056.589058606885374, 1954700.227599710226059 ], [ 6144074.331719499081373, 1954708.619253342738375 ], [ 6144092.811470520682633, 1954715.231413986999542 ], [ 6144111.850341568700969, 1954720.000402921112254 ], [ 6144131.264977905899286, 1954722.880292174872011 ], [ 6144150.868405971676111, 1954723.843346840469167 ], [ 6144170.471834037452936, 1954722.880292174872011 ], [ 6144189.886470374651253, 1954720.000402921112254 ], [ 6144208.92534142266959, 1954715.231413986999542 ], [ 6144227.405092444270849, 1954708.619253342738375 ], [ 6144245.147753336466849, 1954700.227599710226059 ], [ 6144261.982452576048672, 1954690.137269300874323 ], [ 6144277.747062804177403, 1954678.445437513059005 ], [ 6144292.289762209169567, 1954665.264703077729791 ], [ 6144305.47049664426595, 1954650.72200367320329 ], [ 6144317.162328432314098, 1954634.957393444376066 ], [ 6144327.252658841200173, 1954618.122694205725566 ], [ 6144335.64431247394532, 1954600.380033313529566 ], [ 6144342.256473118439317, 1954581.900282291462645 ], [ 6144347.02546205278486, 1954562.861411243677139 ], [ 6144349.905351306311786, 1954543.446774906478822 ], [ 6144350.868405971676111, 1954523.843346840469167 ], [ 6144349.905351306311786, 1954504.239918774459511 ], [ 6144347.02546205278486, 1954484.825282437261194 ], [ 6144342.256473118439317, 1954465.786411389475688 ], [ 6144338.984701863490045, 1954456.642423296812922 ], [ 6144339.787477434612811, 1954453.437563566956669 ], [ 6144342.667366688139737, 1954434.022927229758352 ], [ 6144343.630421353504062, 1954414.419499163748696 ], [ 6144342.667366688139737, 1954394.816071097739041 ], [ 6144339.787477434612811, 1954375.401434760540724 ], [ 6144335.018488500267267, 1954356.362563712755218 ], [ 6144328.40632785577327, 1954337.882812690688297 ], [ 6144320.014674223028123, 1954320.140151798492298 ], [ 6144309.924343814142048, 1954303.305452559841797 ], [ 6144308.297535449266434, 1954301.111955403117463 ], [ 6144306.935915576294065, 1954291.9326598320622 ], [ 6144302.166926641948521, 1954272.893788784276694 ], [ 6144295.554765997454524, 1954254.414037762209773 ], [ 6144287.163112364709377, 1954236.671376870013773 ], [ 6144277.072781955823302, 1954219.836677631363273 ], [ 6144265.380950167775154, 1954204.072067402536049 ], [ 6144252.200215732678771, 1954189.529367998009548 ] ] ], [ [ [ 6162432.923128983937204, 1959079.790211146231741 ], [ 6162417.158518755808473, 1959068.098379358416423 ], [ 6162400.323819516226649, 1959058.008048949064687 ], [ 6162382.58115862403065, 1959049.616395316552371 ], [ 6162364.10140760242939, 1959043.004234672291204 ], [ 6162345.062536554411054, 1959038.235245738178492 ], [ 6162325.647900217212737, 1959035.355356484418735 ], [ 6162306.044472151435912, 1959034.392301818821579 ], [ 6162286.441044085659087, 1959035.355356484418735 ], [ 6162267.02640774846077, 1959038.235245738178492 ], [ 6162247.987536700442433, 1959043.004234672291204 ], [ 6162229.507785678841174, 1959049.616395316552371 ], [ 6162211.765124786645174, 1959058.008048949064687 ], [ 6162194.930425547063351, 1959068.098379358416423 ], [ 6162179.165815318934619, 1959079.790211146231741 ], [ 6162164.623115913942456, 1959092.970945581560954 ], [ 6162151.442381478846073, 1959107.513644986087456 ], [ 6162139.750549690797925, 1959123.27825521491468 ], [ 6162129.66021928191185, 1959140.11295445356518 ], [ 6162121.268565649166703, 1959157.85561534576118 ], [ 6162114.656405004672706, 1959176.335366367828101 ], [ 6162111.890934594906867, 1959187.375743111595511 ], [ 6162106.918440653942525, 1959189.15492989285849 ], [ 6162089.175779761746526, 1959197.546583525370806 ], [ 6162072.341080522164702, 1959207.636913934722543 ], [ 6162056.576470294035971, 1959219.32874572253786 ], [ 6162042.033770889043808, 1959232.509480157867074 ], [ 6162028.853036453947425, 1959247.052179562393576 ], [ 6162017.161204665899277, 1959262.816789791220799 ], [ 6162007.070874257013202, 1959279.6514890298713 ], [ 6161998.679220624268055, 1959297.394149922067299 ], [ 6161992.067059979774058, 1959315.87390094413422 ], [ 6161987.298071045428514, 1959334.912771991919726 ], [ 6161984.418181791901588, 1959354.327408329118043 ], [ 6161983.455127126537263, 1959373.930836395127699 ], [ 6161984.418181791901588, 1959393.534264461137354 ], [ 6161987.298071045428514, 1959412.948900798335671 ], [ 6161992.067059979774058, 1959431.987771846121177 ], [ 6161998.679220624268055, 1959450.467522868188098 ], [ 6162007.070874257013202, 1959468.210183760384098 ], [ 6162017.161204665899277, 1959485.044882999034598 ], [ 6162028.853036453947425, 1959500.809493227861822 ], [ 6162042.033770889043808, 1959515.352192632388324 ], [ 6162052.63113618735224, 1959524.957084669498727 ], [ 6162051.660566612146795, 1959528.831815612502396 ], [ 6162048.780677358619869, 1959548.246451949700713 ], [ 6162048.467421259731054, 1959554.622926322510466 ], [ 6162042.014180136844516, 1959556.239379074890167 ], [ 6162023.534429115243256, 1959562.851539719151333 ], [ 6162005.791768223047256, 1959571.243193351663649 ], [ 6161988.957068983465433, 1959581.333523761015385 ], [ 6161973.192458755336702, 1959593.025355548830703 ], [ 6161958.649759350344539, 1959606.206089984159917 ], [ 6161945.469024915248156, 1959620.748789388686419 ], [ 6161933.777193127200007, 1959636.513399617513642 ], [ 6161923.686862718313932, 1959653.348098856164142 ], [ 6161915.295209085568786, 1959671.090759748360142 ], [ 6161908.683048441074789, 1959689.570510770427063 ], [ 6161903.914059506729245, 1959708.609381818212569 ], [ 6161901.034170253202319, 1959728.024018155410886 ], [ 6161900.071115587837994, 1959747.627446221420541 ], [ 6161901.034170253202319, 1959767.230874287430197 ], [ 6161903.914059506729245, 1959786.645510624628514 ], [ 6161908.683048441074789, 1959805.68438167241402 ], [ 6161915.295209085568786, 1959824.164132694480941 ], [ 6161923.686862718313932, 1959841.90679358667694 ], [ 6161933.777193127200007, 1959858.741492825327441 ], [ 6161944.027120949700475, 1959872.561920618638396 ], [ 6161940.80377737712115, 1959885.430229493184015 ], [ 6161937.923888123594224, 1959904.844865830382332 ], [ 6161936.960833458229899, 1959924.448293896391988 ], [ 6161937.923888123594224, 1959944.051721962401643 ], [ 6161940.80377737712115, 1959963.46635829959996 ], [ 6161945.572766311466694, 1959982.505229347385466 ], [ 6161952.184926955960691, 1960000.984980369452387 ], [ 6161960.576580588705838, 1960018.727641261648387 ], [ 6161970.666910997591913, 1960035.562340500298887 ], [ 6161982.358742785640061, 1960051.326950729126111 ], [ 6161995.539477220736444, 1960065.869650133652613 ], [ 6162010.082176625728607, 1960079.050384568981826 ], [ 6162025.846786853857338, 1960090.742216356797144 ], [ 6162042.681486093439162, 1960100.83254676614888 ], [ 6162060.424146985635161, 1960109.224200398661196 ], [ 6162078.903898007236421, 1960115.836361042922363 ], [ 6162097.942769055254757, 1960120.605349977035075 ], [ 6162117.357405392453074, 1960123.485239230794832 ], [ 6162136.960833458229899, 1960124.448293896391988 ], [ 6162156.564261524006724, 1960123.485239230794832 ], [ 6162175.978897861205041, 1960120.605349977035075 ], [ 6162195.017768909223378, 1960115.836361042922363 ], [ 6162213.497519930824637, 1960109.224200398661196 ], [ 6162231.240180823020637, 1960100.83254676614888 ], [ 6162248.07488006260246, 1960090.742216356797144 ], [ 6162263.839490290731192, 1960079.050384568981826 ], [ 6162278.382189695723355, 1960065.869650133652613 ], [ 6162291.562924130819738, 1960051.326950729126111 ], [ 6162303.254755918867886, 1960035.562340500298887 ], [ 6162313.345086327753961, 1960018.727641261648387 ], [ 6162321.736739960499108, 1960000.984980369452387 ], [ 6162328.348900604993105, 1959982.505229347385466 ], [ 6162333.117889539338648, 1959963.46635829959996 ], [ 6162335.997778792865574, 1959944.051721962401643 ], [ 6162336.960833458229899, 1959924.448293896391988 ], [ 6162335.997778792865574, 1959904.844865830382332 ], [ 6162333.117889539338648, 1959885.430229493184015 ], [ 6162332.352843335829675, 1959882.375993843190372 ], [ 6162337.97827807161957, 1959874.790973156224936 ], [ 6162348.068608480505645, 1959857.956273917574435 ], [ 6162348.986866560764611, 1959856.014780327677727 ], [ 6162358.488513685762882, 1959851.520835924893618 ], [ 6162375.323212925344706, 1959841.430505515541881 ], [ 6162391.087823153473437, 1959829.738673727726564 ], [ 6162405.6305225584656, 1959816.55793929239735 ], [ 6162418.811256993561983, 1959802.015239887870848 ], [ 6162430.503088781610131, 1959786.250629659043625 ], [ 6162440.593419190496206, 1959769.415930420393124 ], [ 6162448.985072823241353, 1959751.673269528197125 ], [ 6162455.59723346773535, 1959733.193518506130204 ], [ 6162460.366222402080894, 1959714.154647458344698 ], [ 6162463.24611165560782, 1959694.740011121146381 ], [ 6162464.209166320972145, 1959675.136583055136725 ], [ 6162463.24611165560782, 1959655.53315498912707 ], [ 6162462.844664597883821, 1959652.826818758854643 ], [ 6162463.159671133384109, 1959652.160793398972601 ], [ 6162469.771831777878106, 1959633.68104237690568 ], [ 6162474.540820712223649, 1959614.642171329120174 ], [ 6162475.730910775251687, 1959606.619235808262601 ], [ 6162485.607918053865433, 1959593.301633161259815 ], [ 6162495.698248462751508, 1959576.466933922609314 ], [ 6162504.089902095496655, 1959558.724273030413315 ], [ 6162510.702062739990652, 1959540.244522008346394 ], [ 6162515.471051674336195, 1959521.205650960560888 ], [ 6162518.350940927863121, 1959501.791014623362571 ], [ 6162519.313995593227446, 1959482.187586557352915 ], [ 6162518.350940927863121, 1959462.58415849134326 ], [ 6162515.471051674336195, 1959443.169522154144943 ], [ 6162510.702062739990652, 1959424.130651106359437 ], [ 6162504.089902095496655, 1959405.650900084292516 ], [ 6162501.8827835470438, 1959400.98433999158442 ], [ 6162501.109489945694804, 1959385.243587122764438 ], [ 6162498.229600692167878, 1959365.828950785566121 ], [ 6162493.460611757822335, 1959346.790079737780616 ], [ 6162486.848451113328338, 1959328.310328715713695 ], [ 6162484.724033994600177, 1959323.818626104388386 ], [ 6162490.82037865370512, 1959310.928988291881979 ], [ 6162497.432539298199117, 1959292.449237269815058 ], [ 6162502.201528232544661, 1959273.410366222029552 ], [ 6162505.081417486071587, 1959253.995729884831235 ], [ 6162506.044472151435912, 1959234.392301818821579 ], [ 6162505.081417486071587, 1959214.788873752811924 ], [ 6162502.201528232544661, 1959195.374237415613607 ], [ 6162497.432539298199117, 1959176.335366367828101 ], [ 6162490.82037865370512, 1959157.85561534576118 ], [ 6162482.428725020959973, 1959140.11295445356518 ], [ 6162472.338394612073898, 1959123.27825521491468 ], [ 6162460.64656282402575, 1959107.513644986087456 ], [ 6162447.465828388929367, 1959092.970945581560954 ], [ 6162432.923128983937204, 1959079.790211146231741 ] ] ], [ [ [ 6126680.137803504243493, 1960637.869007816305384 ], [ 6126673.457944219000638, 1960640.259099686285481 ], [ 6126661.951852490194142, 1960639.693841646425426 ], [ 6126642.348424424417317, 1960640.656896312022582 ], [ 6126622.933788087219, 1960643.536785565782338 ], [ 6126603.894917039200664, 1960648.305774499895051 ], [ 6126585.415166017599404, 1960654.917935144156218 ], [ 6126567.672505125403404, 1960663.309588776668534 ], [ 6126550.837805885821581, 1960673.39991918602027 ], [ 6126535.07319565769285, 1960685.091750973835588 ], [ 6126520.530496252700686, 1960698.272485409164801 ], [ 6126507.349761817604303, 1960712.815184813691303 ], [ 6126495.657930029556155, 1960728.579795042518526 ], [ 6126485.56759962067008, 1960745.414494281169027 ], [ 6126484.112803931348026, 1960748.490401332266629 ], [ 6126483.70874952711165, 1960748.345828354591504 ], [ 6126464.669878479093313, 1960743.576839420478791 ], [ 6126445.255242141894996, 1960740.696950166719034 ], [ 6126425.651814076118171, 1960739.733895501121879 ], [ 6126406.048386010341346, 1960740.696950166719034 ], [ 6126396.151219075545669, 1960742.16505619790405 ], [ 6126386.759106, 1960739.812454343773425 ], [ 6126367.344469662755728, 1960736.932565090013668 ], [ 6126347.741041596978903, 1960735.969510424416512 ], [ 6126328.137613531202078, 1960736.932565090013668 ], [ 6126308.722977194003761, 1960739.812454343773425 ], [ 6126289.684106145985425, 1960744.581443277886137 ], [ 6126271.204355124384165, 1960751.193603922147304 ], [ 6126253.461694232188165, 1960759.58525755465962 ], [ 6126236.626994992606342, 1960769.675587964011356 ], [ 6126220.862384764477611, 1960781.367419751826674 ], [ 6126206.319685359485447, 1960794.548154187155887 ], [ 6126193.138950924389064, 1960809.090853591682389 ], [ 6126181.447119136340916, 1960824.855463820509613 ], [ 6126171.356788727454841, 1960841.690163059160113 ], [ 6126162.965135094709694, 1960859.432823951356113 ], [ 6126156.352974450215697, 1960877.912574973423034 ], [ 6126151.583985515870154, 1960896.95144602120854 ], [ 6126148.704096262343228, 1960916.366082358406857 ], [ 6126147.741041596978903, 1960935.969510424416512 ], [ 6126148.704096262343228, 1960955.572938490426168 ], [ 6126151.583985515870154, 1960974.987574827624485 ], [ 6126156.352974450215697, 1960994.026445875409991 ], [ 6126162.965135094709694, 1961012.506196897476912 ], [ 6126171.356788727454841, 1961030.248857789672911 ], [ 6126181.447119136340916, 1961047.083557028323412 ], [ 6126193.138950924389064, 1961062.848167257150635 ], [ 6126206.319685359485447, 1961077.390866661677137 ], [ 6126220.862384764477611, 1961090.571601097006351 ], [ 6126236.626994992606342, 1961102.263432884821668 ], [ 6126253.461694232188165, 1961112.353763294173405 ], [ 6126271.204355124384165, 1961120.745416926685721 ], [ 6126289.684106145985425, 1961127.357577570946887 ], [ 6126308.722977194003761, 1961132.1265665050596 ], [ 6126328.137613531202078, 1961135.006455758819357 ], [ 6126347.741041596978903, 1961135.969510424416512 ], [ 6126367.344469662755728, 1961135.006455758819357 ], [ 6126377.241636597551405, 1961133.538349727634341 ], [ 6126386.633749673143029, 1961135.890951581764966 ], [ 6126406.048386010341346, 1961138.770840835524723 ], [ 6126425.651814076118171, 1961139.733895501121879 ], [ 6126445.255242141894996, 1961138.770840835524723 ], [ 6126464.669878479093313, 1961135.890951581764966 ], [ 6126483.70874952711165, 1961131.121962647652254 ], [ 6126502.188500548712909, 1961124.509802003391087 ], [ 6126519.931161440908909, 1961116.118148370878771 ], [ 6126536.765860680490732, 1961106.027817961527035 ], [ 6126548.933463509194553, 1961097.003708676667884 ], [ 6126559.096912030130625, 1961103.095445286715403 ], [ 6126576.839572922326624, 1961111.487098919227719 ], [ 6126595.319323943927884, 1961118.099259563488886 ], [ 6126614.35819499194622, 1961122.868248497601599 ], [ 6126633.772831329144537, 1961125.748137751361355 ], [ 6126653.376259394921362, 1961126.711192416958511 ], [ 6126672.979687460698187, 1961125.748137751361355 ], [ 6126692.394323797896504, 1961122.868248497601599 ], [ 6126708.903507716022432, 1961118.732913202838972 ], [ 6126721.913749226368964, 1961120.662800225429237 ], [ 6126741.517177292145789, 1961121.625854891026393 ], [ 6126761.120605357922614, 1961120.662800225429237 ], [ 6126780.535241695120931, 1961117.78291097166948 ], [ 6126789.552005278877914, 1961115.524329270934686 ], [ 6126803.490520300343633, 1961113.456745880423114 ], [ 6126822.529391348361969, 1961108.687756946310401 ], [ 6126841.009142369963229, 1961102.075596302049235 ], [ 6126847.596817491576076, 1961098.959858014713973 ], [ 6126859.159134104847908, 1961104.428426500642672 ], [ 6126877.638885126449168, 1961111.040587144903839 ], [ 6126896.677756174467504, 1961115.809576079016551 ], [ 6126916.092392511665821, 1961118.689465332776308 ], [ 6126935.695820577442646, 1961119.652519998373464 ], [ 6126955.299248643219471, 1961118.689465332776308 ], [ 6126971.891984610818326, 1961116.22816545702517 ], [ 6126979.262433293275535, 1961116.590252382215112 ], [ 6126998.86586135905236, 1961115.627197716617957 ], [ 6127018.280497696250677, 1961112.7473084628582 ], [ 6127037.319368744269013, 1961107.978319528745487 ], [ 6127055.799119765870273, 1961101.366158884484321 ], [ 6127073.541780658066273, 1961092.974505251972005 ], [ 6127088.802078844979405, 1961083.82783451792784 ], [ 6127101.05437916982919, 1961080.758793054381385 ], [ 6127119.534130191430449, 1961074.146632410120219 ], [ 6127137.276791083626449, 1961065.754978777607903 ], [ 6127154.111490323208272, 1961055.664648368256167 ], [ 6127169.876100551337004, 1961043.972816580440849 ], [ 6127184.418799956329167, 1961030.792082145111635 ], [ 6127197.59953439142555, 1961016.249382740585133 ], [ 6127209.291366179473698, 1961000.48477251175791 ], [ 6127219.381696588359773, 1960983.650073273107409 ], [ 6127227.77335022110492, 1960965.90741238091141 ], [ 6127234.385510865598917, 1960947.427661358844489 ], [ 6127239.15449979994446, 1960928.388790311058983 ], [ 6127242.034389053471386, 1960908.974153973860666 ], [ 6127242.997443718835711, 1960889.370725907851011 ], [ 6127242.161997995339334, 1960872.364837520522997 ], [ 6127245.876458225771785, 1960861.983616625191644 ], [ 6127250.645447160117328, 1960842.944745577406138 ], [ 6127253.525336413644254, 1960823.530109240207821 ], [ 6127254.488391079008579, 1960803.926681174198166 ], [ 6127253.525336413644254, 1960784.32325310818851 ], [ 6127250.645447160117328, 1960764.908616770990193 ], [ 6127245.876458225771785, 1960745.869745723204687 ], [ 6127239.264297581277788, 1960727.389994701137766 ], [ 6127230.872643948532641, 1960709.647333808941767 ], [ 6127220.782313539646566, 1960692.812634570291266 ], [ 6127209.090481751598418, 1960677.048024341464043 ], [ 6127195.909747316502035, 1960662.505324936937541 ], [ 6127181.367047911509871, 1960649.324590501608327 ], [ 6127165.60243768338114, 1960637.63275871379301 ], [ 6127148.767738443799317, 1960627.542428304441273 ], [ 6127131.025077551603317, 1960619.150774671928957 ], [ 6127112.545326530002058, 1960612.538614027667791 ], [ 6127093.506455481983721, 1960607.769625093555078 ], [ 6127074.091819144785404, 1960604.889735839795321 ], [ 6127054.488391079008579, 1960603.926681174198166 ], [ 6127034.884963013231754, 1960604.889735839795321 ], [ 6127015.470326676033437, 1960607.769625093555078 ], [ 6126996.431455628015101, 1960612.538614027667791 ], [ 6126977.951704606413841, 1960619.150774671928957 ], [ 6126966.910193535499275, 1960624.373020481318235 ], [ 6126955.915847811847925, 1960620.439180679153651 ], [ 6126936.876976763829589, 1960615.670191745040938 ], [ 6126917.462340426631272, 1960612.790302491281182 ], [ 6126897.858912360854447, 1960611.827247825684026 ], [ 6126878.255484295077622, 1960612.790302491281182 ], [ 6126858.840847957879305, 1960615.670191745040938 ], [ 6126839.801976909860969, 1960620.439180679153651 ], [ 6126821.322225888259709, 1960627.051341323414817 ], [ 6126803.579564996063709, 1960635.442994955927134 ], [ 6126798.305781552568078, 1960638.603979105362669 ], [ 6126796.25167440623045, 1960637.869007816305384 ], [ 6126777.212803358212113, 1960633.100018882192671 ], [ 6126757.798167021013796, 1960630.220129628432915 ], [ 6126738.194738955236971, 1960629.257074962835759 ], [ 6126718.591310889460146, 1960630.220129628432915 ], [ 6126699.176674552261829, 1960633.100018882192671 ], [ 6126680.137803504243493, 1960637.869007816305384 ] ] ], [ [ [ 6116666.432749438099563, 1963818.257969581754878 ], [ 6116653.25201500300318, 1963832.80066898628138 ], [ 6116649.49224151391536, 1963837.870136686833575 ], [ 6116642.773684902116656, 1963841.897084547206759 ], [ 6116627.009074673987925, 1963853.588916335022077 ], [ 6116612.466375268995762, 1963866.769650770351291 ], [ 6116599.285640833899379, 1963881.312350174877793 ], [ 6116587.593809045851231, 1963897.076960403705016 ], [ 6116577.503478636965156, 1963913.911659642355517 ], [ 6116571.833103964105248, 1963925.900659589096904 ], [ 6116562.65194873418659, 1963922.61558971949853 ], [ 6116543.613077686168253, 1963917.846600785385817 ], [ 6116524.198441348969936, 1963914.966711531626061 ], [ 6116504.595013283193111, 1963914.003656866028905 ], [ 6116484.991585217416286, 1963914.966711531626061 ], [ 6116465.576948880217969, 1963917.846600785385817 ], [ 6116446.538077832199633, 1963922.61558971949853 ], [ 6116428.058326810598373, 1963929.227750363759696 ], [ 6116410.315665918402374, 1963937.619403996272013 ], [ 6116393.48096667882055, 1963947.709734405623749 ], [ 6116378.24985855538398, 1963959.005894066300243 ], [ 6116360.290134237147868, 1963961.669967508874834 ], [ 6116341.251263189129531, 1963966.438956442987546 ], [ 6116322.771512167528272, 1963973.051117087248713 ], [ 6116305.028851275332272, 1963981.442770719761029 ], [ 6116289.345292658545077, 1963990.843133992748335 ], [ 6116284.548081021755934, 1963992.559603762580082 ], [ 6116266.805420129559934, 1964000.951257395092398 ], [ 6116249.970720889978111, 1964011.041587804444134 ], [ 6116234.20611066184938, 1964022.733419592259452 ], [ 6116219.663411256857216, 1964035.914154027588665 ], [ 6116206.482676821760833, 1964050.456853432115167 ], [ 6116194.790845033712685, 1964066.221463660942391 ], [ 6116184.70051462482661, 1964083.056162899592891 ], [ 6116176.308860992081463, 1964100.798823791788891 ], [ 6116169.696700347587466, 1964119.278574813855812 ], [ 6116164.927711413241923, 1964138.317445861641318 ], [ 6116162.047822159714997, 1964157.732082198839635 ], [ 6116161.084767494350672, 1964177.33551026484929 ], [ 6116162.047822159714997, 1964196.938938330858946 ], [ 6116164.927711413241923, 1964216.353574668057263 ], [ 6116169.696700347587466, 1964235.392445715842769 ], [ 6116176.308860992081463, 1964253.87219673790969 ], [ 6116184.70051462482661, 1964271.614857630105689 ], [ 6116194.790845033712685, 1964288.44955686875619 ], [ 6116206.482676821760833, 1964304.214167097583413 ], [ 6116219.663411256857216, 1964318.756866502109915 ], [ 6116234.20611066184938, 1964331.937600937439129 ], [ 6116249.970720889978111, 1964343.629432725254446 ], [ 6116266.805420129559934, 1964353.719763134606183 ], [ 6116284.548081021755934, 1964362.111416767118499 ], [ 6116303.027832043357193, 1964368.723577411379665 ], [ 6116313.638026982545853, 1964371.381292888661847 ], [ 6116319.265779718756676, 1964375.555118779651821 ], [ 6116336.100478958338499, 1964385.645449189003557 ], [ 6116353.843139850534499, 1964394.037102821515873 ], [ 6116372.322890872135758, 1964400.64926346577704 ], [ 6116391.361761920154095, 1964405.418252399889752 ], [ 6116410.776398257352412, 1964408.298141653649509 ], [ 6116430.379826323129237, 1964409.261196319246665 ], [ 6116449.983254388906062, 1964408.298141653649509 ], [ 6116469.397890726104379, 1964405.418252399889752 ], [ 6116488.436761774122715, 1964400.64926346577704 ], [ 6116506.916512795723975, 1964394.037102821515873 ], [ 6116524.659173687919974, 1964385.645449189003557 ], [ 6116541.493872927501798, 1964375.555118779651821 ], [ 6116557.258483155630529, 1964363.863286991836503 ], [ 6116571.801182560622692, 1964350.682552556507289 ], [ 6116584.981916995719075, 1964336.139853151980788 ], [ 6116596.673748783767223, 1964320.375242923153564 ], [ 6116606.764079192653298, 1964303.540543684503064 ], [ 6116615.155732825398445, 1964285.797882792307064 ], [ 6116617.634800520725548, 1964278.869352733716369 ], [ 6116631.473670115694404, 1964268.605747538618743 ], [ 6116646.016369520686567, 1964255.42501310328953 ], [ 6116659.19710395578295, 1964240.882313698763028 ], [ 6116670.888935743831098, 1964225.117703469935805 ], [ 6116680.979266152717173, 1964208.283004231285304 ], [ 6116686.64964082557708, 1964196.294004284543917 ], [ 6116695.830796055495739, 1964199.57907415414229 ], [ 6116714.869667103514075, 1964204.348063088255003 ], [ 6116734.284303440712392, 1964207.22795234201476 ], [ 6116753.887731506489217, 1964208.191007007611915 ], [ 6116773.491159572266042, 1964207.22795234201476 ], [ 6116792.905795909464359, 1964204.348063088255003 ], [ 6116794.287567324005067, 1964204.001947367098182 ], [ 6116799.245570104569197, 1964206.346908041043207 ], [ 6116817.725321126170456, 1964212.959068685304374 ], [ 6116836.764192174188793, 1964217.728057619417086 ], [ 6116856.17882851138711, 1964220.607946873176843 ], [ 6116875.782256577163935, 1964221.571001538773999 ], [ 6116895.38568464294076, 1964220.607946873176843 ], [ 6116914.800320980139077, 1964217.728057619417086 ], [ 6116933.839192028157413, 1964212.959068685304374 ], [ 6116952.318943049758673, 1964206.346908041043207 ], [ 6116970.061603941954672, 1964197.955254408530891 ], [ 6116986.896303181536496, 1964187.864923999179155 ], [ 6116987.740345200523734, 1964187.238939774921164 ], [ 6117000.440313890576363, 1964184.057763223303482 ], [ 6117018.920064912177622, 1964177.445602579042315 ], [ 6117036.662725804373622, 1964169.053948946529999 ], [ 6117053.497425043955445, 1964158.963618537178263 ], [ 6117069.262035272084177, 1964147.271786749362946 ], [ 6117074.318728764541447, 1964142.688666918314993 ], [ 6117080.029075904749334, 1964140.64547204063274 ], [ 6117097.771736796945333, 1964132.253818408120424 ], [ 6117114.606436036527157, 1964122.163487998768687 ], [ 6117130.371046264655888, 1964110.47165621095337 ], [ 6117144.913745669648051, 1964097.290921775624156 ], [ 6117158.094480104744434, 1964082.748222371097654 ], [ 6117169.786311892792583, 1964066.983612142270431 ], [ 6117179.876642301678658, 1964050.14891290361993 ], [ 6117188.268295934423804, 1964032.406252011423931 ], [ 6117194.880456578917801, 1964013.92650098935701 ], [ 6117199.649445513263345, 1963994.887629941571504 ], [ 6117202.529334766790271, 1963975.472993604373187 ], [ 6117203.492389432154596, 1963955.869565538363531 ], [ 6117202.529334766790271, 1963936.266137472353876 ], [ 6117199.649445513263345, 1963916.851501135155559 ], [ 6117194.880456578917801, 1963897.812630087370053 ], [ 6117188.268295934423804, 1963879.332879065303132 ], [ 6117179.876642301678658, 1963861.590218173107132 ], [ 6117177.604764432646334, 1963857.799818940460682 ], [ 6117176.85679860599339, 1963854.813771979650483 ], [ 6117170.244637961499393, 1963836.334020957583562 ], [ 6117161.852984328754246, 1963818.591360065387562 ], [ 6117151.762653919868171, 1963801.756660826737061 ], [ 6117140.070822131820023, 1963785.992050597909838 ], [ 6117126.89008769672364, 1963771.449351193383336 ], [ 6117112.347388291731477, 1963758.268616758054122 ], [ 6117096.582778063602746, 1963746.576784970238805 ], [ 6117079.748078824020922, 1963736.486454560887069 ], [ 6117062.005417931824923, 1963728.094800928374752 ], [ 6117043.525666910223663, 1963721.482640284113586 ], [ 6117024.486795862205327, 1963716.713651350000873 ], [ 6117005.07215952500701, 1963713.833762096241117 ], [ 6116985.468731459230185, 1963712.870707430643961 ], [ 6116965.86530339345336, 1963713.833762096241117 ], [ 6116946.450667056255043, 1963716.713651350000873 ], [ 6116945.1026272745803, 1963717.051317737204954 ], [ 6116927.948540838435292, 1963714.506749385269359 ], [ 6116908.345112772658467, 1963713.543694719672203 ], [ 6116888.741684706881642, 1963714.506749385269359 ], [ 6116869.327048369683325, 1963717.386638639029115 ], [ 6116850.288177321664989, 1963722.155627573141828 ], [ 6116831.808426300063729, 1963728.767788217402995 ], [ 6116814.06576540786773, 1963737.159441849915311 ], [ 6116797.231066168285906, 1963747.249772259267047 ], [ 6116781.466455940157175, 1963758.941604047082365 ], [ 6116777.895109335891902, 1963762.178483930882066 ], [ 6116768.836041272617877, 1963763.522269738372415 ], [ 6116749.79717022459954, 1963768.291258672485128 ], [ 6116731.317419202998281, 1963774.903419316746294 ], [ 6116713.574758310802281, 1963783.295072949258611 ], [ 6116696.740059071220458, 1963793.385403358610347 ], [ 6116680.975448843091726, 1963805.077235146425664 ], [ 6116666.432749438099563, 1963818.257969581754878 ] ] ], [ [ [ 6104337.152804353274405, 1969543.366438834695145 ], [ 6104319.410143461078405, 1969534.974785202182829 ], [ 6104300.930392439477146, 1969528.362624557921663 ], [ 6104281.891521391458809, 1969523.59363562380895 ], [ 6104262.476885054260492, 1969520.713746370049194 ], [ 6104242.873456988483667, 1969519.750691704452038 ], [ 6104223.270028922706842, 1969520.713746370049194 ], [ 6104203.855392585508525, 1969523.59363562380895 ], [ 6104184.816521537490189, 1969528.362624557921663 ], [ 6104166.336770515888929, 1969534.974785202182829 ], [ 6104148.59410962369293, 1969543.366438834695145 ], [ 6104131.759410384111106, 1969553.456769244046882 ], [ 6104117.641428924165666, 1969563.927377906627953 ], [ 6104110.246367789804935, 1969565.779744290513918 ], [ 6104091.766616768203676, 1969572.391904934775084 ], [ 6104074.023955876007676, 1969580.7835585672874 ], [ 6104057.189256636425853, 1969590.873888976639137 ], [ 6104041.424646408297122, 1969602.565720764454454 ], [ 6104026.881947003304958, 1969615.746455199783668 ], [ 6104013.701212568208575, 1969630.28915460431017 ], [ 6104002.009380780160427, 1969646.053764833137393 ], [ 6103991.919050371274352, 1969662.888464071787894 ], [ 6103983.527396738529205, 1969680.631124963983893 ], [ 6103976.915236094035208, 1969699.110875986050814 ], [ 6103974.8307691430673, 1969707.432534523541108 ], [ 6103961.867362249642611, 1969702.794153369031847 ], [ 6103942.828491201624274, 1969698.025164434919134 ], [ 6103923.413854864425957, 1969695.145275181159377 ], [ 6103903.810426798649132, 1969694.182220515562221 ], [ 6103884.206998732872307, 1969695.145275181159377 ], [ 6103864.79236239567399, 1969698.025164434919134 ], [ 6103845.753491347655654, 1969702.794153369031847 ], [ 6103827.273740326054394, 1969709.406314013293013 ], [ 6103809.531079433858395, 1969717.797967645805329 ], [ 6103803.786627234891057, 1969721.241059790598229 ], [ 6103787.36849166918546, 1969727.11556262942031 ], [ 6103769.62583077698946, 1969735.507216261932626 ], [ 6103752.791131537407637, 1969745.597546671284363 ], [ 6103737.026521309278905, 1969757.28937845909968 ], [ 6103722.483821904286742, 1969770.470112894428894 ], [ 6103709.303087469190359, 1969785.012812298955396 ], [ 6103701.238280571997166, 1969795.88694559270516 ], [ 6103700.410206446424127, 1969795.846264919498935 ], [ 6103680.806778380647302, 1969796.809319585096091 ], [ 6103661.392142043448985, 1969799.689208838855848 ], [ 6103642.353270995430648, 1969804.45819777296856 ], [ 6103623.873519973829389, 1969811.070358417229727 ], [ 6103606.130859081633389, 1969819.462012049742043 ], [ 6103589.296159842051566, 1969829.552342459093779 ], [ 6103573.531549613922834, 1969841.244174246909097 ], [ 6103570.110131185501814, 1969844.34516715304926 ], [ 6103561.202112105675042, 1969848.55834640096873 ], [ 6103544.367412866093218, 1969858.648676810320467 ], [ 6103528.602802637964487, 1969870.340508598135784 ], [ 6103514.060103232972324, 1969883.521243033464998 ], [ 6103500.879368797875941, 1969898.0639424379915 ], [ 6103489.187537009827793, 1969913.828552666818723 ], [ 6103479.097206600941718, 1969930.663251905469224 ], [ 6103470.705552968196571, 1969948.405912797665223 ], [ 6103464.093392323702574, 1969966.885663819732144 ], [ 6103459.32440338935703, 1969985.92453486751765 ], [ 6103456.444514135830104, 1970005.339171204715967 ], [ 6103455.481459470465779, 1970024.942599270725623 ], [ 6103456.444514135830104, 1970044.546027336735278 ], [ 6103456.76225430611521, 1970046.688057569554076 ], [ 6103452.454955298453569, 1970055.79507616115734 ], [ 6103445.842794653959572, 1970074.274827183224261 ], [ 6103441.073805719614029, 1970093.313698231009766 ], [ 6103438.193916466087103, 1970112.728334568208084 ], [ 6103437.230861800722778, 1970132.331762634217739 ], [ 6103438.193916466087103, 1970151.935190700227395 ], [ 6103441.073805719614029, 1970171.349827037425712 ], [ 6103445.842794653959572, 1970190.388698085211217 ], [ 6103452.454955298453569, 1970208.868449107278138 ], [ 6103460.846608931198716, 1970226.611109999474138 ], [ 6103470.936939340084791, 1970243.445809238124639 ], [ 6103482.628771128132939, 1970259.210419466951862 ], [ 6103495.809505563229322, 1970273.753118871478364 ], [ 6103510.352204968221486, 1970286.933853306807578 ], [ 6103526.116815196350217, 1970298.625685094622895 ], [ 6103542.95151443593204, 1970308.716015503974631 ], [ 6103560.69417532812804, 1970317.107669136486948 ], [ 6103579.1739263497293, 1970323.719829780748114 ], [ 6103598.212797397747636, 1970328.488818714860827 ], [ 6103617.627433734945953, 1970331.368707968620583 ], [ 6103637.230861800722778, 1970332.331762634217739 ], [ 6103656.834289866499603, 1970331.368707968620583 ], [ 6103676.24892620369792, 1970328.488818714860827 ], [ 6103695.287797251716256, 1970323.719829780748114 ], [ 6103713.767548273317516, 1970317.107669136486948 ], [ 6103731.510209165513515, 1970308.716015503974631 ], [ 6103748.344908405095339, 1970298.625685094622895 ], [ 6103764.10951863322407, 1970286.933853306807578 ], [ 6103778.652218038216233, 1970273.753118871478364 ], [ 6103791.832952473312616, 1970259.210419466951862 ], [ 6103803.524784261360765, 1970243.445809238124639 ], [ 6103813.61511467024684, 1970226.611109999474138 ], [ 6103819.173472350463271, 1970214.858950084773824 ], [ 6103821.907152733765543, 1970212.381286608520895 ], [ 6103835.087887168861926, 1970197.838587203994393 ], [ 6103846.779718956910074, 1970182.07397697516717 ], [ 6103856.870049365796149, 1970165.239277736516669 ], [ 6103865.261702998541296, 1970147.49661684432067 ], [ 6103871.873863643035293, 1970129.016865822253749 ], [ 6103876.316278678365052, 1970111.281750860158354 ], [ 6103883.508606207557023, 1970110.928414466092363 ], [ 6103902.92324254475534, 1970108.048525212332606 ], [ 6103921.962113592773676, 1970103.279536278219894 ], [ 6103940.441864614374936, 1970096.667375633958727 ], [ 6103958.184525506570935, 1970088.275722001446411 ], [ 6103963.928977705538273, 1970084.832629856653512 ], [ 6103980.34711327124387, 1970078.95812701783143 ], [ 6103998.08977416343987, 1970070.566473385319114 ], [ 6104014.924473403021693, 1970060.476142975967377 ], [ 6104030.689083631150424, 1970048.78431118815206 ], [ 6104045.231783036142588, 1970035.603576752822846 ], [ 6104058.412517471238971, 1970021.060877348296344 ], [ 6104070.104349259287119, 1970005.296267119469121 ], [ 6104080.194679668173194, 1969988.46156788081862 ], [ 6104088.586333300918341, 1969970.718906988622621 ], [ 6104095.198493945412338, 1969952.2391559665557 ], [ 6104097.282960896380246, 1969943.917497429065406 ], [ 6104110.246367789804935, 1969948.555878583574668 ], [ 6104129.285238837823272, 1969953.32486751768738 ], [ 6104148.699875175021589, 1969956.204756771447137 ], [ 6104168.303303240798414, 1969957.167811437044293 ], [ 6104187.906731306575239, 1969956.204756771447137 ], [ 6104203.278738092631102, 1969953.924534964375198 ], [ 6104207.782719005830586, 1969955.536085104104131 ], [ 6104226.821590053848922, 1969960.305074038216844 ], [ 6104246.236226391047239, 1969963.184963291976601 ], [ 6104265.839654456824064, 1969964.148017957573757 ], [ 6104285.443082522600889, 1969963.184963291976601 ], [ 6104304.857718859799206, 1969960.305074038216844 ], [ 6104323.896589907817543, 1969955.536085104104131 ], [ 6104342.376340929418802, 1969948.923924459842965 ], [ 6104360.119001821614802, 1969940.532270827330649 ], [ 6104376.953701061196625, 1969930.441940417978913 ], [ 6104392.718311289325356, 1969918.750108630163595 ], [ 6104407.26101069431752, 1969905.569374194834381 ], [ 6104420.441745129413903, 1969891.026674790307879 ], [ 6104432.133576917462051, 1969875.262064561480656 ], [ 6104442.223907326348126, 1969858.427365322830155 ], [ 6104450.615560959093273, 1969840.684704430634156 ], [ 6104457.22772160358727, 1969822.204953408567235 ], [ 6104461.996710537932813, 1969803.166082360781729 ], [ 6104464.876599791459739, 1969783.751446023583412 ], [ 6104465.839654456824064, 1969764.148017957573757 ], [ 6104464.876599791459739, 1969744.544589891564101 ], [ 6104461.996710537932813, 1969725.129953554365784 ], [ 6104457.22772160358727, 1969706.091082506580278 ], [ 6104450.615560959093273, 1969687.611331484513357 ], [ 6104442.223907326348126, 1969669.868670592317358 ], [ 6104432.133576917462051, 1969653.033971353666857 ], [ 6104430.258271534927189, 1969650.505414755316451 ], [ 6104427.649363490752876, 1969643.214005231391639 ], [ 6104419.257709858007729, 1969625.471344339195639 ], [ 6104409.167379449121654, 1969608.636645100545138 ], [ 6104397.475547661073506, 1969592.872034871717915 ], [ 6104384.294813225977123, 1969578.329335467191413 ], [ 6104369.75211382098496, 1969565.148601031862199 ], [ 6104353.987503592856228, 1969553.456769244046882 ], [ 6104337.152804353274405, 1969543.366438834695145 ] ] ], [ [ [ 6157693.230867758393288, 1974233.239397476427257 ], [ 6157678.688168353401124, 1974220.058663041098043 ], [ 6157662.923558125272393, 1974208.366831253282726 ], [ 6157646.08885888569057, 1974198.27650084393099 ], [ 6157628.34619799349457, 1974189.884847211418673 ], [ 6157609.866446971893311, 1974183.272686567157507 ], [ 6157590.827575923874974, 1974178.503697633044794 ], [ 6157571.412939586676657, 1974175.623808379285038 ], [ 6157551.809511520899832, 1974174.660753713687882 ], [ 6157532.206083455123007, 1974175.623808379285038 ], [ 6157512.79144711792469, 1974178.503697633044794 ], [ 6157493.752576069906354, 1974183.272686567157507 ], [ 6157475.272825048305094, 1974189.884847211418673 ], [ 6157457.530164156109095, 1974198.27650084393099 ], [ 6157440.695464916527271, 1974208.366831253282726 ], [ 6157424.93085468839854, 1974220.058663041098043 ], [ 6157410.388155283406377, 1974233.239397476427257 ], [ 6157397.207420848309994, 1974247.782096880953759 ], [ 6157385.515589060261846, 1974263.546707109780982 ], [ 6157375.425258651375771, 1974280.381406348431483 ], [ 6157367.033605018630624, 1974298.124067240627483 ], [ 6157360.421444374136627, 1974316.603818262694404 ], [ 6157355.652455439791083, 1974335.642689310479909 ], [ 6157352.772566186264157, 1974355.057325647678226 ], [ 6157351.809511520899832, 1974374.660753713687882 ], [ 6157352.772566186264157, 1974394.264181779697537 ], [ 6157355.652455439791083, 1974413.678818116895854 ], [ 6157360.421444374136627, 1974432.71768916468136 ], [ 6157367.033605018630624, 1974451.197440186748281 ], [ 6157375.425258651375771, 1974468.940101078944281 ], [ 6157385.515589060261846, 1974485.774800317594782 ], [ 6157397.207420848309994, 1974501.539410546422005 ], [ 6157410.388155283406377, 1974516.082109950948507 ], [ 6157424.93085468839854, 1974529.26284438627772 ], [ 6157440.695464916527271, 1974540.954676174093038 ], [ 6157457.530164156109095, 1974551.045006583444774 ], [ 6157475.272825048305094, 1974559.43666021595709 ], [ 6157481.50787326041609, 1974561.667596138780937 ], [ 6157474.456229445524514, 1974568.058833546936512 ], [ 6157461.275495010428131, 1974582.601532951463014 ], [ 6157449.583663222379982, 1974598.366143180290237 ], [ 6157439.493332813493907, 1974615.200842418940738 ], [ 6157431.101679180748761, 1974632.943503311136737 ], [ 6157424.489518536254764, 1974651.423254333203658 ], [ 6157422.010806542821229, 1974661.318827305687591 ], [ 6157420.910052177496254, 1974663.646176870679483 ], [ 6157414.297891533002257, 1974682.125927892746404 ], [ 6157409.528902598656714, 1974701.164798940531909 ], [ 6157406.649013345129788, 1974720.579435277730227 ], [ 6157405.685958679765463, 1974740.182863343739882 ], [ 6157406.649013345129788, 1974759.786291409749538 ], [ 6157409.528902598656714, 1974779.200927746947855 ], [ 6157414.297891533002257, 1974798.23979879473336 ], [ 6157420.910052177496254, 1974816.719549816800281 ], [ 6157429.301705810241401, 1974834.462210708996281 ], [ 6157439.392036219127476, 1974851.296909947646782 ], [ 6157451.083868007175624, 1974867.061520176474005 ], [ 6157464.264602442272007, 1974881.604219581000507 ], [ 6157478.807301847264171, 1974894.784954016329721 ], [ 6157494.571912075392902, 1974906.476785804145038 ], [ 6157511.406611314974725, 1974916.567116213496774 ], [ 6157523.965444777160883, 1974922.507002067286521 ], [ 6157523.197737008333206, 1974923.202811830211431 ], [ 6157510.017002573236823, 1974937.745511234737933 ], [ 6157498.325170785188675, 1974953.510121463565156 ], [ 6157488.2348403763026, 1974970.344820702215657 ], [ 6157479.843186743557453, 1974988.087481594411656 ], [ 6157473.231026099063456, 1975006.567232616478577 ], [ 6157468.462037164717913, 1975025.606103664264083 ], [ 6157465.582147911190987, 1975045.0207400014624 ], [ 6157464.619093245826662, 1975064.624168067472056 ], [ 6157465.582147911190987, 1975084.227596133481711 ], [ 6157468.462037164717913, 1975103.642232470680028 ], [ 6157473.231026099063456, 1975122.681103518465534 ], [ 6157479.843186743557453, 1975141.160854540532455 ], [ 6157488.2348403763026, 1975158.903515432728454 ], [ 6157498.325170785188675, 1975175.738214671378955 ], [ 6157510.017002573236823, 1975191.502824900206178 ], [ 6157523.197737008333206, 1975206.04552430473268 ], [ 6157537.740436413325369, 1975219.226258740061894 ], [ 6157553.505046641454101, 1975230.918090527877212 ], [ 6157570.339745881035924, 1975241.008420937228948 ], [ 6157588.082406773231924, 1975249.400074569741264 ], [ 6157606.562157794833183, 1975256.01223521400243 ], [ 6157625.60102884285152, 1975260.781224148115143 ], [ 6157645.015665180049837, 1975263.6611134018749 ], [ 6157664.619093245826662, 1975264.624168067472056 ], [ 6157684.222521311603487, 1975263.6611134018749 ], [ 6157703.637157648801804, 1975260.781224148115143 ], [ 6157722.67602869682014, 1975256.01223521400243 ], [ 6157741.1557797184214, 1975249.400074569741264 ], [ 6157758.898440610617399, 1975241.008420937228948 ], [ 6157775.733139850199223, 1975230.918090527877212 ], [ 6157791.497750078327954, 1975219.226258740061894 ], [ 6157806.040449483320117, 1975206.04552430473268 ], [ 6157819.2211839184165, 1975191.502824900206178 ], [ 6157830.913015706464648, 1975175.738214671378955 ], [ 6157841.003346115350723, 1975158.903515432728454 ], [ 6157849.39499974809587, 1975141.160854540532455 ], [ 6157856.007160392589867, 1975122.681103518465534 ], [ 6157860.77614932693541, 1975103.642232470680028 ], [ 6157863.656038580462337, 1975084.227596133481711 ], [ 6157864.619093245826662, 1975064.624168067472056 ], [ 6157863.656038580462337, 1975045.0207400014624 ], [ 6157860.77614932693541, 1975025.606103664264083 ], [ 6157856.007160392589867, 1975006.567232616478577 ], [ 6157850.164801351726055, 1974990.238932948792353 ], [ 6157866.217747509479523, 1974982.646454866975546 ], [ 6157883.052446749061346, 1974972.55612445762381 ], [ 6157898.817056977190077, 1974960.864292669808492 ], [ 6157913.35975638218224, 1974947.683558234479278 ], [ 6157926.540490817278624, 1974933.140858829952776 ], [ 6157938.232322605326772, 1974917.376248601125553 ], [ 6157948.322653014212847, 1974900.541549362475052 ], [ 6157956.714306646957994, 1974882.798888470279053 ], [ 6157963.326467291451991, 1974864.319137448212132 ], [ 6157968.095456225797534, 1974845.280266400426626 ], [ 6157970.97534547932446, 1974825.865630063228309 ], [ 6157971.842549977824092, 1974808.213276972062886 ], [ 6157977.545845679007471, 1974800.52327292622067 ], [ 6157987.636176087893546, 1974783.68857368757017 ], [ 6157996.027829720638692, 1974765.94591279537417 ], [ 6158002.639990365132689, 1974747.466161773307249 ], [ 6158007.408979299478233, 1974728.427290725521743 ], [ 6158010.288868553005159, 1974709.012654388323426 ], [ 6158011.251923218369484, 1974689.409226322313771 ], [ 6158010.288868553005159, 1974669.805798256304115 ], [ 6158007.408979299478233, 1974650.391161919105798 ], [ 6158002.639990365132689, 1974631.352290871320292 ], [ 6157996.027829720638692, 1974612.872539849253371 ], [ 6157987.636176087893546, 1974595.129878957057372 ], [ 6157977.545845679007471, 1974578.295179718406871 ], [ 6157965.854013890959322, 1974562.530569489579648 ], [ 6157952.673279455862939, 1974547.987870085053146 ], [ 6157938.130580050870776, 1974534.807135649723932 ], [ 6157922.365969822742045, 1974523.115303861908615 ], [ 6157905.531270583160222, 1974513.024973452556878 ], [ 6157887.788609690964222, 1974504.633319820044562 ], [ 6157869.308858669362962, 1974498.021159175783396 ], [ 6157850.269987621344626, 1974493.252170241670683 ], [ 6157830.855351284146309, 1974490.372280987910926 ], [ 6157811.251923218369484, 1974489.409226322313771 ], [ 6157791.648495152592659, 1974490.372280987910926 ], [ 6157772.233858815394342, 1974493.252170241670683 ], [ 6157753.194987767376006, 1974498.021159175783396 ], [ 6157734.715236745774746, 1974504.633319820044562 ], [ 6157716.972575853578746, 1974513.024973452556878 ], [ 6157700.137876613996923, 1974523.115303861908615 ], [ 6157695.822129746899009, 1974526.31607988383621 ], [ 6157692.414272155612707, 1974524.704283281927928 ], [ 6157686.179223943501711, 1974522.473347359104082 ], [ 6157693.230867758393288, 1974516.082109950948507 ], [ 6157706.411602193489671, 1974501.539410546422005 ], [ 6157718.103433981537819, 1974485.774800317594782 ], [ 6157728.193764390423894, 1974468.940101078944281 ], [ 6157736.585418023169041, 1974451.197440186748281 ], [ 6157743.197578667663038, 1974432.71768916468136 ], [ 6157747.966567602008581, 1974413.678818116895854 ], [ 6157750.846456855535507, 1974394.264181779697537 ], [ 6157751.809511520899832, 1974374.660753713687882 ], [ 6157750.846456855535507, 1974355.057325647678226 ], [ 6157747.966567602008581, 1974335.642689310479909 ], [ 6157743.197578667663038, 1974316.603818262694404 ], [ 6157736.585418023169041, 1974298.124067240627483 ], [ 6157728.193764390423894, 1974280.381406348431483 ], [ 6157718.103433981537819, 1974263.546707109780982 ], [ 6157706.411602193489671, 1974247.782096880953759 ], [ 6157693.230867758393288, 1974233.239397476427257 ] ] ], [ [ [ 6095206.289823981001973, 1974324.132315500173718 ], [ 6095186.875187643803656, 1974321.252426246413961 ], [ 6095167.271759578026831, 1974320.289371580816805 ], [ 6095147.668331512250006, 1974321.252426246413961 ], [ 6095128.253695175051689, 1974324.132315500173718 ], [ 6095109.214824127033353, 1974328.90130443428643 ], [ 6095090.735073105432093, 1974335.513465078547597 ], [ 6095072.992412213236094, 1974343.905118711059913 ], [ 6095056.15771297365427, 1974353.995449120411649 ], [ 6095040.393102745525539, 1974365.687280908226967 ], [ 6095025.850403340533376, 1974378.868015343556181 ], [ 6095012.669668905436993, 1974393.410714748082682 ], [ 6095000.977837117388844, 1974409.175324976909906 ], [ 6094990.887506708502769, 1974426.010024215560406 ], [ 6094982.495853075757623, 1974443.752685107756406 ], [ 6094975.883692431263626, 1974462.232436129823327 ], [ 6094974.719494566321373, 1974466.880174536723644 ], [ 6094966.460068379528821, 1974468.949053094955161 ], [ 6094947.980317357927561, 1974475.561213739216328 ], [ 6094930.237656465731561, 1974483.952867371728644 ], [ 6094913.402957226149738, 1974494.04319778108038 ], [ 6094897.638346998021007, 1974505.735029568895698 ], [ 6094883.095647593028843, 1974518.915764004224911 ], [ 6094869.91491315793246, 1974533.458463408751413 ], [ 6094858.223081369884312, 1974549.223073637578636 ], [ 6094850.14632058609277, 1974562.698334912769496 ], [ 6094833.376738930121064, 1974566.898896445287392 ], [ 6094814.896987908519804, 1974573.511057089548558 ], [ 6094797.154327016323805, 1974581.902710722060874 ], [ 6094780.319627776741982, 1974591.99304113141261 ], [ 6094764.55501754861325, 1974603.684872919227928 ], [ 6094750.012318143621087, 1974616.865607354557142 ], [ 6094743.922697924077511, 1974623.584467883454636 ], [ 6094732.070949790067971, 1974630.688132338691503 ], [ 6094716.30633956193924, 1974642.37996412650682 ], [ 6094701.763640156947076, 1974655.560698561836034 ], [ 6094688.582905721850693, 1974670.103397966362536 ], [ 6094676.891073933802545, 1974685.868008195189759 ], [ 6094666.80074352491647, 1974702.70270743384026 ], [ 6094663.114901472814381, 1974710.495765690691769 ], [ 6094662.25516040623188, 1974710.711119617102668 ], [ 6094643.77540938463062, 1974717.323280261363834 ], [ 6094626.032748492434621, 1974725.71493389387615 ], [ 6094609.198049252852798, 1974735.805264303227887 ], [ 6094593.433439024724066, 1974747.497096091043204 ], [ 6094578.890739619731903, 1974760.677830526372418 ], [ 6094565.71000518463552, 1974775.22052993089892 ], [ 6094554.018173396587372, 1974790.985140159726143 ], [ 6094551.331233965232968, 1974795.468027773313224 ], [ 6094544.540912166237831, 1974797.897643762407824 ], [ 6094526.798251274041831, 1974806.289297394920141 ], [ 6094509.963552034460008, 1974816.379627804271877 ], [ 6094494.198941806331277, 1974828.071459592087194 ], [ 6094479.656242401339114, 1974841.252194027416408 ], [ 6094466.475507966242731, 1974855.79489343194291 ], [ 6094454.783676178194582, 1974871.559503660770133 ], [ 6094444.693345769308507, 1974888.394202899420634 ], [ 6094436.301692136563361, 1974906.136863791616634 ], [ 6094429.689531492069364, 1974924.616614813683555 ], [ 6094424.92054255772382, 1974943.65548586146906 ], [ 6094423.954340291209519, 1974950.169092457508668 ], [ 6094417.316842545755208, 1974957.492442683782429 ], [ 6094405.625010757707059, 1974973.257052912609652 ], [ 6094395.534680348820984, 1974990.091752151260152 ], [ 6094387.143026716075838, 1975007.834413043456152 ], [ 6094380.530866071581841, 1975026.314164065523073 ], [ 6094375.761877137236297, 1975045.353035113308579 ], [ 6094372.881987883709371, 1975064.767671450506896 ], [ 6094371.918933218345046, 1975084.371099516516551 ], [ 6094372.881987883709371, 1975103.974527582526207 ], [ 6094375.761877137236297, 1975123.389163919724524 ], [ 6094380.530866071581841, 1975142.42803496751003 ], [ 6094387.143026716075838, 1975160.907785989576951 ], [ 6094395.534680348820984, 1975178.65044688177295 ], [ 6094405.625010757707059, 1975195.485146120423451 ], [ 6094417.316842545755208, 1975211.249756349250674 ], [ 6094430.497576980851591, 1975225.792455753777176 ], [ 6094445.040276385843754, 1975238.97319018910639 ], [ 6094460.804886613972485, 1975250.665021976921707 ], [ 6094477.639585853554308, 1975260.755352386273444 ], [ 6094495.382246745750308, 1975269.14700601878576 ], [ 6094513.861997767351568, 1975275.759166663046926 ], [ 6094532.900868815369904, 1975280.528155597159639 ], [ 6094552.315505152568221, 1975283.408044850919396 ], [ 6094571.918933218345046, 1975284.371099516516551 ], [ 6094591.522361284121871, 1975283.408044850919396 ], [ 6094610.936997621320188, 1975280.528155597159639 ], [ 6094629.975868669338524, 1975275.759166663046926 ], [ 6094648.455619690939784, 1975269.14700601878576 ], [ 6094666.198280583135784, 1975260.755352386273444 ], [ 6094683.032979822717607, 1975250.665021976921707 ], [ 6094698.797590050846338, 1975238.97319018910639 ], [ 6094713.340289455838501, 1975225.792455753777176 ], [ 6094726.521023890934885, 1975211.249756349250674 ], [ 6094738.212855678983033, 1975195.485146120423451 ], [ 6094748.303186087869108, 1975178.65044688177295 ], [ 6094756.694839720614254, 1975160.907785989576951 ], [ 6094763.307000365108252, 1975142.42803496751003 ], [ 6094768.075989299453795, 1975123.389163919724524 ], [ 6094769.042191565968096, 1975116.875557323684916 ], [ 6094775.679689311422408, 1975109.552207097411156 ], [ 6094787.371521099470556, 1975093.787596868583933 ], [ 6094790.058460530824959, 1975089.304709254996851 ], [ 6094796.848782329820096, 1975086.875093265902251 ], [ 6094814.591443222016096, 1975078.483439633389935 ], [ 6094831.426142461597919, 1975068.393109224038199 ], [ 6094847.190752689726651, 1975056.701277436222881 ], [ 6094861.733452094718814, 1975043.520543000893667 ], [ 6094874.914186529815197, 1975028.977843596367165 ], [ 6094886.606018317863345, 1975013.213233367539942 ], [ 6094896.69634872674942, 1974996.378534128889441 ], [ 6094900.382190778851509, 1974988.585475872037932 ], [ 6094901.24193184543401, 1974988.370121945627034 ], [ 6094919.72168286703527, 1974981.757961301365867 ], [ 6094937.464343759231269, 1974973.366307668853551 ], [ 6094954.299042998813093, 1974963.275977259501815 ], [ 6094970.063653226941824, 1974951.584145471686497 ], [ 6094984.606352631933987, 1974938.403411036357284 ], [ 6094990.695972851477563, 1974931.68455050745979 ], [ 6095002.547720985487103, 1974924.580886052222922 ], [ 6095018.312331213615835, 1974912.889054264407605 ], [ 6095032.855030618607998, 1974899.708319829078391 ], [ 6095040.455840501002967, 1974891.322118445299566 ], [ 6095051.123629176989198, 1974891.846193297067657 ], [ 6095070.727057242766023, 1974890.883138631470501 ], [ 6095090.14169357996434, 1974888.003249377710745 ], [ 6095109.180564627982676, 1974883.234260443598032 ], [ 6095127.660315649583936, 1974876.622099799336866 ], [ 6095145.402976541779935, 1974868.230446166824549 ], [ 6095160.547747883945704, 1974859.153019558638334 ], [ 6095176.599268191494048, 1974853.40969375660643 ], [ 6095194.341929083690047, 1974845.018040124094114 ], [ 6095211.176628323271871, 1974834.927709714742377 ], [ 6095226.941238551400602, 1974823.23587792692706 ], [ 6095241.483937956392765, 1974810.055143491597846 ], [ 6095254.664672391489148, 1974795.512444087071344 ], [ 6095266.356504179537296, 1974779.747833858244121 ], [ 6095276.446834588423371, 1974762.91313461959362 ], [ 6095276.855390910990536, 1974762.049314851639792 ], [ 6095290.156667627394199, 1974757.290041941683739 ], [ 6095307.899328519590199, 1974748.898388309171423 ], [ 6095324.734027759172022, 1974738.808057899819687 ], [ 6095340.498637987300754, 1974727.116226112004369 ], [ 6095355.041337392292917, 1974713.935491676675156 ], [ 6095368.2220718273893, 1974699.392792272148654 ], [ 6095379.913903615437448, 1974683.628182043321431 ], [ 6095390.004234024323523, 1974666.79348280467093 ], [ 6095398.39588765706867, 1974649.05082191247493 ], [ 6095405.008048301562667, 1974630.571070890408009 ], [ 6095409.77703723590821, 1974611.532199842622504 ], [ 6095412.656926489435136, 1974592.117563505424187 ], [ 6095413.619981154799461, 1974572.514135439414531 ], [ 6095412.656926489435136, 1974552.910707373404875 ], [ 6095409.77703723590821, 1974533.496071036206558 ], [ 6095405.008048301562667, 1974514.457199988421053 ], [ 6095398.39588765706867, 1974495.977448966354132 ], [ 6095390.004234024323523, 1974478.234788074158132 ], [ 6095379.913903615437448, 1974461.400088835507631 ], [ 6095368.2220718273893, 1974445.635478606680408 ], [ 6095355.041337392292917, 1974431.092779202153906 ], [ 6095340.498637987300754, 1974417.912044766824692 ], [ 6095337.444715675897896, 1974415.647101616486907 ], [ 6095333.565682038664818, 1974409.175324976909906 ], [ 6095321.87385025061667, 1974393.410714748082682 ], [ 6095308.693115815520287, 1974378.868015343556181 ], [ 6095294.150416410528123, 1974365.687280908226967 ], [ 6095278.385806182399392, 1974353.995449120411649 ], [ 6095261.551106942817569, 1974343.905118711059913 ], [ 6095243.808446050621569, 1974335.513465078547597 ], [ 6095225.328695029020309, 1974328.90130443428643 ], [ 6095206.289823981001973, 1974324.132315500173718 ] ] ], [ [ [ 6085504.510881033726037, 1982416.781325991265476 ], [ 6085488.746270805597305, 1982405.089494203450158 ], [ 6085471.911571566015482, 1982394.999163794098422 ], [ 6085454.168910673819482, 1982386.607510161586106 ], [ 6085435.689159652218223, 1982379.995349517324939 ], [ 6085416.650288604199886, 1982375.226360583212227 ], [ 6085397.235652267001569, 1982372.34647132945247 ], [ 6085377.632224201224744, 1982371.383416663855314 ], [ 6085358.028796135447919, 1982372.34647132945247 ], [ 6085338.614159798249602, 1982375.226360583212227 ], [ 6085319.575288750231266, 1982379.995349517324939 ], [ 6085301.095537728630006, 1982386.607510161586106 ], [ 6085283.352876836434007, 1982394.999163794098422 ], [ 6085266.518177596852183, 1982405.089494203450158 ], [ 6085250.753567368723452, 1982416.781325991265476 ], [ 6085236.210867963731289, 1982429.962060426594689 ], [ 6085223.030133528634906, 1982444.504759831121191 ], [ 6085211.338301740586758, 1982460.269370059948415 ], [ 6085201.247971331700683, 1982477.104069298598915 ], [ 6085192.856317698955536, 1982494.846730190794915 ], [ 6085191.550957425497472, 1982498.494967756327242 ], [ 6085187.673795295879245, 1982499.070090429624543 ], [ 6085168.634924247860909, 1982503.839079363737255 ], [ 6085150.155173226259649, 1982510.451240007998422 ], [ 6085132.412512334063649, 1982518.842893640510738 ], [ 6085115.577813094481826, 1982528.933224049862474 ], [ 6085099.813202866353095, 1982540.625055837677792 ], [ 6085085.270503461360931, 1982553.805790273007005 ], [ 6085077.49682844709605, 1982562.382718938170001 ], [ 6085064.82344519533217, 1982568.376782807521522 ], [ 6085047.988745955750346, 1982578.467113216873258 ], [ 6085032.224135727621615, 1982590.158945004688576 ], [ 6085017.681436322629452, 1982603.33967944001779 ], [ 6085010.396807743236423, 1982611.377028513466939 ], [ 6084993.947516309097409, 1982617.262679100502282 ], [ 6084976.20485541690141, 1982625.654332733014598 ], [ 6084959.370156177319586, 1982635.744663142366335 ], [ 6084943.605545949190855, 1982647.436494930181652 ], [ 6084929.062846544198692, 1982660.617229365510866 ], [ 6084915.882112109102309, 1982675.159928770037368 ], [ 6084904.190280321054161, 1982690.924538998864591 ], [ 6084894.099949912168086, 1982707.759238237515092 ], [ 6084890.134337378665805, 1982716.143821478821337 ], [ 6084872.836310393176973, 1982720.476751675596461 ], [ 6084854.356559371575713, 1982727.088912319857627 ], [ 6084836.613898479379714, 1982735.480565952369943 ], [ 6084819.77919923979789, 1982745.57089636172168 ], [ 6084804.014589011669159, 1982757.262728149536997 ], [ 6084789.471889606676996, 1982770.443462584866211 ], [ 6084788.858921297825873, 1982771.119768894044682 ], [ 6084776.903650905005634, 1982779.986401712056249 ], [ 6084762.360951500013471, 1982793.167136147385463 ], [ 6084749.180217064917088, 1982807.709835551911965 ], [ 6084737.488385276868939, 1982823.474445780739188 ], [ 6084727.398054867982864, 1982840.309145019389689 ], [ 6084719.006401235237718, 1982858.051805911585689 ], [ 6084712.394240590743721, 1982876.53155693365261 ], [ 6084707.625251656398177, 1982895.570427981438115 ], [ 6084704.745362402871251, 1982914.985064318636432 ], [ 6084703.782307737506926, 1982934.588492384646088 ], [ 6084704.745362402871251, 1982954.191920450655743 ], [ 6084707.625251656398177, 1982973.606556787854061 ], [ 6084712.394240590743721, 1982992.645427835639566 ], [ 6084719.006401235237718, 1983011.125178857706487 ], [ 6084727.398054867982864, 1983028.867839749902487 ], [ 6084737.488385276868939, 1983045.702538988552988 ], [ 6084749.180217064917088, 1983061.467149217380211 ], [ 6084762.360951500013471, 1983076.009848621906713 ], [ 6084776.903650905005634, 1983089.190583057235926 ], [ 6084792.668261133134365, 1983100.882414845051244 ], [ 6084809.502960372716188, 1983110.97274525440298 ], [ 6084827.245621264912188, 1983119.364398886915296 ], [ 6084845.725372286513448, 1983125.976559531176463 ], [ 6084864.764243334531784, 1983130.745548465289176 ], [ 6084884.178879671730101, 1983133.625437719048932 ], [ 6084903.782307737506926, 1983134.588492384646088 ], [ 6084923.385735803283751, 1983133.625437719048932 ], [ 6084942.800372140482068, 1983130.745548465289176 ], [ 6084961.839243188500404, 1983125.976559531176463 ], [ 6084980.318994210101664, 1983119.364398886915296 ], [ 6084998.061655102297664, 1983110.97274525440298 ], [ 6085014.896354341879487, 1983100.882414845051244 ], [ 6085030.660964570008218, 1983089.190583057235926 ], [ 6085045.203663975000381, 1983076.009848621906713 ], [ 6085045.816632283851504, 1983075.333542312728241 ], [ 6085051.520711866207421, 1983071.10310857440345 ], [ 6085055.290983080863953, 1983072.047512349905446 ], [ 6085074.70561941806227, 1983074.927401603665203 ], [ 6085094.309047483839095, 1983075.890456269262359 ], [ 6085113.91247554961592, 1983074.927401603665203 ], [ 6085133.327111886814237, 1983072.047512349905446 ], [ 6085152.365982934832573, 1983067.278523415792733 ], [ 6085170.845733956433833, 1983060.666362771531567 ], [ 6085188.588394848629832, 1983052.274709139019251 ], [ 6085205.423094088211656, 1983042.184378729667515 ], [ 6085221.187704316340387, 1983030.492546941852197 ], [ 6085235.73040372133255, 1983017.311812506522983 ], [ 6085248.911138156428933, 1983002.769113101996481 ], [ 6085260.602969944477081, 1982987.004502873169258 ], [ 6085270.693300353363156, 1982970.169803634518757 ], [ 6085279.084953986108303, 1982952.427142742322758 ], [ 6085285.6971146306023, 1982933.947391720255837 ], [ 6085290.466103564947844, 1982914.908520672470331 ], [ 6085290.597474026493728, 1982914.022892960812896 ], [ 6085291.828758279792964, 1982914.083382077282295 ], [ 6085311.432186345569789, 1982913.120327411685139 ], [ 6085330.846822682768106, 1982910.240438157925382 ], [ 6085349.885693730786443, 1982905.47144922381267 ], [ 6085368.365444752387702, 1982898.859288579551503 ], [ 6085386.108105644583702, 1982890.467634947039187 ], [ 6085402.942804884165525, 1982880.377304537687451 ], [ 6085418.707415112294257, 1982868.685472749872133 ], [ 6085433.25011451728642, 1982855.504738314542919 ], [ 6085446.430848952382803, 1982840.962038910016418 ], [ 6085458.122680740430951, 1982825.197428681189194 ], [ 6085468.213011149317026, 1982808.362729442538694 ], [ 6085476.604664782062173, 1982790.620068550342694 ], [ 6085483.21682542655617, 1982772.140317528275773 ], [ 6085487.985814360901713, 1982753.101446480490267 ], [ 6085490.462581888772547, 1982736.404436071868986 ], [ 6085504.510881033726037, 1982725.985507336445153 ], [ 6085519.0535804387182, 1982712.804772901115939 ], [ 6085532.234314873814583, 1982698.262073496589437 ], [ 6085543.926146661862731, 1982682.497463267762214 ], [ 6085554.016477070748806, 1982665.662764029111713 ], [ 6085562.408130703493953, 1982647.920103136915714 ], [ 6085569.02029134798795, 1982629.440352114848793 ], [ 6085573.789280282333493, 1982610.401481067063287 ], [ 6085576.669169535860419, 1982590.98684472986497 ], [ 6085577.632224201224744, 1982571.383416663855314 ], [ 6085576.669169535860419, 1982551.779988597845659 ], [ 6085573.789280282333493, 1982532.365352260647342 ], [ 6085569.02029134798795, 1982513.326481212861836 ], [ 6085562.408130703493953, 1982494.846730190794915 ], [ 6085554.016477070748806, 1982477.104069298598915 ], [ 6085543.926146661862731, 1982460.269370059948415 ], [ 6085532.234314873814583, 1982444.504759831121191 ], [ 6085519.0535804387182, 1982429.962060426594689 ], [ 6085504.510881033726037, 1982416.781325991265476 ] ] ], [ [ [ 6144065.584210529923439, 2008250.163031106349081 ], [ 6144051.041511124931276, 2008236.982296671019867 ], [ 6144035.276900896802545, 2008225.29046488320455 ], [ 6144018.442201657220721, 2008215.200134473852813 ], [ 6144000.699540765024722, 2008206.808480841340497 ], [ 6143982.219789743423462, 2008200.196320197079331 ], [ 6143963.180918695405126, 2008195.427331262966618 ], [ 6143943.766282358206809, 2008192.547442009206861 ], [ 6143924.162854292429984, 2008191.584387343609706 ], [ 6143904.559426226653159, 2008192.547442009206861 ], [ 6143885.144789889454842, 2008195.427331262966618 ], [ 6143866.105918841436505, 2008200.196320197079331 ], [ 6143852.2238515522331, 2008205.163403297076002 ], [ 6143835.389813263900578, 2008204.336400027154014 ], [ 6143815.786385198123753, 2008205.299454692751169 ], [ 6143796.371748860925436, 2008208.179343946510926 ], [ 6143777.3328778129071, 2008212.948332880623639 ], [ 6143758.85312679130584, 2008219.560493524884805 ], [ 6143741.11046589910984, 2008227.952147157397121 ], [ 6143724.275766659528017, 2008238.042477566748857 ], [ 6143708.511156431399286, 2008249.734309354564175 ], [ 6143693.968457026407123, 2008262.915043789893389 ], [ 6143680.78772259131074, 2008277.457743194419891 ], [ 6143669.095890803262591, 2008293.222353423247114 ], [ 6143659.005560394376516, 2008310.057052661897615 ], [ 6143650.61390676163137, 2008327.799713554093614 ], [ 6143644.001746117137372, 2008346.279464576160535 ], [ 6143639.232757182791829, 2008365.318335623946041 ], [ 6143636.352867929264903, 2008384.732971961144358 ], [ 6143635.389813263900578, 2008404.336400027154014 ], [ 6143636.352867929264903, 2008423.939828093163669 ], [ 6143639.232757182791829, 2008443.354464430361986 ], [ 6143644.001746117137372, 2008462.393335478147492 ], [ 6143650.61390676163137, 2008480.873086500214413 ], [ 6143651.881589260883629, 2008483.553375950083137 ], [ 6143652.143833232112229, 2008485.321281202603132 ], [ 6143656.912822166457772, 2008504.360152250388637 ], [ 6143663.524982810951769, 2008522.839903272455558 ], [ 6143671.916636443696916, 2008540.582564164651558 ], [ 6143682.006966852582991, 2008557.417263403302059 ], [ 6143693.698798640631139, 2008573.181873632129282 ], [ 6143706.879533075727522, 2008587.724573036655784 ], [ 6143721.422232480719686, 2008600.905307471984997 ], [ 6143737.186842708848417, 2008612.597139259800315 ], [ 6143754.02154194843024, 2008622.687469669152051 ], [ 6143771.76420284062624, 2008631.079123301664367 ], [ 6143790.243953862227499, 2008637.691283945925534 ], [ 6143809.282824910245836, 2008642.460272880038247 ], [ 6143828.697461247444153, 2008645.340162133798003 ], [ 6143848.300889313220978, 2008646.303216799395159 ], [ 6143867.904317378997803, 2008645.340162133798003 ], [ 6143887.31895371619612, 2008642.460272880038247 ], [ 6143906.357824764214456, 2008637.691283945925534 ], [ 6143924.837575785815716, 2008631.079123301664367 ], [ 6143942.580236678011715, 2008622.687469669152051 ], [ 6143959.414935917593539, 2008612.597139259800315 ], [ 6143975.17954614572227, 2008600.905307471984997 ], [ 6143989.722245550714433, 2008587.724573036655784 ], [ 6143999.697159330360591, 2008576.718951658112928 ], [ 6144000.699540765024722, 2008576.360293845878914 ], [ 6144018.442201657220721, 2008567.968640213366598 ], [ 6144035.276900896802545, 2008557.878309804014862 ], [ 6144051.041511124931276, 2008546.186478016199544 ], [ 6144065.584210529923439, 2008533.00574358087033 ], [ 6144078.764944965019822, 2008518.463044176343828 ], [ 6144090.45677675306797, 2008502.698433947516605 ], [ 6144100.547107161954045, 2008485.863734708866104 ], [ 6144108.938760794699192, 2008468.121073816670105 ], [ 6144115.550921439193189, 2008449.641322794603184 ], [ 6144120.319910373538733, 2008430.602451746817678 ], [ 6144123.199799627065659, 2008411.187815409619361 ], [ 6144124.162854292429984, 2008391.584387343609706 ], [ 6144123.199799627065659, 2008371.98095927760005 ], [ 6144120.319910373538733, 2008352.566322940401733 ], [ 6144115.550921439193189, 2008333.527451892616227 ], [ 6144108.938760794699192, 2008315.047700870549306 ], [ 6144100.547107161954045, 2008297.305039978353307 ], [ 6144090.45677675306797, 2008280.470340739702806 ], [ 6144078.764944965019822, 2008264.705730510875583 ], [ 6144065.584210529923439, 2008250.163031106349081 ] ] ], [ [ [ 6144311.772892951965332, 2008335.948518969817087 ], [ 6144293.293141930364072, 2008342.560679614078254 ], [ 6144275.550481038168073, 2008350.95233324659057 ], [ 6144258.715781798586249, 2008361.042663655942306 ], [ 6144242.951171570457518, 2008372.734495443757623 ], [ 6144228.408472165465355, 2008385.915229879086837 ], [ 6144215.227737730368972, 2008400.457929283613339 ], [ 6144203.535905942320824, 2008416.222539512440562 ], [ 6144193.445575533434749, 2008433.057238751091063 ], [ 6144185.053921900689602, 2008450.799899643287063 ], [ 6144178.441761256195605, 2008469.279650665353984 ], [ 6144173.672772321850061, 2008488.318521713139489 ], [ 6144170.792883068323135, 2008507.733158050337806 ], [ 6144169.82982840295881, 2008527.336586116347462 ], [ 6144170.792883068323135, 2008546.940014182357118 ], [ 6144173.672772321850061, 2008566.354650519555435 ], [ 6144178.441761256195605, 2008585.39352156734094 ], [ 6144185.053921900689602, 2008603.873272589407861 ], [ 6144193.445575533434749, 2008621.615933481603861 ], [ 6144203.535905942320824, 2008638.450632720254362 ], [ 6144215.227737730368972, 2008654.215242949081585 ], [ 6144228.408472165465355, 2008668.757942353608087 ], [ 6144242.951171570457518, 2008681.9386767889373 ], [ 6144258.715781798586249, 2008693.630508576752618 ], [ 6144275.550481038168073, 2008703.720838986104354 ], [ 6144293.293141930364072, 2008712.11249261861667 ], [ 6144311.772892951965332, 2008718.724653262877837 ], [ 6144320.358478000387549, 2008720.875230362871662 ], [ 6144329.056064228527248, 2008726.088362926850095 ], [ 6144346.798725120723248, 2008734.480016559362411 ], [ 6144365.278476142324507, 2008741.092177203623578 ], [ 6144384.317347190342844, 2008745.861166137736291 ], [ 6144403.731983527541161, 2008748.741055391496047 ], [ 6144423.335411593317986, 2008749.704110057093203 ], [ 6144442.93883965909481, 2008748.741055391496047 ], [ 6144462.353475996293128, 2008745.861166137736291 ], [ 6144481.392347044311464, 2008741.092177203623578 ], [ 6144499.872098065912724, 2008734.480016559362411 ], [ 6144517.614758958108723, 2008726.088362926850095 ], [ 6144534.449458197690547, 2008715.998032517498359 ], [ 6144550.214068425819278, 2008704.306200729683042 ], [ 6144564.756767830811441, 2008691.125466294353828 ], [ 6144577.937502265907824, 2008676.582766889827326 ], [ 6144589.629334053955972, 2008660.818156661000103 ], [ 6144599.719664462842047, 2008643.983457422349602 ], [ 6144608.111318095587194, 2008626.240796530153602 ], [ 6144614.723478740081191, 2008607.761045508086681 ], [ 6144619.492467674426734, 2008588.722174460301176 ], [ 6144622.37235692795366, 2008569.307538123102859 ], [ 6144623.335411593317986, 2008549.704110057093203 ], [ 6144622.37235692795366, 2008530.100681991083547 ], [ 6144619.492467674426734, 2008510.68604565388523 ], [ 6144614.723478740081191, 2008491.647174606099725 ], [ 6144608.111318095587194, 2008473.167423584032804 ], [ 6144599.719664462842047, 2008455.424762691836804 ], [ 6144589.629334053955972, 2008438.590063453186303 ], [ 6144577.937502265907824, 2008422.82545322435908 ], [ 6144564.756767830811441, 2008408.282753819832578 ], [ 6144550.214068425819278, 2008395.102019384503365 ], [ 6144534.449458197690547, 2008383.410187596688047 ], [ 6144517.614758958108723, 2008373.319857187336311 ], [ 6144499.872098065912724, 2008364.928203554823995 ], [ 6144481.392347044311464, 2008358.316042910562828 ], [ 6144472.806761995889246, 2008356.165465810569003 ], [ 6144464.109175767749548, 2008350.95233324659057 ], [ 6144446.366514875553548, 2008342.560679614078254 ], [ 6144427.886763853952289, 2008335.948518969817087 ], [ 6144408.847892805933952, 2008331.179530035704374 ], [ 6144389.433256468735635, 2008328.299640781944618 ], [ 6144369.82982840295881, 2008327.336586116347462 ], [ 6144350.226400337181985, 2008328.299640781944618 ], [ 6144330.811764, 2008331.179530035704374 ], [ 6144311.772892951965332, 2008335.948518969817087 ] ] ], [ [ [ 6133617.561600912362337, 2028601.70331470342353 ], [ 6133598.14696457516402, 2028604.583203957183287 ], [ 6133579.108093527145684, 2028609.352192891295999 ], [ 6133560.628342505544424, 2028615.964353535557166 ], [ 6133542.885681613348424, 2028624.356007168069482 ], [ 6133526.050982373766601, 2028634.446337577421218 ], [ 6133510.28637214563787, 2028646.138169365236536 ], [ 6133495.743672740645707, 2028659.318903800565749 ], [ 6133482.562938305549324, 2028673.861603205092251 ], [ 6133470.871106517501175, 2028689.626213433919474 ], [ 6133460.7807761086151, 2028706.460912672569975 ], [ 6133452.389122475869954, 2028724.203573564765975 ], [ 6133445.776961831375957, 2028742.683324586832896 ], [ 6133441.007972897030413, 2028761.722195634618402 ], [ 6133438.128083643503487, 2028781.136831971816719 ], [ 6133437.165028978139162, 2028800.740260037826374 ], [ 6133438.128083643503487, 2028820.34368810383603 ], [ 6133441.007972897030413, 2028839.758324441034347 ], [ 6133445.776961831375957, 2028858.797195488819852 ], [ 6133452.389122475869954, 2028877.276946510886773 ], [ 6133460.7807761086151, 2028895.019607403082773 ], [ 6133470.871106517501175, 2028911.854306641733274 ], [ 6133482.562938305549324, 2028927.618916870560497 ], [ 6133495.743672740645707, 2028942.161616275086999 ], [ 6133503.610531826503575, 2028949.291721736546606 ], [ 6133505.327427864074707, 2028956.145954931620508 ], [ 6133511.939588508568704, 2028974.625705953687429 ], [ 6133520.331242141313851, 2028992.368366845883429 ], [ 6133530.421572550199926, 2029009.20306608453393 ], [ 6133542.113404338248074, 2029024.967676313361153 ], [ 6133555.294138773344457, 2029039.510375717887655 ], [ 6133569.83683817833662, 2029052.691110153216869 ], [ 6133585.601448406465352, 2029064.382941941032186 ], [ 6133602.436147646047175, 2029074.473272350383922 ], [ 6133620.178808538243175, 2029082.864925982896239 ], [ 6133638.658559559844434, 2029089.477086627157405 ], [ 6133657.697430607862771, 2029094.246075561270118 ], [ 6133677.112066945061088, 2029097.125964815029874 ], [ 6133696.715495010837913, 2029098.08901948062703 ], [ 6133716.318923076614738, 2029097.125964815029874 ], [ 6133735.733559413813055, 2029094.246075561270118 ], [ 6133754.772430461831391, 2029089.477086627157405 ], [ 6133773.252181483432651, 2029082.864925982896239 ], [ 6133790.99484237562865, 2029074.473272350383922 ], [ 6133807.829541615210474, 2029064.382941941032186 ], [ 6133823.594151843339205, 2029052.691110153216869 ], [ 6133838.136851248331368, 2029039.510375717887655 ], [ 6133844.029768849723041, 2029033.008543083909899 ], [ 6133854.798745948821306, 2029025.021725335158408 ], [ 6133869.341445353813469, 2029011.840990899829194 ], [ 6133882.522179788909853, 2028997.298291495302692 ], [ 6133894.214011576958001, 2028981.533681266475469 ], [ 6133904.304341985844076, 2028964.698982027824968 ], [ 6133912.695995618589222, 2028946.956321135628968 ], [ 6133919.30815626308322, 2028928.476570113562047 ], [ 6133924.077145197428763, 2028909.437699065776542 ], [ 6133926.957034450955689, 2028890.023062728578225 ], [ 6133927.920089116320014, 2028870.419634662568569 ], [ 6133926.957034450955689, 2028850.816206596558914 ], [ 6133924.077145197428763, 2028831.401570259360597 ], [ 6133919.30815626308322, 2028812.362699211575091 ], [ 6133915.140260328538716, 2028800.714210419915617 ], [ 6133915.106791218742728, 2028800.488580009201542 ], [ 6133910.337802284397185, 2028781.449708961416036 ], [ 6133903.725641639903188, 2028762.969957939349115 ], [ 6133895.333988007158041, 2028745.227297047153115 ], [ 6133885.243657598271966, 2028728.392597808502614 ], [ 6133873.551825810223818, 2028712.627987579675391 ], [ 6133860.371091375127435, 2028698.085288175148889 ], [ 6133845.828391970135272, 2028684.904553739819676 ], [ 6133830.06378174200654, 2028673.212721952004358 ], [ 6133813.229082502424717, 2028663.122391542652622 ], [ 6133795.486421610228717, 2028654.730737910140306 ], [ 6133777.006670588627458, 2028648.118577265879139 ], [ 6133761.464808248914778, 2028644.225543412845582 ], [ 6133748.279075582511723, 2028634.446337577421218 ], [ 6133731.4443763429299, 2028624.356007168069482 ], [ 6133713.7017154507339, 2028615.964353535557166 ], [ 6133695.22196442913264, 2028609.352192891295999 ], [ 6133676.183093381114304, 2028604.583203957183287 ], [ 6133656.768457043915987, 2028601.70331470342353 ], [ 6133637.165028978139162, 2028600.740260037826374 ], [ 6133617.561600912362337, 2028601.70331470342353 ] ] ], [ [ [ 6122193.297454635612667, 2040900.838873371947557 ], [ 6122178.754755230620503, 2040887.658138936618343 ], [ 6122162.990145002491772, 2040875.966307148803025 ], [ 6122146.155445762909949, 2040865.875976739451289 ], [ 6122128.412784870713949, 2040857.484323106938973 ], [ 6122109.933033849112689, 2040850.872162462677807 ], [ 6122090.894162801094353, 2040846.103173528565094 ], [ 6122071.479526463896036, 2040843.223284274805337 ], [ 6122051.876098398119211, 2040842.260229609208182 ], [ 6122032.272670332342386, 2040843.223284274805337 ], [ 6122012.858033995144069, 2040846.103173528565094 ], [ 6121993.819162947125733, 2040850.872162462677807 ], [ 6121975.339411925524473, 2040857.484323106938973 ], [ 6121957.596751033328474, 2040865.875976739451289 ], [ 6121940.76205179374665, 2040875.966307148803025 ], [ 6121926.078186633065343, 2040886.856603766791523 ], [ 6121920.950777263380587, 2040889.281687790295109 ], [ 6121904.116078023798764, 2040899.372018199646845 ], [ 6121888.351467795670033, 2040911.063849987462163 ], [ 6121873.808768390677869, 2040924.244584422791377 ], [ 6121860.628033955581486, 2040938.787283827317879 ], [ 6121848.936202167533338, 2040954.551894056145102 ], [ 6121838.845871758647263, 2040971.386593294795603 ], [ 6121835.986561719328165, 2040977.432096438249573 ], [ 6121832.964482268318534, 2040981.50689887185581 ], [ 6121822.874151859432459, 2040998.341598110506311 ], [ 6121814.482498226687312, 2041016.084259002702311 ], [ 6121807.870337582193315, 2041034.564010024769232 ], [ 6121803.101348647847772, 2041053.602881072554737 ], [ 6121800.221459394320846, 2041073.017517409753054 ], [ 6121799.258404728956521, 2041092.62094547576271 ], [ 6121800.221459394320846, 2041112.224373541772366 ], [ 6121803.101348647847772, 2041131.639009878970683 ], [ 6121807.870337582193315, 2041150.677880926756188 ], [ 6121814.482498226687312, 2041169.157631948823109 ], [ 6121822.874151859432459, 2041186.900292841019109 ], [ 6121832.964482268318534, 2041203.73499207966961 ], [ 6121844.656314056366682, 2041219.499602308496833 ], [ 6121857.837048491463065, 2041234.042301713023335 ], [ 6121872.379747896455228, 2041247.223036148352548 ], [ 6121888.14435812458396, 2041258.914867936167866 ], [ 6121904.979057364165783, 2041269.005198345519602 ], [ 6121922.721718256361783, 2041277.396851978031918 ], [ 6121941.201469277963042, 2041284.009012622293085 ], [ 6121960.240340325981379, 2041288.778001556405798 ], [ 6121963.205749234184623, 2041289.217878415249288 ], [ 6121964.562732375226915, 2041291.0475583744701 ], [ 6121977.743466810323298, 2041305.590257778996602 ], [ 6121992.286166215315461, 2041318.770992214325815 ], [ 6122008.050776443444192, 2041330.462824002141133 ], [ 6122024.885475683026016, 2041340.553154411492869 ], [ 6122042.628136575222015, 2041348.944808044005185 ], [ 6122061.107887596823275, 2041355.556968688266352 ], [ 6122080.146758644841611, 2041360.325957622379065 ], [ 6122099.561394982039928, 2041363.205846876138821 ], [ 6122119.164823047816753, 2041364.168901541735977 ], [ 6122138.768251113593578, 2041363.205846876138821 ], [ 6122158.182887450791895, 2041360.325957622379065 ], [ 6122177.221758498810232, 2041355.556968688266352 ], [ 6122195.701509520411491, 2041348.944808044005185 ], [ 6122213.444170412607491, 2041340.553154411492869 ], [ 6122230.278869652189314, 2041330.462824002141133 ], [ 6122246.043479880318046, 2041318.770992214325815 ], [ 6122260.586179285310209, 2041305.590257778996602 ], [ 6122273.766913720406592, 2041291.0475583744701 ], [ 6122285.45874550845474, 2041275.282948145642877 ], [ 6122295.549075917340815, 2041258.448248906992376 ], [ 6122303.940729550085962, 2041240.705588014796376 ], [ 6122310.552890194579959, 2041222.225836992729455 ], [ 6122315.321879128925502, 2041203.18696594494395 ], [ 6122318.201768382452428, 2041183.772329607745633 ], [ 6122319.164823047816753, 2041164.168901541735977 ], [ 6122318.201768382452428, 2041144.565473475726321 ], [ 6122315.321879128925502, 2041125.150837138528004 ], [ 6122310.552890194579959, 2041106.111966090742499 ], [ 6122303.940729550085962, 2041087.632215068675578 ], [ 6122295.549075917340815, 2041069.889554176479578 ], [ 6122285.45874550845474, 2041053.054854937829077 ], [ 6122273.766913720406592, 2041037.290244709001854 ], [ 6122260.586179285310209, 2041022.747545304475352 ], [ 6122249.426099640317261, 2041012.632638712180778 ], [ 6122248.03315447922796, 2041003.242165206000209 ], [ 6122243.264165544882417, 2040984.203294158214703 ], [ 6122236.65200490038842, 2040965.723543136147782 ], [ 6122228.260351267643273, 2040947.980882243951783 ], [ 6122218.170020858757198, 2040931.146183005301282 ], [ 6122206.47818907070905, 2040915.381572776474059 ], [ 6122193.297454635612667, 2040900.838873371947557 ] ] ], [ [ [ 6111040.642608755268157, 2057138.905272691976279 ], [ 6111028.950776967220008, 2057123.140662463149056 ], [ 6111015.770042532123625, 2057108.597963058622554 ], [ 6111001.227343127131462, 2057095.41722862329334 ], [ 6110985.462732899002731, 2057083.725396835478023 ], [ 6110968.628033659420907, 2057073.635066426126286 ], [ 6110950.885372767224908, 2057065.24341279361397 ], [ 6110932.405621745623648, 2057058.631252149352804 ], [ 6110913.366750697605312, 2057053.862263215240091 ], [ 6110893.952114360406995, 2057050.982373961480334 ], [ 6110874.34868629463017, 2057050.019319295883179 ], [ 6110854.745258228853345, 2057050.982373961480334 ], [ 6110835.330621891655028, 2057053.862263215240091 ], [ 6110816.291750843636692, 2057058.631252149352804 ], [ 6110797.811999822035432, 2057065.24341279361397 ], [ 6110780.069338929839432, 2057073.635066426126286 ], [ 6110763.234639690257609, 2057083.725396835478023 ], [ 6110747.470029462128878, 2057095.41722862329334 ], [ 6110732.927330057136714, 2057108.597963058622554 ], [ 6110719.746595622040331, 2057123.140662463149056 ], [ 6110708.054763833992183, 2057138.905272691976279 ], [ 6110697.964433425106108, 2057155.73997193062678 ], [ 6110689.572779792360961, 2057173.482632822822779 ], [ 6110682.960619147866964, 2057191.9623838448897 ], [ 6110678.191630213521421, 2057211.001254892675206 ], [ 6110675.311740959994495, 2057230.415891229873523 ], [ 6110674.34868629463017, 2057250.019319295883179 ], [ 6110675.311740959994495, 2057269.622747361892834 ], [ 6110678.191630213521421, 2057289.037383699091151 ], [ 6110682.960619147866964, 2057308.076254746876657 ], [ 6110689.572779792360961, 2057326.556005768943578 ], [ 6110697.964433425106108, 2057344.298666661139578 ], [ 6110708.054763833992183, 2057361.133365899790078 ], [ 6110719.746595622040331, 2057376.897976128617302 ], [ 6110732.927330057136714, 2057391.440675533143803 ], [ 6110747.470029462128878, 2057404.621409968473017 ], [ 6110763.234639690257609, 2057416.313241756288335 ], [ 6110780.069338929839432, 2057426.403572165640071 ], [ 6110797.811999822035432, 2057434.795225798152387 ], [ 6110816.291750843636692, 2057441.407386442413554 ], [ 6110835.330621891655028, 2057446.176375376526266 ], [ 6110854.745258228853345, 2057449.056264630286023 ], [ 6110874.34868629463017, 2057450.019319295883179 ], [ 6110893.952114360406995, 2057449.056264630286023 ], [ 6110913.366750697605312, 2057446.176375376526266 ], [ 6110932.405621745623648, 2057441.407386442413554 ], [ 6110950.885372767224908, 2057434.795225798152387 ], [ 6110968.628033659420907, 2057426.403572165640071 ], [ 6110985.462732899002731, 2057416.313241756288335 ], [ 6111001.227343127131462, 2057404.621409968473017 ], [ 6111015.770042532123625, 2057391.440675533143803 ], [ 6111028.950776967220008, 2057376.897976128617302 ], [ 6111040.642608755268157, 2057361.133365899790078 ], [ 6111050.732939164154232, 2057344.298666661139578 ], [ 6111059.124592796899378, 2057326.556005768943578 ], [ 6111065.736753441393375, 2057308.076254746876657 ], [ 6111070.505742375738919, 2057289.037383699091151 ], [ 6111073.385631629265845, 2057269.622747361892834 ], [ 6111074.34868629463017, 2057250.019319295883179 ], [ 6111073.385631629265845, 2057230.415891229873523 ], [ 6111070.505742375738919, 2057211.001254892675206 ], [ 6111065.736753441393375, 2057191.9623838448897 ], [ 6111059.124592796899378, 2057173.482632822822779 ], [ 6111050.732939164154232, 2057155.73997193062678 ], [ 6111040.642608755268157, 2057138.905272691976279 ] ] ], [ [ [ 6102634.889726716093719, 2070035.411449095001444 ], [ 6102621.708992280997336, 2070020.868749690474942 ], [ 6102607.166292876005173, 2070007.688015255145729 ], [ 6102591.401682647876441, 2069995.996183467330411 ], [ 6102574.566983408294618, 2069985.905853057978675 ], [ 6102556.824322516098619, 2069977.514199425466359 ], [ 6102538.344571494497359, 2069970.902038781205192 ], [ 6102519.305700446479023, 2069966.133049847092479 ], [ 6102499.891064109280705, 2069963.253160593332723 ], [ 6102480.287636043503881, 2069962.290105927735567 ], [ 6102460.684207977727056, 2069963.253160593332723 ], [ 6102441.269571640528738, 2069966.133049847092479 ], [ 6102422.230700592510402, 2069970.902038781205192 ], [ 6102403.750949570909142, 2069977.514199425466359 ], [ 6102386.008288678713143, 2069985.905853057978675 ], [ 6102369.17358943913132, 2069995.996183467330411 ], [ 6102353.408979211002588, 2070007.688015255145729 ], [ 6102338.866279806010425, 2070020.868749690474942 ], [ 6102325.685545370914042, 2070035.411449095001444 ], [ 6102314.971629731357098, 2070049.857492037350312 ], [ 6102300.307570973411202, 2070047.682284400099888 ], [ 6102280.704142907634377, 2070046.719229734502733 ], [ 6102261.100714841857553, 2070047.682284400099888 ], [ 6102241.686078504659235, 2070050.562173653859645 ], [ 6102222.647207456640899, 2070055.331162587972358 ], [ 6102204.167456435039639, 2070061.943323232233524 ], [ 6102186.42479554284364, 2070070.33497686474584 ], [ 6102169.590096303261817, 2070080.425307274097577 ], [ 6102153.825486075133085, 2070092.117139061912894 ], [ 6102139.282786670140922, 2070105.297873497242108 ], [ 6102126.102052235044539, 2070119.84057290176861 ], [ 6102114.410220446996391, 2070135.605183130595833 ], [ 6102104.319890038110316, 2070152.439882369246334 ], [ 6102095.928236405365169, 2070170.182543261442333 ], [ 6102089.316075760871172, 2070188.662294283509254 ], [ 6102084.547086826525629, 2070207.70116533129476 ], [ 6102081.667197572998703, 2070227.115801668493077 ], [ 6102080.704142907634377, 2070246.719229734502733 ], [ 6102081.667197572998703, 2070266.322657800512388 ], [ 6102084.547086826525629, 2070285.737294137710705 ], [ 6102089.316075760871172, 2070304.776165185496211 ], [ 6102095.928236405365169, 2070323.255916207563132 ], [ 6102104.319890038110316, 2070340.998577099759132 ], [ 6102114.410220446996391, 2070357.833276338409632 ], [ 6102126.102052235044539, 2070373.597886567236856 ], [ 6102139.282786670140922, 2070388.140585971763358 ], [ 6102153.825486075133085, 2070401.321320407092571 ], [ 6102160.341200152412057, 2070406.153703312389553 ], [ 6102169.781120963394642, 2070418.881963080959395 ], [ 6102182.961855398491025, 2070433.424662485485896 ], [ 6102197.504554803483188, 2070446.60539692081511 ], [ 6102213.269165031611919, 2070458.297228708630428 ], [ 6102230.103864271193743, 2070468.387559117982164 ], [ 6102247.846525163389742, 2070476.77921275049448 ], [ 6102266.326276184991002, 2070483.391373394755647 ], [ 6102285.365147233009338, 2070488.160362328868359 ], [ 6102304.779783570207655, 2070491.040251582628116 ], [ 6102324.38321163598448, 2070492.003306248225272 ], [ 6102343.986639701761305, 2070491.040251582628116 ], [ 6102363.401276038959622, 2070488.160362328868359 ], [ 6102382.440147086977959, 2070483.391373394755647 ], [ 6102400.919898108579218, 2070476.77921275049448 ], [ 6102418.662559000775218, 2070468.387559117982164 ], [ 6102435.497258240357041, 2070458.297228708630428 ], [ 6102451.261868468485773, 2070446.60539692081511 ], [ 6102465.804567873477936, 2070433.424662485485896 ], [ 6102478.985302308574319, 2070418.881963080959395 ], [ 6102490.677134096622467, 2070403.117352852132171 ], [ 6102500.767464505508542, 2070386.282653613481671 ], [ 6102509.159118138253689, 2070368.539992721285671 ], [ 6102512.404084221459925, 2070359.47092006681487 ], [ 6102519.305700446479023, 2070358.447162008378655 ], [ 6102538.344571494497359, 2070353.678173074265942 ], [ 6102556.824322516098619, 2070347.066012430004776 ], [ 6102574.566983408294618, 2070338.674358797492459 ], [ 6102591.401682647876441, 2070328.584028388140723 ], [ 6102607.166292876005173, 2070316.892196600325406 ], [ 6102621.708992280997336, 2070303.711462164996192 ], [ 6102634.889726716093719, 2070289.16876276046969 ], [ 6102646.581558504141867, 2070273.404152531642467 ], [ 6102656.671888913027942, 2070256.569453292991966 ], [ 6102665.063542545773089, 2070238.826792400795966 ], [ 6102671.675703190267086, 2070220.347041378729045 ], [ 6102676.444692124612629, 2070201.30817033094354 ], [ 6102679.324581378139555, 2070181.893533993745223 ], [ 6102680.287636043503881, 2070162.290105927735567 ], [ 6102679.324581378139555, 2070142.686677861725911 ], [ 6102676.444692124612629, 2070123.272041524527594 ], [ 6102671.675703190267086, 2070104.233170476742089 ], [ 6102665.063542545773089, 2070085.753419454675168 ], [ 6102656.671888913027942, 2070068.010758562479168 ], [ 6102646.581558504141867, 2070051.176059323828667 ], [ 6102634.889726716093719, 2070035.411449095001444 ] ] ], [ [ [ 6105867.607371364720166, 2077910.107881717849523 ], [ 6105855.915539576672018, 2077894.3432714890223 ], [ 6105842.734805141575634, 2077879.800572084495798 ], [ 6105828.192105736583471, 2077866.619837649166584 ], [ 6105812.42749550845474, 2077854.928005861351267 ], [ 6105795.592796268872917, 2077844.83767545199953 ], [ 6105777.850135376676917, 2077836.446021819487214 ], [ 6105759.370384355075657, 2077829.833861175226048 ], [ 6105740.331513307057321, 2077825.064872241113335 ], [ 6105720.916876969859004, 2077822.184982987353578 ], [ 6105701.313448904082179, 2077821.221928321756423 ], [ 6105681.710020838305354, 2077822.184982987353578 ], [ 6105662.295384501107037, 2077825.064872241113335 ], [ 6105643.256513453088701, 2077829.833861175226048 ], [ 6105624.776762431487441, 2077836.446021819487214 ], [ 6105607.034101539291441, 2077844.83767545199953 ], [ 6105590.199402299709618, 2077854.928005861351267 ], [ 6105574.434792071580887, 2077866.619837649166584 ], [ 6105559.892092666588724, 2077879.800572084495798 ], [ 6105546.711358231492341, 2077894.3432714890223 ], [ 6105535.019526443444192, 2077910.107881717849523 ], [ 6105524.929196034558117, 2077926.942580956500024 ], [ 6105516.537542401812971, 2077944.685241848696023 ], [ 6105509.925381757318974, 2077963.164992870762944 ], [ 6105505.15639282297343, 2077982.20386391854845 ], [ 6105502.276503569446504, 2078001.618500255746767 ], [ 6105501.313448904082179, 2078021.221928321756423 ], [ 6105502.276503569446504, 2078040.825356387766078 ], [ 6105505.15639282297343, 2078060.239992724964395 ], [ 6105509.925381757318974, 2078079.278863772749901 ], [ 6105516.537542401812971, 2078097.758614794816822 ], [ 6105524.929196034558117, 2078115.501275687012821 ], [ 6105535.019526443444192, 2078132.335974925663322 ], [ 6105546.711358231492341, 2078148.100585154490545 ], [ 6105559.892092666588724, 2078162.643284559017047 ], [ 6105574.434792071580887, 2078175.824018994346261 ], [ 6105590.199402299709618, 2078187.515850782161579 ], [ 6105607.034101539291441, 2078197.606181191513315 ], [ 6105624.776762431487441, 2078205.997834824025631 ], [ 6105643.256513453088701, 2078212.609995468286797 ], [ 6105662.295384501107037, 2078217.37898440239951 ], [ 6105681.710020838305354, 2078220.258873656159267 ], [ 6105701.313448904082179, 2078221.221928321756423 ], [ 6105720.916876969859004, 2078220.258873656159267 ], [ 6105740.331513307057321, 2078217.37898440239951 ], [ 6105759.370384355075657, 2078212.609995468286797 ], [ 6105777.850135376676917, 2078205.997834824025631 ], [ 6105795.592796268872917, 2078197.606181191513315 ], [ 6105812.42749550845474, 2078187.515850782161579 ], [ 6105828.192105736583471, 2078175.824018994346261 ], [ 6105842.734805141575634, 2078162.643284559017047 ], [ 6105855.915539576672018, 2078148.100585154490545 ], [ 6105867.607371364720166, 2078132.335974925663322 ], [ 6105877.697701773606241, 2078115.501275687012821 ], [ 6105886.089355406351388, 2078097.758614794816822 ], [ 6105892.701516050845385, 2078079.278863772749901 ], [ 6105897.470504985190928, 2078060.239992724964395 ], [ 6105900.350394238717854, 2078040.825356387766078 ], [ 6105901.313448904082179, 2078021.221928321756423 ], [ 6105900.350394238717854, 2078001.618500255746767 ], [ 6105897.470504985190928, 2077982.20386391854845 ], [ 6105892.701516050845385, 2077963.164992870762944 ], [ 6105886.089355406351388, 2077944.685241848696023 ], [ 6105877.697701773606241, 2077926.942580956500024 ], [ 6105867.607371364720166, 2077910.107881717849523 ] ] ], [ [ [ 6148719.926025011576712, 2080103.318258459446952 ], [ 6148706.745290576480329, 2080088.77555905492045 ], [ 6148692.202591171488166, 2080075.594824619591236 ], [ 6148676.437980943359435, 2080063.902992831775919 ], [ 6148659.603281703777611, 2080053.812662422424182 ], [ 6148641.860620811581612, 2080045.421008789911866 ], [ 6148623.380869789980352, 2080038.8088481456507 ], [ 6148604.341998741962016, 2080034.039859211537987 ], [ 6148584.927362404763699, 2080031.15996995777823 ], [ 6148565.323934338986874, 2080030.196915292181075 ], [ 6148545.720506273210049, 2080031.15996995777823 ], [ 6148526.305869936011732, 2080034.039859211537987 ], [ 6148507.266998887993395, 2080038.8088481456507 ], [ 6148488.787247866392136, 2080045.421008789911866 ], [ 6148471.044586974196136, 2080053.812662422424182 ], [ 6148454.209887734614313, 2080063.902992831775919 ], [ 6148438.445277506485581, 2080075.594824619591236 ], [ 6148423.902578101493418, 2080088.77555905492045 ], [ 6148410.721843666397035, 2080103.318258459446952 ], [ 6148399.030011878348887, 2080119.082868688274175 ], [ 6148388.939681469462812, 2080135.917567926924676 ], [ 6148380.548027836717665, 2080153.660228819120675 ], [ 6148373.935867192223668, 2080172.139979841187596 ], [ 6148369.166878257878125, 2080191.178850888973102 ], [ 6148366.286989004351199, 2080210.593487226171419 ], [ 6148365.323934338986874, 2080230.196915292181075 ], [ 6148366.286989004351199, 2080249.80034335819073 ], [ 6148369.166878257878125, 2080269.214979695389047 ], [ 6148373.935867192223668, 2080288.253850743174553 ], [ 6148380.548027836717665, 2080306.733601765241474 ], [ 6148388.939681469462812, 2080324.476262657437474 ], [ 6148399.030011878348887, 2080341.310961896087974 ], [ 6148410.721843666397035, 2080357.075572124915197 ], [ 6148423.902578101493418, 2080371.618271529441699 ], [ 6148438.445277506485581, 2080384.799005964770913 ], [ 6148454.209887734614313, 2080396.490837752586231 ], [ 6148471.044586974196136, 2080406.581168161937967 ], [ 6148488.787247866392136, 2080414.972821794450283 ], [ 6148507.266998887993395, 2080421.58498243871145 ], [ 6148526.305869936011732, 2080426.353971372824162 ], [ 6148545.720506273210049, 2080429.233860626583919 ], [ 6148565.323934338986874, 2080430.196915292181075 ], [ 6148584.927362404763699, 2080429.233860626583919 ], [ 6148604.341998741962016, 2080426.353971372824162 ], [ 6148623.380869789980352, 2080421.58498243871145 ], [ 6148641.860620811581612, 2080414.972821794450283 ], [ 6148659.603281703777611, 2080406.581168161937967 ], [ 6148676.437980943359435, 2080396.490837752586231 ], [ 6148692.202591171488166, 2080384.799005964770913 ], [ 6148706.745290576480329, 2080371.618271529441699 ], [ 6148719.926025011576712, 2080357.075572124915197 ], [ 6148731.61785679962486, 2080341.310961896087974 ], [ 6148741.708187208510935, 2080324.476262657437474 ], [ 6148750.099840841256082, 2080306.733601765241474 ], [ 6148756.712001485750079, 2080288.253850743174553 ], [ 6148761.480990420095623, 2080269.214979695389047 ], [ 6148764.360879673622549, 2080249.80034335819073 ], [ 6148765.323934338986874, 2080230.196915292181075 ], [ 6148764.360879673622549, 2080210.593487226171419 ], [ 6148761.480990420095623, 2080191.178850888973102 ], [ 6148756.712001485750079, 2080172.139979841187596 ], [ 6148750.099840841256082, 2080153.660228819120675 ], [ 6148741.708187208510935, 2080135.917567926924676 ], [ 6148731.61785679962486, 2080119.082868688274175 ], [ 6148719.926025011576712, 2080103.318258459446952 ] ] ], [ [ [ 6090945.008858575485647, 2080099.17157147731632 ], [ 6090925.59422223828733, 2080102.051460731076077 ], [ 6090906.555351190268993, 2080106.820449665188789 ], [ 6090888.075600168667734, 2080113.432610309449956 ], [ 6090870.332939276471734, 2080121.824263941962272 ], [ 6090853.498240036889911, 2080131.914594351314008 ], [ 6090837.733629808761179, 2080143.606426139129326 ], [ 6090823.190930403769016, 2080156.787160574458539 ], [ 6090810.010195968672633, 2080171.329859978985041 ], [ 6090798.318364180624485, 2080187.094470207812265 ], [ 6090788.22803377173841, 2080203.929169446462765 ], [ 6090779.836380138993263, 2080221.671830338658765 ], [ 6090773.224219494499266, 2080240.151581360725686 ], [ 6090768.455230560153723, 2080259.190452408511192 ], [ 6090765.575341306626797, 2080278.605088745709509 ], [ 6090764.612286641262472, 2080298.208516811719164 ], [ 6090765.575341306626797, 2080317.81194487772882 ], [ 6090768.455230560153723, 2080337.226581214927137 ], [ 6090773.224219494499266, 2080356.265452262712643 ], [ 6090779.836380138993263, 2080374.745203284779564 ], [ 6090788.22803377173841, 2080392.487864176975563 ], [ 6090798.318364180624485, 2080409.322563415626064 ], [ 6090810.010195968672633, 2080425.087173644453287 ], [ 6090823.190930403769016, 2080439.629873048979789 ], [ 6090837.733629808761179, 2080452.810607484309003 ], [ 6090853.498240036889911, 2080464.50243927212432 ], [ 6090870.332939276471734, 2080474.592769681476057 ], [ 6090888.075600168667734, 2080482.984423313988373 ], [ 6090906.555351190268993, 2080489.596583958249539 ], [ 6090925.59422223828733, 2080494.365572892362252 ], [ 6090945.008858575485647, 2080497.245462146122009 ], [ 6090961.106283222325146, 2080498.036277908366174 ], [ 6090961.765386044047773, 2080498.924975186120719 ], [ 6090974.946120479144156, 2080513.467674590647221 ], [ 6090989.488819884136319, 2080526.648409025976434 ], [ 6091005.25343011226505, 2080538.340240813791752 ], [ 6091022.088129351846874, 2080548.430571223143488 ], [ 6091039.830790244042873, 2080556.822224855655804 ], [ 6091058.310541265644133, 2080563.434385499916971 ], [ 6091077.349412313662469, 2080568.203374434029683 ], [ 6091096.764048650860786, 2080571.08326368778944 ], [ 6091100.97718327306211, 2080571.29024171945639 ], [ 6091110.96143433265388, 2080572.771265460178256 ], [ 6091130.564862398430705, 2080573.734320125775412 ], [ 6091150.16829046420753, 2080572.771265460178256 ], [ 6091169.582926801405847, 2080569.891376206418499 ], [ 6091188.621797849424183, 2080565.122387272305787 ], [ 6091207.101548871025443, 2080558.51022662804462 ], [ 6091224.844209763221443, 2080550.118572995532304 ], [ 6091241.678909002803266, 2080540.028242586180568 ], [ 6091257.443519230931997, 2080528.33641079836525 ], [ 6091271.98621863592416, 2080515.155676363036036 ], [ 6091285.166953071020544, 2080500.612976958509535 ], [ 6091296.858784859068692, 2080484.848366729682311 ], [ 6091306.949115267954767, 2080468.013667491031811 ], [ 6091315.340768900699914, 2080450.271006598835811 ], [ 6091321.795392903499305, 2080432.231540995417163 ], [ 6091322.368417031131685, 2080431.458907400490716 ], [ 6091332.45874744001776, 2080414.624208161840215 ], [ 6091340.850401072762907, 2080396.881547269644216 ], [ 6091347.462561717256904, 2080378.401796247577295 ], [ 6091352.231550651602447, 2080359.362925199791789 ], [ 6091355.111439905129373, 2080339.948288862593472 ], [ 6091356.074494570493698, 2080320.344860796583816 ], [ 6091355.111439905129373, 2080300.741432730574161 ], [ 6091352.231550651602447, 2080281.326796393375844 ], [ 6091347.462561717256904, 2080262.287925345590338 ], [ 6091340.850401072762907, 2080243.808174323523417 ], [ 6091332.45874744001776, 2080226.065513431327417 ], [ 6091322.368417031131685, 2080209.230814192676917 ], [ 6091310.676585243083537, 2080193.466203963849694 ], [ 6091297.495850807987154, 2080178.923504559323192 ], [ 6091282.95315140299499, 2080165.742770123993978 ], [ 6091267.188541174866259, 2080154.05093833617866 ], [ 6091250.353841935284436, 2080143.960607926826924 ], [ 6091232.611181043088436, 2080135.568954294314608 ], [ 6091214.131430021487176, 2080128.956793650053442 ], [ 6091195.09255897346884, 2080124.187804715940729 ], [ 6091175.677922636270523, 2080121.307915462180972 ], [ 6091156.074494570493698, 2080120.344860796583816 ], [ 6091136.471066504716873, 2080121.307915462180972 ], [ 6091117.056430167518556, 2080124.187804715940729 ], [ 6091098.01755911950022, 2080128.956793650053442 ], [ 6091080.290523381903768, 2080135.299628459149972 ], [ 6091075.726333245635033, 2080131.914594351314008 ], [ 6091058.891634006053209, 2080121.824263941962272 ], [ 6091041.14897311385721, 2080113.432610309449956 ], [ 6091022.66922209225595, 2080106.820449665188789 ], [ 6091003.630351044237614, 2080102.051460731076077 ], [ 6090984.215714707039297, 2080099.17157147731632 ], [ 6090964.612286641262472, 2080098.208516811719164 ], [ 6090945.008858575485647, 2080099.17157147731632 ] ] ], [ [ [ 6148738.302332263439894, 2080544.328625577501953 ], [ 6148723.759632858447731, 2080531.147891142172739 ], [ 6148707.995022630318999, 2080519.456059354357421 ], [ 6148691.160323390737176, 2080509.365728945005685 ], [ 6148673.417662498541176, 2080500.974075312493369 ], [ 6148654.937911476939917, 2080494.361914668232203 ], [ 6148635.89904042892158, 2080489.59292573411949 ], [ 6148616.484404091723263, 2080486.713036480359733 ], [ 6148596.880976025946438, 2080485.749981814762577 ], [ 6148577.277547960169613, 2080486.713036480359733 ], [ 6148557.862911622971296, 2080489.59292573411949 ], [ 6148538.82404057495296, 2080494.361914668232203 ], [ 6148520.3442895533517, 2080500.974075312493369 ], [ 6148502.601628661155701, 2080509.365728945005685 ], [ 6148485.766929421573877, 2080519.456059354357421 ], [ 6148470.002319193445146, 2080531.147891142172739 ], [ 6148455.459619788452983, 2080544.328625577501953 ], [ 6148442.2788853533566, 2080558.871324982028455 ], [ 6148430.587053565308452, 2080574.635935210855678 ], [ 6148420.496723156422377, 2080591.470634449506178 ], [ 6148412.10506952367723, 2080609.213295341702178 ], [ 6148405.492908879183233, 2080627.693046363769099 ], [ 6148400.723919944837689, 2080646.731917411554605 ], [ 6148397.844030691310763, 2080666.146553748752922 ], [ 6148396.880976025946438, 2080685.749981814762577 ], [ 6148397.844030691310763, 2080705.353409880772233 ], [ 6148400.723919944837689, 2080724.76804621797055 ], [ 6148405.492908879183233, 2080743.806917265756056 ], [ 6148412.10506952367723, 2080762.286668287822977 ], [ 6148420.496723156422377, 2080780.029329180018976 ], [ 6148430.587053565308452, 2080796.864028418669477 ], [ 6148442.2788853533566, 2080812.6286386474967 ], [ 6148455.459619788452983, 2080827.171338052023202 ], [ 6148470.002319193445146, 2080840.352072487352416 ], [ 6148485.766929421573877, 2080852.043904275167733 ], [ 6148502.601628661155701, 2080862.13423468451947 ], [ 6148520.3442895533517, 2080870.525888317031786 ], [ 6148538.82404057495296, 2080877.138048961292952 ], [ 6148557.862911622971296, 2080881.907037895405665 ], [ 6148577.277547960169613, 2080884.786927149165422 ], [ 6148596.880976025946438, 2080885.749981814762577 ], [ 6148616.484404091723263, 2080884.786927149165422 ], [ 6148635.89904042892158, 2080881.907037895405665 ], [ 6148654.937911476939917, 2080877.138048961292952 ], [ 6148673.417662498541176, 2080870.525888317031786 ], [ 6148691.160323390737176, 2080862.13423468451947 ], [ 6148707.995022630318999, 2080852.043904275167733 ], [ 6148723.759632858447731, 2080840.352072487352416 ], [ 6148738.302332263439894, 2080827.171338052023202 ], [ 6148751.483066698536277, 2080812.6286386474967 ], [ 6148763.174898486584425, 2080796.864028418669477 ], [ 6148773.2652288954705, 2080780.029329180018976 ], [ 6148781.656882528215647, 2080762.286668287822977 ], [ 6148788.269043172709644, 2080743.806917265756056 ], [ 6148793.038032107055187, 2080724.76804621797055 ], [ 6148795.917921360582113, 2080705.353409880772233 ], [ 6148796.880976025946438, 2080685.749981814762577 ], [ 6148795.917921360582113, 2080666.146553748752922 ], [ 6148793.038032107055187, 2080646.731917411554605 ], [ 6148788.269043172709644, 2080627.693046363769099 ], [ 6148781.656882528215647, 2080609.213295341702178 ], [ 6148773.2652288954705, 2080591.470634449506178 ], [ 6148763.174898486584425, 2080574.635935210855678 ], [ 6148751.483066698536277, 2080558.871324982028455 ], [ 6148738.302332263439894, 2080544.328625577501953 ] ] ], [ [ [ 6157334.201039929874241, 2080841.728870712220669 ], [ 6157321.020305494777858, 2080827.186171307694167 ], [ 6157306.477606089785695, 2080814.005436872364953 ], [ 6157290.712995861656964, 2080802.313605084549636 ], [ 6157273.87829662207514, 2080792.223274675197899 ], [ 6157256.135635729879141, 2080783.831621042685583 ], [ 6157237.655884708277881, 2080777.219460398424417 ], [ 6157218.617013660259545, 2080772.450471464311704 ], [ 6157199.202377323061228, 2080769.570582210551947 ], [ 6157179.598949257284403, 2080768.607527544954792 ], [ 6157159.995521191507578, 2080769.570582210551947 ], [ 6157140.580884854309261, 2080772.450471464311704 ], [ 6157121.542013806290925, 2080777.219460398424417 ], [ 6157103.062262784689665, 2080783.831621042685583 ], [ 6157085.319601892493665, 2080792.223274675197899 ], [ 6157068.484902652911842, 2080802.313605084549636 ], [ 6157052.720292424783111, 2080814.005436872364953 ], [ 6157038.177593019790947, 2080827.186171307694167 ], [ 6157024.996858584694564, 2080841.728870712220669 ], [ 6157013.305026796646416, 2080857.493480941047892 ], [ 6157003.214696387760341, 2080874.328180179698393 ], [ 6156994.823042755015194, 2080892.070841071894392 ], [ 6156988.210882110521197, 2080910.550592093961313 ], [ 6156983.441893176175654, 2080929.589463141746819 ], [ 6156980.562003922648728, 2080949.004099478945136 ], [ 6156979.598949257284403, 2080968.607527544954792 ], [ 6156980.562003922648728, 2080988.210955610964447 ], [ 6156983.441893176175654, 2081007.625591948162764 ], [ 6156988.210882110521197, 2081026.66446299594827 ], [ 6156994.823042755015194, 2081045.144214018015191 ], [ 6157003.214696387760341, 2081062.886874910211191 ], [ 6157013.305026796646416, 2081079.721574148861691 ], [ 6157024.996858584694564, 2081095.486184377688915 ], [ 6157038.177593019790947, 2081110.028883782215416 ], [ 6157052.720292424783111, 2081123.20961821754463 ], [ 6157068.484902652911842, 2081134.901450005359948 ], [ 6157085.319601892493665, 2081144.991780414711684 ], [ 6157103.062262784689665, 2081153.383434047224 ], [ 6157121.542013806290925, 2081159.995594691485167 ], [ 6157140.580884854309261, 2081164.764583625597879 ], [ 6157159.995521191507578, 2081167.644472879357636 ], [ 6157179.598949257284403, 2081168.607527544954792 ], [ 6157199.202377323061228, 2081167.644472879357636 ], [ 6157218.617013660259545, 2081164.764583625597879 ], [ 6157237.655884708277881, 2081159.995594691485167 ], [ 6157256.135635729879141, 2081153.383434047224 ], [ 6157273.87829662207514, 2081144.991780414711684 ], [ 6157290.712995861656964, 2081134.901450005359948 ], [ 6157306.477606089785695, 2081123.20961821754463 ], [ 6157321.020305494777858, 2081110.028883782215416 ], [ 6157334.201039929874241, 2081095.486184377688915 ], [ 6157345.89287171792239, 2081079.721574148861691 ], [ 6157355.983202126808465, 2081062.886874910211191 ], [ 6157364.374855759553611, 2081045.144214018015191 ], [ 6157370.987016404047608, 2081026.66446299594827 ], [ 6157375.756005338393152, 2081007.625591948162764 ], [ 6157378.635894591920078, 2080988.210955610964447 ], [ 6157379.598949257284403, 2080968.607527544954792 ], [ 6157378.635894591920078, 2080949.004099478945136 ], [ 6157375.756005338393152, 2080929.589463141746819 ], [ 6157370.987016404047608, 2080910.550592093961313 ], [ 6157364.374855759553611, 2080892.070841071894392 ], [ 6157355.983202126808465, 2080874.328180179698393 ], [ 6157345.89287171792239, 2080857.493480941047892 ], [ 6157334.201039929874241, 2080841.728870712220669 ] ] ] ] } }
]
}
