{
"type": "FeatureCollection",
"name": "Tier1_buffers_halfmile_all",
"crs": { "type": "name", "properties": { "name": "urn:ogc:def:crs:EPSG::2227" } },
"features": [
{ "type": "Feature", "properties": { "parent_sta": "901109", "stop_id": "WOAK_1", "stop_name": "North Station Entrance / Exit", "stop_code": "WOAK_1", "stop_desc": "Pedestrian Access Point", "stop_lat": 37.80503, "stop_lon": -122.2953, "zone_id": "BA:79542", "stop_url": null, "tts_stop_n": null, "platform_c": null, "location_t": "2", "stop_timez": "America/Los_Angeles", "wheelchair": "0", "level_id": "mtc:12th-st-oakland-city-center-bart-street", "route_info": "{'route_id': None, 'route_type': None}" }, "geometry": { "type": "MultiPolygon", "coordinates": [ [ [ [ 6028575.81693269778043, 2036234.500834020785987 ], [ 6028331.88421920593828, 2036147.220313517609611 ], [ 6028080.571121376939118, 2036084.269659586250782 ], [ 6027824.297921724617481, 2036046.255121436202899 ], [ 6027565.532671254128218, 2036033.542799850692973 ], [ 6027306.767420783638954, 2036046.255121436202899 ], [ 6027050.494221131317317, 2036084.269659586250782 ], [ 6026799.181123302318156, 2036147.220313517609611 ], [ 6026555.248409810476005, 2036234.500834020785987 ], [ 6026427.843872679397464, 2036294.758692372590303 ], [ 6026286.780061995610595, 2036330.093337503727525 ], [ 6026042.847348503768444, 2036417.373858006903902 ], [ 6025808.644224726594985, 2036528.143685957184061 ], [ 6025586.426194775849581, 2036661.33604735811241 ], [ 6025378.333339755423367, 2036815.668226959183812 ], [ 6025186.369707615114748, 2036989.653921504272148 ], [ 6025012.384013069793582, 2037181.617553644813597 ], [ 6024858.051833468489349, 2037389.71040866500698 ], [ 6024827.160343860276043, 2037441.249745386652648 ], [ 6024747.183348082005978, 2037549.086240863194689 ], [ 6024613.990986681543291, 2037771.304270814405754 ], [ 6024503.22115873079747, 2038005.507394591113552 ], [ 6024415.940638228319585, 2038249.440108083188534 ], [ 6024352.989984296262264, 2038500.753205912420526 ], [ 6024314.97544614598155, 2038757.026405564974993 ], [ 6024302.263124560937285, 2039015.791656034998596 ], [ 6024314.97544614598155, 2039274.556906505022198 ], [ 6024352.989984296262264, 2039530.830106157576665 ], [ 6024415.940638228319585, 2039782.143203986808658 ], [ 6024503.22115873079747, 2040026.075917478883639 ], [ 6024613.990986681543291, 2040260.279041255591437 ], [ 6024747.183348082005978, 2040482.497071206802502 ], [ 6024901.515527683310211, 2040690.589926226995885 ], [ 6025075.501222228631377, 2040882.553558367537335 ], [ 6025267.464854368939996, 2041056.53925291262567 ], [ 6025475.55770938936621, 2041210.871432513697073 ], [ 6025497.098254485055804, 2041223.782338382909074 ], [ 6025538.467126212082803, 2041254.463584698038176 ], [ 6025760.685156162828207, 2041387.655946098966524 ], [ 6025994.888279940001667, 2041498.425774049246684 ], [ 6026238.820993431843817, 2041585.70629455242306 ], [ 6026490.134091260842979, 2041648.656948483781889 ], [ 6026746.407290913164616, 2041686.671486633829772 ], [ 6027005.172541383653879, 2041699.383808219339699 ], [ 6027263.937791854143143, 2041686.671486633829772 ], [ 6027520.210991506464779, 2041648.656948483781889 ], [ 6027771.524089335463941, 2041585.70629455242306 ], [ 6028015.456802827306092, 2041498.425774049246684 ], [ 6028249.659926604479551, 2041387.655946098966524 ], [ 6028471.877956555224955, 2041254.463584698038176 ], [ 6028517.674078721553087, 2041220.498865676112473 ], [ 6028588.992043863981962, 2041177.75252241268754 ], [ 6028645.628787237219512, 2041135.747850751038641 ], [ 6028834.211229795590043, 2041046.55499806930311 ], [ 6029056.429259746335447, 2040913.362636668374762 ], [ 6029264.522114766761661, 2040759.03045706730336 ], [ 6029456.485746907070279, 2040585.044762522215024 ], [ 6029630.471441452391446, 2040393.081130381673574 ], [ 6029784.803621053695679, 2040184.988275361480191 ], [ 6029917.995982454158366, 2039962.770245410269126 ], [ 6030028.765810404904187, 2039728.567121633561328 ], [ 6030116.046330907382071, 2039484.634408141486347 ], [ 6030178.996984839439392, 2039233.321310312254354 ], [ 6030217.011522989720106, 2038977.048110659699887 ], [ 6030229.723844574764371, 2038718.282860189676285 ], [ 6030217.011522989720106, 2038459.517609719652683 ], [ 6030178.996984839439392, 2038203.244410067098215 ], [ 6030116.046330907382071, 2037951.931312237866223 ], [ 6030028.765810404904187, 2037707.998598745791242 ], [ 6029917.995982454158366, 2037473.795474969083443 ], [ 6029903.626066382043064, 2037449.820718410657719 ], [ 6029893.804809133522213, 2037429.055414630100131 ], [ 6029760.612447733059525, 2037206.837384678889066 ], [ 6029606.280268131755292, 2036998.744529658695683 ], [ 6029432.294573586434126, 2036806.780897518154234 ], [ 6029240.330941446125507, 2036632.795202973065898 ], [ 6029032.238086425699294, 2036478.463023371994495 ], [ 6028810.02005647495389, 2036345.270661971066147 ], [ 6028575.81693269778043, 2036234.500834020785987 ] ] ], [ [ [ 6016938.738153468817472, 2044073.327748464886099 ], [ 6016730.645298448391259, 2043918.995568863814697 ], [ 6016508.427268497645855, 2043785.803207462886348 ], [ 6016274.224144720472395, 2043675.033379512606189 ], [ 6016030.291431228630245, 2043587.752859009429812 ], [ 6015778.978333399631083, 2043524.802205078070983 ], [ 6015522.705133747309446, 2043486.7876669280231 ], [ 6015263.939883276820183, 2043474.075345342513174 ], [ 6015005.174632806330919, 2043486.7876669280231 ], [ 6014748.901433154009283, 2043524.802205078070983 ], [ 6014497.588335325010121, 2043587.752859009429812 ], [ 6014253.65562183316797, 2043675.033379512606189 ], [ 6014019.452498055994511, 2043785.803207462886348 ], [ 6013797.234468105249107, 2043918.995568863814697 ], [ 6013589.141613084822893, 2044073.327748464886099 ], [ 6013397.177980944514275, 2044247.313443009974435 ], [ 6013223.192286399193108, 2044439.277075150515884 ], [ 6013136.388133178465068, 2044556.318926810985431 ], [ 6013102.799374274909496, 2044593.378411356825382 ], [ 6012948.467194673605263, 2044801.471266377018765 ], [ 6012934.496936819516122, 2044824.779233482200652 ], [ 6012892.046142496168613, 2044871.616467353189364 ], [ 6012737.71396289486438, 2045079.709322373382747 ], [ 6012604.521601494401693, 2045301.927352324593812 ], [ 6012493.751773543655872, 2045536.13047610130161 ], [ 6012406.471253041177988, 2045780.063189593376592 ], [ 6012343.520599109120667, 2046031.376287422608584 ], [ 6012305.506060958839953, 2046287.649487075163051 ], [ 6012292.793739373795688, 2046546.414737545186654 ], [ 6012305.506060958839953, 2046805.179988015210256 ], [ 6012343.520599109120667, 2047061.453187667764723 ], [ 6012406.471253041177988, 2047312.766285496996716 ], [ 6012493.751773543655872, 2047556.698998989071697 ], [ 6012604.521601494401693, 2047790.902122765779495 ], [ 6012737.71396289486438, 2048013.12015271699056 ], [ 6012892.046142496168613, 2048221.213007737183943 ], [ 6013066.03183704148978, 2048413.176639877725393 ], [ 6013257.995469181798398, 2048587.162334422813728 ], [ 6013466.088324202224612, 2048741.494514023885131 ], [ 6013688.306354152970016, 2048874.686875424813479 ], [ 6013922.509477930143476, 2048985.456703375093639 ], [ 6014166.442191421985626, 2049072.737223878270015 ], [ 6014417.755289250984788, 2049135.687877809628844 ], [ 6014453.662947865203023, 2049141.014275810215622 ], [ 6014686.892117026261985, 2049199.435141421388835 ], [ 6014943.165316678583622, 2049237.449679571436718 ], [ 6015201.930567149072886, 2049250.162001156946644 ], [ 6015460.695817619562149, 2049237.449679571436718 ], [ 6015716.969017271883786, 2049199.435141421388835 ], [ 6015968.282115100882947, 2049136.484487490030006 ], [ 6016212.214828592725098, 2049049.203966986853629 ], [ 6016446.417952369898558, 2048938.43413903657347 ], [ 6016668.635982320643961, 2048805.241777635645121 ], [ 6016876.728837341070175, 2048650.909598034573719 ], [ 6017068.692469481378794, 2048476.923903489485383 ], [ 6017242.67816402669996, 2048284.960271348943934 ], [ 6017397.010343628004193, 2048076.867416328750551 ], [ 6017530.20270502846688, 2047854.649386377539486 ], [ 6017640.972532979212701, 2047620.446262600831687 ], [ 6017728.253053481690586, 2047376.513549108756706 ], [ 6017791.203707413747907, 2047125.200451279524714 ], [ 6017829.218245564028621, 2046868.927251626970246 ], [ 6017838.01973591838032, 2046689.768799668410793 ], [ 6017853.213023541495204, 2046629.113795465091243 ], [ 6017891.227561691775918, 2046372.840595812536776 ], [ 6017903.939883276820183, 2046114.075345342513174 ], [ 6017891.227561691775918, 2045855.310094872489572 ], [ 6017853.213023541495204, 2045599.036895219935104 ], [ 6017790.262369609437883, 2045347.723797390703112 ], [ 6017702.981849106959999, 2045103.791083898628131 ], [ 6017592.212021156214178, 2044869.587960121920332 ], [ 6017459.019659755751491, 2044647.369930170709267 ], [ 6017304.687480154447258, 2044439.277075150515884 ], [ 6017130.701785609126091, 2044247.313443009974435 ], [ 6016938.738153468817472, 2044073.327748464886099 ] ] ], [ [ [ 6005303.239140773192048, 2058036.491897489177063 ], [ 6005309.081557425670326, 2058155.417020509019494 ], [ 6005102.831079445779324, 2058308.382800171384588 ], [ 6004910.867447305470705, 2058482.368494716472924 ], [ 6004736.881752760149539, 2058674.332126857014373 ], [ 6004582.549573158845305, 2058882.424981877207756 ], [ 6004449.357211758382618, 2059104.643011828418821 ], [ 6004338.587383807636797, 2059338.846135605126619 ], [ 6004251.306863305158913, 2059582.778849097201601 ], [ 6004188.356209373101592, 2059834.091946926433593 ], [ 6004150.341671222820878, 2060090.36514657898806 ], [ 6004137.629349637776613, 2060349.130397049011663 ], [ 6004150.341671222820878, 2060607.895647519035265 ], [ 6004188.356209373101592, 2060864.168847171589732 ], [ 6004251.306863305158913, 2061115.481945000821725 ], [ 6004338.587383807636797, 2061359.414658492896706 ], [ 6004449.357211758382618, 2061593.617782269604504 ], [ 6004582.549573158845305, 2061815.835812220815569 ], [ 6004736.881752760149539, 2062023.928667241008952 ], [ 6004910.867447305470705, 2062215.892299381550401 ], [ 6004949.000739943236113, 2062250.454301209421828 ], [ 6004978.999831221066415, 2062283.553197860717773 ], [ 6005170.963463361375034, 2062457.538892405806109 ], [ 6005379.056318381801248, 2062611.871072006877512 ], [ 6005601.274348332546651, 2062745.06343340780586 ], [ 6005835.477472109720111, 2062855.83326135808602 ], [ 6006079.410185601562262, 2062943.113781861262396 ], [ 6006330.723283430561423, 2063006.064435792621225 ], [ 6006586.99648308288306, 2063044.078973942669109 ], [ 6006845.761733553372324, 2063056.791295528179035 ], [ 6007104.526984023861587, 2063044.078973942669109 ], [ 6007360.800183676183224, 2063006.064435792621225 ], [ 6007612.113281505182385, 2062943.113781861262396 ], [ 6007856.045994997024536, 2062855.83326135808602 ], [ 6008090.249118774197996, 2062745.06343340780586 ], [ 6008312.467148724943399, 2062611.871072006877512 ], [ 6008520.560003745369613, 2062457.538892405806109 ], [ 6008712.523635885678232, 2062283.553197860717773 ], [ 6008886.509330430999398, 2062091.589565720176324 ], [ 6008890.310749122872949, 2062086.463945963885635 ], [ 6008922.065092174336314, 2062051.428427415899932 ], [ 6009076.397271775640547, 2061843.335572395706549 ], [ 6009209.589633176103234, 2061621.117542444495484 ], [ 6009320.359461126849055, 2061386.914418667787686 ], [ 6009407.63998162932694, 2061142.981705175712705 ], [ 6009470.590635561384261, 2060891.668607346480712 ], [ 6009478.05188650265336, 2060841.368939243257046 ], [ 6009480.080223795957863, 2060833.271362858358771 ], [ 6009518.094761946238577, 2060576.998163205804303 ], [ 6009530.807083531282842, 2060318.232912735780701 ], [ 6009524.889202244579792, 2060197.771671786205843 ], [ 6009664.630079519934952, 2060094.132773818215355 ], [ 6009796.925956191495061, 2059974.22678052354604 ], [ 6009831.909814890474081, 2059948.280982609139755 ], [ 6010023.8734470307827, 2059774.295288064051419 ], [ 6010197.859141576103866, 2059582.33165592350997 ], [ 6010352.191321177408099, 2059374.238800903316587 ], [ 6010485.383682577870786, 2059152.020770952105522 ], [ 6010596.153510528616607, 2058917.817647175397724 ], [ 6010683.434031031094491, 2058673.884933683322743 ], [ 6010746.384684963151813, 2058422.57183585409075 ], [ 6010764.037472917698324, 2058303.566406037891284 ], [ 6010771.133168034255505, 2058288.56381921004504 ], [ 6010773.872182684019208, 2058283.994049344677478 ], [ 6010884.642010634765029, 2058049.79092556796968 ], [ 6010971.922531137242913, 2057805.858212075894699 ], [ 6011034.873185069300234, 2057554.545114246662706 ], [ 6011072.887723219580948, 2057298.271914594108239 ], [ 6011085.600044804625213, 2057039.506664124084637 ], [ 6011072.887723219580948, 2056780.741413654061034 ], [ 6011034.873185069300234, 2056524.468214001506567 ], [ 6010971.922531137242913, 2056273.155116172274575 ], [ 6010884.642010634765029, 2056029.222402680199593 ], [ 6010773.872182684019208, 2055795.019278903491795 ], [ 6010640.679821283556521, 2055572.80124895228073 ], [ 6010486.347641682252288, 2055364.708393932087347 ], [ 6010312.361947136931121, 2055172.744761791545898 ], [ 6010120.398314996622503, 2054998.759067246457562 ], [ 6009912.305459976196289, 2054844.426887645386159 ], [ 6009690.087430025450885, 2054711.234526244457811 ], [ 6009455.884306248277426, 2054600.464698294177651 ], [ 6009211.951592756435275, 2054513.184177791001275 ], [ 6008960.638494927436113, 2054450.233523859642446 ], [ 6008704.365295275114477, 2054412.218985709594563 ], [ 6008445.600044804625213, 2054399.506664124084637 ], [ 6008186.83479433413595, 2054412.218985709594563 ], [ 6008153.782462045550346, 2054417.121836059959605 ], [ 6007997.924620124511421, 2054424.778640845557675 ], [ 6007741.651420472189784, 2054462.793178995605558 ], [ 6007490.338322643190622, 2054525.743832926964387 ], [ 6007246.405609151348472, 2054613.024353430140764 ], [ 6007012.202485374175012, 2054723.794181380420923 ], [ 6006789.984455423429608, 2054856.986542781349272 ], [ 6006581.891600403003395, 2055011.318722382420674 ], [ 6006389.927968262694776, 2055185.30441692750901 ], [ 6006215.94227371737361, 2055377.268049068050459 ], [ 6006061.610094116069376, 2055585.360904088243842 ], [ 6005928.417732715606689, 2055807.578934039454907 ], [ 6005817.647904764860868, 2056041.782057816162705 ], [ 6005730.367384262382984, 2056285.714771308237687 ], [ 6005667.416730330325663, 2056537.027869137469679 ], [ 6005645.179058438166976, 2056686.94207580643706 ], [ 6005587.420564617961645, 2056809.06215062760748 ], [ 6005526.898901048116386, 2056978.208868987392634 ], [ 6005504.197174943052232, 2057026.20763604529202 ], [ 6005416.916654440574348, 2057270.140349537367001 ], [ 6005353.966000508517027, 2057521.453447366598994 ], [ 6005315.951462358236313, 2057777.726647019153461 ], [ 6005303.239140773192048, 2058036.491897489177063 ] ] ], [ [ [ 6009569.165593111887574, 2063743.164419578388333 ], [ 6009453.683638392947614, 2063737.49115493777208 ], [ 6009194.918387922458351, 2063750.203476523282006 ], [ 6008938.645188270136714, 2063788.21801467332989 ], [ 6008687.332090441137552, 2063851.168668604688719 ], [ 6008443.399376949295402, 2063938.449189107865095 ], [ 6008209.196253172121942, 2064049.219017058145255 ], [ 6007986.978223221376538, 2064182.411378459073603 ], [ 6007778.885368200950325, 2064336.743558060145006 ], [ 6007586.921736060641706, 2064510.729252605233341 ], [ 6007412.936041515320539, 2064702.692884745774791 ], [ 6007258.603861914016306, 2064910.785739765968174 ], [ 6007125.411500513553619, 2065133.003769717179239 ], [ 6007014.641672562807798, 2065367.206893493887037 ], [ 6006927.361152060329914, 2065611.139606985962018 ], [ 6006864.410498128272593, 2065862.452704815194011 ], [ 6006826.395959977991879, 2066118.725904467748478 ], [ 6006813.683638392947614, 2066377.49115493777208 ], [ 6006826.395959977991879, 2066636.256405407795683 ], [ 6006864.410498128272593, 2066892.52960506035015 ], [ 6006927.361152060329914, 2067143.842702889582142 ], [ 6007014.641672562807798, 2067387.775416381657124 ], [ 6007125.411500513553619, 2067621.978540158364922 ], [ 6007258.603861914016306, 2067844.196570109575987 ], [ 6007412.936041515320539, 2068052.28942512976937 ], [ 6007586.921736060641706, 2068244.253057270310819 ], [ 6007778.885368200950325, 2068418.238751815399155 ], [ 6007986.978223221376538, 2068572.570931416470557 ], [ 6008209.196253172121942, 2068705.763292817398906 ], [ 6008286.517431505024433, 2068742.333486599382013 ], [ 6008410.158772722817957, 2068854.395466185640544 ], [ 6008618.251627743244171, 2069008.727645786711946 ], [ 6008840.469657693989575, 2069141.920007187640294 ], [ 6009074.672781471163034, 2069252.689835137920454 ], [ 6009318.605494963005185, 2069339.97035564109683 ], [ 6009569.918592792004347, 2069402.92100957245566 ], [ 6009826.191792444325984, 2069440.935547722503543 ], [ 6010084.957042914815247, 2069453.647869308013469 ], [ 6010343.722293385304511, 2069440.935547722503543 ], [ 6010599.995493037626147, 2069402.92100957245566 ], [ 6010851.308590866625309, 2069339.97035564109683 ], [ 6011095.24130435846746, 2069252.689835137920454 ], [ 6011329.444428135640919, 2069141.920007187640294 ], [ 6011551.662458086386323, 2069008.727645786711946 ], [ 6011759.755313106812537, 2068854.395466185640544 ], [ 6011951.718945247121155, 2068680.409771640552208 ], [ 6012125.704639792442322, 2068488.446139500010759 ], [ 6012280.036819393746555, 2068280.353284479817376 ], [ 6012413.229180794209242, 2068058.13525452860631 ], [ 6012523.999008744955063, 2067823.932130751898512 ], [ 6012611.279529247432947, 2067579.999417259823531 ], [ 6012674.230183179490268, 2067328.686319430591539 ], [ 6012712.244721329770982, 2067072.413119778037071 ], [ 6012724.957042914815247, 2066813.647869308013469 ], [ 6012712.244721329770982, 2066554.882618837989867 ], [ 6012674.230183179490268, 2066298.609419185435399 ], [ 6012611.279529247432947, 2066047.296321356203407 ], [ 6012590.730773817747831, 2065989.866397222271189 ], [ 6012587.610301337204874, 2065968.829880511853844 ], [ 6012524.659647405147552, 2065717.516782682621852 ], [ 6012437.379126902669668, 2065473.58406919054687 ], [ 6012326.609298951923847, 2065239.380945413839072 ], [ 6012193.41693755146116, 2065017.162915462628007 ], [ 6012039.084757950156927, 2064809.070060442434624 ], [ 6011865.099063404835761, 2064617.106428301893175 ], [ 6011673.135431264527142, 2064443.120733756804839 ], [ 6011465.042576244100928, 2064288.788554155733436 ], [ 6011242.824546293355525, 2064155.596192754805088 ], [ 6011173.147018440999091, 2064122.641176409553736 ], [ 6011041.444310466758907, 2064043.701611146098003 ], [ 6010807.241186689585447, 2063932.931783195817843 ], [ 6010563.308473197743297, 2063845.651262692641467 ], [ 6010311.995375368744135, 2063782.700608761282638 ], [ 6010055.722175716422498, 2063744.686070611234754 ], [ 6009796.956925245933235, 2063731.973749025724828 ], [ 6009569.165593111887574, 2063743.164419578388333 ] ] ], [ [ [ 5998482.066023056395352, 2067529.58438491425477 ], [ 5998230.75292522739619, 2067592.535038845613599 ], [ 5997986.820211735554039, 2067679.815559348789975 ], [ 5997752.61708795838058, 2067790.585387299070135 ], [ 5997530.399058007635176, 2067923.777748699998483 ], [ 5997322.306202987208962, 2068078.109928301069885 ], [ 5997130.342570846900344, 2068252.095622846158221 ], [ 5996956.356876301579177, 2068444.059254986699671 ], [ 5996802.024696700274944, 2068652.152110006893054 ], [ 5996668.832335299812257, 2068874.370139958104119 ], [ 5996558.062507349066436, 2069108.573263734811917 ], [ 5996470.781986846588552, 2069352.505977226886898 ], [ 5996407.831332914531231, 2069603.819075056118891 ], [ 5996369.816794764250517, 2069860.092274708673358 ], [ 5996357.104473179206252, 2070118.85752517869696 ], [ 5996369.816794764250517, 2070377.622775648720562 ], [ 5996407.831332914531231, 2070633.89597530127503 ], [ 5996470.781986846588552, 2070885.209073130507022 ], [ 5996558.062507349066436, 2071129.141786622582003 ], [ 5996567.718629017472267, 2071149.557940553640947 ], [ 5996596.005753177218139, 2071228.615156452404335 ], [ 5996706.77558112796396, 2071462.818280229112133 ], [ 5996839.967942528426647, 2071685.036310180323198 ], [ 5996994.30012212973088, 2071893.129165200516582 ], [ 5997168.285816675052047, 2072085.092797341058031 ], [ 5997360.249448815360665, 2072259.078491886146367 ], [ 5997568.342303835786879, 2072413.410671487217769 ], [ 5997790.560333786532283, 2072546.603032888146117 ], [ 5998024.763457563705742, 2072657.372860838426277 ], [ 5998268.696171055547893, 2072744.653381341602653 ], [ 5998520.009268884547055, 2072807.604035272961482 ], [ 5998776.282468536868691, 2072845.618573423009366 ], [ 5999035.047719007357955, 2072858.330895008519292 ], [ 5999293.812969477847219, 2072845.618573423009366 ], [ 5999550.086169130168855, 2072807.604035272961482 ], [ 5999801.399266959168017, 2072744.653381341602653 ], [ 6000045.331980451010168, 2072657.372860838426277 ], [ 6000279.535104228183627, 2072546.603032888146117 ], [ 6000501.753134178929031, 2072413.410671487217769 ], [ 6000709.845989199355245, 2072259.078491886146367 ], [ 6000712.256221694871783, 2072256.89398448728025 ], [ 6000737.232602920383215, 2072238.370237707393244 ], [ 6000929.196235060691833, 2072064.384543162304908 ], [ 6000936.401405367068946, 2072056.434862783411518 ], [ 6000955.419822944328189, 2072039.197573852725327 ], [ 6001129.405517489649355, 2071847.233941712183878 ], [ 6001283.737697090953588, 2071639.141086691990495 ], [ 6001416.930058491416276, 2071416.92305674077943 ], [ 6001527.699886442162097, 2071182.719932964071631 ], [ 6001614.980406944639981, 2070938.78721947199665 ], [ 6001677.931060876697302, 2070687.474121642764658 ], [ 6001715.945599026978016, 2070431.20092199021019 ], [ 6001728.657920612022281, 2070172.435671520186588 ], [ 6001715.945599026978016, 2069913.670421050162986 ], [ 6001677.931060876697302, 2069657.397221397608519 ], [ 6001614.980406944639981, 2069406.084123568376526 ], [ 6001527.699886442162097, 2069162.151410076301545 ], [ 6001416.930058491416276, 2068927.948286299593747 ], [ 6001283.737697090953588, 2068705.730256348382682 ], [ 6001129.405517489649355, 2068497.637401328189299 ], [ 6000955.419822944328189, 2068305.673769187647849 ], [ 6000763.45619080401957, 2068131.688074642559513 ], [ 6000555.363335783593357, 2067977.355895041488111 ], [ 6000333.145305832847953, 2067844.163533640559763 ], [ 6000322.886179879307747, 2067839.311328432988375 ], [ 6000241.591858400031924, 2067790.585387299070135 ], [ 6000007.388734622858465, 2067679.815559348789975 ], [ 5999763.456021131016314, 2067592.535038845613599 ], [ 5999512.142923302017152, 2067529.58438491425477 ], [ 5999255.869723649695516, 2067491.569846764206886 ], [ 5998997.104473179206252, 2067478.85752517869696 ], [ 5998738.339222708716989, 2067491.569846764206886 ], [ 5998482.066023056395352, 2067529.58438491425477 ] ] ], [ [ [ 5992998.720303867943585, 2074730.854453485924751 ], [ 5992747.407206038944423, 2074667.903799554565921 ], [ 5992491.134006386622787, 2074629.889261404518038 ], [ 5992232.368755916133523, 2074617.176939819008112 ], [ 5991973.603505445644259, 2074629.889261404518038 ], [ 5991717.330305793322623, 2074667.903799554565921 ], [ 5991466.017207964323461, 2074730.854453485924751 ], [ 5991222.08449447248131, 2074818.134973989101127 ], [ 5990987.881370695307851, 2074928.904801939381287 ], [ 5990765.663340744562447, 2075062.097163340309635 ], [ 5990557.570485724136233, 2075216.429342941381037 ], [ 5990365.606853583827615, 2075390.415037486469373 ], [ 5990191.621159038506448, 2075582.378669627010822 ], [ 5990037.288979437202215, 2075790.471524647204205 ], [ 5989904.096618036739528, 2076012.68955459841527 ], [ 5989793.326790085993707, 2076246.892678375123069 ], [ 5989706.046269583515823, 2076490.82539186719805 ], [ 5989643.095615651458502, 2076742.138489696430042 ], [ 5989605.081077501177788, 2076998.41168934898451 ], [ 5989592.368755916133523, 2077257.176939819008112 ], [ 5989605.081077501177788, 2077515.942190289031714 ], [ 5989643.095615651458502, 2077772.215389941586182 ], [ 5989706.046269583515823, 2078023.528487770818174 ], [ 5989793.326790085993707, 2078267.461201262893155 ], [ 5989904.096618036739528, 2078501.664325039600953 ], [ 5990037.288979437202215, 2078723.882354990812019 ], [ 5990191.621159038506448, 2078931.975210011005402 ], [ 5990365.606853583827615, 2079123.938842151546851 ], [ 5990557.570485724136233, 2079297.924536696635187 ], [ 5990729.444719277322292, 2079425.395155901554972 ], [ 5990832.859547182917595, 2079539.495835464680567 ], [ 5990837.769314659759402, 2079543.94578931806609 ], [ 5990927.656537832692266, 2079643.121057079872116 ], [ 5991119.620169973000884, 2079817.106751624960452 ], [ 5991327.713024993427098, 2079971.438931226031855 ], [ 5991549.931054944172502, 2080104.631292626960203 ], [ 5991784.134178721345961, 2080215.401120577240363 ], [ 5992028.066892213188112, 2080302.681641080416739 ], [ 5992279.379990042187274, 2080365.632295011775568 ], [ 5992535.65318969450891, 2080403.646833161823452 ], [ 5992794.418440164998174, 2080416.359154747333378 ], [ 5993053.183690635487437, 2080403.646833161823452 ], [ 5993309.456890287809074, 2080365.632295011775568 ], [ 5993560.769988116808236, 2080302.681641080416739 ], [ 5993804.702701608650386, 2080215.401120577240363 ], [ 5994038.905825385823846, 2080104.631292626960203 ], [ 5994261.12385533656925, 2079971.438931226031855 ], [ 5994469.216710356995463, 2079817.106751624960452 ], [ 5994661.180342497304082, 2079643.121057079872116 ], [ 5994835.166037042625248, 2079451.157424939330667 ], [ 5994989.498216643929482, 2079243.064569919137284 ], [ 5995122.690578044392169, 2079020.846539967926219 ], [ 5995233.46040599513799, 2078786.643416191218421 ], [ 5995320.740926497615874, 2078542.71070269914344 ], [ 5995383.691580429673195, 2078291.397604869911447 ], [ 5995421.706118579953909, 2078035.12440521735698 ], [ 5995434.418440164998174, 2077776.359154747333378 ], [ 5995421.706118579953909, 2077517.593904277309775 ], [ 5995383.691580429673195, 2077261.320704624755308 ], [ 5995320.740926497615874, 2077010.007606795523316 ], [ 5995233.46040599513799, 2076766.074893303448334 ], [ 5995122.690578044392169, 2076531.871769526740536 ], [ 5994989.498216643929482, 2076309.653739575529471 ], [ 5994835.166037042625248, 2076101.560884555336088 ], [ 5994661.180342497304082, 2075909.597252414794639 ], [ 5994656.270575020462275, 2075905.147298561409116 ], [ 5994566.383351847529411, 2075805.97203079960309 ], [ 5994374.419719707220793, 2075631.986336254514754 ], [ 5994202.545486154034734, 2075504.515717049594969 ], [ 5994099.130658248439431, 2075390.415037486469373 ], [ 5993907.167026108130813, 2075216.429342941381037 ], [ 5993699.074171087704599, 2075062.097163340309635 ], [ 5993476.856141136959195, 2074928.904801939381287 ], [ 5993242.653017359785736, 2074818.134973989101127 ], [ 5992998.720303867943585, 2074730.854453485924751 ] ] ], [ [ [ 5992850.517802069894969, 2082973.170171824516729 ], [ 5992599.204704240895808, 2082910.219517893157899 ], [ 5992342.931504588574171, 2082872.204979743110016 ], [ 5992084.166254118084908, 2082859.49265815760009 ], [ 5991825.401003647595644, 2082872.204979743110016 ], [ 5991569.127803995274007, 2082910.219517893157899 ], [ 5991317.814706166274846, 2082973.170171824516729 ], [ 5991073.881992674432695, 2083060.450692327693105 ], [ 5990839.678868897259235, 2083171.220520277973264 ], [ 5990617.460838946513832, 2083304.412881678901613 ], [ 5990593.473151851445436, 2083322.203362916829064 ], [ 5990550.181302098557353, 2083348.15149907511659 ], [ 5990342.088447078131139, 2083502.483678676187992 ], [ 5990150.124814937822521, 2083676.469373221276328 ], [ 5989976.139120392501354, 2083868.433005361817777 ], [ 5989821.806940791197121, 2084076.52586038201116 ], [ 5989688.614579390734434, 2084298.743890333222225 ], [ 5989577.844751439988613, 2084532.947014109930024 ], [ 5989490.564230937510729, 2084776.879727602005005 ], [ 5989427.613577005453408, 2085028.192825431236997 ], [ 5989389.599038855172694, 2085284.466025083791465 ], [ 5989376.886717270128429, 2085543.231275553815067 ], [ 5989389.599038855172694, 2085801.996526023838669 ], [ 5989427.613577005453408, 2086058.269725676393136 ], [ 5989490.564230937510729, 2086309.582823505625129 ], [ 5989577.844751439988613, 2086553.51553699770011 ], [ 5989688.614579390734434, 2086787.718660774407908 ], [ 5989821.806940791197121, 2087009.936690725618973 ], [ 5989957.846758680418134, 2087193.365151168312877 ], [ 5989958.019311171025038, 2087193.653037606272846 ], [ 5990112.351490772329271, 2087401.74589262646623 ], [ 5990286.337185317650437, 2087593.709524767007679 ], [ 5990478.300817457959056, 2087767.695219312096015 ], [ 5990686.39367247838527, 2087922.027398913167417 ], [ 5990908.611702429130673, 2088055.219760314095765 ], [ 5991142.814826206304133, 2088165.989588264375925 ], [ 5991386.747539698146284, 2088253.270108767552301 ], [ 5991638.060637527145445, 2088316.22076269891113 ], [ 5991894.333837179467082, 2088354.235300848959014 ], [ 5992153.099087649956346, 2088366.94762243446894 ], [ 5992411.864338120445609, 2088354.235300848959014 ], [ 5992668.137537772767246, 2088316.22076269891113 ], [ 5992919.450635601766407, 2088253.270108767552301 ], [ 5993163.383349093608558, 2088165.989588264375925 ], [ 5993397.586472870782018, 2088055.219760314095765 ], [ 5993619.804502821527421, 2087922.027398913167417 ], [ 5993650.4190275631845, 2087899.322119914460927 ], [ 5993678.145744016394019, 2087882.703365625813603 ], [ 5993886.238599036820233, 2087728.371186024742201 ], [ 5994078.202231177128851, 2087554.385491479653865 ], [ 5994252.187925722450018, 2087362.421859339112416 ], [ 5994406.520105323754251, 2087154.329004318919033 ], [ 5994539.712466724216938, 2086932.110974367707968 ], [ 5994650.482294674962759, 2086697.90785059100017 ], [ 5994737.762815177440643, 2086453.975137098925188 ], [ 5994800.713469109497964, 2086202.662039269693196 ], [ 5994838.728007259778678, 2085946.388839617138728 ], [ 5994851.440328844822943, 2085687.623589147115126 ], [ 5994838.728007259778678, 2085428.858338677091524 ], [ 5994800.713469109497964, 2085172.585139024537057 ], [ 5994737.762815177440643, 2084921.272041195305064 ], [ 5994650.482294674962759, 2084677.339327703230083 ], [ 5994539.712466724216938, 2084443.136203926522285 ], [ 5994406.520105323754251, 2084220.91817397531122 ], [ 5994367.341414170339704, 2084168.091824220027775 ], [ 5994333.472342184744775, 2084111.584691425552592 ], [ 5994296.998373394832015, 2084062.405237607192248 ], [ 5994279.246030597016215, 2084032.787242985796183 ], [ 5994124.913850995711982, 2083824.6943879656028 ], [ 5993950.928156450390816, 2083632.730755825061351 ], [ 5993758.964524310082197, 2083458.745061279973015 ], [ 5993550.871669289655983, 2083304.412881678901613 ], [ 5993328.65363933891058, 2083171.220520277973264 ], [ 5993094.45051556173712, 2083060.450692327693105 ], [ 5992850.517802069894969, 2082973.170171824516729 ] ] ], [ [ [ 6013635.157378375530243, 2084465.276486144866794 ], [ 6013461.171683830209076, 2084273.312854004325345 ], [ 6013269.208051689900458, 2084099.327159459237009 ], [ 6013061.115196669474244, 2083944.994979858165607 ], [ 6012838.89716671872884, 2083811.802618457237259 ], [ 6012604.694042941555381, 2083701.032790506957099 ], [ 6012360.76132944971323, 2083613.752270003780723 ], [ 6012109.448231620714068, 2083550.801616072421893 ], [ 6011853.175031968392432, 2083512.78707792237401 ], [ 6011594.409781497903168, 2083500.074756336864084 ], [ 6011590.51968749333173, 2083500.265864400658756 ], [ 6011588.906298628076911, 2083500.186603688169271 ], [ 6011330.141048157587647, 2083512.898925273679197 ], [ 6011073.867848505266011, 2083550.91346342372708 ], [ 6010822.554750676266849, 2083613.864117355085909 ], [ 6010578.622037184424698, 2083701.144637858262286 ], [ 6010344.418913407251239, 2083811.914465808542445 ], [ 6010122.200883456505835, 2083945.106827209470794 ], [ 6009914.108028436079621, 2084099.439006810542196 ], [ 6009722.144396295771003, 2084273.424701355630532 ], [ 6009548.158701750449836, 2084465.388333496171981 ], [ 6009393.826522149145603, 2084673.481188516365364 ], [ 6009260.634160748682916, 2084895.699218467576429 ], [ 6009149.864332797937095, 2085129.902342244284227 ], [ 6009062.583812295459211, 2085373.835055736359209 ], [ 6008999.63315836340189, 2085625.148153565591201 ], [ 6008961.618620213121176, 2085881.421353218145669 ], [ 6008948.906298628076911, 2086140.186603688169271 ], [ 6008961.618620213121176, 2086398.951854158192873 ], [ 6008999.63315836340189, 2086655.22505381074734 ], [ 6009062.583812295459211, 2086906.538151639979333 ], [ 6009149.864332797937095, 2087150.470865132054314 ], [ 6009260.634160748682916, 2087384.673988908762112 ], [ 6009393.826522149145603, 2087606.892018859973177 ], [ 6009548.158701750449836, 2087814.98487388016656 ], [ 6009722.144396295771003, 2088006.94850602070801 ], [ 6009914.108028436079621, 2088180.934200565796345 ], [ 6010122.200883456505835, 2088335.266380166867748 ], [ 6010344.418913407251239, 2088468.458741567796096 ], [ 6010578.622037184424698, 2088579.228569518076256 ], [ 6010822.554750676266849, 2088666.509090021252632 ], [ 6011073.867848505266011, 2088729.459743952611461 ], [ 6011330.141048157587647, 2088767.474282102659345 ], [ 6011588.906298628076911, 2088780.186603688169271 ], [ 6011592.796392632648349, 2088779.995495624374598 ], [ 6011594.409781497903168, 2088780.074756336864084 ], [ 6011853.175031968392432, 2088767.362434751354158 ], [ 6012109.448231620714068, 2088729.347896601306275 ], [ 6012360.76132944971323, 2088666.397242669947445 ], [ 6012604.694042941555381, 2088579.116722166771069 ], [ 6012838.89716671872884, 2088468.346894216490909 ], [ 6013061.115196669474244, 2088335.154532815562561 ], [ 6013269.208051689900458, 2088180.822353214491159 ], [ 6013461.171683830209076, 2088006.836658669402823 ], [ 6013635.157378375530243, 2087814.873026528861374 ], [ 6013789.489557976834476, 2087606.780171508667991 ], [ 6013922.681919377297163, 2087384.562141557456926 ], [ 6014033.451747328042984, 2087150.359017780749127 ], [ 6014120.732267830520868, 2086906.426304288674146 ], [ 6014183.682921762578189, 2086655.113206459442154 ], [ 6014221.697459912858903, 2086398.840006806887686 ], [ 6014234.409781497903168, 2086140.074756336864084 ], [ 6014221.697459912858903, 2085881.309505866840482 ], [ 6014183.682921762578189, 2085625.036306214286014 ], [ 6014120.732267830520868, 2085373.723208385054022 ], [ 6014033.451747328042984, 2085129.790494892979041 ], [ 6013922.681919377297163, 2084895.587371116271242 ], [ 6013789.489557976834476, 2084673.369341165060177 ], [ 6013635.157378375530243, 2084465.276486144866794 ] ] ], [ [ [ 5999160.110335284844041, 2088262.220889333635569 ], [ 5998908.797237455844879, 2088199.270235402276739 ], [ 5998652.524037803523242, 2088161.255697252228856 ], [ 5998393.758787333033979, 2088148.54337566671893 ], [ 5998134.993536862544715, 2088161.255697252228856 ], [ 5997878.720337210223079, 2088199.270235402276739 ], [ 5997627.407239381223917, 2088262.220889333635569 ], [ 5997383.474525889381766, 2088349.501409836811945 ], [ 5997149.271402112208307, 2088460.271237787092105 ], [ 5996927.053372161462903, 2088593.463599188020453 ], [ 5996718.960517141036689, 2088747.795778789091855 ], [ 5996526.996885000728071, 2088921.781473334180191 ], [ 5996353.011190455406904, 2089113.74510547472164 ], [ 5996198.679010854102671, 2089321.837960494915023 ], [ 5996065.486649453639984, 2089544.055990446126089 ], [ 5995954.716821502894163, 2089778.259114222833887 ], [ 5995867.436301000416279, 2090022.191827714908868 ], [ 5995804.485647068358958, 2090273.50492554414086 ], [ 5995766.471108918078244, 2090529.778125196695328 ], [ 5995753.758787333033979, 2090788.54337566671893 ], [ 5995766.471108918078244, 2091047.308626136742532 ], [ 5995781.638933777809143, 2091149.561795520596206 ], [ 5995784.112090610899031, 2091199.904059372842312 ], [ 5995803.003329548984766, 2091327.258447552798316 ], [ 5995809.960337068885565, 2091468.871588894398883 ], [ 5995847.974875219166279, 2091725.14478854695335 ], [ 5995910.9255291512236, 2091976.457886376185343 ], [ 5995998.206049653701484, 2092220.390599868260324 ], [ 5996108.975877604447305, 2092454.593723644968122 ], [ 5996242.168239004909992, 2092676.811753596179187 ], [ 5996396.500418606214225, 2092884.90460861637257 ], [ 5996570.486113151535392, 2093076.86824075691402 ], [ 5996762.44974529184401, 2093250.853935302002355 ], [ 5996970.542600312270224, 2093405.186114903073758 ], [ 5997192.760630263015628, 2093538.378476304002106 ], [ 5997426.963754040189087, 2093649.148304254282266 ], [ 5997670.896467532031238, 2093736.428824757458642 ], [ 5997922.2095653610304, 2093799.379478688817471 ], [ 5998178.482765013352036, 2093837.394016838865355 ], [ 5998437.2480154838413, 2093850.106338424375281 ], [ 5998696.013265954330564, 2093837.394016838865355 ], [ 5998952.2864656066522, 2093799.379478688817471 ], [ 5998958.800143359228969, 2093797.747887348989025 ], [ 5999004.184743702411652, 2093791.015717837959528 ], [ 5999255.497841531410813, 2093728.065063906600699 ], [ 5999499.430555023252964, 2093640.784543403424323 ], [ 5999733.633678800426424, 2093530.014715453144163 ], [ 5999955.851708751171827, 2093396.822354052215815 ], [ 6000163.944563771598041, 2093242.490174451144412 ], [ 6000355.90819591190666, 2093068.504479906056076 ], [ 6000529.893890457227826, 2092876.540847765514627 ], [ 6000684.226070058532059, 2092668.447992745321244 ], [ 6000817.418431458994746, 2092446.229962794110179 ], [ 6000928.188259409740567, 2092212.026839017402381 ], [ 6001015.468779912218451, 2091968.094125525327399 ], [ 6001078.419433844275773, 2091716.781027696095407 ], [ 6001116.433971994556487, 2091460.50782804354094 ], [ 6001129.146293579600751, 2091201.742577573517337 ], [ 6001117.772487515583634, 2090970.223436450818554 ], [ 6001120.345329134725034, 2090917.852042159531265 ], [ 6001107.633007549680769, 2090659.086791689507663 ], [ 6001069.618469399400055, 2090402.813592036953196 ], [ 6001006.667815467342734, 2090151.500494207721204 ], [ 6000919.38729496486485, 2089907.567780715646222 ], [ 6000808.617467014119029, 2089673.364656938938424 ], [ 6000675.425105613656342, 2089451.146626987727359 ], [ 6000628.082501265220344, 2089387.312514565419406 ], [ 6000588.838563811965287, 2089321.837960494915023 ], [ 6000434.506384210661054, 2089113.74510547472164 ], [ 6000260.520689665339887, 2088921.781473334180191 ], [ 6000068.557057525031269, 2088747.795778789091855 ], [ 5999860.464202504605055, 2088593.463599188020453 ], [ 5999638.246172553859651, 2088460.271237787092105 ], [ 5999404.043048776686192, 2088349.501409836811945 ], [ 5999160.110335284844041, 2088262.220889333635569 ] ] ], [ [ [ 6004657.693108231760561, 2093737.147662568138912 ], [ 6004503.360928630456328, 2093529.054807547945529 ], [ 6004329.375234085135162, 2093337.09117540740408 ], [ 6004137.411601944826543, 2093163.105480862315744 ], [ 6003929.31874692440033, 2093008.773301261244342 ], [ 6003707.100716973654926, 2092875.580939860315993 ], [ 6003472.897593196481466, 2092764.811111910035834 ], [ 6003228.964879704639316, 2092677.530591406859457 ], [ 6002977.651781875640154, 2092614.579937475500628 ], [ 6002721.378582223318517, 2092576.565399325452745 ], [ 6002462.613331752829254, 2092563.853077739942819 ], [ 6002203.84808128233999, 2092576.565399325452745 ], [ 6001947.574881630018353, 2092614.579937475500628 ], [ 6001696.261783801019192, 2092677.530591406859457 ], [ 6001452.329070309177041, 2092764.811111910035834 ], [ 6001218.125946532003582, 2092875.580939860315993 ], [ 6000995.907916581258178, 2093008.773301261244342 ], [ 6000787.815061560831964, 2093163.105480862315744 ], [ 6000595.851429420523345, 2093337.09117540740408 ], [ 6000421.865734875202179, 2093529.054807547945529 ], [ 6000267.533555273897946, 2093737.147662568138912 ], [ 6000134.341193873435259, 2093959.365692519349977 ], [ 6000023.571365922689438, 2094193.568816296057776 ], [ 5999936.290845420211554, 2094437.501529788132757 ], [ 5999873.340191488154233, 2094688.814627617364749 ], [ 5999835.325653337873518, 2094945.087827269919217 ], [ 5999822.613331752829254, 2095203.853077739942819 ], [ 5999835.325653337873518, 2095462.618328209966421 ], [ 5999873.340191488154233, 2095718.891527862520888 ], [ 5999936.290845420211554, 2095970.204625691752881 ], [ 6000023.571365922689438, 2096214.137339183827862 ], [ 6000134.341193873435259, 2096448.34046296053566 ], [ 6000267.533555273897946, 2096670.558492911746725 ], [ 6000421.865734875202179, 2096878.651347931940109 ], [ 6000595.851429420523345, 2097070.614980072481558 ], [ 6000787.815061560831964, 2097244.600674617569894 ], [ 6000995.907916581258178, 2097398.932854218874127 ], [ 6001218.125946532003582, 2097532.125215619802475 ], [ 6001452.329070309177041, 2097642.895043569616973 ], [ 6001696.261783801019192, 2097730.17556407302618 ], [ 6001947.574881630018353, 2097793.12621800461784 ], [ 6002203.84808128233999, 2097831.140756154432893 ], [ 6002462.613331752829254, 2097843.853077739942819 ], [ 6002721.378582223318517, 2097831.140756154432893 ], [ 6002977.651781875640154, 2097793.12621800461784 ], [ 6003228.964879704639316, 2097730.17556407302618 ], [ 6003472.897593196481466, 2097642.895043569616973 ], [ 6003707.100716973654926, 2097532.125215619802475 ], [ 6003929.31874692440033, 2097398.932854218874127 ], [ 6004137.411601944826543, 2097244.600674617569894 ], [ 6004329.375234085135162, 2097070.614980072481558 ], [ 6004503.360928630456328, 2096878.651347931940109 ], [ 6004657.693108231760561, 2096670.558492911746725 ], [ 6004790.885469632223248, 2096448.34046296053566 ], [ 6004901.655297582969069, 2096214.137339183827862 ], [ 6004988.935818085446954, 2095970.204625691752881 ], [ 6005051.886472017504275, 2095718.891527862520888 ], [ 6005089.901010167784989, 2095462.618328209966421 ], [ 6005102.613331752829254, 2095203.853077739942819 ], [ 6005089.901010167784989, 2094945.087827269919217 ], [ 6005051.886472017504275, 2094688.814627617364749 ], [ 6004988.935818085446954, 2094437.501529788132757 ], [ 6004901.655297582969069, 2094193.568816296057776 ], [ 6004790.885469632223248, 2093959.365692519349977 ], [ 6004657.693108231760561, 2093737.147662568138912 ] ] ], [ [ [ 6007469.224386738613248, 2099356.203563313931227 ], [ 6007212.951187086291611, 2099318.189025164116174 ], [ 6006954.185936615802348, 2099305.476703578606248 ], [ 6006695.420686145313084, 2099318.189025164116174 ], [ 6006439.147486492991447, 2099356.203563313931227 ], [ 6006187.834388663992286, 2099419.154217245522887 ], [ 6005943.901675172150135, 2099506.434737748932093 ], [ 6005709.698551394976676, 2099617.204565698746592 ], [ 6005487.480521444231272, 2099750.39692709967494 ], [ 6005279.387666423805058, 2099904.729106700979173 ], [ 6005087.424034283496439, 2100078.71480124630034 ], [ 6004913.438339738175273, 2100270.678433386608958 ], [ 6004759.10616013687104, 2100478.771288407035172 ], [ 6004625.913798736408353, 2100700.989318357780576 ], [ 6004515.143970785662532, 2100935.192442134954035 ], [ 6004427.863450283184648, 2101179.125155626796186 ], [ 6004364.912796351127326, 2101430.438253455795348 ], [ 6004326.898258200846612, 2101686.711453108582646 ], [ 6004314.185936615802348, 2101945.476703578606248 ], [ 6004326.898258200846612, 2102204.24195404862985 ], [ 6004364.912796351127326, 2102460.515153701417148 ], [ 6004427.863450283184648, 2102711.82825153041631 ], [ 6004515.143970785662532, 2102955.760965022258461 ], [ 6004625.913798736408353, 2103189.96408879943192 ], [ 6004759.10616013687104, 2103412.182118750177324 ], [ 6004818.690679658204317, 2103492.522542985156178 ], [ 6004908.407714494504035, 2103642.206372633110732 ], [ 6005062.739894095808268, 2103850.299227653536946 ], [ 6005236.725588641129434, 2104042.262859793845564 ], [ 6005428.689220781438053, 2104216.248554339166731 ], [ 6005495.045539502054453, 2104265.461754366755486 ], [ 6005455.562849605455995, 2104284.135675944853574 ], [ 6005233.344819654710591, 2104417.328037345781922 ], [ 6005025.251964634284377, 2104571.660216947086155 ], [ 6004833.288332493975759, 2104745.645911492407322 ], [ 6004659.302637948654592, 2104937.60954363271594 ], [ 6004504.970458347350359, 2105145.702398653142154 ], [ 6004371.778096946887672, 2105367.920428603887558 ], [ 6004261.008268996141851, 2105602.123552381061018 ], [ 6004173.727748493663967, 2105846.056265872903168 ], [ 6004110.777094561606646, 2106097.36936370190233 ], [ 6004072.762556411325932, 2106353.642563354689628 ], [ 6004060.050234826281667, 2106612.40781382471323 ], [ 6004072.762556411325932, 2106871.173064294736832 ], [ 6004110.777094561606646, 2107127.44626394752413 ], [ 6004173.727748493663967, 2107378.759361776523292 ], [ 6004261.008268996141851, 2107622.692075268365443 ], [ 6004371.778096946887672, 2107856.895199045538902 ], [ 6004504.970458347350359, 2108079.113228996284306 ], [ 6004582.147086647339165, 2108183.173866028431803 ], [ 6004651.136069332249463, 2108298.275029933545738 ], [ 6004805.468248933553696, 2108506.367884953971952 ], [ 6004979.453943478874862, 2108698.331517094280571 ], [ 6005171.417575619183481, 2108872.317211639601737 ], [ 6005379.510430639609694, 2109026.64939124090597 ], [ 6005601.728460590355098, 2109159.841752641834319 ], [ 6005835.931584367528558, 2109270.611580591648817 ], [ 6006079.864297859370708, 2109357.892101095058024 ], [ 6006331.17739568836987, 2109420.842755026649684 ], [ 6006587.450595340691507, 2109458.857293176464736 ], [ 6006846.21584581118077, 2109471.569614761974663 ], [ 6007004.535743416287005, 2109463.791856936644763 ], [ 6006939.13292155507952, 2109502.99279975797981 ], [ 6006731.040066534653306, 2109657.324979359284043 ], [ 6006539.076434394344687, 2109831.31067390460521 ], [ 6006365.090739849023521, 2110023.274306044913828 ], [ 6006351.859752430580556, 2110041.114227400161326 ], [ 6006314.272369476035237, 2110082.58551372308284 ], [ 6006159.940189874731004, 2110290.678368743509054 ], [ 6006026.747828474268317, 2110512.896398694254458 ], [ 6005915.978000523522496, 2110747.099522471427917 ], [ 6005828.697480021044612, 2110991.032235963270068 ], [ 6005765.746826088987291, 2111242.34533379226923 ], [ 6005727.732287938706577, 2111498.618533445056528 ], [ 6005715.019966353662312, 2111757.38378391508013 ], [ 6005727.732287938706577, 2112016.149034385103732 ], [ 6005765.746826088987291, 2112272.42223403789103 ], [ 6005828.697480021044612, 2112523.735331866890192 ], [ 6005915.978000523522496, 2112767.668045358732343 ], [ 6006026.491729527711868, 2113001.329693406820297 ], [ 6006046.182758919894695, 2113056.362433856818825 ], [ 6006156.952586870640516, 2113290.565557633992285 ], [ 6006290.144948271103203, 2113512.783587584737688 ], [ 6006444.477127872407436, 2113720.876442605163902 ], [ 6006618.462822417728603, 2113912.840074745472521 ], [ 6006810.426454558037221, 2114086.825769290793687 ], [ 6007018.519309578463435, 2114241.15794889209792 ], [ 6007240.737339529208839, 2114374.350310293026268 ], [ 6007446.624550141394138, 2114471.72770871873945 ], [ 6007635.274790642783046, 2114584.800311408936977 ], [ 6007869.477914419956505, 2114695.570139358751476 ], [ 6007920.672957921400666, 2114713.888018826488405 ], [ 6007944.577396898530424, 2114753.770165826193988 ], [ 6007951.416578727774322, 2114772.884398555848747 ], [ 6008062.186406678520143, 2115007.087522333022207 ], [ 6008195.37876807898283, 2115229.305552283767611 ], [ 6008349.710947680287063, 2115437.398407304193825 ], [ 6008523.69664222560823, 2115629.362039444502443 ], [ 6008687.519513741135597, 2115777.842435263097286 ], [ 6008766.365071108564734, 2115884.153362645301968 ], [ 6008940.350765653885901, 2116076.116994785610586 ], [ 6009132.31439779419452, 2116250.102689330931753 ], [ 6009340.407252814620733, 2116404.434868932235986 ], [ 6009562.625282765366137, 2116537.627230333164334 ], [ 6009753.61990774422884, 2116627.960960332304239 ], [ 6009842.583550466224551, 2116776.38783117569983 ], [ 6009996.915730067528784, 2116984.480686196126044 ], [ 6010170.901424612849951, 2117176.444318336434662 ], [ 6010197.172838209196925, 2117200.255339675582945 ], [ 6010284.813828462734818, 2117346.475498191546649 ], [ 6010439.146008064039052, 2117554.568353211972862 ], [ 6010613.131702609360218, 2117746.531985352281481 ], [ 6010805.095334749668837, 2117920.517679897602648 ], [ 6011013.18818977009505, 2118074.849859498906881 ], [ 6011235.406219720840454, 2118208.042220899835229 ], [ 6011365.618482060730457, 2118269.628034375142306 ], [ 6011437.497535334900022, 2118348.934348480310291 ], [ 6011629.46116747520864, 2118522.920043025631458 ], [ 6011635.722155943512917, 2118527.56350854318589 ], [ 6011696.817719650454819, 2118594.972075365483761 ], [ 6011888.781351790763438, 2118768.957769910804927 ], [ 6011896.203324483707547, 2118774.462280012667179 ], [ 6011985.685826971195638, 2118873.191007310990244 ], [ 6012177.649459111504257, 2119047.176701856311411 ], [ 6012385.74231413193047, 2119201.508881457615644 ], [ 6012607.960344082675874, 2119334.701242858543992 ], [ 6012842.163467859849334, 2119445.47107080835849 ], [ 6013086.096181351691484, 2119532.751591311767697 ], [ 6013337.409279180690646, 2119595.702245243359357 ], [ 6013593.682478833012283, 2119633.71678339317441 ], [ 6013852.447729303501546, 2119646.429104978684336 ], [ 6014111.21297977399081, 2119633.71678339317441 ], [ 6014367.486179426312447, 2119595.702245243359357 ], [ 6014618.799277255311608, 2119532.751591311767697 ], [ 6014862.731990747153759, 2119445.47107080835849 ], [ 6015096.935114524327219, 2119334.701242858543992 ], [ 6015319.153144475072622, 2119201.508881457615644 ], [ 6015527.245999495498836, 2119047.176701856311411 ], [ 6015578.49631442129612, 2119000.726124011911452 ], [ 6015581.176306911744177, 2118998.73850611736998 ], [ 6015773.139939052052796, 2118824.752811572048813 ], [ 6015947.125633597373962, 2118632.789179431740195 ], [ 6016101.457813198678195, 2118424.696324411313981 ], [ 6016234.650174599140882, 2118202.478294460568577 ], [ 6016345.420002549886703, 2117968.275170683395118 ], [ 6016432.700523052364588, 2117724.342457191552967 ], [ 6016495.651176984421909, 2117473.029359362553805 ], [ 6016533.665715134702623, 2117216.756159709766507 ], [ 6016546.378036719746888, 2116957.990909239742905 ], [ 6016533.665715134702623, 2116699.225658769719303 ], [ 6016495.651176984421909, 2116442.952459116932005 ], [ 6016432.700523052364588, 2116191.639361287932843 ], [ 6016345.420002549886703, 2115947.706647796090692 ], [ 6016234.650174599140882, 2115713.503524018917233 ], [ 6016101.457813198678195, 2115491.285494068171829 ], [ 6015947.125633597373962, 2115283.192639047745615 ], [ 6015773.139939052052796, 2115091.229006907436997 ], [ 6015581.176306911744177, 2114917.24331236211583 ], [ 6015580.133589673787355, 2114916.469980552792549 ], [ 6015496.048635288141668, 2114823.696529871318489 ], [ 6015304.085003147833049, 2114649.710835325997323 ], [ 6015294.041702740825713, 2114642.26221609255299 ], [ 6015216.062829168513417, 2114556.225787406787276 ], [ 6015024.099197028204799, 2114382.24009286146611 ], [ 6014816.006342007778585, 2114227.907913260161877 ], [ 6014731.85630713775754, 2114177.470323390327394 ], [ 6014721.873787868767977, 2114160.815496172755957 ], [ 6014567.541608267463744, 2113952.722641152329743 ], [ 6014393.555913722142577, 2113760.759009012021124 ], [ 6014260.862767170183361, 2113640.492951286491007 ], [ 6014237.404203764162958, 2113614.610415092669427 ], [ 6014130.07801238913089, 2113517.335625377949327 ], [ 6014299.36203234270215, 2113509.019234761130065 ], [ 6014555.635231995023787, 2113471.004696611315012 ], [ 6014806.948329824022949, 2113408.054042679723352 ], [ 6015050.881043315865099, 2113320.773522176314145 ], [ 6015285.084167093038559, 2113210.003694226499647 ], [ 6015507.302197043783963, 2113076.811332825571299 ], [ 6015715.395052064210176, 2112922.479153224267066 ], [ 6015907.358684204518795, 2112748.493458678945899 ], [ 6015912.996892304159701, 2112742.272654673550278 ], [ 6015959.615376148372889, 2112700.020123817026615 ], [ 6016133.601070693694055, 2112508.056491676717997 ], [ 6016143.699237637221813, 2112494.440689741633832 ], [ 6016178.797601073980331, 2112455.715613262262195 ], [ 6016333.129780675284564, 2112247.622758241835982 ], [ 6016466.322142075747252, 2112025.404728291090578 ], [ 6016577.091970026493073, 2111791.201604513917118 ], [ 6016664.372490528970957, 2111547.268891022074968 ], [ 6016727.323144461028278, 2111295.955793193075806 ], [ 6016765.337682611308992, 2111039.682593540288508 ], [ 6016778.050004196353257, 2110780.917343070264906 ], [ 6016774.822382494807243, 2110715.21759402519092 ], [ 6016776.648145541548729, 2110678.053333443589509 ], [ 6016763.935823956504464, 2110419.288082973565906 ], [ 6016725.92128580622375, 2110163.014883320778608 ], [ 6016662.970631874166429, 2109911.701785491779447 ], [ 6016575.690111371688545, 2109667.769072 ], [ 6016464.920283420942724, 2109433.565948222763836 ], [ 6016331.727922020480037, 2109211.347918272018433 ], [ 6016177.395742419175804, 2109003.255063251592219 ], [ 6016003.410047873854637, 2108811.2914311112836 ], [ 6015811.446415733546019, 2108637.305736565962434 ], [ 6015603.353560713119805, 2108482.973556964658201 ], [ 6015381.135530762374401, 2108349.781195563729852 ], [ 6015146.932406985200942, 2108239.011367613915354 ], [ 6014902.999693493358791, 2108151.730847110506147 ], [ 6014651.686595664359629, 2108088.780193178914487 ], [ 6014395.413396012037992, 2108050.765655029099435 ], [ 6014136.648145541548729, 2108038.053333443589509 ], [ 6013877.882895071059465, 2108050.765655029099435 ], [ 6013621.609695418737829, 2108088.780193178914487 ], [ 6013370.296597589738667, 2108151.730847110506147 ], [ 6013126.363884097896516, 2108239.011367613915354 ], [ 6012892.160760320723057, 2108349.781195563729852 ], [ 6012669.942730369977653, 2108482.973556964658201 ], [ 6012461.849875349551439, 2108637.305736565962434 ], [ 6012269.886243209242821, 2108811.2914311112836 ], [ 6012171.153977346606553, 2108920.225699609611183 ], [ 6012121.383627163246274, 2108965.334915599320084 ], [ 6011947.397932617925107, 2109157.298547739628702 ], [ 6011793.065753016620874, 2109365.391402760054916 ], [ 6011659.873391616158187, 2109587.60943271080032 ], [ 6011549.103563665412366, 2109821.812556487973779 ], [ 6011461.823043162934482, 2110065.74526997981593 ], [ 6011398.872389230877161, 2110317.058367808815092 ], [ 6011360.857851080596447, 2110573.33156746160239 ], [ 6011348.145529495552182, 2110832.096817931625992 ], [ 6011359.492987779900432, 2111063.079637671820819 ], [ 6011309.020607241429389, 2111039.207979521714151 ], [ 6011276.561333188787103, 2110970.578610683325678 ], [ 6011143.368971788324416, 2110748.360580732580274 ], [ 6010989.036792187020183, 2110540.267725712154061 ], [ 6010815.051097641699016, 2110348.304093571845442 ], [ 6010632.114266241900623, 2110182.49981432268396 ], [ 6010549.644225804135203, 2110091.508146608248353 ], [ 6010357.680593663826585, 2109917.522452062927186 ], [ 6010336.501818208955228, 2109901.815201677381992 ], [ 6010272.600239058956504, 2109831.31067390460521 ], [ 6010080.636606918647885, 2109657.324979359284043 ], [ 6009872.543751898221672, 2109502.99279975797981 ], [ 6009650.325721947476268, 2109369.800438357051462 ], [ 6009416.122598170302808, 2109259.030610407236964 ], [ 6009172.189884678460658, 2109171.750089903827757 ], [ 6008920.876786849461496, 2109108.799435972236097 ], [ 6008664.603587197139859, 2109070.784897822421044 ], [ 6008405.838336726650596, 2109058.072576236911118 ], [ 6008264.482578121125698, 2109065.016939354129136 ], [ 6008373.088353268802166, 2108999.921142865903676 ], [ 6008581.18120828922838, 2108845.588963264599442 ], [ 6008773.144840429536998, 2108671.603268719278276 ], [ 6008947.130534974858165, 2108479.639636578969657 ], [ 6009101.462714576162398, 2108271.546781558543444 ], [ 6009234.655075976625085, 2108049.32875160779804 ], [ 6009345.424903927370906, 2107815.12562783062458 ], [ 6009432.70542442984879, 2107571.19291433878243 ], [ 6009495.656078361906111, 2107319.879816509783268 ], [ 6009533.670616512186825, 2107063.60661685699597 ], [ 6009546.38293809723109, 2106804.841366386972368 ], [ 6009533.670616512186825, 2106546.076115916948766 ], [ 6009495.656078361906111, 2106289.802916264161468 ], [ 6009432.70542442984879, 2106038.489818435162306 ], [ 6009345.424903927370906, 2105794.557104943320155 ], [ 6009234.655075976625085, 2105560.353981166146696 ], [ 6009101.462714576162398, 2105338.135951215401292 ], [ 6008947.130534974858165, 2105130.043096194975078 ], [ 6008773.144840429536998, 2104938.07946405466646 ], [ 6008594.350028240121901, 2104776.029292191378772 ], [ 6008566.812137158587575, 2104745.645911492407322 ], [ 6008374.848505018278956, 2104571.660216947086155 ], [ 6008308.492186297662556, 2104522.447016919497401 ], [ 6008347.974876194261014, 2104503.773095341399312 ], [ 6008570.192906145006418, 2104370.580733940470964 ], [ 6008570.475421722978354, 2104370.371206108015031 ], [ 6008633.037556889466941, 2104332.872905367054045 ], [ 6008841.130411909893155, 2104178.540725765749812 ], [ 6009033.094044050201774, 2104004.555031220428646 ], [ 6009207.07973859552294, 2103812.591399080120027 ], [ 6009361.411918196827173, 2103604.498544059693813 ], [ 6009494.60427959728986, 2103382.28051410894841 ], [ 6009605.374107548035681, 2103148.07739033177495 ], [ 6009692.654628050513566, 2102904.144676839932799 ], [ 6009755.605281982570887, 2102652.831579010933638 ], [ 6009793.619820132851601, 2102396.55837935814634 ], [ 6009806.332141717895865, 2102137.793128888122737 ], [ 6009793.619820132851601, 2101879.027878418099135 ], [ 6009755.605281982570887, 2101622.754678765311837 ], [ 6009692.654628050513566, 2101371.441580936312675 ], [ 6009605.374107548035681, 2101127.508867444470525 ], [ 6009494.60427959728986, 2100893.305743667297065 ], [ 6009361.411918196827173, 2100671.087713716551661 ], [ 6009207.07973859552294, 2100462.994858696125448 ], [ 6009033.094044050201774, 2100271.031226555816829 ], [ 6008841.130411909893155, 2100097.045532010495663 ], [ 6008830.244233014062047, 2100088.971791485790163 ], [ 6008820.947838948108256, 2100078.71480124630034 ], [ 6008628.984206807799637, 2099904.729106700979173 ], [ 6008420.891351787373424, 2099750.39692709967494 ], [ 6008198.67332183662802, 2099617.204565698746592 ], [ 6007964.47019805945456, 2099506.434737748932093 ], [ 6007720.53748456761241, 2099419.154217245522887 ], [ 6007469.224386738613248, 2099356.203563313931227 ] ] ], [ [ [ 6016737.432868182659149, 2102173.388528561685234 ], [ 6016563.447173637337983, 2101981.424896421376616 ], [ 6016371.483541497029364, 2101807.439201876055449 ], [ 6016163.39068647660315, 2101653.107022274751216 ], [ 6015941.172656525857747, 2101519.914660873822868 ], [ 6015706.969532748684287, 2101409.144832924008369 ], [ 6015463.036819256842136, 2101321.864312420599163 ], [ 6015211.723721427842975, 2101258.913658489007503 ], [ 6014955.450521775521338, 2101220.89912033919245 ], [ 6014696.685271305032074, 2101208.186798753682524 ], [ 6014437.920020834542811, 2101220.89912033919245 ], [ 6014415.849177216179669, 2101224.17302072327584 ], [ 6014262.102271508425474, 2101231.72612186241895 ], [ 6014005.829071856103837, 2101269.740660012234002 ], [ 6013754.515974027104676, 2101332.691313943825662 ], [ 6013510.583260535262525, 2101419.971834447234869 ], [ 6013276.380136758089066, 2101530.741662397049367 ], [ 6013054.162106807343662, 2101663.934023797977716 ], [ 6012846.069251786917448, 2101818.266203399281949 ], [ 6012654.105619646608829, 2101992.251897944603115 ], [ 6012480.119925101287663, 2102184.215530084911734 ], [ 6012325.78774549998343, 2102392.308385105337948 ], [ 6012192.595384099520743, 2102614.526415056083351 ], [ 6012081.825556148774922, 2102848.729538833256811 ], [ 6011994.545035646297038, 2103092.662252325098962 ], [ 6011931.594381714239717, 2103343.975350154098123 ], [ 6011893.579843563959002, 2103600.248549806885421 ], [ 6011880.867521978914738, 2103859.013800276909024 ], [ 6011893.579843563959002, 2104117.779050746932626 ], [ 6011931.594381714239717, 2104374.052250399719924 ], [ 6011994.545035646297038, 2104625.365348228719085 ], [ 6012081.825556148774922, 2104869.298061720561236 ], [ 6012192.595384099520743, 2105103.501185497734696 ], [ 6012325.78774549998343, 2105325.719215448480099 ], [ 6012480.119925101287663, 2105533.812070468906313 ], [ 6012654.105619646608829, 2105725.775702609214932 ], [ 6012846.069251786917448, 2105899.761397154536098 ], [ 6013054.162106807343662, 2106054.093576755840331 ], [ 6013276.380136758089066, 2106187.28593815676868 ], [ 6013510.583260535262525, 2106298.055766106583178 ], [ 6013754.515974027104676, 2106385.336286609992385 ], [ 6014005.829071856103837, 2106448.286940541584045 ], [ 6014262.102271508425474, 2106486.301478691399097 ], [ 6014520.867521978914738, 2106499.013800276909024 ], [ 6014779.632772449404001, 2106486.301478691399097 ], [ 6014801.703616067767143, 2106483.027578307315707 ], [ 6014955.450521775521338, 2106475.474477168172598 ], [ 6015211.723721427842975, 2106437.459939018357545 ], [ 6015463.036819256842136, 2106374.509285086765885 ], [ 6015706.969532748684287, 2106287.228764583356678 ], [ 6015941.172656525857747, 2106176.45893663354218 ], [ 6016163.39068647660315, 2106043.266575232613832 ], [ 6016371.483541497029364, 2105888.934395631309599 ], [ 6016563.447173637337983, 2105714.948701085988432 ], [ 6016737.432868182659149, 2105522.985068945679814 ], [ 6016891.765047783963382, 2105314.8922139252536 ], [ 6017024.957409184426069, 2105092.674183974508196 ], [ 6017135.72723713517189, 2104858.471060197334737 ], [ 6017223.007757637649775, 2104614.538346705492586 ], [ 6017285.958411569707096, 2104363.225248876493424 ], [ 6017323.97294971998781, 2104106.952049223706126 ], [ 6017336.685271305032074, 2103848.186798753682524 ], [ 6017323.97294971998781, 2103589.421548283658922 ], [ 6017285.958411569707096, 2103333.148348630871624 ], [ 6017223.007757637649775, 2103081.835250801872462 ], [ 6017135.72723713517189, 2102837.902537310030311 ], [ 6017024.957409184426069, 2102603.699413532856852 ], [ 6016891.765047783963382, 2102381.481383582111448 ], [ 6016737.432868182659149, 2102173.388528561685234 ] ] ], [ [ [ 6087052.430494393222034, 1980530.63581978622824 ], [ 6086844.33763937279582, 1980376.303640185156837 ], [ 6086622.119609422050416, 1980243.111278784228489 ], [ 6086387.916485644876957, 1980132.341450833948329 ], [ 6086143.983772153034806, 1980045.060930330771953 ], [ 6085892.670674324035645, 1979982.110276399413124 ], [ 6085636.397474671714008, 1979944.09573824936524 ], [ 6085377.632224201224744, 1979931.383416663855314 ], [ 6085118.866973730735481, 1979944.09573824936524 ], [ 6084862.593774078413844, 1979982.110276399413124 ], [ 6084611.280676249414682, 1980045.060930330771953 ], [ 6084367.347962757572532, 1980132.341450833948329 ], [ 6084133.144838980399072, 1980243.111278784228489 ], [ 6083910.926809029653668, 1980376.303640185156837 ], [ 6083702.833954009227455, 1980530.63581978622824 ], [ 6083647.611637691035867, 1980580.686409847578034 ], [ 6083603.778787610121071, 1980606.958809124073014 ], [ 6083395.685932589694858, 1980761.290988725144416 ], [ 6083357.442745528183877, 1980795.952593052294105 ], [ 6083256.094975652173162, 1980871.117221944499761 ], [ 6083240.206176828593016, 1980885.517989777494222 ], [ 6083228.984037545509636, 1980893.840895507019013 ], [ 6083037.020405405201018, 1981067.826590052107349 ], [ 6082863.034710859879851, 1981259.790222192648798 ], [ 6082708.702531258575618, 1981467.883077212842181 ], [ 6082575.510169858112931, 1981690.101107164053246 ], [ 6082464.74034190736711, 1981924.304230940761045 ], [ 6082377.459821404889226, 1982168.236944432836026 ], [ 6082314.509167472831905, 1982419.550042262068018 ], [ 6082276.494629322551191, 1982675.823241914622486 ], [ 6082263.782307737506926, 1982934.588492384646088 ], [ 6082276.494629322551191, 1983193.35374285466969 ], [ 6082314.509167472831905, 1983449.626942507224157 ], [ 6082377.459821404889226, 1983700.94004033645615 ], [ 6082464.74034190736711, 1983944.872753828531131 ], [ 6082575.510169858112931, 1984179.075877605238929 ], [ 6082708.702531258575618, 1984401.293907556449994 ], [ 6082863.034710859879851, 1984609.386762576643378 ], [ 6083037.020405405201018, 1984801.350394717184827 ], [ 6083228.984037545509636, 1984975.336089262273163 ], [ 6083437.07689256593585, 1985129.668268863344565 ], [ 6083659.294922516681254, 1985262.860630264272913 ], [ 6083893.498046293854713, 1985373.630458214553073 ], [ 6084137.430759785696864, 1985460.910978717729449 ], [ 6084388.743857614696026, 1985523.861632649088278 ], [ 6084645.017057267017663, 1985561.876170799136162 ], [ 6084903.782307737506926, 1985574.588492384646088 ], [ 6085162.54755820799619, 1985561.876170799136162 ], [ 6085418.820757860317826, 1985523.861632649088278 ], [ 6085670.133855689316988, 1985460.910978717729449 ], [ 6085772.385988740250468, 1985424.324580495711416 ], [ 6085860.660595435649157, 1985402.21294260234572 ], [ 6086104.593308927491307, 1985314.932422099169344 ], [ 6086338.796432704664767, 1985204.162594148889184 ], [ 6086561.014462655410171, 1985070.970232747960836 ], [ 6086769.107317675836384, 1984916.638053146889433 ], [ 6086862.105416393838823, 1984832.349489649990574 ], [ 6086966.627028471790254, 1984754.830978954909369 ], [ 6087158.590660612098873, 1984580.845284409821033 ], [ 6087332.576355157420039, 1984388.881652269279584 ], [ 6087486.908534758724272, 1984180.788797249086201 ], [ 6087571.292030512355268, 1984040.003439968451858 ], [ 6087572.712000680156052, 1984038.088831835659221 ], [ 6087705.904362080618739, 1983815.870801884448156 ], [ 6087816.67419003136456, 1983581.667678107740358 ], [ 6087903.954710533842444, 1983337.734964615665376 ], [ 6087966.905364465899765, 1983086.421866786433384 ], [ 6088004.91990261618048, 1982830.148667133878917 ], [ 6088017.632224201224744, 1982571.383416663855314 ], [ 6088004.91990261618048, 1982312.618166193831712 ], [ 6087966.905364465899765, 1982056.344966541277245 ], [ 6087903.954710533842444, 1981805.031868712045252 ], [ 6087816.67419003136456, 1981561.099155219970271 ], [ 6087705.904362080618739, 1981326.896031443262473 ], [ 6087572.712000680156052, 1981104.678001492051408 ], [ 6087418.379821078851819, 1980896.585146471858025 ], [ 6087244.394126533530653, 1980704.621514331316575 ], [ 6087052.430494393222034, 1980530.63581978622824 ] ] ], [ [ [ 6075768.196782050654292, 1987255.80044166999869 ], [ 6075680.916261548176408, 1987499.733155162073672 ], [ 6075617.965607616119087, 1987751.046252991305664 ], [ 6075608.433455187827349, 1987815.306804909836501 ], [ 6075571.518310288898647, 1987962.680324353976175 ], [ 6075533.503772138617933, 1988218.953524006530643 ], [ 6075520.791450553573668, 1988477.718774476554245 ], [ 6075533.503772138617933, 1988736.484024946577847 ], [ 6075571.518310288898647, 1988992.757224599132314 ], [ 6075634.468964220955968, 1989244.070322428364307 ], [ 6075721.749484723433852, 1989488.003035920439288 ], [ 6075832.519312674179673, 1989722.206159697147086 ], [ 6075965.71167407464236, 1989944.424189648358151 ], [ 6076120.043853675946593, 1990152.517044668551534 ], [ 6076294.02954822126776, 1990344.480676809092984 ], [ 6076485.993180361576378, 1990518.466371354181319 ], [ 6076694.086035382002592, 1990672.798550955252722 ], [ 6076916.304065332747996, 1990805.99091235618107 ], [ 6077150.507189109921455, 1990916.76074030646123 ], [ 6077394.439902601763606, 1991004.041260809637606 ], [ 6077645.753000430762768, 1991066.991914740996435 ], [ 6077902.026200083084404, 1991105.006452891044319 ], [ 6078160.791450553573668, 1991117.718774476554245 ], [ 6078419.556701024062932, 1991105.006452891044319 ], [ 6078675.829900676384568, 1991066.991914740996435 ], [ 6078927.14299850538373, 1991004.041260809637606 ], [ 6079171.075711997225881, 1990916.76074030646123 ], [ 6079405.27883577439934, 1990805.99091235618107 ], [ 6079436.532039034180343, 1990787.258463218575343 ], [ 6079527.621369229629636, 1990744.176418576622382 ], [ 6079749.83939918037504, 1990610.984057175694034 ], [ 6079957.932254200801253, 1990456.651877574622631 ], [ 6080149.895886341109872, 1990282.666183029534295 ], [ 6080263.928470751270652, 1990156.850614439696074 ], [ 6080344.20956929307431, 1990097.310093850828707 ], [ 6080353.145907551050186, 1990089.210668969666585 ], [ 6080371.677901308052242, 1990075.466405675979331 ], [ 6080563.64153344836086, 1989901.480711130890995 ], [ 6080737.627227993682027, 1989709.517078990349546 ], [ 6080891.95940759498626, 1989501.424223970156163 ], [ 6081025.151768995448947, 1989279.206194018945098 ], [ 6081135.921596946194768, 1989045.0030702422373 ], [ 6081223.202117448672652, 1988801.070356750162318 ], [ 6081286.152771380729973, 1988549.757258920930326 ], [ 6081324.167309531010687, 1988293.484059268375859 ], [ 6081325.974322847090662, 1988256.701458213850856 ], [ 6081336.689266675151885, 1988184.467174370773137 ], [ 6081349.401588260196149, 1987925.701923900749534 ], [ 6081336.689266675151885, 1987666.936673430725932 ], [ 6081298.674728524871171, 1987410.663473778171465 ], [ 6081235.724074592813849, 1987159.350375948939472 ], [ 6081148.443554090335965, 1986915.417662456864491 ], [ 6081037.673726139590144, 1986681.214538680156693 ], [ 6080904.481364739127457, 1986458.996508728945628 ], [ 6080750.149185137823224, 1986250.903653708752245 ], [ 6080576.163490592502058, 1986058.940021568210796 ], [ 6080384.199858452193439, 1985884.95432702312246 ], [ 6080176.107003431767225, 1985730.622147422051057 ], [ 6079953.888973481021821, 1985597.429786021122709 ], [ 6079719.685849703848362, 1985486.659958070842549 ], [ 6079475.753136212006211, 1985399.379437567666173 ], [ 6079224.44003838300705, 1985336.428783636307344 ], [ 6078968.166838730685413, 1985298.41424548625946 ], [ 6078709.401588260196149, 1985285.701923900749534 ], [ 6078450.636337789706886, 1985298.41424548625946 ], [ 6078194.363138137385249, 1985336.428783636307344 ], [ 6077943.050040308386087, 1985399.379437567666173 ], [ 6077699.117326816543937, 1985486.659958070842549 ], [ 6077464.914203039370477, 1985597.429786021122709 ], [ 6077411.643933973275125, 1985629.358756550122052 ], [ 6077363.195540289394557, 1985652.273140211356804 ], [ 6077140.977510338649154, 1985785.465501612285152 ], [ 6076932.88465531822294, 1985939.797681213356555 ], [ 6076881.035004588775337, 1985986.791465366724879 ], [ 6076740.533332709223032, 1986071.004926635185257 ], [ 6076532.440477688796818, 1986225.337106236256659 ], [ 6076340.4768455484882, 1986399.322800781344995 ], [ 6076166.491151003167033, 1986591.286432921886444 ], [ 6076012.1589714018628, 1986799.379287942079827 ], [ 6075878.966610001400113, 1987021.597317893290892 ], [ 6075768.196782050654292, 1987255.80044166999869 ] ] ], [ [ [ 6071203.700353521853685, 1990800.70688830758445 ], [ 6071029.714658976532519, 1990992.670520448125899 ], [ 6070875.382479375228286, 1991200.763375468319282 ], [ 6070742.190117974765599, 1991422.981405419530347 ], [ 6070631.420290024019778, 1991657.184529196238145 ], [ 6070544.139769521541893, 1991901.117242688313127 ], [ 6070481.189115589484572, 1992152.430340517545119 ], [ 6070443.174577439203858, 1992408.703540170099586 ], [ 6070430.462255854159594, 1992667.468790640123188 ], [ 6070443.174577439203858, 1992926.234041110146791 ], [ 6070481.189115589484572, 1993182.507240762701258 ], [ 6070544.139769521541893, 1993433.82033859193325 ], [ 6070631.420290024019778, 1993677.753052084008232 ], [ 6070742.190117974765599, 1993911.95617586071603 ], [ 6070875.382479375228286, 1994134.174205811927095 ], [ 6071029.714658976532519, 1994342.267060832120478 ], [ 6071052.293853811919689, 1994367.179363321978599 ], [ 6071063.347841977141798, 1994382.083940984215587 ], [ 6071237.333536522462964, 1994574.047573124757037 ], [ 6071429.297168662771583, 1994748.033267669845372 ], [ 6071637.390023683197796, 1994902.365447270916775 ], [ 6071859.6080536339432, 1995035.557808671845123 ], [ 6072093.81117741111666, 1995146.327636622125283 ], [ 6072337.74389090295881, 1995233.608157125301659 ], [ 6072589.056988731957972, 1995296.558811056660488 ], [ 6072845.330188384279609, 1995334.573349206708372 ], [ 6073104.095438854768872, 1995347.285670792218298 ], [ 6073362.860689325258136, 1995334.573349206708372 ], [ 6073619.133888977579772, 1995296.558811056660488 ], [ 6073870.446986806578934, 1995233.608157125301659 ], [ 6074114.379700298421085, 1995146.327636622125283 ], [ 6074348.582824075594544, 1995035.557808671845123 ], [ 6074570.800854026339948, 1994902.365447270916775 ], [ 6074609.273361390456557, 1994873.832291168160737 ], [ 6074654.269429077394307, 1994846.862686089938506 ], [ 6074862.36228409782052, 1994692.530506488867104 ], [ 6074915.798220796510577, 1994644.098996537970379 ], [ 6074935.499724749475718, 1994629.487365368986502 ], [ 6075127.463356889784336, 1994455.501670823898166 ], [ 6075145.698190007358789, 1994435.382632843218744 ], [ 6075291.84364228323102, 1994326.993778327479959 ], [ 6075483.807274423539639, 1994153.008083782391623 ], [ 6075657.792968968860805, 1993961.044451641850173 ], [ 6075664.589441670104861, 1993951.880469041876495 ], [ 6075670.958483821712434, 1993944.85331391938962 ], [ 6075825.290663423016667, 1993736.760458899196237 ], [ 6075958.483024823479354, 1993514.542428947985172 ], [ 6076069.252852774225175, 1993280.339305171277374 ], [ 6076156.53337327670306, 1993036.406591679202393 ], [ 6076219.484027208760381, 1992785.0934938499704 ], [ 6076257.498565359041095, 1992528.820294197415933 ], [ 6076270.21088694408536, 1992270.055043727392331 ], [ 6076257.498565359041095, 1992011.289793257368729 ], [ 6076219.484027208760381, 1991755.016593604814261 ], [ 6076156.53337327670306, 1991503.703495775582269 ], [ 6076069.252852774225175, 1991259.770782283507288 ], [ 6075958.483024823479354, 1991025.567658506799489 ], [ 6075825.290663423016667, 1990803.349628555588424 ], [ 6075670.958483821712434, 1990595.256773535395041 ], [ 6075653.628888260573149, 1990576.13651128532365 ], [ 6075642.881823500618339, 1990561.645771928597242 ], [ 6075468.896128955297172, 1990369.682139788055792 ], [ 6075276.932496814988554, 1990195.696445242967457 ], [ 6075068.83964179456234, 1990041.364265641896054 ], [ 6074846.621611843816936, 1989908.171904240967706 ], [ 6074612.418488066643476, 1989797.402076290687546 ], [ 6074368.485774574801326, 1989710.12155578751117 ], [ 6074117.172676745802164, 1989647.170901856152341 ], [ 6073860.899477093480527, 1989609.156363706104457 ], [ 6073602.134226622991264, 1989596.444042120594531 ], [ 6073343.368976152502, 1989609.156363706104457 ], [ 6073087.095776500180364, 1989647.170901856152341 ], [ 6072835.782678671181202, 1989710.12155578751117 ], [ 6072591.849965179339051, 1989797.402076290687546 ], [ 6072357.646841402165592, 1989908.171904240967706 ], [ 6072135.428811451420188, 1990041.364265641896054 ], [ 6072022.851231501437724, 1990124.857489309506491 ], [ 6072018.592693055048585, 1990126.871627991553396 ], [ 6071796.374663104303181, 1990260.063989392481744 ], [ 6071588.281808083876967, 1990414.396168993553147 ], [ 6071396.318175943568349, 1990588.381863538641483 ], [ 6071222.332481398247182, 1990780.345495679182932 ], [ 6071214.472205687314272, 1990790.943850592244416 ], [ 6071203.700353521853685, 1990800.70688830758445 ] ] ], [ [ [ 6056560.215138956904411, 2003203.540954191237688 ], [ 6056472.934618454426527, 2003447.473667683312669 ], [ 6056409.983964522369206, 2003698.786765512544662 ], [ 6056371.969426372088492, 2003955.059965165099129 ], [ 6056359.257104787044227, 2004213.825215635122731 ], [ 6056371.969426372088492, 2004472.590466105146334 ], [ 6056409.983964522369206, 2004728.863665757700801 ], [ 6056472.934618454426527, 2004980.176763586932793 ], [ 6056560.215138956904411, 2005224.109477079007775 ], [ 6056670.984966907650232, 2005458.312600855715573 ], [ 6056804.177328308112919, 2005680.530630806926638 ], [ 6056958.509507909417152, 2005888.623485827120021 ], [ 6057132.495202454738319, 2006080.58711796766147 ], [ 6057144.705178940668702, 2006091.653595589566976 ], [ 6057181.007469168864191, 2006131.7070005859714 ], [ 6057372.971101309172809, 2006305.692695131059736 ], [ 6057581.063956329599023, 2006460.024874732131138 ], [ 6057803.281986280344427, 2006593.217236133059487 ], [ 6058037.485110057517886, 2006703.987064083339646 ], [ 6058281.417823549360037, 2006791.267584586516023 ], [ 6058532.730921378359199, 2006854.218238517874852 ], [ 6058789.004121030680835, 2006892.232776667922735 ], [ 6059047.769371501170099, 2006904.945098253432661 ], [ 6059306.534621971659362, 2006892.232776667922735 ], [ 6059562.807821623980999, 2006854.218238517874852 ], [ 6059814.120919452980161, 2006791.267584586516023 ], [ 6060058.053632944822311, 2006703.987064083339646 ], [ 6060292.256756721995771, 2006593.217236133059487 ], [ 6060514.474786672741175, 2006460.024874732131138 ], [ 6060722.567641693167388, 2006305.692695131059736 ], [ 6060782.926935587078333, 2006250.986219986341894 ], [ 6060802.944465676322579, 2006236.14020786061883 ], [ 6060879.878190343268216, 2006166.411544306203723 ], [ 6061080.713419653475285, 2006017.46198677807115 ], [ 6061198.981134777888656, 2005910.270377988228574 ], [ 6061236.748945100232959, 2005882.259860831545666 ], [ 6061428.712577240541577, 2005708.27416628645733 ], [ 6061446.94599455781281, 2005688.156690400093794 ], [ 6061448.71595218591392, 2005686.55249431473203 ], [ 6061622.701646731235087, 2005494.588862174190581 ], [ 6061777.03382633253932, 2005286.496007153997198 ], [ 6061910.226187733002007, 2005064.277977202786133 ], [ 6062020.996015683747828, 2004830.074853426078334 ], [ 6062108.276536186225712, 2004586.142139934003353 ], [ 6062171.227190118283033, 2004334.829042104771361 ], [ 6062209.241728268563747, 2004078.555842452216893 ], [ 6062221.954049853608012, 2003819.790591982193291 ], [ 6062209.241728268563747, 2003561.025341512169689 ], [ 6062171.227190118283033, 2003304.752141859615222 ], [ 6062108.276536186225712, 2003053.439044030383229 ], [ 6062020.996015683747828, 2002809.506330538308248 ], [ 6061910.226187733002007, 2002575.30320676160045 ], [ 6061777.03382633253932, 2002353.085176810389385 ], [ 6061622.701646731235087, 2002144.992321790196002 ], [ 6061612.342674130573869, 2002133.562956801848486 ], [ 6061593.398341087624431, 2002108.019480648683384 ], [ 6061419.412646542303264, 2001916.055848508141935 ], [ 6061227.449014401994646, 2001742.070153963053599 ], [ 6061019.356159381568432, 2001587.737974361982197 ], [ 6060797.138129430823028, 2001454.545612961053848 ], [ 6060562.935005653649569, 2001343.775785010773689 ], [ 6060319.002292161807418, 2001256.495264507597312 ], [ 6060067.689194332808256, 2001193.544610576238483 ], [ 6059811.415994680486619, 2001155.5300724261906 ], [ 6059552.650744209997356, 2001142.817750840680674 ], [ 6059293.885493739508092, 2001155.5300724261906 ], [ 6059037.612294087186456, 2001193.544610576238483 ], [ 6058786.299196258187294, 2001256.495264507597312 ], [ 6058777.030695669353008, 2001259.811587046366185 ], [ 6058766.723201502114534, 2001262.393479927442968 ], [ 6058522.790488010272384, 2001349.674000430619344 ], [ 6058288.587364233098924, 2001460.443828380899504 ], [ 6058066.36933428235352, 2001593.636189781827852 ], [ 6057902.916980900801718, 2001714.860716956900433 ], [ 6057810.586273858323693, 2001770.201613028533757 ], [ 6057602.49341883789748, 2001924.533792629605159 ], [ 6057410.529786697588861, 2002098.519487174693495 ], [ 6057401.16493421792984, 2002108.852009633788839 ], [ 6057356.619464410468936, 2002149.225670086452737 ], [ 6057324.458834595046937, 2002173.077618757495657 ], [ 6057132.495202454738319, 2002347.063313302583992 ], [ 6056958.509507909417152, 2002539.026945443125442 ], [ 6056804.177328308112919, 2002747.119800463318825 ], [ 6056670.984966907650232, 2002969.33783041452989 ], [ 6056560.215138956904411, 2003203.540954191237688 ] ] ], [ [ [ 6051529.739713471382856, 2009403.23819483933039 ], [ 6051270.974463000893593, 2009390.525873253820464 ], [ 6051012.209212530404329, 2009403.23819483933039 ], [ 6050755.936012878082693, 2009441.252732989378273 ], [ 6050504.622915049083531, 2009504.203386920737103 ], [ 6050459.911702174693346, 2009520.20131469424814 ], [ 6050433.064062850549817, 2009526.926298256730661 ], [ 6050189.131349358707666, 2009614.206818759907037 ], [ 6049954.928225581534207, 2009724.976646710187197 ], [ 6049732.710195630788803, 2009858.169008111115545 ], [ 6049524.617340610362589, 2010012.501187712186947 ], [ 6049332.653708470053971, 2010186.486882257275283 ], [ 6049158.668013924732804, 2010378.450514397816733 ], [ 6049004.335834323428571, 2010586.543369418010116 ], [ 6048951.74793188739568, 2010674.280984066426754 ], [ 6048915.699576273560524, 2010722.886564949061722 ], [ 6048782.507214873097837, 2010945.104594900272787 ], [ 6048671.737386922352016, 2011179.307718676980585 ], [ 6048584.456866419874132, 2011423.240432169055566 ], [ 6048546.150836978107691, 2011576.166673968080431 ], [ 6048536.365027207881212, 2011603.516180102480575 ], [ 6048473.414373275823891, 2011854.829277931712568 ], [ 6048435.399835125543177, 2012111.102477584267035 ], [ 6048422.687513540498912, 2012369.867728054290637 ], [ 6048435.399835125543177, 2012628.63297852431424 ], [ 6048473.414373275823891, 2012884.906178176868707 ], [ 6048536.365027207881212, 2013136.219276006100699 ], [ 6048623.645547710359097, 2013380.151989498175681 ], [ 6048734.415375661104918, 2013614.355113274883479 ], [ 6048867.607737061567605, 2013836.573143226094544 ], [ 6049021.939916662871838, 2014044.665998246287927 ], [ 6049195.925611208193004, 2014236.629630386829376 ], [ 6049387.889243348501623, 2014410.615324931917712 ], [ 6049595.982098368927836, 2014564.947504532989115 ], [ 6049818.20012831967324, 2014698.139865933917463 ], [ 6050052.4032520968467, 2014808.909693884197623 ], [ 6050296.33596558868885, 2014896.190214387373999 ], [ 6050547.649063417688012, 2014959.140868318732828 ], [ 6050803.922263070009649, 2014997.155406468780711 ], [ 6051062.687513540498912, 2015009.867728054290637 ], [ 6051321.452764010988176, 2014997.155406468780711 ], [ 6051577.725963663309813, 2014959.140868318732828 ], [ 6051829.039061492308974, 2014896.190214387373999 ], [ 6052072.971774984151125, 2014808.909693884197623 ], [ 6052307.174898761324584, 2014698.139865933917463 ], [ 6052529.392928712069988, 2014564.947504532989115 ], [ 6052737.485783732496202, 2014410.615324931917712 ], [ 6052929.449415872804821, 2014236.629630386829376 ], [ 6053090.974964757449925, 2014058.413650455884635 ], [ 6053115.049669011496007, 2014036.593610410112888 ], [ 6053289.035363556817174, 2013844.629978269571438 ], [ 6053307.173137770965695, 2013820.174020803300664 ], [ 6053345.92472139839083, 2013777.418236980447546 ], [ 6053500.256900999695063, 2013569.325381960254163 ], [ 6053633.44926240015775, 2013347.107352009043097 ], [ 6053744.219090350903571, 2013112.904228232335299 ], [ 6053746.807858392596245, 2013105.669106243178248 ], [ 6053755.510889984667301, 2013087.268091970589012 ], [ 6053842.791410487145185, 2012843.335378478514031 ], [ 6053905.742064419202507, 2012592.022280649282038 ], [ 6053943.756602569483221, 2012335.749080996727571 ], [ 6053956.468924154527485, 2012076.983830526703969 ], [ 6053943.756602569483221, 2011818.218580056680366 ], [ 6053905.742064419202507, 2011561.945380404125899 ], [ 6053842.791410487145185, 2011310.632282574893907 ], [ 6053755.510889984667301, 2011066.699569082818925 ], [ 6053644.74106203392148, 2010832.496445306111127 ], [ 6053511.548700633458793, 2010610.278415354900062 ], [ 6053357.21652103215456, 2010402.185560334706679 ], [ 6053183.230826486833394, 2010210.22192819416523 ], [ 6053164.257366264238954, 2010193.025386234745383 ], [ 6053137.736365333199501, 2010163.763970921281725 ], [ 6052945.772733192890882, 2009989.778276376193389 ], [ 6052737.679878172464669, 2009835.446096775121987 ], [ 6052515.461848221719265, 2009702.253735374193639 ], [ 6052281.258724444545805, 2009591.483907423913479 ], [ 6052037.326010952703655, 2009504.203386920737103 ], [ 6051786.012913123704493, 2009441.252732989378273 ], [ 6051529.739713471382856, 2009403.23819483933039 ] ] ], [ [ [ 6048481.754329137504101, 2014831.433850915636867 ], [ 6048273.661474117077887, 2014677.101671314565465 ], [ 6048051.443444166332483, 2014543.909309913637117 ], [ 6047817.240320389159024, 2014433.139481963356957 ], [ 6047573.307606897316873, 2014345.858961460180581 ], [ 6047321.994509068317711, 2014282.908307528821751 ], [ 6047065.721309415996075, 2014244.893769378773868 ], [ 6046806.956058945506811, 2014232.181447793263942 ], [ 6046548.190808475017548, 2014244.893769378773868 ], [ 6046291.917608822695911, 2014282.908307528821751 ], [ 6046040.604510993696749, 2014345.858961460180581 ], [ 6045796.671797501854599, 2014433.139481963356957 ], [ 6045562.468673724681139, 2014543.909309913637117 ], [ 6045340.250643773935735, 2014677.101671314565465 ], [ 6045132.157788753509521, 2014831.433850915636867 ], [ 6044940.194156613200903, 2015005.419545460725203 ], [ 6044878.544127911329269, 2015073.439870132599026 ], [ 6044838.389492246322334, 2015103.220577608561143 ], [ 6044646.425860106013715, 2015277.206272153649479 ], [ 6044472.440165560692549, 2015469.169904294190928 ], [ 6044318.107985959388316, 2015677.262759314384311 ], [ 6044184.915624558925629, 2015899.480789265595376 ], [ 6044074.145796608179808, 2016133.683913042303175 ], [ 6043986.865276105701923, 2016377.616626534378156 ], [ 6043923.914622173644602, 2016628.929724363610148 ], [ 6043885.900084023363888, 2016885.202924016164616 ], [ 6043873.187762438319623, 2017143.968174486188218 ], [ 6043885.900084023363888, 2017402.73342495621182 ], [ 6043923.914622173644602, 2017659.006624608766288 ], [ 6043986.865276105701923, 2017910.31972243799828 ], [ 6044074.145796608179808, 2018154.252435930073261 ], [ 6044079.344245431944728, 2018165.243632502155378 ], [ 6044086.970367345027626, 2018186.557215430308133 ], [ 6044197.740195295773447, 2018420.760339207015932 ], [ 6044330.932556696236134, 2018642.978369158226997 ], [ 6044358.065805391408503, 2018679.563319889362901 ], [ 6044395.789386118762195, 2018742.501312007661909 ], [ 6044550.121565720066428, 2018950.594167027855292 ], [ 6044724.107260265387595, 2019142.557799168396741 ], [ 6044916.070892405696213, 2019316.543493713485077 ], [ 6045124.163747426122427, 2019470.875673314556479 ], [ 6045346.381777376867831, 2019604.068034715484828 ], [ 6045580.58490115404129, 2019714.837862665764987 ], [ 6045824.517614645883441, 2019802.118383168941364 ], [ 6046075.830712474882603, 2019865.069037100300193 ], [ 6046332.103912127204239, 2019903.083575250348076 ], [ 6046590.869162597693503, 2019915.795896835858002 ], [ 6046849.634413068182766, 2019903.083575250348076 ], [ 6047105.907612720504403, 2019865.069037100300193 ], [ 6047357.220710549503565, 2019802.118383168941364 ], [ 6047601.153424041345716, 2019714.837862665764987 ], [ 6047835.356547818519175, 2019604.068034715484828 ], [ 6048057.574577769264579, 2019470.875673314556479 ], [ 6048265.667432789690793, 2019316.543493713485077 ], [ 6048457.631064929999411, 2019142.557799168396741 ], [ 6048631.616759475320578, 2018950.594167027855292 ], [ 6048785.948939076624811, 2018742.501312007661909 ], [ 6048919.141300477087498, 2018520.283282056450844 ], [ 6049015.784057529643178, 2018315.949340127175674 ], [ 6049135.228196824900806, 2018116.668833013856784 ], [ 6049245.998024775646627, 2017882.465709237148985 ], [ 6049333.278545278124511, 2017638.532995745074004 ], [ 6049396.229199210181832, 2017387.219897915842012 ], [ 6049434.243737360462546, 2017130.946698263287544 ], [ 6049446.956058945506811, 2016872.181447793263942 ], [ 6049434.243737360462546, 2016613.41619732324034 ], [ 6049396.229199210181832, 2016357.142997670685872 ], [ 6049333.278545278124511, 2016105.82989984145388 ], [ 6049245.998024775646627, 2015861.897186349378899 ], [ 6049135.228196824900806, 2015627.6940625726711 ], [ 6049002.035835424438119, 2015405.476032621460035 ], [ 6048847.703655823133886, 2015197.383177601266652 ], [ 6048673.717961277812719, 2015005.419545460725203 ], [ 6048481.754329137504101, 2014831.433850915636867 ] ] ], [ [ [ 6038928.932592323981225, 2021950.637241445481777 ], [ 6038684.999878832139075, 2022037.917761948658153 ], [ 6038450.796755054965615, 2022148.687589898938313 ], [ 6038228.578725104220212, 2022281.879951299866661 ], [ 6038020.485870083793998, 2022436.212130900938064 ], [ 6037828.522237943485379, 2022610.1978254460264 ], [ 6037654.536543398164213, 2022802.161457586567849 ], [ 6037500.20436379685998, 2023010.254312606761232 ], [ 6037482.289148935116827, 2023040.144042850239202 ], [ 6037452.361057263799012, 2023080.497403097338974 ], [ 6037319.168695863336325, 2023302.71543304855004 ], [ 6037296.526348701678216, 2023350.588653879240155 ], [ 6037189.968796141445637, 2023494.264881309820339 ], [ 6037182.414512937888503, 2023506.868441405938938 ], [ 6037148.387269309721887, 2023552.748868244234473 ], [ 6037015.1949079092592, 2023774.966898195445538 ], [ 6036904.425079958513379, 2024009.170021972153336 ], [ 6036817.144559456035495, 2024253.102735464228317 ], [ 6036754.193905523978174, 2024504.41583329346031 ], [ 6036716.17936737369746, 2024760.689032946014777 ], [ 6036703.467045788653195, 2025019.454283416038379 ], [ 6036716.17936737369746, 2025278.219533886061981 ], [ 6036754.193905523978174, 2025534.492733538616449 ], [ 6036817.144559456035495, 2025785.805831367848441 ], [ 6036900.258279368281364, 2026018.093117348616943 ], [ 6036696.401633783243597, 2026048.332394187571481 ], [ 6036445.088535954244435, 2026111.28304811893031 ], [ 6036201.155822462402284, 2026198.563568622106686 ], [ 6035966.952698685228825, 2026309.333396572386846 ], [ 6035744.734668734483421, 2026442.525757973315194 ], [ 6035536.641813714057207, 2026596.857937574386597 ], [ 6035344.678181573748589, 2026770.843632119474933 ], [ 6035170.692487028427422, 2026962.807264260016382 ], [ 6035016.360307427123189, 2027170.900119280209765 ], [ 6034883.167946026660502, 2027393.11814923142083 ], [ 6034772.398118075914681, 2027627.321273008128628 ], [ 6034711.547728998586535, 2027797.386717614950612 ], [ 6034685.991753938607872, 2027851.420287052169442 ], [ 6034598.711233436129987, 2028095.353000544244424 ], [ 6034572.271641926839948, 2028200.905766598181799 ], [ 6034553.035257454961538, 2028241.57768436614424 ], [ 6034465.754736952483654, 2028485.510397858219221 ], [ 6034402.804083020426333, 2028736.823495687451214 ], [ 6034364.789544870145619, 2028993.096695340005681 ], [ 6034352.077223285101354, 2029251.861945810029283 ], [ 6034364.789544870145619, 2029510.627196280052885 ], [ 6034402.804083020426333, 2029766.900395932607353 ], [ 6034465.754736952483654, 2030018.213493761839345 ], [ 6034553.035257454961538, 2030262.146207253914326 ], [ 6034663.805085405707359, 2030496.349331030622125 ], [ 6034796.997446806170046, 2030718.56736098183319 ], [ 6034951.329626407474279, 2030926.660216002026573 ], [ 6035125.315320952795446, 2031118.623848142568022 ], [ 6035317.278953093104064, 2031292.609542687656358 ], [ 6035525.371808113530278, 2031446.94172228872776 ], [ 6035747.589838064275682, 2031580.134083689656109 ], [ 6035981.792961841449142, 2031690.903911639936268 ], [ 6036225.725675333291292, 2031778.184432143112645 ], [ 6036250.765668787062168, 2031784.456623986363411 ], [ 6036291.124401629902422, 2031798.897209502756596 ], [ 6036542.437499458901584, 2031861.847863434115425 ], [ 6036798.710699111223221, 2031899.862401584163308 ], [ 6037057.475949581712484, 2031912.574723169673234 ], [ 6037316.241200052201748, 2031899.862401584163308 ], [ 6037572.514399704523385, 2031861.847863434115425 ], [ 6037823.827497533522546, 2031798.897209502756596 ], [ 6038067.760211025364697, 2031711.616688999580219 ], [ 6038301.963334802538157, 2031600.84686104930006 ], [ 6038524.18136475328356, 2031467.654499648371711 ], [ 6038732.274219773709774, 2031313.322320047300309 ], [ 6038924.237851914018393, 2031139.336625502211973 ], [ 6039098.223546459339559, 2030947.372993361670524 ], [ 6039252.555726060643792, 2030739.280138341477141 ], [ 6039385.748087461106479, 2030517.062108390266076 ], [ 6039496.5179154118523, 2030282.858984613558277 ], [ 6039583.798435914330184, 2030038.926271121483296 ], [ 6039599.780291113071144, 2029975.123128687264398 ], [ 6039613.664535974152386, 2029945.767359360819682 ], [ 6039638.788694972172379, 2029875.55003889487125 ], [ 6039639.752141510136425, 2029873.513002339052036 ], [ 6039727.03266201261431, 2029629.580288846977055 ], [ 6039730.473703719675541, 2029615.842880302341655 ], [ 6039752.123668172396719, 2029555.335283125983551 ], [ 6039752.642595327459276, 2029553.263609794666991 ], [ 6039779.922282374463975, 2029477.021992006106302 ], [ 6039842.872936306521297, 2029225.70889417687431 ], [ 6039843.924085934646428, 2029218.622618986293674 ], [ 6039855.856623670086265, 2029170.985258039552718 ], [ 6039893.871161820366979, 2028914.712058386998251 ], [ 6039906.583483405411243, 2028655.946807916974649 ], [ 6039893.871161820366979, 2028397.181557446951047 ], [ 6039855.856623670086265, 2028140.908357794396579 ], [ 6039792.905969738028944, 2027889.595259965164587 ], [ 6039705.625449235551059, 2027645.662546473089606 ], [ 6039701.85479571018368, 2027637.690169422188774 ], [ 6039865.101668413728476, 2027613.474783347221091 ], [ 6040116.414766242727637, 2027550.524129415862262 ], [ 6040360.347479734569788, 2027463.243608912685886 ], [ 6040594.550603511743248, 2027352.473780962405726 ], [ 6040816.768633462488651, 2027219.281419561477378 ], [ 6041024.861488482914865, 2027064.949239960405976 ], [ 6041216.825120623223484, 2026890.96354541531764 ], [ 6041390.81081516854465, 2026698.999913274776191 ], [ 6041545.142994769848883, 2026490.907058254582807 ], [ 6041555.322630943730474, 2026473.92336134891957 ], [ 6041587.429126918315887, 2026430.632762918248773 ], [ 6041720.621488318778574, 2026208.414732967037708 ], [ 6041738.792965365573764, 2026169.99437277787365 ], [ 6041851.296474498696625, 2026018.300950992386788 ], [ 6041871.66274846624583, 2025984.321875684894621 ], [ 6041898.709218328818679, 2025947.853932663798332 ], [ 6042031.901579729281366, 2025725.635902712587267 ], [ 6042142.671407680027187, 2025491.432778935879469 ], [ 6042229.951928182505071, 2025247.500065443804488 ], [ 6042292.902582114562392, 2024996.186967614572495 ], [ 6042330.917120264843106, 2024739.913767962018028 ], [ 6042343.629441849887371, 2024481.148517491994426 ], [ 6042330.917120264843106, 2024222.383267021970823 ], [ 6042292.902582114562392, 2023966.110067369416356 ], [ 6042229.951928182505071, 2023714.796969540184364 ], [ 6042142.671407680027187, 2023470.864256048109382 ], [ 6042031.901579729281366, 2023236.661132271401584 ], [ 6041898.709218328818679, 2023014.443102320190519 ], [ 6041744.377038727514446, 2022806.350247299997136 ], [ 6041570.391344182193279, 2022614.386615159455687 ], [ 6041378.427712041884661, 2022440.400920614367351 ], [ 6041170.334857021458447, 2022286.068741013295949 ], [ 6040948.116827070713043, 2022152.8763796123676 ], [ 6040941.683968326076865, 2022149.833864017855376 ], [ 6040939.77152549661696, 2022148.687589898938313 ], [ 6040705.5684017194435, 2022037.917761948658153 ], [ 6040461.635688227601349, 2021950.637241445481777 ], [ 6040210.322590398602188, 2021887.686587514122948 ], [ 6039954.049390746280551, 2021849.672049364075065 ], [ 6039695.284140275791287, 2021836.959727778565139 ], [ 6039436.518889805302024, 2021849.672049364075065 ], [ 6039180.245690152980387, 2021887.686587514122948 ], [ 6038928.932592323981225, 2021950.637241445481777 ] ] ], [ [ [ 6030469.537741149775684, 2033516.188142619794235 ], [ 6030358.767913199029863, 2033750.391266396502033 ], [ 6030271.487392696551979, 2033994.323979888577014 ], [ 6030208.536738764494658, 2034245.637077717809007 ], [ 6030170.522200614213943, 2034501.910277370363474 ], [ 6030157.809879029169679, 2034760.675527840387076 ], [ 6030170.522200614213943, 2035019.440778310410678 ], [ 6030208.536738764494658, 2035275.713977962965146 ], [ 6030271.487392696551979, 2035527.027075792197138 ], [ 6030358.767913199029863, 2035770.959789284272119 ], [ 6030469.537741149775684, 2036005.162913060979918 ], [ 6030602.730102550238371, 2036227.380943012190983 ], [ 6030757.062282151542604, 2036435.473798032384366 ], [ 6030931.04797669686377, 2036627.437430172925815 ], [ 6031123.011608837172389, 2036801.423124718014151 ], [ 6031331.104463857598603, 2036955.755304319085553 ], [ 6031553.322493808344007, 2037088.947665720013902 ], [ 6031787.525617585517466, 2037199.717493670294061 ], [ 6032031.458331077359617, 2037286.998014173470438 ], [ 6032282.771428906358778, 2037349.948668104829267 ], [ 6032539.044628558680415, 2037387.96320625487715 ], [ 6032797.809879029169679, 2037400.675527840387076 ], [ 6033056.575129499658942, 2037387.96320625487715 ], [ 6033312.848329151980579, 2037349.948668104829267 ], [ 6033564.161426980979741, 2037286.998014173470438 ], [ 6033808.094140472821891, 2037199.717493670294061 ], [ 6034042.297264249995351, 2037088.947665720013902 ], [ 6034264.515294200740755, 2036955.755304319085553 ], [ 6034472.608149221166968, 2036801.423124718014151 ], [ 6034664.571781361475587, 2036627.437430172925815 ], [ 6034665.299812582321465, 2036626.634171503363177 ], [ 6034754.790364746935666, 2036560.263454604893923 ], [ 6034946.753996887244284, 2036386.277760059805587 ], [ 6035120.739691432565451, 2036194.314127919264138 ], [ 6035124.068911218084395, 2036189.825194684788585 ], [ 6035292.077969504520297, 2036004.455764482729137 ], [ 6035446.41014910582453, 2035796.362909462535754 ], [ 6035579.602510506287217, 2035574.144879511324689 ], [ 6035690.372338457033038, 2035339.941755734616891 ], [ 6035777.652858959510922, 2035096.009042242541909 ], [ 6035840.603512891568244, 2034844.695944413309917 ], [ 6035878.618051041848958, 2034588.42274476075545 ], [ 6035891.330372626893222, 2034329.657494290731847 ], [ 6035878.618051041848958, 2034070.892243820708245 ], [ 6035840.603512891568244, 2033814.619044168153778 ], [ 6035777.652858959510922, 2033563.305946338921785 ], [ 6035690.372338457033038, 2033319.373232846846804 ], [ 6035579.602510506287217, 2033085.170109070139006 ], [ 6035446.41014910582453, 2032862.952079118927941 ], [ 6035292.077969504520297, 2032654.859224098734558 ], [ 6035118.092274959199131, 2032462.895591958193108 ], [ 6035087.092741546221077, 2032434.799252608325332 ], [ 6035082.785038350149989, 2032430.046434545656666 ], [ 6034890.821406209841371, 2032256.06074000056833 ], [ 6034682.728551189415157, 2032101.728560399496928 ], [ 6034460.510521238669753, 2031968.53619899856858 ], [ 6034226.307397461496294, 2031857.76637104828842 ], [ 6033982.374683969654143, 2031770.485850545112044 ], [ 6033731.061586140654981, 2031707.535196613753214 ], [ 6033474.788386488333344, 2031669.520658463705331 ], [ 6033216.023136017844081, 2031656.808336878195405 ], [ 6032957.257885547354817, 2031669.520658463705331 ], [ 6032700.984685895033181, 2031707.535196613753214 ], [ 6032449.671588066034019, 2031770.485850545112044 ], [ 6032205.738874574191868, 2031857.76637104828842 ], [ 6031971.535750797018409, 2031968.53619899856858 ], [ 6031749.317720846273005, 2032101.728560399496928 ], [ 6031679.802010424435139, 2032153.284925008192658 ], [ 6031666.691907418891788, 2032161.14281834801659 ], [ 6031458.599052398465574, 2032315.474997949087992 ], [ 6031394.368530518375337, 2032373.690149619244039 ], [ 6031331.004984582774341, 2032420.683758076513186 ], [ 6031139.041352442465723, 2032594.669452621601522 ], [ 6030965.055657897144556, 2032786.633084762142971 ], [ 6030810.723478295840323, 2032994.725939782336354 ], [ 6030751.991218222305179, 2033092.714795832522213 ], [ 6030602.730102550238371, 2033293.97011266858317 ], [ 6030469.537741149775684, 2033516.188142619794235 ] ] ], [ [ [ 6081136.075290988199413, 2086786.768376471707597 ], [ 6080879.802091335877776, 2086824.782914621755481 ], [ 6080628.488993506878614, 2086887.73356855311431 ], [ 6080384.556280015036464, 2086975.014089056290686 ], [ 6080150.353156237863004, 2087085.783917006570846 ], [ 6079928.1351262871176, 2087218.976278407499194 ], [ 6079720.042271266691387, 2087373.308458008570597 ], [ 6079528.078639126382768, 2087547.294152553658932 ], [ 6079354.092944581061602, 2087739.257784694200382 ], [ 6079332.746551570482552, 2087768.040063784224913 ], [ 6079326.751559780910611, 2087774.654517930466682 ], [ 6079172.419380179606378, 2087982.747372950660065 ], [ 6079039.227018779143691, 2088204.96540290187113 ], [ 6078928.45719082839787, 2088439.168526678578928 ], [ 6078841.176670325919986, 2088683.101240170653909 ], [ 6078778.226016393862665, 2088934.414337999885902 ], [ 6078740.211478243581951, 2089190.687537652440369 ], [ 6078727.499156658537686, 2089449.452788122463971 ], [ 6078740.211478243581951, 2089708.218038592487574 ], [ 6078778.226016393862665, 2089964.491238245042041 ], [ 6078841.176670325919986, 2090215.804336074274033 ], [ 6078928.45719082839787, 2090459.737049566349015 ], [ 6079039.227018779143691, 2090693.940173343056813 ], [ 6079172.419380179606378, 2090916.158203294267878 ], [ 6079326.751559780910611, 2091124.251058314461261 ], [ 6079500.737254326231778, 2091316.21469045500271 ], [ 6079692.700886466540396, 2091490.200385 ], [ 6079900.79374148696661, 2091644.532564601162449 ], [ 6080123.011771437712014, 2091777.724926002090797 ], [ 6080166.456740563735366, 2091798.272866088431329 ], [ 6080183.224595030769706, 2091808.323131283279508 ], [ 6080417.427718807943165, 2091919.092959233559668 ], [ 6080661.360432299785316, 2092006.373479736736044 ], [ 6080912.673530128784478, 2092069.324133668094873 ], [ 6081168.946729781106114, 2092107.338671818142757 ], [ 6081427.711980251595378, 2092120.050993403652683 ], [ 6081686.477230722084641, 2092107.338671818142757 ], [ 6081942.750430374406278, 2092069.324133668094873 ], [ 6082194.06352820340544, 2092006.373479736736044 ], [ 6082437.996241695247591, 2091919.092959233559668 ], [ 6082672.19936547242105, 2091808.323131283279508 ], [ 6082894.417395423166454, 2091675.13076988235116 ], [ 6083102.510250443592668, 2091520.798590281279758 ], [ 6083294.473882583901286, 2091346.812895736191422 ], [ 6083468.459577129222453, 2091154.849263595649973 ], [ 6083622.791756730526686, 2090946.756408575456589 ], [ 6083755.984118130989373, 2090724.538378624245524 ], [ 6083866.753946081735194, 2090490.335254847537726 ], [ 6083869.998077111318707, 2090481.268516007810831 ], [ 6083883.560605756007135, 2090452.592958470573649 ], [ 6083970.841126258485019, 2090208.660244978498667 ], [ 6084033.79178019054234, 2089957.347147149266675 ], [ 6084071.806318340823054, 2089701.073947496712208 ], [ 6084084.518639925867319, 2089442.308697026688606 ], [ 6084071.806318340823054, 2089183.543446556665003 ], [ 6084033.79178019054234, 2088927.270246904110536 ], [ 6083970.841126258485019, 2088675.957149074878544 ], [ 6083883.560605756007135, 2088432.024435582803562 ], [ 6083772.790777805261314, 2088197.821311806095764 ], [ 6083639.598416404798627, 2087975.603281854884699 ], [ 6083485.266236803494394, 2087767.510426834691316 ], [ 6083311.280542258173227, 2087575.546794694149867 ], [ 6083119.316910117864609, 2087401.561100149061531 ], [ 6082911.224055097438395, 2087247.228920547990128 ], [ 6082689.006025146692991, 2087114.03655914706178 ], [ 6082676.956043430604041, 2087108.337342245271429 ], [ 6082639.327926679514349, 2087085.783917006570846 ], [ 6082405.124802902340889, 2086975.014089056290686 ], [ 6082161.192089410498738, 2086887.73356855311431 ], [ 6081909.878991581499577, 2086824.782914621755481 ], [ 6081653.60579192917794, 2086786.768376471707597 ], [ 6081394.840541458688676, 2086774.056054886197671 ], [ 6081136.075290988199413, 2086786.768376471707597 ] ] ], [ [ [ 6071038.968120737932622, 2098747.629387856926769 ], [ 6070780.202870267443359, 2098760.341709442436695 ], [ 6070523.929670615121722, 2098798.356247592251748 ], [ 6070272.616572786122561, 2098861.306901523843408 ], [ 6070028.68385929428041, 2098948.587422027252614 ], [ 6069794.48073551710695, 2099059.357249977067113 ], [ 6069572.262705566361547, 2099192.549611377995461 ], [ 6069364.169850545935333, 2099346.881790979299694 ], [ 6069172.206218405626714, 2099520.867485524620861 ], [ 6068998.220523860305548, 2099712.831117664929479 ], [ 6068843.888344259001315, 2099920.923972685355693 ], [ 6068823.029454237781465, 2099955.724928226321936 ], [ 6068810.087738557718694, 2099973.174811793491244 ], [ 6068676.895377157256007, 2100195.392841744236648 ], [ 6068566.125549206510186, 2100429.595965521410108 ], [ 6068559.586009579710662, 2100447.872754397336394 ], [ 6068543.925634312443435, 2100480.983835951890796 ], [ 6068456.645113809965551, 2100724.916549443732947 ], [ 6068393.69445987790823, 2100976.229647272732109 ], [ 6068355.679921727627516, 2101232.502846925519407 ], [ 6068342.967600142583251, 2101491.268097395543009 ], [ 6068355.679921727627516, 2101750.033347865566611 ], [ 6068393.69445987790823, 2102006.306547518353909 ], [ 6068456.645113809965551, 2102257.619645347353071 ], [ 6068543.925634312443435, 2102501.552358839195222 ], [ 6068654.695462263189256, 2102735.755482616368681 ], [ 6068787.887823663651943, 2102957.973512567114085 ], [ 6068942.220003264956176, 2103166.066367587540299 ], [ 6069116.205697810277343, 2103358.029999727848917 ], [ 6069308.169329950585961, 2103532.015694273170084 ], [ 6069516.262184971012175, 2103686.347873874474317 ], [ 6069738.480214921757579, 2103819.540235275402665 ], [ 6069972.683338698931038, 2103930.310063225217164 ], [ 6070216.616052190773189, 2104017.59058372862637 ], [ 6070298.5078185480088, 2104038.103403348010033 ], [ 6070414.361870495602489, 2104079.556645972654223 ], [ 6070665.67496832460165, 2104142.507299904245883 ], [ 6070921.948167976923287, 2104180.521838054060936 ], [ 6071180.71341844741255, 2104193.234159639570862 ], [ 6071439.478668917901814, 2104180.521838054060936 ], [ 6071695.751868570223451, 2104142.507299904245883 ], [ 6071947.064966399222612, 2104079.556645972654223 ], [ 6072190.997679891064763, 2103992.276125469245017 ], [ 6072425.200803668238223, 2103881.506297519430518 ], [ 6072647.418833618983626, 2103748.31393611850217 ], [ 6072855.51168863940984, 2103593.981756517197937 ], [ 6073047.475320779718459, 2103419.99606197187677 ], [ 6073221.461015325039625, 2103228.032429831568152 ], [ 6073375.793194926343858, 2103019.939574811141938 ], [ 6073508.985556326806545, 2102797.721544860396534 ], [ 6073619.755384277552366, 2102563.518421083223075 ], [ 6073707.035904780030251, 2102319.585707591380924 ], [ 6073769.986558712087572, 2102068.272609762381762 ], [ 6073808.001096862368286, 2101811.999410109594464 ], [ 6073820.71341844741255, 2101553.234159639570862 ], [ 6073808.001096862368286, 2101294.46890916954726 ], [ 6073769.986558712087572, 2101038.195709516759962 ], [ 6073707.035904780030251, 2100786.8826116877608 ], [ 6073686.37462087534368, 2100729.13819153374061 ], [ 6073676.348234673030674, 2100689.110614072997123 ], [ 6073589.06771417055279, 2100445.177900581154972 ], [ 6073478.297886219806969, 2100210.974776803981513 ], [ 6073345.105524819344282, 2099988.756746853236109 ], [ 6073190.773345218040049, 2099780.663891832809895 ], [ 6073016.787650672718883, 2099588.700259692501277 ], [ 6072824.824018532410264, 2099414.71456514718011 ], [ 6072616.73116351198405, 2099260.382385545875877 ], [ 6072514.581680226139724, 2099199.156341476831585 ], [ 6072505.673535909503698, 2099192.549611377995461 ], [ 6072283.455505958758295, 2099059.357249977067113 ], [ 6072049.252382181584835, 2098948.587422027252614 ], [ 6071805.319668689742684, 2098861.306901523843408 ], [ 6071554.006570860743523, 2098798.356247592251748 ], [ 6071297.733371208421886, 2098760.341709442436695 ], [ 6071038.968120737932622, 2098747.629387856926769 ] ] ], [ [ [ 6052449.561345879919827, 2114974.627085317391902 ], [ 6052198.248248050920665, 2114911.676431385800242 ], [ 6051941.975048398599029, 2114873.66189323598519 ], [ 6051683.209797928109765, 2114860.949571650475264 ], [ 6051424.444547457620502, 2114873.66189323598519 ], [ 6051315.416391189210117, 2114889.834692465607077 ], [ 6051300.499319560825825, 2114890.567521202377975 ], [ 6051044.226119908504188, 2114928.582059352193028 ], [ 6050792.913022079505026, 2114991.532713283784688 ], [ 6050548.980308587662876, 2115078.813233787193894 ], [ 6050314.777184810489416, 2115189.583061737008393 ], [ 6050092.559154859744012, 2115322.775423137936741 ], [ 6049884.466299839317799, 2115477.107602739240974 ], [ 6049692.50266769900918, 2115651.093297284562141 ], [ 6049518.516973153688014, 2115843.056929424870759 ], [ 6049364.18479355238378, 2116051.149784445296973 ], [ 6049230.992432151921093, 2116273.367814396042377 ], [ 6049120.222604201175272, 2116507.570938173215836 ], [ 6049032.942083698697388, 2116751.503651665057987 ], [ 6048988.757703504525125, 2116927.89758514566347 ], [ 6048899.575542307458818, 2116950.236553607042879 ], [ 6048655.642828815616667, 2117037.517074110452086 ], [ 6048421.439705038443208, 2117148.286902060266584 ], [ 6048398.54511646181345, 2117162.009390359278768 ], [ 6048355.621966233476996, 2117182.310528487432748 ], [ 6048133.403936282731593, 2117315.502889888361096 ], [ 6047925.311081262305379, 2117469.835069489665329 ], [ 6047733.34744912199676, 2117643.820764034986496 ], [ 6047559.361754576675594, 2117835.784396175295115 ], [ 6047405.029574975371361, 2118043.877251195721328 ], [ 6047271.837213574908674, 2118266.095281146466732 ], [ 6047161.067385624162853, 2118500.298404923640192 ], [ 6047073.786865121684968, 2118744.231118415482342 ], [ 6047010.836211189627647, 2118995.544216244481504 ], [ 6046972.821673039346933, 2119251.817415897268802 ], [ 6046960.109351454302669, 2119510.582666367292404 ], [ 6046972.821673039346933, 2119769.347916837316006 ], [ 6047010.836211189627647, 2120025.621116490103304 ], [ 6047073.786865121684968, 2120276.934214319102466 ], [ 6047161.067385624162853, 2120520.866927810944617 ], [ 6047258.365387240424752, 2120726.586267972830683 ], [ 6047267.965175807476044, 2120764.910772207658738 ], [ 6047355.245696309953928, 2121008.843485699500889 ], [ 6047466.015524260699749, 2121243.046609476674348 ], [ 6047490.725556442514062, 2121284.272807538043708 ], [ 6047514.887346887029707, 2121351.800488080363721 ], [ 6047625.657174837775528, 2121586.00361185753718 ], [ 6047758.849536238238215, 2121808.221641808282584 ], [ 6047867.052117680199444, 2121954.115933919325471 ], [ 6047880.990242956206203, 2122009.760049146134406 ], [ 6047968.270763458684087, 2122253.692762637976557 ], [ 6048079.040591409429908, 2122487.895886415150017 ], [ 6048212.232952809892595, 2122710.11391636589542 ], [ 6048366.565132411196828, 2122918.206771386321634 ], [ 6048442.074101770296693, 2123001.51808071648702 ], [ 6048459.288474383763969, 2123037.914813604671508 ], [ 6048592.480835784226656, 2123260.132843555416912 ], [ 6048746.813015385530889, 2123468.225698575843126 ], [ 6048920.798709930852056, 2123660.189330716151744 ], [ 6049112.762342071160674, 2123834.175025261472911 ], [ 6049320.855197091586888, 2123988.507204862777144 ], [ 6049543.073227042332292, 2124121.699566263705492 ], [ 6049777.276350819505751, 2124232.46939421351999 ], [ 6050021.209064311347902, 2124319.749914716929197 ], [ 6050191.806870561093092, 2124362.482440619729459 ], [ 6050224.496119886636734, 2124374.178841053973883 ], [ 6050475.809217715635896, 2124437.129494985565543 ], [ 6050732.082417367957532, 2124475.144033135380596 ], [ 6050990.847667838446796, 2124487.856354720890522 ], [ 6051249.612918308936059, 2124475.144033135380596 ], [ 6051505.886117961257696, 2124437.129494985565543 ], [ 6051757.199215790256858, 2124374.178841053973883 ], [ 6052001.131929282099009, 2124286.898320550564677 ], [ 6052235.335053059272468, 2124176.128492600750178 ], [ 6052457.553083010017872, 2124042.93613119982183 ], [ 6052665.645938030444086, 2123888.603951598517597 ], [ 6052857.609570170752704, 2123714.61825705319643 ], [ 6053031.595264716073871, 2123522.654624912887812 ], [ 6053185.927444317378104, 2123314.561769892461598 ], [ 6053319.119805717840791, 2123092.343739941716194 ], [ 6053429.889633668586612, 2122858.140616164542735 ], [ 6053517.170154171064496, 2122614.207902672700584 ], [ 6053580.120808103121817, 2122362.894804843701422 ], [ 6053618.135346253402531, 2122106.621605190914124 ], [ 6053630.847667838446796, 2121847.856354720890522 ], [ 6053618.135346253402531, 2121589.09110425086692 ], [ 6053580.120808103121817, 2121332.817904598079622 ], [ 6053517.170154171064496, 2121081.50480676908046 ], [ 6053429.889633668586612, 2120837.572093277238309 ], [ 6053319.119805717840791, 2120603.36896950006485 ], [ 6053185.927444317378104, 2120381.150939549319446 ], [ 6053031.595264716073871, 2120173.058084528893232 ], [ 6052951.003871349617839, 2120084.139184441417456 ], [ 6052944.997952751815319, 2120071.44073647307232 ], [ 6052903.167755853384733, 2120001.651269198395312 ], [ 6053025.226051336154342, 2119943.921994830016047 ], [ 6053247.444081286899745, 2119810.729633429087698 ], [ 6053455.536936307325959, 2119656.397453827783465 ], [ 6053647.500568447634578, 2119482.411759282462299 ], [ 6053821.486262992955744, 2119290.44812714215368 ], [ 6053975.818442594259977, 2119082.355272121727467 ], [ 6054109.010803994722664, 2118860.137242170982063 ], [ 6054219.780631945468485, 2118625.934118393808603 ], [ 6054307.06115244794637, 2118382.001404901966453 ], [ 6054370.011806380003691, 2118130.688307072967291 ], [ 6054408.026344530284405, 2117874.415107420179993 ], [ 6054420.73866611532867, 2117615.649856950156391 ], [ 6054408.026344530284405, 2117356.884606480132788 ], [ 6054370.011806380003691, 2117100.61140682734549 ], [ 6054307.06115244794637, 2116849.298308998346329 ], [ 6054219.780631945468485, 2116605.365595506504178 ], [ 6054109.010803994722664, 2116371.162471729330719 ], [ 6053975.818442594259977, 2116148.944441778585315 ], [ 6053821.486262992955744, 2115940.851586758159101 ], [ 6053752.909876425750554, 2115865.189203831367195 ], [ 6053723.95739480573684, 2115826.151301458477974 ], [ 6053549.971700260415673, 2115634.187669318169355 ], [ 6053358.008068120107055, 2115460.201974772848189 ], [ 6053149.915213099680841, 2115305.869795171543956 ], [ 6052927.697183148935437, 2115172.677433770615608 ], [ 6052693.494059371761978, 2115061.907605820801109 ], [ 6052449.561345879919827, 2114974.627085317391902 ] ] ], [ [ [ 6044249.380049057304859, 2118185.741581824608147 ], [ 6044015.1769252801314, 2118074.971753874793649 ], [ 6043771.244211788289249, 2117987.691233371384442 ], [ 6043519.931113959290087, 2117924.740579439792782 ], [ 6043263.657914306968451, 2117886.726041289977729 ], [ 6043004.892663836479187, 2117874.013719704467803 ], [ 6042746.127413365989923, 2117886.726041289977729 ], [ 6042489.854213713668287, 2117924.740579439792782 ], [ 6042238.541115884669125, 2117987.691233371384442 ], [ 6041994.608402392826974, 2118074.971753874793649 ], [ 6041760.405278615653515, 2118185.741581824608147 ], [ 6041538.187248664908111, 2118318.933943225536495 ], [ 6041330.094393644481897, 2118473.266122826840729 ], [ 6041138.130761504173279, 2118647.251817372161895 ], [ 6040964.145066958852112, 2118839.215449512470514 ], [ 6040809.812887357547879, 2119047.308304532896727 ], [ 6040676.620525957085192, 2119269.526334483642131 ], [ 6040565.850698006339371, 2119503.729458260815591 ], [ 6040478.570177503861487, 2119747.662171752657741 ], [ 6040415.619523571804166, 2119998.975269581656903 ], [ 6040377.604985421523452, 2120255.248469234444201 ], [ 6040364.892663836479187, 2120514.013719704467803 ], [ 6040377.604985421523452, 2120772.778970174491405 ], [ 6040415.619523571804166, 2121029.052169827278703 ], [ 6040478.570177503861487, 2121280.365267656277865 ], [ 6040565.850698006339371, 2121524.297981148120016 ], [ 6040676.620525957085192, 2121758.501104925293475 ], [ 6040691.339963625185192, 2121783.059003037400544 ], [ 6040703.594999191351235, 2121808.97009872738272 ], [ 6040836.787360591813922, 2122031.188128678128123 ], [ 6040991.119540193118155, 2122239.280983698554337 ], [ 6041165.105234738439322, 2122431.244615838862956 ], [ 6041357.06886687874794, 2122605.230310384184122 ], [ 6041565.161721899174154, 2122759.562489985488355 ], [ 6041787.379751849919558, 2122892.754851386416703 ], [ 6042021.582875627093017, 2123003.524679336231202 ], [ 6042265.515589118935168, 2123090.805199839640409 ], [ 6042516.82868694793433, 2123153.755853771232069 ], [ 6042773.101886600255966, 2123191.770391921047121 ], [ 6043031.86713707074523, 2123204.482713506557047 ], [ 6043290.632387541234493, 2123191.770391921047121 ], [ 6043546.90558719355613, 2123153.755853771232069 ], [ 6043798.218685022555292, 2123090.805199839640409 ], [ 6044042.151398514397442, 2123003.524679336231202 ], [ 6044276.354522291570902, 2122892.754851386416703 ], [ 6044498.572552242316306, 2122759.562489985488355 ], [ 6044706.665407262742519, 2122605.230310384184122 ], [ 6044898.629039403051138, 2122431.244615838862956 ], [ 6045072.614733948372304, 2122239.280983698554337 ], [ 6045226.946913549676538, 2122031.188128678128123 ], [ 6045360.139274950139225, 2121808.97009872738272 ], [ 6045470.909102900885046, 2121574.76697495020926 ], [ 6045558.18962340336293, 2121330.834261458367109 ], [ 6045621.140277335420251, 2121079.521163629367948 ], [ 6045659.154815485700965, 2120823.24796397658065 ], [ 6045671.86713707074523, 2120564.482713506557047 ], [ 6045659.154815485700965, 2120305.717463036533445 ], [ 6045621.140277335420251, 2120049.444263383746147 ], [ 6045558.18962340336293, 2119798.131165554746985 ], [ 6045470.909102900885046, 2119554.198452062904835 ], [ 6045360.139274950139225, 2119319.995328285731375 ], [ 6045345.419837282039225, 2119295.437430173624307 ], [ 6045333.164801715873182, 2119269.526334483642131 ], [ 6045199.972440315410495, 2119047.308304532896727 ], [ 6045045.640260714106262, 2118839.215449512470514 ], [ 6044871.654566168785095, 2118647.251817372161895 ], [ 6044679.690934028476477, 2118473.266122826840729 ], [ 6044471.598079008050263, 2118318.933943225536495 ], [ 6044249.380049057304859, 2118185.741581824608147 ] ] ], [ [ [ 6053607.15874688513577, 2127693.395605294499546 ], [ 6053452.826567283831537, 2127485.302750274073333 ], [ 6053278.84087273851037, 2127293.339118133764714 ], [ 6053086.877240598201752, 2127119.353423588443547 ], [ 6052878.784385577775538, 2126965.021243987139314 ], [ 6052656.566355627030134, 2126831.828882586210966 ], [ 6052422.363231849856675, 2126721.059054636396468 ], [ 6052178.430518358014524, 2126633.778534132987261 ], [ 6051927.117420529015362, 2126570.827880201395601 ], [ 6051670.844220876693726, 2126532.813342051580548 ], [ 6051412.078970406204462, 2126520.101020466070622 ], [ 6051153.313719935715199, 2126532.813342051580548 ], [ 6050897.040520283393562, 2126570.827880201395601 ], [ 6050645.7274224543944, 2126633.778534132987261 ], [ 6050401.794708962552249, 2126721.059054636396468 ], [ 6050167.59158518537879, 2126831.828882586210966 ], [ 6049945.373555234633386, 2126965.021243987139314 ], [ 6049737.280700214207172, 2127119.353423588443547 ], [ 6049545.317068073898554, 2127293.339118133764714 ], [ 6049371.331373528577387, 2127485.302750274073333 ], [ 6049216.999193927273154, 2127693.395605294499546 ], [ 6049083.806832526810467, 2127915.61363524524495 ], [ 6048973.037004576064646, 2128149.81675902241841 ], [ 6048885.756484073586762, 2128393.74947251426056 ], [ 6048822.805830141529441, 2128645.062570343259722 ], [ 6048784.791291991248727, 2128901.33576999604702 ], [ 6048772.078970406204462, 2129160.101020466070622 ], [ 6048784.791291991248727, 2129418.866270936094224 ], [ 6048822.805830141529441, 2129675.139470588881522 ], [ 6048885.756484073586762, 2129926.452568417880684 ], [ 6048973.037004576064646, 2130170.385281909722835 ], [ 6049083.806832526810467, 2130404.588405686896294 ], [ 6049216.999193927273154, 2130626.806435637641698 ], [ 6049371.331373528577387, 2130834.899290658067912 ], [ 6049545.317068073898554, 2131026.86292279837653 ], [ 6049737.280700214207172, 2131200.848617343697697 ], [ 6049945.373555234633386, 2131355.18079694500193 ], [ 6050167.59158518537879, 2131488.373158345930278 ], [ 6050401.794708962552249, 2131599.142986295744777 ], [ 6050645.7274224543944, 2131686.423506799153984 ], [ 6050897.040520283393562, 2131749.374160730745643 ], [ 6051153.313719935715199, 2131787.388698880560696 ], [ 6051412.078970406204462, 2131800.101020466070622 ], [ 6051670.844220876693726, 2131787.388698880560696 ], [ 6051927.117420529015362, 2131749.374160730745643 ], [ 6052178.430518358014524, 2131686.423506799153984 ], [ 6052422.363231849856675, 2131599.142986295744777 ], [ 6052656.566355627030134, 2131488.373158345930278 ], [ 6052878.784385577775538, 2131355.18079694500193 ], [ 6053086.877240598201752, 2131200.848617343697697 ], [ 6053278.84087273851037, 2131026.86292279837653 ], [ 6053452.826567283831537, 2130834.899290658067912 ], [ 6053607.15874688513577, 2130626.806435637641698 ], [ 6053740.351108285598457, 2130404.588405686896294 ], [ 6053851.120936236344278, 2130170.385281909722835 ], [ 6053938.401456738822162, 2129926.452568417880684 ], [ 6054001.352110670879483, 2129675.139470588881522 ], [ 6054039.366648821160197, 2129418.866270936094224 ], [ 6054052.078970406204462, 2129160.101020466070622 ], [ 6054039.366648821160197, 2128901.33576999604702 ], [ 6054001.352110670879483, 2128645.062570343259722 ], [ 6053938.401456738822162, 2128393.74947251426056 ], [ 6053851.120936236344278, 2128149.81675902241841 ], [ 6053740.351108285598457, 2127915.61363524524495 ], [ 6053607.15874688513577, 2127693.395605294499546 ] ] ], [ [ [ 6058164.980406046845019, 2133227.158777692820877 ], [ 6058010.648226445540786, 2133019.065922672394663 ], [ 6057836.662531900219619, 2132827.102290532086045 ], [ 6057644.698899759911001, 2132653.116595986764878 ], [ 6057436.606044739484787, 2132498.784416385460645 ], [ 6057214.388014788739383, 2132365.592054984532297 ], [ 6056980.184891011565924, 2132254.822227034717798 ], [ 6056736.252177519723773, 2132167.541706531308591 ], [ 6056484.939079690724611, 2132104.591052599716932 ], [ 6056228.665880038402975, 2132066.576514449901879 ], [ 6055969.900629567913711, 2132053.864192864391953 ], [ 6055711.135379097424448, 2132066.576514449901879 ], [ 6055454.862179445102811, 2132104.591052599716932 ], [ 6055203.549081616103649, 2132167.541706531308591 ], [ 6055131.054001946933568, 2132193.480860804207623 ], [ 6055063.904772664420307, 2132210.300867126323283 ], [ 6054819.972059172578156, 2132297.58138762973249 ], [ 6054585.768935395404696, 2132408.351215579546988 ], [ 6054363.550905444659293, 2132541.543576980475336 ], [ 6054155.458050424233079, 2132695.875756581779569 ], [ 6053963.49441828392446, 2132869.861451127100736 ], [ 6053789.508723738603294, 2133061.825083267409354 ], [ 6053635.176544137299061, 2133269.917938287835568 ], [ 6053501.984182736836374, 2133492.135968238580972 ], [ 6053391.214354786090553, 2133726.339092015754431 ], [ 6053303.933834283612669, 2133970.271805507596582 ], [ 6053240.983180351555347, 2134221.584903336595744 ], [ 6053202.968642201274633, 2134477.858102989383042 ], [ 6053190.256320616230369, 2134736.623353459406644 ], [ 6053202.968642201274633, 2134995.388603929430246 ], [ 6053240.983180351555347, 2135251.661803582217544 ], [ 6053303.933834283612669, 2135502.974901411216706 ], [ 6053391.214354786090553, 2135746.907614903058857 ], [ 6053501.984182736836374, 2135981.110738680232316 ], [ 6053635.176544137299061, 2136203.32876863097772 ], [ 6053789.508723738603294, 2136411.421623651403934 ], [ 6053963.49441828392446, 2136603.385255791712552 ], [ 6054155.458050424233079, 2136777.370950337033719 ], [ 6054363.550905444659293, 2136931.703129938337952 ], [ 6054585.768935395404696, 2137064.8954913392663 ], [ 6054819.972059172578156, 2137175.665319289080799 ], [ 6055063.904772664420307, 2137262.945839792490005 ], [ 6055315.217870493419468, 2137325.896493724081665 ], [ 6055571.491070145741105, 2137363.911031873896718 ], [ 6055830.256320616230369, 2137376.623353459406644 ], [ 6056089.021571086719632, 2137363.911031873896718 ], [ 6056345.294770739041269, 2137325.896493724081665 ], [ 6056596.607868568040431, 2137262.945839792490005 ], [ 6056669.102948237210512, 2137237.006685519590974 ], [ 6056736.252177519723773, 2137220.186679197475314 ], [ 6056980.184891011565924, 2137132.906158694066107 ], [ 6057214.388014788739383, 2137022.136330744251609 ], [ 6057436.606044739484787, 2136888.943969343323261 ], [ 6057644.698899759911001, 2136734.611789742019027 ], [ 6057836.662531900219619, 2136560.626095196697861 ], [ 6058010.648226445540786, 2136368.662463056389242 ], [ 6058164.980406046845019, 2136160.569608035963029 ], [ 6058298.172767447307706, 2135938.351578085217625 ], [ 6058408.942595398053527, 2135704.148454308044165 ], [ 6058496.223115900531411, 2135460.215740816202015 ], [ 6058559.173769832588732, 2135208.902642987202853 ], [ 6058597.188307982869446, 2134952.629443334415555 ], [ 6058609.900629567913711, 2134693.864192864391953 ], [ 6058597.188307982869446, 2134435.098942394368351 ], [ 6058559.173769832588732, 2134178.825742741581053 ], [ 6058496.223115900531411, 2133927.512644912581891 ], [ 6058408.942595398053527, 2133683.57993142073974 ], [ 6058298.172767447307706, 2133449.376807643566281 ], [ 6058164.980406046845019, 2133227.158777692820877 ] ] ], [ [ [ 6052219.3392323423177, 2135474.051806565374136 ], [ 6051997.121202391572297, 2135340.859445164445788 ], [ 6051762.918078614398837, 2135230.089617214631289 ], [ 6051518.985365122556686, 2135142.809096711222082 ], [ 6051267.672267293557525, 2135079.858442779630423 ], [ 6051011.399067641235888, 2135041.84390462981537 ], [ 6050752.633817170746624, 2135029.131583044305444 ], [ 6050493.868566700257361, 2135041.84390462981537 ], [ 6050237.595367047935724, 2135079.858442779630423 ], [ 6049986.282269218936563, 2135142.809096711222082 ], [ 6049742.349555727094412, 2135230.089617214631289 ], [ 6049508.146431949920952, 2135340.859445164445788 ], [ 6049285.928401999175549, 2135474.051806565374136 ], [ 6049077.835546978749335, 2135628.383986166678369 ], [ 6048885.871914838440716, 2135802.369680711999536 ], [ 6048711.88622029311955, 2135994.333312852308154 ], [ 6048557.554040691815317, 2136202.426167872734368 ], [ 6048540.2485834332183, 2136231.298579015303403 ], [ 6048468.81792829092592, 2136327.611668112687767 ], [ 6048335.625566890463233, 2136549.82969806343317 ], [ 6048330.637464601546526, 2136560.376154254190624 ], [ 6048318.834960923530161, 2136580.067442014813423 ], [ 6048208.06513297278434, 2136814.270565791986883 ], [ 6048120.784612470306456, 2137058.203279283829033 ], [ 6048057.833958538249135, 2137309.516377112828195 ], [ 6048019.819420387968421, 2137565.789576765615493 ], [ 6048007.107098802924156, 2137824.554827235639095 ], [ 6048019.819420387968421, 2138083.320077705662698 ], [ 6048057.833958538249135, 2138339.593277358449996 ], [ 6048120.784612470306456, 2138590.906375187449157 ], [ 6048142.090927348472178, 2138650.453536143992096 ], [ 6048154.659523725509644, 2138700.63018552865833 ], [ 6048187.882311671040952, 2138793.481657617725432 ], [ 6048191.301676853559911, 2138807.132528624031693 ], [ 6048278.582197356037796, 2139051.065242115873843 ], [ 6048389.352025306783617, 2139285.268365893047303 ], [ 6048522.544386707246304, 2139507.486395843792707 ], [ 6048676.876566308550537, 2139715.57925086421892 ], [ 6048850.862260853871703, 2139907.542883004527539 ], [ 6049042.825892994180322, 2140081.528577549848706 ], [ 6049250.918748014606535, 2140235.860757151152939 ], [ 6049473.136777965351939, 2140369.053118552081287 ], [ 6049707.339901742525399, 2140479.822946501895785 ], [ 6049951.272615234367549, 2140567.103467005304992 ], [ 6050202.585713063366711, 2140630.054120936896652 ], [ 6050458.858912715688348, 2140668.068659086711705 ], [ 6050717.624163186177611, 2140680.780980672221631 ], [ 6050976.389413656666875, 2140668.068659086711705 ], [ 6051232.662613308988512, 2140630.054120936896652 ], [ 6051483.975711137987673, 2140567.103467005304992 ], [ 6051727.908424629829824, 2140479.822946501895785 ], [ 6051962.111548407003284, 2140369.053118552081287 ], [ 6052184.329578357748687, 2140235.860757151152939 ], [ 6052392.422433378174901, 2140081.528577549848706 ], [ 6052584.38606551848352, 2139907.542883004527539 ], [ 6052758.371760063804686, 2139715.57925086421892 ], [ 6052912.703939665108919, 2139507.486395843792707 ], [ 6052921.200647975318134, 2139493.31049444898963 ], [ 6052927.876274444162846, 2139484.309454130940139 ], [ 6053061.068635844625533, 2139262.091424180194736 ], [ 6053171.838463795371354, 2139027.888300403021276 ], [ 6053259.118984297849238, 2138783.955586911179125 ], [ 6053301.602546299807727, 2138614.351700269151479 ], [ 6053318.961865863762796, 2138565.835652229841799 ], [ 6053381.912519795820117, 2138314.522554400842637 ], [ 6053419.927057946100831, 2138058.249354748055339 ], [ 6053432.639379531145096, 2137799.484104278031737 ], [ 6053419.927057946100831, 2137540.718853808008134 ], [ 6053381.912519795820117, 2137284.445654155220836 ], [ 6053318.961865863762796, 2137033.132556326221675 ], [ 6053294.443437331356108, 2136964.608139100950211 ], [ 6053278.956303503364325, 2136902.780035092495382 ], [ 6053191.67578300088644, 2136658.847321600653231 ], [ 6053080.905955050140619, 2136424.644197823479772 ], [ 6052947.713593649677932, 2136202.426167872734368 ], [ 6052793.381414048373699, 2135994.333312852308154 ], [ 6052619.395719503052533, 2135802.369680711999536 ], [ 6052427.432087362743914, 2135628.383986166678369 ], [ 6052219.3392323423177, 2135474.051806565374136 ] ] ], [ [ [ 6051047.395794864743948, 2141259.066987237893045 ], [ 6050791.122595212422311, 2141297.081525387708098 ], [ 6050539.80949738342315, 2141360.032179319299757 ], [ 6050295.876783891580999, 2141447.312699822708964 ], [ 6050061.673660114407539, 2141558.082527772523463 ], [ 6049839.455630163662136, 2141691.274889173451811 ], [ 6049631.362775143235922, 2141845.607068774756044 ], [ 6049439.399143002927303, 2142019.592763320077211 ], [ 6049265.413448457606137, 2142211.556395460385829 ], [ 6049111.081268856301904, 2142419.649250480812043 ], [ 6048977.888907455839217, 2142641.867280431557447 ], [ 6048867.119079505093396, 2142876.070404208730906 ], [ 6048779.838559002615511, 2143120.003117700573057 ], [ 6048716.88790507055819, 2143371.316215529572219 ], [ 6048682.284961207769811, 2143604.590314667206258 ], [ 6048652.875832652673125, 2143577.935434258077294 ], [ 6048444.782977632246912, 2143423.603254656773061 ], [ 6048222.564947681501508, 2143290.410893255844712 ], [ 6047988.361823904328048, 2143179.641065306030214 ], [ 6047744.429110412485898, 2143092.360544802621007 ], [ 6047493.116012583486736, 2143029.409890871029347 ], [ 6047236.842812931165099, 2142991.395352721214294 ], [ 6046978.077562460675836, 2142978.683031135704368 ], [ 6046719.312311990186572, 2142991.395352721214294 ], [ 6046463.039112337864935, 2143029.409890871029347 ], [ 6046211.726014508865774, 2143092.360544802621007 ], [ 6045967.793301017023623, 2143179.641065306030214 ], [ 6045733.590177239850163, 2143290.410893255844712 ], [ 6045705.689688866958022, 2143307.133802425116301 ], [ 6045687.109408656135201, 2143315.921620490960777 ], [ 6045464.891378705389798, 2143449.113981891889125 ], [ 6045256.798523684963584, 2143603.446161493193358 ], [ 6045064.834891544654965, 2143777.431856038514525 ], [ 6044890.849196999333799, 2143969.395488178823143 ], [ 6044736.517017398029566, 2144177.488343199249357 ], [ 6044603.324655997566879, 2144399.706373149994761 ], [ 6044492.554828046821058, 2144633.90949692716822 ], [ 6044405.274307544343174, 2144877.842210419010371 ], [ 6044342.323653612285852, 2145129.155308248009533 ], [ 6044304.309115462005138, 2145385.428507900796831 ], [ 6044291.596793876960874, 2145644.193758370820433 ], [ 6044304.309115462005138, 2145902.959008840844035 ], [ 6044342.323653612285852, 2146159.232208493631333 ], [ 6044405.274307544343174, 2146410.545306322630495 ], [ 6044492.554828046821058, 2146654.478019814472646 ], [ 6044603.324655997566879, 2146888.681143591646105 ], [ 6044736.517017398029566, 2147110.899173542391509 ], [ 6044890.849196999333799, 2147318.992028562817723 ], [ 6045064.834891544654965, 2147510.955660703126341 ], [ 6045256.798523684963584, 2147684.941355248447508 ], [ 6045464.891378705389798, 2147839.273534849751741 ], [ 6045687.109408656135201, 2147972.465896250680089 ], [ 6045921.312532433308661, 2148083.235724200494587 ], [ 6046165.245245925150812, 2148170.516244703903794 ], [ 6046416.558343754149973, 2148233.466898635495454 ], [ 6046672.83154340647161, 2148271.481436785310507 ], [ 6046931.596793876960874, 2148284.193758370820433 ], [ 6047190.362044347450137, 2148271.481436785310507 ], [ 6047446.635243999771774, 2148233.466898635495454 ], [ 6047697.948341828770936, 2148170.516244703903794 ], [ 6047941.881055320613086, 2148083.235724200494587 ], [ 6048176.084179097786546, 2147972.465896250680089 ], [ 6048203.984667470678687, 2147955.742987081408501 ], [ 6048222.564947681501508, 2147946.955169015564024 ], [ 6048444.782977632246912, 2147813.762807614635676 ], [ 6048652.875832652673125, 2147659.430628013331443 ], [ 6048844.839464792981744, 2147485.444933468010277 ], [ 6049018.82515933830291, 2147293.481301327701658 ], [ 6049173.157338939607143, 2147085.388446307275444 ], [ 6049306.34970034006983, 2146863.170416356530041 ], [ 6049417.119528290815651, 2146628.967292579356581 ], [ 6049500.244755503721535, 2146396.647845845669508 ], [ 6049589.80311466101557, 2146477.818811129778624 ], [ 6049797.895969681441784, 2146632.150990731082857 ], [ 6050020.113999632187188, 2146765.343352132011205 ], [ 6050254.317123409360647, 2146876.113180081825703 ], [ 6050498.249836901202798, 2146963.39370058523491 ], [ 6050749.56293473020196, 2147026.34435451682657 ], [ 6051005.836134382523596, 2147064.358892666641623 ], [ 6051264.60138485301286, 2147077.071214252151549 ], [ 6051310.55350892432034, 2147074.813731156289577 ], [ 6051330.978347865864635, 2147075.817139150574803 ], [ 6051589.743598336353898, 2147063.104817565064877 ], [ 6051846.016797988675535, 2147025.090279415249825 ], [ 6052097.329895817674696, 2146962.139625483658165 ], [ 6052341.262609309516847, 2146874.859104980248958 ], [ 6052575.465733086690307, 2146764.089277030434459 ], [ 6052797.68376303743571, 2146630.896915629506111 ], [ 6053005.776618057861924, 2146476.564736028201878 ], [ 6053197.740250198170543, 2146302.579041482880712 ], [ 6053371.725944743491709, 2146110.615409342572093 ], [ 6053526.058124344795942, 2145902.522554322145879 ], [ 6053659.250485745258629, 2145680.304524371400476 ], [ 6053770.02031369600445, 2145446.101400594227016 ], [ 6053857.300834198482335, 2145202.168687102384865 ], [ 6053920.251488130539656, 2144950.855589273385704 ], [ 6053952.298505436629057, 2144734.812147367745638 ], [ 6053955.140551785007119, 2144726.86915993411094 ], [ 6054018.09120571706444, 2144475.556062105111778 ], [ 6054056.105743867345154, 2144219.28286245232448 ], [ 6054068.818065452389419, 2143960.517611982300878 ], [ 6054056.105743867345154, 2143701.752361512277275 ], [ 6054018.09120571706444, 2143445.479161859489977 ], [ 6053955.140551785007119, 2143194.166064030490816 ], [ 6053867.860031282529235, 2142950.233350538648665 ], [ 6053757.090203331783414, 2142716.030226761475205 ], [ 6053623.897841931320727, 2142493.812196810729802 ], [ 6053469.565662330016494, 2142285.719341790303588 ], [ 6053295.579967784695327, 2142093.755709649994969 ], [ 6053103.616335644386709, 2141919.770015104673803 ], [ 6052895.523480623960495, 2141765.43783550336957 ], [ 6052777.401087172329426, 2141694.637997516896576 ], [ 6052772.866460506804287, 2141691.274889173451811 ], [ 6052550.648430556058884, 2141558.082527772523463 ], [ 6052316.445306778885424, 2141447.312699822708964 ], [ 6052072.512593287043273, 2141360.032179319299757 ], [ 6051821.199495458044112, 2141297.081525387708098 ], [ 6051564.926295805722475, 2141259.066987237893045 ], [ 6051306.161045335233212, 2141246.354665652383119 ], [ 6051047.395794864743948, 2141259.066987237893045 ] ] ], [ [ [ 6158957.2811333341524, 1936645.843717419775203 ], [ 6158698.515882863663137, 1936658.556039005285129 ], [ 6158442.2426832113415, 1936696.570577155333012 ], [ 6158190.929585382342339, 1936759.521231086691841 ], [ 6157946.996871890500188, 1936846.801751589868218 ], [ 6157712.793748113326728, 1936957.571579540148377 ], [ 6157490.575718162581325, 1937090.763940941076726 ], [ 6157282.482863142155111, 1937245.096120542148128 ], [ 6157090.519231001846492, 1937419.081815087236464 ], [ 6156916.533536456525326, 1937611.045447227777913 ], [ 6156762.201356855221093, 1937819.138302247971296 ], [ 6156629.008995454758406, 1938041.356332199182361 ], [ 6156518.239167504012585, 1938275.55945597589016 ], [ 6156430.9586470015347, 1938519.492169467965141 ], [ 6156368.007993069477379, 1938770.805267297197133 ], [ 6156329.993454919196665, 1939027.078466949751601 ], [ 6156317.2811333341524, 1939285.843717419775203 ], [ 6156329.993454919196665, 1939544.608967889798805 ], [ 6156368.007993069477379, 1939800.882167542353272 ], [ 6156430.9586470015347, 1940052.195265371585265 ], [ 6156518.239167504012585, 1940296.127978863660246 ], [ 6156629.008995454758406, 1940530.331102640368044 ], [ 6156762.201356855221093, 1940752.549132591579109 ], [ 6156916.533536456525326, 1940960.641987611772493 ], [ 6157090.519231001846492, 1941152.605619752313942 ], [ 6157282.482863142155111, 1941326.591314297402278 ], [ 6157490.575718162581325, 1941480.92349389847368 ], [ 6157508.255866955034435, 1941491.520567268831655 ], [ 6157515.868700422346592, 1941497.166629368439317 ], [ 6157738.086730373091996, 1941630.358990769367665 ], [ 6157972.289854150265455, 1941741.128818719647825 ], [ 6158216.222567642107606, 1941828.409339222824201 ], [ 6158467.535665471106768, 1941891.35999315418303 ], [ 6158723.808865123428404, 1941929.374531304230914 ], [ 6158982.574115593917668, 1941942.08685288974084 ], [ 6159241.339366064406931, 1941929.374531304230914 ], [ 6159497.612565716728568, 1941891.35999315418303 ], [ 6159748.92566354572773, 1941828.409339222824201 ], [ 6159992.85837703756988, 1941741.128818719647825 ], [ 6160227.06150081474334, 1941630.358990769367665 ], [ 6160449.279530765488744, 1941497.166629368439317 ], [ 6160657.372385785914958, 1941342.834449767367914 ], [ 6160849.336017926223576, 1941168.848755222279578 ], [ 6161023.321712471544743, 1940976.885123081738129 ], [ 6161177.653892072848976, 1940768.792268061544746 ], [ 6161310.846253473311663, 1940546.574238110333681 ], [ 6161421.616081424057484, 1940312.371114333625883 ], [ 6161508.896601926535368, 1940068.438400841550902 ], [ 6161571.847255858592689, 1939817.125303012318909 ], [ 6161609.861794008873403, 1939560.852103359764442 ], [ 6161622.574115593917668, 1939302.08685288974084 ], [ 6161609.861794008873403, 1939043.321602419717237 ], [ 6161571.847255858592689, 1938787.04840276716277 ], [ 6161508.896601926535368, 1938535.735304937930778 ], [ 6161421.616081424057484, 1938291.802591445855796 ], [ 6161310.846253473311663, 1938057.599467669147998 ], [ 6161177.653892072848976, 1937835.381437717936933 ], [ 6161023.321712471544743, 1937627.28858269774355 ], [ 6160849.336017926223576, 1937435.324950557202101 ], [ 6160657.372385785914958, 1937261.339256012113765 ], [ 6160449.279530765488744, 1937107.007076411042362 ], [ 6160431.599381973035634, 1937096.410003040684387 ], [ 6160423.986548505723476, 1937090.763940941076726 ], [ 6160201.768518554978073, 1936957.571579540148377 ], [ 6159967.565394777804613, 1936846.801751589868218 ], [ 6159723.632681285962462, 1936759.521231086691841 ], [ 6159472.319583456963301, 1936696.570577155333012 ], [ 6159216.046383804641664, 1936658.556039005285129 ], [ 6158957.2811333341524, 1936645.843717419775203 ] ] ], [ [ [ 6153295.729332122020423, 1942713.63435042835772 ], [ 6153039.456132469698787, 1942751.648888578405604 ], [ 6152788.143034640699625, 1942814.599542509764433 ], [ 6152544.210321148857474, 1942901.880063012940809 ], [ 6152310.007197371684015, 1943012.649890963220969 ], [ 6152087.789167420938611, 1943145.842252364149317 ], [ 6151879.696312400512397, 1943300.17443196522072 ], [ 6151687.732680260203779, 1943474.160126510309055 ], [ 6151513.746985714882612, 1943666.123758650850505 ], [ 6151359.414806113578379, 1943874.216613671043888 ], [ 6151226.222444713115692, 1944096.434643622254953 ], [ 6151115.452616762369871, 1944330.637767398962751 ], [ 6151028.172096259891987, 1944574.570480891037732 ], [ 6150965.221442327834666, 1944825.883578720269725 ], [ 6150927.206904177553952, 1945082.156778372824192 ], [ 6150914.494582592509687, 1945340.922028842847794 ], [ 6150927.206904177553952, 1945599.687279312871397 ], [ 6150965.221442327834666, 1945855.960478965425864 ], [ 6151028.172096259891987, 1946107.273576794657856 ], [ 6151115.452616762369871, 1946351.206290286732838 ], [ 6151226.222444713115692, 1946585.409414063440636 ], [ 6151359.414806113578379, 1946807.627444014651701 ], [ 6151513.746985714882612, 1947015.720299034845084 ], [ 6151651.12404362205416, 1947167.29252500156872 ], [ 6151661.681713138706982, 1947184.906932436395437 ], [ 6151816.013892740011215, 1947392.99978745658882 ], [ 6151989.999587285332382, 1947584.963419597130269 ], [ 6152181.963219425641, 1947758.949114142218605 ], [ 6152390.056074446067214, 1947913.281293743290007 ], [ 6152612.274104396812618, 1948046.473655144218355 ], [ 6152846.477228173986077, 1948157.243483094498515 ], [ 6153090.409941665828228, 1948244.524003597674891 ], [ 6153341.72303949482739, 1948307.47465752903372 ], [ 6153597.996239147149026, 1948345.489195679081604 ], [ 6153856.76148961763829, 1948358.20151726459153 ], [ 6154115.526740088127553, 1948345.489195679081604 ], [ 6154371.79993974044919, 1948307.47465752903372 ], [ 6154623.113037569448352, 1948244.524003597674891 ], [ 6154867.045751061290503, 1948157.243483094498515 ], [ 6155101.248874838463962, 1948046.473655144218355 ], [ 6155323.466904789209366, 1947913.281293743290007 ], [ 6155531.55975980963558, 1947758.949114142218605 ], [ 6155723.523391949944198, 1947584.963419597130269 ], [ 6155769.075495981611311, 1947534.704417761648074 ], [ 6155784.917395033873618, 1947520.34615740342997 ], [ 6155958.903089579194784, 1947328.382525262888521 ], [ 6156113.235269180499017, 1947120.289670242695138 ], [ 6156246.427630580961704, 1946898.071640291484073 ], [ 6156357.197458531707525, 1946663.868516514776275 ], [ 6156444.47797903418541, 1946419.935803022701293 ], [ 6156507.428632966242731, 1946168.622705193469301 ], [ 6156545.443171116523445, 1945912.349505540914834 ], [ 6156558.155492701567709, 1945653.584255070891231 ], [ 6156545.443171116523445, 1945394.819004600867629 ], [ 6156507.428632966242731, 1945138.545804948313162 ], [ 6156444.47797903418541, 1944887.232707119081169 ], [ 6156418.649457113817334, 1944815.046824160730466 ], [ 6156414.015606131404638, 1944796.547454058658332 ], [ 6156326.735085628926754, 1944552.61474056658335 ], [ 6156215.965257678180933, 1944318.411616789875552 ], [ 6156082.772896277718246, 1944096.193586838664487 ], [ 6155928.440716676414013, 1943888.100731818471104 ], [ 6155754.455022131092846, 1943696.137099677929655 ], [ 6155562.491389990784228, 1943522.151405132841319 ], [ 6155354.398534970358014, 1943367.819225531769916 ], [ 6155177.697434106841683, 1943261.908661517780274 ], [ 6155021.199997764080763, 1943145.842252364149317 ], [ 6154798.981967813335359, 1943012.649890963220969 ], [ 6154564.7788440361619, 1942901.880063012940809 ], [ 6154320.846130544319749, 1942814.599542509764433 ], [ 6154069.533032715320587, 1942751.648888578405604 ], [ 6153813.25983306299895, 1942713.63435042835772 ], [ 6153554.494582592509687, 1942700.922028842847794 ], [ 6153295.729332122020423, 1942713.63435042835772 ] ] ], [ [ [ 6145577.484274666756392, 1952135.870947756571695 ], [ 6145355.266244716010988, 1952002.678586355643347 ], [ 6145121.063120938837528, 1951891.908758405363187 ], [ 6144877.130407446995378, 1951804.628237902186811 ], [ 6144625.817309617996216, 1951741.677583970827982 ], [ 6144369.544109965674579, 1951703.663045820780098 ], [ 6144110.778859495185316, 1951690.950724235270172 ], [ 6143852.013609024696052, 1951703.663045820780098 ], [ 6143595.740409372374415, 1951741.677583970827982 ], [ 6143344.427311543375254, 1951804.628237902186811 ], [ 6143100.494598051533103, 1951891.908758405363187 ], [ 6142866.291474274359643, 1952002.678586355643347 ], [ 6142644.07344432361424, 1952135.870947756571695 ], [ 6142435.980589303188026, 1952290.203127357643098 ], [ 6142244.016957162879407, 1952464.188821902731434 ], [ 6142070.031262617558241, 1952656.152454043272883 ], [ 6141915.699083016254008, 1952864.245309063466266 ], [ 6141782.506721615791321, 1953086.463339014677331 ], [ 6141671.7368936650455, 1953320.666462791385129 ], [ 6141584.456373162567616, 1953564.59917628346011 ], [ 6141521.505719230510294, 1953815.912274112692103 ], [ 6141483.49118108022958, 1954072.18547376524657 ], [ 6141470.778859495185316, 1954330.950724235270172 ], [ 6141483.49118108022958, 1954589.715974705293775 ], [ 6141521.505719230510294, 1954845.989174357848242 ], [ 6141549.647848375141621, 1954958.338851655134931 ], [ 6141561.59526570700109, 1955038.881796963047236 ], [ 6141624.545919639058411, 1955290.194894792279229 ], [ 6141711.826440141536295, 1955534.12760828435421 ], [ 6141822.596268092282116, 1955768.330732061062008 ], [ 6141955.788629492744803, 1955990.548762012273073 ], [ 6142110.120809094049037, 1956198.641617032466456 ], [ 6142284.106503639370203, 1956390.605249173007905 ], [ 6142476.070135779678822, 1956564.590943718096241 ], [ 6142684.162990800105035, 1956718.923123319167644 ], [ 6142906.381020750850439, 1956852.115484720095992 ], [ 6143140.584144528023899, 1956962.885312670376152 ], [ 6143384.516858019866049, 1957050.165833173552528 ], [ 6143635.829955848865211, 1957113.116487104911357 ], [ 6143892.103155501186848, 1957151.131025254959241 ], [ 6144150.868405971676111, 1957163.843346840469167 ], [ 6144409.633656442165375, 1957151.131025254959241 ], [ 6144665.906856094487011, 1957113.116487104911357 ], [ 6144917.219953923486173, 1957050.165833173552528 ], [ 6145161.152667415328324, 1956962.885312670376152 ], [ 6145395.355791192501783, 1956852.115484720095992 ], [ 6145617.573821143247187, 1956718.923123319167644 ], [ 6145825.666676163673401, 1956564.590943718096241 ], [ 6146017.630308303982019, 1956390.605249173007905 ], [ 6146191.616002849303186, 1956198.641617032466456 ], [ 6146345.948182450607419, 1955990.548762012273073 ], [ 6146479.140543851070106, 1955768.330732061062008 ], [ 6146589.910371801815927, 1955534.12760828435421 ], [ 6146677.190892304293811, 1955290.194894792279229 ], [ 6146740.141546236351132, 1955038.881796963047236 ], [ 6146778.156084386631846, 1954782.608597310492769 ], [ 6146790.868405971676111, 1954523.843346840469167 ], [ 6146778.156084386631846, 1954265.078096370445564 ], [ 6146775.371548503637314, 1954246.306280243908986 ], [ 6146770.918099768459797, 1954155.654248693725094 ], [ 6146732.903561618179083, 1953899.381049041170627 ], [ 6146669.952907686121762, 1953648.067951211938635 ], [ 6146582.672387183643878, 1953404.135237719863653 ], [ 6146570.408893728628755, 1953378.20625932677649 ], [ 6146549.820825325325131, 1953320.666462791385129 ], [ 6146439.05099737457931, 1953086.463339014677331 ], [ 6146305.858635974116623, 1952864.245309063466266 ], [ 6146151.52645637281239, 1952656.152454043272883 ], [ 6145977.540761827491224, 1952464.188821902731434 ], [ 6145785.577129687182605, 1952290.203127357643098 ], [ 6145577.484274666756392, 1952135.870947756571695 ] ] ], [ [ [ 6164172.80637448374182, 1957367.63039948628284 ], [ 6163980.842742343433201, 1957193.644704941194504 ], [ 6163772.749887323006988, 1957039.312525340123102 ], [ 6163550.531857372261584, 1956906.120163939194754 ], [ 6163316.328733595088124, 1956795.350335988914594 ], [ 6163072.396020103245974, 1956708.069815485738218 ], [ 6162821.082922274246812, 1956645.119161554379389 ], [ 6162564.809722621925175, 1956607.104623404331505 ], [ 6162306.044472151435912, 1956594.392301818821579 ], [ 6162047.279221680946648, 1956607.104623404331505 ], [ 6161791.006022028625011, 1956645.119161554379389 ], [ 6161539.69292419962585, 1956708.069815485738218 ], [ 6161295.760210707783699, 1956795.350335988914594 ], [ 6161061.55708693061024, 1956906.120163939194754 ], [ 6160839.339056979864836, 1957039.312525340123102 ], [ 6160631.246201959438622, 1957193.644704941194504 ], [ 6160439.282569819130003, 1957367.63039948628284 ], [ 6160265.296875273808837, 1957559.59403162682429 ], [ 6160247.820173563435674, 1957583.158636005362496 ], [ 6160142.707530248910189, 1957699.132566203130409 ], [ 6159988.375350647605956, 1957907.225421223323792 ], [ 6159855.182989247143269, 1958129.443451174534857 ], [ 6159744.413161296397448, 1958363.646574951242656 ], [ 6159657.132640793919563, 1958607.579288443317637 ], [ 6159594.181986861862242, 1958858.892386272549629 ], [ 6159577.642320400103927, 1958970.393760525854304 ], [ 6159573.748629255220294, 1958981.275898269610479 ], [ 6159510.797975323162973, 1959232.588996098842472 ], [ 6159472.783437172882259, 1959488.862195751396939 ], [ 6159460.071115587837994, 1959747.627446221420541 ], [ 6159472.783437172882259, 1960006.392696691444144 ], [ 6159510.797975323162973, 1960262.665896343998611 ], [ 6159536.939646128565073, 1960367.029296280350536 ], [ 6159547.687693193554878, 1960439.486744018970057 ], [ 6159610.638347125612199, 1960690.79984184820205 ], [ 6159697.918867628090084, 1960934.732555340277031 ], [ 6159808.688695578835905, 1961168.935679116984829 ], [ 6159941.881056979298592, 1961391.153709068195894 ], [ 6160096.213236580602825, 1961599.246564088389277 ], [ 6160270.198931125923991, 1961791.210196228930727 ], [ 6160462.16256326623261, 1961965.195890774019063 ], [ 6160670.255418286658823, 1962119.528070375090465 ], [ 6160892.473448237404227, 1962252.720431776018813 ], [ 6161126.676572014577687, 1962363.490259726298973 ], [ 6161370.609285506419837, 1962450.770780229475349 ], [ 6161621.922383335418999, 1962513.721434160834178 ], [ 6161878.195582987740636, 1962551.735972310882062 ], [ 6162136.960833458229899, 1962564.448293896391988 ], [ 6162395.726083928719163, 1962551.735972310882062 ], [ 6162651.9992835810408, 1962513.721434160834178 ], [ 6162903.312381410039961, 1962450.770780229475349 ], [ 6163147.245094901882112, 1962363.490259726298973 ], [ 6163381.448218679055572, 1962252.720431776018813 ], [ 6163603.666248629800975, 1962119.528070375090465 ], [ 6163811.759103650227189, 1961965.195890774019063 ], [ 6164003.722735790535808, 1961791.210196228930727 ], [ 6164177.708430335856974, 1961599.246564088389277 ], [ 6164332.040609937161207, 1961391.153709068195894 ], [ 6164465.232971337623894, 1961168.935679116984829 ], [ 6164548.230889743193984, 1960993.451324603054672 ], [ 6164592.481304200366139, 1960919.623968275729567 ], [ 6164703.25113215111196, 1960685.420844499021769 ], [ 6164790.531652653589845, 1960441.488131006946787 ], [ 6164823.05291348695755, 1960311.65598003170453 ], [ 6164845.636481925845146, 1960248.539134509162977 ], [ 6164908.587135857902467, 1959997.226036679930985 ], [ 6164946.601674008183181, 1959740.952837027376518 ], [ 6164959.313995593227446, 1959482.187586557352915 ], [ 6164946.601674008183181, 1959223.422336087329313 ], [ 6164944.962769561447203, 1959212.373739760136232 ], [ 6164933.332150566391647, 1958975.627051348797977 ], [ 6164895.317612416110933, 1958719.35385169624351 ], [ 6164832.366958484053612, 1958468.040753867011517 ], [ 6164745.086437981575727, 1958224.108040374936536 ], [ 6164634.316610030829906, 1957989.904916598228738 ], [ 6164501.124248630367219, 1957767.686886647017673 ], [ 6164346.792069029062986, 1957559.59403162682429 ], [ 6164172.80637448374182, 1957367.63039948628284 ] ] ], [ [ [ 6125581.389493645168841, 1958409.647024091333151 ], [ 6125337.45678015332669, 1958496.927544594509527 ], [ 6125103.253656376153231, 1958607.697372544789687 ], [ 6124881.035626425407827, 1958740.889733945718035 ], [ 6124672.942771404981613, 1958895.221913546789438 ], [ 6124480.979139264672995, 1959069.207608091877773 ], [ 6124306.993444719351828, 1959261.171240232419223 ], [ 6124152.661265118047595, 1959469.264095252612606 ], [ 6124019.468903717584908, 1959691.482125203823671 ], [ 6123908.699075766839087, 1959925.685248980531469 ], [ 6123821.418555264361203, 1960169.61796247260645 ], [ 6123758.467901332303882, 1960420.931060301838443 ], [ 6123720.453363182023168, 1960677.20425995439291 ], [ 6123707.741041596978903, 1960935.969510424416512 ], [ 6123720.453363182023168, 1961194.734760894440114 ], [ 6123758.467901332303882, 1961451.007960546994582 ], [ 6123821.418555264361203, 1961702.321058376226574 ], [ 6123908.699075766839087, 1961946.253771868301556 ], [ 6124019.468903717584908, 1962180.456895645009354 ], [ 6124152.661265118047595, 1962402.674925596220419 ], [ 6124306.993444719351828, 1962610.767780616413802 ], [ 6124480.979139264672995, 1962802.731412756955251 ], [ 6124672.942771404981613, 1962976.717107302043587 ], [ 6124881.035626425407827, 1963131.049286903114989 ], [ 6125103.253656376153231, 1963264.241648304043338 ], [ 6125337.45678015332669, 1963375.011476254323497 ], [ 6125581.389493645168841, 1963462.291996757499874 ], [ 6125832.702591474168003, 1963525.242650688858703 ], [ 6126088.975791126489639, 1963563.257188838906586 ], [ 6126347.741041596978903, 1963575.969510424416512 ], [ 6126348.383518557995558, 1963575.937947555212304 ], [ 6126425.651814076118171, 1963579.733895501121879 ], [ 6126684.417064546607435, 1963567.021573915611953 ], [ 6126702.916554728522897, 1963564.277433770475909 ], [ 6126866.377328932285309, 1963556.247120873071253 ], [ 6126935.695820577442646, 1963559.652519998373464 ], [ 6127194.46107104793191, 1963546.940198412863538 ], [ 6127203.754339783452451, 1963545.561672217445448 ], [ 6127238.027683763764799, 1963543.877930796705186 ], [ 6127494.300883416086435, 1963505.863392646657303 ], [ 6127745.613981245085597, 1963442.912738715298474 ], [ 6127989.546694736927748, 1963355.632218212122098 ], [ 6128027.883021066896617, 1963337.500486221164465 ], [ 6128053.281705162487924, 1963328.412691737757996 ], [ 6128287.484828939661384, 1963217.642863787477836 ], [ 6128509.702858890406787, 1963084.450502386549488 ], [ 6128717.795713910833001, 1962930.118322785478085 ], [ 6128909.75934605114162, 1962756.132628240389749 ], [ 6129083.745040596462786, 1962564.1689960998483 ], [ 6129238.077220197767019, 1962356.076141079654917 ], [ 6129371.269581598229706, 1962133.858111128443852 ], [ 6129482.039409548975527, 1961899.654987351736054 ], [ 6129569.319930051453412, 1961655.722273859661072 ], [ 6129632.270583983510733, 1961404.40917603042908 ], [ 6129670.285122133791447, 1961148.135976377874613 ], [ 6129670.87116305436939, 1961136.206839391961694 ], [ 6129681.776069493964314, 1961062.691931644221768 ], [ 6129694.488391079008579, 1960803.926681174198166 ], [ 6129681.776069493964314, 1960545.161430704174563 ], [ 6129643.7615313436836, 1960288.888231051620096 ], [ 6129580.810877411626279, 1960037.575133222388104 ], [ 6129493.530356909148395, 1959793.642419730313122 ], [ 6129382.760528958402574, 1959559.439295953605324 ], [ 6129249.568167557939887, 1959337.221266002394259 ], [ 6129095.235987956635654, 1959129.128410982200876 ], [ 6128921.250293411314487, 1958937.164778841659427 ], [ 6128729.286661271005869, 1958763.179084296571091 ], [ 6128521.193806250579655, 1958608.846904695499688 ], [ 6128298.975776299834251, 1958475.65454329457134 ], [ 6128064.772652522660792, 1958364.88471534429118 ], [ 6127820.839939030818641, 1958277.604194841114804 ], [ 6127569.526841201819479, 1958214.653540909755975 ], [ 6127313.253641549497843, 1958176.639002759708092 ], [ 6127054.488391079008579, 1958163.926681174198166 ], [ 6126795.723140608519316, 1958176.639002759708092 ], [ 6126793.648192820139229, 1958176.946792189031839 ], [ 6126639.093661890365183, 1958184.539569411193952 ], [ 6126542.469202770851552, 1958198.872453975025564 ], [ 6126479.429488484747708, 1958201.969396548345685 ], [ 6126411.984150235541165, 1958211.973967402474955 ], [ 6126403.186602019704878, 1958212.406163231935352 ], [ 6126146.913402367383242, 1958250.420701381983235 ], [ 6125895.60030453838408, 1958313.371355313342065 ], [ 6125731.882817360572517, 1958371.95040890481323 ], [ 6125581.389493645168841, 1958409.647024091333151 ] ] ], [ [ [ 6115143.507422724738717, 1961836.335871134186164 ], [ 6115116.597382273525, 1961849.063372385222465 ], [ 6114894.379352322779596, 1961982.255733786150813 ], [ 6114686.286497302353382, 1962136.587913387222216 ], [ 6114494.322865162044764, 1962310.573607932310551 ], [ 6114320.337170616723597, 1962502.537240072852001 ], [ 6114166.004991015419364, 1962710.630095093045384 ], [ 6114032.812629614956677, 1962932.848125044256449 ], [ 6113922.042801664210856, 1963167.051248820964247 ], [ 6113834.762281161732972, 1963410.983962313039228 ], [ 6113771.811627229675651, 1963662.297060142271221 ], [ 6113733.797089079394937, 1963918.570259794825688 ], [ 6113721.084767494350672, 1964177.33551026484929 ], [ 6113733.797089079394937, 1964436.100760734872892 ], [ 6113771.811627229675651, 1964692.37396038742736 ], [ 6113834.762281161732972, 1964943.687058216659352 ], [ 6113922.042801664210856, 1965187.619771708734334 ], [ 6114032.812629614956677, 1965421.822895485442132 ], [ 6114166.004991015419364, 1965644.040925436653197 ], [ 6114320.337170616723597, 1965852.13378045684658 ], [ 6114494.322865162044764, 1966044.097412597388029 ], [ 6114686.286497302353382, 1966218.083107142476365 ], [ 6114894.379352322779596, 1966372.415286743547767 ], [ 6115116.597382273525, 1966505.607648144476116 ], [ 6115350.800506050698459, 1966616.377476094756275 ], [ 6115358.168019773438573, 1966619.013614656636491 ], [ 6115420.095564879477024, 1966648.30316214915365 ], [ 6115664.028278371319175, 1966735.583682652330026 ], [ 6115915.341376200318336, 1966798.534336583688855 ], [ 6116171.614575852639973, 1966836.548874733736739 ], [ 6116430.379826323129237, 1966849.261196319246665 ], [ 6116689.1450767936185, 1966836.548874733736739 ], [ 6116945.418276445940137, 1966798.534336583688855 ], [ 6117196.731374274939299, 1966735.583682652330026 ], [ 6117440.664087766781449, 1966648.30316214915365 ], [ 6117674.867211543954909, 1966537.53333419887349 ], [ 6117680.464097952470183, 1966534.178689585300162 ], [ 6117886.066518020816147, 1966460.612967368680984 ], [ 6117930.101639986038208, 1966439.785905777243897 ], [ 6117952.667639883235097, 1966431.711661906680092 ], [ 6118186.870763660408556, 1966320.941833956399933 ], [ 6118409.08879361115396, 1966187.749472555471584 ], [ 6118410.303347077220678, 1966186.848698314046487 ], [ 6118470.197804603725672, 1966150.949342017062008 ], [ 6118678.290659624151886, 1965996.617162415990606 ], [ 6118870.254291764460504, 1965822.63146787090227 ], [ 6119044.239986309781671, 1965630.667835730360821 ], [ 6119198.572165911085904, 1965422.574980710167438 ], [ 6119331.764527311548591, 1965200.356950758956373 ], [ 6119442.534355262294412, 1964966.153826982248574 ], [ 6119529.814875764772296, 1964722.221113490173593 ], [ 6119592.765529696829617, 1964470.908015660941601 ], [ 6119630.780067847110331, 1964214.634816008387133 ], [ 6119643.492389432154596, 1963955.869565538363531 ], [ 6119630.780067847110331, 1963697.104315068339929 ], [ 6119592.765529696829617, 1963440.831115415785462 ], [ 6119529.814875764772296, 1963189.518017586553469 ], [ 6119442.534355262294412, 1962945.585304094478488 ], [ 6119431.698212327435613, 1962922.674204817973077 ], [ 6119424.51069728937, 1962902.586445986758918 ], [ 6119313.740869338624179, 1962668.383322210051119 ], [ 6119180.548507938161492, 1962446.165292258840054 ], [ 6119026.216328336857259, 1962238.072437238646671 ], [ 6118852.230633791536093, 1962046.108805098105222 ], [ 6118660.267001651227474, 1961872.123110553016886 ], [ 6118452.17414663080126, 1961717.790930951945484 ], [ 6118229.956116680055857, 1961584.598569551017135 ], [ 6117995.752992902882397, 1961473.828741600736976 ], [ 6117751.820279411040246, 1961386.548221097560599 ], [ 6117500.507181582041085, 1961323.59756716620177 ], [ 6117244.233981929719448, 1961285.583029016153887 ], [ 6116985.468731459230185, 1961272.870707430643961 ], [ 6116940.057436629198492, 1961275.101621289504692 ], [ 6116908.345112772658467, 1961273.543694719672203 ], [ 6116649.579862302169204, 1961286.256016305182129 ], [ 6116393.306662649847567, 1961324.270554455230013 ], [ 6116141.993564820848405, 1961387.221208386588842 ], [ 6115898.060851329006255, 1961474.501728889765218 ], [ 6115809.666813562624156, 1961516.308995151892304 ], [ 6115797.569844231940806, 1961520.637359989108518 ], [ 6115563.366720454767346, 1961631.407187939388677 ], [ 6115477.192553610540926, 1961683.057995825307444 ], [ 6115440.896436414681375, 1961700.22478076047264 ], [ 6115389.023937196470797, 1961718.785057759610936 ], [ 6115154.820813419297338, 1961829.554885709891096 ], [ 6115143.507422724738717, 1961836.335871134186164 ] ] ], [ [ [ 6105253.15771843213588, 1967280.708725874545053 ], [ 6105009.225004940293729, 1967193.428205371368676 ], [ 6104757.911907111294568, 1967130.477551440009847 ], [ 6104501.638707458972931, 1967092.463013289961964 ], [ 6104242.873456988483667, 1967079.750691704452038 ], [ 6103984.108206517994404, 1967092.463013289961964 ], [ 6103727.835006865672767, 1967130.477551440009847 ], [ 6103476.521909036673605, 1967193.428205371368676 ], [ 6103232.589195544831455, 1967280.708725874545053 ], [ 6102998.386071767657995, 1967391.478553824825212 ], [ 6102981.393531534820795, 1967401.6634904849343 ], [ 6102923.815918019972742, 1967428.895673557417467 ], [ 6102838.744459205307066, 1967479.885543686104938 ], [ 6102619.417792920954525, 1967583.619331252062693 ], [ 6102566.990611419081688, 1967615.042974542360753 ], [ 6102455.922821225598454, 1967667.57412703987211 ], [ 6102233.704791274853051, 1967800.766488440800458 ], [ 6102218.473015577532351, 1967812.063143207225949 ], [ 6102188.776044298894703, 1967829.862822792027146 ], [ 6101980.68318927846849, 1967984.195002393098548 ], [ 6101788.719557138159871, 1968158.180696938186884 ], [ 6101614.733862592838705, 1968350.144329078728333 ], [ 6101460.401682991534472, 1968558.237184098921716 ], [ 6101327.209321591071784, 1968780.455214050132781 ], [ 6101216.439493640325963, 1969014.65833782684058 ], [ 6101129.158973137848079, 1969258.591051318915561 ], [ 6101066.208319205790758, 1969509.904149148147553 ], [ 6101053.6489078104496, 1969594.572823309106752 ], [ 6101047.957721536047757, 1969617.29331251163967 ], [ 6101009.943183385767043, 1969873.566512164194137 ], [ 6100997.230861800722778, 1970132.331762634217739 ], [ 6101009.943183385767043, 1970391.097013104241341 ], [ 6101047.957721536047757, 1970647.370212756795809 ], [ 6101110.908375468105078, 1970898.683310586027801 ], [ 6101198.188895970582962, 1971142.616024078102782 ], [ 6101308.958723921328783, 1971376.819147854810581 ], [ 6101442.15108532179147, 1971599.037177806021646 ], [ 6101596.483264923095703, 1971807.130032826215029 ], [ 6101770.46895946841687, 1971999.093664966756478 ], [ 6101962.432591608725488, 1972173.079359511844814 ], [ 6102170.525446629151702, 1972327.411539112916216 ], [ 6102392.743476579897106, 1972460.603900513844565 ], [ 6102626.946600357070565, 1972571.373728464124724 ], [ 6102870.879313848912716, 1972658.6542489673011 ], [ 6103122.192411677911878, 1972721.60490289865993 ], [ 6103378.465611330233514, 1972759.619441048707813 ], [ 6103637.230861800722778, 1972772.331762634217739 ], [ 6103895.996112271212041, 1972759.619441048707813 ], [ 6104152.269311923533678, 1972721.60490289865993 ], [ 6104403.58240975253284, 1972658.6542489673011 ], [ 6104647.51512324437499, 1972571.373728464124724 ], [ 6104881.71824702154845, 1972460.603900513844565 ], [ 6105103.936276972293854, 1972327.411539112916216 ], [ 6105267.053841431625187, 1972206.435308325104415 ], [ 6105276.123915900476277, 1972203.189983787480742 ], [ 6105510.327039677649736, 1972092.420155837200582 ], [ 6105732.54506962839514, 1971959.227794436272234 ], [ 6105940.637924648821354, 1971804.895614835200831 ], [ 6106132.601556789129972, 1971630.909920290112495 ], [ 6106306.587251334451139, 1971438.946288149571046 ], [ 6106460.919430935755372, 1971230.853433129377663 ], [ 6106594.111792336218059, 1971008.635403178166598 ], [ 6106704.88162028696388, 1970774.4322794014588 ], [ 6106792.162140789441764, 1970530.499565909383819 ], [ 6106855.112794721499085, 1970279.186468080151826 ], [ 6106893.127332871779799, 1970022.913268427597359 ], [ 6106905.839654456824064, 1969764.148017957573757 ], [ 6106893.127332871779799, 1969505.382767487550154 ], [ 6106855.112794721499085, 1969249.109567834995687 ], [ 6106792.162140789441764, 1968997.796470005763695 ], [ 6106704.88162028696388, 1968753.863756513688713 ], [ 6106594.111792336218059, 1968519.660632736980915 ], [ 6106584.781443589366972, 1968504.093886300455779 ], [ 6106571.145594867877662, 1968475.263306483859196 ], [ 6106437.953233467414975, 1968253.045276532648131 ], [ 6106283.621053866110742, 1968044.952421512454748 ], [ 6106109.635359320789576, 1967852.988789371913299 ], [ 6105917.671727180480957, 1967679.003094826824963 ], [ 6105709.578872160054743, 1967524.670915225753561 ], [ 6105487.36084220930934, 1967391.478553824825212 ], [ 6105253.15771843213588, 1967280.708725874545053 ] ] ], [ [ [ 6158066.847961643710732, 1971785.387613449245691 ], [ 6157810.574761991389096, 1971747.373075299197808 ], [ 6157551.809511520899832, 1971734.660753713687882 ], [ 6157293.044261050410569, 1971747.373075299197808 ], [ 6157036.771061398088932, 1971785.387613449245691 ], [ 6156785.45796356908977, 1971848.33826738060452 ], [ 6156541.52525007724762, 1971935.618787883780897 ], [ 6156307.32212630007416, 1972046.388615834061056 ], [ 6156085.104096349328756, 1972179.580977234989405 ], [ 6155877.011241328902543, 1972333.913156836060807 ], [ 6155685.047609188593924, 1972507.898851381149143 ], [ 6155511.061914643272758, 1972699.862483521690592 ], [ 6155356.729735041968524, 1972907.955338541883975 ], [ 6155223.537373641505837, 1973130.17336849309504 ], [ 6155112.767545690760016, 1973364.376492269802839 ], [ 6155025.487025188282132, 1973608.30920576187782 ], [ 6154962.536371256224811, 1973859.622303591109812 ], [ 6154924.521833105944097, 1974115.89550324366428 ], [ 6154911.809511520899832, 1974374.660753713687882 ], [ 6154924.521833105944097, 1974633.426004183711484 ], [ 6154962.536371256224811, 1974889.699203836265951 ], [ 6154975.591708412393928, 1974941.819031337276101 ], [ 6154978.398280264809728, 1974998.948113813763484 ], [ 6155016.412818415090442, 1975255.221313466317952 ], [ 6155042.912475984543562, 1975361.013876675162464 ], [ 6155075.34595298115164, 1975579.662618190050125 ], [ 6155138.296606913208961, 1975830.975716019282117 ], [ 6155225.577127415686846, 1976074.908429511357099 ], [ 6155336.346955366432667, 1976309.111553288064897 ], [ 6155469.539316766895354, 1976531.329583239275962 ], [ 6155623.871496368199587, 1976739.422438259469345 ], [ 6155797.857190913520753, 1976931.386070400010794 ], [ 6155989.820823053829372, 1977105.37176494509913 ], [ 6156197.913678074255586, 1977259.703944546170533 ], [ 6156420.131708025000989, 1977392.896305947098881 ], [ 6156654.334831802174449, 1977503.666133897379041 ], [ 6156898.2675452940166, 1977590.946654400555417 ], [ 6157149.580643123015761, 1977653.897308331914246 ], [ 6157405.853842775337398, 1977691.911846481962129 ], [ 6157664.619093245826662, 1977704.624168067472056 ], [ 6157923.384343716315925, 1977691.911846481962129 ], [ 6158179.657543368637562, 1977653.897308331914246 ], [ 6158430.970641197636724, 1977590.946654400555417 ], [ 6158674.903354689478874, 1977503.666133897379041 ], [ 6158909.106478466652334, 1977392.896305947098881 ], [ 6159131.324508417397738, 1977259.703944546170533 ], [ 6159339.417363437823951, 1977105.37176494509913 ], [ 6159531.38099557813257, 1976931.386070400010794 ], [ 6159705.366690123453736, 1976739.422438259469345 ], [ 6159859.698869724757969, 1976531.329583239275962 ], [ 6159992.891231125220656, 1976309.111553288064897 ], [ 6160103.661059075966477, 1976074.908429511357099 ], [ 6160149.88412909489125, 1975945.723603037884459 ], [ 6160210.980365974828601, 1975816.546463441103697 ], [ 6160298.260886477306485, 1975572.613749949028715 ], [ 6160304.089327330701053, 1975549.345309752272442 ], [ 6160337.574409550987184, 1975455.760774274123833 ], [ 6160400.525063483044505, 1975204.44767644489184 ], [ 6160438.539601633325219, 1974948.174476792337373 ], [ 6160451.251923218369484, 1974689.409226322313771 ], [ 6160438.539601633325219, 1974430.643975852290168 ], [ 6160400.525063483044505, 1974174.370776199735701 ], [ 6160337.574409550987184, 1973923.057678370503709 ], [ 6160250.2938890485093, 1973679.124964878428727 ], [ 6160139.524061097763479, 1973444.921841101720929 ], [ 6160006.331699697300792, 1973222.703811150509864 ], [ 6159851.999520095996559, 1973014.610956130316481 ], [ 6159708.868380597792566, 1972856.690079461084679 ], [ 6159592.557108398526907, 1972699.862483521690592 ], [ 6159418.57141385320574, 1972507.898851381149143 ], [ 6159226.607781712897122, 1972333.913156836060807 ], [ 6159018.514926692470908, 1972179.580977234989405 ], [ 6158796.296896741725504, 1972046.388615834061056 ], [ 6158562.093772964552045, 1971935.618787883780897 ], [ 6158318.161059472709894, 1971848.33826738060452 ], [ 6158066.847961643710732, 1971785.387613449245691 ] ] ], [ [ [ 6095426.037010048516095, 1971893.001693166326731 ], [ 6095167.271759578026831, 1971880.289371580816805 ], [ 6094908.506509107537568, 1971893.001693166326731 ], [ 6094652.233309455215931, 1971931.016231316374615 ], [ 6094400.920211626216769, 1971993.966885247733444 ], [ 6094156.987498134374619, 1972081.24740575090982 ], [ 6093922.784374357201159, 1972192.01723370118998 ], [ 6093700.566344406455755, 1972325.209595102118328 ], [ 6093492.473489386029541, 1972479.541774703189731 ], [ 6093300.509857245720923, 1972653.527469248278067 ], [ 6093295.515479929745197, 1972659.037915451452136 ], [ 6093216.635404189117253, 1972717.539366714190692 ], [ 6093198.957853958010674, 1972733.561364321736619 ], [ 6093168.386726202443242, 1972756.234457921469584 ], [ 6093083.45251245982945, 1972833.214342099847272 ], [ 6093045.513825665228069, 1972861.351589886005968 ], [ 6093003.150817161425948, 1972899.747182714752853 ], [ 6092946.279328446835279, 1972941.925953387049958 ], [ 6092754.315696306526661, 1973115.911647932138294 ], [ 6092580.330001761205494, 1973307.875280072679743 ], [ 6092425.997822159901261, 1973515.968135092873126 ], [ 6092292.805460759438574, 1973738.186165044084191 ], [ 6092248.669445774517953, 1973831.503928299294785 ], [ 6092243.646795338951051, 1973839.88371429592371 ], [ 6092132.87696738820523, 1974074.086838072631508 ], [ 6092045.596446885727346, 1974318.019551564706489 ], [ 6091982.645792953670025, 1974569.332649393938482 ], [ 6091944.631254803389311, 1974825.605849046492949 ], [ 6091931.918933218345046, 1975084.371099516516551 ], [ 6091944.631254803389311, 1975343.136349986540154 ], [ 6091982.645792953670025, 1975599.409549639094621 ], [ 6092045.596446885727346, 1975850.722647468326613 ], [ 6092132.87696738820523, 1976094.655360960401595 ], [ 6092243.646795338951051, 1976328.858484737109393 ], [ 6092376.839156739413738, 1976551.076514688320458 ], [ 6092531.171336340717971, 1976759.169369708513841 ], [ 6092705.157030886039138, 1976951.13300184905529 ], [ 6092897.120663026347756, 1977125.118696394143626 ], [ 6093105.21351804677397, 1977279.450875995215029 ], [ 6093327.431547997519374, 1977412.643237396143377 ], [ 6093561.634671774692833, 1977523.413065346423537 ], [ 6093805.567385266534984, 1977610.693585849599913 ], [ 6094056.880483095534146, 1977673.644239780958742 ], [ 6094313.153682747855783, 1977711.658777931006625 ], [ 6094571.918933218345046, 1977724.371099516516551 ], [ 6094830.68418368883431, 1977711.658777931006625 ], [ 6095086.957383341155946, 1977673.644239780958742 ], [ 6095338.270481170155108, 1977610.693585849599913 ], [ 6095582.203194661997259, 1977523.413065346423537 ], [ 6095816.406318439170718, 1977412.643237396143377 ], [ 6096038.624348389916122, 1977279.450875995215029 ], [ 6096246.717203410342336, 1977125.118696394143626 ], [ 6096438.680835550650954, 1976951.13300184905529 ], [ 6096459.807700991630554, 1976927.823097914690152 ], [ 6096566.767996890470386, 1976863.713563733035699 ], [ 6096774.860851910896599, 1976709.381384131964296 ], [ 6096847.113362566567957, 1976643.895525644300506 ], [ 6096888.418251346796751, 1976613.261732317041606 ], [ 6097080.38188348710537, 1976439.27603777195327 ], [ 6097254.367578032426536, 1976247.312405631411821 ], [ 6097408.699757633730769, 1976039.219550611218438 ], [ 6097541.892119034193456, 1975817.001520660007372 ], [ 6097652.661946984939277, 1975582.798396883299574 ], [ 6097739.942467487417161, 1975338.865683391224593 ], [ 6097802.893121419474483, 1975087.552585561992601 ], [ 6097840.907659569755197, 1974831.279385909438133 ], [ 6097853.619981154799461, 1974572.514135439414531 ], [ 6097840.907659569755197, 1974313.748884969390929 ], [ 6097802.893121419474483, 1974057.475685316836461 ], [ 6097739.942467487417161, 1973806.162587487604469 ], [ 6097652.661946984939277, 1973562.229873995529488 ], [ 6097541.892119034193456, 1973328.026750218821689 ], [ 6097408.699757633730769, 1973105.808720267610624 ], [ 6097254.367578032426536, 1972897.715865247417241 ], [ 6097212.457396515645087, 1972851.475105691701174 ], [ 6097208.019356455653906, 1972845.491101388819516 ], [ 6097034.033661910332739, 1972653.527469248278067 ], [ 6096842.070029770024121, 1972479.541774703189731 ], [ 6096633.977174749597907, 1972325.209595102118328 ], [ 6096411.759144798852503, 1972192.01723370118998 ], [ 6096177.556021021679044, 1972081.24740575090982 ], [ 6095933.623307529836893, 1971993.966885247733444 ], [ 6095682.310209700837731, 1971931.016231316374615 ], [ 6095426.037010048516095, 1971893.001693166326731 ] ] ], [ [ [ 6143576.624562793411314, 2005777.04872161266394 ], [ 6143320.351363141089678, 2005815.063259762711823 ], [ 6143069.038265312090516, 2005878.013913694070652 ], [ 6142825.105551820248365, 2005965.294434197247028 ], [ 6142590.902428043074906, 2006076.064262147527188 ], [ 6142368.684398092329502, 2006209.256623548455536 ], [ 6142160.591543071903288, 2006363.588803149526939 ], [ 6141968.62791093159467, 2006537.574497694615275 ], [ 6141794.642216386273503, 2006729.538129835156724 ], [ 6141640.31003678496927, 2006937.630984855350107 ], [ 6141507.117675384506583, 2007159.849014806561172 ], [ 6141396.347847433760762, 2007394.05213858326897 ], [ 6141309.067326931282878, 2007637.984852075343952 ], [ 6141246.116672999225557, 2007889.297949904575944 ], [ 6141208.102134848944843, 2008145.571149557130411 ], [ 6141195.389813263900578, 2008404.336400027154014 ], [ 6141208.102134848944843, 2008663.101650497177616 ], [ 6141246.116672999225557, 2008919.374850149732083 ], [ 6141309.067326931282878, 2009170.687947978964075 ], [ 6141317.065489646978676, 2009193.041315293870866 ], [ 6141321.978402980603278, 2009212.654764751205221 ], [ 6141409.258923483081162, 2009456.587478243280202 ], [ 6141520.028751433826983, 2009690.790602019988 ], [ 6141653.22111283428967, 2009913.008631971199065 ], [ 6141807.553292435593903, 2010121.101486991392449 ], [ 6141981.53898698091507, 2010313.065119131933898 ], [ 6142173.502619121223688, 2010487.050813677022234 ], [ 6142381.595474141649902, 2010641.382993278093636 ], [ 6142603.813504092395306, 2010774.575354679021984 ], [ 6142838.016627869568765, 2010885.345182629302144 ], [ 6143081.949341361410916, 2010972.62570313247852 ], [ 6143333.262439190410078, 2011035.576357063837349 ], [ 6143589.535638842731714, 2011073.590895213885233 ], [ 6143661.343305185437202, 2011077.118579650530592 ], [ 6143908.296961470507085, 2011138.977250321535394 ], [ 6144164.570161122828722, 2011176.991788471583277 ], [ 6144423.335411593317986, 2011189.704110057093203 ], [ 6144682.100662063807249, 2011176.991788471583277 ], [ 6144938.373861716128886, 2011138.977250321535394 ], [ 6145189.686959545128047, 2011076.026596390176564 ], [ 6145433.619673036970198, 2010988.746075887000188 ], [ 6145667.822796814143658, 2010877.976247936720029 ], [ 6145890.040826764889061, 2010744.78388653579168 ], [ 6146098.133681785315275, 2010590.451706934720278 ], [ 6146290.097313925623894, 2010416.466012389631942 ], [ 6146464.08300847094506, 2010224.502380249090493 ], [ 6146618.415188072249293, 2010016.40952522889711 ], [ 6146751.60754947271198, 2009794.191495277686045 ], [ 6146862.377377423457801, 2009559.988371500978246 ], [ 6146949.657897925935686, 2009316.055658008903265 ], [ 6147012.608551857993007, 2009064.742560179671273 ], [ 6147050.623090008273721, 2008808.469360527116805 ], [ 6147063.335411593317986, 2008549.704110057093203 ], [ 6147050.623090008273721, 2008290.938859587069601 ], [ 6147012.608551857993007, 2008034.665659934515134 ], [ 6146949.657897925935686, 2007783.352562105283141 ], [ 6146862.377377423457801, 2007539.41984861320816 ], [ 6146751.60754947271198, 2007305.216724836500362 ], [ 6146618.415188072249293, 2007082.998694885289297 ], [ 6146464.08300847094506, 2006874.905839865095913 ], [ 6146290.097313925623894, 2006682.942207724554464 ], [ 6146098.133681785315275, 2006508.956513179466128 ], [ 6145890.040826764889061, 2006354.624333578394726 ], [ 6145667.822796814143658, 2006221.431972177466378 ], [ 6145433.619673036970198, 2006110.662144227186218 ], [ 6145408.100774565711617, 2006101.531336352461949 ], [ 6145380.114089846611023, 2006088.294620286440477 ], [ 6145136.181376354768872, 2006001.014099783264101 ], [ 6144915.250812893733382, 2005945.673874528612942 ], [ 6144690.514402244240046, 2005865.261901010526344 ], [ 6144439.201304415240884, 2005802.311247079167515 ], [ 6144182.928104762919247, 2005764.296708929119632 ], [ 6143924.162854292429984, 2005751.584387343609706 ], [ 6143665.39760382194072, 2005764.296708929119632 ], [ 6143580.819983029738069, 2005776.842613833025098 ], [ 6143576.624562793411314, 2005777.04872161266394 ] ] ], [ [ [ 6133122.126578855328262, 2026211.467119773384184 ], [ 6132870.8134810263291, 2026274.417773704743013 ], [ 6132626.880767534486949, 2026361.698294207919389 ], [ 6132392.67764375731349, 2026472.468122158199549 ], [ 6132170.459613806568086, 2026605.660483559127897 ], [ 6131962.366758786141872, 2026759.992663160199299 ], [ 6131770.403126645833254, 2026933.978357705287635 ], [ 6131596.417432100512087, 2027125.941989845829085 ], [ 6131442.085252499207854, 2027334.034844866022468 ], [ 6131308.892891098745167, 2027556.252874817233533 ], [ 6131198.123063147999346, 2027790.455998593941331 ], [ 6131110.842542645521462, 2028034.388712086016312 ], [ 6131047.891888713464141, 2028285.701809915248305 ], [ 6131009.877350563183427, 2028541.975009567802772 ], [ 6130997.165028978139162, 2028800.740260037826374 ], [ 6131009.877350563183427, 2029059.505510507849976 ], [ 6131047.891888713464141, 2029315.778710160404444 ], [ 6131110.842542645521462, 2029567.091807989636436 ], [ 6131198.123063147999346, 2029811.024521481711417 ], [ 6131308.892891098745167, 2030045.227645258419216 ], [ 6131442.085252499207854, 2030267.445675209630281 ], [ 6131448.350391143001616, 2030275.893236767034978 ], [ 6131501.635718531906605, 2030364.794434652430937 ], [ 6131655.967898133210838, 2030572.88728967262432 ], [ 6131829.953592678532004, 2030764.850921813165769 ], [ 6132021.917224818840623, 2030938.836616358254105 ], [ 6132230.010079839266837, 2031093.168795959325507 ], [ 6132452.22810979001224, 2031226.361157360253856 ], [ 6132686.4312335671857, 2031337.130985310534015 ], [ 6132930.363947059027851, 2031424.411505813710392 ], [ 6133181.677044888027012, 2031487.362159745069221 ], [ 6133437.950244540348649, 2031525.376697895117104 ], [ 6133696.715495010837913, 2031538.08901948062703 ], [ 6133955.480745481327176, 2031525.376697895117104 ], [ 6134211.753945133648813, 2031487.362159745069221 ], [ 6134463.067042962647974, 2031424.411505813710392 ], [ 6134706.999756454490125, 2031337.130985310534015 ], [ 6134941.202880231663585, 2031226.361157360253856 ], [ 6135163.420910182408988, 2031093.168795959325507 ], [ 6135371.513765202835202, 2030938.836616358254105 ], [ 6135398.997513673268259, 2030913.926798738073558 ], [ 6135402.718359308317304, 2030911.167231540195644 ], [ 6135594.681991448625922, 2030737.181536995107308 ], [ 6135768.667685993947089, 2030545.217904854565859 ], [ 6135922.999865595251322, 2030337.125049834372476 ], [ 6136056.192226995714009, 2030114.907019883161411 ], [ 6136166.96205494645983, 2029880.703896106453612 ], [ 6136254.242575448937714, 2029636.771182614378631 ], [ 6136317.193229380995035, 2029385.458084785146639 ], [ 6136355.207767531275749, 2029129.184885132592171 ], [ 6136367.920089116320014, 2028870.419634662568569 ], [ 6136355.207767531275749, 2028611.654384192544967 ], [ 6136317.193229380995035, 2028355.3811845399905 ], [ 6136254.242575448937714, 2028104.068086710758507 ], [ 6136250.151523833163083, 2028092.634363402379677 ], [ 6136245.272221470251679, 2028073.155096460599452 ], [ 6136157.991700967773795, 2027829.222382968524471 ], [ 6136047.221873017027974, 2027595.019259191816673 ], [ 6135914.029511616565287, 2027372.801229240605608 ], [ 6135759.697332015261054, 2027164.708374220412225 ], [ 6135585.711637469939888, 2026972.744742079870775 ], [ 6135393.748005329631269, 2026798.759047534782439 ], [ 6135185.655150309205055, 2026644.426867933711037 ], [ 6134963.437120358459651, 2026511.234506532782689 ], [ 6134882.325602252967656, 2026472.871615550015122 ], [ 6134881.652414198964834, 2026472.468122158199549 ], [ 6134647.449290421791375, 2026361.698294207919389 ], [ 6134403.516576929949224, 2026274.417773704743013 ], [ 6134152.203479100950062, 2026211.467119773384184 ], [ 6133895.930279448628426, 2026173.4525816233363 ], [ 6133637.165028978139162, 2026160.740260037826374 ], [ 6133378.399778507649899, 2026173.4525816233363 ], [ 6133122.126578855328262, 2026211.467119773384184 ] ] ], [ [ [ 6123296.363483618944883, 2038713.988091729581356 ], [ 6123062.160359841771424, 2038603.218263779301196 ], [ 6122818.227646349929273, 2038515.93774327612482 ], [ 6122566.914548520930111, 2038452.987089344765991 ], [ 6122310.641348868608475, 2038414.972551194718108 ], [ 6122051.876098398119211, 2038402.260229609208182 ], [ 6121793.110847927629948, 2038414.972551194718108 ], [ 6121536.837648275308311, 2038452.987089344765991 ], [ 6121285.524550446309149, 2038515.93774327612482 ], [ 6121041.591836954466999, 2038603.218263779301196 ], [ 6120807.388713177293539, 2038713.988091729581356 ], [ 6120585.170683226548135, 2038847.180453130509704 ], [ 6120575.042595279403031, 2038854.6919550888706 ], [ 6120548.524709456600249, 2038870.586164181353524 ], [ 6120340.431854436174035, 2039024.918343782424927 ], [ 6120148.468222295865417, 2039198.904038327513263 ], [ 6119974.48252775054425, 2039390.867670468054712 ], [ 6119820.150348149240017, 2039598.960525488248095 ], [ 6119686.95798674877733, 2039821.17855543945916 ], [ 6119686.267733232118189, 2039822.63797388295643 ], [ 6119670.986266849562526, 2039848.133560255169868 ], [ 6119560.216438898816705, 2040082.336684031877667 ], [ 6119472.93591839633882, 2040326.269397523952648 ], [ 6119409.985264464281499, 2040577.58249535318464 ], [ 6119371.970726314000785, 2040833.855695005739108 ], [ 6119359.258404728956521, 2041092.62094547576271 ], [ 6119371.970726314000785, 2041351.386195945786312 ], [ 6119409.985264464281499, 2041607.65939559834078 ], [ 6119472.93591839633882, 2041858.972493427572772 ], [ 6119560.216438898816705, 2042102.905206919647753 ], [ 6119670.986266849562526, 2042337.108330696355551 ], [ 6119804.178628250025213, 2042559.326360647566617 ], [ 6119958.510807851329446, 2042767.41921566776 ], [ 6120132.496502396650612, 2042959.382847808301449 ], [ 6120324.460134536959231, 2043133.368542353389785 ], [ 6120532.552989557385445, 2043287.700721954461187 ], [ 6120754.771019508130848, 2043420.893083355389535 ], [ 6120757.311797867529094, 2043422.094782022759318 ], [ 6120874.677437826991081, 2043492.441039421362802 ], [ 6121108.880561604164541, 2043603.210867371642962 ], [ 6121352.813275096006691, 2043690.491387874819338 ], [ 6121604.126372925005853, 2043753.442041806178167 ], [ 6121860.39957257732749, 2043791.456579956226051 ], [ 6122119.164823047816753, 2043804.168901541735977 ], [ 6122377.930073518306017, 2043791.456579956226051 ], [ 6122634.203273170627654, 2043753.442041806178167 ], [ 6122885.516370999626815, 2043690.491387874819338 ], [ 6123129.449084491468966, 2043603.210867371642962 ], [ 6123363.652208268642426, 2043492.441039421362802 ], [ 6123585.870238219387829, 2043359.248678020434454 ], [ 6123793.963093239814043, 2043204.916498419363052 ], [ 6123985.926725380122662, 2043030.930803874274716 ], [ 6124159.912419925443828, 2042838.967171733733267 ], [ 6124314.244599526748061, 2042630.874316713539883 ], [ 6124447.436960927210748, 2042408.656286762328818 ], [ 6124558.206788877956569, 2042174.45316298562102 ], [ 6124645.487309380434453, 2041930.520449493546039 ], [ 6124708.437963312491775, 2041679.207351664314047 ], [ 6124746.452501462772489, 2041422.934152011759579 ], [ 6124759.164823047816753, 2041164.168901541735977 ], [ 6124746.452501462772489, 2040905.403651071712375 ], [ 6124708.437963312491775, 2040649.130451419157907 ], [ 6124645.487309380434453, 2040397.817353589925915 ], [ 6124558.206788877956569, 2040153.884640097850934 ], [ 6124447.436960927210748, 2039919.681516321143135 ], [ 6124401.775768150575459, 2039843.500418566865847 ], [ 6124380.148236277513206, 2039797.77284438861534 ], [ 6124246.955874877050519, 2039575.554814437404275 ], [ 6124092.623695275746286, 2039367.461959417210892 ], [ 6123918.638000730425119, 2039175.498327276669443 ], [ 6123726.674368590116501, 2039001.512632731581107 ], [ 6123518.581513569690287, 2038847.180453130509704 ], [ 6123296.363483618944883, 2038713.988091729581356 ] ] ], [ [ [ 6113069.428462773561478, 2055783.313904124079272 ], [ 6112915.096283172257245, 2055575.221049103885889 ], [ 6112741.110588626936078, 2055383.25741696334444 ], [ 6112549.14695648662746, 2055209.271722418256104 ], [ 6112341.054101466201246, 2055054.939542817184702 ], [ 6112118.836071515455842, 2054921.747181416256353 ], [ 6111884.632947738282382, 2054810.977353465976194 ], [ 6111640.700234246440232, 2054723.696832962799817 ], [ 6111389.38713641744107, 2054660.746179031440988 ], [ 6111133.113936765119433, 2054622.731640881393105 ], [ 6110874.34868629463017, 2054610.019319295883179 ], [ 6110615.583435824140906, 2054622.731640881393105 ], [ 6110359.31023617181927, 2054660.746179031440988 ], [ 6110107.997138342820108, 2054723.696832962799817 ], [ 6109864.064424850977957, 2054810.977353465976194 ], [ 6109629.861301073804498, 2054921.747181416256353 ], [ 6109407.643271123059094, 2055054.939542817184702 ], [ 6109199.55041610263288, 2055209.271722418256104 ], [ 6109007.586783962324262, 2055383.25741696334444 ], [ 6108833.601089417003095, 2055575.221049103885889 ], [ 6108679.268909815698862, 2055783.313904124079272 ], [ 6108546.076548415236175, 2056005.531934075290337 ], [ 6108435.306720464490354, 2056239.735057851998135 ], [ 6108348.02619996201247, 2056483.667771344073117 ], [ 6108285.075546029955149, 2056734.980869173305109 ], [ 6108247.061007879674435, 2056991.254068825859576 ], [ 6108234.34868629463017, 2057250.019319295883179 ], [ 6108247.061007879674435, 2057508.784569765906781 ], [ 6108285.075546029955149, 2057765.057769418461248 ], [ 6108348.02619996201247, 2058016.370867247693241 ], [ 6108435.306720464490354, 2058260.303580739768222 ], [ 6108546.076548415236175, 2058494.50670451647602 ], [ 6108679.268909815698862, 2058716.724734467687085 ], [ 6108833.601089417003095, 2058924.817589487880468 ], [ 6109007.586783962324262, 2059116.781221628421918 ], [ 6109199.55041610263288, 2059290.766916173510253 ], [ 6109407.643271123059094, 2059445.099095774581656 ], [ 6109629.861301073804498, 2059578.291457175510004 ], [ 6109864.064424850977957, 2059689.061285125790164 ], [ 6110107.997138342820108, 2059776.34180562896654 ], [ 6110359.31023617181927, 2059839.292459560325369 ], [ 6110615.583435824140906, 2059877.306997710373253 ], [ 6110874.34868629463017, 2059890.019319295883179 ], [ 6111133.113936765119433, 2059877.306997710373253 ], [ 6111389.38713641744107, 2059839.292459560325369 ], [ 6111640.700234246440232, 2059776.34180562896654 ], [ 6111884.632947738282382, 2059689.061285125790164 ], [ 6112118.836071515455842, 2059578.291457175510004 ], [ 6112341.054101466201246, 2059445.099095774581656 ], [ 6112549.14695648662746, 2059290.766916173510253 ], [ 6112741.110588626936078, 2059116.781221628421918 ], [ 6112915.096283172257245, 2058924.817589487880468 ], [ 6113069.428462773561478, 2058716.724734467687085 ], [ 6113202.620824174024165, 2058494.50670451647602 ], [ 6113313.390652124769986, 2058260.303580739768222 ], [ 6113400.67117262724787, 2058016.370867247693241 ], [ 6113463.621826559305191, 2057765.057769418461248 ], [ 6113501.636364709585905, 2057508.784569765906781 ], [ 6113514.34868629463017, 2057250.019319295883179 ], [ 6113501.636364709585905, 2056991.254068825859576 ], [ 6113463.621826559305191, 2056734.980869173305109 ], [ 6113400.67117262724787, 2056483.667771344073117 ], [ 6113313.390652124769986, 2056239.735057851998135 ], [ 6113202.620824174024165, 2056005.531934075290337 ], [ 6113069.428462773561478, 2055783.313904124079272 ] ] ], [ [ [ 6104521.035232921130955, 2068487.491835735738277 ], [ 6104347.049538375809789, 2068295.528203595196828 ], [ 6104155.08590623550117, 2068121.542509050108492 ], [ 6103946.993051215074956, 2067967.21032944903709 ], [ 6103724.775021264329553, 2067834.017968048108742 ], [ 6103490.571897487156093, 2067723.248140097828582 ], [ 6103246.639183995313942, 2067635.967619594652206 ], [ 6102995.326086166314781, 2067573.016965663293377 ], [ 6102739.052886513993144, 2067535.002427513245493 ], [ 6102480.287636043503881, 2067522.290105927735567 ], [ 6102221.522385573014617, 2067535.002427513245493 ], [ 6101965.24918592069298, 2067573.016965663293377 ], [ 6101713.936088091693819, 2067635.967619594652206 ], [ 6101470.003374599851668, 2067723.248140097828582 ], [ 6101356.968336837366223, 2067776.709731401177123 ], [ 6101270.419881463982165, 2067807.677263904595748 ], [ 6101036.216757686808705, 2067918.447091854875907 ], [ 6100813.998727736063302, 2068051.639453255804256 ], [ 6100605.905872715637088, 2068205.971632856875658 ], [ 6100413.942240575328469, 2068379.957327401963994 ], [ 6100239.956546030007303, 2068571.920959542505443 ], [ 6100085.62436642870307, 2068780.013814562698826 ], [ 6099952.432005028240383, 2069002.231844513909891 ], [ 6099841.662177077494562, 2069236.434968290617689 ], [ 6099754.381656575016677, 2069480.367681782692671 ], [ 6099691.431002642959356, 2069731.680779611924663 ], [ 6099653.416464492678642, 2069987.953979264479131 ], [ 6099640.704142907634377, 2070246.719229734502733 ], [ 6099653.416464492678642, 2070505.484480204526335 ], [ 6099691.431002642959356, 2070761.757679857080802 ], [ 6099754.381656575016677, 2071013.070777686312795 ], [ 6099841.662177077494562, 2071257.003491178387776 ], [ 6099952.432005028240383, 2071491.206614955095574 ], [ 6100085.62436642870307, 2071713.424644906306639 ], [ 6100239.956546030007303, 2071921.517499926500022 ], [ 6100413.942240575328469, 2072113.481132067041472 ], [ 6100428.706723704002798, 2072126.862879552878439 ], [ 6100457.621309303678572, 2072158.765208580764011 ], [ 6100649.584941443987191, 2072332.750903125852346 ], [ 6100857.677796464413404, 2072487.083082726923749 ], [ 6101079.895826415158808, 2072620.275444127852097 ], [ 6101314.098950192332268, 2072731.045272078132257 ], [ 6101558.031663684174418, 2072818.325792581308633 ], [ 6101809.34476151317358, 2072881.276446512667462 ], [ 6102065.617961165495217, 2072919.290984662715346 ], [ 6102324.38321163598448, 2072932.003306248225272 ], [ 6102583.148462106473744, 2072919.290984662715346 ], [ 6102839.421661758795381, 2072881.276446512667462 ], [ 6103090.734759587794542, 2072818.325792581308633 ], [ 6103334.667473079636693, 2072731.045272078132257 ], [ 6103568.870596856810153, 2072620.275444127852097 ], [ 6103791.088626807555556, 2072487.083082726923749 ], [ 6103999.18148182798177, 2072332.750903125852346 ], [ 6104084.712068657390773, 2072255.230497888056561 ], [ 6104155.08590623550117, 2072203.037702805362642 ], [ 6104347.049538375809789, 2072029.052008260274306 ], [ 6104521.035232921130955, 2071837.088376119732857 ], [ 6104675.367412522435188, 2071628.995521099539474 ], [ 6104808.559773922897875, 2071406.777491148328409 ], [ 6104919.329601873643696, 2071172.57436737162061 ], [ 6105006.610122376121581, 2070928.641653879545629 ], [ 6105069.560776308178902, 2070677.328556050313637 ], [ 6105107.575314458459616, 2070421.055356397759169 ], [ 6105120.287636043503881, 2070162.290105927735567 ], [ 6105107.575314458459616, 2069903.524855457711965 ], [ 6105069.560776308178902, 2069647.251655805157498 ], [ 6105006.610122376121581, 2069395.938557975925505 ], [ 6104919.329601873643696, 2069152.005844483850524 ], [ 6104808.559773922897875, 2068917.802720707142726 ], [ 6104675.367412522435188, 2068695.584690755931661 ], [ 6104521.035232921130955, 2068487.491835735738277 ] ] ], [ [ [ 6107896.393225383013487, 2076554.516513149952516 ], [ 6107742.061045781709254, 2076346.423658129759133 ], [ 6107568.075351236388087, 2076154.460025989217684 ], [ 6107376.111719096079469, 2075980.474331444129348 ], [ 6107168.018864075653255, 2075826.142151843057945 ], [ 6106945.800834124907851, 2075692.949790442129597 ], [ 6106711.597710347734392, 2075582.179962491849437 ], [ 6106467.664996855892241, 2075494.899441988673061 ], [ 6106216.351899026893079, 2075431.948788057314232 ], [ 6105960.078699374571443, 2075393.934249907266349 ], [ 6105701.313448904082179, 2075381.221928321756423 ], [ 6105442.548198433592916, 2075393.934249907266349 ], [ 6105186.274998781271279, 2075431.948788057314232 ], [ 6104934.961900952272117, 2075494.899441988673061 ], [ 6104691.029187460429966, 2075582.179962491849437 ], [ 6104456.826063683256507, 2075692.949790442129597 ], [ 6104234.608033732511103, 2075826.142151843057945 ], [ 6104026.515178712084889, 2075980.474331444129348 ], [ 6103834.551546571776271, 2076154.460025989217684 ], [ 6103660.565852026455104, 2076346.423658129759133 ], [ 6103506.233672425150871, 2076554.516513149952516 ], [ 6103373.041311024688184, 2076776.734543101163581 ], [ 6103262.271483073942363, 2077010.937666877871379 ], [ 6103174.990962571464479, 2077254.870380369946361 ], [ 6103112.040308639407158, 2077506.183478199178353 ], [ 6103074.025770489126444, 2077762.45667785173282 ], [ 6103061.313448904082179, 2078021.221928321756423 ], [ 6103074.025770489126444, 2078279.987178791780025 ], [ 6103112.040308639407158, 2078536.260378444334492 ], [ 6103174.990962571464479, 2078787.573476273566484 ], [ 6103262.271483073942363, 2079031.506189765641466 ], [ 6103373.041311024688184, 2079265.709313542349264 ], [ 6103506.233672425150871, 2079487.927343493560329 ], [ 6103660.565852026455104, 2079696.020198513753712 ], [ 6103834.551546571776271, 2079887.983830654295161 ], [ 6104026.515178712084889, 2080061.969525199383497 ], [ 6104234.608033732511103, 2080216.3017048004549 ], [ 6104456.826063683256507, 2080349.494066201383248 ], [ 6104691.029187460429966, 2080460.263894151663408 ], [ 6104934.961900952272117, 2080547.544414654839784 ], [ 6105186.274998781271279, 2080610.495068586198613 ], [ 6105442.548198433592916, 2080648.509606736246496 ], [ 6105701.313448904082179, 2080661.221928321756423 ], [ 6105960.078699374571443, 2080648.509606736246496 ], [ 6106216.351899026893079, 2080610.495068586198613 ], [ 6106467.664996855892241, 2080547.544414654839784 ], [ 6106711.597710347734392, 2080460.263894151663408 ], [ 6106945.800834124907851, 2080349.494066201383248 ], [ 6107168.018864075653255, 2080216.3017048004549 ], [ 6107376.111719096079469, 2080061.969525199383497 ], [ 6107568.075351236388087, 2079887.983830654295161 ], [ 6107742.061045781709254, 2079696.020198513753712 ], [ 6107896.393225383013487, 2079487.927343493560329 ], [ 6108029.585586783476174, 2079265.709313542349264 ], [ 6108140.355414734221995, 2079031.506189765641466 ], [ 6108227.635935236699879, 2078787.573476273566484 ], [ 6108290.5865891687572, 2078536.260378444334492 ], [ 6108328.601127319037914, 2078279.987178791780025 ], [ 6108341.313448904082179, 2078021.221928321756423 ], [ 6108328.601127319037914, 2077762.45667785173282 ], [ 6108290.5865891687572, 2077506.183478199178353 ], [ 6108227.635935236699879, 2077254.870380369946361 ], [ 6108140.355414734221995, 2077010.937666877871379 ], [ 6108029.585586783476174, 2076776.734543101163581 ], [ 6107896.393225383013487, 2076554.516513149952516 ] ] ], [ [ [ 6089497.906871469691396, 2078103.128740333020687 ], [ 6089289.814016449265182, 2078257.46091993409209 ], [ 6089097.850384308956563, 2078431.446614479180425 ], [ 6088923.864689763635397, 2078623.410246619721875 ], [ 6088769.532510162331164, 2078831.503101639915258 ], [ 6088636.340148761868477, 2079053.721131591126323 ], [ 6088525.570320811122656, 2079287.924255367834121 ], [ 6088438.289800308644772, 2079531.856968859909102 ], [ 6088375.339146376587451, 2079783.170066689141095 ], [ 6088337.324608226306736, 2080039.443266341695562 ], [ 6088324.612286641262472, 2080298.208516811719164 ], [ 6088337.324608226306736, 2080556.973767281742766 ], [ 6088375.339146376587451, 2080813.246966934297234 ], [ 6088438.289800308644772, 2081064.560064763529226 ], [ 6088525.570320811122656, 2081308.492778255604208 ], [ 6088636.340148761868477, 2081542.695902032312006 ], [ 6088769.532510162331164, 2081764.913931983523071 ], [ 6088923.864689763635397, 2081973.006787003716454 ], [ 6089097.850384308956563, 2082164.970419144257903 ], [ 6089289.814016449265182, 2082338.956113689346239 ], [ 6089497.906871469691396, 2082493.288293290417641 ], [ 6089720.1249014204368, 2082626.48065469134599 ], [ 6089855.560916873626411, 2082690.53711938788183 ], [ 6089871.880091495811939, 2082700.318456233013421 ], [ 6090106.083215272985399, 2082811.088284183293581 ], [ 6090350.015928764827549, 2082898.368804686469957 ], [ 6090601.329026593826711, 2082961.319458617828786 ], [ 6090857.602226246148348, 2082999.33399676787667 ], [ 6090861.815360868349671, 2082999.540974799543619 ], [ 6090871.799611927941442, 2083001.021998540265486 ], [ 6091130.564862398430705, 2083013.734320125775412 ], [ 6091389.330112868919969, 2083001.021998540265486 ], [ 6091645.603312521241605, 2082963.007460390217602 ], [ 6091896.916410350240767, 2082900.056806458858773 ], [ 6092140.849123842082918, 2082812.776285955682397 ], [ 6092375.052247619256377, 2082702.006458005402237 ], [ 6092597.270277570001781, 2082568.814096604473889 ], [ 6092805.363132590427995, 2082414.481917003402486 ], [ 6092997.326764730736613, 2082240.496222458314151 ], [ 6093171.31245927605778, 2082048.532590317772701 ], [ 6093325.644638877362013, 2081840.439735297579318 ], [ 6093458.8370002778247, 2081618.221705346368253 ], [ 6093483.121922984719276, 2081566.875550315249711 ], [ 6093484.346632449887693, 2081564.832246017176658 ], [ 6093595.116460400633514, 2081330.62912224046886 ], [ 6093682.396980903111398, 2081086.696408748393878 ], [ 6093745.347634835168719, 2080835.383310919161886 ], [ 6093783.362172985449433, 2080579.110111266607419 ], [ 6093796.074494570493698, 2080320.344860796583816 ], [ 6093783.362172985449433, 2080061.579610326560214 ], [ 6093745.347634835168719, 2079805.306410674005747 ], [ 6093682.396980903111398, 2079553.993312844773754 ], [ 6093595.116460400633514, 2079310.060599352698773 ], [ 6093484.346632449887693, 2079075.857475575990975 ], [ 6093351.154271049425006, 2078853.63944562477991 ], [ 6093196.822091448120773, 2078645.546590604586527 ], [ 6093022.836396902799606, 2078453.582958464045078 ], [ 6092830.872764762490988, 2078279.597263918956742 ], [ 6092622.779909742064774, 2078125.265084317885339 ], [ 6092400.56187979131937, 2077992.072722916956991 ], [ 6092166.358756014145911, 2077881.302894966676831 ], [ 6091922.42604252230376, 2077794.022374463500455 ], [ 6091671.112944693304598, 2077731.071720532141626 ], [ 6091414.839745040982962, 2077693.057182382093742 ], [ 6091351.696451535448432, 2077689.955151288071647 ], [ 6091223.377537111751735, 2077670.92083839722909 ], [ 6090964.612286641262472, 2077658.208516811719164 ], [ 6090705.847036170773208, 2077670.92083839722909 ], [ 6090449.573836518451571, 2077708.935376547276974 ], [ 6090198.26073868945241, 2077771.886030478635803 ], [ 6089954.328025197610259, 2077859.166550981812179 ], [ 6089720.1249014204368, 2077969.936378932092339 ], [ 6089497.906871469691396, 2078103.128740333020687 ] ] ], [ [ [ 6150606.071531216613948, 2078555.398645100183785 ], [ 6150432.085836671292782, 2078363.435012959642336 ], [ 6150240.122204530984163, 2078189.449318414554 ], [ 6150032.02934951055795, 2078035.117138813482597 ], [ 6149809.811319559812546, 2077901.924777412554249 ], [ 6149575.608195782639086, 2077791.154949462274089 ], [ 6149331.675482290796936, 2077703.874428959097713 ], [ 6149080.362384461797774, 2077640.923775027738884 ], [ 6148824.089184809476137, 2077602.909236877691001 ], [ 6148565.323934338986874, 2077590.196915292181075 ], [ 6148306.55868386849761, 2077602.909236877691001 ], [ 6148050.285484216175973, 2077640.923775027738884 ], [ 6147798.972386387176812, 2077703.874428959097713 ], [ 6147555.039672895334661, 2077791.154949462274089 ], [ 6147320.836549118161201, 2077901.924777412554249 ], [ 6147098.618519167415798, 2078035.117138813482597 ], [ 6146890.525664146989584, 2078189.449318414554 ], [ 6146698.562032006680965, 2078363.435012959642336 ], [ 6146524.576337461359799, 2078555.398645100183785 ], [ 6146370.244157860055566, 2078763.491500120377168 ], [ 6146237.051796459592879, 2078985.709530071588233 ], [ 6146126.281968508847058, 2079219.912653848296031 ], [ 6146039.001448006369174, 2079463.845367340371013 ], [ 6145976.050794074311852, 2079715.158465169603005 ], [ 6145938.036255924031138, 2079971.431664822157472 ], [ 6145925.323934338986874, 2080230.196915292181075 ], [ 6145938.036255924031138, 2080488.962165762204677 ], [ 6145959.454959796741605, 2080633.355338503606617 ], [ 6145956.880976025946438, 2080685.749981814762577 ], [ 6145969.593297610990703, 2080944.51523228478618 ], [ 6146007.607835761271417, 2081200.788431937340647 ], [ 6146070.558489693328738, 2081452.101529766572639 ], [ 6146157.839010195806623, 2081696.034243258647621 ], [ 6146268.608838146552444, 2081930.237367035355419 ], [ 6146401.801199547015131, 2082152.455396986566484 ], [ 6146556.133379148319364, 2082360.548252006759867 ], [ 6146730.11907369364053, 2082552.511884147301316 ], [ 6146922.082705833949149, 2082726.497578692389652 ], [ 6147130.175560854375362, 2082880.829758293461055 ], [ 6147352.393590805120766, 2083014.022119694389403 ], [ 6147586.596714582294226, 2083124.791947644669563 ], [ 6147830.529428074136376, 2083212.072468147845939 ], [ 6148081.842525903135538, 2083275.023122079204768 ], [ 6148338.115725555457175, 2083313.037660229252651 ], [ 6148596.880976025946438, 2083325.749981814762577 ], [ 6148855.646226496435702, 2083313.037660229252651 ], [ 6149111.919426148757339, 2083275.023122079204768 ], [ 6149363.2325239777565, 2083212.072468147845939 ], [ 6149607.165237469598651, 2083124.791947644669563 ], [ 6149841.36836124677211, 2083014.022119694389403 ], [ 6150063.586391197517514, 2082880.829758293461055 ], [ 6150271.679246217943728, 2082726.497578692389652 ], [ 6150463.642878358252347, 2082552.511884147301316 ], [ 6150637.628572903573513, 2082360.548252006759867 ], [ 6150791.960752504877746, 2082152.455396986566484 ], [ 6150925.153113905340433, 2081930.237367035355419 ], [ 6151035.922941856086254, 2081696.034243258647621 ], [ 6151123.203462358564138, 2081452.101529766572639 ], [ 6151186.154116290621459, 2081200.788431937340647 ], [ 6151224.168654440902174, 2080944.51523228478618 ], [ 6151236.880976025946438, 2080685.749981814762577 ], [ 6151224.168654440902174, 2080426.984731344738975 ], [ 6151202.749950568191707, 2080282.591558603337035 ], [ 6151205.323934338986874, 2080230.196915292181075 ], [ 6151192.611612753942609, 2079971.431664822157472 ], [ 6151154.597074603661895, 2079715.158465169603005 ], [ 6151091.646420671604574, 2079463.845367340371013 ], [ 6151004.365900169126689, 2079219.912653848296031 ], [ 6150893.596072218380868, 2078985.709530071588233 ], [ 6150760.403710817918181, 2078763.491500120377168 ], [ 6150606.071531216613948, 2078555.398645100183785 ] ] ], [ [ [ 6159374.678725736215711, 2079501.902112373150885 ], [ 6159220.346546134911478, 2079293.809257352957502 ], [ 6159046.360851589590311, 2079101.845625212416053 ], [ 6158854.397219449281693, 2078927.859930667327717 ], [ 6158646.304364428855479, 2078773.527751066256315 ], [ 6158424.086334478110075, 2078640.335389665327966 ], [ 6158189.883210700936615, 2078529.565561715047807 ], [ 6157945.950497209094465, 2078442.28504121187143 ], [ 6157694.637399380095303, 2078379.334387280512601 ], [ 6157438.364199727773666, 2078341.319849130464718 ], [ 6157179.598949257284403, 2078328.607527544954792 ], [ 6156920.833698786795139, 2078341.319849130464718 ], [ 6156664.560499134473503, 2078379.334387280512601 ], [ 6156413.247401305474341, 2078442.28504121187143 ], [ 6156169.31468781363219, 2078529.565561715047807 ], [ 6155935.111564036458731, 2078640.335389665327966 ], [ 6155712.893534085713327, 2078773.527751066256315 ], [ 6155504.800679065287113, 2078927.859930667327717 ], [ 6155312.837046924978495, 2079101.845625212416053 ], [ 6155138.851352379657328, 2079293.809257352957502 ], [ 6154984.519172778353095, 2079501.902112373150885 ], [ 6154851.326811377890408, 2079724.12014232436195 ], [ 6154740.556983427144587, 2079958.323266101069748 ], [ 6154653.276462924666703, 2080202.25597959314473 ], [ 6154590.325808992609382, 2080453.569077422376722 ], [ 6154552.311270842328668, 2080709.842277074931189 ], [ 6154539.598949257284403, 2080968.607527544954792 ], [ 6154552.311270842328668, 2081227.372778014978394 ], [ 6154590.325808992609382, 2081483.645977667532861 ], [ 6154653.276462924666703, 2081734.959075496764854 ], [ 6154740.556983427144587, 2081978.891788988839835 ], [ 6154851.326811377890408, 2082213.094912765547633 ], [ 6154984.519172778353095, 2082435.312942716758698 ], [ 6155138.851352379657328, 2082643.405797736952081 ], [ 6155312.837046924978495, 2082835.369429877493531 ], [ 6155504.800679065287113, 2083009.355124422581866 ], [ 6155712.893534085713327, 2083163.687304023653269 ], [ 6155935.111564036458731, 2083296.879665424581617 ], [ 6156169.31468781363219, 2083407.649493374861777 ], [ 6156413.247401305474341, 2083494.930013878038153 ], [ 6156664.560499134473503, 2083557.880667809396982 ], [ 6156920.833698786795139, 2083595.895205959444866 ], [ 6157179.598949257284403, 2083608.607527544954792 ], [ 6157438.364199727773666, 2083595.895205959444866 ], [ 6157694.637399380095303, 2083557.880667809396982 ], [ 6157945.950497209094465, 2083494.930013878038153 ], [ 6158189.883210700936615, 2083407.649493374861777 ], [ 6158424.086334478110075, 2083296.879665424581617 ], [ 6158646.304364428855479, 2083163.687304023653269 ], [ 6158854.397219449281693, 2083009.355124422581866 ], [ 6159046.360851589590311, 2082835.369429877493531 ], [ 6159220.346546134911478, 2082643.405797736952081 ], [ 6159374.678725736215711, 2082435.312942716758698 ], [ 6159507.871087136678398, 2082213.094912765547633 ], [ 6159618.640915087424219, 2081978.891788988839835 ], [ 6159705.921435589902103, 2081734.959075496764854 ], [ 6159768.872089521959424, 2081483.645977667532861 ], [ 6159806.886627672240138, 2081227.372778014978394 ], [ 6159819.598949257284403, 2080968.607527544954792 ], [ 6159806.886627672240138, 2080709.842277074931189 ], [ 6159768.872089521959424, 2080453.569077422376722 ], [ 6159705.921435589902103, 2080202.25597959314473 ], [ 6159618.640915087424219, 2079958.323266101069748 ], [ 6159507.871087136678398, 2079724.12014232436195 ], [ 6159374.678725736215711, 2079501.902112373150885 ] ] ] ] } }
]
}
