{
"type": "FeatureCollection",
"name": "Tier1_buffers_quartermile_all",
"crs": { "type": "name", "properties": { "name": "urn:ogc:def:crs:EPSG::2227" } },
"features": [
{ "type": "Feature", "properties": { "parent_sta": "901109", "stop_id": "WOAK_1", "stop_name": "North Station Entrance / Exit", "stop_code": "WOAK_1", "stop_desc": "Pedestrian Access Point", "stop_lat": 37.80503, "stop_lon": -122.2953, "zone_id": "BA:79542", "stop_url": null, "tts_stop_n": null, "platform_c": null, "location_t": "2", "stop_timez": "America/Los_Angeles", "wheelchair": "0", "level_id": "mtc:12th-st-oakland-city-center-bart-street", "route_info": "{'route_id': None, 'route_type': None}", "station_id": "mtc:fruitvale", "OBJECTID": "152", "access_id": "mtc:BA-FTVL_2-1643433662776", "access_point_name": "Enter/Exit : Station entrance", "location_type": "2", "x": "-122.22445", "y": "37.77508" }, "geometry": { "type": "MultiPolygon", "coordinates": [ [ [ [ 6028070.674801976419985, 2037454.021816935855895 ], [ 6027948.708445229567587, 2037410.381556684151292 ], [ 6027823.051896315068007, 2037378.906229718355462 ], [ 6027694.915296489372849, 2037359.898960643447936 ], [ 6027565.532671254128218, 2037353.542799850692973 ], [ 6027436.150046018883586, 2037359.898960643447936 ], [ 6027308.013446193188429, 2037378.906229718355462 ], [ 6027182.356897278688848, 2037410.381556684151292 ], [ 6027060.39054053183645, 2037454.021816935855895 ], [ 6026943.288978643715382, 2037509.406730910763144 ], [ 6026875.741298808716238, 2037549.893252127571031 ], [ 6026795.612384886480868, 2037561.779253704473376 ], [ 6026669.955835971981287, 2037593.254580670269206 ], [ 6026547.989479225128889, 2037636.89484092197381 ], [ 6026430.887917337007821, 2037692.279754896881059 ], [ 6026319.778902361169457, 2037758.875935597345233 ], [ 6026215.732474851422012, 2037836.04202539799735 ], [ 6026119.750658781267703, 2037923.034872670657933 ], [ 6026032.757811509072781, 2038019.016688740812242 ], [ 6025955.591721707955003, 2038123.063116251025349 ], [ 6025923.481423665769398, 2038176.635911995079368 ], [ 6025921.889326122589409, 2038178.392520938999951 ], [ 6025844.723236321471632, 2038282.438948449213058 ], [ 6025778.127055620774627, 2038393.54796342458576 ], [ 6025722.742141646333039, 2038510.649525313172489 ], [ 6025679.101881394162774, 2038632.615882059093565 ], [ 6025647.626554428599775, 2038758.272430973593146 ], [ 6025628.619285353459418, 2038886.409030799986795 ], [ 6025622.263124560937285, 2039015.791656034998596 ], [ 6025628.619285353459418, 2039145.174281270010397 ], [ 6025647.626554428599775, 2039273.310881096404046 ], [ 6025679.101881394162774, 2039398.967430010903627 ], [ 6025722.742141646333039, 2039520.933786756824702 ], [ 6025778.127055620774627, 2039638.035348645411432 ], [ 6025844.723236321471632, 2039749.144363620784134 ], [ 6025921.889326122589409, 2039853.190791130997241 ], [ 6026008.882173394784331, 2039949.17260720115155 ], [ 6026104.863989464938641, 2040036.165454473812133 ], [ 6026208.910416974686086, 2040113.33154427446425 ], [ 6026230.450962071307003, 2040126.242450144141912 ], [ 6026271.81983379740268, 2040156.923696458805352 ], [ 6026382.928848773241043, 2040223.519877159269527 ], [ 6026500.030410661362112, 2040278.904791134176776 ], [ 6026621.996767408214509, 2040322.545051385881379 ], [ 6026747.65331632271409, 2040354.020378351677209 ], [ 6026875.789916148409247, 2040373.027647426584736 ], [ 6027005.172541383653879, 2040379.383808219339699 ], [ 6027134.555166618898511, 2040373.027647426584736 ], [ 6027262.691766444593668, 2040354.020378351677209 ], [ 6027388.348315359093249, 2040322.545051385881379 ], [ 6027510.314672105945647, 2040278.904791134176776 ], [ 6027627.416233994066715, 2040223.519877159269527 ], [ 6027738.525248969905078, 2040156.923696458805352 ], [ 6027784.321371136233211, 2040122.95897743687965 ], [ 6027855.639336278662086, 2040080.212634173454717 ], [ 6027959.685763788409531, 2040003.0465443728026 ], [ 6027990.448157865554094, 2039975.165135588496923 ], [ 6028094.865975297056139, 2039937.803843104513362 ], [ 6028211.967537185177207, 2039882.418929129606113 ], [ 6028323.07655216101557, 2039815.822748429141939 ], [ 6028427.122979670763016, 2039738.656658628489822 ], [ 6028523.104795740917325, 2039651.663811355829239 ], [ 6028610.097643013112247, 2039555.68199528567493 ], [ 6028687.263732814230025, 2039451.635567775461823 ], [ 6028753.85991351492703, 2039340.526552800089121 ], [ 6028809.244827489368618, 2039223.424990911502391 ], [ 6028852.885087741538882, 2039101.458634165581316 ], [ 6028884.360414707101882, 2038975.802085251081735 ], [ 6028903.367683782242239, 2038847.665485424688086 ], [ 6028909.723844574764371, 2038718.282860189676285 ], [ 6028903.367683782242239, 2038588.900234954664484 ], [ 6028884.360414707101882, 2038460.763635128270835 ], [ 6028852.885087741538882, 2038335.107086213771254 ], [ 6028809.244827489368618, 2038213.140729467850178 ], [ 6028753.85991351492703, 2038096.039167579263449 ], [ 6028739.489997442811728, 2038072.064411020604894 ], [ 6028729.668740194290876, 2038051.299107240280136 ], [ 6028663.072559493593872, 2037940.190092264907435 ], [ 6028585.906469692476094, 2037836.143664754694328 ], [ 6028498.913622420281172, 2037740.161848684540018 ], [ 6028402.931806350126863, 2037653.169001411879435 ], [ 6028298.885378840379417, 2037576.002911611227319 ], [ 6028187.776363864541054, 2037509.406730910763144 ], [ 6028070.674801976419985, 2037454.021816935855895 ] ] ], [ [ [ 6016101.339018372818828, 2045093.701546903699636 ], [ 6015997.292590863071382, 2045016.53545710304752 ], [ 6015886.183575887233019, 2044949.939276402583346 ], [ 6015769.08201399911195, 2044894.554362427676097 ], [ 6015647.115657252259552, 2044850.914102175971493 ], [ 6015521.459108337759972, 2044819.438775210175663 ], [ 6015393.322508512064815, 2044800.431506135268137 ], [ 6015263.939883276820183, 2044794.075345342513174 ], [ 6015134.557258041575551, 2044800.431506135268137 ], [ 6015006.420658215880394, 2044819.438775210175663 ], [ 6014880.764109301380813, 2044850.914102175971493 ], [ 6014758.797752554528415, 2044894.554362427676097 ], [ 6014641.696190666407347, 2044949.939276402583346 ], [ 6014530.587175690568984, 2045016.53545710304752 ], [ 6014426.540748180821538, 2045093.701546903699636 ], [ 6014330.558932110667229, 2045180.69439417636022 ], [ 6014243.566084838472307, 2045276.676210246514529 ], [ 6014166.399995037354529, 2045380.722637756727636 ], [ 6014162.220932107418776, 2045387.694983028573915 ], [ 6014123.173172714188695, 2045430.777546452824026 ], [ 6014046.007082913070917, 2045534.823973963037133 ], [ 6013998.577619488351047, 2045613.955253061838448 ], [ 6013912.419940935447812, 2045709.015602449188009 ], [ 6013835.253851134330034, 2045813.062029959401116 ], [ 6013768.657670433633029, 2045924.171044934773818 ], [ 6013713.272756459191442, 2046041.272606823360547 ], [ 6013669.632496207021177, 2046163.238963569281623 ], [ 6013638.157169241458178, 2046288.895512483781204 ], [ 6013619.149900166317821, 2046417.032112310174853 ], [ 6013612.793739373795688, 2046546.414737545186654 ], [ 6013619.149900166317821, 2046675.797362780198455 ], [ 6013638.157169241458178, 2046803.933962606592104 ], [ 6013669.632496207021177, 2046929.590511521091685 ], [ 6013713.272756459191442, 2047051.55686826701276 ], [ 6013768.657670433633029, 2047168.65843015559949 ], [ 6013835.253851134330034, 2047279.767445130972192 ], [ 6013912.419940935447812, 2047383.813872641185299 ], [ 6013999.412788207642734, 2047479.795688711339608 ], [ 6014095.394604277797043, 2047566.788535984000191 ], [ 6014199.441031787544489, 2047643.954625784652308 ], [ 6014310.550046763382852, 2047710.550806485116482 ], [ 6014427.651608651503921, 2047765.935720460023731 ], [ 6014549.617965398356318, 2047809.575980711728334 ], [ 6014675.274514312855899, 2047841.051307677524164 ], [ 6014766.295435008592904, 2047854.552985835587606 ], [ 6014818.754793173633516, 2047873.323244323488325 ], [ 6014944.411342088133097, 2047904.798571289284155 ], [ 6015072.547941913828254, 2047923.805840364191681 ], [ 6015201.930567149072886, 2047930.162001156946644 ], [ 6015331.313192384317517, 2047923.805840364191681 ], [ 6015459.449792210012674, 2047904.798571289284155 ], [ 6015585.106341124512255, 2047873.323244323488325 ], [ 6015707.072697871364653, 2047829.682984071783721 ], [ 6015824.174259759485722, 2047774.298070096876472 ], [ 6015935.283274735324085, 2047707.701889396412298 ], [ 6016039.32970224507153, 2047630.535799595760182 ], [ 6016135.31151831522584, 2047543.542952323099598 ], [ 6016222.304365587420762, 2047447.561136252945289 ], [ 6016299.470455388538539, 2047343.514708742732182 ], [ 6016366.066636089235544, 2047232.40569376735948 ], [ 6016421.451550063677132, 2047115.30413187877275 ], [ 6016465.091810315847397, 2046993.337775132851675 ], [ 6016496.567137281410396, 2046867.681226218352094 ], [ 6016515.574406356550753, 2046739.544626391958445 ], [ 6016521.930567149072886, 2046610.162001156946644 ], [ 6016517.677481009624898, 2046523.588443939574063 ], [ 6016527.101126443594694, 2046497.251119318418205 ], [ 6016558.576453409157693, 2046371.594570403918624 ], [ 6016577.58372248429805, 2046243.457970577524975 ], [ 6016583.939883276820183, 2046114.075345342513174 ], [ 6016577.58372248429805, 2045984.692720107501373 ], [ 6016558.576453409157693, 2045856.556120281107724 ], [ 6016527.101126443594694, 2045730.899571366608143 ], [ 6016483.460866191424429, 2045608.933214620687068 ], [ 6016428.075952216982841, 2045491.831652732100338 ], [ 6016361.479771516285837, 2045380.722637756727636 ], [ 6016284.313681715168059, 2045276.676210246514529 ], [ 6016197.320834442973137, 2045180.69439417636022 ], [ 6016101.339018372818828, 2045093.701546903699636 ] ] ], [ [ [ 6006723.718157858587801, 2057531.349766767350957 ], [ 6006680.077897606417537, 2057653.316123513272032 ], [ 6006648.602570640854537, 2057778.972672427771613 ], [ 6006629.59530156571418, 2057907.109272254165262 ], [ 6006623.239140773192048, 2058036.491897489177063 ], [ 6006629.59530156571418, 2058165.874522724188864 ], [ 6006648.602570640854537, 2058294.011122550582513 ], [ 6006680.077897606417537, 2058419.667671465082094 ], [ 6006723.718157858587801, 2058541.634028211003169 ], [ 6006779.103071833029389, 2058658.735590099589899 ], [ 6006845.699252533726394, 2058769.844605074962601 ], [ 6006922.865342334844172, 2058873.891032585175708 ], [ 6007009.858189607039094, 2058969.872848655330017 ], [ 6007053.635497365146875, 2059009.550287609221414 ], [ 6007020.189708766527474, 2059004.589073528535664 ], [ 6006890.807083531282842, 2058998.232912735780701 ], [ 6006761.42445829603821, 2059004.589073528535664 ], [ 6006633.287858470343053, 2059023.59634260344319 ], [ 6006507.631309555843472, 2059055.07166956923902 ], [ 6006483.889535403810441, 2059063.566612194990739 ], [ 6006394.453575662337244, 2059085.969153882469982 ], [ 6006272.487218915484846, 2059129.609414134174585 ], [ 6006155.385657027363777, 2059184.994328109081835 ], [ 6006044.276642051525414, 2059251.590508809546009 ], [ 6005940.230214541777968, 2059328.756598610198125 ], [ 6005844.248398471623659, 2059415.749445882858709 ], [ 6005757.255551199428737, 2059511.731261953013018 ], [ 6005680.089461398310959, 2059615.777689463226125 ], [ 6005613.493280697613955, 2059726.886704438598827 ], [ 6005558.108366723172367, 2059843.988266327185556 ], [ 6005514.468106471002102, 2059965.954623073106632 ], [ 6005482.992779505439103, 2060091.611171987606212 ], [ 6005463.985510430298746, 2060219.747771813999861 ], [ 6005457.629349637776613, 2060349.130397049011663 ], [ 6005463.985510430298746, 2060478.513022284023464 ], [ 6005482.992779505439103, 2060606.649622110417113 ], [ 6005514.468106471002102, 2060732.306171024916694 ], [ 6005558.108366723172367, 2060854.272527770837769 ], [ 6005613.493280697613955, 2060971.374089659424499 ], [ 6005680.089461398310959, 2061082.483104634797201 ], [ 6005757.255551199428737, 2061186.529532145010307 ], [ 6005844.248398471623659, 2061282.511348215164617 ], [ 6005882.381691110320389, 2061317.073350043967366 ], [ 6005912.380782387219369, 2061350.172246694331989 ], [ 6006008.362598457373679, 2061437.165093966992572 ], [ 6006112.409025967121124, 2061514.331183767644688 ], [ 6006223.518040942959487, 2061580.927364468108863 ], [ 6006340.619602831080556, 2061636.312278443016112 ], [ 6006462.585959577932954, 2061679.952538694720715 ], [ 6006588.242508492432535, 2061711.427865660516545 ], [ 6006716.379108318127692, 2061730.435134735424072 ], [ 6006845.761733553372324, 2061736.791295528179035 ], [ 6006975.144358788616955, 2061730.435134735424072 ], [ 6007103.280958614312112, 2061711.427865660516545 ], [ 6007228.937507528811693, 2061679.952538694720715 ], [ 6007350.903864275664091, 2061636.312278443016112 ], [ 6007468.00542616378516, 2061580.927364468108863 ], [ 6007579.114441139623523, 2061514.331183767644688 ], [ 6007683.160868649370968, 2061437.165093966992572 ], [ 6007779.142684719525278, 2061350.172246694331989 ], [ 6007866.1355319917202, 2061254.190430624177679 ], [ 6007869.93695068359375, 2061249.064810868585482 ], [ 6007901.691293735057116, 2061214.029292319901288 ], [ 6007978.857383536174893, 2061109.982864809688181 ], [ 6008045.453564236871898, 2060998.873849834315479 ], [ 6008100.838478211313486, 2060881.772287945728749 ], [ 6008144.478738463483751, 2060759.805931199807674 ], [ 6008175.95406542904675, 2060634.149382285308093 ], [ 6008183.41531637031585, 2060583.849714182550088 ], [ 6008185.443653663620353, 2060575.752137797186151 ], [ 6008204.45092273876071, 2060447.615537970792502 ], [ 6008210.807083531282842, 2060318.232912735780701 ], [ 6008204.45092273876071, 2060188.8502875007689 ], [ 6008185.443653663620353, 2060060.713687674375251 ], [ 6008153.968326698057353, 2059935.05713875987567 ], [ 6008110.328066445887089, 2059813.090782013954595 ], [ 6008054.943152471445501, 2059695.989220125367865 ], [ 6007988.346971770748496, 2059584.880205149995163 ], [ 6007911.180881969630718, 2059480.833777639782056 ], [ 6007824.188034697435796, 2059384.851961569627747 ], [ 6007793.579279321245849, 2059357.109802786959335 ], [ 6007860.449184092693031, 2059367.029016147833318 ], [ 6007989.831809327937663, 2059373.385176940588281 ], [ 6008119.214434563182294, 2059367.029016147833318 ], [ 6008247.351034388877451, 2059348.021747072925791 ], [ 6008373.007583303377032, 2059316.546420107129961 ], [ 6008494.97394005022943, 2059272.906159855425358 ], [ 6008612.075501938350499, 2059217.521245880518109 ], [ 6008723.184516914188862, 2059150.925065180053934 ], [ 6008827.230944423936307, 2059073.758975379401818 ], [ 6008923.212760494090617, 2058986.766128106741235 ], [ 6008939.748959823511541, 2058968.521243701688945 ], [ 6008994.510679794475436, 2058927.907184170326218 ], [ 6009090.492495864629745, 2058840.914336897665635 ], [ 6009177.485343136824667, 2058744.932520827511325 ], [ 6009254.651432937942445, 2058640.886093317298219 ], [ 6009321.24761363863945, 2058529.777078341925517 ], [ 6009376.632527613081038, 2058412.675516453338787 ], [ 6009420.272787865251303, 2058290.709159707417712 ], [ 6009451.748114830814302, 2058165.052610792918131 ], [ 6009470.755383905954659, 2058036.916010966524482 ], [ 6009474.920136844739318, 2057952.140517345396802 ], [ 6009480.068910762667656, 2057931.585459653520957 ], [ 6009519.810781974345446, 2057847.558332820190117 ], [ 6009526.766629246994853, 2057835.953202755656093 ], [ 6009582.151543221436441, 2057718.851640867069364 ], [ 6009591.987369876354933, 2057691.362346905050799 ], [ 6009609.736113744787872, 2057661.750356734497473 ], [ 6009665.12102771922946, 2057544.648794845910743 ], [ 6009708.761287971399724, 2057422.682438099989668 ], [ 6009740.236614936962724, 2057297.025889185490087 ], [ 6009759.243884012103081, 2057168.889289359096438 ], [ 6009765.600044804625213, 2057039.506664124084637 ], [ 6009759.243884012103081, 2056910.124038889072835 ], [ 6009740.236614936962724, 2056781.987439062679186 ], [ 6009708.761287971399724, 2056656.330890148179606 ], [ 6009665.12102771922946, 2056534.36453340225853 ], [ 6009609.736113744787872, 2056417.2629715136718 ], [ 6009543.139933044090867, 2056306.153956538299099 ], [ 6009465.973843242973089, 2056202.107529028085992 ], [ 6009378.980995970778167, 2056106.125712957931682 ], [ 6009282.999179900623858, 2056019.132865685271099 ], [ 6009178.952752390876412, 2055941.966775884618983 ], [ 6009067.843737415038049, 2055875.370595184154809 ], [ 6008950.742175526916981, 2055819.985681209247559 ], [ 6008828.775818780064583, 2055776.345420957542956 ], [ 6008703.119269865565002, 2055744.870093991747126 ], [ 6008574.982670039869845, 2055725.8628249168396 ], [ 6008445.600044804625213, 2055719.506664124084637 ], [ 6008316.217419569380581, 2055725.8628249168396 ], [ 6008269.991530063562095, 2055732.719787886366248 ], [ 6008256.689870595000684, 2055732.066319260047749 ], [ 6008127.307245359756052, 2055738.422480052802712 ], [ 6007999.170645534060895, 2055757.429749127710238 ], [ 6007873.514096619561315, 2055788.905076093506068 ], [ 6007751.547739872708917, 2055832.545336345210671 ], [ 6007634.446177984587848, 2055887.930250320117921 ], [ 6007523.337163008749485, 2055954.526431020582095 ], [ 6007419.290735499002039, 2056031.692520821234211 ], [ 6007323.30891942884773, 2056118.685368093894795 ], [ 6007236.316072156652808, 2056214.667184164049104 ], [ 6007159.14998235553503, 2056318.713611674262211 ], [ 6007092.553801654838026, 2056429.822626649634913 ], [ 6007037.168887680396438, 2056546.924188538221642 ], [ 6006993.528627428226173, 2056668.890545284142718 ], [ 6006962.053300462663174, 2056794.547094198642299 ], [ 6006943.046031387522817, 2056922.683694025035948 ], [ 6006938.490045533515513, 2057015.422916587209329 ], [ 6006925.18075359147042, 2057043.563050102908164 ], [ 6006881.969610002823174, 2057164.330106117995456 ], [ 6006862.326461507938802, 2057197.102719461079687 ], [ 6006806.941547533497214, 2057314.204281349666417 ], [ 6006763.30128728132695, 2057436.170638095587492 ], [ 6006757.184015634469688, 2057460.592155456542969 ], [ 6006723.718157858587801, 2057531.349766767350957 ] ] ], [ [ [ 6009796.956925245933235, 2065051.973749025724828 ], [ 6009667.574300010688603, 2065058.329909818479791 ], [ 6009606.722617140971124, 2065067.356404290301725 ], [ 6009583.066263628192246, 2065063.847315730527043 ], [ 6009453.683638392947614, 2065057.49115493777208 ], [ 6009324.301013157702982, 2065063.847315730527043 ], [ 6009196.164413332007825, 2065082.85458480543457 ], [ 6009070.507864417508245, 2065114.3299117712304 ], [ 6008948.541507670655847, 2065157.970172022935003 ], [ 6008831.439945782534778, 2065213.355085997842252 ], [ 6008720.330930806696415, 2065279.951266698306426 ], [ 6008616.284503296948969, 2065357.117356498958543 ], [ 6008520.30268722679466, 2065444.110203771619126 ], [ 6008433.309839954599738, 2065540.092019841773435 ], [ 6008356.14375015348196, 2065644.138447351986542 ], [ 6008289.547569452784956, 2065755.247462327359244 ], [ 6008234.162655478343368, 2065872.349024215945974 ], [ 6008190.522395226173103, 2065994.315380961867049 ], [ 6008159.047068260610104, 2066119.97192987636663 ], [ 6008140.039799185469747, 2066248.108529702760279 ], [ 6008133.683638392947614, 2066377.49115493777208 ], [ 6008140.039799185469747, 2066506.873780172783881 ], [ 6008159.047068260610104, 2066635.01037999917753 ], [ 6008190.522395226173103, 2066760.666928913677111 ], [ 6008234.162655478343368, 2066882.633285659598187 ], [ 6008289.547569452784956, 2066999.734847548184916 ], [ 6008356.14375015348196, 2067110.843862523557618 ], [ 6008433.309839954599738, 2067214.890290033770725 ], [ 6008520.30268722679466, 2067310.872106103925034 ], [ 6008616.284503296948969, 2067397.864953376585618 ], [ 6008720.330930806696415, 2067475.031043177237734 ], [ 6008831.439945782534778, 2067541.627223877701908 ], [ 6008948.541507670655847, 2067597.012137852609158 ], [ 6009051.949234692379832, 2067634.012014209059998 ], [ 6009064.583244476467371, 2067651.047004404012114 ], [ 6009151.576091748662293, 2067747.028820474166423 ], [ 6009247.557907818816602, 2067834.021667746827006 ], [ 6009351.604335328564048, 2067911.187757547479123 ], [ 6009462.713350304402411, 2067977.783938247943297 ], [ 6009579.814912192523479, 2068033.168852222850546 ], [ 6009701.781268939375877, 2068076.80911247455515 ], [ 6009827.437817853875458, 2068108.28443944035098 ], [ 6009955.574417679570615, 2068127.291708515258506 ], [ 6010084.957042914815247, 2068133.647869308013469 ], [ 6010214.339668150059879, 2068127.291708515258506 ], [ 6010342.476267975755036, 2068108.28443944035098 ], [ 6010468.132816890254617, 2068076.80911247455515 ], [ 6010590.099173637107015, 2068033.168852222850546 ], [ 6010707.200735525228083, 2067977.783938247943297 ], [ 6010818.309750501066446, 2067911.187757547479123 ], [ 6010922.356178010813892, 2067834.021667746827006 ], [ 6011018.337994080968201, 2067747.028820474166423 ], [ 6011105.330841353163123, 2067651.047004404012114 ], [ 6011182.496931154280901, 2067547.000576893799007 ], [ 6011249.093111854977906, 2067435.891561918426305 ], [ 6011304.478025829419494, 2067318.790000029839575 ], [ 6011348.118286081589758, 2067196.8236432839185 ], [ 6011379.593613047152758, 2067071.167094369418919 ], [ 6011398.600882122293115, 2066943.03049454302527 ], [ 6011404.957042914815247, 2066813.647869308013469 ], [ 6011398.600882122293115, 2066684.265244073001668 ], [ 6011379.593613047152758, 2066556.128644246608019 ], [ 6011348.118286081589758, 2066430.472095332108438 ], [ 6011305.643822246231139, 2066311.763921303208917 ], [ 6011292.973731204867363, 2066226.349105573026463 ], [ 6011261.498404239304364, 2066100.692556658526883 ], [ 6011217.858143987134099, 2065978.726199912605807 ], [ 6011162.473230012692511, 2065861.624638024019077 ], [ 6011095.877049311995506, 2065750.515623048646376 ], [ 6011018.710959510877728, 2065646.469195538433269 ], [ 6010931.718112238682806, 2065550.487379468278959 ], [ 6010835.736296168528497, 2065463.494532195618376 ], [ 6010731.689868658781052, 2065386.32844239496626 ], [ 6010620.580853682942688, 2065319.732261694502085 ], [ 6010539.998620698228478, 2065281.619703930336982 ], [ 6010530.309632832184434, 2065274.433860786259174 ], [ 6010419.200617856346071, 2065207.837680085795 ], [ 6010302.099055968225002, 2065152.452766110887751 ], [ 6010180.132699221372604, 2065108.812505859183148 ], [ 6010054.476150306873024, 2065077.337178893387318 ], [ 6009926.339550481177866, 2065058.329909818479791 ], [ 6009796.956925245933235, 2065051.973749025724828 ] ] ], [ [ [ 5998739.585248118266463, 2068824.22095504635945 ], [ 5998613.928699203766882, 2068855.69628201215528 ], [ 5998491.962342456914485, 2068899.336542263859883 ], [ 5998374.860780568793416, 2068954.721456238767132 ], [ 5998263.751765592955053, 2069021.317636939231306 ], [ 5998159.705338083207607, 2069098.483726739883423 ], [ 5998063.723522013053298, 2069185.476574012544006 ], [ 5997976.730674740858376, 2069281.458390082698315 ], [ 5997899.564584939740598, 2069385.504817592911422 ], [ 5997832.968404239043593, 2069496.613832568284124 ], [ 5997777.583490264602005, 2069613.715394456870854 ], [ 5997733.943230012431741, 2069735.681751202791929 ], [ 5997702.467903046868742, 2069861.33830011729151 ], [ 5997683.460633971728384, 2069989.474899943685159 ], [ 5997677.104473179206252, 2070118.85752517869696 ], [ 5997683.460633971728384, 2070248.240150413708761 ], [ 5997702.467903046868742, 2070376.37675024010241 ], [ 5997733.943230012431741, 2070502.033299154601991 ], [ 5997777.583490264602005, 2070623.999655900523067 ], [ 5997787.239611931145191, 2070644.415809827623889 ], [ 5997815.526736092753708, 2070723.473025730345398 ], [ 5997870.911650067195296, 2070840.574587618932128 ], [ 5997937.507830767892301, 2070951.68360259430483 ], [ 5998014.673920569010079, 2071055.730030104517937 ], [ 5998101.666767841205001, 2071151.711846174672246 ], [ 5998197.64858391135931, 2071238.704693447332829 ], [ 5998301.695011421106756, 2071315.870783247984946 ], [ 5998412.804026396945119, 2071382.46696394844912 ], [ 5998529.905588285066187, 2071437.851877923356369 ], [ 5998651.871945031918585, 2071481.492138175060973 ], [ 5998777.528493946418166, 2071512.967465140856802 ], [ 5998905.665093772113323, 2071531.974734215764329 ], [ 5999035.047719007357955, 2071538.330895008519292 ], [ 5999164.430344242602587, 2071531.974734215764329 ], [ 5999292.566944068297744, 2071512.967465140856802 ], [ 5999418.223492982797325, 2071481.492138175060973 ], [ 5999540.189849729649723, 2071437.851877923356369 ], [ 5999657.291411617770791, 2071382.46696394844912 ], [ 5999768.400426593609154, 2071315.870783247984946 ], [ 5999872.4468541033566, 2071238.704693447332829 ], [ 5999874.857086597941816, 2071236.520186049165204 ], [ 5999899.83346782438457, 2071217.996439268579707 ], [ 5999995.815283894538879, 2071131.003591995919123 ], [ 6000003.02045419998467, 2071123.053911617491394 ], [ 6000022.038871778175235, 2071105.816622686339542 ], [ 6000109.031719050370157, 2071009.834806616185233 ], [ 6000186.197808851487935, 2070905.788379105972126 ], [ 6000252.793989552184939, 2070794.679364130599424 ], [ 6000308.178903526626527, 2070677.577802242012694 ], [ 6000351.819163778796792, 2070555.611445496091619 ], [ 6000383.294490744359791, 2070429.954896581592038 ], [ 6000402.301759819500148, 2070301.818296755198389 ], [ 6000408.657920612022281, 2070172.435671520186588 ], [ 6000402.301759819500148, 2070043.053046285174787 ], [ 6000383.294490744359791, 2069914.916446458781138 ], [ 6000351.819163778796792, 2069789.259897544281557 ], [ 6000308.178903526626527, 2069667.293540798360482 ], [ 6000252.793989552184939, 2069550.191978909773752 ], [ 6000186.197808851487935, 2069439.08296393440105 ], [ 6000109.031719050370157, 2069335.036536424187943 ], [ 6000022.038871778175235, 2069239.054720354033634 ], [ 5999926.057055708020926, 2069152.061873081373051 ], [ 5999822.01062819827348, 2069074.895783280720934 ], [ 5999710.901613222435117, 2069008.29960258025676 ], [ 5999700.642487269826233, 2069003.447397373383865 ], [ 5999619.348165789619088, 2068954.721456238767132 ], [ 5999502.24660390149802, 2068899.336542263859883 ], [ 5999380.280247154645622, 2068855.69628201215528 ], [ 5999254.623698240146041, 2068824.22095504635945 ], [ 5999126.487098414450884, 2068805.213685971451923 ], [ 5998997.104473179206252, 2068798.85752517869696 ], [ 5998867.72184794396162, 2068805.213685971451923 ], [ 5998739.585248118266463, 2068824.22095504635945 ] ] ], [ [ [ 5992737.510886638425291, 2076037.655956904171035 ], [ 5992615.544529891572893, 2075994.015696652466431 ], [ 5992489.887980977073312, 2075962.540369686670601 ], [ 5992361.751381151378155, 2075943.533100611763075 ], [ 5992232.368755916133523, 2075937.176939819008112 ], [ 5992102.986130680888891, 2075943.533100611763075 ], [ 5991974.849530855193734, 2075962.540369686670601 ], [ 5991849.192981940694153, 2075994.015696652466431 ], [ 5991727.226625193841755, 2076037.655956904171035 ], [ 5991610.125063305720687, 2076093.040870879078284 ], [ 5991499.016048329882324, 2076159.637051579542458 ], [ 5991394.969620820134878, 2076236.803141380194575 ], [ 5991298.987804749980569, 2076323.795988652855158 ], [ 5991211.994957477785647, 2076419.777804723009467 ], [ 5991134.828867676667869, 2076523.824232233222574 ], [ 5991068.232686975970864, 2076634.933247208595276 ], [ 5991012.847773001529276, 2076752.034809097182006 ], [ 5990969.207512749359012, 2076874.001165843103081 ], [ 5990937.732185783796012, 2076999.657714757602662 ], [ 5990918.724916708655655, 2077127.794314583996311 ], [ 5990912.368755916133523, 2077257.176939819008112 ], [ 5990918.724916708655655, 2077386.559565054019913 ], [ 5990937.732185783796012, 2077514.696164880413562 ], [ 5990969.207512749359012, 2077640.352713794913143 ], [ 5991012.847773001529276, 2077762.319070540834218 ], [ 5991068.232686975970864, 2077879.420632429420948 ], [ 5991134.828867676667869, 2077990.52964740479365 ], [ 5991211.994957477785647, 2078094.576074915006757 ], [ 5991298.987804749980569, 2078190.557890985161066 ], [ 5991394.969620820134878, 2078277.550738257821649 ], [ 5991499.016048329882324, 2078354.716828058473766 ], [ 5991610.125063305720687, 2078421.31300875893794 ], [ 5991615.129707405343652, 2078423.680029134033248 ], [ 5991679.247651076875627, 2078510.133068228140473 ], [ 5991766.240498349070549, 2078606.114884298294783 ], [ 5991772.754717546515167, 2078612.019028426380828 ], [ 5991774.044641726650298, 2078613.758289843332022 ], [ 5991861.03748899884522, 2078709.740105913486332 ], [ 5991957.019305068999529, 2078796.732953186146915 ], [ 5992061.065732578746974, 2078873.899042986799031 ], [ 5992172.174747554585338, 2078940.495223687263206 ], [ 5992289.276309442706406, 2078995.880137662170455 ], [ 5992411.242666189558804, 2079039.520397913875058 ], [ 5992536.899215104058385, 2079070.995724879670888 ], [ 5992665.035814929753542, 2079090.002993954578415 ], [ 5992794.418440164998174, 2079096.359154747333378 ], [ 5992923.801065400242805, 2079090.002993954578415 ], [ 5993051.937665225937963, 2079070.995724879670888 ], [ 5993177.594214140437543, 2079039.520397913875058 ], [ 5993299.560570887289941, 2078995.880137662170455 ], [ 5993416.66213277541101, 2078940.495223687263206 ], [ 5993527.771147751249373, 2078873.899042986799031 ], [ 5993631.817575260996819, 2078796.732953186146915 ], [ 5993727.799391331151128, 2078709.740105913486332 ], [ 5993814.79223860334605, 2078613.758289843332022 ], [ 5993891.958328404463828, 2078509.711862333118916 ], [ 5993958.554509105160832, 2078398.602847357746214 ], [ 5994013.93942307960242, 2078281.501285469159484 ], [ 5994057.579683331772685, 2078159.534928723238409 ], [ 5994089.055010297335684, 2078033.878379808738828 ], [ 5994108.062279372476041, 2077905.741779982345179 ], [ 5994114.418440164998174, 2077776.359154747333378 ], [ 5994108.062279372476041, 2077646.976529512321576 ], [ 5994089.055010297335684, 2077518.839929685927927 ], [ 5994057.579683331772685, 2077393.183380771428347 ], [ 5994013.93942307960242, 2077271.217024025507271 ], [ 5993958.554509105160832, 2077154.115462136920542 ], [ 5993891.958328404463828, 2077043.00644716154784 ], [ 5993814.79223860334605, 2076938.960019651334733 ], [ 5993727.799391331151128, 2076842.978203581180423 ], [ 5993721.28517213370651, 2076837.074059453094378 ], [ 5993719.995247953571379, 2076835.334798036143184 ], [ 5993633.002400681376457, 2076739.352981965988874 ], [ 5993537.020584611222148, 2076652.360134693328291 ], [ 5993432.974157101474702, 2076575.194044892676175 ], [ 5993321.865142125636339, 2076508.597864192212 ], [ 5993316.860498026013374, 2076506.230843817116693 ], [ 5993252.742554354481399, 2076419.777804723009467 ], [ 5993165.749707082286477, 2076323.795988652855158 ], [ 5993069.767891012132168, 2076236.803141380194575 ], [ 5992965.721463502384722, 2076159.637051579542458 ], [ 5992854.612448526546359, 2076093.040870879078284 ], [ 5992737.510886638425291, 2076037.655956904171035 ] ] ], [ [ [ 5992467.342028093524277, 2084236.331414991058409 ], [ 5992341.685479179024696, 2084204.856088025262579 ], [ 5992213.548879353329539, 2084185.848818950355053 ], [ 5992084.166254118084908, 2084179.49265815760009 ], [ 5991954.783628882840276, 2084185.848818950355053 ], [ 5991826.647029057145119, 2084204.856088025262579 ], [ 5991700.990480142645538, 2084236.331414991058409 ], [ 5991579.02412339579314, 2084279.971675242763013 ], [ 5991461.922561507672071, 2084335.356589217670262 ], [ 5991350.813546531833708, 2084401.952769918134436 ], [ 5991326.825859436765313, 2084419.743251156294718 ], [ 5991283.53400968387723, 2084445.691387314349413 ], [ 5991179.487582174129784, 2084522.857477115001529 ], [ 5991083.505766103975475, 2084609.850324387662113 ], [ 5990996.512918831780553, 2084705.832140457816422 ], [ 5990919.346829030662775, 2084809.878567968029529 ], [ 5990852.75064832996577, 2084920.987582943402231 ], [ 5990797.365734355524182, 2085038.089144831988961 ], [ 5990753.725474103353918, 2085160.055501577910036 ], [ 5990722.250147137790918, 2085285.712050492409617 ], [ 5990703.242878062650561, 2085413.848650318803266 ], [ 5990696.886717270128429, 2085543.231275553815067 ], [ 5990703.242878062650561, 2085672.613900788826868 ], [ 5990722.250147137790918, 2085800.750500615220517 ], [ 5990753.725474103353918, 2085926.407049529720098 ], [ 5990797.365734355524182, 2086048.373406275641173 ], [ 5990852.75064832996577, 2086165.474968164227903 ], [ 5990919.346829030662775, 2086276.583983139600605 ], [ 5990996.512918831780553, 2086380.630410649813712 ], [ 5991014.100091536529362, 2086400.034865483641624 ], [ 5991033.770670951344073, 2086426.557571511948481 ], [ 5991038.388167225755751, 2086431.652193564455956 ], [ 5991055.559199410490692, 2086460.300330020254478 ], [ 5991132.725289211608469, 2086564.346757530467585 ], [ 5991219.718136483803391, 2086660.328573600621894 ], [ 5991315.699952553957701, 2086747.321420873282477 ], [ 5991419.746380063705146, 2086824.487510673934594 ], [ 5991530.855395039543509, 2086891.083691374398768 ], [ 5991647.956956927664578, 2086946.468605349306017 ], [ 5991769.923313674516976, 2086990.108865601010621 ], [ 5991895.579862589016557, 2087021.58419256680645 ], [ 5992023.716462414711714, 2087040.591461641713977 ], [ 5992153.099087649956346, 2087046.94762243446894 ], [ 5992282.481712885200977, 2087040.591461641713977 ], [ 5992410.618312710896134, 2087021.58419256680645 ], [ 5992536.274861625395715, 2086990.108865601010621 ], [ 5992658.241218372248113, 2086946.468605349306017 ], [ 5992775.342780260369182, 2086891.083691374398768 ], [ 5992886.451795236207545, 2086824.487510673934594 ], [ 5992917.066319977864623, 2086801.782231675460935 ], [ 5992944.793036431074142, 2086785.16347738658078 ], [ 5993048.839463940821588, 2086707.997387585928664 ], [ 5993144.821280010975897, 2086621.00454031326808 ], [ 5993231.814127283170819, 2086525.022724243113771 ], [ 5993308.980217084288597, 2086420.976296732900664 ], [ 5993375.576397784985602, 2086309.867281757527962 ], [ 5993430.96131175942719, 2086192.765719868941233 ], [ 5993474.601572011597455, 2086070.799363123020157 ], [ 5993506.076898977160454, 2085945.142814208520576 ], [ 5993525.084168052300811, 2085817.006214382126927 ], [ 5993531.440328844822943, 2085687.623589147115126 ], [ 5993525.084168052300811, 2085558.240963912103325 ], [ 5993506.076898977160454, 2085430.104364085709676 ], [ 5993474.601572011597455, 2085304.447815171210095 ], [ 5993430.96131175942719, 2085182.48145842528902 ], [ 5993375.576397784985602, 2085065.37989653670229 ], [ 5993308.980217084288597, 2084954.270881561329588 ], [ 5993269.801525932736695, 2084901.444531809538603 ], [ 5993235.932453945279121, 2084844.93739901157096 ], [ 5993199.458485157229006, 2084795.757945195538923 ], [ 5993181.706142357550561, 2084766.139950571814552 ], [ 5993104.540052556432784, 2084662.093523061601445 ], [ 5993017.547205284237862, 2084566.111706991447136 ], [ 5992921.565389214083552, 2084479.118859718786553 ], [ 5992817.518961704336107, 2084401.952769918134436 ], [ 5992706.409946728497744, 2084335.356589217670262 ], [ 5992589.308384840376675, 2084279.971675242763013 ], [ 5992467.342028093524277, 2084236.331414991058409 ] ] ], [ [ [ 6012614.783579936251044, 2085302.675621240865439 ], [ 6012527.790732664056122, 2085206.69380517071113 ], [ 6012431.808916593901813, 2085119.700957898050547 ], [ 6012327.762489084154367, 2085042.53486809739843 ], [ 6012216.653474108316004, 2084975.938687396934256 ], [ 6012099.551912220194936, 2084920.553773422027007 ], [ 6011977.585555473342538, 2084876.913513170322403 ], [ 6011851.929006558842957, 2084845.438186204526573 ], [ 6011723.7924067331478, 2084826.430917129619047 ], [ 6011594.409781497903168, 2084820.074756336864084 ], [ 6011590.51968749333173, 2084820.265864400658756 ], [ 6011588.906298628076911, 2084820.186603688169271 ], [ 6011459.523673392832279, 2084826.542764480924234 ], [ 6011331.387073567137122, 2084845.55003355583176 ], [ 6011205.730524652637541, 2084877.02536052162759 ], [ 6011083.764167905785143, 2084920.665620773332193 ], [ 6010966.662606017664075, 2084976.050534748239443 ], [ 6010855.553591041825712, 2085042.646715448703617 ], [ 6010751.507163532078266, 2085119.812805249355733 ], [ 6010655.525347461923957, 2085206.805652522016317 ], [ 6010568.532500189729035, 2085302.787468592170626 ], [ 6010491.366410388611257, 2085406.833896102383733 ], [ 6010424.770229687914252, 2085517.942911077756435 ], [ 6010369.385315713472664, 2085635.044472966343164 ], [ 6010325.7450554613024, 2085757.01082971226424 ], [ 6010294.2697284957394, 2085882.667378626763821 ], [ 6010275.262459420599043, 2086010.80397845315747 ], [ 6010268.906298628076911, 2086140.186603688169271 ], [ 6010275.262459420599043, 2086269.569228923181072 ], [ 6010294.2697284957394, 2086397.705828749574721 ], [ 6010325.7450554613024, 2086523.362377664074302 ], [ 6010369.385315713472664, 2086645.328734409995377 ], [ 6010424.770229687914252, 2086762.430296298582107 ], [ 6010491.366410388611257, 2086873.539311273954809 ], [ 6010568.532500189729035, 2086977.585738784167916 ], [ 6010655.525347461923957, 2087073.567554854322225 ], [ 6010751.507163532078266, 2087160.560402126982808 ], [ 6010855.553591041825712, 2087237.726491927634925 ], [ 6010966.662606017664075, 2087304.322672628099099 ], [ 6011083.764167905785143, 2087359.707586603006348 ], [ 6011205.730524652637541, 2087403.347846854710951 ], [ 6011331.387073567137122, 2087434.823173820506781 ], [ 6011459.523673392832279, 2087453.830442895414308 ], [ 6011588.906298628076911, 2087460.186603688169271 ], [ 6011592.796392632648349, 2087459.995495624374598 ], [ 6011594.409781497903168, 2087460.074756336864084 ], [ 6011723.7924067331478, 2087453.718595544109121 ], [ 6011851.929006558842957, 2087434.711326469201595 ], [ 6011977.585555473342538, 2087403.235999503405765 ], [ 6012099.551912220194936, 2087359.595739251701161 ], [ 6012216.653474108316004, 2087304.210825276793912 ], [ 6012327.762489084154367, 2087237.614644576329738 ], [ 6012431.808916593901813, 2087160.448554775677621 ], [ 6012527.790732664056122, 2087073.455707503017038 ], [ 6012614.783579936251044, 2086977.473891432862729 ], [ 6012691.949669737368822, 2086873.427463922649622 ], [ 6012758.545850438065827, 2086762.31844894727692 ], [ 6012813.930764412507415, 2086645.21688705869019 ], [ 6012857.57102466467768, 2086523.250530312769115 ], [ 6012889.046351630240679, 2086397.593981398269534 ], [ 6012908.053620705381036, 2086269.457381571875885 ], [ 6012914.409781497903168, 2086140.074756336864084 ], [ 6012908.053620705381036, 2086010.692131101852283 ], [ 6012889.046351630240679, 2085882.555531275458634 ], [ 6012857.57102466467768, 2085756.898982360959053 ], [ 6012813.930764412507415, 2085634.932625615037978 ], [ 6012758.545850438065827, 2085517.831063726451248 ], [ 6012691.949669737368822, 2085406.722048751078546 ], [ 6012614.783579936251044, 2085302.675621240865439 ] ] ], [ [ [ 5998776.934561308473349, 2089525.382132500177249 ], [ 5998651.278012393973768, 2089493.906805534381419 ], [ 5998523.141412568278611, 2089474.899536459473893 ], [ 5998393.758787333033979, 2089468.54337566671893 ], [ 5998264.376162097789347, 2089474.899536459473893 ], [ 5998136.23956227209419, 2089493.906805534381419 ], [ 5998010.583013357594609, 2089525.382132500177249 ], [ 5997888.616656610742211, 2089569.022392751881853 ], [ 5997771.515094722621143, 2089624.407306726789102 ], [ 5997660.40607974678278, 2089691.003487427253276 ], [ 5997556.359652237035334, 2089768.169577227905393 ], [ 5997460.377836166881025, 2089855.162424500565976 ], [ 5997373.384988894686103, 2089951.144240570720285 ], [ 5997296.218899093568325, 2090055.190668080933392 ], [ 5997229.62271839287132, 2090166.299683056306094 ], [ 5997174.237804418429732, 2090283.401244944892824 ], [ 5997130.597544166259468, 2090405.367601690813899 ], [ 5997099.122217200696468, 2090531.02415060531348 ], [ 5997080.114948125556111, 2090659.160750431707129 ], [ 5997073.758787333033979, 2090788.54337566671893 ], [ 5997080.114948125556111, 2090917.926000901730731 ], [ 5997095.282772985287011, 2091020.179170285817236 ], [ 5997097.755929818376899, 2091070.521434137830511 ], [ 5997116.763198893517256, 2091198.65803396422416 ], [ 5997117.638722265139222, 2091202.15331919095479 ], [ 5997117.2480154838413, 2091210.106338424375281 ], [ 5997123.604176276363432, 2091339.488963659387082 ], [ 5997142.611445351503789, 2091467.625563485780731 ], [ 5997174.086772317066789, 2091593.282112400280312 ], [ 5997217.727032569237053, 2091715.248469146201387 ], [ 5997273.111946543678641, 2091832.350031034788117 ], [ 5997339.708127244375646, 2091943.459046010160819 ], [ 5997416.874217045493424, 2092047.505473520373926 ], [ 5997503.867064317688346, 2092143.487289590528235 ], [ 5997599.848880387842655, 2092230.480136863188818 ], [ 5997703.895307897590101, 2092307.646226663840935 ], [ 5997815.004322873428464, 2092374.242407364305109 ], [ 5997932.105884761549532, 2092429.627321339212358 ], [ 5998054.07224150840193, 2092473.267581590916961 ], [ 5998179.728790422901511, 2092504.742908556712791 ], [ 5998307.865390248596668, 2092523.750177631620318 ], [ 5998437.2480154838413, 2092530.106338424375281 ], [ 5998566.630640719085932, 2092523.750177631620318 ], [ 5998694.767240544781089, 2092504.742908556712791 ], [ 5998701.280918297357857, 2092503.111317216651514 ], [ 5998746.66551864054054, 2092496.379147705854848 ], [ 5998872.322067555040121, 2092464.903820740059018 ], [ 5998994.288424301892519, 2092421.263560488354415 ], [ 5999111.389986190013587, 2092365.878646513447165 ], [ 5999222.499001165851951, 2092299.282465812982991 ], [ 5999326.545428675599396, 2092222.116376012330875 ], [ 5999422.527244745753706, 2092135.123528739670292 ], [ 5999509.520092017948627, 2092039.141712669515982 ], [ 5999586.686181819066405, 2091935.095285159302875 ], [ 5999653.28236251976341, 2091823.986270183930174 ], [ 5999708.667276494204998, 2091706.884708295343444 ], [ 5999752.307536746375263, 2091584.918351549422368 ], [ 5999783.782863711938262, 2091459.261802634922788 ], [ 5999802.790132787078619, 2091331.125202808529139 ], [ 5999809.146293579600751, 2091201.742577573517337 ], [ 5999802.790132787078619, 2091072.359952338505536 ], [ 5999795.25152575969696, 2091021.53879185882397 ], [ 5999800.345329134725034, 2090917.852042159531265 ], [ 5999793.989168342202902, 2090788.469416924519464 ], [ 5999774.981899267062545, 2090660.332817098125815 ], [ 5999743.506572301499546, 2090534.676268183626235 ], [ 5999699.866312049329281, 2090412.709911437705159 ], [ 5999644.481398074887693, 2090295.608349549118429 ], [ 5999577.885217374190688, 2090184.499334573745728 ], [ 5999530.542613028548658, 2090120.665222155628726 ], [ 5999491.298675572499633, 2090055.190668080933392 ], [ 5999414.132585771381855, 2089951.144240570720285 ], [ 5999327.139738499186933, 2089855.162424500565976 ], [ 5999231.157922429032624, 2089768.169577227905393 ], [ 5999127.111494919285178, 2089691.003487427253276 ], [ 5999016.002479943446815, 2089624.407306726789102 ], [ 5998898.900918055325747, 2089569.022392751881853 ], [ 5998776.934561308473349, 2089525.382132500177249 ] ] ], [ [ [ 6003560.153219992294908, 2094470.500370154157281 ], [ 6003482.98713019117713, 2094366.453942643944174 ], [ 6003395.994282918982208, 2094270.472126573789865 ], [ 6003300.012466848827899, 2094183.479279301129282 ], [ 6003195.966039339080453, 2094106.313189500477165 ], [ 6003084.85702436324209, 2094039.717008800012991 ], [ 6002967.755462475121021, 2093984.332094825105742 ], [ 6002845.789105728268623, 2093940.691834573401138 ], [ 6002720.132556813769042, 2093909.216507607605308 ], [ 6002591.995956988073885, 2093890.209238532697782 ], [ 6002462.613331752829254, 2093883.853077739942819 ], [ 6002333.230706517584622, 2093890.209238532697782 ], [ 6002205.094106691889465, 2093909.216507607605308 ], [ 6002079.437557777389884, 2093940.691834573401138 ], [ 6001957.471201030537486, 2093984.332094825105742 ], [ 6001840.369639142416418, 2094039.717008800012991 ], [ 6001729.260624166578054, 2094106.313189500477165 ], [ 6001625.214196656830609, 2094183.479279301129282 ], [ 6001529.2323805866763, 2094270.472126573789865 ], [ 6001442.239533314481378, 2094366.453942643944174 ], [ 6001365.0734435133636, 2094470.500370154157281 ], [ 6001298.477262812666595, 2094581.609385129529983 ], [ 6001243.092348838225007, 2094698.710947018116713 ], [ 6001199.452088586054742, 2094820.677303764037788 ], [ 6001167.976761620491743, 2094946.333852678537369 ], [ 6001148.969492545351386, 2095074.470452504931018 ], [ 6001142.613331752829254, 2095203.853077739942819 ], [ 6001148.969492545351386, 2095333.23570297495462 ], [ 6001167.976761620491743, 2095461.372302801348269 ], [ 6001199.452088586054742, 2095587.02885171584785 ], [ 6001243.092348838225007, 2095708.995208461768925 ], [ 6001298.477262812666595, 2095826.096770350355655 ], [ 6001365.0734435133636, 2095937.205785325728357 ], [ 6001442.239533314481378, 2096041.252212835941464 ], [ 6001529.2323805866763, 2096137.234028906095773 ], [ 6001625.214196656830609, 2096224.226876178756356 ], [ 6001729.260624166578054, 2096301.392965979408473 ], [ 6001840.369639142416418, 2096367.989146679872647 ], [ 6001957.471201030537486, 2096423.374060654779896 ], [ 6002079.437557777389884, 2096467.0143209064845 ], [ 6002205.094106691889465, 2096498.489647872280329 ], [ 6002333.230706517584622, 2096517.496916947187856 ], [ 6002462.613331752829254, 2096523.853077739942819 ], [ 6002591.995956988073885, 2096517.496916947187856 ], [ 6002720.132556813769042, 2096498.489647872280329 ], [ 6002845.789105728268623, 2096467.0143209064845 ], [ 6002967.755462475121021, 2096423.374060654779896 ], [ 6003084.85702436324209, 2096367.989146679872647 ], [ 6003195.966039339080453, 2096301.392965979408473 ], [ 6003300.012466848827899, 2096224.226876178756356 ], [ 6003395.994282918982208, 2096137.234028906095773 ], [ 6003482.98713019117713, 2096041.252212835941464 ], [ 6003560.153219992294908, 2095937.205785325728357 ], [ 6003626.749400692991912, 2095826.096770350355655 ], [ 6003682.1343146674335, 2095708.995208461768925 ], [ 6003725.774574919603765, 2095587.02885171584785 ], [ 6003757.249901885166764, 2095461.372302801348269 ], [ 6003776.257170960307121, 2095333.23570297495462 ], [ 6003782.613331752829254, 2095203.853077739942819 ], [ 6003776.257170960307121, 2095074.470452504931018 ], [ 6003757.249901885166764, 2094946.333852678537369 ], [ 6003725.774574919603765, 2094820.677303764037788 ], [ 6003682.1343146674335, 2094698.710947018116713 ], [ 6003626.749400692991912, 2094581.609385129529983 ], [ 6003560.153219992294908, 2094470.500370154157281 ] ] ], [ [ [ 6007211.705161676742136, 2100650.840133446268737 ], [ 6007083.568561851046979, 2100631.83286437112838 ], [ 6006954.185936615802348, 2100625.476703578606248 ], [ 6006824.803311380557716, 2100631.83286437112838 ], [ 6006696.666711554862559, 2100650.840133446268737 ], [ 6006571.010162640362978, 2100682.315460412297398 ], [ 6006449.04380589351058, 2100725.95572066353634 ], [ 6006331.942244005389512, 2100781.34063463890925 ], [ 6006220.833229029551148, 2100847.936815339140594 ], [ 6006116.786801519803703, 2100925.102905139792711 ], [ 6006020.804985449649394, 2101012.095752412453294 ], [ 6005933.812138177454472, 2101108.077568482607603 ], [ 6005856.646048376336694, 2101212.12399599282071 ], [ 6005790.049867675639689, 2101323.233010968193412 ], [ 6005734.664953701198101, 2101440.334572856780142 ], [ 6005691.024693449027836, 2101562.300929602701217 ], [ 6005659.549366483464837, 2101687.957478517200798 ], [ 6005640.54209740832448, 2101816.094078343361616 ], [ 6005634.185936615802348, 2101945.476703578606248 ], [ 6005640.54209740832448, 2102074.85932881385088 ], [ 6005659.549366483464837, 2102202.995928640011698 ], [ 6005691.024693449027836, 2102328.652477554511279 ], [ 6005734.664953701198101, 2102450.618834300432354 ], [ 6005790.049867675639689, 2102567.720396189019084 ], [ 6005856.646048376336694, 2102678.829411164391786 ], [ 6005929.690638779662549, 2102777.318640047218651 ], [ 6005939.351422033272684, 2102797.744650071952492 ], [ 6006005.947602733969688, 2102908.853665047325194 ], [ 6006083.113692535087466, 2103012.900092557538301 ], [ 6006170.106539807282388, 2103108.88190862769261 ], [ 6006266.088355877436697, 2103195.874755900353193 ], [ 6006370.134783387184143, 2103273.04084570100531 ], [ 6006481.243798363022506, 2103339.637026401236653 ], [ 6006598.345360251143575, 2103395.021940376609564 ], [ 6006720.311716997995973, 2103438.662200627848506 ], [ 6006845.968265912495553, 2103470.137527593877167 ], [ 6006974.104865738190711, 2103489.144796669017524 ], [ 6007103.487490973435342, 2103495.500957461539656 ], [ 6007232.870116208679974, 2103489.144796669017524 ], [ 6007361.006716034375131, 2103470.137527593877167 ], [ 6007486.663264948874712, 2103438.662200627848506 ], [ 6007608.62962169572711, 2103395.021940376609564 ], [ 6007725.731183583848178, 2103339.637026401236653 ], [ 6007836.840198559686542, 2103273.04084570100531 ], [ 6007837.122714139521122, 2103272.831317867152393 ], [ 6007899.684849304147065, 2103235.333017127588391 ], [ 6008003.73127681389451, 2103158.166927326936275 ], [ 6008099.71309288404882, 2103071.174080054275692 ], [ 6008186.705940156243742, 2102975.192263984121382 ], [ 6008263.872029957361519, 2102871.145836473908275 ], [ 6008330.468210658058524, 2102760.036821498535573 ], [ 6008385.853124632500112, 2102642.935259609948844 ], [ 6008429.493384884670377, 2102520.968902864027768 ], [ 6008460.968711850233376, 2102395.312353949528188 ], [ 6008479.975980925373733, 2102267.175754123367369 ], [ 6008486.332141717895865, 2102137.793128888122737 ], [ 6008479.975980925373733, 2102008.410503652878106 ], [ 6008460.968711850233376, 2101880.273903826717287 ], [ 6008429.493384884670377, 2101754.617354912217706 ], [ 6008385.853124632500112, 2101632.650998166296631 ], [ 6008330.468210658058524, 2101515.549436277709901 ], [ 6008263.872029957361519, 2101404.440421302337199 ], [ 6008186.705940156243742, 2101300.393993792124093 ], [ 6008099.71309288404882, 2101204.412177721969783 ], [ 6008003.73127681389451, 2101117.4193304493092 ], [ 6007940.570166077464819, 2101070.575858168303967 ], [ 6007887.566887781955302, 2101012.095752412453294 ], [ 6007791.585071711800992, 2100925.102905139792711 ], [ 6007687.538644202053547, 2100847.936815339140594 ], [ 6007576.429629226215184, 2100781.34063463890925 ], [ 6007459.328067338094115, 2100725.95572066353634 ], [ 6007337.361710591241717, 2100682.315460412297398 ], [ 6007211.705161676742136, 2100650.840133446268737 ] ] ], [ [ [ 6015717.059069743379951, 2103010.787663657683879 ], [ 6015630.066222471185029, 2102914.80584758752957 ], [ 6015534.084406401030719, 2102827.813000314868987 ], [ 6015430.037978891283274, 2102750.64691051421687 ], [ 6015318.928963915444911, 2102684.050729813985527 ], [ 6015201.827402027323842, 2102628.665815838612616 ], [ 6015079.861045280471444, 2102585.025555587373674 ], [ 6014954.204496365971863, 2102553.550228621345013 ], [ 6014826.067896540276706, 2102534.542959546204656 ], [ 6014696.685271305032074, 2102528.186798753682524 ], [ 6014567.302646069787443, 2102534.542959546204656 ], [ 6014533.108606381341815, 2102539.615166191477329 ], [ 6014520.867521978914738, 2102539.013800276909024 ], [ 6014391.484896743670106, 2102545.369961069431156 ], [ 6014263.348296917974949, 2102564.377230144571513 ], [ 6014137.691748003475368, 2102595.852557110600173 ], [ 6014015.72539125662297, 2102639.492817361839116 ], [ 6013898.623829368501902, 2102694.877731337212026 ], [ 6013787.514814392663538, 2102761.47391203744337 ], [ 6013683.468386882916093, 2102838.640001838095486 ], [ 6013587.486570812761784, 2102925.632849110756069 ], [ 6013500.493723540566862, 2103021.614665180910379 ], [ 6013423.327633739449084, 2103125.661092691123486 ], [ 6013356.731453038752079, 2103236.770107666496187 ], [ 6013301.346539064310491, 2103353.871669555082917 ], [ 6013257.706278812140226, 2103475.838026301003993 ], [ 6013226.230951846577227, 2103601.494575215503573 ], [ 6013207.22368277143687, 2103729.631175041664392 ], [ 6013200.867521978914738, 2103859.013800276909024 ], [ 6013207.22368277143687, 2103988.396425512153655 ], [ 6013226.230951846577227, 2104116.533025338314474 ], [ 6013257.706278812140226, 2104242.189574252814054 ], [ 6013301.346539064310491, 2104364.15593099873513 ], [ 6013356.731453038752079, 2104481.25749288732186 ], [ 6013423.327633739449084, 2104592.366507862694561 ], [ 6013500.493723540566862, 2104696.412935372907668 ], [ 6013587.486570812761784, 2104792.394751443061978 ], [ 6013683.468386882916093, 2104879.387598715722561 ], [ 6013787.514814392663538, 2104956.553688516374677 ], [ 6013898.623829368501902, 2105023.149869216606021 ], [ 6014015.72539125662297, 2105078.534783191978931 ], [ 6014137.691748003475368, 2105122.175043443217874 ], [ 6014263.348296917974949, 2105153.650370409246534 ], [ 6014391.484896743670106, 2105172.657639484386891 ], [ 6014520.867521978914738, 2105179.013800276909024 ], [ 6014650.250147214159369, 2105172.657639484386891 ], [ 6014684.444186902604997, 2105167.585432839114219 ], [ 6014696.685271305032074, 2105168.186798753682524 ], [ 6014826.067896540276706, 2105161.830637961160392 ], [ 6014954.204496365971863, 2105142.823368886020035 ], [ 6015079.861045280471444, 2105111.348041919991374 ], [ 6015201.827402027323842, 2105067.707781668752432 ], [ 6015318.928963915444911, 2105012.322867693379521 ], [ 6015430.037978891283274, 2104945.726686993148178 ], [ 6015534.084406401030719, 2104868.560597192496061 ], [ 6015630.066222471185029, 2104781.567749919835478 ], [ 6015717.059069743379951, 2104685.585933849681169 ], [ 6015794.225159544497728, 2104581.539506339468062 ], [ 6015860.821340245194733, 2104470.43049136409536 ], [ 6015916.206254219636321, 2104353.32892947550863 ], [ 6015959.846514471806586, 2104231.362572729587555 ], [ 6015991.321841437369585, 2104105.706023815087974 ], [ 6016010.329110512509942, 2103977.569423988927156 ], [ 6016016.685271305032074, 2103848.186798753682524 ], [ 6016010.329110512509942, 2103718.804173518437892 ], [ 6015991.321841437369585, 2103590.667573692277074 ], [ 6015959.846514471806586, 2103465.011024777777493 ], [ 6015916.206254219636321, 2103343.044668031856418 ], [ 6015860.821340245194733, 2103225.943106143269688 ], [ 6015794.225159544497728, 2103114.834091167896986 ], [ 6015717.059069743379951, 2103010.787663657683879 ] ] ], [ [ [ 6007083.226008801721036, 2105349.24657065840438 ], [ 6006957.569459887221456, 2105317.77124369237572 ], [ 6006829.432860061526299, 2105298.763974617235363 ], [ 6006700.050234826281667, 2105292.40781382471323 ], [ 6006570.667609591037035, 2105298.763974617235363 ], [ 6006442.531009765341878, 2105317.77124369237572 ], [ 6006316.874460850842297, 2105349.24657065840438 ], [ 6006194.908104103989899, 2105392.886830909643322 ], [ 6006077.806542215868831, 2105448.271744885016233 ], [ 6005966.697527240030468, 2105514.867925585247576 ], [ 6005862.651099730283022, 2105592.034015385899693 ], [ 6005766.669283660128713, 2105679.026862658560276 ], [ 6005679.676436387933791, 2105775.008678728714585 ], [ 6005602.510346586816013, 2105879.055106238927692 ], [ 6005535.914165886119008, 2105990.164121214300394 ], [ 6005480.52925191167742, 2106107.265683102887124 ], [ 6005436.888991659507155, 2106229.232039848808199 ], [ 6005405.413664693944156, 2106354.88858876330778 ], [ 6005386.406395618803799, 2106483.025188589468598 ], [ 6005380.050234826281667, 2106612.40781382471323 ], [ 6005386.406395618803799, 2106741.790439059957862 ], [ 6005405.413664693944156, 2106869.92703888611868 ], [ 6005436.888991659507155, 2106995.583587800618261 ], [ 6005480.52925191167742, 2107117.549944546539336 ], [ 6005535.914165886119008, 2107234.651506435126066 ], [ 6005602.510346586816013, 2107345.760521410498768 ], [ 6005679.676436387933791, 2107449.806948920711875 ], [ 6005680.739825275726616, 2107450.980217756703496 ], [ 6005682.079776871018112, 2107453.813307372387499 ], [ 6005748.675957571715117, 2107564.922322347760201 ], [ 6005825.842047372832894, 2107668.968749857973307 ], [ 6005912.834894645027816, 2107764.950565928127617 ], [ 6006008.816710715182126, 2107851.9434132007882 ], [ 6006112.863138224929571, 2107929.109503001440316 ], [ 6006223.972153200767934, 2107995.70568370167166 ], [ 6006341.073715088889003, 2108051.09059767704457 ], [ 6006463.040071835741401, 2108094.730857928283513 ], [ 6006588.696620750240982, 2108126.206184894312173 ], [ 6006716.833220575936139, 2108145.21345396945253 ], [ 6006846.21584581118077, 2108151.569614761974663 ], [ 6006975.598471046425402, 2108145.21345396945253 ], [ 6007103.735070872120559, 2108126.206184894312173 ], [ 6007229.39161978662014, 2108094.730857928283513 ], [ 6007351.357976533472538, 2108051.09059767704457 ], [ 6007396.513943984173238, 2108029.733415651600808 ], [ 6007411.525068819522858, 2108024.362349302042276 ], [ 6007528.626630707643926, 2107968.977435326669365 ], [ 6007639.735645683482289, 2107902.381254626438022 ], [ 6007743.782073193229735, 2107825.215164825785905 ], [ 6007839.763889263384044, 2107738.222317553125322 ], [ 6007926.756736535578966, 2107642.240501482971013 ], [ 6008003.922826336696744, 2107538.194073972757906 ], [ 6008070.519007037393749, 2107427.085058997385204 ], [ 6008125.903921011835337, 2107309.983497108798474 ], [ 6008169.544181264005601, 2107188.017140362877399 ], [ 6008201.019508229568601, 2107062.360591448377818 ], [ 6008220.026777304708958, 2106934.223991622217 ], [ 6008226.38293809723109, 2106804.841366386972368 ], [ 6008220.026777304708958, 2106675.458741151727736 ], [ 6008201.019508229568601, 2106547.322141325566918 ], [ 6008169.544181264005601, 2106421.665592411067337 ], [ 6008125.903921011835337, 2106299.699235665146261 ], [ 6008070.519007037393749, 2106182.597673776559532 ], [ 6008003.922826336696744, 2106071.48865880118683 ], [ 6007926.756736535578966, 2105967.442231290973723 ], [ 6007839.763889263384044, 2105871.460415220819414 ], [ 6007743.782073193229735, 2105784.46756794815883 ], [ 6007698.679324517026544, 2105751.017089754343033 ], [ 6007633.431185992434621, 2105679.026862658560276 ], [ 6007537.449369922280312, 2105592.034015385899693 ], [ 6007433.402942412532866, 2105514.867925585247576 ], [ 6007322.293927436694503, 2105448.271744885016233 ], [ 6007205.192365548573434, 2105392.886830909643322 ], [ 6007083.226008801721036, 2105349.24657065840438 ] ] ], [ [ [ 6015070.029096707701683, 2109744.672382277436554 ], [ 6014974.047280637547374, 2109657.679535004775971 ], [ 6014870.000853127799928, 2109580.513445204123855 ], [ 6014758.891838151961565, 2109513.917264503892511 ], [ 6014641.790276263840497, 2109458.532350528519601 ], [ 6014519.823919516988099, 2109414.892090277280658 ], [ 6014394.167370602488518, 2109383.416763311251998 ], [ 6014266.030770776793361, 2109364.409494236111641 ], [ 6014136.648145541548729, 2109358.053333443589509 ], [ 6014007.265520306304097, 2109364.409494236111641 ], [ 6013879.12892048060894, 2109383.416763311251998 ], [ 6013753.472371566109359, 2109414.892090277280658 ], [ 6013631.506014819256961, 2109458.532350528519601 ], [ 6013514.404452931135893, 2109513.917264503892511 ], [ 6013403.29543795529753, 2109580.513445204123855 ], [ 6013299.249010445550084, 2109657.679535004775971 ], [ 6013203.267194375395775, 2109744.672382277436554 ], [ 6013116.274347103200853, 2109840.654198347590864 ], [ 6013111.042490417137742, 2109847.708540466148406 ], [ 6013054.764578329399228, 2109898.715866765473038 ], [ 6012967.771731057204306, 2109994.697682835627347 ], [ 6012890.605641256086528, 2110098.744110345840454 ], [ 6012824.009460555389524, 2110209.853125321213156 ], [ 6012768.624546580947936, 2110326.954687209799886 ], [ 6012724.984286328777671, 2110448.921043955720961 ], [ 6012693.508959363214672, 2110574.577592870220542 ], [ 6012674.501690288074315, 2110702.71419269638136 ], [ 6012668.145529495552182, 2110832.096817931625992 ], [ 6012674.501690288074315, 2110961.479443166870624 ], [ 6012693.508959363214672, 2111089.616042993031442 ], [ 6012724.984286328777671, 2111215.272591907531023 ], [ 6012768.624546580947936, 2111337.238948653452098 ], [ 6012824.009460555389524, 2111454.340510542038828 ], [ 6012890.605641256086528, 2111565.44952551741153 ], [ 6012967.771731057204306, 2111669.495953027624637 ], [ 6013054.764578329399228, 2111765.477769097778946 ], [ 6013096.57685999199748, 2111803.374212212860584 ], [ 6013107.215830706059933, 2111815.112507512792945 ], [ 6013203.197646776214242, 2111902.105354785453528 ], [ 6013307.244074285961688, 2111979.271444586105645 ], [ 6013418.353089261800051, 2112045.867625286336988 ], [ 6013535.454651149921119, 2112101.252539261709899 ], [ 6013657.421007896773517, 2112144.892799512948841 ], [ 6013783.077556811273098, 2112176.368126478977501 ], [ 6013911.214156636968255, 2112195.375395554117858 ], [ 6014040.596781872212887, 2112201.731556346639991 ], [ 6014169.979407107457519, 2112195.375395554117858 ], [ 6014298.116006933152676, 2112176.368126478977501 ], [ 6014423.772555847652256, 2112144.892799512948841 ], [ 6014545.738912594504654, 2112101.252539261709899 ], [ 6014662.840474482625723, 2112045.867625286336988 ], [ 6014773.949489458464086, 2111979.271444586105645 ], [ 6014877.995916968211532, 2111902.105354785453528 ], [ 6014973.977733038365841, 2111815.112507512792945 ], [ 6014979.615941137075424, 2111808.891703507397324 ], [ 6015026.234424982219934, 2111766.639172650873661 ], [ 6015113.227272254414856, 2111670.657356580719352 ], [ 6015123.325439197011292, 2111657.04155464656651 ], [ 6015158.423802634701133, 2111618.316478166263551 ], [ 6015235.589892435818911, 2111514.270050656050444 ], [ 6015302.186073136515915, 2111403.161035680677742 ], [ 6015357.570987110957503, 2111286.059473792091012 ], [ 6015401.211247363127768, 2111164.093117046169937 ], [ 6015432.686574328690767, 2111038.436568131670356 ], [ 6015451.693843403831124, 2110910.299968305509537 ], [ 6015458.050004196353257, 2110780.917343070264906 ], [ 6015454.822382494807243, 2110715.21759402519092 ], [ 6015456.648145541548729, 2110678.053333443589509 ], [ 6015450.291984749026597, 2110548.670708208344877 ], [ 6015431.28471567388624, 2110420.534108382184058 ], [ 6015399.80938870832324, 2110294.877559467684478 ], [ 6015356.169128456152976, 2110172.911202721763402 ], [ 6015300.784214481711388, 2110055.809640833176672 ], [ 6015234.188033781014383, 2109944.700625857803971 ], [ 6015157.021943979896605, 2109840.654198347590864 ], [ 6015070.029096707701683, 2109744.672382277436554 ] ] ], [ [ [ 6008663.357561787590384, 2110403.436006104573607 ], [ 6008535.220961961895227, 2110384.42873702943325 ], [ 6008405.838336726650596, 2110378.072576236911118 ], [ 6008276.455711491405964, 2110384.42873702943325 ], [ 6008148.319111665710807, 2110403.436006104573607 ], [ 6008022.662562751211226, 2110434.911333070602268 ], [ 6007900.696206004358828, 2110478.55159332184121 ], [ 6007783.59464411623776, 2110533.936507297214121 ], [ 6007672.485629140399396, 2110600.532687997445464 ], [ 6007568.439201630651951, 2110677.698777798097581 ], [ 6007472.457385560497642, 2110764.691625070758164 ], [ 6007385.46453828830272, 2110860.673441140912473 ], [ 6007372.233550869859755, 2110878.513362495694309 ], [ 6007334.646167915314436, 2110919.984648819081485 ], [ 6007257.480078114196658, 2111024.031076329294592 ], [ 6007190.883897413499653, 2111135.140091304667294 ], [ 6007135.498983439058065, 2111252.241653193254024 ], [ 6007091.858723186887801, 2111374.208009939175099 ], [ 6007060.383396221324801, 2111499.86455885367468 ], [ 6007041.376127146184444, 2111628.001158679835498 ], [ 6007035.019966353662312, 2111757.38378391508013 ], [ 6007041.376127146184444, 2111886.766409150324762 ], [ 6007060.383396221324801, 2112014.90300897648558 ], [ 6007091.858723186887801, 2112140.559557890985161 ], [ 6007135.498983439058065, 2112262.525914636906236 ], [ 6007190.883897413499653, 2112379.627476525492966 ], [ 6007224.188388159498572, 2112435.192662427667528 ], [ 6007265.703741835430264, 2112551.220303134992719 ], [ 6007321.088655809871852, 2112668.321865023579448 ], [ 6007387.684836510568857, 2112779.43087999895215 ], [ 6007464.850926311686635, 2112883.477307509165257 ], [ 6007551.843773583881557, 2112979.459123579319566 ], [ 6007647.825589654035866, 2113066.45197085198015 ], [ 6007751.872017163783312, 2113143.618060652632266 ], [ 6007862.981032139621675, 2113210.21424135286361 ], [ 6007980.082594027742743, 2113265.59915532823652 ], [ 6008070.972215140238404, 2113298.119981769938022 ], [ 6008146.409468277357519, 2113354.068061768542975 ], [ 6008257.518483253195882, 2113420.664242468774319 ], [ 6008374.62004514131695, 2113476.049156444147229 ], [ 6008496.586401888169348, 2113519.689416695386171 ], [ 6008622.242950802668929, 2113551.164743661414832 ], [ 6008750.379550628364086, 2113570.172012736555189 ], [ 6008879.762175863608718, 2113576.528173529077321 ], [ 6008922.814977378584445, 2113574.413125017192215 ], [ 6008923.004308065399528, 2113578.26703968597576 ], [ 6008942.011577140539885, 2113706.403639512136579 ], [ 6008973.486904106102884, 2113832.060188426636159 ], [ 6009017.127164358273149, 2113954.026545172557235 ], [ 6009072.512078332714736, 2114071.128107061143965 ], [ 6009139.108259033411741, 2114182.237122036516666 ], [ 6009141.494619205594063, 2114185.454756249673665 ], [ 6009170.937561643309891, 2114267.742267834022641 ], [ 6009226.322475617751479, 2114384.843829722609371 ], [ 6009292.918656318448484, 2114495.952844697982073 ], [ 6009370.084746119566262, 2114599.99927220819518 ], [ 6009457.077593391761184, 2114695.981088278349489 ], [ 6009553.059409461915493, 2114782.973935551010072 ], [ 6009657.105836971662939, 2114860.140025351662189 ], [ 6009661.753103065304458, 2114862.925489452667534 ], [ 6009709.572779746726155, 2114942.707800039090216 ], [ 6009786.738869547843933, 2115046.754227549303323 ], [ 6009873.731716820038855, 2115142.736043619457632 ], [ 6009969.713532890193164, 2115229.728890892118216 ], [ 6010073.75996039994061, 2115306.894980692770332 ], [ 6010184.868975375778973, 2115373.491161393001676 ], [ 6010301.970537263900042, 2115428.876075368374586 ], [ 6010364.724589136429131, 2115451.329834163654596 ], [ 6010421.26583621557802, 2115485.219353464432061 ], [ 6010538.367398103699088, 2115540.604267439804971 ], [ 6010660.333754850551486, 2115584.244527691043913 ], [ 6010753.117366360500455, 2115607.485612493939698 ], [ 6010774.502083778381348, 2115692.858189980033785 ], [ 6010818.142344030551612, 2115814.82454672595486 ], [ 6010873.5272580049932, 2115931.92610861454159 ], [ 6010940.123438705690205, 2116043.035123589914292 ], [ 6011017.289528506807983, 2116147.081551100127399 ], [ 6011104.282375779002905, 2116243.063367170281708 ], [ 6011200.264191849157214, 2116330.056214442942291 ], [ 6011255.367392001673579, 2116370.923532937653363 ], [ 6011260.37262202706188, 2116384.912213741801679 ], [ 6011315.757536001503468, 2116502.013775630388409 ], [ 6011382.353716702200472, 2116613.122790605761111 ], [ 6011459.51980650331825, 2116717.169218115974218 ], [ 6011546.512653775513172, 2116813.151034186128527 ], [ 6011642.494469845667481, 2116900.14388145878911 ], [ 6011746.540897355414927, 2116977.309971259441227 ], [ 6011857.64991233125329, 2117043.90615195967257 ], [ 6011974.751474219374359, 2117099.291065935045481 ], [ 6012096.717830966226757, 2117142.931326186284423 ], [ 6012174.954655922949314, 2117162.528630645014346 ], [ 6012206.719549427740276, 2117215.525153733789921 ], [ 6012283.885639228858054, 2117319.571581244003028 ], [ 6012370.878486501052976, 2117415.553397314157337 ], [ 6012466.860302571207285, 2117502.54624458681792 ], [ 6012532.58865422103554, 2117551.29371249396354 ], [ 6012543.205823544412851, 2117565.609308129176497 ], [ 6012630.198670816607773, 2117661.591124199330807 ], [ 6012726.180486886762083, 2117748.58397147199139 ], [ 6012804.533926420845091, 2117806.694842705037445 ], [ 6012832.07393086515367, 2117843.828240074682981 ], [ 6012919.066778137348592, 2117939.81005614483729 ], [ 6013015.048594207502902, 2118026.802903417497873 ], [ 6013119.095021717250347, 2118103.96899321814999 ], [ 6013230.20403669308871, 2118170.565173918381333 ], [ 6013347.305598581209779, 2118225.950087893754244 ], [ 6013469.271955328062177, 2118269.590348144993186 ], [ 6013594.928504242561758, 2118301.065675111021847 ], [ 6013723.065104068256915, 2118320.072944186162204 ], [ 6013852.447729303501546, 2118326.429104978684336 ], [ 6013981.830354538746178, 2118320.072944186162204 ], [ 6014109.966954364441335, 2118301.065675111021847 ], [ 6014235.623503278940916, 2118269.590348144993186 ], [ 6014357.589860025793314, 2118225.950087893754244 ], [ 6014474.691421913914382, 2118170.565173918381333 ], [ 6014585.800436889752746, 2118103.96899321814999 ], [ 6014689.846864399500191, 2118026.802903417497873 ], [ 6014741.097179325297475, 2117980.352325573097914 ], [ 6014743.777171815745533, 2117978.364707678556442 ], [ 6014839.758987885899842, 2117891.371860405895859 ], [ 6014926.751835158094764, 2117795.39004433574155 ], [ 6015003.917924959212542, 2117691.343616825528443 ], [ 6015070.514105659909546, 2117580.234601850155741 ], [ 6015125.899019634351134, 2117463.133039961569011 ], [ 6015169.539279886521399, 2117341.166683215647936 ], [ 6015201.014606852084398, 2117215.510134301148355 ], [ 6015220.021875927224755, 2117087.373534474987537 ], [ 6015226.378036719746888, 2116957.990909239742905 ], [ 6015220.021875927224755, 2116828.608284004498273 ], [ 6015201.014606852084398, 2116700.471684178337455 ], [ 6015169.539279886521399, 2116574.815135263837874 ], [ 6015125.899019634351134, 2116452.848778517916799 ], [ 6015070.514105659909546, 2116335.747216629330069 ], [ 6015003.917924959212542, 2116224.638201653957367 ], [ 6014926.751835158094764, 2116120.59177414374426 ], [ 6014839.758987885899842, 2116024.609958073589951 ], [ 6014743.777171815745533, 2115937.617110800929368 ], [ 6014673.982794845476747, 2115885.85407299362123 ], [ 6014649.660531394183636, 2115853.059297107625753 ], [ 6014562.667684121988714, 2115757.077481037471443 ], [ 6014466.685868051834404, 2115670.08463376481086 ], [ 6014390.356856915168464, 2115613.475180958863348 ], [ 6014369.674725274555385, 2115585.58855464309454 ], [ 6014282.681878002360463, 2115489.60673857294023 ], [ 6014186.700061932206154, 2115402.613891300279647 ], [ 6014082.653634422458708, 2115325.447801499627531 ], [ 6013971.544619446620345, 2115258.851620799396187 ], [ 6013854.443057558499277, 2115203.466706824023277 ], [ 6013763.713009839877486, 2115171.002976655494422 ], [ 6013746.314994304440916, 2115122.378780622500926 ], [ 6013690.930080329999328, 2115005.277218733914196 ], [ 6013624.333899629302323, 2114894.168203758541495 ], [ 6013547.167809828184545, 2114790.121776248328388 ], [ 6013460.174962555989623, 2114694.139960178174078 ], [ 6013364.193146485835314, 2114607.147112905513495 ], [ 6013344.198918648995459, 2114592.318382907658815 ], [ 6013304.023252598010004, 2114547.991366258822381 ], [ 6013208.041436527855694, 2114460.998518986161798 ], [ 6013103.995009018108249, 2114383.832429185509682 ], [ 6013081.147521909326315, 2114370.13817241974175 ], [ 6013046.335854795761406, 2114323.200072949752212 ], [ 6012959.343007523566484, 2114227.218256879597902 ], [ 6012863.361191453412175, 2114140.225409606937319 ], [ 6012759.31476394366473, 2114063.059319806285203 ], [ 6012648.205748967826366, 2113996.463139106053859 ], [ 6012531.104187079705298, 2113941.078225130680948 ], [ 6012409.1378303328529, 2113897.437964879442006 ], [ 6012350.665593547746539, 2113882.791432031430304 ], [ 6012348.74827423132956, 2113875.137064256705344 ], [ 6012305.108013979159296, 2113753.170707510784268 ], [ 6012249.723100004717708, 2113636.069145622197539 ], [ 6012183.126919304020703, 2113524.960130646824837 ], [ 6012105.960829502902925, 2113420.91370313661173 ], [ 6012018.967982230708003, 2113324.931887066457421 ], [ 6011922.986166160553694, 2113237.939039793796837 ], [ 6011869.469944469630718, 2113198.248704742174596 ], [ 6011849.410079261288047, 2113171.201107583008707 ], [ 6011762.417231989093125, 2113075.219291512854397 ], [ 6011666.435415918938816, 2112988.226444240193814 ], [ 6011562.38898840919137, 2112911.060354439541698 ], [ 6011551.114870203658938, 2112904.302908039651811 ], [ 6011516.398604399524629, 2112857.493442344013602 ], [ 6011429.405757127329707, 2112761.511626273859292 ], [ 6011333.423941057175398, 2112674.518779001198709 ], [ 6011267.521348549984396, 2112625.642085266765207 ], [ 6011257.021945711225271, 2112611.485279354732484 ], [ 6011170.029098439030349, 2112515.503463284578174 ], [ 6011074.04728236887604, 2112428.510616011917591 ], [ 6010970.000854859128594, 2112351.344526211265475 ], [ 6010858.891839883290231, 2112284.748345511034131 ], [ 6010741.790277995169163, 2112229.363431535661221 ], [ 6010619.823921248316765, 2112185.723171284422278 ], [ 6010494.167372333817184, 2112154.247844318393618 ], [ 6010366.030772508122027, 2112135.240575243253261 ], [ 6010264.121671609580517, 2112130.234102153219283 ], [ 6010261.933034516870975, 2112085.683370668906718 ], [ 6010242.925765441730618, 2111957.5467708427459 ], [ 6010211.450438476167619, 2111831.890221928246319 ], [ 6010167.810178223997355, 2111709.923865182325244 ], [ 6010112.425264249555767, 2111592.822303293738514 ], [ 6010045.829083548858762, 2111481.713288318365812 ], [ 6009968.662993747740984, 2111377.666860808152705 ], [ 6009881.670146475546062, 2111281.685044737998396 ], [ 6009785.688330405391753, 2111194.692197465337813 ], [ 6009724.1651870906353, 2111149.063524617813528 ], [ 6009703.256121910177171, 2111120.870913844555616 ], [ 6009616.263274637982249, 2111024.889097774401307 ], [ 6009520.28145856782794, 2110937.896250501740724 ], [ 6009438.502106795087457, 2110877.24454958550632 ], [ 6009426.212135164998472, 2110860.673441140912473 ], [ 6009339.21928789280355, 2110764.691625070758164 ], [ 6009243.23747182264924, 2110677.698777798097581 ], [ 6009139.191044312901795, 2110600.532687997445464 ], [ 6009028.082029337063432, 2110533.936507297214121 ], [ 6008910.980467448942363, 2110478.55159332184121 ], [ 6008789.014110702089965, 2110434.911333070602268 ], [ 6008663.357561787590384, 2110403.436006104573607 ] ] ], [ [ [ 6077043.102678940631449, 1987643.841010503470898 ], [ 6076987.717764966189861, 1987760.942572392057627 ], [ 6076944.077504714019597, 1987882.908929137978703 ], [ 6076912.602177748456597, 1988008.565478052478284 ], [ 6076901.419583805836737, 1988083.952402884839103 ], [ 6076897.630207386799157, 1988094.543000500649214 ], [ 6076866.154880421236157, 1988220.199549415148795 ], [ 6076847.1476113460958, 1988348.336149241542444 ], [ 6076840.791450553573668, 1988477.718774476554245 ], [ 6076847.1476113460958, 1988607.101399711566046 ], [ 6076866.154880421236157, 1988735.237999537959695 ], [ 6076897.630207386799157, 1988860.894548452459276 ], [ 6076941.270467638969421, 1988982.860905198380351 ], [ 6076996.655381613411009, 1989099.962467086967081 ], [ 6077063.251562314108014, 1989211.071482062339783 ], [ 6077140.417652115225792, 1989315.11790957255289 ], [ 6077227.410499387420714, 1989411.099725642707199 ], [ 6077323.392315457575023, 1989498.092572915367782 ], [ 6077427.438742967322469, 1989575.258662716019899 ], [ 6077538.547757943160832, 1989641.854843416484073 ], [ 6077655.6493198312819, 1989697.239757391391322 ], [ 6077777.615676578134298, 1989740.880017643095925 ], [ 6077903.272225492633879, 1989772.355344608891755 ], [ 6078031.408825318329036, 1989791.362613683799282 ], [ 6078160.791450553573668, 1989797.718774476554245 ], [ 6078290.1740757888183, 1989791.362613683799282 ], [ 6078418.310675614513457, 1989772.355344608891755 ], [ 6078543.967224529013038, 1989740.880017643095925 ], [ 6078665.933581275865436, 1989697.239757391391322 ], [ 6078783.035143163986504, 1989641.854843416484073 ], [ 6078814.28834642469883, 1989623.122394278645515 ], [ 6078905.3776766192168, 1989580.040349636925384 ], [ 6079016.486691595055163, 1989513.44416893646121 ], [ 6079120.533119104802608, 1989436.278079135809094 ], [ 6079216.514935174956918, 1989349.28523186314851 ], [ 6079303.50778244715184, 1989253.303415792994201 ], [ 6079319.351744268089533, 1989231.940306306816638 ], [ 6079347.040343602187932, 1989206.844822685932741 ], [ 6079385.422806937247515, 1989164.496300345053896 ], [ 6079402.764006687328219, 1989154.102385212667286 ], [ 6079506.810434197075665, 1989076.93629541201517 ], [ 6079515.746772454120219, 1989068.836870531318709 ], [ 6079534.278766212053597, 1989055.092607237165794 ], [ 6079630.260582282207906, 1988968.099759964505211 ], [ 6079717.253429554402828, 1988872.117943894350901 ], [ 6079794.419519355520606, 1988768.071516384137794 ], [ 6079861.015700056217611, 1988656.962501408765092 ], [ 6079916.400614030659199, 1988539.860939520178363 ], [ 6079960.040874282829463, 1988417.894582774257287 ], [ 6079991.516201248392463, 1988292.238033859757707 ], [ 6080010.52347032353282, 1988164.101434033364058 ], [ 6080012.330483639612794, 1988127.318832979071885 ], [ 6080023.045427467674017, 1988055.084549135761335 ], [ 6080029.401588260196149, 1987925.701923900749534 ], [ 6080023.045427467674017, 1987796.319298665737733 ], [ 6080004.03815839253366, 1987668.182698839344084 ], [ 6079972.562831426970661, 1987542.526149924844503 ], [ 6079928.922571174800396, 1987420.559793178923428 ], [ 6079873.537657200358808, 1987303.458231290336698 ], [ 6079806.941476499661803, 1987192.349216314963996 ], [ 6079729.775386698544025, 1987088.30278880475089 ], [ 6079642.782539426349103, 1986992.32097273459658 ], [ 6079546.800723356194794, 1986905.328125461935997 ], [ 6079442.754295846447349, 1986828.16203566128388 ], [ 6079331.645280870608985, 1986761.565854960819706 ], [ 6079214.543718982487917, 1986706.180940985912457 ], [ 6079092.577362235635519, 1986662.540680734207854 ], [ 6078966.920813321135938, 1986631.065353768412024 ], [ 6078838.784213495440781, 1986612.058084693504497 ], [ 6078709.401588260196149, 1986605.701923900749534 ], [ 6078580.018963024951518, 1986612.058084693504497 ], [ 6078451.882363199256361, 1986631.065353768412024 ], [ 6078326.22581428475678, 1986662.540680734207854 ], [ 6078204.259457537904382, 1986706.180940985912457 ], [ 6078087.157895649783313, 1986761.565854960819706 ], [ 6078033.887626582756639, 1986793.494825490517542 ], [ 6077985.439232899807394, 1986816.409209151053801 ], [ 6077874.33021792396903, 1986883.005389851517975 ], [ 6077770.283790414221585, 1986960.171479652170092 ], [ 6077688.13399036321789, 1987034.627718363888562 ], [ 6077642.930774317122996, 1987068.152708237990737 ], [ 6077616.857546533457935, 1987083.780399558134377 ], [ 6077605.325865596532822, 1987092.332877024076879 ], [ 6077584.995055270381272, 1987101.948634173953906 ], [ 6077473.886040294542909, 1987168.54481487441808 ], [ 6077369.839612784795463, 1987245.710904675070196 ], [ 6077273.857796714641154, 1987332.70375194773078 ], [ 6077186.864949442446232, 1987428.685568017885089 ], [ 6077109.698859641328454, 1987532.731995528098196 ], [ 6077043.102678940631449, 1987643.841010503470898 ] ] ], [ [ [ 6072196.076272371225059, 1991680.617917528143153 ], [ 6072137.081304688006639, 1991734.087839473970234 ], [ 6072050.088457415811718, 1991830.069655544124544 ], [ 6071972.92236761469394, 1991934.116083054337651 ], [ 6071906.326186913996935, 1992045.225098029710352 ], [ 6071850.941272939555347, 1992162.326659918297082 ], [ 6071807.301012687385082, 1992284.293016664218158 ], [ 6071775.825685721822083, 1992409.949565578717738 ], [ 6071756.818416646681726, 1992538.086165405111387 ], [ 6071750.462255854159594, 1992667.468790640123188 ], [ 6071756.818416646681726, 1992796.85141587513499 ], [ 6071775.825685721822083, 1992924.988015701528639 ], [ 6071807.301012687385082, 1993050.644564616028219 ], [ 6071850.941272939555347, 1993172.610921361949295 ], [ 6071906.326186913996935, 1993289.712483250536025 ], [ 6071972.92236761469394, 1993400.821498225908726 ], [ 6072050.088457415811718, 1993504.867925736121833 ], [ 6072072.667652251198888, 1993529.780228226212785 ], [ 6072083.721640416420996, 1993544.684805888216943 ], [ 6072170.714487688615918, 1993640.666621958371252 ], [ 6072266.696303758770227, 1993727.659469231031835 ], [ 6072370.742731268517673, 1993804.825559031683952 ], [ 6072481.851746244356036, 1993871.421739732148126 ], [ 6072598.953308132477105, 1993926.806653707055375 ], [ 6072720.919664879329503, 1993970.446913958759978 ], [ 6072846.576213793829083, 1994001.922240924555808 ], [ 6072974.71281361952424, 1994020.929509999463335 ], [ 6073104.095438854768872, 1994027.285670792218298 ], [ 6073233.478064090013504, 1994020.929509999463335 ], [ 6073361.614663915708661, 1994001.922240924555808 ], [ 6073487.271212830208242, 1993970.446913958759978 ], [ 6073609.23756957706064, 1993926.806653707055375 ], [ 6073726.339131465181708, 1993871.421739732148126 ], [ 6073837.448146441020072, 1993804.825559031683952 ], [ 6073875.920653804205358, 1993776.292402928927913 ], [ 6073920.91672149207443, 1993749.322797850705683 ], [ 6074024.963149001821876, 1993672.156708050053567 ], [ 6074078.39908569958061, 1993623.725198099855334 ], [ 6074098.100589653477073, 1993609.113566930172965 ], [ 6074194.082405723631382, 1993522.120719657512382 ], [ 6074281.075252995826304, 1993426.138903587358072 ], [ 6074282.14650263544172, 1993424.694490655325353 ], [ 6074350.39807967748493, 1993383.786069689318538 ], [ 6074454.444507187232375, 1993306.619979888666421 ], [ 6074550.426323257386684, 1993219.627132616005838 ], [ 6074637.419170529581606, 1993123.645316545851529 ], [ 6074644.215643230825663, 1993114.48133394587785 ], [ 6074650.584685382433236, 1993107.454178823390976 ], [ 6074727.750775183551013, 1993003.407751313177869 ], [ 6074794.346955884248018, 1992892.298736337805167 ], [ 6074849.731869858689606, 1992775.197174449218437 ], [ 6074893.372130110859871, 1992653.230817703297362 ], [ 6074924.84745707642287, 1992527.574268788797781 ], [ 6074943.854726151563227, 1992399.437668962404132 ], [ 6074950.21088694408536, 1992270.055043727392331 ], [ 6074943.854726151563227, 1992140.67241849238053 ], [ 6074924.84745707642287, 1992012.535818665986881 ], [ 6074893.372130110859871, 1991886.8792697514873 ], [ 6074849.731869858689606, 1991764.912913005566224 ], [ 6074794.346955884248018, 1991647.811351116979495 ], [ 6074727.750775183551013, 1991536.702336141606793 ], [ 6074650.584685382433236, 1991432.655908631393686 ], [ 6074633.25508982129395, 1991413.535646381089464 ], [ 6074622.50802506133914, 1991399.044907024595886 ], [ 6074535.515177789144218, 1991303.063090954441577 ], [ 6074439.533361718989909, 1991216.070243681780994 ], [ 6074335.486934209242463, 1991138.904153881128877 ], [ 6074224.3779192334041, 1991072.307973180664703 ], [ 6074107.276357345283031, 1991016.923059205757454 ], [ 6073985.310000598430634, 1990973.282798954052851 ], [ 6073859.653451683931053, 1990941.807471988257021 ], [ 6073731.516851858235896, 1990922.800202913349494 ], [ 6073602.134226622991264, 1990916.444042120594531 ], [ 6073472.751601387746632, 1990922.800202913349494 ], [ 6073344.615001562051475, 1990941.807471988257021 ], [ 6073218.958452647551894, 1990973.282798954052851 ], [ 6073096.992095900699496, 1991016.923059205757454 ], [ 6072979.890534012578428, 1991072.307973180664703 ], [ 6072868.781519036740065, 1991138.904153881128877 ], [ 6072764.735091526992619, 1991216.070243681780994 ], [ 6072760.26378751732409, 1991220.122797412564978 ], [ 6072706.669787561520934, 1991259.870816757436842 ], [ 6072640.836385665461421, 1991291.007696931250393 ], [ 6072529.727370689623058, 1991357.603877631714568 ], [ 6072425.680943179875612, 1991434.769967432366684 ], [ 6072329.699127109721303, 1991521.762814705027267 ], [ 6072242.706279837526381, 1991617.744630775181577 ], [ 6072196.076272371225059, 1991680.617917527910322 ], [ 6072196.076272371225059, 1991680.617917528143153 ] ] ], [ [ [ 6057835.121035846881568, 2003591.581523024709895 ], [ 6057779.736121872439981, 2003708.683084913296625 ], [ 6057736.095861620269716, 2003830.6494416592177 ], [ 6057704.620534654706717, 2003956.305990573717281 ], [ 6057685.61326557956636, 2004084.44259040011093 ], [ 6057679.257104787044227, 2004213.825215635122731 ], [ 6057685.61326557956636, 2004343.207840870134532 ], [ 6057704.620534654706717, 2004471.344440696528181 ], [ 6057736.095861620269716, 2004597.000989611027762 ], [ 6057779.736121872439981, 2004718.967346356948838 ], [ 6057835.121035846881568, 2004836.068908245535567 ], [ 6057901.717216547578573, 2004947.177923220908269 ], [ 6057978.883306348696351, 2005051.224350731121376 ], [ 6058065.876153620891273, 2005147.206166801275685 ], [ 6058078.086130107752979, 2005158.272644424112514 ], [ 6058114.388420335017145, 2005198.326049419585615 ], [ 6058210.370236405171454, 2005285.318896692246199 ], [ 6058314.4166639149189, 2005362.484986492898315 ], [ 6058425.525678890757263, 2005429.081167193362489 ], [ 6058542.627240778878331, 2005484.466081168269739 ], [ 6058664.593597525730729, 2005528.106341419974342 ], [ 6058790.25014644023031, 2005559.581668385770172 ], [ 6058918.386746265925467, 2005578.588937460677698 ], [ 6059047.769371501170099, 2005584.945098253432661 ], [ 6059177.151996736414731, 2005578.588937460677698 ], [ 6059305.288596562109888, 2005559.581668385770172 ], [ 6059430.945145476609468, 2005528.106341419974342 ], [ 6059552.911502223461866, 2005484.466081168269739 ], [ 6059670.013064111582935, 2005429.081167193362489 ], [ 6059781.122079087421298, 2005362.484986492898315 ], [ 6059885.168506597168744, 2005285.318896692246199 ], [ 6059945.527800490148365, 2005230.612421548459679 ], [ 6059965.545330580323935, 2005215.766409421805292 ], [ 6060061.527146650478244, 2005128.773562149144709 ], [ 6060077.249435689300299, 2005111.426689365645871 ], [ 6060139.267857047729194, 2005074.254278139909729 ], [ 6060243.31428455747664, 2004997.088188339257613 ], [ 6060339.296100627630949, 2004910.09534106659703 ], [ 6060349.444347970187664, 2004898.89847557246685 ], [ 6060399.349810004234314, 2004861.886062392732129 ], [ 6060495.331626074388623, 2004774.893215120071545 ], [ 6060513.565043391659856, 2004754.77573923417367 ], [ 6060515.335001019760966, 2004753.171543148346245 ], [ 6060602.327848291955888, 2004657.189727078191936 ], [ 6060679.493938093073666, 2004553.143299567978829 ], [ 6060746.090118793770671, 2004442.034284592606127 ], [ 6060801.475032768212259, 2004324.932722704019397 ], [ 6060845.115293020382524, 2004202.966365958098322 ], [ 6060876.590619985945523, 2004077.309817043598741 ], [ 6060895.59788906108588, 2003949.173217217205092 ], [ 6060901.954049853608012, 2003819.790591982193291 ], [ 6060895.59788906108588, 2003690.40796674718149 ], [ 6060876.590619985945523, 2003562.271366920787841 ], [ 6060845.115293020382524, 2003436.61481800628826 ], [ 6060801.475032768212259, 2003314.648461260367185 ], [ 6060746.090118793770671, 2003197.546899371780455 ], [ 6060679.493938093073666, 2003086.437884396407753 ], [ 6060602.327848291955888, 2002982.391456886194646 ], [ 6060591.96887569129467, 2002970.962091898079962 ], [ 6060573.024542648345232, 2002945.418615744682029 ], [ 6060486.03169537615031, 2002849.43679967452772 ], [ 6060390.049879305996001, 2002762.443952401867136 ], [ 6060286.003451796248555, 2002685.27786260121502 ], [ 6060174.894436820410192, 2002618.681681900750846 ], [ 6060057.792874932289124, 2002563.296767925843596 ], [ 6059935.826518185436726, 2002519.656507674138993 ], [ 6059810.169969270937145, 2002488.181180708343163 ], [ 6059682.033369445241988, 2002469.173911633435637 ], [ 6059552.650744209997356, 2002462.817750840680674 ], [ 6059423.268118974752724, 2002469.173911633435637 ], [ 6059295.131519149057567, 2002488.181180708343163 ], [ 6059169.474970234557986, 2002519.656507674138993 ], [ 6059160.206469645723701, 2002522.972830212907866 ], [ 6059149.898975478485227, 2002525.554723093984649 ], [ 6059027.932618731632829, 2002569.194983345689252 ], [ 6058910.83105684351176, 2002624.579897320596501 ], [ 6058799.722041867673397, 2002691.176078021060675 ], [ 6058695.675614357925951, 2002768.342167821712792 ], [ 6058664.322885802946985, 2002796.758624588605016 ], [ 6058655.047996419481933, 2002801.145320567302406 ], [ 6058543.93898144364357, 2002867.74150126776658 ], [ 6058439.892553933896124, 2002944.907591068418697 ], [ 6058343.910737863741815, 2003031.90043834107928 ], [ 6058334.545885385014117, 2003042.232960799476132 ], [ 6058268.151359215378761, 2003102.409451631596312 ], [ 6058234.39379888959229, 2003139.65517984633334 ], [ 6058161.857969691045582, 2003193.451417196309194 ], [ 6058065.876153620891273, 2003280.444264468969777 ], [ 6057978.883306348696351, 2003376.426080539124086 ], [ 6057901.717216547578573, 2003480.472508049337193 ], [ 6057835.121035846881568, 2003591.581523024709895 ] ] ], [ [ [ 6051400.357088236138225, 2010716.882034046575427 ], [ 6051270.974463000893593, 2010710.525873253820464 ], [ 6051141.591837765648961, 2010716.882034046575427 ], [ 6051013.455237939953804, 2010735.889303121482953 ], [ 6050887.798689025454223, 2010767.364630087278783 ], [ 6050843.087476150132716, 2010783.362557860789821 ], [ 6050816.239836826920509, 2010790.087541423272341 ], [ 6050694.273480080068111, 2010833.727801674976945 ], [ 6050577.171918191947043, 2010889.112715649884194 ], [ 6050466.06290321610868, 2010955.708896350348368 ], [ 6050362.016475706361234, 2011032.874986151000485 ], [ 6050266.034659636206925, 2011119.867833423661068 ], [ 6050179.041812364012003, 2011215.849649493815377 ], [ 6050101.875722562894225, 2011319.896077004028484 ], [ 6050049.287820123136044, 2011407.633691657101735 ], [ 6050013.239464513026178, 2011456.23927253508009 ], [ 6049946.643283812329173, 2011567.348287510452792 ], [ 6049891.258369837887585, 2011684.449849399039522 ], [ 6049847.61810958571732, 2011806.416206144960597 ], [ 6049816.142782620154321, 2011932.072755059460178 ], [ 6049814.07034654263407, 2011946.043984237127006 ], [ 6049799.526270373724401, 2011986.691954078385606 ], [ 6049768.050943408161402, 2012112.348502992885187 ], [ 6049749.043674333021045, 2012240.485102819278836 ], [ 6049742.687513540498912, 2012369.867728054290637 ], [ 6049749.043674333021045, 2012499.250353289302438 ], [ 6049768.050943408161402, 2012627.386953115696087 ], [ 6049799.526270373724401, 2012753.043502030195668 ], [ 6049843.166530625894666, 2012875.009858776116744 ], [ 6049898.551444600336254, 2012992.111420664703473 ], [ 6049965.147625301033258, 2013103.220435640076175 ], [ 6050042.313715102151036, 2013207.266863150289282 ], [ 6050129.306562374345958, 2013303.248679220443591 ], [ 6050225.288378444500268, 2013390.241526493104175 ], [ 6050329.334805954247713, 2013467.407616293756291 ], [ 6050440.443820930086076, 2013534.003796994220465 ], [ 6050557.545382818207145, 2013589.388710969127715 ], [ 6050679.511739565059543, 2013633.028971220832318 ], [ 6050805.168288479559124, 2013664.504298186628148 ], [ 6050933.304888305254281, 2013683.511567261535674 ], [ 6051062.687513540498912, 2013689.867728054290637 ], [ 6051192.070138775743544, 2013683.511567261535674 ], [ 6051320.206738601438701, 2013664.504298186628148 ], [ 6051445.863287515938282, 2013633.028971220832318 ], [ 6051567.82964426279068, 2013589.388710969127715 ], [ 6051684.931206150911748, 2013534.003796994220465 ], [ 6051796.040221126750112, 2013467.407616293756291 ], [ 6051900.086648636497557, 2013390.241526493104175 ], [ 6051996.068464706651866, 2013303.248679220443591 ], [ 6052083.061311978846788, 2013207.266863150289282 ], [ 6052116.277983683161438, 2013162.479366032173857 ], [ 6052181.668717845343053, 2013103.212659243727103 ], [ 6052268.661565117537975, 2013007.230843173572794 ], [ 6052286.799339331686497, 2012982.77488570776768 ], [ 6052325.550922959111631, 2012940.019101884448901 ], [ 6052402.717012760229409, 2012835.972674374235794 ], [ 6052469.313193460926414, 2012724.863659398863092 ], [ 6052524.698107435368001, 2012607.762097510276362 ], [ 6052527.286875477060676, 2012600.526975522050634 ], [ 6052535.989907069131732, 2012582.125961248530075 ], [ 6052579.630167321301997, 2012460.159604502609 ], [ 6052611.105494286864996, 2012334.503055588109419 ], [ 6052630.112763362005353, 2012206.36645576171577 ], [ 6052636.468924154527485, 2012076.983830526703969 ], [ 6052630.112763362005353, 2011947.601205291692168 ], [ 6052611.105494286864996, 2011819.464605465298519 ], [ 6052579.630167321301997, 2011693.808056550798938 ], [ 6052535.989907069131732, 2011571.841699804877862 ], [ 6052480.604993094690144, 2011454.740137916291133 ], [ 6052414.008812393993139, 2011343.631122940918431 ], [ 6052336.842722592875361, 2011239.584695430705324 ], [ 6052249.849875320680439, 2011143.602879360551015 ], [ 6052230.876415097154677, 2011126.406337400432676 ], [ 6052204.355414167046547, 2011097.14492208766751 ], [ 6052108.373598096892238, 2011010.152074815006927 ], [ 6052004.327170587144792, 2010932.98598501435481 ], [ 6051893.218155611306429, 2010866.389804313890636 ], [ 6051776.11659372318536, 2010811.004890338983387 ], [ 6051654.150236976332963, 2010767.364630087278783 ], [ 6051528.493688061833382, 2010735.889303121482953 ], [ 6051400.357088236138225, 2010716.882034046575427 ] ] ], [ [ [ 6047644.355194041505456, 2015851.807649354450405 ], [ 6047540.30876653175801, 2015774.641559553798288 ], [ 6047429.199751555919647, 2015708.045378853334114 ], [ 6047312.098189667798579, 2015652.660464878426865 ], [ 6047190.131832920946181, 2015609.020204626722261 ], [ 6047064.4752840064466, 2015577.544877660926431 ], [ 6046936.338684180751443, 2015558.537608586018905 ], [ 6046806.956058945506811, 2015552.181447793263942 ], [ 6046677.573433710262179, 2015558.537608586018905 ], [ 6046549.436833884567022, 2015577.544877660926431 ], [ 6046423.780284970067441, 2015609.020204626722261 ], [ 6046301.813928223215044, 2015652.660464878426865 ], [ 6046184.712366335093975, 2015708.045378853334114 ], [ 6046073.603351359255612, 2015774.641559553798288 ], [ 6045969.556923849508166, 2015851.807649354450405 ], [ 6045873.575107779353857, 2015938.800496627110988 ], [ 6045786.582260507158935, 2016034.782312697265297 ], [ 6045777.705921704880893, 2016046.750670095672831 ], [ 6045770.075595764443278, 2016053.666394410422072 ], [ 6045675.788627342320979, 2016123.594376047374681 ], [ 6045579.806811272166669, 2016210.587223320035264 ], [ 6045492.813964, 2016306.569039390189573 ], [ 6045415.64787419885397, 2016410.61546690040268 ], [ 6045349.051693498156965, 2016521.724481875775382 ], [ 6045293.666779523715377, 2016638.826043764362112 ], [ 6045250.026519271545112, 2016760.792400510283187 ], [ 6045218.551192305982113, 2016886.448949424782768 ], [ 6045199.543923230841756, 2017014.585549251176417 ], [ 6045193.187762438319623, 2017143.968174486188218 ], [ 6045199.543923230841756, 2017273.350799721200019 ], [ 6045218.551192305982113, 2017401.487399547593668 ], [ 6045250.026519271545112, 2017527.143948462093249 ], [ 6045293.666779523715377, 2017649.110305208014324 ], [ 6045298.865228346548975, 2017660.10150177939795 ], [ 6045306.491350260563195, 2017681.415084708249196 ], [ 6045361.876264235004783, 2017798.516646596835926 ], [ 6045428.472444935701787, 2017909.625661572208628 ], [ 6045455.605693626217544, 2017946.210612297058105 ], [ 6045493.329274358227849, 2018009.14860442164354 ], [ 6045570.495364159345627, 2018113.195031931856647 ], [ 6045657.488211431540549, 2018209.176848002010956 ], [ 6045753.470027501694858, 2018296.16969527467154 ], [ 6045857.516455011442304, 2018373.335785075323656 ], [ 6045968.625469987280667, 2018439.93196577578783 ], [ 6046085.727031875401735, 2018495.31687975069508 ], [ 6046207.693388622254133, 2018538.957140002399683 ], [ 6046333.349937536753714, 2018570.432466968195513 ], [ 6046461.486537362448871, 2018589.439736043103039 ], [ 6046590.869162597693503, 2018595.795896835858002 ], [ 6046720.251787832938135, 2018589.439736043103039 ], [ 6046848.388387658633292, 2018570.432466968195513 ], [ 6046974.044936573132873, 2018538.957140002399683 ], [ 6047096.011293319985271, 2018495.31687975069508 ], [ 6047213.112855208106339, 2018439.93196577578783 ], [ 6047324.221870183944702, 2018373.335785075323656 ], [ 6047428.268297693692148, 2018296.16969527467154 ], [ 6047524.250113763846457, 2018209.176848002010956 ], [ 6047611.242961036041379, 2018113.195031931856647 ], [ 6047688.409050837159157, 2018009.14860442164354 ], [ 6047755.005231537856162, 2017898.039589446270838 ], [ 6047810.39014551229775, 2017780.938027557684109 ], [ 6047843.931750621646643, 2017687.195521190296859 ], [ 6047904.495947184972465, 2017605.53415537904948 ], [ 6047971.09212788566947, 2017494.425140403676778 ], [ 6048026.477041860111058, 2017377.323578515090048 ], [ 6048070.117302112281322, 2017255.357221769168973 ], [ 6048101.592629077844322, 2017129.700672854669392 ], [ 6048120.599898152984679, 2017001.564073028275743 ], [ 6048126.956058945506811, 2016872.181447793263942 ], [ 6048120.599898152984679, 2016742.798822558252141 ], [ 6048101.592629077844322, 2016614.662222731858492 ], [ 6048070.117302112281322, 2016489.005673817358911 ], [ 6048026.477041860111058, 2016367.039317071437836 ], [ 6047971.09212788566947, 2016249.937755182851106 ], [ 6047904.495947184972465, 2016138.828740207478404 ], [ 6047827.329857383854687, 2016034.782312697265297 ], [ 6047740.337010111659765, 2015938.800496627110988 ], [ 6047644.355194041505456, 2015851.807649354450405 ] ] ], [ [ [ 6039312.108366300351918, 2023213.798484612023458 ], [ 6039190.14200955349952, 2023257.438744863728061 ], [ 6039073.040447665378451, 2023312.823658838635311 ], [ 6038961.931432689540088, 2023379.419839539099485 ], [ 6038857.885005179792643, 2023456.585929339751601 ], [ 6038761.903189109638333, 2023543.578776612412184 ], [ 6038674.910341837443411, 2023639.560592682566494 ], [ 6038597.744252036325634, 2023743.607020192779601 ], [ 6038579.829037172719836, 2023773.496750438585877 ], [ 6038549.900945503264666, 2023813.850110683357343 ], [ 6038483.304764802567661, 2023924.959125658730045 ], [ 6038427.919850828126073, 2024042.060687547316775 ], [ 6038420.984938465990126, 2024061.442469192203134 ], [ 6038364.674774182029068, 2024123.571161385625601 ], [ 6038287.508684380911291, 2024227.617588895838708 ], [ 6038279.954401175491512, 2024240.221148993587121 ], [ 6038245.927157549187541, 2024286.101575830252841 ], [ 6038179.330976848490536, 2024397.210590805625543 ], [ 6038123.946062874048948, 2024514.312152694212273 ], [ 6038080.305802621878684, 2024636.278509440133348 ], [ 6038048.830475656315684, 2024761.935058354632929 ], [ 6038029.823206581175327, 2024890.071658181026578 ], [ 6038023.467045788653195, 2025019.454283416038379 ], [ 6038029.823206581175327, 2025148.83690865105018 ], [ 6038048.830475656315684, 2025276.973508477443829 ], [ 6038080.305802621878684, 2025402.63005739194341 ], [ 6038123.946062874048948, 2025524.596414137864485 ], [ 6038179.330976848490536, 2025641.697976026451215 ], [ 6038245.927157549187541, 2025752.806991001823917 ], [ 6038323.093247350305319, 2025856.853418512037024 ], [ 6038410.086094622500241, 2025952.835234582191333 ], [ 6038506.06791069265455, 2026039.828081854851916 ], [ 6038610.114338202401996, 2026116.994171655504033 ], [ 6038611.131359350867569, 2026117.603750673122704 ], [ 6038616.710510704666376, 2026121.741531322244555 ], [ 6038727.819525680504739, 2026188.337712022708729 ], [ 6038844.921087568625808, 2026243.722625997615978 ], [ 6038966.887444315478206, 2026287.362886249320582 ], [ 6039092.543993229977787, 2026318.838213215116411 ], [ 6039220.680593055672944, 2026337.845482290023938 ], [ 6039350.063218290917575, 2026344.201643082778901 ], [ 6039479.445843526162207, 2026337.845482290023938 ], [ 6039607.582443351857364, 2026318.838213215116411 ], [ 6039733.238992266356945, 2026287.362886249320582 ], [ 6039855.205349013209343, 2026243.722625997615978 ], [ 6039972.306910901330411, 2026188.337712022708729 ], [ 6040083.415925877168775, 2026121.741531322244555 ], [ 6040187.46235338691622, 2026044.575441521592438 ], [ 6040283.444169457070529, 2025957.582594248931855 ], [ 6040370.437016729265451, 2025861.600778178777546 ], [ 6040447.603106530383229, 2025757.554350668564439 ], [ 6040457.782742705196142, 2025740.570653761038557 ], [ 6040489.889238678850234, 2025697.280055332230404 ], [ 6040556.485419379547238, 2025586.171040356857702 ], [ 6040611.870333353988826, 2025469.069478468270972 ], [ 6040616.994305989705026, 2025454.748934300150722 ], [ 6040676.590496458113194, 2025388.994670916581526 ], [ 6040753.756586259230971, 2025284.94824340636842 ], [ 6040774.122860227711499, 2025250.969168096547946 ], [ 6040801.169330089353025, 2025214.501225077779964 ], [ 6040867.76551079005003, 2025103.392210102407262 ], [ 6040923.150424764491618, 2024986.290648213820532 ], [ 6040966.790685016661882, 2024864.324291467899457 ], [ 6040998.266011982224882, 2024738.667742553399876 ], [ 6041017.273281057365239, 2024610.531142727006227 ], [ 6041023.629441849887371, 2024481.148517491994426 ], [ 6041017.273281057365239, 2024351.765892256982625 ], [ 6040998.266011982224882, 2024223.629292430588976 ], [ 6040966.790685016661882, 2024097.972743516089395 ], [ 6040923.150424764491618, 2023976.006386770168319 ], [ 6040867.76551079005003, 2023858.90482488158159 ], [ 6040801.169330089353025, 2023747.795809906208888 ], [ 6040724.003240288235247, 2023643.749382395995781 ], [ 6040637.010393016040325, 2023547.767566325841472 ], [ 6040541.028576945886016, 2023460.774719053180888 ], [ 6040436.98214943613857, 2023383.608629252528772 ], [ 6040325.873134460300207, 2023317.012448552064598 ], [ 6040319.440275715664029, 2023313.969932957552373 ], [ 6040317.527832886204123, 2023312.823658838635311 ], [ 6040200.426270998083055, 2023257.438744863728061 ], [ 6040078.459914251230657, 2023213.798484612023458 ], [ 6039952.803365336731076, 2023182.323157646227628 ], [ 6039824.666765511035919, 2023163.315888571320102 ], [ 6039695.284140275791287, 2023156.959727778565139 ], [ 6039565.901515040546656, 2023163.315888571320102 ], [ 6039437.764915214851499, 2023182.323157646227628 ], [ 6039312.108366300351918, 2023213.798484612023458 ] ] ], [ [ [ 6036589.196391295641661, 2027473.469465512083843 ], [ 6036478.087376319803298, 2027540.065646212548018 ], [ 6036374.040948810055852, 2027617.231736013200134 ], [ 6036278.059132739901543, 2027704.224583285860717 ], [ 6036191.066285467706621, 2027800.206399356015027 ], [ 6036113.900195666588843, 2027904.252826866228133 ], [ 6036047.304014965891838, 2028015.361841841600835 ], [ 6035991.91910099145025, 2028132.463403730187565 ], [ 6035948.278840739279985, 2028254.42976047610864 ], [ 6035942.042449656873941, 2028279.326829278841615 ], [ 6035905.512736854143441, 2028356.562417774228379 ], [ 6035861.872476601973176, 2028478.528774520149454 ], [ 6035830.397149636410177, 2028604.185323434649035 ], [ 6035826.02291251718998, 2028633.674034783151001 ], [ 6035772.556240370497108, 2028746.719815088203177 ], [ 6035728.915980118326843, 2028868.686171834124252 ], [ 6035697.440653152763844, 2028994.342720748623833 ], [ 6035678.433384077623487, 2029122.479320575017482 ], [ 6035672.077223285101354, 2029251.861945810029283 ], [ 6035678.433384077623487, 2029381.244571045041084 ], [ 6035697.440653152763844, 2029509.381170871434733 ], [ 6035728.915980118326843, 2029635.037719785934314 ], [ 6035772.556240370497108, 2029757.004076531855389 ], [ 6035827.941154344938695, 2029874.105638420442119 ], [ 6035894.5373350456357, 2029985.214653395814821 ], [ 6035971.703424846753478, 2030089.261080906027928 ], [ 6036058.6962721189484, 2030185.242896976182237 ], [ 6036154.678088189102709, 2030272.235744248842821 ], [ 6036258.724515698850155, 2030349.401834049494937 ], [ 6036369.833530674688518, 2030415.998014749959111 ], [ 6036486.935092562809587, 2030471.38292872486636 ], [ 6036608.901449309661984, 2030515.023188976570964 ], [ 6036633.941442762501538, 2030521.29538081982173 ], [ 6036674.300175606273115, 2030535.735966336214915 ], [ 6036799.956724520772696, 2030567.211293302010745 ], [ 6036928.093324346467853, 2030586.218562376918271 ], [ 6037057.475949581712484, 2030592.574723169673234 ], [ 6037186.858574816957116, 2030586.218562376918271 ], [ 6037314.995174642652273, 2030567.211293302010745 ], [ 6037440.651723557151854, 2030535.735966336214915 ], [ 6037562.618080304004252, 2030492.095706084510311 ], [ 6037679.71964219212532, 2030436.710792109603062 ], [ 6037790.828657167963684, 2030370.114611409138888 ], [ 6037894.875084677711129, 2030292.948521608486772 ], [ 6037990.856900747865438, 2030205.955674335826188 ], [ 6038077.84974802006036, 2030109.973858265671879 ], [ 6038155.015837821178138, 2030005.927430755458772 ], [ 6038221.612018521875143, 2029894.81841578008607 ], [ 6038276.996932496316731, 2029777.716853891499341 ], [ 6038320.637192748486996, 2029655.750497145578265 ], [ 6038352.112519714049995, 2029530.093948231078684 ], [ 6038352.242528180591762, 2029529.217502344632521 ], [ 6038394.143553058616817, 2029440.625228638760746 ], [ 6038419.267712058499455, 2029370.4079081681557 ], [ 6038420.231158594600856, 2029368.370871616993099 ], [ 6038463.871418846771121, 2029246.404514871072024 ], [ 6038467.312460554763675, 2029232.667106322245672 ], [ 6038488.962425006553531, 2029172.15950915007852 ], [ 6038489.481352163478732, 2029170.087835813174024 ], [ 6038516.761039208620787, 2029093.846218030201271 ], [ 6038548.236366174183786, 2028968.18966911570169 ], [ 6038549.287515802308917, 2028961.103393926750869 ], [ 6038561.220053537748754, 2028913.466032978380099 ], [ 6038580.227322612889111, 2028785.32943315198645 ], [ 6038586.583483405411243, 2028655.946807916974649 ], [ 6038580.227322612889111, 2028526.564182681962848 ], [ 6038561.220053537748754, 2028398.427582855569199 ], [ 6038529.744726572185755, 2028272.771033941069618 ], [ 6038486.10446632001549, 2028150.804677195148543 ], [ 6038430.719552345573902, 2028033.703115306561813 ], [ 6038364.123371644876897, 2027922.594100331189111 ], [ 6038286.95728184375912, 2027818.547672820976004 ], [ 6038199.964434571564198, 2027722.565856750821695 ], [ 6038103.982618501409888, 2027635.573009478161111 ], [ 6037999.936190991662443, 2027558.406919677508995 ], [ 6037888.82717601582408, 2027491.810738977044821 ], [ 6037771.725614127703011, 2027436.425825002137572 ], [ 6037649.759257380850613, 2027392.785564750432968 ], [ 6037636.81324166059494, 2027389.542756626149639 ], [ 6037594.615857881493866, 2027374.444291285471991 ], [ 6037468.959308966994286, 2027342.968964319676161 ], [ 6037340.822709141299129, 2027323.961695244768634 ], [ 6037211.440083906054497, 2027317.605534452013671 ], [ 6037082.057458670809865, 2027323.961695244768634 ], [ 6036953.920858845114708, 2027342.968964319676161 ], [ 6036828.264309930615127, 2027374.444291285471991 ], [ 6036706.297953183762729, 2027418.084551537176594 ], [ 6036589.196391295641661, 2027473.469465512083843 ] ] ], [ [ [ 6031777.436080590821803, 2033923.276392744388431 ], [ 6031700.269990789704025, 2034027.322820254601538 ], [ 6031633.67381008900702, 2034138.43183522997424 ], [ 6031578.288896114565432, 2034255.53339711856097 ], [ 6031534.648635862395167, 2034377.499753864482045 ], [ 6031503.173308896832168, 2034503.156302778981626 ], [ 6031484.166039821691811, 2034631.292902605375275 ], [ 6031477.809879029169679, 2034760.675527840387076 ], [ 6031484.166039821691811, 2034890.058153075398877 ], [ 6031503.173308896832168, 2035018.194752901792526 ], [ 6031534.648635862395167, 2035143.851301816292107 ], [ 6031578.288896114565432, 2035265.817658562213182 ], [ 6031633.67381008900702, 2035382.919220450799912 ], [ 6031700.269990789704025, 2035494.028235426172614 ], [ 6031777.436080590821803, 2035598.074662936385721 ], [ 6031864.428927863016725, 2035694.05647900654003 ], [ 6031960.410743933171034, 2035781.049326279200613 ], [ 6032064.457171442918479, 2035858.21541607985273 ], [ 6032175.566186418756843, 2035924.811596780316904 ], [ 6032292.667748306877911, 2035980.196510755224153 ], [ 6032414.634105053730309, 2036023.836771006928757 ], [ 6032540.29065396822989, 2036055.312097972724587 ], [ 6032668.427253793925047, 2036074.319367047632113 ], [ 6032797.809879029169679, 2036080.675527840387076 ], [ 6032927.19250426441431, 2036074.319367047632113 ], [ 6033055.329104090109468, 2036055.312097972724587 ], [ 6033180.985653004609048, 2036023.836771006928757 ], [ 6033302.952009751461446, 2035980.196510755224153 ], [ 6033420.053571639582515, 2035924.811596780316904 ], [ 6033531.162586615420878, 2035858.21541607985273 ], [ 6033635.209014125168324, 2035781.049326279200613 ], [ 6033731.190830195322633, 2035694.05647900654003 ], [ 6033786.274409276433289, 2035633.281115035526454 ], [ 6033813.344802141189575, 2035617.055745966732502 ], [ 6033917.391229650937021, 2035539.889656166080385 ], [ 6034013.37304572109133, 2035452.896808893419802 ], [ 6034100.365892993286252, 2035356.914992823265493 ], [ 6034139.80126250628382, 2035303.742552364710718 ], [ 6034184.711323793046176, 2035263.038445456884801 ], [ 6034271.704171065241098, 2035167.056629386730492 ], [ 6034348.870260866358876, 2035063.010201876517385 ], [ 6034415.466441567055881, 2034951.901186901144683 ], [ 6034470.851355541497469, 2034834.799625012557954 ], [ 6034514.491615793667734, 2034712.833268266636878 ], [ 6034545.966942759230733, 2034587.176719352137297 ], [ 6034564.97421183437109, 2034459.040119525743648 ], [ 6034571.330372626893222, 2034329.657494290731847 ], [ 6034564.97421183437109, 2034200.274869055720046 ], [ 6034545.966942759230733, 2034072.138269229326397 ], [ 6034514.491615793667734, 2033946.481720314826816 ], [ 6034470.851355541497469, 2033824.515363568905741 ], [ 6034415.466441567055881, 2033707.413801680319011 ], [ 6034348.870260866358876, 2033596.304786704946309 ], [ 6034271.704171065241098, 2033492.258359194733202 ], [ 6034184.711323793046176, 2033396.276543124578893 ], [ 6034153.711790380068123, 2033368.180203774245456 ], [ 6034149.404087183997035, 2033363.427385712042451 ], [ 6034053.422271113842726, 2033276.434538439381868 ], [ 6033949.37584360409528, 2033199.268448638729751 ], [ 6033838.266828628256917, 2033132.672267938265577 ], [ 6033721.165266740135849, 2033077.287353963358328 ], [ 6033599.198909993283451, 2033033.647093711653724 ], [ 6033473.54236107878387, 2033002.171766745857894 ], [ 6033345.405761253088713, 2032983.164497670950368 ], [ 6033216.023136017844081, 2032976.808336878195405 ], [ 6033086.640510782599449, 2032983.164497670950368 ], [ 6032958.503910956904292, 2033002.171766745857894 ], [ 6032832.847362042404711, 2033033.647093711653724 ], [ 6032710.881005295552313, 2033077.287353963358328 ], [ 6032593.779443407431245, 2033132.672267938265577 ], [ 6032482.670428431592882, 2033199.268448638729751 ], [ 6032413.154718011617661, 2033250.824813246261328 ], [ 6032400.044615004211664, 2033258.682706587249413 ], [ 6032295.998187494464219, 2033335.84879638790153 ], [ 6032231.76766561716795, 2033394.063948056194931 ], [ 6032168.404119678772986, 2033441.057556515326723 ], [ 6032072.422303608618677, 2033528.050403787987307 ], [ 6031985.429456336423755, 2033624.032219858141616 ], [ 6031908.263366535305977, 2033728.078647368354723 ], [ 6031841.667185834608972, 2033839.187662343727425 ], [ 6031828.59030528832227, 2033866.836403249995783 ], [ 6031777.436080590821803, 2033923.276392744388431 ] ] ], [ [ [ 6081137.321316397748888, 2088119.419484753860161 ], [ 6081011.664767483249307, 2088150.894811719655991 ], [ 6080889.698410736396909, 2088194.535071971360594 ], [ 6080772.59684884827584, 2088249.919985946267843 ], [ 6080661.487833872437477, 2088316.516166646732017 ], [ 6080557.441406362690032, 2088393.682256447384134 ], [ 6080461.459590292535722, 2088480.675103720044717 ], [ 6080374.4667430203408, 2088576.656919790199026 ], [ 6080353.120350009761751, 2088605.439198880689219 ], [ 6080347.12535822018981, 2088612.053653026465327 ], [ 6080269.959268419072032, 2088716.100080536678433 ], [ 6080203.363087718375027, 2088827.209095512051135 ], [ 6080147.978173743933439, 2088944.310657400637865 ], [ 6080104.337913491763175, 2089066.27701414655894 ], [ 6080072.862586526200175, 2089191.933563061058521 ], [ 6080053.855317451059818, 2089320.07016288745217 ], [ 6080047.499156658537686, 2089449.452788122463971 ], [ 6080053.855317451059818, 2089578.835413357475773 ], [ 6080072.862586526200175, 2089706.972013183869421 ], [ 6080104.337913491763175, 2089832.628562098369002 ], [ 6080147.978173743933439, 2089954.594918844290078 ], [ 6080203.363087718375027, 2090071.696480732876807 ], [ 6080269.959268419072032, 2090182.805495708249509 ], [ 6080347.12535822018981, 2090286.851923218462616 ], [ 6080434.118205492384732, 2090382.833739288616925 ], [ 6080530.100021562539041, 2090469.826586561277509 ], [ 6080634.146449072286487, 2090546.992676361929625 ], [ 6080745.25546404812485, 2090613.588857062393799 ], [ 6080788.700433174148202, 2090634.1367971485015 ], [ 6080805.468287641182542, 2090644.187062343582511 ], [ 6080922.56984952930361, 2090699.57197631848976 ], [ 6081044.536206276156008, 2090743.212236570194364 ], [ 6081170.192755190655589, 2090774.687563535990193 ], [ 6081298.329355016350746, 2090793.69483261089772 ], [ 6081427.711980251595378, 2090800.050993403652683 ], [ 6081557.09460548684001, 2090793.69483261089772 ], [ 6081685.231205312535167, 2090774.687563535990193 ], [ 6081810.887754227034748, 2090743.212236570194364 ], [ 6081932.854110973887146, 2090699.57197631848976 ], [ 6082049.955672862008214, 2090644.187062343582511 ], [ 6082161.064687837846577, 2090577.590881643118337 ], [ 6082265.111115347594023, 2090500.42479184246622 ], [ 6082361.092931417748332, 2090413.431944569805637 ], [ 6082448.085778689943254, 2090317.450128499651328 ], [ 6082525.251868491061032, 2090213.403700989438221 ], [ 6082591.848049191758037, 2090102.294686014065519 ], [ 6082647.232963166199625, 2089985.193124125478789 ], [ 6082650.477094197645783, 2089976.126385283423588 ], [ 6082664.039622840471566, 2089947.450827748514712 ], [ 6082707.67988309264183, 2089825.484471002593637 ], [ 6082739.15521005820483, 2089699.827922088094056 ], [ 6082758.162479133345187, 2089571.691322261700407 ], [ 6082764.518639925867319, 2089442.308697026688606 ], [ 6082758.162479133345187, 2089312.926071791676804 ], [ 6082739.15521005820483, 2089184.789471965283155 ], [ 6082707.67988309264183, 2089059.132923050783575 ], [ 6082664.039622840471566, 2088937.166566304862499 ], [ 6082608.654708866029978, 2088820.065004416275769 ], [ 6082542.058528165332973, 2088708.955989440903068 ], [ 6082464.892438364215195, 2088604.909561930689961 ], [ 6082377.899591092020273, 2088508.927745860535651 ], [ 6082281.917775021865964, 2088421.934898587875068 ], [ 6082177.871347512118518, 2088344.768808787222952 ], [ 6082066.762332536280155, 2088278.172628086758777 ], [ 6082054.71235082205385, 2088272.473411185666919 ], [ 6082017.084234069101512, 2088249.919985946267843 ], [ 6081899.982672180980444, 2088194.535071971360594 ], [ 6081778.016315434128046, 2088150.894811719655991 ], [ 6081652.359766519628465, 2088119.419484753860161 ], [ 6081524.223166693933308, 2088100.412215678952634 ], [ 6081394.840541458688676, 2088094.056054886197671 ], [ 6081265.457916223444045, 2088100.412215678952634 ], [ 6081137.321316397748888, 2088119.419484753860161 ] ] ], [ [ [ 6071168.350745973177254, 2100073.985548649448901 ], [ 6071038.968120737932622, 2100067.629387856926769 ], [ 6070909.585495502687991, 2100073.985548649448901 ], [ 6070781.448895676992834, 2100092.992817724589258 ], [ 6070655.792346762493253, 2100124.468144690617919 ], [ 6070533.825990015640855, 2100168.108404941856861 ], [ 6070416.724428127519786, 2100223.493318917229772 ], [ 6070305.615413151681423, 2100290.089499617461115 ], [ 6070201.568985641933978, 2100367.255589418113232 ], [ 6070105.587169571779668, 2100454.248436690773815 ], [ 6070018.594322299584746, 2100550.230252760928124 ], [ 6069941.428232498466969, 2100654.276680271141231 ], [ 6069920.569342476315796, 2100689.077635813504457 ], [ 6069907.627626797184348, 2100706.527519379276782 ], [ 6069841.031446096487343, 2100817.636534354649484 ], [ 6069785.646532122045755, 2100934.738096243236214 ], [ 6069779.106992495246232, 2100953.014885117765516 ], [ 6069763.446617227979004, 2100986.125966673716903 ], [ 6069719.80635697580874, 2101108.092323419637978 ], [ 6069688.33103001024574, 2101233.748872334137559 ], [ 6069669.323760935105383, 2101361.885472160298377 ], [ 6069662.967600142583251, 2101491.268097395543009 ], [ 6069669.323760935105383, 2101620.650722630787641 ], [ 6069688.33103001024574, 2101748.787322456948459 ], [ 6069719.80635697580874, 2101874.44387137144804 ], [ 6069763.446617227979004, 2101996.410228117369115 ], [ 6069818.831531202420592, 2102113.511790005955845 ], [ 6069885.427711903117597, 2102224.620804981328547 ], [ 6069962.593801704235375, 2102328.667232491541654 ], [ 6070049.586648976430297, 2102424.649048561695963 ], [ 6070145.568465046584606, 2102511.641895834356546 ], [ 6070249.614892556332052, 2102588.807985635008663 ], [ 6070360.723907532170415, 2102655.404166335240006 ], [ 6070477.825469420291483, 2102710.789080310612917 ], [ 6070599.791826167143881, 2102754.429340561851859 ], [ 6070681.683592518791556, 2102774.942160180304199 ], [ 6070797.537644471973181, 2102816.395402805879712 ], [ 6070923.194193386472762, 2102847.870729771908373 ], [ 6071051.330793212167919, 2102866.87799884704873 ], [ 6071180.71341844741255, 2102873.234159639570862 ], [ 6071310.096043682657182, 2102866.87799884704873 ], [ 6071438.232643508352339, 2102847.870729771908373 ], [ 6071563.88919242285192, 2102816.395402805879712 ], [ 6071685.855549169704318, 2102772.75514255464077 ], [ 6071802.957111057825387, 2102717.370228579267859 ], [ 6071914.06612603366375, 2102650.774047879036516 ], [ 6072018.112553543411195, 2102573.607958078384399 ], [ 6072114.094369613565505, 2102486.615110805723816 ], [ 6072201.087216885760427, 2102390.633294735569507 ], [ 6072278.253306686878204, 2102286.5868672253564 ], [ 6072344.849487387575209, 2102175.477852249983698 ], [ 6072400.234401362016797, 2102058.376290361396968 ], [ 6072443.874661614187062, 2101936.409933615475893 ], [ 6072475.349988579750061, 2101810.753384700976312 ], [ 6072494.357257654890418, 2101682.616784874815494 ], [ 6072500.71341844741255, 2101553.234159639570862 ], [ 6072494.357257654890418, 2101423.85153440432623 ], [ 6072475.349988579750061, 2101295.714934578165412 ], [ 6072443.874661614187062, 2101170.058385663665831 ], [ 6072423.213377709500492, 2101112.313965512439609 ], [ 6072413.186991507187486, 2101072.286388048902154 ], [ 6072369.546731255017221, 2100950.320031302981079 ], [ 6072314.161817280575633, 2100833.218469414394349 ], [ 6072247.565636579878628, 2100722.109454439021647 ], [ 6072170.39954677876085, 2100618.06302692880854 ], [ 6072083.406699506565928, 2100522.081210858654231 ], [ 6071987.424883436411619, 2100435.088363585993648 ], [ 6071883.378455926664174, 2100357.922273785341531 ], [ 6071781.228972643613815, 2100296.696229718625546 ], [ 6071772.320828324183822, 2100290.089499617461115 ], [ 6071661.211813348345459, 2100223.493318917229772 ], [ 6071544.11025146022439, 2100168.108404941856861 ], [ 6071422.143894713371992, 2100124.468144690617919 ], [ 6071296.487345798872411, 2100092.992817724589258 ], [ 6071168.350745973177254, 2100073.985548649448901 ] ] ], [ [ [ 6063694.431220522150397, 2107823.956874520983547 ], [ 6063566.29462069645524, 2107804.94960544584319 ], [ 6063436.911995461210608, 2107798.593444653321058 ], [ 6063307.529370225965977, 2107804.94960544584319 ], [ 6063179.39277040027082, 2107823.956874520983547 ], [ 6063053.736221485771239, 2107855.432201487012208 ], [ 6062931.769864738918841, 2107899.07246173825115 ], [ 6062814.668302850797772, 2107954.45737571362406 ], [ 6062703.559287874959409, 2108021.053556413855404 ], [ 6062618.18148747086525, 2108084.374048723839223 ], [ 6062586.555977620184422, 2108103.329649843741208 ], [ 6062482.509550110436976, 2108180.495739644393325 ], [ 6062463.641576500609517, 2108197.596674111206084 ], [ 6062411.272790711373091, 2108236.436012699268758 ], [ 6062315.290974641218781, 2108323.428859971929342 ], [ 6062228.29812736902386, 2108419.410676042083651 ], [ 6062151.132037567906082, 2108523.457103552296758 ], [ 6062084.535856867209077, 2108634.56611852766946 ], [ 6062029.150942892767489, 2108751.667680416256189 ], [ 6061985.510682640597224, 2108873.634037162177265 ], [ 6061954.035355675034225, 2108999.290586076676846 ], [ 6061935.028086599893868, 2109127.427185902837664 ], [ 6061928.671925807371736, 2109256.809811138082296 ], [ 6061929.163821678608656, 2109266.822581628803164 ], [ 6061928.940313882194459, 2109271.372187351807952 ], [ 6061935.296474674716592, 2109400.754812587052584 ], [ 6061954.303743749856949, 2109528.891412413213402 ], [ 6061985.779070715419948, 2109654.547961327712983 ], [ 6062029.419330967590213, 2109776.514318073634058 ], [ 6062084.804244942031801, 2109893.615879962220788 ], [ 6062151.400425642728806, 2110004.72489493759349 ], [ 6062228.566515443846583, 2110108.771322447806597 ], [ 6062315.559362716041505, 2110204.753138517960906 ], [ 6062411.541178786195815, 2110291.745985790621489 ], [ 6062515.58760629594326, 2110368.912075591273606 ], [ 6062626.696621271781623, 2110435.508256291504949 ], [ 6062743.798183159902692, 2110490.89317026687786 ], [ 6062865.76453990675509, 2110534.533430518116802 ], [ 6062991.421088821254671, 2110566.008757484145463 ], [ 6063034.580968305468559, 2110572.410920829512179 ], [ 6063034.901088683865964, 2110572.491106810048223 ], [ 6063163.037688509561121, 2110591.49837588518858 ], [ 6063292.420313744805753, 2110597.854536677710712 ], [ 6063421.802938980050385, 2110591.49837588518858 ], [ 6063549.939538805745542, 2110572.491106810048223 ], [ 6063601.012814701534808, 2110559.697917183861136 ], [ 6063621.914225541986525, 2110556.597485765814781 ], [ 6063747.570774456486106, 2110525.122158799786121 ], [ 6063869.537131203338504, 2110481.481898548547179 ], [ 6063986.638693091459572, 2110426.096984573174268 ], [ 6064097.747708067297935, 2110359.500803872942924 ], [ 6064201.794135577045381, 2110282.334714072290808 ], [ 6064270.046009524725378, 2110220.47482133936137 ], [ 6064307.104248752817512, 2110192.990557971876115 ], [ 6064403.086064822971821, 2110105.997710699215531 ], [ 6064490.078912095166743, 2110010.015894629061222 ], [ 6064567.245001896284521, 2109905.969467118848115 ], [ 6064633.841182596981525, 2109794.860452143475413 ], [ 6064689.226096571423113, 2109677.758890254888684 ], [ 6064732.866356823593378, 2109555.792533508967608 ], [ 6064764.341683789156377, 2109430.135984594468027 ], [ 6064783.348952864296734, 2109301.999384768307209 ], [ 6064789.705113656818867, 2109172.616759533062577 ], [ 6064783.348952864296734, 2109043.234134297817945 ], [ 6064764.341683789156377, 2108915.097534471657127 ], [ 6064732.866356823593378, 2108789.440985557157546 ], [ 6064689.226096571423113, 2108667.474628811236471 ], [ 6064633.841182596981525, 2108550.373066922649741 ], [ 6064567.245001896284521, 2108439.264051947277039 ], [ 6064565.093194120563567, 2108436.362675030250102 ], [ 6064534.451883700676262, 2108385.24073706753552 ], [ 6064457.285793899558485, 2108281.194309557322413 ], [ 6064370.292946627363563, 2108185.212493487168103 ], [ 6064274.311130557209253, 2108098.21964621450752 ], [ 6064170.264703047461808, 2108021.053556413855404 ], [ 6064059.155688071623445, 2107954.45737571362406 ], [ 6063942.054126183502376, 2107899.07246173825115 ], [ 6063820.087769436649978, 2107855.432201487012208 ], [ 6063694.431220522150397, 2107823.956874520983547 ] ] ], [ [ [ 6052066.385571903549135, 2116237.788328484166414 ], [ 6051940.729022989049554, 2116206.313001518137753 ], [ 6051812.592423163354397, 2116187.305732442997396 ], [ 6051683.209797928109765, 2116180.949571650475264 ], [ 6051553.827172692865133, 2116187.305732442997396 ], [ 6051444.799016426317394, 2116203.478531672619283 ], [ 6051429.881944796070457, 2116204.211360409390181 ], [ 6051301.745344970375299, 2116223.218629484530538 ], [ 6051176.088796055875719, 2116254.693956450559199 ], [ 6051054.122439309023321, 2116298.334216701798141 ], [ 6050937.020877420902252, 2116353.719130677171052 ], [ 6050825.911862445063889, 2116420.315311377402395 ], [ 6050721.865434935316443, 2116497.481401178054512 ], [ 6050625.883618865162134, 2116584.474248450715095 ], [ 6050538.890771592967212, 2116680.456064520869404 ], [ 6050461.724681791849434, 2116784.502492031082511 ], [ 6050395.12850109115243, 2116895.611507006455213 ], [ 6050339.743587116710842, 2117012.713068895041943 ], [ 6050296.103326864540577, 2117134.679425640963018 ], [ 6050264.627999898977578, 2117260.335974555462599 ], [ 6050245.620730823837221, 2117388.472574381623417 ], [ 6050239.264570031315088, 2117517.855199616868049 ], [ 6050245.620730823837221, 2117647.237824852112681 ], [ 6050263.489763149060309, 2117767.701055802870542 ], [ 6050266.319387963041663, 2117825.299392096232623 ], [ 6050285.32665703818202, 2117953.435991922393441 ], [ 6050316.801984003745019, 2118079.092540836893022 ], [ 6050360.442244255915284, 2118201.058897582814097 ], [ 6050415.827158230356872, 2118318.160459471400827 ], [ 6050482.423338931053877, 2118429.269474446773529 ], [ 6050501.235362494364381, 2118454.634551918134093 ], [ 6050399.279797845520079, 2118379.019151700660586 ], [ 6050288.170782869681716, 2118312.422971000429243 ], [ 6050171.069220981560647, 2118257.038057025056332 ], [ 6050049.10286423470825, 2118213.39779677381739 ], [ 6049923.446315320208669, 2118181.92246980778873 ], [ 6049795.309715494513512, 2118162.915200732648373 ], [ 6049665.92709025926888, 2118156.55903994012624 ], [ 6049536.544465024024248, 2118162.915200732648373 ], [ 6049408.407865198329091, 2118181.92246980778873 ], [ 6049282.75131628382951, 2118213.39779677381739 ], [ 6049160.784959536977112, 2118257.038057025056332 ], [ 6049043.683397648856044, 2118312.422971000429243 ], [ 6049020.788809073157609, 2118326.145459298510104 ], [ 6048977.865658843889832, 2118346.446597427595407 ], [ 6048866.756643868051469, 2118413.04277812782675 ], [ 6048762.710216358304024, 2118490.208867928478867 ], [ 6048666.728400288149714, 2118577.20171520113945 ], [ 6048579.735553015954792, 2118673.183531271293759 ], [ 6048502.569463214837015, 2118777.229958781506866 ], [ 6048435.97328251414001, 2118888.338973756879568 ], [ 6048380.588368539698422, 2119005.440535645466298 ], [ 6048336.948108287528157, 2119127.406892391387373 ], [ 6048305.472781321965158, 2119253.063441305886954 ], [ 6048286.465512246824801, 2119381.200041132047772 ], [ 6048280.109351454302669, 2119510.582666367292404 ], [ 6048286.465512246824801, 2119639.965291602537036 ], [ 6048305.472781321965158, 2119768.101891428697854 ], [ 6048336.948108287528157, 2119893.758440343197435 ], [ 6048380.588368539698422, 2120015.72479708911851 ], [ 6048435.97328251414001, 2120132.82635897770524 ], [ 6048496.297670922242105, 2120233.471520674880594 ], [ 6048499.651092007756233, 2120256.078449317254126 ], [ 6048531.126418973319232, 2120381.734998231753707 ], [ 6048574.766679225489497, 2120503.701354977674782 ], [ 6048630.151593199931085, 2120620.802916866261512 ], [ 6048689.581834244541824, 2120719.956283812876791 ], [ 6048690.768069550395012, 2120724.692000612616539 ], [ 6048734.408329802565277, 2120846.658357358537614 ], [ 6048789.793243777006865, 2120963.759919247124344 ], [ 6048856.389424477703869, 2121074.868934222497046 ], [ 6048933.555514278821647, 2121178.915361732710153 ], [ 6049020.548361551016569, 2121274.897177802864462 ], [ 6049092.043039458803833, 2121339.696176724974066 ], [ 6049093.668890081346035, 2121372.791126429568976 ], [ 6049112.676159156486392, 2121500.927726255729795 ], [ 6049144.151486122049391, 2121626.584275170229375 ], [ 6049187.791746374219656, 2121748.550631916150451 ], [ 6049243.176660348661244, 2121865.65219380473718 ], [ 6049309.772841049358249, 2121976.761208780109882 ], [ 6049386.938930850476027, 2122080.807636290322989 ], [ 6049473.931778122670949, 2122176.789452360477298 ], [ 6049548.719329239800572, 2122244.572937593329698 ], [ 6049568.039629348553717, 2122298.569559105671942 ], [ 6049623.424543322995305, 2122415.671120994258672 ], [ 6049690.02072402369231, 2122526.780135969631374 ], [ 6049767.186813824810088, 2122630.826563479844481 ], [ 6049854.17966109700501, 2122726.80837954999879 ], [ 6049950.161477167159319, 2122813.801226822659373 ], [ 6050054.207904676906765, 2122890.96731662331149 ], [ 6050165.316919652745128, 2122957.563497323542833 ], [ 6050282.418481540866196, 2123012.948411298915744 ], [ 6050404.384838287718594, 2123056.588671550154686 ], [ 6050530.041387202218175, 2123088.063998516183347 ], [ 6050553.066384530626237, 2123091.479434233158827 ], [ 6050607.671893863007426, 2123111.017597887199372 ], [ 6050733.328442777507007, 2123142.492924853228033 ], [ 6050861.465042603202164, 2123161.50019392836839 ], [ 6050990.847667838446796, 2123167.856354720890522 ], [ 6051120.230293073691428, 2123161.50019392836839 ], [ 6051248.366892899386585, 2123142.492924853228033 ], [ 6051374.023441813886166, 2123111.017597887199372 ], [ 6051495.989798560738564, 2123067.37733763596043 ], [ 6051613.091360448859632, 2123011.992423660587519 ], [ 6051724.200375424697995, 2122945.396242960356176 ], [ 6051828.246802934445441, 2122868.230153159704059 ], [ 6051924.22861900459975, 2122781.237305887043476 ], [ 6052011.221466276794672, 2122685.255489816889167 ], [ 6052088.38755607791245, 2122581.20906230667606 ], [ 6052154.983736778609455, 2122470.100047331303358 ], [ 6052210.368650753051043, 2122352.998485442716628 ], [ 6052254.008911005221307, 2122231.032128696795553 ], [ 6052285.484237970784307, 2122105.375579782295972 ], [ 6052304.491507045924664, 2121977.238979956135154 ], [ 6052310.847667838446796, 2121847.856354720890522 ], [ 6052304.491507045924664, 2121718.47372948564589 ], [ 6052285.484237970784307, 2121590.337129659485072 ], [ 6052254.008911005221307, 2121464.680580744985491 ], [ 6052210.368650753051043, 2121342.714223999064416 ], [ 6052154.983736778609455, 2121225.612662110477686 ], [ 6052088.38755607791245, 2121114.503647135104984 ], [ 6052011.221466276794672, 2121010.457219624891877 ], [ 6051924.22861900459975, 2120914.475403554737568 ], [ 6051848.927641935646534, 2120846.226576163433492 ], [ 6051836.246797787025571, 2120810.785990972071886 ], [ 6051780.861883812583983, 2120693.684429083485156 ], [ 6051724.692878842353821, 2120599.972105813212693 ], [ 6051716.23454229068011, 2120576.332638784777373 ], [ 6051660.849628316238523, 2120459.231076896190643 ], [ 6051594.253447615541518, 2120348.122061920817941 ], [ 6051517.08735781442374, 2120244.075634410604835 ], [ 6051430.094510542228818, 2120148.093818340450525 ], [ 6051426.06833001319319, 2120144.444701015949249 ], [ 6051426.189783211797476, 2120141.972464358899742 ], [ 6051419.833622419275343, 2120012.589839123655111 ], [ 6051400.826353344134986, 2119884.453239297494292 ], [ 6051369.351026378571987, 2119758.796690382994711 ], [ 6051325.710766126401722, 2119636.830333637073636 ], [ 6051270.325852151960135, 2119519.728771748486906 ], [ 6051203.72967145126313, 2119408.619756773114204 ], [ 6051126.563581650145352, 2119304.573329262901098 ], [ 6051039.57073437795043, 2119208.591513192746788 ], [ 6050979.415604192763567, 2119154.070081247482449 ], [ 6050925.587979705072939, 2119064.264115313999355 ], [ 6050912.220033867284656, 2119046.239526907913387 ], [ 6050885.448073173873127, 2118971.416909218300134 ], [ 6050830.063159199431539, 2118854.315347329713404 ], [ 6050763.466978498734534, 2118743.206332354340702 ], [ 6050744.65495493542403, 2118717.841254882980138 ], [ 6050846.610519584268332, 2118793.456655100453645 ], [ 6050957.719534560106695, 2118860.052835800684988 ], [ 6051074.821096448227763, 2118915.437749776057899 ], [ 6051196.787453195080161, 2118959.078010027296841 ], [ 6051322.444002109579742, 2118990.553336993325502 ], [ 6051450.580601935274899, 2119009.560606068465859 ], [ 6051579.963227170519531, 2119015.916766860987991 ], [ 6051709.345852405764163, 2119009.560606068465859 ], [ 6051837.48245223145932, 2118990.553336993325502 ], [ 6051963.1390011459589, 2118959.078010027296841 ], [ 6052085.105357892811298, 2118915.437749776057899 ], [ 6052161.005070279352367, 2118879.539859316777438 ], [ 6052163.914440090768039, 2118878.811100116465241 ], [ 6052285.880796837620437, 2118835.170839865226299 ], [ 6052402.982358725741506, 2118779.785925889853388 ], [ 6052514.091373701579869, 2118713.189745189622045 ], [ 6052618.137801211327314, 2118636.023655388969928 ], [ 6052714.119617281481624, 2118549.030808116309345 ], [ 6052801.112464553676546, 2118453.048992046155035 ], [ 6052878.278554354794323, 2118349.002564535941929 ], [ 6052944.874735055491328, 2118237.893549560569227 ], [ 6053000.259649029932916, 2118120.791987671982497 ], [ 6053043.899909282103181, 2117998.825630926061422 ], [ 6053075.37523624766618, 2117873.169082011561841 ], [ 6053094.382505322806537, 2117745.032482185401022 ], [ 6053100.73866611532867, 2117615.649856950156391 ], [ 6053094.382505322806537, 2117486.267231714911759 ], [ 6053075.37523624766618, 2117358.130631888750941 ], [ 6053043.899909282103181, 2117232.47408297425136 ], [ 6053000.259649029932916, 2117110.507726228330284 ], [ 6052944.874735055491328, 2116993.406164339743555 ], [ 6052878.278554354794323, 2116882.297149364370853 ], [ 6052801.112464553676546, 2116778.250721854157746 ], [ 6052732.536077986471355, 2116702.588338926434517 ], [ 6052703.583596366457641, 2116663.550436554476619 ], [ 6052616.590749094262719, 2116567.568620484322309 ], [ 6052520.60893302410841, 2116480.575773211661726 ], [ 6052416.562505514360964, 2116403.40968341100961 ], [ 6052305.453490538522601, 2116336.813502710778266 ], [ 6052188.351928650401533, 2116281.428588735405356 ], [ 6052066.385571903549135, 2116237.788328484166414 ] ] ], [ [ [ 6043627.136356446892023, 2119349.877650764770806 ], [ 6043510.034794558770955, 2119294.492736789397895 ], [ 6043388.068437811918557, 2119250.852476538158953 ], [ 6043262.411888897418976, 2119219.377149572130293 ], [ 6043134.275289071723819, 2119200.369880496989936 ], [ 6043004.892663836479187, 2119194.013719704467803 ], [ 6042875.510038601234555, 2119200.369880496989936 ], [ 6042747.373438775539398, 2119219.377149572130293 ], [ 6042621.716889861039817, 2119250.852476538158953 ], [ 6042499.750533114187419, 2119294.492736789397895 ], [ 6042382.648971226066351, 2119349.877650764770806 ], [ 6042271.539956250227988, 2119416.473831465002149 ], [ 6042167.493528740480542, 2119493.639921265654266 ], [ 6042071.511712670326233, 2119580.632768538314849 ], [ 6041984.518865398131311, 2119676.614584608469158 ], [ 6041907.352775597013533, 2119780.661012118682265 ], [ 6041840.756594896316528, 2119891.770027094054967 ], [ 6041785.37168092187494, 2120008.871588982641697 ], [ 6041741.731420669704676, 2120130.837945728562772 ], [ 6041710.256093704141676, 2120256.494494643062353 ], [ 6041691.248824629001319, 2120384.631094469223171 ], [ 6041684.892663836479187, 2120514.013719704467803 ], [ 6041691.248824629001319, 2120643.396344939712435 ], [ 6041710.256093704141676, 2120771.532944765873253 ], [ 6041741.731420669704676, 2120897.189493680372834 ], [ 6041785.37168092187494, 2121019.15585042629391 ], [ 6041840.756594896316528, 2121136.257412314880639 ], [ 6041855.47603256534785, 2121160.81531042791903 ], [ 6041867.731068130582571, 2121186.726406116969883 ], [ 6041934.327248831279576, 2121297.835421092342585 ], [ 6042011.493338632397354, 2121401.881848602555692 ], [ 6042098.486185904592276, 2121497.863664672710001 ], [ 6042194.468001974746585, 2121584.856511945370585 ], [ 6042298.51442948449403, 2121662.022601746022701 ], [ 6042409.623444460332394, 2121728.618782446254045 ], [ 6042526.725006348453462, 2121784.003696421626955 ], [ 6042648.69136309530586, 2121827.643956672865897 ], [ 6042774.347912009805441, 2121859.119283638894558 ], [ 6042902.484511835500598, 2121878.126552714034915 ], [ 6043031.86713707074523, 2121884.482713506557047 ], [ 6043161.249762305989861, 2121878.126552714034915 ], [ 6043289.386362131685019, 2121859.119283638894558 ], [ 6043415.042911046184599, 2121827.643956672865897 ], [ 6043537.009267793036997, 2121784.003696421626955 ], [ 6043654.110829681158066, 2121728.618782446254045 ], [ 6043765.219844656996429, 2121662.022601746022701 ], [ 6043869.266272166743875, 2121584.856511945370585 ], [ 6043965.248088236898184, 2121497.863664672710001 ], [ 6044052.240935509093106, 2121401.881848602555692 ], [ 6044129.407025310210884, 2121297.835421092342585 ], [ 6044196.003206010907888, 2121186.726406116969883 ], [ 6044251.388119985349476, 2121069.624844228383154 ], [ 6044295.028380237519741, 2120947.658487482462078 ], [ 6044326.50370720308274, 2120822.001938567962497 ], [ 6044345.510976278223097, 2120693.865338741801679 ], [ 6044351.86713707074523, 2120564.482713506557047 ], [ 6044345.510976278223097, 2120435.100088271312416 ], [ 6044326.50370720308274, 2120306.963488445151597 ], [ 6044295.028380237519741, 2120181.306939530652016 ], [ 6044251.388119985349476, 2120059.340582784730941 ], [ 6044196.003206010907888, 2119942.239020896144211 ], [ 6044181.283768341876566, 2119917.68112278310582 ], [ 6044169.028732776641846, 2119891.770027094054967 ], [ 6044102.432552075944841, 2119780.661012118682265 ], [ 6044025.266462274827063, 2119676.614584608469158 ], [ 6043938.273615002632141, 2119580.632768538314849 ], [ 6043842.291798932477832, 2119493.639921265654266 ], [ 6043738.245371422730386, 2119416.473831465002149 ], [ 6043627.136356446892023, 2119349.877650764770806 ] ] ], [ [ [ 6052509.618858645670116, 2128426.748312880285084 ], [ 6052432.452768844552338, 2128322.701885370071977 ], [ 6052345.459921572357416, 2128226.720069299917668 ], [ 6052249.478105502203107, 2128139.727222027257085 ], [ 6052145.431677992455661, 2128062.561132226604968 ], [ 6052034.322663016617298, 2127995.964951526373625 ], [ 6051917.22110112849623, 2127940.580037551000714 ], [ 6051795.254744381643832, 2127896.939777299761772 ], [ 6051669.598195467144251, 2127865.464450333733112 ], [ 6051541.461595641449094, 2127846.457181258592755 ], [ 6051412.078970406204462, 2127840.101020466070622 ], [ 6051282.69634517095983, 2127846.457181258592755 ], [ 6051154.559745345264673, 2127865.464450333733112 ], [ 6051028.903196430765092, 2127896.939777299761772 ], [ 6050906.936839683912694, 2127940.580037551000714 ], [ 6050789.835277795791626, 2127995.964951526373625 ], [ 6050678.726262819953263, 2128062.561132226604968 ], [ 6050574.679835310205817, 2128139.727222027257085 ], [ 6050478.698019240051508, 2128226.720069299917668 ], [ 6050391.705171967856586, 2128322.701885370071977 ], [ 6050314.539082166738808, 2128426.748312880285084 ], [ 6050247.942901466041803, 2128537.857327855657786 ], [ 6050192.557987491600215, 2128654.958889744244516 ], [ 6050148.917727239429951, 2128776.925246490165591 ], [ 6050117.442400273866951, 2128902.581795404665172 ], [ 6050098.435131198726594, 2129030.71839523082599 ], [ 6050092.078970406204462, 2129160.101020466070622 ], [ 6050098.435131198726594, 2129289.483645701315254 ], [ 6050117.442400273866951, 2129417.620245527476072 ], [ 6050148.917727239429951, 2129543.276794441975653 ], [ 6050192.557987491600215, 2129665.243151187896729 ], [ 6050247.942901466041803, 2129782.344713076483458 ], [ 6050314.539082166738808, 2129893.45372805185616 ], [ 6050391.705171967856586, 2129997.500155562069267 ], [ 6050478.698019240051508, 2130093.481971632223576 ], [ 6050574.679835310205817, 2130180.47481890488416 ], [ 6050678.726262819953263, 2130257.640908705536276 ], [ 6050789.835277795791626, 2130324.23708940576762 ], [ 6050906.936839683912694, 2130379.62200338114053 ], [ 6051028.903196430765092, 2130423.262263632379472 ], [ 6051154.559745345264673, 2130454.737590598408133 ], [ 6051282.69634517095983, 2130473.74485967354849 ], [ 6051412.078970406204462, 2130480.101020466070622 ], [ 6051541.461595641449094, 2130473.74485967354849 ], [ 6051669.598195467144251, 2130454.737590598408133 ], [ 6051795.254744381643832, 2130423.262263632379472 ], [ 6051917.22110112849623, 2130379.62200338114053 ], [ 6052034.322663016617298, 2130324.23708940576762 ], [ 6052145.431677992455661, 2130257.640908705536276 ], [ 6052249.478105502203107, 2130180.47481890488416 ], [ 6052345.459921572357416, 2130093.481971632223576 ], [ 6052432.452768844552338, 2129997.500155562069267 ], [ 6052509.618858645670116, 2129893.45372805185616 ], [ 6052576.215039346367121, 2129782.344713076483458 ], [ 6052631.599953320808709, 2129665.243151187896729 ], [ 6052675.240213572978973, 2129543.276794441975653 ], [ 6052706.715540538541973, 2129417.620245527476072 ], [ 6052725.72280961368233, 2129289.483645701315254 ], [ 6052732.078970406204462, 2129160.101020466070622 ], [ 6052725.72280961368233, 2129030.71839523082599 ], [ 6052706.715540538541973, 2128902.581795404665172 ], [ 6052675.240213572978973, 2128776.925246490165591 ], [ 6052631.599953320808709, 2128654.958889744244516 ], [ 6052576.215039346367121, 2128537.857327855657786 ], [ 6052509.618858645670116, 2128426.748312880285084 ] ] ], [ [ [ 6056990.274428006261587, 2133856.465057768393308 ], [ 6056903.281580734066665, 2133760.483241698238999 ], [ 6056807.299764663912356, 2133673.490394425578415 ], [ 6056703.25333715416491, 2133596.324304624926299 ], [ 6056592.144322178326547, 2133529.728123924694955 ], [ 6056475.042760290205479, 2133474.343209949322045 ], [ 6056353.076403543353081, 2133430.702949698083103 ], [ 6056227.4198546288535, 2133399.227622732054442 ], [ 6056099.283254803158343, 2133380.220353656914085 ], [ 6055969.900629567913711, 2133373.864192864391953 ], [ 6055840.518004332669079, 2133380.220353656914085 ], [ 6055712.381404506973922, 2133399.227622732054442 ], [ 6055586.724855592474341, 2133430.702949698083103 ], [ 6055514.229775920510292, 2133456.642103971447796 ], [ 6055447.080546640790999, 2133473.462110293097794 ], [ 6055325.114189893938601, 2133517.102370544336736 ], [ 6055208.012628005817533, 2133572.487284519709647 ], [ 6055096.903613029979169, 2133639.08346521994099 ], [ 6054992.857185520231724, 2133716.249555020593107 ], [ 6054896.875369450077415, 2133803.24240229325369 ], [ 6054809.882522177882493, 2133899.224218363407999 ], [ 6054732.716432376764715, 2134003.270645873621106 ], [ 6054666.12025167606771, 2134114.379660848993808 ], [ 6054610.735337701626122, 2134231.481222737580538 ], [ 6054567.095077449455857, 2134353.447579483501613 ], [ 6054535.619750483892858, 2134479.104128398001194 ], [ 6054516.612481408752501, 2134607.240728224162012 ], [ 6054510.256320616230369, 2134736.623353459406644 ], [ 6054516.612481408752501, 2134866.005978694651276 ], [ 6054535.619750483892858, 2134994.142578520812094 ], [ 6054567.095077449455857, 2135119.799127435311675 ], [ 6054610.735337701626122, 2135241.76548418123275 ], [ 6054666.12025167606771, 2135358.86704606981948 ], [ 6054732.716432376764715, 2135469.976061045192182 ], [ 6054809.882522177882493, 2135574.022488555405289 ], [ 6054896.875369450077415, 2135670.004304625559598 ], [ 6054992.857185520231724, 2135756.997151898220181 ], [ 6055096.903613029979169, 2135834.163241698872298 ], [ 6055208.012628005817533, 2135900.759422399103642 ], [ 6055325.114189893938601, 2135956.144336374476552 ], [ 6055447.080546640790999, 2135999.784596625715494 ], [ 6055572.73709555529058, 2136031.259923591744155 ], [ 6055700.873695380985737, 2136050.267192666884512 ], [ 6055830.256320616230369, 2136056.623353459406644 ], [ 6055959.638945851475, 2136050.267192666884512 ], [ 6056087.775545677170157, 2136031.259923591744155 ], [ 6056213.432094591669738, 2135999.784596625715494 ], [ 6056285.927174263633788, 2135973.845442352350801 ], [ 6056353.076403543353081, 2135957.025436030700803 ], [ 6056475.042760290205479, 2135913.385175779461861 ], [ 6056592.144322178326547, 2135858.00026180408895 ], [ 6056703.25333715416491, 2135791.404081103857607 ], [ 6056807.299764663912356, 2135714.23799130320549 ], [ 6056903.281580734066665, 2135627.245144030544907 ], [ 6056990.274428006261587, 2135531.263327960390598 ], [ 6057067.440517807379365, 2135427.216900450177491 ], [ 6057134.03669850807637, 2135316.107885474804789 ], [ 6057189.421612482517958, 2135199.006323586218059 ], [ 6057233.061872734688222, 2135077.039966840296984 ], [ 6057264.537199700251222, 2134951.383417925797403 ], [ 6057283.544468775391579, 2134823.246818099636585 ], [ 6057289.900629567913711, 2134693.864192864391953 ], [ 6057283.544468775391579, 2134564.481567629147321 ], [ 6057264.537199700251222, 2134436.344967802986503 ], [ 6057233.061872734688222, 2134310.688418888486922 ], [ 6057189.421612482517958, 2134188.722062142565846 ], [ 6057134.03669850807637, 2134071.620500253979117 ], [ 6057067.440517807379365, 2133960.511485278606415 ], [ 6056990.274428006261587, 2133856.465057768393308 ] ] ], [ [ [ 6051485.986524756997824, 2136571.59169480483979 ], [ 6051374.877509781159461, 2136504.995514104608446 ], [ 6051257.775947893038392, 2136449.610600129235536 ], [ 6051135.809591146185994, 2136405.970339877996594 ], [ 6051010.153042231686413, 2136374.495012911967933 ], [ 6050882.016442405991256, 2136355.487743836827576 ], [ 6050752.633817170746624, 2136349.131583044305444 ], [ 6050623.251191935501993, 2136355.487743836827576 ], [ 6050495.114592109806836, 2136374.495012911967933 ], [ 6050369.458043195307255, 2136405.970339877996594 ], [ 6050247.491686448454857, 2136449.610600129235536 ], [ 6050130.390124560333788, 2136504.995514104608446 ], [ 6050019.281109584495425, 2136571.59169480483979 ], [ 6049915.23468207474798, 2136648.757784605491906 ], [ 6049819.25286600459367, 2136735.75063187815249 ], [ 6049732.260018732398748, 2136831.732447948306799 ], [ 6049655.093928931280971, 2136935.778875458519906 ], [ 6049637.788471669889987, 2136964.651286604814231 ], [ 6049566.357816530391574, 2137060.964375698473305 ], [ 6049499.761635829694569, 2137172.073390673846006 ], [ 6049494.773533540777862, 2137182.61984686460346 ], [ 6049482.971029862761497, 2137202.311134625226259 ], [ 6049427.58611588831991, 2137319.412696513812989 ], [ 6049383.945855636149645, 2137441.379053259734064 ], [ 6049352.470528670586646, 2137567.035602174233645 ], [ 6049333.463259595446289, 2137695.172202000394464 ], [ 6049327.107098802924156, 2137824.554827235639095 ], [ 6049333.463259595446289, 2137953.937452470883727 ], [ 6049352.470528670586646, 2138082.074052297044545 ], [ 6049383.945855636149645, 2138207.730601211544126 ], [ 6049405.252170514315367, 2138267.277762165758759 ], [ 6049417.820766891352832, 2138317.454411552753299 ], [ 6049451.043554835952818, 2138410.305883635766804 ], [ 6049454.4629200194031, 2138423.956754648126662 ], [ 6049498.103180271573365, 2138545.923111394047737 ], [ 6049553.488094246014953, 2138663.024673282634467 ], [ 6049620.084274946711957, 2138774.133688258007169 ], [ 6049697.250364747829735, 2138878.180115768220276 ], [ 6049784.243212020024657, 2138974.161931838374585 ], [ 6049880.225028090178967, 2139061.154779111035168 ], [ 6049984.271455599926412, 2139138.320868911687285 ], [ 6050095.380470575764775, 2139204.917049611918628 ], [ 6050212.482032463885844, 2139260.301963587291539 ], [ 6050334.448389210738242, 2139303.942223838530481 ], [ 6050460.104938125237823, 2139335.417550804559141 ], [ 6050588.24153795093298, 2139354.424819879699498 ], [ 6050717.624163186177611, 2139360.780980672221631 ], [ 6050847.006788421422243, 2139354.424819879699498 ], [ 6050975.1433882471174, 2139335.417550804559141 ], [ 6051100.799937161616981, 2139303.942223838530481 ], [ 6051222.766293908469379, 2139260.301963587291539 ], [ 6051339.867855796590447, 2139204.917049611918628 ], [ 6051450.976870772428811, 2139138.320868911687285 ], [ 6051555.023298282176256, 2139061.154779111035168 ], [ 6051651.005114352330565, 2138974.161931838374585 ], [ 6051737.997961624525487, 2138878.180115768220276 ], [ 6051815.164051425643265, 2138774.133688258007169 ], [ 6051823.660759736783803, 2138759.957786862272769 ], [ 6051830.336386204697192, 2138750.956746545154601 ], [ 6051896.932566905394197, 2138639.847731569781899 ], [ 6051952.317480879835784, 2138522.74616968119517 ], [ 6051995.957741132006049, 2138400.779812935274094 ], [ 6052027.433068097569048, 2138275.123264020774513 ], [ 6052030.772968132048845, 2138252.607486899010837 ], [ 6052055.800622697919607, 2138182.659878253936768 ], [ 6052087.275949663482606, 2138057.003329339437187 ], [ 6052106.283218738622963, 2137928.866729513276368 ], [ 6052112.639379531145096, 2137799.484104278031737 ], [ 6052106.283218738622963, 2137670.101479042787105 ], [ 6052087.275949663482606, 2137541.964879216626287 ], [ 6052055.800622697919607, 2137416.308330302126706 ], [ 6052031.282194165512919, 2137347.783913079183549 ], [ 6052015.795060337521136, 2137285.955809068400413 ], [ 6051972.154800085350871, 2137163.989452322479337 ], [ 6051916.769886110909283, 2137046.887890433892608 ], [ 6051850.173705410212278, 2136935.778875458519906 ], [ 6051773.007615609094501, 2136831.732447948306799 ], [ 6051686.014768336899579, 2136735.75063187815249 ], [ 6051590.032952266745269, 2136648.757784605491906 ], [ 6051485.986524756997824, 2136571.59169480483979 ] ] ], [ [ [ 6051176.77842009998858, 2142572.710826444905251 ], [ 6051048.641820274293423, 2142591.718095520045608 ], [ 6050922.985271359793842, 2142623.193422486074269 ], [ 6050801.018914612941444, 2142666.833682737313211 ], [ 6050683.917352724820375, 2142722.218596712686121 ], [ 6050572.808337748982012, 2142788.814777412917465 ], [ 6050468.761910239234567, 2142865.980867213569582 ], [ 6050372.780094169080257, 2142952.973714486230165 ], [ 6050285.787246896885335, 2143048.955530556384474 ], [ 6050208.621157095767558, 2143153.001958066597581 ], [ 6050142.024976395070553, 2143264.110973041970283 ], [ 6050086.640062420628965, 2143381.212534930557013 ], [ 6050042.9998021684587, 2143503.178891676478088 ], [ 6050011.524475202895701, 2143628.835440590977669 ], [ 6049992.517206127755344, 2143756.972040417138487 ], [ 6049986.161045335233212, 2143886.354665652383119 ], [ 6049989.907891196198761, 2143962.623465274460614 ], [ 6049987.986955343745649, 2143975.573362898081541 ], [ 6049981.630794551223516, 2144104.955988133326173 ], [ 6049982.781737301498652, 2144128.383966028224677 ], [ 6049969.964814720675349, 2144179.551989190746099 ], [ 6049950.957545645534992, 2144307.688589016906917 ], [ 6049944.60138485301286, 2144437.071214252151549 ], [ 6049950.957545645534992, 2144566.453839487396181 ], [ 6049969.964814720675349, 2144694.590439313556999 ], [ 6050001.440141686238348, 2144820.24698822805658 ], [ 6050045.080401938408613, 2144942.213344973977655 ], [ 6050100.465315912850201, 2145059.314906862564385 ], [ 6050167.061496613547206, 2145170.423921837937087 ], [ 6050244.227586414664984, 2145274.470349348150194 ], [ 6050331.220433686859906, 2145370.452165418304503 ], [ 6050427.202249757014215, 2145457.445012690965086 ], [ 6050531.248677266761661, 2145534.611102491617203 ], [ 6050642.357692242600024, 2145601.207283191848546 ], [ 6050759.459254130721092, 2145656.592197167221457 ], [ 6050881.42561087757349, 2145700.232457418460399 ], [ 6051007.082159792073071, 2145731.707784384489059 ], [ 6051135.218759617768228, 2145750.715053459629416 ], [ 6051264.60138485301286, 2145757.071214252151549 ], [ 6051310.55350892432034, 2145754.813731156289577 ], [ 6051330.978347865864635, 2145755.817139150574803 ], [ 6051460.360973101109266, 2145749.460978358052671 ], [ 6051588.497572926804423, 2145730.453709282912314 ], [ 6051714.154121841304004, 2145698.978382316883653 ], [ 6051836.120478588156402, 2145655.338122065644711 ], [ 6051953.222040476277471, 2145599.953208090271801 ], [ 6052064.331055452115834, 2145533.357027390040457 ], [ 6052168.377482961863279, 2145456.190937589388341 ], [ 6052264.359299032017589, 2145369.198090316727757 ], [ 6052351.352146304212511, 2145273.216274246573448 ], [ 6052428.518236105330288, 2145169.169846736360341 ], [ 6052495.114416806027293, 2145058.060831760987639 ], [ 6052550.499330780468881, 2144940.95926987240091 ], [ 6052594.139591032639146, 2144818.992913126479834 ], [ 6052625.614917998202145, 2144693.336364211980253 ], [ 6052644.622187073342502, 2144565.199764385819435 ], [ 6052649.698996054008603, 2144461.858943538740277 ], [ 6052691.97930861916393, 2144343.693385958205909 ], [ 6052723.45463558472693, 2144218.036837043706328 ], [ 6052742.461904659867287, 2144089.900237217545509 ], [ 6052748.818065452389419, 2143960.517611982300878 ], [ 6052742.461904659867287, 2143831.134986747056246 ], [ 6052723.45463558472693, 2143702.998386920895427 ], [ 6052691.97930861916393, 2143577.341838006395847 ], [ 6052648.339048366993666, 2143455.375481260474771 ], [ 6052592.954134392552078, 2143338.273919371888041 ], [ 6052526.357953691855073, 2143227.16490439651534 ], [ 6052449.191863890737295, 2143123.118476886302233 ], [ 6052362.199016618542373, 2143027.136660816147923 ], [ 6052266.217200548388064, 2142940.14381354348734 ], [ 6052162.170773038640618, 2142862.977723742835224 ], [ 6052051.061758062802255, 2142796.38154304260388 ], [ 6052047.348056773655117, 2142794.625093144830316 ], [ 6052039.513752921484411, 2142788.814777412917465 ], [ 6051928.404737945646048, 2142722.218596712686121 ], [ 6051811.303176057524979, 2142666.833682737313211 ], [ 6051689.336819310672581, 2142623.193422486074269 ], [ 6051563.680270396173, 2142591.718095520045608 ], [ 6051435.543670570477843, 2142572.710826444905251 ], [ 6051306.161045335233212, 2142566.354665652383119 ], [ 6051176.77842009998858, 2142572.710826444905251 ] ] ], [ [ [ 6047998.451360899023712, 2144781.283896039705724 ], [ 6047911.45851362682879, 2144685.302079969551414 ], [ 6047815.47669755667448, 2144598.309232696890831 ], [ 6047711.430270046927035, 2144521.143142896238714 ], [ 6047600.321255071088672, 2144454.546962196007371 ], [ 6047483.219693182967603, 2144399.16204822063446 ], [ 6047361.253336436115205, 2144355.521787969395518 ], [ 6047235.596787521615624, 2144324.046461003366858 ], [ 6047107.460187695920467, 2144305.039191928226501 ], [ 6046978.077562460675836, 2144298.683031135704368 ], [ 6046848.694937225431204, 2144305.039191928226501 ], [ 6046720.558337399736047, 2144324.046461003366858 ], [ 6046594.901788485236466, 2144355.521787969395518 ], [ 6046472.935431738384068, 2144399.16204822063446 ], [ 6046355.833869850263, 2144454.546962196007371 ], [ 6046327.933381476439536, 2144471.269871365278959 ], [ 6046309.353101266548038, 2144480.057689431123435 ], [ 6046198.244086290709674, 2144546.653870131354779 ], [ 6046094.197658780962229, 2144623.819959932006896 ], [ 6045998.21584271080792, 2144710.812807204667479 ], [ 6045911.222995438612998, 2144806.794623274821788 ], [ 6045834.05690563749522, 2144910.841050785034895 ], [ 6045767.460724936798215, 2145021.950065760407597 ], [ 6045712.075810962356627, 2145139.051627648994327 ], [ 6045668.435550710186362, 2145261.017984394915402 ], [ 6045636.960223744623363, 2145386.674533309414983 ], [ 6045617.952954669483006, 2145514.811133135575801 ], [ 6045611.596793876960874, 2145644.193758370820433 ], [ 6045617.952954669483006, 2145773.576383606065065 ], [ 6045636.960223744623363, 2145901.712983432225883 ], [ 6045668.435550710186362, 2146027.369532346725464 ], [ 6045712.075810962356627, 2146149.335889092646539 ], [ 6045767.460724936798215, 2146266.437450981233269 ], [ 6045834.05690563749522, 2146377.546465956605971 ], [ 6045911.222995438612998, 2146481.592893466819078 ], [ 6045998.21584271080792, 2146577.574709536973387 ], [ 6046094.197658780962229, 2146664.56755680963397 ], [ 6046198.244086290709674, 2146741.733646610286087 ], [ 6046309.353101266548038, 2146808.32982731051743 ], [ 6046426.454663154669106, 2146863.714741285890341 ], [ 6046548.421019901521504, 2146907.355001537129283 ], [ 6046674.077568816021085, 2146938.830328503157943 ], [ 6046802.214168641716242, 2146957.837597578298301 ], [ 6046931.596793876960874, 2146964.193758370820433 ], [ 6047060.979419112205505, 2146957.837597578298301 ], [ 6047189.116018937900662, 2146938.830328503157943 ], [ 6047314.772567852400243, 2146907.355001537129283 ], [ 6047436.738924599252641, 2146863.714741285890341 ], [ 6047553.84048648737371, 2146808.32982731051743 ], [ 6047581.740974861197174, 2146791.606918141245842 ], [ 6047600.321255071088672, 2146782.819100075401366 ], [ 6047711.430270046927035, 2146716.222919375170022 ], [ 6047815.47669755667448, 2146639.056829574517906 ], [ 6047911.45851362682879, 2146552.063982301857322 ], [ 6047998.451360899023712, 2146456.082166231703013 ], [ 6048075.61745070014149, 2146352.035738721489906 ], [ 6048142.213631400838494, 2146240.926723746117204 ], [ 6048197.598545375280082, 2146123.825161857530475 ], [ 6048241.238805627450347, 2146001.858805111609399 ], [ 6048272.714132593013346, 2145876.202256197109818 ], [ 6048291.721401668153703, 2145748.065656370949 ], [ 6048298.077562460675836, 2145618.683031135704368 ], [ 6048291.721401668153703, 2145489.300405900459737 ], [ 6048272.714132593013346, 2145361.163806074298918 ], [ 6048241.238805627450347, 2145235.507257159799337 ], [ 6048197.598545375280082, 2145113.540900413878262 ], [ 6048142.213631400838494, 2144996.439338525291532 ], [ 6048075.61745070014149, 2144885.33032354991883 ], [ 6047998.451360899023712, 2144781.283896039705724 ] ] ], [ [ [ 6158957.2811333341524, 1937965.843717419775203 ], [ 6158827.898508098907769, 1937972.199878212530166 ], [ 6158699.761908273212612, 1937991.207147287437692 ], [ 6158574.105359358713031, 1938022.682474253233522 ], [ 6158452.139002611860633, 1938066.322734504938126 ], [ 6158335.037440723739564, 1938121.707648479845375 ], [ 6158223.928425747901201, 1938188.303829180309549 ], [ 6158119.881998238153756, 1938265.469918980961666 ], [ 6158023.900182167999446, 1938352.462766253622249 ], [ 6157936.907334895804524, 1938448.444582323776558 ], [ 6157859.741245094686747, 1938552.491009833989665 ], [ 6157793.145064393989742, 1938663.600024809362367 ], [ 6157737.760150419548154, 1938780.701586697949097 ], [ 6157694.119890167377889, 1938902.667943443870172 ], [ 6157662.64456320181489, 1939028.324492358369753 ], [ 6157643.637294126674533, 1939156.461092184763402 ], [ 6157637.2811333341524, 1939285.843717419775203 ], [ 6157643.637294126674533, 1939415.226342654787004 ], [ 6157662.64456320181489, 1939543.362942481180653 ], [ 6157694.119890167377889, 1939669.019491395680234 ], [ 6157737.760150419548154, 1939790.985848141601309 ], [ 6157793.145064393989742, 1939908.087410030188039 ], [ 6157859.741245094686747, 1940019.196425005560741 ], [ 6157936.907334895804524, 1940123.242852515773848 ], [ 6158023.900182167999446, 1940219.224668585928157 ], [ 6158119.881998238153756, 1940306.21751585858874 ], [ 6158223.928425747901201, 1940383.383605659240857 ], [ 6158241.608574540354311, 1940393.980679029598832 ], [ 6158249.221408007666469, 1940399.626741129206493 ], [ 6158360.330422983504832, 1940466.222921829670668 ], [ 6158477.4319848716259, 1940521.607835804577917 ], [ 6158599.398341618478298, 1940565.24809605628252 ], [ 6158725.054890532977879, 1940596.72342302207835 ], [ 6158853.191490358673036, 1940615.730692096985877 ], [ 6158982.574115593917668, 1940622.08685288974084 ], [ 6159111.9567408291623, 1940615.730692096985877 ], [ 6159240.093340654857457, 1940596.72342302207835 ], [ 6159365.749889569357038, 1940565.24809605628252 ], [ 6159487.716246316209435, 1940521.607835804577917 ], [ 6159604.817808204330504, 1940466.222921829670668 ], [ 6159715.926823180168867, 1940399.626741129206493 ], [ 6159819.973250689916313, 1940322.460651328554377 ], [ 6159915.955066760070622, 1940235.467804055893794 ], [ 6160002.947914032265544, 1940139.485987985739484 ], [ 6160080.114003833383322, 1940035.439560475526378 ], [ 6160146.710184534080327, 1939924.330545500153676 ], [ 6160202.095098508521914, 1939807.228983611566946 ], [ 6160245.735358760692179, 1939685.262626865645871 ], [ 6160277.210685726255178, 1939559.60607795114629 ], [ 6160296.217954801395535, 1939431.469478124752641 ], [ 6160302.574115593917668, 1939302.08685288974084 ], [ 6160296.217954801395535, 1939172.704227654729038 ], [ 6160277.210685726255178, 1939044.567627828335389 ], [ 6160245.735358760692179, 1938918.911078913835809 ], [ 6160202.095098508521914, 1938796.944722167914733 ], [ 6160146.710184534080327, 1938679.843160279328004 ], [ 6160080.114003833383322, 1938568.734145303955302 ], [ 6160002.947914032265544, 1938464.687717793742195 ], [ 6159915.955066760070622, 1938368.705901723587885 ], [ 6159819.973250689916313, 1938281.713054450927302 ], [ 6159715.926823180168867, 1938204.546964650275186 ], [ 6159698.246674387715757, 1938193.94989127991721 ], [ 6159690.6338409204036, 1938188.303829180309549 ], [ 6159579.524825944565237, 1938121.707648479845375 ], [ 6159462.423264056444168, 1938066.322734504938126 ], [ 6159340.45690730959177, 1938022.682474253233522 ], [ 6159214.800358395092189, 1937991.207147287437692 ], [ 6159086.663758569397032, 1937972.199878212530166 ], [ 6158957.2811333341524, 1937965.843717419775203 ] ] ], [ [ [ 6153554.494582592509687, 1944020.922028842847794 ], [ 6153425.111957357265055, 1944027.278189635602757 ], [ 6153296.975357531569898, 1944046.285458710510284 ], [ 6153171.318808617070317, 1944077.760785676306114 ], [ 6153049.352451870217919, 1944121.401045928010717 ], [ 6152932.250889982096851, 1944176.785959902917966 ], [ 6152821.141875006258488, 1944243.38214060338214 ], [ 6152717.095447496511042, 1944320.548230404034257 ], [ 6152621.113631426356733, 1944407.54107767669484 ], [ 6152534.120784154161811, 1944503.522893746849149 ], [ 6152456.954694353044033, 1944607.569321257062256 ], [ 6152390.358513652347028, 1944718.678336232434958 ], [ 6152334.97359967790544, 1944835.779898121021688 ], [ 6152291.333339425735176, 1944957.746254866942763 ], [ 6152259.858012460172176, 1945083.402803781442344 ], [ 6152240.850743385031819, 1945211.539403607835993 ], [ 6152234.494582592509687, 1945340.922028842847794 ], [ 6152240.850743385031819, 1945470.304654077859595 ], [ 6152259.858012460172176, 1945598.441253904253244 ], [ 6152291.333339425735176, 1945724.097802818752825 ], [ 6152334.97359967790544, 1945846.064159564673901 ], [ 6152390.358513652347028, 1945963.16572145326063 ], [ 6152456.954694353044033, 1946074.274736428633332 ], [ 6152534.120784154161811, 1946178.321163938846439 ], [ 6152621.113631426356733, 1946274.302980009000748 ], [ 6152691.526290381327271, 1946338.121294116135687 ], [ 6152692.625420677475631, 1946340.445209875004366 ], [ 6152759.221601378172636, 1946451.554224850377068 ], [ 6152836.387691179290414, 1946555.600652360590175 ], [ 6152923.380538451485336, 1946651.582468430744484 ], [ 6153019.362354521639645, 1946738.575315703405067 ], [ 6153123.408782031387091, 1946815.741405504057184 ], [ 6153234.517797007225454, 1946882.337586204521358 ], [ 6153351.619358895346522, 1946937.722500179428607 ], [ 6153473.58571564219892, 1946981.362760431133211 ], [ 6153599.242264556698501, 1947012.838087396929041 ], [ 6153727.378864382393658, 1947031.845356471836567 ], [ 6153856.76148961763829, 1947038.20151726459153 ], [ 6153986.144114852882922, 1947031.845356471836567 ], [ 6154114.280714678578079, 1947012.838087396929041 ], [ 6154239.93726359307766, 1946981.362760431133211 ], [ 6154361.903620339930058, 1946937.722500179428607 ], [ 6154479.005182228051126, 1946882.337586204521358 ], [ 6154590.114197203889489, 1946815.741405504057184 ], [ 6154694.160624713636935, 1946738.575315703405067 ], [ 6154790.142440783791244, 1946651.582468430744484 ], [ 6154835.694544813595712, 1946601.323466596193612 ], [ 6154851.536443867720664, 1946586.965206237044185 ], [ 6154938.529291139915586, 1946490.983390166889876 ], [ 6155015.695380941033363, 1946386.936962656676769 ], [ 6155082.291561641730368, 1946275.827947681304067 ], [ 6155137.676475616171956, 1946158.726385792717338 ], [ 6155181.316735868342221, 1946036.760029046796262 ], [ 6155212.79206283390522, 1945911.103480132296681 ], [ 6155231.799331909045577, 1945782.966880305903032 ], [ 6155238.155492701567709, 1945653.584255070891231 ], [ 6155231.799331909045577, 1945524.20162983587943 ], [ 6155212.79206283390522, 1945396.065030009485781 ], [ 6155181.316735868342221, 1945270.4084810949862 ], [ 6155155.488213948905468, 1945198.22259814129211 ], [ 6155150.85436296556145, 1945179.723228034563363 ], [ 6155107.214102713391185, 1945057.756871288642287 ], [ 6155051.829188738949597, 1944940.655309400055557 ], [ 6154985.233008038252592, 1944829.546294424682856 ], [ 6154908.066918237134814, 1944725.499866914469749 ], [ 6154821.074070964939892, 1944629.518050844315439 ], [ 6154725.092254894785583, 1944542.525203571654856 ], [ 6154621.045827385038137, 1944465.35911377100274 ], [ 6154509.936812409199774, 1944398.762933070538566 ], [ 6154443.544355049729347, 1944367.361639354843646 ], [ 6154391.893717688508332, 1944320.548230404034257 ], [ 6154287.847290178760886, 1944243.38214060338214 ], [ 6154176.738275202922523, 1944176.785959902917966 ], [ 6154059.636713314801455, 1944121.401045928010717 ], [ 6153937.670356567949057, 1944077.760785676306114 ], [ 6153812.013807653449476, 1944046.285458710510284 ], [ 6153683.877207827754319, 1944027.278189635602757 ], [ 6153554.494582592509687, 1944020.922028842847794 ] ] ], [ [ [ 6144844.131567081436515, 1953233.410835995804518 ], [ 6144733.022552105598152, 1953166.814655295340344 ], [ 6144615.920990217477083, 1953111.429741320433095 ], [ 6144493.954633470624685, 1953067.789481068728492 ], [ 6144368.298084556125104, 1953036.314154102932662 ], [ 6144240.161484730429947, 1953017.306885028025135 ], [ 6144110.778859495185316, 1953010.950724235270172 ], [ 6143981.396234259940684, 1953017.306885028025135 ], [ 6143853.259634434245527, 1953036.314154102932662 ], [ 6143727.603085519745946, 1953067.789481068728492 ], [ 6143605.636728772893548, 1953111.429741320433095 ], [ 6143488.53516688477248, 1953166.814655295340344 ], [ 6143377.426151908934116, 1953233.410835995804518 ], [ 6143273.379724399186671, 1953310.576925796456635 ], [ 6143177.397908329032362, 1953397.569773069117218 ], [ 6143090.40506105683744, 1953493.551589139271528 ], [ 6143013.238971255719662, 1953597.598016649484634 ], [ 6142946.642790555022657, 1953708.707031624857336 ], [ 6142891.257876580581069, 1953825.808593513444066 ], [ 6142847.617616328410804, 1953947.774950259365141 ], [ 6142816.142289362847805, 1954073.431499173864722 ], [ 6142797.135020287707448, 1954201.568099000258371 ], [ 6142790.778859495185316, 1954330.950724235270172 ], [ 6142797.135020287707448, 1954460.333349470281973 ], [ 6142816.142289362847805, 1954588.469949296675622 ], [ 6142844.284418508410454, 1954700.819626597920433 ], [ 6142856.231835839338601, 1954781.362571901874617 ], [ 6142887.7071628049016, 1954907.019120816374198 ], [ 6142931.347423057071865, 1955028.985477562295273 ], [ 6142986.732337031513453, 1955146.087039450882003 ], [ 6143053.328517732210457, 1955257.196054426254705 ], [ 6143130.494607533328235, 1955361.242481936467811 ], [ 6143217.487454805523157, 1955457.224298006622121 ], [ 6143313.469270875677466, 1955544.217145279282704 ], [ 6143417.515698385424912, 1955621.383235079934821 ], [ 6143528.624713361263275, 1955687.979415780398995 ], [ 6143645.726275249384344, 1955743.364329755306244 ], [ 6143767.692631996236742, 1955787.004590007010847 ], [ 6143893.349180910736322, 1955818.479916972806677 ], [ 6144021.485780736431479, 1955837.487186047714204 ], [ 6144150.868405971676111, 1955843.843346840469167 ], [ 6144280.251031206920743, 1955837.487186047714204 ], [ 6144408.3876310326159, 1955818.479916972806677 ], [ 6144534.044179947115481, 1955787.004590007010847 ], [ 6144656.010536693967879, 1955743.364329755306244 ], [ 6144773.112098582088947, 1955687.979415780398995 ], [ 6144884.22111355792731, 1955621.383235079934821 ], [ 6144988.267541067674756, 1955544.217145279282704 ], [ 6145084.249357137829065, 1955457.224298006622121 ], [ 6145171.242204410023987, 1955361.242481936467811 ], [ 6145248.408294211141765, 1955257.196054426254705 ], [ 6145315.00447491183877, 1955146.087039450882003 ], [ 6145370.389388886280358, 1955028.985477562295273 ], [ 6145414.029649138450623, 1954907.019120816374198 ], [ 6145445.504976104013622, 1954781.362571901874617 ], [ 6145464.512245179153979, 1954653.225972075480968 ], [ 6145470.868405971676111, 1954523.843346840469167 ], [ 6145464.512245179153979, 1954394.460721605457366 ], [ 6145461.727709296159446, 1954375.688905478920788 ], [ 6145457.274260560981929, 1954285.036873928736895 ], [ 6145438.266991485841572, 1954156.900274102343246 ], [ 6145406.791664520278573, 1954031.243725187843665 ], [ 6145363.151404268108308, 1953909.27736844192259 ], [ 6145350.887910814024508, 1953883.348390050698072 ], [ 6145330.299842409789562, 1953825.808593513444066 ], [ 6145274.914928435347974, 1953708.707031624857336 ], [ 6145208.31874773465097, 1953597.598016649484634 ], [ 6145131.152657933533192, 1953493.551589139271528 ], [ 6145044.15981066133827, 1953397.569773069117218 ], [ 6144948.17799459118396, 1953310.576925796456635 ], [ 6144844.131567081436515, 1953233.410835995804518 ] ] ], [ [ [ 6163143.443607247434556, 1958214.018503380008042 ], [ 6163039.397179737687111, 1958136.852413579355925 ], [ 6162928.288164761848748, 1958070.256232878891751 ], [ 6162811.186602873727679, 1958014.871318903984502 ], [ 6162689.220246126875281, 1957971.231058652279899 ], [ 6162563.5636972123757, 1957939.755731686484069 ], [ 6162435.427097386680543, 1957920.748462611576542 ], [ 6162306.044472151435912, 1957914.392301818821579 ], [ 6162176.66184691619128, 1957920.748462611576542 ], [ 6162048.525247090496123, 1957939.755731686484069 ], [ 6161922.868698175996542, 1957971.231058652279899 ], [ 6161800.902341429144144, 1958014.871318903984502 ], [ 6161683.800779541023076, 1958070.256232878891751 ], [ 6161572.691764565184712, 1958136.852413579355925 ], [ 6161468.645337055437267, 1958214.018503380008042 ], [ 6161372.663520985282958, 1958301.011350652668625 ], [ 6161285.670673713088036, 1958396.993166722822934 ], [ 6161260.118599670939147, 1958431.446150234900415 ], [ 6161250.074175960384309, 1958440.549885228974745 ], [ 6161163.081328688189387, 1958536.531701299129054 ], [ 6161085.915238887071609, 1958640.578128809342161 ], [ 6161019.319058186374605, 1958751.687143784714863 ], [ 6160963.934144211933017, 1958868.788705673301592 ], [ 6160920.293883959762752, 1958990.755062419222668 ], [ 6160888.818556994199753, 1959116.411611333722249 ], [ 6160869.811287919059396, 1959244.548211160115898 ], [ 6160868.219652239233255, 1959276.946699706139043 ], [ 6160836.909872421063483, 1959364.45167224551551 ], [ 6160805.434545455500484, 1959490.108221160015091 ], [ 6160786.427276380360126, 1959618.24482098640874 ], [ 6160780.071115587837994, 1959747.627446221420541 ], [ 6160786.427276380360126, 1959877.010071456432343 ], [ 6160805.434545455500484, 1960005.146671282825992 ], [ 6160831.576216261833906, 1960109.510071222903207 ], [ 6160842.324263325892389, 1960181.967518957797438 ], [ 6160873.799590291455388, 1960307.624067872297019 ], [ 6160917.439850543625653, 1960429.590424618218094 ], [ 6160972.824764518067241, 1960546.691986506804824 ], [ 6161039.420945218764246, 1960657.801001482177526 ], [ 6161116.587035019882023, 1960761.847428992390633 ], [ 6161203.579882292076945, 1960857.829245062544942 ], [ 6161299.561698362231255, 1960944.822092335205525 ], [ 6161403.6081258719787, 1961021.988182135857642 ], [ 6161514.717140847817063, 1961088.584362836321816 ], [ 6161631.818702735938132, 1961143.969276811229065 ], [ 6161753.78505948279053, 1961187.609537062933668 ], [ 6161879.441608397290111, 1961219.084864028729498 ], [ 6162007.578208222985268, 1961238.092133103637025 ], [ 6162136.960833458229899, 1961244.448293896391988 ], [ 6162266.343458693474531, 1961238.092133103637025 ], [ 6162394.480058519169688, 1961219.084864028729498 ], [ 6162520.136607433669269, 1961187.609537062933668 ], [ 6162642.102964180521667, 1961143.969276811229065 ], [ 6162759.204526068642735, 1961088.584362836321816 ], [ 6162870.313541044481099, 1961021.988182135857642 ], [ 6162974.359968554228544, 1960944.822092335205525 ], [ 6163070.341784624382854, 1960857.829245062544942 ], [ 6163157.334631896577775, 1960761.847428992390633 ], [ 6163234.500721697695553, 1960657.801001482177526 ], [ 6163301.096902398392558, 1960546.691986506804824 ], [ 6163356.481816372834146, 1960429.590424618218094 ], [ 6163367.413216997869313, 1960399.039206529268995 ], [ 6163428.345235261134803, 1960297.380275665549561 ], [ 6163483.730149235576391, 1960180.278713776962832 ], [ 6163527.370409487746656, 1960058.312357031041756 ], [ 6163558.845736453309655, 1959932.655808116542175 ], [ 6163559.163072933442891, 1959930.516499338671565 ], [ 6163582.475238760001957, 1959865.363360533257946 ], [ 6163613.950565725564957, 1959739.706811618758366 ], [ 6163632.957834800705314, 1959611.570211792364717 ], [ 6163639.313995593227446, 1959482.187586557352915 ], [ 6163632.957834800705314, 1959352.804961322341114 ], [ 6163623.394482626579702, 1959288.33407780341804 ], [ 6163626.044472151435912, 1959234.392301818821579 ], [ 6163619.688311358913779, 1959105.009676583809778 ], [ 6163600.681042283773422, 1958976.873076757416129 ], [ 6163569.205715318210423, 1958851.216527842916548 ], [ 6163525.565455066040158, 1958729.250171096995473 ], [ 6163470.18054109159857, 1958612.148609208408743 ], [ 6163403.584360390901566, 1958501.039594233036041 ], [ 6163326.418270589783788, 1958396.993166722822934 ], [ 6163239.425423317588866, 1958301.011350652668625 ], [ 6163143.443607247434556, 1958214.018503380008042 ] ] ], [ [ [ 6126156.809721767902374, 1959620.172858731588349 ], [ 6126122.054027618840337, 1959636.611077825538814 ], [ 6126090.221816536039114, 1959641.332940292079002 ], [ 6125964.565267621539533, 1959672.808267257874832 ], [ 6125842.598910874687135, 1959716.448527509579435 ], [ 6125725.497348986566067, 1959771.833441484486684 ], [ 6125614.388334010727704, 1959838.429622184950858 ], [ 6125510.341906500980258, 1959915.595711985602975 ], [ 6125414.360090430825949, 1960002.588559258263558 ], [ 6125327.367243158631027, 1960098.570375328417867 ], [ 6125250.201153357513249, 1960202.616802838630974 ], [ 6125183.604972656816244, 1960313.725817814003676 ], [ 6125128.220058682374656, 1960430.827379702590406 ], [ 6125084.579798430204391, 1960552.793736448511481 ], [ 6125053.104471464641392, 1960678.450285363011062 ], [ 6125034.097202389501035, 1960806.586885189404711 ], [ 6125027.741041596978903, 1960935.969510424416512 ], [ 6125034.097202389501035, 1961065.352135659428313 ], [ 6125053.104471464641392, 1961193.488735485821962 ], [ 6125084.579798430204391, 1961319.145284400321543 ], [ 6125128.220058682374656, 1961441.111641146242619 ], [ 6125183.604972656816244, 1961558.213203034829348 ], [ 6125250.201153357513249, 1961669.32221801020205 ], [ 6125327.367243158631027, 1961773.368645520415157 ], [ 6125414.360090430825949, 1961869.350461590569466 ], [ 6125510.341906500980258, 1961956.34330886323005 ], [ 6125614.388334010727704, 1962033.509398663882166 ], [ 6125725.497348986566067, 1962100.10557936434634 ], [ 6125842.598910874687135, 1962155.49049333925359 ], [ 6125964.565267621539533, 1962199.130753590958193 ], [ 6126090.221816536039114, 1962230.606080556754023 ], [ 6126218.358416361734271, 1962249.613349631661549 ], [ 6126347.741041596978903, 1962255.969510424416512 ], [ 6126348.383518557995558, 1962255.937947555212304 ], [ 6126425.651814076118171, 1962259.733895501121879 ], [ 6126555.034439311362803, 1962253.377734708366916 ], [ 6126613.261932997964323, 1962244.74050193047151 ], [ 6126653.376259394921362, 1962246.711192416958511 ], [ 6126782.758884630165994, 1962240.355031624203548 ], [ 6126790.371609735302627, 1962239.225790527882054 ], [ 6126858.690576195716858, 1962235.869494926184416 ], [ 6126935.695820577442646, 1962239.652519998373464 ], [ 6127065.078445812687278, 1962233.296359205618501 ], [ 6127074.371714548207819, 1962231.917833010200411 ], [ 6127108.645058528520167, 1962230.234091589460149 ], [ 6127236.781658354215324, 1962211.226822514552623 ], [ 6127362.438207268714905, 1962179.751495548756793 ], [ 6127484.404564015567303, 1962136.11123529705219 ], [ 6127522.740890345536172, 1962117.979503306094557 ], [ 6127548.139574441127479, 1962108.891708822688088 ], [ 6127665.241136329248548, 1962053.506794847780839 ], [ 6127776.350151305086911, 1961986.910614147316664 ], [ 6127880.396578814834356, 1961909.744524346664548 ], [ 6127976.378394884988666, 1961822.751677074003965 ], [ 6128063.371242157183588, 1961726.769861003849655 ], [ 6128140.537331958301365, 1961622.723433493636549 ], [ 6128207.13351265899837, 1961511.614418518263847 ], [ 6128262.518426633439958, 1961394.512856629677117 ], [ 6128306.158686885610223, 1961272.546499883756042 ], [ 6128337.634013851173222, 1961146.889950969256461 ], [ 6128356.641282926313579, 1961018.753351142862812 ], [ 6128357.227323846891522, 1961006.824214156949893 ], [ 6128368.132230286486447, 1960933.309306409209967 ], [ 6128374.488391079008579, 1960803.926681174198166 ], [ 6128368.132230286486447, 1960674.544055939186364 ], [ 6128349.12496121134609, 1960546.407456112792715 ], [ 6128317.649634245783091, 1960420.750907198293135 ], [ 6128274.009373993612826, 1960298.784550452372059 ], [ 6128218.624460019171238, 1960181.682988563785329 ], [ 6128152.028279318474233, 1960070.573973588412628 ], [ 6128074.862189517356455, 1959966.527546078199521 ], [ 6127987.869342245161533, 1959870.545730008045211 ], [ 6127891.887526175007224, 1959783.552882735384628 ], [ 6127787.841098665259778, 1959706.386792934732512 ], [ 6127676.732083689421415, 1959639.790612234268337 ], [ 6127559.630521801300347, 1959584.405698259361088 ], [ 6127437.664165054447949, 1959540.765438007656485 ], [ 6127312.007616139948368, 1959509.290111041860655 ], [ 6127183.871016314253211, 1959490.282841966953129 ], [ 6127054.488391079008579, 1959483.926681174198166 ], [ 6126925.105765843763947, 1959490.282841966953129 ], [ 6126910.505763252265751, 1959492.448547769570723 ], [ 6126897.858912360854447, 1959491.827247825684026 ], [ 6126768.476287125609815, 1959498.183408618438989 ], [ 6126671.851828005164862, 1959512.516293182270601 ], [ 6126608.81211371999234, 1959515.613235755590722 ], [ 6126541.366775470785797, 1959525.617806609719992 ], [ 6126532.56922725494951, 1959526.050002439180389 ], [ 6126404.432627429254353, 1959545.057271514087915 ], [ 6126278.776078514754772, 1959576.532598479883745 ], [ 6126156.809721767902374, 1959620.172858731588349 ] ] ], [ [ [ 6115894.166067917831242, 1962938.306040674680844 ], [ 6115777.064506029710174, 1962993.690954649588093 ], [ 6115765.751115334220231, 1963000.471940073883161 ], [ 6115738.841074883937836, 1963013.199441324919462 ], [ 6115627.732059908099473, 1963079.795622025383636 ], [ 6115523.685632398352027, 1963156.961711826035753 ], [ 6115427.703816328197718, 1963243.954559098696336 ], [ 6115340.710969056002796, 1963339.936375168850645 ], [ 6115263.544879254885018, 1963443.982802679063752 ], [ 6115196.948698554188013, 1963555.091817654436454 ], [ 6115141.563784579746425, 1963672.193379543023184 ], [ 6115097.92352432757616, 1963794.159736288944259 ], [ 6115066.448197362013161, 1963919.81628520344384 ], [ 6115047.440928286872804, 1964047.952885029837489 ], [ 6115041.084767494350672, 1964177.33551026484929 ], [ 6115047.440928286872804, 1964306.718135499861091 ], [ 6115066.448197362013161, 1964434.85473532625474 ], [ 6115097.92352432757616, 1964560.511284240754321 ], [ 6115141.563784579746425, 1964682.477640986675397 ], [ 6115196.948698554188013, 1964799.579202875262126 ], [ 6115263.544879254885018, 1964910.688217850634828 ], [ 6115340.710969056002796, 1965014.734645360847935 ], [ 6115427.703816328197718, 1965110.716461431002244 ], [ 6115523.685632398352027, 1965197.709308703662828 ], [ 6115627.732059908099473, 1965274.875398504314944 ], [ 6115738.841074883937836, 1965341.471579204779118 ], [ 6115855.942636772058904, 1965396.856493179686368 ], [ 6115863.310150494799018, 1965399.492631741566584 ], [ 6115925.237695600837469, 1965428.782179234083742 ], [ 6116047.204052347689867, 1965472.422439485788345 ], [ 6116172.860601262189448, 1965503.897766451584175 ], [ 6116300.997201087884605, 1965522.905035526491702 ], [ 6116430.379826323129237, 1965529.261196319246665 ], [ 6116559.762451558373868, 1965522.905035526491702 ], [ 6116687.899051384069026, 1965503.897766451584175 ], [ 6116813.555600298568606, 1965472.422439485788345 ], [ 6116935.521957045421004, 1965428.782179234083742 ], [ 6117052.623518933542073, 1965373.397265259176493 ], [ 6117158.619445345364511, 1965309.865751903969795 ], [ 6117258.958030552603304, 1965284.732244705315679 ], [ 6117380.924387299455702, 1965241.091984453611076 ], [ 6117424.959509264677763, 1965220.264922862173989 ], [ 6117447.525509161874652, 1965212.190678991610184 ], [ 6117564.62707104999572, 1965156.805765016702935 ], [ 6117675.736086025834084, 1965090.209584316238761 ], [ 6117676.950639493763447, 1965089.308810073649511 ], [ 6117736.845097018405795, 1965053.409453777829185 ], [ 6117840.891524528153241, 1964976.243363977177069 ], [ 6117936.87334059830755, 1964889.250516704516485 ], [ 6118023.866187870502472, 1964793.268700634362176 ], [ 6118101.03227767162025, 1964689.222273124149069 ], [ 6118167.628458372317255, 1964578.113258148776367 ], [ 6118223.013372346758842, 1964461.011696260189638 ], [ 6118266.653632598929107, 1964339.045339514268562 ], [ 6118298.128959564492106, 1964213.388790599768981 ], [ 6118317.136228639632463, 1964085.252190773375332 ], [ 6118323.492389432154596, 1963955.869565538363531 ], [ 6118317.136228639632463, 1963826.48694030335173 ], [ 6118298.128959564492106, 1963698.350340476958081 ], [ 6118266.653632598929107, 1963572.6937915624585 ], [ 6118223.013372346758842, 1963450.727434816537425 ], [ 6118212.177229411900043, 1963427.816335539799184 ], [ 6118204.989714373834431, 1963407.728576708817855 ], [ 6118149.604800399392843, 1963290.627014820231125 ], [ 6118083.008619698695838, 1963179.517999844858423 ], [ 6118005.842529897578061, 1963075.471572334645316 ], [ 6117918.849682625383139, 1962979.489756264491007 ], [ 6117822.867866555228829, 1962892.496908991830423 ], [ 6117718.821439045481384, 1962815.330819191178307 ], [ 6117607.712424069643021, 1962748.734638490714133 ], [ 6117490.610862181521952, 1962693.349724515806884 ], [ 6117368.644505434669554, 1962649.70946426410228 ], [ 6117242.987956520169973, 1962618.23413729830645 ], [ 6117114.851356694474816, 1962599.226868223398924 ], [ 6116985.468731459230185, 1962592.870707430643961 ], [ 6116940.057436629198492, 1962595.101621289504692 ], [ 6116908.345112772658467, 1962593.543694719672203 ], [ 6116778.962487537413836, 1962599.899855512427166 ], [ 6116650.825887711718678, 1962618.907124587334692 ], [ 6116525.169338797219098, 1962650.382451553130522 ], [ 6116403.2029820503667, 1962694.022711804835126 ], [ 6116314.808944283984601, 1962735.829978067195043 ], [ 6116302.711974953301251, 1962740.158342904178426 ], [ 6116185.610413065180182, 1962795.543256879085675 ], [ 6116074.501398089341819, 1962862.139437579549849 ], [ 6116060.197575860656798, 1962872.747875149128959 ], [ 6115999.452882560901344, 1962894.482673951191828 ], [ 6115946.038567135110497, 1962919.74576367600821 ], [ 6115894.166067917831242, 1962938.306040674680844 ] ] ], [ [ [ 6104748.015587710775435, 1968500.229708789614961 ], [ 6104626.049230963923037, 1968456.589448537910357 ], [ 6104500.392682049423456, 1968425.114121572114527 ], [ 6104372.256082223728299, 1968406.106852497207001 ], [ 6104242.873456988483667, 1968399.750691704452038 ], [ 6104113.490831753239036, 1968406.106852497207001 ], [ 6103985.354231927543879, 1968425.114121572114527 ], [ 6103859.697683013044298, 1968456.589448537910357 ], [ 6103737.7313262661919, 1968500.229708789614961 ], [ 6103620.629764378070831, 1968555.61462276452221 ], [ 6103603.637224145233631, 1968565.799559424631298 ], [ 6103546.059610630385578, 1968593.031742497114465 ], [ 6103434.950595654547215, 1968659.627923197578639 ], [ 6103429.60650893393904, 1968663.591368032852188 ], [ 6103398.668296076357365, 1968674.661237600725144 ], [ 6103368.875394867733121, 1968688.75223044375889 ], [ 6103358.76304741948843, 1968692.370486216852441 ], [ 6103241.661485531367362, 1968747.755400191759691 ], [ 6103189.234304028563201, 1968779.179043482523412 ], [ 6103078.166513836011291, 1968831.710195979569107 ], [ 6102967.057498860172927, 1968898.306376680033281 ], [ 6102951.825723162852228, 1968909.603031446458772 ], [ 6102922.12875188421458, 1968927.402711031259969 ], [ 6102818.082324374467134, 1969004.568800831912085 ], [ 6102722.100508304312825, 1969091.561648104572669 ], [ 6102635.107661032117903, 1969187.543464174726978 ], [ 6102557.941571231000125, 1969291.589891684940085 ], [ 6102491.345390530303121, 1969402.698906660312787 ], [ 6102435.960476555861533, 1969519.800468548899516 ], [ 6102392.320216303691268, 1969641.766825294820592 ], [ 6102360.844889338128269, 1969767.423374209320173 ], [ 6102348.285477942787111, 1969852.092048369348049 ], [ 6102342.594291668385267, 1969874.812537572812289 ], [ 6102323.58702259324491, 1970002.949137399205938 ], [ 6102317.230861800722778, 1970132.331762634217739 ], [ 6102323.58702259324491, 1970261.71438786922954 ], [ 6102342.594291668385267, 1970389.850987695623189 ], [ 6102374.069618633948267, 1970515.50753661012277 ], [ 6102417.709878886118531, 1970637.473893356043845 ], [ 6102473.094792860560119, 1970754.575455244630575 ], [ 6102539.690973561257124, 1970865.684470220003277 ], [ 6102616.857063362374902, 1970969.730897730216384 ], [ 6102703.849910634569824, 1971065.712713800370693 ], [ 6102799.831726704724133, 1971152.705561073031276 ], [ 6102903.878154214471579, 1971229.871650873683393 ], [ 6103014.987169190309942, 1971296.467831574147567 ], [ 6103132.08873107843101, 1971351.852745549054816 ], [ 6103254.055087825283408, 1971395.49300580075942 ], [ 6103379.711636739782989, 1971426.96833276655525 ], [ 6103507.848236565478146, 1971445.975601841462776 ], [ 6103637.230861800722778, 1971452.331762634217739 ], [ 6103766.61348703596741, 1971445.975601841462776 ], [ 6103894.750086861662567, 1971426.96833276655525 ], [ 6104020.406635776162148, 1971395.49300580075942 ], [ 6104142.372992523014545, 1971351.852745549054816 ], [ 6104259.474554411135614, 1971296.467831574147567 ], [ 6104370.583569386973977, 1971229.871650873683393 ], [ 6104474.629996896721423, 1971152.705561073031276 ], [ 6104570.611812966875732, 1971065.712713800370693 ], [ 6104592.613950556144118, 1971041.437095867702737 ], [ 6104649.015428432263434, 1971027.309261124115437 ], [ 6104770.981785179115832, 1970983.669000872410834 ], [ 6104888.0833470672369, 1970928.284086897503585 ], [ 6104999.192362043075264, 1970861.68790619703941 ], [ 6105103.238789552822709, 1970784.521816396387294 ], [ 6105199.220605622977018, 1970697.528969123726711 ], [ 6105286.21345289517194, 1970601.547153053572401 ], [ 6105363.379542696289718, 1970497.500725543359295 ], [ 6105429.975723396986723, 1970386.391710567986593 ], [ 6105485.360637371428311, 1970269.290148679399863 ], [ 6105529.000897623598576, 1970147.323791933478788 ], [ 6105560.476224589161575, 1970021.667243018979207 ], [ 6105579.483493664301932, 1969893.530643192585558 ], [ 6105585.839654456824064, 1969764.148017957573757 ], [ 6105579.483493664301932, 1969634.765392722561955 ], [ 6105560.476224589161575, 1969506.628792896168306 ], [ 6105529.000897623598576, 1969380.972243981668726 ], [ 6105485.360637371428311, 1969259.00588723574765 ], [ 6105429.975723396986723, 1969141.904325347160921 ], [ 6105420.645374649204314, 1969126.3375789092388 ], [ 6105407.009525928646326, 1969097.506999094039202 ], [ 6105340.413345227949321, 1968986.3979841186665 ], [ 6105263.247255426831543, 1968882.351556608453393 ], [ 6105176.254408154636621, 1968786.369740538299084 ], [ 6105080.272592084482312, 1968699.3768932656385 ], [ 6104976.226164574734867, 1968622.210803464986384 ], [ 6104865.117149598896503, 1968555.61462276452221 ], [ 6104748.015587710775435, 1968500.229708789614961 ] ] ], [ [ [ 6157934.985285496339202, 1973111.499510547146201 ], [ 6157809.328736581839621, 1973080.024183581350371 ], [ 6157681.192136756144464, 1973061.016914506442845 ], [ 6157551.809511520899832, 1973054.660753713687882 ], [ 6157422.4268862856552, 1973061.016914506442845 ], [ 6157294.290286459960043, 1973080.024183581350371 ], [ 6157168.633737545460463, 1973111.499510547146201 ], [ 6157046.667380798608065, 1973155.139770798850805 ], [ 6156929.565818910486996, 1973210.524684773758054 ], [ 6156818.456803934648633, 1973277.120865474222228 ], [ 6156714.410376424901187, 1973354.286955274874344 ], [ 6156618.428560354746878, 1973441.279802547534928 ], [ 6156531.435713082551956, 1973537.261618617689237 ], [ 6156454.269623281434178, 1973641.308046127902344 ], [ 6156387.673442580737174, 1973752.417061103275046 ], [ 6156332.288528606295586, 1973869.518622991861776 ], [ 6156288.648268354125321, 1973991.484979737782851 ], [ 6156257.172941388562322, 1974117.141528652282432 ], [ 6156238.165672313421965, 1974245.278128478676081 ], [ 6156231.809511520899832, 1974374.660753713687882 ], [ 6156238.165672313421965, 1974504.043378948699683 ], [ 6156257.172941388562322, 1974632.179978775093332 ], [ 6156286.04208985157311, 1974747.432079888181761 ], [ 6156292.042119472287595, 1974869.565488578751683 ], [ 6156311.049388547427952, 1974997.702088405145332 ], [ 6156342.524715512990952, 1975123.358637319644913 ], [ 6156348.297080395743251, 1975139.491316420724615 ], [ 6156350.975254038348794, 1975194.006793302483857 ], [ 6156369.982523113489151, 1975322.143393128877506 ], [ 6156401.45785007905215, 1975447.799942043377087 ], [ 6156445.098110331222415, 1975569.766298789298162 ], [ 6156500.483024305664003, 1975686.867860677884892 ], [ 6156567.079205006361008, 1975797.976875653257594 ], [ 6156644.245294807478786, 1975902.0233031634707 ], [ 6156731.238142079673707, 1975998.00511923362501 ], [ 6156827.219958149828017, 1976084.997966506285593 ], [ 6156931.266385659575462, 1976162.164056306937709 ], [ 6157042.375400635413826, 1976228.760237007401884 ], [ 6157159.476962523534894, 1976284.145150982309133 ], [ 6157281.443319270387292, 1976327.785411234013736 ], [ 6157407.099868184886873, 1976359.260738199809566 ], [ 6157535.23646801058203, 1976378.268007274717093 ], [ 6157664.619093245826662, 1976384.624168067472056 ], [ 6157794.001718481071293, 1976378.268007274717093 ], [ 6157922.13831830676645, 1976359.260738199809566 ], [ 6158047.794867221266031, 1976327.785411234013736 ], [ 6158169.761223968118429, 1976284.145150982309133 ], [ 6158286.862785856239498, 1976228.760237007401884 ], [ 6158397.971800832077861, 1976162.164056306937709 ], [ 6158502.018228341825306, 1976084.997966506285593 ], [ 6158598.000044411979616, 1975998.00511923362501 ], [ 6158684.992891684174538, 1975902.0233031634707 ], [ 6158762.158981485292315, 1975797.976875653257594 ], [ 6158828.75516218598932, 1975686.867860677884892 ], [ 6158884.140076160430908, 1975569.766298789298162 ], [ 6158927.780336412601173, 1975447.799942043377087 ], [ 6158930.128243017010391, 1975438.42657345556654 ], [ 6158936.074469084851444, 1975428.50589460763149 ], [ 6158991.459383059293032, 1975311.40433271904476 ], [ 6159035.099643311463296, 1975189.437975973123685 ], [ 6159040.92808416672051, 1975166.169535770080984 ], [ 6159074.413166385143995, 1975072.585000298218802 ], [ 6159105.888493350706995, 1974946.928451383719221 ], [ 6159124.895762425847352, 1974818.791851557325572 ], [ 6159131.251923218369484, 1974689.409226322313771 ], [ 6159124.895762425847352, 1974560.02660108730197 ], [ 6159105.888493350706995, 1974431.890001260908321 ], [ 6159074.413166385143995, 1974306.23345234640874 ], [ 6159030.772906132973731, 1974184.267095600487664 ], [ 6158975.387992158532143, 1974067.165533711900935 ], [ 6158908.791811457835138, 1973956.056518736528233 ], [ 6158831.62572165671736, 1973852.010091226315126 ], [ 6158744.632874384522438, 1973756.028275156160817 ], [ 6158686.56512806750834, 1973703.398737670155242 ], [ 6158649.349399760365486, 1973641.308046127902344 ], [ 6158572.183309959247708, 1973537.261618617689237 ], [ 6158485.190462687052786, 1973441.279802547534928 ], [ 6158389.208646616898477, 1973354.286955274874344 ], [ 6158285.162219107151031, 1973277.120865474222228 ], [ 6158174.053204131312668, 1973210.524684773758054 ], [ 6158056.9516422431916, 1973155.139770798850805 ], [ 6157934.985285496339202, 1973111.499510547146201 ] ] ], [ [ [ 6095296.654384813271463, 1973206.645532373571768 ], [ 6095167.271759578026831, 1973200.289371580816805 ], [ 6095037.889134342782199, 1973206.645532373571768 ], [ 6094909.752534517087042, 1973225.652801448479295 ], [ 6094784.095985602587461, 1973257.128128414275125 ], [ 6094662.129628855735064, 1973300.768388665979728 ], [ 6094545.028066967613995, 1973356.153302640886977 ], [ 6094433.919051991775632, 1973422.749483341351151 ], [ 6094329.872624482028186, 1973499.915573142003268 ], [ 6094233.890808411873877, 1973586.908420414663851 ], [ 6094179.76232835650444, 1973646.629995001247153 ], [ 6094176.107992492616177, 1973649.942091966513544 ], [ 6094158.080966794863343, 1973660.747075352352113 ], [ 6094054.034539285115898, 1973737.913165153004229 ], [ 6094036.356989054940641, 1973753.935162759618834 ], [ 6094005.785861298441887, 1973776.608256360283121 ], [ 6093920.85164755769074, 1973853.588140537263826 ], [ 6093882.912960761226714, 1973881.725388324819505 ], [ 6093840.549952259287238, 1973920.120981151936576 ], [ 6093783.678463542833924, 1973962.299751825863495 ], [ 6093687.696647472679615, 1974049.292599098524079 ], [ 6093600.703800200484693, 1974145.274415168678388 ], [ 6093523.537710399366915, 1974249.320842678891495 ], [ 6093456.94152969866991, 1974360.429857654264197 ], [ 6093412.80551471747458, 1974453.747620903188363 ], [ 6093407.782864278182387, 1974462.127406906103715 ], [ 6093352.397950303740799, 1974579.228968794690445 ], [ 6093308.757690051570535, 1974701.19532554061152 ], [ 6093277.282363086007535, 1974826.851874455111101 ], [ 6093258.275094010867178, 1974954.98847428150475 ], [ 6093251.918933218345046, 1975084.371099516516551 ], [ 6093258.275094010867178, 1975213.753724751528352 ], [ 6093277.282363086007535, 1975341.890324577922001 ], [ 6093308.757690051570535, 1975467.546873492421582 ], [ 6093352.397950303740799, 1975589.513230238342658 ], [ 6093407.782864278182387, 1975706.614792126929387 ], [ 6093474.379044978879392, 1975817.723807102302089 ], [ 6093551.54513477999717, 1975921.770234612515196 ], [ 6093638.537982052192092, 1976017.752050682669505 ], [ 6093734.519798122346401, 1976104.744897955330089 ], [ 6093838.566225632093847, 1976181.910987755982205 ], [ 6093949.67524060793221, 1976248.507168456446379 ], [ 6094066.776802496053278, 1976303.892082431353629 ], [ 6094188.743159242905676, 1976347.532342683058232 ], [ 6094314.399708157405257, 1976379.007669648854062 ], [ 6094442.536307983100414, 1976398.014938723761588 ], [ 6094571.918933218345046, 1976404.371099516516551 ], [ 6094701.301558453589678, 1976398.014938723761588 ], [ 6094829.438158279284835, 1976379.007669648854062 ], [ 6094955.094707193784416, 1976347.532342683058232 ], [ 6095077.061063940636814, 1976303.892082431353629 ], [ 6095194.162625828757882, 1976248.507168456446379 ], [ 6095305.271640804596245, 1976181.910987755982205 ], [ 6095409.318068314343691, 1976104.744897955330089 ], [ 6095505.299884384498, 1976017.752050682669505 ], [ 6095592.292731656692922, 1975921.770234612515196 ], [ 6095623.642058874480426, 1975879.500560066429898 ], [ 6095673.367321787402034, 1975855.982262236997485 ], [ 6095673.889465562999249, 1975855.669301301473752 ], [ 6095722.306274329312146, 1975832.769856194267049 ], [ 6095833.415289305150509, 1975766.173675493802875 ], [ 6095937.461716814897954, 1975689.007585693150759 ], [ 6096009.71422746963799, 1975623.521727206883952 ], [ 6096051.019116250798106, 1975592.887933878228068 ], [ 6096147.000932320952415, 1975505.895086605567485 ], [ 6096233.993779593147337, 1975409.913270535413176 ], [ 6096311.159869394265115, 1975305.866843025200069 ], [ 6096377.75605009496212, 1975194.757828049827367 ], [ 6096433.140964069403708, 1975077.656266161240637 ], [ 6096476.781224321573973, 1974955.689909415319562 ], [ 6096508.256551287136972, 1974830.033360500819981 ], [ 6096527.263820362277329, 1974701.896760674426332 ], [ 6096533.619981154799461, 1974572.514135439414531 ], [ 6096527.263820362277329, 1974443.13151020440273 ], [ 6096508.256551287136972, 1974314.994910378009081 ], [ 6096476.781224321573973, 1974189.3383614635095 ], [ 6096433.140964069403708, 1974067.372004717588425 ], [ 6096377.75605009496212, 1973950.270442829001695 ], [ 6096311.159869394265115, 1973839.161427853628993 ], [ 6096233.993779593147337, 1973735.115000343415886 ], [ 6096192.083598075434566, 1973688.874240786768496 ], [ 6096187.645558016374707, 1973682.890236484818161 ], [ 6096100.652710744179785, 1973586.908420414663851 ], [ 6096004.670894674025476, 1973499.915573142003268 ], [ 6095900.62446716427803, 1973422.749483341351151 ], [ 6095789.515452188439667, 1973356.153302640886977 ], [ 6095672.413890300318599, 1973300.768388665979728 ], [ 6095550.447533553466201, 1973257.128128414275125 ], [ 6095424.79098463896662, 1973225.652801448479295 ], [ 6095296.654384813271463, 1973206.645532373571768 ] ] ], [ [ [ 6086215.031359297223389, 1981551.009618225041777 ], [ 6086110.984931787475944, 1981473.84352842438966 ], [ 6085999.87591681163758, 1981407.247347723925486 ], [ 6085882.774354923516512, 1981351.862433749018237 ], [ 6085760.807998176664114, 1981308.222173497313634 ], [ 6085635.151449262164533, 1981276.746846531517804 ], [ 6085507.014849436469376, 1981257.739577456610277 ], [ 6085377.632224201224744, 1981251.383416663855314 ], [ 6085248.249598965980113, 1981257.739577456610277 ], [ 6085120.112999140284956, 1981276.746846531517804 ], [ 6084994.456450225785375, 1981308.222173497313634 ], [ 6084872.490093478932977, 1981351.862433749018237 ], [ 6084755.388531590811908, 1981407.247347723925486 ], [ 6084644.279516614973545, 1981473.84352842438966 ], [ 6084540.233089105226099, 1981551.009618225041777 ], [ 6084467.986762132495642, 1981616.489872148958966 ], [ 6084429.92218258138746, 1981644.720488366903737 ], [ 6084425.750084973871708, 1981647.22114743781276 ], [ 6084396.499324828386307, 1981668.914989678421989 ], [ 6084337.131495195440948, 1981704.498697363305837 ], [ 6084233.085067685693502, 1981781.664787163957953 ], [ 6084194.841880627907813, 1981816.326391488313675 ], [ 6084093.494110748171806, 1981891.491020383313298 ], [ 6084077.60531192459166, 1981905.891788215842098 ], [ 6084066.383172641508281, 1981914.214693945832551 ], [ 6083970.401356571353972, 1982001.207541218493134 ], [ 6083883.40850929915905, 1982097.189357288647443 ], [ 6083806.242419498041272, 1982201.23578479886055 ], [ 6083739.646238797344267, 1982312.344799774233252 ], [ 6083684.261324822902679, 1982429.446361662819982 ], [ 6083640.621064570732415, 1982551.412718408741057 ], [ 6083609.145737605169415, 1982677.069267323240638 ], [ 6083590.138468530029058, 1982805.205867149634287 ], [ 6083583.782307737506926, 1982934.588492384646088 ], [ 6083590.138468530029058, 1983063.971117619657889 ], [ 6083609.145737605169415, 1983192.107717446051538 ], [ 6083640.621064570732415, 1983317.764266360551119 ], [ 6083684.261324822902679, 1983439.730623106472194 ], [ 6083739.646238797344267, 1983556.832184995058924 ], [ 6083806.242419498041272, 1983667.941199970431626 ], [ 6083883.40850929915905, 1983771.987627480644733 ], [ 6083970.401356571353972, 1983867.969443550799042 ], [ 6084066.383172641508281, 1983954.962290823459625 ], [ 6084170.429600151255727, 1984032.128380624111742 ], [ 6084281.53861512709409, 1984098.724561324575916 ], [ 6084398.640177015215158, 1984154.109475299483165 ], [ 6084520.606533762067556, 1984197.749735551187769 ], [ 6084646.263082676567137, 1984229.225062516983598 ], [ 6084774.399682502262294, 1984248.232331591891125 ], [ 6084903.782307737506926, 1984254.588492384646088 ], [ 6085033.164932972751558, 1984248.232331591891125 ], [ 6085161.301532798446715, 1984229.225062516983598 ], [ 6085286.958081712946296, 1984197.749735551187769 ], [ 6085389.210214764811099, 1984161.163337328936905 ], [ 6085477.484821459278464, 1984139.051699435804039 ], [ 6085599.451178206130862, 1984095.411439184099436 ], [ 6085716.552740094251931, 1984040.026525209192187 ], [ 6085827.661755070090294, 1983973.430344508728012 ], [ 6085931.708182579837739, 1983896.264254708075896 ], [ 6086024.926518365740776, 1983811.776079967850819 ], [ 6086025.181465866044164, 1983811.623270316747949 ], [ 6086129.227893375791609, 1983734.457180516095832 ], [ 6086225.209709445945919, 1983647.464333243435249 ], [ 6086312.202556718140841, 1983551.482517173280939 ], [ 6086389.368646519258618, 1983447.436089663067833 ], [ 6086455.964827219955623, 1983336.327074687695131 ], [ 6086463.397052448242903, 1983320.612954721786082 ], [ 6086475.172112440690398, 1983304.736124249640852 ], [ 6086541.768293141387403, 1983193.62710927426815 ], [ 6086597.153207115828991, 1983076.525547385681421 ], [ 6086640.793467367999256, 1982954.559190639760345 ], [ 6086672.268794333562255, 1982828.902641725260764 ], [ 6086691.276063408702612, 1982700.766041898867115 ], [ 6086697.632224201224744, 1982571.383416663855314 ], [ 6086691.276063408702612, 1982442.000791428843513 ], [ 6086672.268794333562255, 1982313.864191602449864 ], [ 6086640.793467367999256, 1982188.207642687950283 ], [ 6086597.153207115828991, 1982066.241285942029208 ], [ 6086541.768293141387403, 1981949.139724053442478 ], [ 6086475.172112440690398, 1981838.030709078069776 ], [ 6086398.00602263957262, 1981733.984281567856669 ], [ 6086311.013175367377698, 1981638.00246549770236 ], [ 6086215.031359297223389, 1981551.009618225041777 ] ] ], [ [ [ 6143710.202608264051378, 2007090.486453040270135 ], [ 6143706.007188028655946, 2007090.692560819908977 ], [ 6143577.870588202960789, 2007109.699829894816503 ], [ 6143452.214039288461208, 2007141.175156860612333 ], [ 6143330.24768254160881, 2007184.815417112316936 ], [ 6143213.146120653487742, 2007240.200331087224185 ], [ 6143102.037105677649379, 2007306.79651178768836 ], [ 6142997.990678167901933, 2007383.962601588340476 ], [ 6142902.008862097747624, 2007470.955448861001059 ], [ 6142815.016014825552702, 2007566.937264931155369 ], [ 6142737.849925024434924, 2007670.983692441368476 ], [ 6142671.253744323737919, 2007782.092707416741177 ], [ 6142615.868830349296331, 2007899.194269305327907 ], [ 6142572.228570097126067, 2008021.160626051248983 ], [ 6142540.753243131563067, 2008146.817174965748563 ], [ 6142521.74597405642271, 2008274.953774792142212 ], [ 6142515.389813263900578, 2008404.336400027154014 ], [ 6142521.74597405642271, 2008533.719025262165815 ], [ 6142540.753243131563067, 2008661.855625088559464 ], [ 6142572.228570097126067, 2008787.512174003059044 ], [ 6142580.226732812821865, 2008809.865541316801682 ], [ 6142585.139646146446466, 2008829.47899077530019 ], [ 6142628.779906398616731, 2008951.445347521221265 ], [ 6142684.164820373058319, 2009068.546909409807995 ], [ 6142750.761001073755324, 2009179.655924385180697 ], [ 6142827.927090874873102, 2009283.702351895393804 ], [ 6142914.919938147068024, 2009379.684167965548113 ], [ 6143010.901754217222333, 2009466.677015238208696 ], [ 6143114.948181726969779, 2009543.843105038860813 ], [ 6143226.057196702808142, 2009610.439285739324987 ], [ 6143343.15875859092921, 2009665.824199714232236 ], [ 6143465.125115337781608, 2009709.46445996593684 ], [ 6143590.781664252281189, 2009740.939786931732669 ], [ 6143718.918264077976346, 2009759.947056006640196 ], [ 6143848.300889313220978, 2009766.303216799395159 ], [ 6143906.02018925268203, 2009763.467649422585964 ], [ 6143918.193280871026218, 2009769.22509297193028 ], [ 6144040.159637617878616, 2009812.865353223634884 ], [ 6144165.816186532378197, 2009844.340680189430714 ], [ 6144293.952786358073354, 2009863.34794926433824 ], [ 6144423.335411593317986, 2009869.704110057093203 ], [ 6144552.718036828562617, 2009863.34794926433824 ], [ 6144680.854636654257774, 2009844.340680189430714 ], [ 6144806.511185568757355, 2009812.865353223634884 ], [ 6144928.477542315609753, 2009769.22509297193028 ], [ 6145045.579104203730822, 2009713.840178997023031 ], [ 6145156.688119179569185, 2009647.243998296558857 ], [ 6145260.73454668931663, 2009570.07790849590674 ], [ 6145356.71636275947094, 2009483.085061223246157 ], [ 6145443.709210031665862, 2009387.103245153091848 ], [ 6145520.875299832783639, 2009283.056817642878741 ], [ 6145587.471480533480644, 2009171.947802667506039 ], [ 6145642.856394507922232, 2009054.846240778919309 ], [ 6145686.496654760092497, 2008932.879884032998234 ], [ 6145717.971981725655496, 2008807.223335118498653 ], [ 6145736.979250800795853, 2008679.086735292105004 ], [ 6145743.335411593317986, 2008549.704110057093203 ], [ 6145736.979250800795853, 2008420.321484822081402 ], [ 6145717.971981725655496, 2008292.184884995687753 ], [ 6145686.496654760092497, 2008166.528336081188172 ], [ 6145642.856394507922232, 2008044.561979335267097 ], [ 6145587.471480533480644, 2007927.460417446680367 ], [ 6145520.875299832783639, 2007816.351402471307665 ], [ 6145443.709210031665862, 2007712.304974961094558 ], [ 6145356.71636275947094, 2007616.323158890940249 ], [ 6145260.73454668931663, 2007529.330311618279666 ], [ 6145156.688119179569185, 2007452.164221817627549 ], [ 6145045.579104203730822, 2007385.568041117163375 ], [ 6144928.477542315609753, 2007330.183127142256126 ], [ 6144902.958643844351172, 2007321.052319267764688 ], [ 6144874.971959125250578, 2007307.815603201510385 ], [ 6144753.00560237839818, 2007264.175342949805781 ], [ 6144627.349053463898599, 2007232.700015984009951 ], [ 6144525.598198085092008, 2007217.606702368706465 ], [ 6144429.304985014721751, 2007172.063404428772628 ], [ 6144307.338628267869353, 2007128.423144177068025 ], [ 6144181.682079353369772, 2007096.947817211272195 ], [ 6144053.545479527674615, 2007077.940548136364669 ], [ 6143924.162854292429984, 2007071.584387343609706 ], [ 6143794.780229057185352, 2007077.940548136364669 ], [ 6143710.202608264051378, 2007090.486453040270135 ] ] ], [ [ [ 6133379.645803917199373, 2027506.103689905488864 ], [ 6133253.989255002699792, 2027537.579016871284693 ], [ 6133132.022898255847394, 2027581.219277122989297 ], [ 6133014.921336367726326, 2027636.604191097896546 ], [ 6132903.812321391887963, 2027703.20037179836072 ], [ 6132799.765893882140517, 2027780.366461599012837 ], [ 6132703.784077811986208, 2027867.35930887167342 ], [ 6132616.791230539791286, 2027963.341124941827729 ], [ 6132539.625140738673508, 2028067.387552452040836 ], [ 6132473.028960037976503, 2028178.496567427413538 ], [ 6132417.644046063534915, 2028295.598129316000268 ], [ 6132374.003785811364651, 2028417.564486061921343 ], [ 6132342.528458845801651, 2028543.221034976420924 ], [ 6132323.521189770661294, 2028671.357634802814573 ], [ 6132317.165028978139162, 2028800.740260037826374 ], [ 6132323.521189770661294, 2028930.122885272838175 ], [ 6132342.528458845801651, 2029058.259485099231824 ], [ 6132374.003785811364651, 2029183.916034013731405 ], [ 6132417.644046063534915, 2029305.88239075965248 ], [ 6132473.028960037976503, 2029422.98395264823921 ], [ 6132539.625140738673508, 2029534.092967623611912 ], [ 6132545.890279379673302, 2029542.540529177291319 ], [ 6132599.175606771372259, 2029631.441727066412568 ], [ 6132676.341696572490036, 2029735.488154576625675 ], [ 6132763.334543844684958, 2029831.469970646779984 ], [ 6132859.316359914839268, 2029918.462817919440567 ], [ 6132963.362787424586713, 2029995.628907720092684 ], [ 6133074.471802400425076, 2030062.225088420556858 ], [ 6133191.573364288546145, 2030117.610002395464107 ], [ 6133313.539721035398543, 2030161.250262647168711 ], [ 6133439.196269949898124, 2030192.725589612964541 ], [ 6133567.332869775593281, 2030211.732858687872067 ], [ 6133696.715495010837913, 2030218.08901948062703 ], [ 6133826.098120246082544, 2030211.732858687872067 ], [ 6133954.234720071777701, 2030192.725589612964541 ], [ 6134079.891268986277282, 2030161.250262647168711 ], [ 6134201.85762573312968, 2030117.610002395464107 ], [ 6134318.959187621250749, 2030062.225088420556858 ], [ 6134430.068202597089112, 2029995.628907720092684 ], [ 6134534.114630106836557, 2029918.462817919440567 ], [ 6134561.598378577269614, 2029893.553000299492851 ], [ 6134565.319224212318659, 2029890.793433101382107 ], [ 6134661.301040282472968, 2029803.800585828721523 ], [ 6134748.29388755466789, 2029707.818769758567214 ], [ 6134825.459977355785668, 2029603.772342248354107 ], [ 6134892.056158056482673, 2029492.663327272981405 ], [ 6134947.441072030924261, 2029375.561765384394675 ], [ 6134991.081332283094525, 2029253.5954086384736 ], [ 6135022.556659248657525, 2029127.938859723974019 ], [ 6135041.563928323797882, 2028999.80225989758037 ], [ 6135047.920089116320014, 2028870.419634662568569 ], [ 6135041.563928323797882, 2028741.037009427556768 ], [ 6135022.556659248657525, 2028612.900409601163119 ], [ 6134991.081332283094525, 2028487.243860686663538 ], [ 6134986.990280667319894, 2028475.810137378284708 ], [ 6134982.110978304408491, 2028456.330870436504483 ], [ 6134938.470718052238226, 2028334.364513690583408 ], [ 6134883.085804077796638, 2028217.262951801996678 ], [ 6134816.489623377099633, 2028106.153936826623976 ], [ 6134739.323533575981855, 2028002.107509316410869 ], [ 6134652.330686303786933, 2027906.12569324625656 ], [ 6134556.348870233632624, 2027819.132845973595977 ], [ 6134452.302442723885179, 2027741.96675617294386 ], [ 6134341.193427748046815, 2027675.370575472479686 ], [ 6134260.08190964255482, 2027637.007684489712119 ], [ 6134259.408721588551998, 2027636.604191097896546 ], [ 6134142.30715970043093, 2027581.219277122989297 ], [ 6134020.340802953578532, 2027537.579016871284693 ], [ 6133894.684254039078951, 2027506.103689905488864 ], [ 6133766.547654213383794, 2027487.096420830581337 ], [ 6133637.165028978139162, 2027480.740260037826374 ], [ 6133507.78240374289453, 2027487.096420830581337 ], [ 6133379.645803917199373, 2027506.103689905488864 ] ] ], [ [ [ 6122674.119791008532047, 2039878.124160669278353 ], [ 6122557.018229120410979, 2039822.739246694371104 ], [ 6122435.051872373558581, 2039779.098986442666501 ], [ 6122309.395323459059, 2039747.623659476870671 ], [ 6122181.258723633363843, 2039728.616390401963145 ], [ 6122051.876098398119211, 2039722.260229609208182 ], [ 6121922.493473162874579, 2039728.616390401963145 ], [ 6121794.356873337179422, 2039747.623659476870671 ], [ 6121668.700324422679842, 2039779.098986442666501 ], [ 6121546.733967675827444, 2039822.739246694371104 ], [ 6121429.632405787706375, 2039878.124160669278353 ], [ 6121318.523390811868012, 2039944.720341369742528 ], [ 6121308.395302864722908, 2039952.231843328336254 ], [ 6121281.877417041920125, 2039968.126052420586348 ], [ 6121177.83098953217268, 2040045.292142221238464 ], [ 6121081.849173462018371, 2040132.284989493899047 ], [ 6120994.856326189823449, 2040228.266805564053357 ], [ 6120917.690236388705671, 2040332.313233074266464 ], [ 6120851.094055688008666, 2040443.422248049639165 ], [ 6120850.403802170418203, 2040444.881666494067758 ], [ 6120835.122335788793862, 2040470.377252865349874 ], [ 6120779.737421814352274, 2040587.478814753936604 ], [ 6120736.097161562182009, 2040709.445171499857679 ], [ 6120704.62183459661901, 2040835.10172041435726 ], [ 6120685.614565521478653, 2040963.238320240750909 ], [ 6120679.258404728956521, 2041092.62094547576271 ], [ 6120685.614565521478653, 2041222.003570710774511 ], [ 6120704.62183459661901, 2041350.14017053716816 ], [ 6120736.097161562182009, 2041475.796719451667741 ], [ 6120779.737421814352274, 2041597.763076197588816 ], [ 6120835.122335788793862, 2041714.864638086175546 ], [ 6120901.718516489490867, 2041825.973653061548248 ], [ 6120978.884606290608644, 2041930.020080571761355 ], [ 6121065.877453562803566, 2042026.001896641915664 ], [ 6121161.859269632957876, 2042112.994743914576247 ], [ 6121265.905697142705321, 2042190.160833715228364 ], [ 6121377.014712118543684, 2042256.757014415692538 ], [ 6121382.868478126823902, 2042259.5256395440083 ], [ 6121385.812115461565554, 2042261.708789781201631 ], [ 6121496.921130437403917, 2042328.304970481665805 ], [ 6121614.022692325524986, 2042383.689884456573054 ], [ 6121735.989049072377384, 2042427.330144708277658 ], [ 6121861.645597986876965, 2042458.805471674073488 ], [ 6121989.782197812572122, 2042477.812740748981014 ], [ 6122119.164823047816753, 2042484.168901541735977 ], [ 6122248.547448283061385, 2042477.812740748981014 ], [ 6122376.684048108756542, 2042458.805471674073488 ], [ 6122502.340597023256123, 2042427.330144708277658 ], [ 6122624.306953770108521, 2042383.689884456573054 ], [ 6122741.408515658229589, 2042328.304970481665805 ], [ 6122852.517530634067953, 2042261.708789781201631 ], [ 6122956.563958143815398, 2042184.542699980549514 ], [ 6123052.545774213969707, 2042097.549852707888931 ], [ 6123139.538621486164629, 2042001.568036637734622 ], [ 6123216.704711287282407, 2041897.521609127521515 ], [ 6123283.300891987979412, 2041786.412594152148813 ], [ 6123338.685805962421, 2041669.311032263562083 ], [ 6123382.326066214591265, 2041547.344675517641008 ], [ 6123413.801393180154264, 2041421.688126603141427 ], [ 6123432.808662255294621, 2041293.551526776747778 ], [ 6123439.164823047816753, 2041164.168901541735977 ], [ 6123432.808662255294621, 2041034.786276306724176 ], [ 6123413.801393180154264, 2040906.649676480330527 ], [ 6123382.326066214591265, 2040780.993127565830946 ], [ 6123338.685805962421, 2040659.026770819909871 ], [ 6123283.300891987979412, 2040541.925208931323141 ], [ 6123237.639699211344123, 2040465.744111177045852 ], [ 6123216.01216733828187, 2040420.016536998795345 ], [ 6123149.415986637584865, 2040308.907522023422644 ], [ 6123072.249896836467087, 2040204.861094513209537 ], [ 6122985.257049564272165, 2040108.879278443055227 ], [ 6122889.275233494117856, 2040021.886431170394644 ], [ 6122785.22880598437041, 2039944.720341369742528 ], [ 6122674.119791008532047, 2039878.124160669278353 ] ] ], [ [ [ 6111971.888574534095824, 2056516.666611710097641 ], [ 6111894.722484732978046, 2056412.620184199884534 ], [ 6111807.729637460783124, 2056316.638368129730225 ], [ 6111711.747821390628815, 2056229.645520857069641 ], [ 6111607.701393880881369, 2056152.479431056417525 ], [ 6111496.592378905043006, 2056085.883250355953351 ], [ 6111379.490817016921937, 2056030.498336381046101 ], [ 6111257.52446027006954, 2055986.858076129341498 ], [ 6111131.867911355569959, 2055955.382749163545668 ], [ 6111003.731311529874802, 2055936.375480088638142 ], [ 6110874.34868629463017, 2055930.019319295883179 ], [ 6110744.966061059385538, 2055936.375480088638142 ], [ 6110616.829461233690381, 2055955.382749163545668 ], [ 6110491.1729123191908, 2055986.858076129341498 ], [ 6110369.206555572338402, 2056030.498336381046101 ], [ 6110252.104993684217334, 2056085.883250355953351 ], [ 6110140.995978708378971, 2056152.479431056417525 ], [ 6110036.949551198631525, 2056229.645520857069641 ], [ 6109940.967735128477216, 2056316.638368129730225 ], [ 6109853.974887856282294, 2056412.620184199884534 ], [ 6109776.808798055164516, 2056516.666611710097641 ], [ 6109710.212617354467511, 2056627.775626685470343 ], [ 6109654.827703380025923, 2056744.877188574057072 ], [ 6109611.187443127855659, 2056866.843545319978148 ], [ 6109579.712116162292659, 2056992.500094234477729 ], [ 6109560.704847087152302, 2057120.636694060871378 ], [ 6109554.34868629463017, 2057250.019319295883179 ], [ 6109560.704847087152302, 2057379.40194453089498 ], [ 6109579.712116162292659, 2057507.538544357288629 ], [ 6109611.187443127855659, 2057633.19509327178821 ], [ 6109654.827703380025923, 2057755.161450017709285 ], [ 6109710.212617354467511, 2057872.263011906296015 ], [ 6109776.808798055164516, 2057983.372026881668717 ], [ 6109853.974887856282294, 2058087.418454391881824 ], [ 6109940.967735128477216, 2058183.400270462036133 ], [ 6110036.949551198631525, 2058270.393117734696716 ], [ 6110140.995978708378971, 2058347.559207535348833 ], [ 6110252.104993684217334, 2058414.155388235813007 ], [ 6110369.206555572338402, 2058469.540302210720256 ], [ 6110491.1729123191908, 2058513.180562462424859 ], [ 6110616.829461233690381, 2058544.655889428220689 ], [ 6110744.966061059385538, 2058563.663158503128216 ], [ 6110874.34868629463017, 2058570.019319295883179 ], [ 6111003.731311529874802, 2058563.663158503128216 ], [ 6111131.867911355569959, 2058544.655889428220689 ], [ 6111257.52446027006954, 2058513.180562462424859 ], [ 6111379.490817016921937, 2058469.540302210720256 ], [ 6111496.592378905043006, 2058414.155388235813007 ], [ 6111607.701393880881369, 2058347.559207535348833 ], [ 6111711.747821390628815, 2058270.393117734696716 ], [ 6111807.729637460783124, 2058183.400270462036133 ], [ 6111894.722484732978046, 2058087.418454391881824 ], [ 6111971.888574534095824, 2057983.372026881668717 ], [ 6112038.484755234792829, 2057872.263011906296015 ], [ 6112093.869669209234416, 2057755.161450017709285 ], [ 6112137.509929461404681, 2057633.19509327178821 ], [ 6112168.98525642696768, 2057507.538544357288629 ], [ 6112187.992525502108037, 2057379.40194453089498 ], [ 6112194.34868629463017, 2057250.019319295883179 ], [ 6112187.992525502108037, 2057120.636694060871378 ], [ 6112168.98525642696768, 2056992.500094234477729 ], [ 6112137.509929461404681, 2056866.843545319978148 ], [ 6112093.869669209234416, 2056744.877188574057072 ], [ 6112038.484755234792829, 2056627.775626685470343 ], [ 6111971.888574534095824, 2056516.666611710097641 ] ] ], [ [ [ 6103500.661434481851757, 2069324.890970831736922 ], [ 6103413.668587209656835, 2069228.909154761582613 ], [ 6103317.686771139502525, 2069141.91630748892203 ], [ 6103213.64034362975508, 2069064.750217688269913 ], [ 6103102.531328653916717, 2068998.154036987805739 ], [ 6102985.429766765795648, 2068942.76912301289849 ], [ 6102863.46341001894325, 2068899.128862761193886 ], [ 6102737.806861104443669, 2068867.653535795398057 ], [ 6102609.670261278748512, 2068848.64626672049053 ], [ 6102480.287636043503881, 2068842.290105927735567 ], [ 6102350.905010808259249, 2068848.64626672049053 ], [ 6102222.768410982564092, 2068867.653535795398057 ], [ 6102097.111862068064511, 2068899.128862761193886 ], [ 6101975.145505321212113, 2068942.76912301289849 ], [ 6101862.110467556864023, 2068996.230714316945523 ], [ 6101775.56201218534261, 2069027.198246819665655 ], [ 6101658.460450297221541, 2069082.583160794572905 ], [ 6101547.351435321383178, 2069149.179341495037079 ], [ 6101443.305007811635733, 2069226.345431295689195 ], [ 6101347.323191741481423, 2069313.338278568349779 ], [ 6101260.330344469286501, 2069409.320094638504088 ], [ 6101183.164254668168724, 2069513.366522148717195 ], [ 6101116.568073967471719, 2069624.475537124089897 ], [ 6101061.183159993030131, 2069741.577099012676626 ], [ 6101017.542899740859866, 2069863.543455758597702 ], [ 6100986.067572775296867, 2069989.200004673097283 ], [ 6100967.06030370015651, 2070117.336604499490932 ], [ 6100960.704142907634377, 2070246.719229734502733 ], [ 6100967.06030370015651, 2070376.101854969514534 ], [ 6100986.067572775296867, 2070504.238454795908183 ], [ 6101017.542899740859866, 2070629.895003710407764 ], [ 6101061.183159993030131, 2070751.861360456328839 ], [ 6101116.568073967471719, 2070868.962922344915569 ], [ 6101183.164254668168724, 2070980.071937320288271 ], [ 6101260.330344469286501, 2071084.118364830501378 ], [ 6101347.323191741481423, 2071180.100180900655687 ], [ 6101362.087674871087074, 2071193.481928387191147 ], [ 6101391.002260469831526, 2071225.384257414378226 ], [ 6101486.984076539985836, 2071312.377104687038809 ], [ 6101591.030504049733281, 2071389.543194487690926 ], [ 6101702.139519025571644, 2071456.1393751881551 ], [ 6101819.241080913692713, 2071511.524289163062349 ], [ 6101941.207437660545111, 2071555.164549414766952 ], [ 6102066.863986575044692, 2071586.639876380562782 ], [ 6102195.000586400739849, 2071605.647145455470309 ], [ 6102324.38321163598448, 2071612.003306248225272 ], [ 6102453.765836871229112, 2071605.647145455470309 ], [ 6102581.902436696924269, 2071586.639876380562782 ], [ 6102707.55898561142385, 2071555.164549414766952 ], [ 6102829.525342358276248, 2071511.524289163062349 ], [ 6102946.626904246397316, 2071456.1393751881551 ], [ 6103057.73591922223568, 2071389.543194487690926 ], [ 6103161.782346731983125, 2071312.377104687038809 ], [ 6103247.312933559529483, 2071234.85669945157133 ], [ 6103317.686771139502525, 2071182.663904366549104 ], [ 6103413.668587209656835, 2071095.671057093888521 ], [ 6103500.661434481851757, 2070999.689241023734212 ], [ 6103577.827524282969534, 2070895.642813513521105 ], [ 6103644.423704983666539, 2070784.533798538148403 ], [ 6103699.808618958108127, 2070667.432236649561673 ], [ 6103743.448879210278392, 2070545.465879903640598 ], [ 6103774.924206175841391, 2070419.809330989141017 ], [ 6103793.931475250981748, 2070291.672731162747368 ], [ 6103800.287636043503881, 2070162.290105927735567 ], [ 6103793.931475250981748, 2070032.907480692723766 ], [ 6103774.924206175841391, 2069904.770880866330117 ], [ 6103743.448879210278392, 2069779.114331951830536 ], [ 6103699.808618958108127, 2069657.147975205909461 ], [ 6103644.423704983666539, 2069540.046413317322731 ], [ 6103577.827524282969534, 2069428.937398341950029 ], [ 6103500.661434481851757, 2069324.890970831736922 ] ] ], [ [ [ 6106798.853337143547833, 2077287.869220735970885 ], [ 6106721.687247342430055, 2077183.822793225757778 ], [ 6106634.694400070235133, 2077087.840977155603468 ], [ 6106538.712584, 2077000.848129882942885 ], [ 6106434.666156490333378, 2076923.682040082290769 ], [ 6106323.557141514495015, 2076857.085859381826594 ], [ 6106206.455579626373947, 2076801.700945406919345 ], [ 6106084.489222879521549, 2076758.060685155214742 ], [ 6105958.832673965021968, 2076726.585358189418912 ], [ 6105830.696074139326811, 2076707.578089114511386 ], [ 6105701.313448904082179, 2076701.221928321756423 ], [ 6105571.930823668837547, 2076707.578089114511386 ], [ 6105443.79422384314239, 2076726.585358189418912 ], [ 6105318.137674928642809, 2076758.060685155214742 ], [ 6105196.171318181790411, 2076801.700945406919345 ], [ 6105079.069756293669343, 2076857.085859381826594 ], [ 6104967.96074131783098, 2076923.682040082290769 ], [ 6104863.914313808083534, 2077000.848129882942885 ], [ 6104767.932497737929225, 2077087.840977155603468 ], [ 6104680.939650465734303, 2077183.822793225757778 ], [ 6104603.773560664616525, 2077287.869220735970885 ], [ 6104537.17737996391952, 2077398.978235711343586 ], [ 6104481.792465989477932, 2077516.079797599930316 ], [ 6104438.152205737307668, 2077638.046154345851392 ], [ 6104406.676878771744668, 2077763.702703260350972 ], [ 6104387.669609696604311, 2077891.839303086744621 ], [ 6104381.313448904082179, 2078021.221928321756423 ], [ 6104387.669609696604311, 2078150.604553556768224 ], [ 6104406.676878771744668, 2078278.741153383161873 ], [ 6104438.152205737307668, 2078404.397702297661453 ], [ 6104481.792465989477932, 2078526.364059043582529 ], [ 6104537.17737996391952, 2078643.465620932169259 ], [ 6104603.773560664616525, 2078754.57463590754196 ], [ 6104680.939650465734303, 2078858.621063417755067 ], [ 6104767.932497737929225, 2078954.602879487909377 ], [ 6104863.914313808083534, 2079041.59572676056996 ], [ 6104967.96074131783098, 2079118.761816561222076 ], [ 6105079.069756293669343, 2079185.357997261686251 ], [ 6105196.171318181790411, 2079240.7429112365935 ], [ 6105318.137674928642809, 2079284.383171488298103 ], [ 6105443.79422384314239, 2079315.858498454093933 ], [ 6105571.930823668837547, 2079334.865767529001459 ], [ 6105701.313448904082179, 2079341.221928321756423 ], [ 6105830.696074139326811, 2079334.865767529001459 ], [ 6105958.832673965021968, 2079315.858498454093933 ], [ 6106084.489222879521549, 2079284.383171488298103 ], [ 6106206.455579626373947, 2079240.7429112365935 ], [ 6106323.557141514495015, 2079185.357997261686251 ], [ 6106434.666156490333378, 2079118.761816561222076 ], [ 6106538.712584, 2079041.59572676056996 ], [ 6106634.694400070235133, 2078954.602879487909377 ], [ 6106721.687247342430055, 2078858.621063417755067 ], [ 6106798.853337143547833, 2078754.57463590754196 ], [ 6106865.449517844244838, 2078643.465620932169259 ], [ 6106920.834431818686426, 2078526.364059043582529 ], [ 6106964.47469207085669, 2078404.397702297661453 ], [ 6106995.95001903641969, 2078278.741153383161873 ], [ 6107014.957288111560047, 2078150.604553556768224 ], [ 6107021.313448904082179, 2078021.221928321756423 ], [ 6107014.957288111560047, 2077891.839303086744621 ], [ 6106995.95001903641969, 2077763.702703260350972 ], [ 6106964.47469207085669, 2077638.046154345851392 ], [ 6106920.834431818686426, 2077516.079797599930316 ], [ 6106865.449517844244838, 2077398.978235711343586 ], [ 6106798.853337143547833, 2077287.869220735970885 ] ] ], [ [ [ 6090342.368594030849636, 2079134.072447871789336 ], [ 6090231.259579055011272, 2079200.66862857225351 ], [ 6090127.213151545263827, 2079277.834718372905627 ], [ 6090031.231335475109518, 2079364.82756564556621 ], [ 6089944.238488202914596, 2079460.809381715720519 ], [ 6089867.072398401796818, 2079564.855809225933626 ], [ 6089800.476217701099813, 2079675.964824201306328 ], [ 6089745.091303726658225, 2079793.066386089893058 ], [ 6089701.45104347448796, 2079915.032742835814133 ], [ 6089669.975716508924961, 2080040.689291750313714 ], [ 6089650.968447433784604, 2080168.825891576707363 ], [ 6089644.612286641262472, 2080298.208516811719164 ], [ 6089650.968447433784604, 2080427.591142046730965 ], [ 6089669.975716508924961, 2080555.727741873124614 ], [ 6089701.45104347448796, 2080681.384290787624195 ], [ 6089745.091303726658225, 2080803.350647533545271 ], [ 6089800.476217701099813, 2080920.452209422132 ], [ 6089867.072398401796818, 2081031.561224397504702 ], [ 6089944.238488202914596, 2081135.607651907717809 ], [ 6090031.231335475109518, 2081231.589467977872118 ], [ 6090127.213151545263827, 2081318.582315250532702 ], [ 6090231.259579055011272, 2081395.748405051184818 ], [ 6090342.368594030849636, 2081462.344585751648992 ], [ 6090459.470155918970704, 2081517.729499726556242 ], [ 6090469.064419301226735, 2081521.16238205647096 ], [ 6090494.123784106224775, 2081536.182387293316424 ], [ 6090611.225345994345844, 2081591.567301268223673 ], [ 6090733.191702741198242, 2081635.207561519928277 ], [ 6090858.848251655697823, 2081666.682888485724106 ], [ 6090986.98485148139298, 2081685.690157560631633 ], [ 6090991.197986103594303, 2081685.897135592298582 ], [ 6091001.182237163186073, 2081687.378159333020449 ], [ 6091130.564862398430705, 2081693.734320125775412 ], [ 6091259.947487633675337, 2081687.378159333020449 ], [ 6091388.084087459370494, 2081668.370890258112922 ], [ 6091513.740636373870075, 2081636.895563292317092 ], [ 6091635.706993120722473, 2081593.255303040612489 ], [ 6091752.808555008843541, 2081537.87038906570524 ], [ 6091863.917569984681904, 2081471.274208365241066 ], [ 6091967.96399749442935, 2081394.108118564588949 ], [ 6092063.945813564583659, 2081307.115271291928366 ], [ 6092150.938660836778581, 2081211.133455221774057 ], [ 6092228.104750637896359, 2081107.08702771156095 ], [ 6092294.700931338593364, 2080995.978012736188248 ], [ 6092318.985854043625295, 2080944.631857708562165 ], [ 6092320.210563510656357, 2080942.588553406996652 ], [ 6092375.595477485097945, 2080825.486991518409923 ], [ 6092419.235737737268209, 2080703.520634772488847 ], [ 6092450.711064702831209, 2080577.864085857989267 ], [ 6092469.718333777971566, 2080449.727486031595618 ], [ 6092476.074494570493698, 2080320.344860796583816 ], [ 6092469.718333777971566, 2080190.962235561572015 ], [ 6092450.711064702831209, 2080062.825635735178366 ], [ 6092419.235737737268209, 2079937.169086820678785 ], [ 6092375.595477485097945, 2079815.20273007475771 ], [ 6092320.210563510656357, 2079698.10116818617098 ], [ 6092253.614382809959352, 2079586.992153210798278 ], [ 6092176.448293008841574, 2079482.945725700585172 ], [ 6092089.455445736646652, 2079386.963909630430862 ], [ 6091993.473629666492343, 2079299.971062357770279 ], [ 6091889.427202156744897, 2079222.804972557118163 ], [ 6091778.318187180906534, 2079156.208791856653988 ], [ 6091661.216625292785466, 2079100.823877881746739 ], [ 6091539.250268545933068, 2079057.183617630042136 ], [ 6091413.593719631433487, 2079025.708290664246306 ], [ 6091285.45711980573833, 2079006.701021589338779 ], [ 6091222.221337209455669, 2079003.594446797622368 ], [ 6091222.13151170220226, 2079003.571946679381654 ], [ 6091093.994911876507103, 2078984.564677604474127 ], [ 6090964.612286641262472, 2078978.208516811719164 ], [ 6090835.22966140601784, 2078984.564677604474127 ], [ 6090707.093061580322683, 2079003.571946679381654 ], [ 6090581.436512665823102, 2079035.047273645177484 ], [ 6090459.470155918970704, 2079078.687533896882087 ], [ 6090342.368594030849636, 2079134.072447871789336 ] ] ], [ [ [ 6149585.69773277733475, 2079392.79778019618243 ], [ 6149498.704885505139828, 2079296.815964126028121 ], [ 6149402.723069434985518, 2079209.823116853367537 ], [ 6149298.676641925238073, 2079132.657027052715421 ], [ 6149187.56762694939971, 2079066.060846352251247 ], [ 6149070.466065061278641, 2079010.675932377343997 ], [ 6148948.499708314426243, 2078967.035672125639394 ], [ 6148822.843159399926662, 2078935.560345159843564 ], [ 6148694.706559574231505, 2078916.553076084936038 ], [ 6148565.323934338986874, 2078910.196915292181075 ], [ 6148435.941309103742242, 2078916.553076084936038 ], [ 6148307.804709278047085, 2078935.560345159843564 ], [ 6148182.148160363547504, 2078967.035672125639394 ], [ 6148060.181803616695106, 2079010.675932377343997 ], [ 6147943.080241728574038, 2079066.060846352251247 ], [ 6147831.971226752735674, 2079132.657027052715421 ], [ 6147727.924799242988229, 2079209.823116853367537 ], [ 6147631.94298317283392, 2079296.815964126028121 ], [ 6147544.950135900638998, 2079392.79778019618243 ], [ 6147467.78404609952122, 2079496.844207706395537 ], [ 6147401.187865398824215, 2079607.953222681768239 ], [ 6147345.802951424382627, 2079725.054784570354968 ], [ 6147302.162691172212362, 2079847.021141316276044 ], [ 6147270.687364206649363, 2079972.677690230775625 ], [ 6147251.680095131509006, 2080100.814290057169273 ], [ 6147245.323934338986874, 2080230.196915292181075 ], [ 6147251.680095131509006, 2080359.579540527192876 ], [ 6147270.687364206649363, 2080487.716140353586525 ], [ 6147284.965315980836749, 2080544.716919009806588 ], [ 6147283.237136818468571, 2080556.367356579750776 ], [ 6147276.880976025946438, 2080685.749981814762577 ], [ 6147283.237136818468571, 2080815.132607049774379 ], [ 6147302.244405893608928, 2080943.269206876168028 ], [ 6147333.719732859171927, 2081068.925755790667608 ], [ 6147377.359993111342192, 2081190.892112536588684 ], [ 6147432.74490708578378, 2081307.993674425175413 ], [ 6147499.341087786480784, 2081419.102689400548115 ], [ 6147576.507177587598562, 2081523.149116910761222 ], [ 6147663.500024859793484, 2081619.130932980915532 ], [ 6147759.481840929947793, 2081706.123780253576115 ], [ 6147863.528268439695239, 2081783.289870054228231 ], [ 6147974.637283415533602, 2081849.886050754692405 ], [ 6148091.738845303654671, 2081905.270964729599655 ], [ 6148213.705202050507069, 2081948.911224981304258 ], [ 6148339.361750965006649, 2081980.386551947100088 ], [ 6148467.498350790701807, 2081999.393821022007614 ], [ 6148596.880976025946438, 2082005.749981814762577 ], [ 6148726.26360126119107, 2081999.393821022007614 ], [ 6148854.400201086886227, 2081980.386551947100088 ], [ 6148980.056750001385808, 2081948.911224981304258 ], [ 6149102.023106748238206, 2081905.270964729599655 ], [ 6149219.124668636359274, 2081849.886050754692405 ], [ 6149330.233683612197638, 2081783.289870054228231 ], [ 6149434.280111121945083, 2081706.123780253576115 ], [ 6149530.261927192099392, 2081619.130932980915532 ], [ 6149617.254774464294314, 2081523.149116910761222 ], [ 6149694.420864265412092, 2081419.102689400548115 ], [ 6149761.017044966109097, 2081307.993674425175413 ], [ 6149816.401958940550685, 2081190.892112536588684 ], [ 6149860.04221919272095, 2081068.925755790667608 ], [ 6149891.517546158283949, 2080943.269206876168028 ], [ 6149910.524815233424306, 2080815.132607049774379 ], [ 6149916.880976025946438, 2080685.749981814762577 ], [ 6149910.524815233424306, 2080556.367356579750776 ], [ 6149891.517546158283949, 2080428.230756753357127 ], [ 6149877.239594384096563, 2080371.229978097137064 ], [ 6149878.967773546464741, 2080359.579540527192876 ], [ 6149885.323934338986874, 2080230.196915292181075 ], [ 6149878.967773546464741, 2080100.814290057169273 ], [ 6149859.960504471324384, 2079972.677690230775625 ], [ 6149828.485177505761385, 2079847.021141316276044 ], [ 6149784.84491725359112, 2079725.054784570354968 ], [ 6149729.460003279149532, 2079607.953222681768239 ], [ 6149662.863822578452528, 2079496.844207706395537 ], [ 6149585.69773277733475, 2079392.79778019618243 ] ] ], [ [ [ 6158277.138837496750057, 2080235.254819959169254 ], [ 6158199.972747695632279, 2080131.208392448956147 ], [ 6158112.979900423437357, 2080035.226576378801838 ], [ 6158016.998084353283048, 2079948.233729106141254 ], [ 6157912.951656843535602, 2079871.067639305489138 ], [ 6157801.842641867697239, 2079804.471458605024964 ], [ 6157684.74107997957617, 2079749.086544630117714 ], [ 6157562.774723232723773, 2079705.446284378413111 ], [ 6157437.118174318224192, 2079673.970957412617281 ], [ 6157308.981574492529035, 2079654.963688337709755 ], [ 6157179.598949257284403, 2079648.607527544954792 ], [ 6157050.216324022039771, 2079654.963688337709755 ], [ 6156922.079724196344614, 2079673.970957412617281 ], [ 6156796.423175281845033, 2079705.446284378413111 ], [ 6156674.456818534992635, 2079749.086544630117714 ], [ 6156557.355256646871567, 2079804.471458605024964 ], [ 6156446.246241671033204, 2079871.067639305489138 ], [ 6156342.199814161285758, 2079948.233729106141254 ], [ 6156246.217998091131449, 2080035.226576378801838 ], [ 6156159.225150818936527, 2080131.208392448956147 ], [ 6156082.059061017818749, 2080235.254819959169254 ], [ 6156015.462880317121744, 2080346.363834934541956 ], [ 6155960.077966342680156, 2080463.465396823128685 ], [ 6155916.437706090509892, 2080585.431753569049761 ], [ 6155884.962379124946892, 2080711.088302483549342 ], [ 6155865.955110049806535, 2080839.224902309942991 ], [ 6155859.598949257284403, 2080968.607527544954792 ], [ 6155865.955110049806535, 2081097.990152779966593 ], [ 6155884.962379124946892, 2081226.126752606360242 ], [ 6155916.437706090509892, 2081351.783301520859823 ], [ 6155960.077966342680156, 2081473.749658266780898 ], [ 6156015.462880317121744, 2081590.851220155367628 ], [ 6156082.059061017818749, 2081701.96023513074033 ], [ 6156159.225150818936527, 2081806.006662640953436 ], [ 6156246.217998091131449, 2081901.988478711107746 ], [ 6156342.199814161285758, 2081988.981325983768329 ], [ 6156446.246241671033204, 2082066.147415784420446 ], [ 6156557.355256646871567, 2082132.74359648488462 ], [ 6156674.456818534992635, 2082188.128510459791869 ], [ 6156796.423175281845033, 2082231.768770711496472 ], [ 6156922.079724196344614, 2082263.244097677292302 ], [ 6157050.216324022039771, 2082282.251366752199829 ], [ 6157179.598949257284403, 2082288.607527544954792 ], [ 6157308.981574492529035, 2082282.251366752199829 ], [ 6157437.118174318224192, 2082263.244097677292302 ], [ 6157562.774723232723773, 2082231.768770711496472 ], [ 6157684.74107997957617, 2082188.128510459791869 ], [ 6157801.842641867697239, 2082132.74359648488462 ], [ 6157912.951656843535602, 2082066.147415784420446 ], [ 6158016.998084353283048, 2081988.981325983768329 ], [ 6158112.979900423437357, 2081901.988478711107746 ], [ 6158199.972747695632279, 2081806.006662640953436 ], [ 6158277.138837496750057, 2081701.96023513074033 ], [ 6158343.735018197447062, 2081590.851220155367628 ], [ 6158399.119932171888649, 2081473.749658266780898 ], [ 6158442.760192424058914, 2081351.783301520859823 ], [ 6158474.235519389621913, 2081226.126752606360242 ], [ 6158493.24278846476227, 2081097.990152779966593 ], [ 6158499.598949257284403, 2080968.607527544954792 ], [ 6158493.24278846476227, 2080839.224902309942991 ], [ 6158474.235519389621913, 2080711.088302483549342 ], [ 6158442.760192424058914, 2080585.431753569049761 ], [ 6158399.119932171888649, 2080463.465396823128685 ], [ 6158343.735018197447062, 2080346.363834934541956 ], [ 6158277.138837496750057, 2080235.254819959169254 ] ] ] ] } }
]
}
