{
"type": "FeatureCollection",
"name": "Tier2_halfmile_buffers_all",
"crs": { "type": "name", "properties": { "name": "urn:ogc:def:crs:EPSG::2227" } },
"features": [
{ "type": "Feature", "properties": { "stop_name": "Alder Station", "stop_id": "64803", "stop_desc": "Eastbound", "route_info": { "route_id": [ "SC:Event-Orange", "SC:Orange Line" ], "route_type": [ "0" ] }, "stop_name_clean": "San Leandro BART", "access_id": " ", "station_id": "52541", "acces_poin": "Pedestrian Access Point", "location_t": "2", "stop_lat": 37.72157, "stop_lon": -122.16017, "stop_name_": "Broad St & Plymouth Ave", "stop_id_12": "13718", "stop_code": "15571", "zone_id": null, "stop_url": "https://www.sfmta.com/15571", "tts_stop_n": null, "platform_c": null, "parent_sta": "13718", "stop_timez": "America/Los_Angeles", "wheelchair": "0", "level_id": null }, "geometry": { "type": "MultiPolygon", "coordinates": [ [ [ [ 5992068.473669143393636, 2085962.846175578655675 ], [ 5991845.057869289070368, 2085951.870461143087596 ], [ 5991586.292618818581104, 2085964.582782728597522 ], [ 5991330.019419166259468, 2086002.597320878645405 ], [ 5991078.706321337260306, 2086065.547974810004234 ], [ 5990834.773607845418155, 2086152.828495313180611 ], [ 5990600.570484068244696, 2086263.59832326346077 ], [ 5990378.352454117499292, 2086396.790684664389119 ], [ 5990170.259599097073078, 2086551.122864265460521 ], [ 5989978.29596695676446, 2086725.108558810548857 ], [ 5989804.310272411443293, 2086917.072190951090306 ], [ 5989649.97809281013906, 2087125.165045971283689 ], [ 5989516.785731409676373, 2087347.383075922494754 ], [ 5989502.516832671128213, 2087377.55212754313834 ], [ 5989341.669596079736948, 2087555.019705187994987 ], [ 5989187.337416478432715, 2087763.11256020818837 ], [ 5989054.145055077970028, 2087985.330590159399435 ], [ 5988986.930512771941721, 2088127.44379970873706 ], [ 5988904.975594701245427, 2088264.177319912007079 ], [ 5988794.205766750499606, 2088498.380443688714877 ], [ 5988706.925246248021722, 2088742.313157180789858 ], [ 5988643.974592315964401, 2088993.62625501002185 ], [ 5988621.937816706486046, 2089142.186128947418183 ], [ 5988545.372787577100098, 2089211.580626345006749 ], [ 5988371.387093031778932, 2089403.544258485548198 ], [ 5988217.054913430474699, 2089611.637113505741581 ], [ 5988083.862552030012012, 2089833.855143456952646 ], [ 5987973.092724079266191, 2090068.058267233660445 ], [ 5987885.812203576788306, 2090311.990980725735426 ], [ 5987822.861549644730985, 2090563.304078554967418 ], [ 5987784.847011494450271, 2090819.577278207521886 ], [ 5987772.134689909406006, 2091078.342528677545488 ], [ 5987784.847011494450271, 2091337.10777914756909 ], [ 5987822.861549644730985, 2091593.380978800123557 ], [ 5987885.812203576788306, 2091844.69407662935555 ], [ 5987973.092724079266191, 2092088.626790121430531 ], [ 5988073.329120526090264, 2092300.558844167040661 ], [ 5988018.535273100249469, 2092453.697388806845993 ], [ 5987955.584619168192148, 2092705.010486636077985 ], [ 5987917.570081017911434, 2092961.283686288632452 ], [ 5987904.857759432867169, 2093220.048936758656055 ], [ 5987917.570081017911434, 2093478.814187228679657 ], [ 5987955.584619168192148, 2093735.087386881234124 ], [ 5988018.535273100249469, 2093986.400484710466117 ], [ 5988105.815793602727354, 2094230.333198202541098 ], [ 5988130.16398455016315, 2094281.813122687628493 ], [ 5988103.554958979599178, 2094461.196602123323828 ], [ 5988090.842637394554913, 2094719.96185259334743 ], [ 5988103.554958979599178, 2094978.727103063371032 ], [ 5988141.569497129879892, 2095235.0003027159255 ], [ 5988204.520151061937213, 2095486.313400545157492 ], [ 5988291.800671564415097, 2095730.246114037232473 ], [ 5988402.570499515160918, 2095964.449237813940272 ], [ 5988535.762860915623605, 2096186.667267765151337 ], [ 5988590.030393185093999, 2096259.838564600562677 ], [ 5988595.733562342822552, 2096271.896902659442276 ], [ 5988651.940738623961806, 2096365.672910914756358 ], [ 5988498.739758604206145, 2096342.947692251764238 ], [ 5988239.974508133716881, 2096330.235370666254312 ], [ 5987981.209257663227618, 2096342.947692251764238 ], [ 5987724.936058010905981, 2096380.962230401812121 ], [ 5987702.428112937137485, 2096386.60017714346759 ], [ 5987513.558687729761004, 2096339.290848950156942 ], [ 5987257.285488077439368, 2096301.276310800109059 ], [ 5986998.520237606950104, 2096288.563989214599133 ], [ 5986772.384235149249434, 2096299.673338634893298 ], [ 5986639.02100224699825, 2096279.890771781094372 ], [ 5986380.255751776508987, 2096267.178450195584446 ], [ 5986121.490501306019723, 2096279.890771781094372 ], [ 5985865.217301653698087, 2096317.905309931142256 ], [ 5985824.081344065256417, 2096328.209330901969224 ], [ 5985710.064624186605215, 2096299.649629328632727 ], [ 5985494.354177082888782, 2096267.652007135096937 ], [ 5985477.264141792431474, 2096263.371176145737991 ], [ 5985220.990942140109837, 2096225.356637995690107 ], [ 5984962.225691669620574, 2096212.644316410180181 ], [ 5984953.575163829140365, 2096213.069289591861889 ], [ 5984885.111299963667989, 2096209.70587563700974 ], [ 5984879.182297085411847, 2096209.997148870723322 ], [ 5984834.925051941536367, 2096207.822929837275296 ], [ 5984699.849745469167829, 2096214.458754125982523 ], [ 5984696.711448719725013, 2096193.302075955318287 ], [ 5984633.760794787667692, 2095941.988978126086295 ], [ 5984546.480274285189807, 2095698.056264634011313 ], [ 5984435.710446334443986, 2095463.853140857303515 ], [ 5984302.518084933981299, 2095241.63511090609245 ], [ 5984148.185905332677066, 2095033.542255885899067 ], [ 5983974.2002107873559, 2094841.578623745357618 ], [ 5983782.236578647047281, 2094667.592929200269282 ], [ 5983574.143723626621068, 2094513.260749599197879 ], [ 5983351.925693675875664, 2094380.068388198269531 ], [ 5983117.722569898702204, 2094269.298560247989371 ], [ 5982873.789856406860054, 2094182.018039744812995 ], [ 5982622.476758577860892, 2094119.067385813454166 ], [ 5982366.203558925539255, 2094081.052847663406283 ], [ 5982107.438308455049992, 2094068.340526077896357 ], [ 5981848.673057984560728, 2094081.052847663406283 ], [ 5981592.399858332239091, 2094119.067385813454166 ], [ 5981341.08676050323993, 2094182.018039744812995 ], [ 5981287.205847655422986, 2094201.296938631450757 ], [ 5981248.279663142748177, 2094925.104789576493204 ], [ 5981213.722556824795902, 2095567.672386993654072 ], [ 5981173.377172295004129, 2096317.869367200881243 ], [ 5981166.845169268548489, 2096439.327843859791756 ], [ 5981105.109169267117977, 2097606.100843862164766 ], [ 5981060.571169272996485, 2098226.201843858230859 ], [ 5980975.644053325988352, 2099089.912544975988567 ], [ 5980943.836078347638249, 2099413.400374084711075 ], [ 5980933.539840703830123, 2099518.113345141056925 ], [ 5980840.159417365677655, 2100467.794374730437994 ], [ 5980780.669016495347023, 2101072.813104876317084 ], [ 5980852.84371898137033, 2101116.072956741787493 ], [ 5981087.046842758543789, 2101226.842784691601992 ], [ 5981330.97955625038594, 2101314.123305195011199 ], [ 5981582.292654079385102, 2101377.073959126602858 ], [ 5981838.565853731706738, 2101415.088497276417911 ], [ 5982097.331104202196002, 2101427.800818861927837 ], [ 5982343.473214836791158, 2101415.708632370922714 ], [ 5982460.942813639529049, 2101433.133601314853877 ], [ 5982719.708064110018313, 2101445.845922900363803 ], [ 5982898.9160714764148, 2101437.041998045053333 ], [ 5983017.017620048485696, 2101454.5607078820467 ], [ 5983275.78287051897496, 2101467.273029467556626 ], [ 5983285.104649692773819, 2101466.815079822670668 ], [ 5983337.738474893383682, 2101469.400813845917583 ], [ 5983564.13225376419723, 2101458.27880068263039 ], [ 5983699.989611617289484, 2101478.431336023844779 ], [ 5983958.754862087778747, 2101491.143657609354705 ], [ 5984217.520112558268011, 2101478.431336023844779 ], [ 5984408.03322112839669, 2101450.171385925263166 ], [ 5984531.103440604172647, 2101468.427128467708826 ], [ 5984552.425312859937549, 2101473.76797943469137 ], [ 5984808.698512512259185, 2101511.782517584506422 ], [ 5985067.463762982748449, 2101524.494839170016348 ], [ 5985071.755133453756571, 2101524.284017657395452 ], [ 5985144.151137237437069, 2101527.840605259407312 ], [ 5985158.574675121344626, 2101527.132022280711681 ], [ 5985195.026174063794315, 2101528.922769593074918 ], [ 5985453.791424534283578, 2101516.210448007564992 ], [ 5985710.064624186605215, 2101478.195909857749939 ], [ 5985740.22573456633836, 2101470.640945002902299 ], [ 5985923.783836779184639, 2101516.619856044650078 ], [ 5986180.057036431506276, 2101554.634394194465131 ], [ 5986438.82228690199554, 2101567.346715779975057 ], [ 5986653.3081657551229, 2101556.809700231999159 ], [ 5986801.098906037397683, 2101578.732385640498251 ], [ 5987059.864156507886946, 2101591.444707226008177 ], [ 5987318.62940697837621, 2101578.732385640498251 ], [ 5987574.902606630697846, 2101540.717847490683198 ], [ 5987600.35845500882715, 2101534.341489411424845 ], [ 5987783.73511653766036, 2101580.274951927829534 ], [ 5988040.008316189981997, 2101618.289490077644587 ], [ 5988298.773566660471261, 2101631.001811663154513 ], [ 5988557.538817130960524, 2101618.289490077644587 ], [ 5988633.679469887167215, 2101606.995091159362346 ], [ 5988655.40424629021436, 2101612.436864361166954 ], [ 5988911.677445942535996, 2101650.451402510982007 ], [ 5989170.44269641302526, 2101663.163724096491933 ], [ 5989171.802250905893743, 2101663.096933467313647 ], [ 5989233.216780656017363, 2101666.114035843871534 ], [ 5989491.982031126506627, 2101653.401714258361608 ], [ 5989510.367077595554292, 2101650.674550234340131 ], [ 5989539.964129879139364, 2101652.128560175653547 ], [ 5989548.260596073232591, 2101651.720980927348137 ], [ 5989791.479782804846764, 2101663.669573375023901 ], [ 5989898.804728521965444, 2101658.397036890033633 ], [ 5989900.21651725936681, 2101658.606455966830254 ], [ 5989990.601366727612913, 2101663.046778887975961 ], [ 5990241.848623808473349, 2101700.315788883250207 ], [ 5990500.613874278962612, 2101713.028110468760133 ], [ 5990561.637582954950631, 2101710.030207900330424 ], [ 5990725.091705597937107, 2101718.060194027610123 ], [ 5990983.856956068426371, 2101705.347872442100197 ], [ 5991008.151875091716647, 2101701.744061636738479 ], [ 5991029.326991319656372, 2101702.784328390378505 ], [ 5991068.253293195739388, 2101700.872001805808395 ], [ 5991089.567628831602633, 2101701.919107970781624 ], [ 5991167.860836116597056, 2101698.072809338569641 ], [ 5991384.790221665985882, 2101730.25124396989122 ], [ 5991643.555472136475146, 2101742.963565555401146 ], [ 5991902.320722606964409, 2101730.25124396989122 ], [ 5992158.593922259286046, 2101692.236705820076168 ], [ 5992409.907020088285208, 2101629.286051888484508 ], [ 5992653.839733580127358, 2101542.005531385075301 ], [ 5992744.023309997282922, 2101499.351876375731081 ], [ 5992760.91113739926368, 2101566.771862584166229 ], [ 5992848.191657901741564, 2101810.704576076008379 ], [ 5992958.961485852487385, 2102044.907699853181839 ], [ 5993092.153847252950072, 2102267.125729803927243 ], [ 5993246.486026854254305, 2102475.218584824353456 ], [ 5993420.471721399575472, 2102667.182216964662075 ], [ 5993612.43535353988409, 2102841.167911509983242 ], [ 5993820.528208560310304, 2102995.500091111287475 ], [ 5994042.746238511055708, 2103128.692452512215823 ], [ 5994276.949362288229167, 2103239.462280462030321 ], [ 5994520.882075780071318, 2103326.742800965439528 ], [ 5994772.19517360907048, 2103389.693454897031188 ], [ 5995028.468373261392117, 2103427.707993046846241 ], [ 5995287.23362373188138, 2103440.420314632356167 ], [ 5995545.998874202370644, 2103427.707993046846241 ], [ 5995802.27207385469228, 2103389.693454897031188 ], [ 5996053.585171683691442, 2103326.742800965439528 ], [ 5996297.517885175533593, 2103239.462280462030321 ], [ 5996531.721008952707052, 2103128.692452512215823 ], [ 5996753.939038903452456, 2102995.500091111287475 ], [ 5996962.03189392387867, 2102841.167911509983242 ], [ 5997153.995526064187288, 2102667.182216964662075 ], [ 5997327.981220609508455, 2102475.218584824353456 ], [ 5997482.313400210812688, 2102267.125729803927243 ], [ 5997615.505761611275375, 2102044.907699853181839 ], [ 5997726.275589562021196, 2101810.704576076008379 ], [ 5997813.55611006449908, 2101566.771862584166229 ], [ 5997876.506763996556401, 2101315.458764755167067 ], [ 5997914.521302146837115, 2101059.185565102379769 ], [ 5997927.23362373188138, 2100800.420314632356167 ], [ 5997914.521302146837115, 2100541.655064162332565 ], [ 5997876.506763996556401, 2100285.381864509545267 ], [ 5997813.55611006449908, 2100034.068766680546105 ], [ 5997726.275589562021196, 2099790.136053188703954 ], [ 5997615.505761611275375, 2099555.932929411530495 ], [ 5997482.313400210812688, 2099333.714899460785091 ], [ 5997327.981220609508455, 2099125.622044440358877 ], [ 5997153.995526064187288, 2098933.658412300050259 ], [ 5996962.03189392387867, 2098759.672717754729092 ], [ 5996753.939038903452456, 2098605.340538153424859 ], [ 5996531.721008952707052, 2098472.148176752496511 ], [ 5996297.517885175533593, 2098361.378348802682012 ], [ 5996053.585171683691442, 2098274.097828299272805 ], [ 5995987.773965722881258, 2098257.612979371566325 ], [ 5995990.029311739839613, 2098211.704356539063156 ], [ 5995977.316990154795349, 2097952.939106069039553 ], [ 5995939.302452004514635, 2097696.665906416252255 ], [ 5995876.351798072457314, 2097445.352808587253094 ], [ 5995789.071277569979429, 2097201.420095095410943 ], [ 5995678.301449619233608, 2096967.216971318470314 ], [ 5995545.109088218770921, 2096744.998941367259249 ], [ 5995390.776908617466688, 2096536.906086347065866 ], [ 5995216.791214072145522, 2096344.942454206524417 ], [ 5995024.827581931836903, 2096170.956759661436081 ], [ 5994816.734726911410689, 2096016.624580060364679 ], [ 5994651.27205078676343, 2095917.450068605598062 ], [ 5994642.263272422365844, 2095898.402607096359134 ], [ 5994509.070911021903157, 2095676.184577145148069 ], [ 5994461.079516775906086, 2095611.475672813365236 ], [ 5994528.864375763572752, 2095498.383467926643789 ], [ 5994530.091123598627746, 2095495.789727551862597 ], [ 5994695.509232138283551, 2095313.278969871113077 ], [ 5994805.611984884366393, 2095164.82259334763512 ], [ 5994910.514465319924057, 2095115.207415198208764 ], [ 5995132.73249527066946, 2094982.015053797280416 ], [ 5995177.228431978262961, 2094949.014618030982092 ], [ 5995304.967791181989014, 2094917.017574247438461 ], [ 5995548.900504673831165, 2094829.737053744262084 ], [ 5995685.375873672775924, 2094765.189011431066319 ], [ 5995923.037167757749557, 2094729.935288673266768 ], [ 5996174.350265586748719, 2094666.984634741907939 ], [ 5996418.28297907859087, 2094579.704114238731563 ], [ 5996652.486102855764329, 2094468.934286288451403 ], [ 5996712.151312105357647, 2094433.172336120856926 ], [ 5996747.645920102484524, 2094431.428597846068442 ], [ 5996764.033870183862746, 2094428.997675087070093 ], [ 5996840.759036096744239, 2094425.22840938763693 ], [ 5997097.032235749065876, 2094387.213871237589046 ], [ 5997348.345333578065038, 2094324.263217306230217 ], [ 5997592.278047069907188, 2094236.982696803053841 ], [ 5997607.071340708062053, 2094229.985989992739633 ], [ 5997626.577047349885106, 2094229.027736072894186 ], [ 5997849.195516780950129, 2094196.005405565490946 ], [ 5997913.900981775484979, 2094283.250625459244475 ], [ 5998087.886676320806146, 2094475.214257599785924 ], [ 5998120.181281897239387, 2094504.484381938818842 ], [ 5998207.006349048577249, 2094747.144188587320969 ], [ 5998317.77617699932307, 2094981.347312364028767 ], [ 5998450.968538399785757, 2095203.565342315239832 ], [ 5998605.30071800108999, 2095411.658197335433215 ], [ 5998779.286412546411157, 2095603.621829475974664 ], [ 5998971.250044686719775, 2095777.607524021063 ], [ 5999179.342899707145989, 2095931.939703622134402 ], [ 5999401.560929657891393, 2096065.132065023062751 ], [ 5999635.764053435064852, 2096175.90189297334291 ], [ 5999879.696766926907003, 2096263.182413476519287 ], [ 6000131.009864755906165, 2096326.133067407878116 ], [ 6000183.066154222935438, 2096333.854888513451442 ], [ 6000213.364447084255517, 2096384.404536254471168 ], [ 6000367.69662668555975, 2096592.497391274664551 ], [ 6000541.682321230880916, 2096784.461023415206 ], [ 6000733.645953371189535, 2096958.446717960294336 ], [ 6000941.738808391615748, 2097112.778897561365739 ], [ 6001163.956838342361152, 2097245.971258962526917 ], [ 6001398.159962119534612, 2097356.741086912341416 ], [ 6001642.092675611376762, 2097444.021607415750623 ], [ 6001893.405773440375924, 2097506.972261347342283 ], [ 6002149.678973092697561, 2097544.986799497157335 ], [ 6002196.072065653279424, 2097547.265945985913277 ], [ 6002145.778437099419534, 2097687.827221444342285 ], [ 6002082.827783167362213, 2097939.140319273341447 ], [ 6002073.771469729952514, 2098000.193025277927518 ], [ 6002032.681152753531933, 2098164.234765993431211 ], [ 6001994.666614603251219, 2098420.507965646218508 ], [ 6001981.954293018206954, 2098679.273216116242111 ], [ 6001994.666614603251219, 2098938.038466586265713 ], [ 6002006.043919194489717, 2099014.738023991696537 ], [ 6001981.58069699537009, 2099112.400681482627988 ], [ 6001943.566158845089376, 2099368.673881135415286 ], [ 6001930.853837260045111, 2099627.439131605438888 ], [ 6001943.566158845089376, 2099886.20438207546249 ], [ 6001962.594556068070233, 2100014.483416304457933 ], [ 6001962.345696706324816, 2100015.17893162695691 ], [ 6001899.395042774267495, 2100266.492029455956072 ], [ 6001861.380504623986781, 2100522.76522910874337 ], [ 6001848.668183038942516, 2100781.530479578766972 ], [ 6001861.380504623986781, 2101040.295730048790574 ], [ 6001895.652838073670864, 2101271.341034818906337 ], [ 6001852.4474330060184, 2101443.826680514030159 ], [ 6001814.432894855737686, 2101700.099880166817456 ], [ 6001801.720573270693421, 2101958.865130636841059 ], [ 6001814.432894855737686, 2102217.630381106864661 ], [ 6001832.446124997921288, 2102339.065714779309928 ], [ 6001802.828873684629798, 2102457.304409882053733 ], [ 6001764.814335534349084, 2102713.577609534841031 ], [ 6001752.102013949304819, 2102972.342860004864633 ], [ 6001762.827892632223666, 2103190.673136285040528 ], [ 6001642.528175996616483, 2103208.51791355246678 ], [ 6001391.215078167617321, 2103271.46856748405844 ], [ 6001147.28236467577517, 2103358.749087987467647 ], [ 6000913.079240898601711, 2103469.518915937282145 ], [ 6000690.861210947856307, 2103602.711277338210493 ], [ 6000482.768355927430093, 2103757.043456939514726 ], [ 6000290.804723787121475, 2103931.029151484835893 ], [ 6000116.819029241800308, 2104122.992783625144511 ], [ 5999962.486849640496075, 2104331.085638645570725 ], [ 5999829.294488240033388, 2104553.303668596316129 ], [ 5999718.524660289287567, 2104787.506792373489588 ], [ 5999711.84509183652699, 2104806.174935600720346 ], [ 5999666.545242350548506, 2104901.953420161735266 ], [ 5999634.101472256705165, 2104992.627683208324015 ], [ 5999493.221696893684566, 2104908.187595433089882 ], [ 5999259.018573116511106, 2104797.417767483275384 ], [ 5999015.085859624668956, 2104710.137246979866177 ], [ 5998907.90362935513258, 2104683.289495933335274 ], [ 5998774.286582417786121, 2104635.480552073568106 ], [ 5998522.97348458878696, 2104572.529898141976446 ], [ 5998483.107919692993164, 2104566.616400204598904 ], [ 5998448.491074677556753, 2104557.9453319250606 ], [ 5998192.217875025235116, 2104519.930793775245547 ], [ 5997933.452624554745853, 2104507.218472189735621 ], [ 5997918.112364591099322, 2104507.97209083661437 ], [ 5997724.357836081646383, 2104459.439107966609299 ], [ 5997708.575314222835004, 2104457.097992000635713 ], [ 5997702.885374183766544, 2104455.67273621680215 ], [ 5997446.612174531444907, 2104417.658198066987097 ], [ 5997187.846924060955644, 2104404.945876481477171 ], [ 5997042.069741801358759, 2104412.107450214214623 ], [ 5996986.544571195729077, 2104392.240226494614035 ], [ 5996963.468446922488511, 2104378.408929886296391 ], [ 5996729.265323145315051, 2104267.639101936481893 ], [ 5996485.3326096534729, 2104180.358581433072686 ], [ 5996234.019511824473739, 2104117.407927501481026 ], [ 5995977.746312172152102, 2104079.393389351665974 ], [ 5995718.981061701662838, 2104066.681067766156048 ], [ 5995714.614194949157536, 2104066.895598173141479 ], [ 5995579.845270030200481, 2104060.274825444910675 ], [ 5995321.080019559711218, 2104072.987147030420601 ], [ 5995134.808458308689296, 2104100.617923018522561 ], [ 5995030.629927015863359, 2104074.522559397853911 ], [ 5994906.133367335423827, 2104056.055239272769541 ], [ 5994729.687882591038942, 2103896.134373688139021 ], [ 5994521.595027570612729, 2103741.802194086834788 ], [ 5994299.376997619867325, 2103608.60983268590644 ], [ 5994065.173873842693865, 2103497.840004736091942 ], [ 5993821.241160350851715, 2103410.559484232682735 ], [ 5993569.928062521852553, 2103347.608830301091075 ], [ 5993313.654862869530916, 2103309.594292151276022 ], [ 5993054.889612399041653, 2103296.881970565766096 ], [ 5992796.124361928552389, 2103309.594292151276022 ], [ 5992791.954945816658437, 2103310.212766607757658 ], [ 5992636.882462287321687, 2103287.209936623461545 ], [ 5992378.117211816832423, 2103274.497615037951618 ], [ 5992329.543688048608601, 2103276.883879242930561 ], [ 5992326.659306454472244, 2103276.456021650694311 ], [ 5992067.89405598398298, 2103263.743700065184385 ], [ 5991870.596966284327209, 2103273.436284550931305 ], [ 5991749.424588784575462, 2103255.462060272227973 ], [ 5991490.659338314086199, 2103242.749738686718047 ], [ 5991466.145737138576806, 2103243.954014689195901 ], [ 5991412.235524377785623, 2103241.305575765669346 ], [ 5991153.47027390729636, 2103254.017897351179272 ], [ 5991126.75709128100425, 2103257.980423676315695 ], [ 5991107.920135197229683, 2103257.055023364722729 ], [ 5990875.738761628046632, 2103268.461362823378295 ], [ 5990751.633345100097358, 2103250.052063303999603 ], [ 5990645.135971645824611, 2103244.820182837545872 ], [ 5990419.783403838984668, 2103211.392287147697061 ], [ 5990161.018153368495405, 2103198.679965562187135 ], [ 5990106.788356609642506, 2103201.344104640651494 ], [ 5989925.494132651016116, 2103192.437690536025912 ], [ 5989852.235879505053163, 2103196.036637732759118 ], [ 5989817.187583424150944, 2103190.837714122142643 ], [ 5989558.42233295366168, 2103178.125392536632717 ], [ 5989524.859164034947753, 2103179.774245293810964 ], [ 5989304.217753680422902, 2103168.934827874414623 ], [ 5989045.452503209933639, 2103181.647149459924549 ], [ 5989014.32573610637337, 2103186.264369197189808 ], [ 5988992.318693798035383, 2103185.183232535608113 ], [ 5988858.965533096343279, 2103191.734453227836639 ], [ 5988834.63717105705291, 2103185.640515774022788 ], [ 5988578.363971404731274, 2103147.625977624207735 ], [ 5988319.59872093424201, 2103134.913656038697809 ], [ 5988060.833470463752747, 2103147.625977624207735 ], [ 5987989.185350010171533, 2103158.253972326871008 ], [ 5987958.679625823162496, 2103153.728875603992492 ], [ 5987890.386470448225737, 2103150.373848019633442 ], [ 5987648.538981623016298, 2103114.499161931220442 ], [ 5987389.773731152527034, 2103101.786840345710516 ], [ 5987346.997194100171328, 2103103.888316855300218 ], [ 5987145.119735660031438, 2103093.97071328246966 ], [ 5986912.706794815137982, 2103105.388428912032396 ], [ 5986776.312222042120993, 2103085.156205264851451 ], [ 5986517.54697157163173, 2103072.443883679341525 ], [ 5986258.781721101142466, 2103085.156205264851451 ], [ 5986111.509207588620484, 2103107.002018993720412 ], [ 5986044.806410693563521, 2103090.293838163372129 ], [ 5985788.533211041241884, 2103052.279300013557076 ], [ 5985529.767960570752621, 2103039.56697842804715 ], [ 5985271.002710100263357, 2103052.279300013557076 ], [ 5985223.052498175762594, 2103059.392042052000761 ], [ 5984988.331261979416013, 2103024.57443568482995 ], [ 5984729.566011508926749, 2103011.862114099320024 ], [ 5984728.271702802740037, 2103011.925699408631772 ], [ 5984654.226890035904944, 2103008.288111015688628 ], [ 5984633.739805751480162, 2103009.294576927553862 ], [ 5984600.166391789913177, 2103007.645220863632858 ], [ 5984341.401141319423914, 2103020.357542449142784 ], [ 5984257.934604368172586, 2103032.738633634056896 ], [ 5984238.499308853410184, 2103027.870345540344715 ], [ 5983982.226109201088548, 2102989.855807390529662 ], [ 5983723.460858730599284, 2102977.143485805019736 ], [ 5983464.695608260110021, 2102989.855807390529662 ], [ 5983321.369378451257944, 2103011.116245229262859 ], [ 5983252.122848918661475, 2102993.770892542786896 ], [ 5982995.849649266339839, 2102955.756354392971843 ], [ 5982737.084398795850575, 2102943.044032807461917 ], [ 5982478.319148325361311, 2102955.756354392971843 ], [ 5982312.414270092733204, 2102980.366018342785537 ], [ 5982124.831165224313736, 2102952.540693236980587 ], [ 5981866.065914753824472, 2102939.828371651470661 ], [ 5981696.513915075920522, 2102948.15792726771906 ], [ 5981666.316645685583353, 2102940.593905052170157 ], [ 5981410.043446033261716, 2102902.579366902355105 ], [ 5981151.278195562772453, 2102889.867045316845179 ], [ 5980892.512945092283189, 2102902.579366902355105 ], [ 5980636.239745439961553, 2102940.593905052170157 ], [ 5980440.040686908178031, 2102989.739210816565901 ], [ 5980374.913941888138652, 2104235.364330945536494 ], [ 5980316.961169267073274, 2105343.778843852691352 ], [ 5980217.298348401673138, 2106367.663695407565683 ], [ 5980217.298348401673138, 2106367.663695408031344 ], [ 5980174.860169271938503, 2106803.651843862142414 ], [ 5980174.897370247170329, 2107605.738816747907549 ], [ 5980174.914777083322406, 2107981.046082830987871 ], [ 5980384.926647610962391, 2108056.18953164992854 ], [ 5980448.540578124113381, 2108072.123991730157286 ], [ 5980498.626224527135491, 2108090.044922568835318 ], [ 5980749.939322356134653, 2108152.995576500426978 ], [ 5981006.21252200845629, 2108191.010114650242031 ], [ 5981264.977772478945553, 2108203.722436235751957 ], [ 5981504.947941187769175, 2108191.933457808569074 ], [ 5981607.300664283335209, 2108207.116050065960735 ], [ 5981866.065914753824472, 2108219.828371651470661 ], [ 5982124.831165224313736, 2108207.116050065960735 ], [ 5982237.908074412494898, 2108190.342675074003637 ], [ 5982279.839076423086226, 2108200.845844305120409 ], [ 5982536.112276075407863, 2108238.860382454935461 ], [ 5982794.877526545897126, 2108251.572704040445387 ], [ 5983053.64277701638639, 2108238.860382454935461 ], [ 5983165.124957419931889, 2108222.323563131969422 ], [ 5983207.821543979458511, 2108233.018501309677958 ], [ 5983464.094743631780148, 2108271.033039459493011 ], [ 5983722.859994102269411, 2108283.745361045002937 ], [ 5983981.625244572758675, 2108271.033039459493011 ], [ 5984148.36783326882869, 2108246.299112900625914 ], [ 5984341.401141319423914, 2108274.932899278122932 ], [ 5984347.877228799276054, 2108275.251049054786563 ], [ 5984569.695630646310747, 2108308.154700746759772 ], [ 5984828.46088111680001, 2108320.867022332269698 ], [ 5984829.859830811619759, 2108320.798296340741217 ], [ 5984910.988596240989864, 2108324.783897012006491 ], [ 5985169.753846711479127, 2108312.071575426496565 ], [ 5985170.191133155487478, 2108312.006710109766573 ], [ 5985326.296498965471983, 2108335.162753707263619 ], [ 5985585.061749435961246, 2108347.875075292773545 ], [ 5985843.82699990645051, 2108335.162753707263619 ], [ 5985959.830403815023601, 2108317.955274230800569 ], [ 5986001.904892854392529, 2108328.494385092053562 ], [ 5986258.178092506714165, 2108366.508923241868615 ], [ 5986516.943342977203429, 2108379.221244827378541 ], [ 5986775.708593447692692, 2108366.508923241868615 ], [ 5986848.729643574915826, 2108355.677273659966886 ], [ 5986886.354485189542174, 2108361.258391696959734 ], [ 5986955.565323798917234, 2108364.658502167556435 ], [ 5987195.387491997331381, 2108400.232760320883244 ], [ 5987454.152742467820644, 2108412.94508190639317 ], [ 5987494.884264279156923, 2108410.944070553407073 ], [ 5987699.914375352673233, 2108421.016554018482566 ], [ 5987958.679625823162496, 2108408.30423243297264 ], [ 5987963.84216561820358, 2108407.538441994227469 ], [ 5988116.392202708870173, 2108430.167102395091206 ], [ 5988375.157453179359436, 2108442.879423980601132 ], [ 5988595.814346156083047, 2108432.039245948661119 ], [ 5988733.55344332754612, 2108452.470910950098187 ], [ 5988992.318693798035383, 2108465.183232535608113 ], [ 5989251.083944268524647, 2108452.470910950098187 ], [ 5989282.210711372084916, 2108447.853691212832928 ], [ 5989304.217753680422902, 2108448.934827874414623 ], [ 5989337.780922599136829, 2108447.285975117236376 ], [ 5989558.42233295366168, 2108458.125392536632717 ], [ 5989631.680586099624634, 2108454.52644533989951 ], [ 5989666.728882180526853, 2108459.725368950515985 ], [ 5989795.188905647955835, 2108466.036205224692822 ], [ 5989986.121804813854396, 2108494.358425376005471 ], [ 5990244.88705528434366, 2108507.070746961515397 ], [ 5990264.362479799427092, 2108506.11398070724681 ], [ 5990492.868094629608095, 2108517.339741718489677 ], [ 5990725.049468198791146, 2108505.933402259834111 ], [ 5990849.15488472674042, 2108524.342701779212803 ], [ 5991107.920135197229683, 2108537.055023364722729 ], [ 5991111.275088474154472, 2108536.890205079223961 ], [ 5991163.877785447053611, 2108539.474409870803356 ], [ 5991422.643035917542875, 2108526.76208828529343 ], [ 5991459.88435366936028, 2108521.237860639113933 ], [ 5991490.659338314086199, 2108522.749738686718047 ], [ 5991592.948145439848304, 2108517.724611825775355 ], [ 5991609.683532413095236, 2108521.916608036495745 ], [ 5991617.839033461175859, 2108523.126362338196486 ], [ 5991625.422967299818993, 2108530.000039302743971 ], [ 5991833.515822320245206, 2108684.332218904048204 ], [ 5991959.187669578008354, 2108759.657025363761932 ], [ 5992051.492667006328702, 2108828.115077130030841 ], [ 5992273.710696957074106, 2108961.307438530959189 ], [ 5992507.913820734247565, 2109072.077266480773687 ], [ 5992751.846534226089716, 2109159.357786984182894 ], [ 5993003.159632055088878, 2109222.308440915774554 ], [ 5993259.432831707410514, 2109260.322979065589607 ], [ 5993518.198082177899778, 2109273.035300651099533 ], [ 5993526.821153070777655, 2109272.611676342785358 ], [ 5993591.520644978620112, 2109275.790158561896533 ], [ 5993693.574469004757702, 2109270.776575680356473 ], [ 5993755.178225158713758, 2109286.207513296045363 ], [ 5994011.451424811035395, 2109324.222051445860416 ], [ 5994270.216675281524658, 2109336.934373031370342 ], [ 5994276.690758721902966, 2109336.616321706678718 ], [ 5994350.188244925811887, 2109340.227021669968963 ], [ 5994608.95349539630115, 2109327.514700084459037 ], [ 5994837.199665741063654, 2109293.657579004764557 ], [ 5994931.946686986833811, 2109317.390472343657166 ], [ 5995022.506935807876289, 2109330.823816284071654 ], [ 5995119.852071542292833, 2109376.864636590704322 ], [ 5995363.784785034134984, 2109464.145157094113529 ], [ 5995615.097882863134146, 2109527.095811025705189 ], [ 5995642.310423191636801, 2109531.132410068530589 ], [ 5995643.957243300043046, 2109531.544917031656951 ], [ 5995900.230442952364683, 2109569.559455181472003 ], [ 5996158.995693422853947, 2109582.27177676698193 ], [ 5996385.20191100705415, 2109571.158977898769081 ], [ 5996500.47335344646126, 2109612.403759507928044 ], [ 5996751.786451275460422, 2109675.354413439519703 ], [ 5996792.439167965203524, 2109681.384674315806478 ], [ 5996797.864379066973925, 2109682.743618953041732 ], [ 5997054.137578719295561, 2109720.758157102856785 ], [ 5997291.093182552605867, 2109732.399039454292506 ], [ 5997309.571420240215957, 2109739.010658618994057 ], [ 5997419.563548431731761, 2109766.562252454925328 ], [ 5997437.837447702884674, 2109773.100758164655417 ], [ 5997689.150545531883836, 2109836.051412096247077 ], [ 5997945.423745184205472, 2109874.06595024606213 ], [ 5997976.964745621196926, 2109875.615460236091167 ], [ 5997988.879222566261888, 2109877.382805939763784 ], [ 5998247.644473036751151, 2109890.09512752527371 ], [ 5998506.409723507240415, 2109877.382805939763784 ], [ 5998762.682923159562051, 2109839.368267789948732 ], [ 5999013.996020988561213, 2109776.417613858357072 ], [ 5999257.928734480403364, 2109689.137093354947865 ], [ 5999492.131858257576823, 2109578.367265405133367 ], [ 5999714.349888208322227, 2109445.174904004205018 ], [ 5999922.442743228748441, 2109290.842724402900785 ], [ 6000114.406375369057059, 2109116.857029857579619 ], [ 6000190.422631749883294, 2109032.986015549395233 ], [ 6000208.583684883080423, 2109105.489003803580999 ], [ 6000295.864205385558307, 2109349.42171729542315 ], [ 6000406.634033336304128, 2109583.62484107259661 ], [ 6000539.826394736766815, 2109805.842871023342013 ], [ 6000694.158574338071048, 2110013.935726043768227 ], [ 6000868.144268883392215, 2110205.899358184076846 ], [ 6001060.107901023700833, 2110379.885052729398012 ], [ 6001268.200756044127047, 2110534.217232330702245 ], [ 6001490.418785994872451, 2110667.409593731630594 ], [ 6001724.62190977204591, 2110778.179421681445092 ], [ 6001772.480153952725232, 2110795.303375261370093 ], [ 6001818.000889802351594, 2110816.833079890813679 ], [ 6002061.933603294193745, 2110904.113600394222885 ], [ 6002313.246701123192906, 2110967.064254325814545 ], [ 6002569.519900775514543, 2111005.078792475629598 ], [ 6002828.285151246003807, 2111017.791114061139524 ], [ 6003087.05040171649307, 2111005.078792475629598 ], [ 6003323.665154521353543, 2110969.980309452395886 ], [ 6003382.163004353642464, 2110984.633258034475148 ], [ 6003638.4362040059641, 2111022.6477961842902 ], [ 6003743.729516606777906, 2111027.820524934213609 ], [ 6003800.278888862580061, 2111036.208831912372261 ], [ 6003831.272691504098475, 2111037.731459798756987 ], [ 6003968.553087406791747, 2111139.545540411956608 ], [ 6004040.270994427613914, 2111182.531599612440914 ], [ 6004093.517677833326161, 2111254.326441095210612 ], [ 6003901.372519301250577, 2111206.196584418881685 ], [ 6003645.09931964892894, 2111168.182046269066632 ], [ 6003386.334069178439677, 2111155.469724683556706 ], [ 6003127.568818707950413, 2111168.182046269066632 ], [ 6002938.013534304685891, 2111196.299916573800147 ], [ 6002791.402708857320249, 2111126.95816037338227 ], [ 6002547.469995365478098, 2111039.677639869973063 ], [ 6002296.156897536478937, 2110976.726985938381404 ], [ 6002039.8836978841573, 2110938.712447788566351 ], [ 6002026.009739677421749, 2110938.030863928142935 ], [ 6001921.708865556865931, 2110900.711414429359138 ], [ 6001670.395767727866769, 2110837.760760497767478 ], [ 6001414.122568075545132, 2110799.746222347952425 ], [ 6001155.357317605055869, 2110787.033900762442499 ], [ 6001117.516285939142108, 2110788.892911440227181 ], [ 6000904.355347407050431, 2110735.49887591553852 ], [ 6000648.082147754728794, 2110697.484337765723467 ], [ 6000389.316897284239531, 2110684.772016180213541 ], [ 6000130.551646813750267, 2110697.484337765723467 ], [ 6000103.72836294490844, 2110701.463196067605168 ], [ 5999862.444779778830707, 2110615.13054955098778 ], [ 5999611.131681949831545, 2110552.17989561939612 ], [ 5999354.858482297509909, 2110514.165357469581068 ], [ 5999096.093231827020645, 2110501.453035884071141 ], [ 5998837.327981356531382, 2110514.165357469581068 ], [ 5998800.020024335943162, 2110519.699470117222518 ], [ 5998709.751020032912493, 2110497.088261629920453 ], [ 5998453.477820380590856, 2110459.0737234801054 ], [ 5998194.712569910101593, 2110446.361401894595474 ], [ 5998070.241507587954402, 2110452.476273073814809 ], [ 5997990.751200499944389, 2110424.034186408855021 ], [ 5997739.438102670945227, 2110361.083532477263361 ], [ 5997483.16490301862359, 2110323.068994327448308 ], [ 5997224.399652548134327, 2110310.356672741938382 ], [ 5997064.248933907598257, 2110318.22437303699553 ], [ 5996819.207542622461915, 2110256.844699813053012 ], [ 5996562.934342970140278, 2110218.830161663237959 ], [ 5996304.169092499651015, 2110206.117840077728033 ], [ 5996086.581944128498435, 2110216.807211227715015 ], [ 5995947.403300448320806, 2110196.162009673193097 ], [ 5995688.638049977831542, 2110183.449688087683171 ], [ 5995429.872799507342279, 2110196.162009673193097 ], [ 5995415.118792651221156, 2110198.350559850223362 ], [ 5995163.601429651491344, 2110161.041483426932245 ], [ 5994904.83617918100208, 2110148.329161841422319 ], [ 5994646.070928710512817, 2110161.041483426932245 ], [ 5994523.564355114474893, 2110179.213617001194507 ], [ 5994495.74379513040185, 2110172.244929499924183 ], [ 5994239.470595478080213, 2110134.23039135010913 ], [ 5993980.70534500759095, 2110121.518069764599204 ], [ 5993721.940094537101686, 2110134.23039135010913 ], [ 5993691.998988921754062, 2110138.671734819654375 ], [ 5993460.364348746836185, 2110104.311981721315533 ], [ 5993201.599098276346922, 2110091.599660135805607 ], [ 5992942.833847805857658, 2110104.311981721315533 ], [ 5992686.560648153536022, 2110142.326519871130586 ], [ 5992643.540814432315528, 2110153.102427247911692 ], [ 5992577.568792284466326, 2110129.497260276693851 ], [ 5992326.255694455467165, 2110066.546606345102191 ], [ 5992069.982494803145528, 2110028.532068195287138 ], [ 5991811.217244332656264, 2110015.819746609777212 ], [ 5991552.451993862167001, 2110028.532068195287138 ], [ 5991296.178794209845364, 2110066.546606345102191 ], [ 5991215.457788647152483, 2110086.766165652312338 ], [ 5991023.54394946526736, 2110038.694251456763595 ], [ 5990767.270749812945724, 2110000.679713306948543 ], [ 5990508.50549934245646, 2109987.967391721438617 ], [ 5990249.740248871967196, 2110000.679713306948543 ], [ 5989993.46704921964556, 2110038.694251456763595 ], [ 5989742.153951390646398, 2110101.644905388355255 ], [ 5989498.221237898804247, 2110188.925425891764462 ], [ 5989428.660589439794421, 2110221.825162400957197 ], [ 5989409.58699593693018, 2110210.392890413291752 ], [ 5989175.38387215975672, 2110099.623062463477254 ], [ 5988931.451158667914569, 2110012.342541960068047 ], [ 5988680.138060838915408, 2109949.391888028476387 ], [ 5988423.864861186593771, 2109911.377349878661335 ], [ 5988165.099610716104507, 2109898.665028293151408 ], [ 5987906.334360245615244, 2109911.377349878661335 ], [ 5987729.903309992514551, 2109937.54842395009473 ], [ 5987650.132725209929049, 2109917.566932655405253 ], [ 5987393.859525557607412, 2109879.5523945055902 ], [ 5987135.094275087118149, 2109866.840072920080274 ], [ 5986883.765950451605022, 2109879.187041767407209 ], [ 5986797.848589486442506, 2109866.44240518193692 ], [ 5986539.083339015953243, 2109853.730083596426994 ], [ 5986470.957261285744607, 2109857.076903182547539 ], [ 5986356.747963176108897, 2109840.135554161388427 ], [ 5986097.982712705619633, 2109827.423232575878501 ], [ 5985839.21746223513037, 2109840.135554161388427 ], [ 5985582.944262582808733, 2109878.15009231120348 ], [ 5985331.631164753809571, 2109941.10074624279514 ], [ 5985087.698451261967421, 2110028.381266746204346 ], [ 5984853.495327484793961, 2110139.151094696018845 ], [ 5984631.277297534048557, 2110272.343456096947193 ], [ 5984423.184442513622344, 2110426.675635698251426 ], [ 5984231.220810373313725, 2110600.661330243572593 ], [ 5984057.235115827992558, 2110792.624962383881211 ], [ 5983902.902936226688325, 2111000.717817404307425 ], [ 5983769.710574826225638, 2111222.935847355052829 ], [ 5983658.940746875479817, 2111457.138971132226288 ], [ 5983571.660226373001933, 2111701.071684624068439 ], [ 5983508.709572440944612, 2111952.384782453067601 ], [ 5983470.695034290663898, 2112208.657982105854899 ], [ 5983457.982712705619633, 2112467.423232575878501 ], [ 5983470.695034290663898, 2112726.188483045902103 ], [ 5983508.709572440944612, 2112982.461682698689401 ], [ 5983571.660226373001933, 2113233.774780527688563 ], [ 5983658.940746875479817, 2113477.707494019530714 ], [ 5983769.710574826225638, 2113711.910617796704173 ], [ 5983902.902936226688325, 2113934.128647747449577 ], [ 5984057.235115827992558, 2114142.221502767875791 ], [ 5984231.220810373313725, 2114334.185134908184409 ], [ 5984423.184442513622344, 2114508.170829453505576 ], [ 5984631.277297534048557, 2114662.503009054809809 ], [ 5984853.495327484793961, 2114795.695370455738157 ], [ 5985087.698451261967421, 2114906.465198405552655 ], [ 5985331.631164753809571, 2114993.745718908961862 ], [ 5985582.944262582808733, 2115056.696372840553522 ], [ 5985760.014358476735651, 2115082.962240378372371 ], [ 5985849.14687183778733, 2115114.854363614227623 ], [ 5986100.459969666786492, 2115177.805017545819283 ], [ 5986356.733169319108129, 2115215.819555695634335 ], [ 5986615.498419789597392, 2115228.531877281144261 ], [ 5986861.345712754875422, 2115216.454174253158271 ], [ 5986982.289353888481855, 2115234.394468697253615 ], [ 5987241.054604358971119, 2115247.106790282763541 ], [ 5987499.819854829460382, 2115234.394468697253615 ], [ 5987586.502285912632942, 2115221.536344680469483 ], [ 5987651.227542296983302, 2115237.749177399557084 ], [ 5987907.500741949304938, 2115275.763715549372137 ], [ 5988166.265992419794202, 2115288.476037134882063 ], [ 5988425.031242890283465, 2115275.763715549372137 ], [ 5988681.304442542605102, 2115237.749177399557084 ], [ 5988932.617540371604264, 2115174.798523467965424 ], [ 5989176.550253863446414, 2115087.518002964556217 ], [ 5989332.511520559899509, 2115013.753817413933575 ], [ 5989418.781851204112172, 2115065.462263663299382 ], [ 5989652.984974981285632, 2115176.23209161311388 ], [ 5989896.917688473127782, 2115263.512612116523087 ], [ 5990148.230786302126944, 2115326.463266048114747 ], [ 5990404.503985954448581, 2115364.4778041979298 ], [ 5990663.269236424937844, 2115377.190125783439726 ], [ 5990922.034486895427108, 2115364.4778041979298 ], [ 5991013.138586585409939, 2115350.963787601795048 ], [ 5991084.909679943695664, 2115368.941510606557131 ], [ 5991341.182879596017301, 2115406.956048756372184 ], [ 5991599.948130066506565, 2115419.66837034188211 ], [ 5991858.713380536995828, 2115406.956048756372184 ], [ 5992114.986580189317465, 2115368.941510606557131 ], [ 5992217.121889448724687, 2115343.35794746177271 ], [ 5992250.417968014255166, 2115355.271474869921803 ], [ 5992501.731065843254328, 2115418.222128801513463 ], [ 5992758.004265495575964, 2115456.236666951328516 ], [ 5993016.769515966065228, 2115468.948988536838442 ], [ 5993275.534766436554492, 2115456.236666951328516 ], [ 5993476.126253332942724, 2115426.481730650644749 ], [ 5993573.404905034229159, 2115450.848764406982809 ], [ 5993829.678104686550796, 2115488.863302556797862 ], [ 5994088.44335515704006, 2115501.575624142307788 ], [ 5994347.208605627529323, 2115488.863302556797862 ], [ 5994463.649900336749852, 2115471.590868115890771 ], [ 5994499.47326622158289, 2115480.564154140185565 ], [ 5994755.746465873904526, 2115518.578692290000618 ], [ 5995014.51171634439379, 2115531.291013875510544 ], [ 5995118.225388708524406, 2115526.195887874346226 ], [ 5995161.029089011251926, 2115532.545217028819025 ], [ 5995419.79433948174119, 2115545.257538614328951 ], [ 5995678.559589952230453, 2115532.545217028819025 ], [ 5995838.973783809691668, 2115508.750019168015569 ], [ 5995947.929129853844643, 2115536.041912595275789 ], [ 5996204.202329506166279, 2115574.056450745090842 ], [ 5996462.967579976655543, 2115586.768772330600768 ], [ 5996572.009046031162143, 2115581.411908608861268 ], [ 5996764.135536306537688, 2115629.537089130375534 ], [ 5997020.408735958859324, 2115667.551627280190587 ], [ 5997279.173986429348588, 2115680.263948865700513 ], [ 5997364.628481612540781, 2115676.065838718786836 ], [ 5997406.581093703396618, 2115691.076723348814994 ], [ 5997478.987609647214413, 2115709.213611425831914 ], [ 5997525.19113852083683, 2115893.668438285589218 ], [ 5997612.471659023314714, 2116137.601151777431369 ], [ 5997723.241486974060535, 2116371.804275554604828 ], [ 5997856.433848374523222, 2116594.022305505350232 ], [ 5998010.766027975827456, 2116802.115160525776446 ], [ 5998184.751722521148622, 2116994.078792666085064 ], [ 5998376.715354661457241, 2117168.064487211406231 ], [ 5998584.808209681883454, 2117322.396666812710464 ], [ 5998807.026239632628858, 2117455.589028213638812 ], [ 5999041.229363409802318, 2117566.358856163453311 ], [ 5999285.162076901644468, 2117653.639376666862518 ], [ 5999536.47517473064363, 2117716.590030598454177 ], [ 5999792.748374382965267, 2117754.60456874826923 ], [ 6000051.51362485345453, 2117767.316890333779156 ], [ 6000091.319642995484173, 2117765.361346060410142 ], [ 6000337.656973182223737, 2117827.065635080914944 ], [ 6000593.930172834545374, 2117865.080173230729997 ], [ 6000852.695423305034637, 2117877.792494816239923 ], [ 6000985.460210773162544, 2117871.270179047714919 ], [ 6001067.836468777619302, 2117900.744875462260097 ], [ 6001319.149566606618464, 2117963.695529393851757 ], [ 6001575.422766258940101, 2118001.71006754366681 ], [ 6001834.188016729429364, 2118014.422389129176736 ], [ 6002092.953267199918628, 2118001.71006754366681 ], [ 6002349.226466852240264, 2117963.695529393851757 ], [ 6002600.539564681239426, 2117900.744875462260097 ], [ 6002844.472278173081577, 2117813.46435495885089 ], [ 6003078.675401950255036, 2117702.694527009036392 ], [ 6003300.89343190100044, 2117569.502165608108044 ], [ 6003354.663097462616861, 2117529.623863771092147 ], [ 6003353.389075928367674, 2117533.184515428729355 ], [ 6003290.438421996310353, 2117784.497613257728517 ], [ 6003252.423883846029639, 2118040.770812910515815 ], [ 6003240.823840444907546, 2118276.895120822358876 ], [ 6003194.203411393798888, 2118463.014306487049907 ], [ 6003156.188873243518174, 2118719.287506139837205 ], [ 6003143.476551658473909, 2118978.052756609860808 ], [ 6003156.188873243518174, 2119236.81800707988441 ], [ 6003194.203411393798888, 2119493.091206732671708 ], [ 6003257.154065325856209, 2119744.40430456167087 ], [ 6003344.434585828334093, 2119988.33701805351302 ], [ 6003455.204413779079914, 2120222.54014183068648 ], [ 6003588.396775179542601, 2120444.758171781431884 ], [ 6003742.728954780846834, 2120652.851026801858097 ], [ 6003916.714649326168001, 2120844.814658942166716 ], [ 6004108.678281466476619, 2121018.800353487487882 ], [ 6004316.771136486902833, 2121173.132533088792115 ], [ 6004538.989166437648237, 2121306.324894489720464 ], [ 6004773.192290214821696, 2121417.094722439534962 ], [ 6005017.125003706663847, 2121504.375242942944169 ], [ 6005192.63196730427444, 2121548.33744874689728 ], [ 6005155.412262196652591, 2121799.252319275401533 ], [ 6005142.699940611608326, 2122058.017569745425135 ], [ 6005155.412262196652591, 2122316.782820215448737 ], [ 6005191.991483921185136, 2122563.379902498796582 ], [ 6005205.482169269584119, 2122494.861843862105161 ], [ 6005271.880169272422791, 2122295.369843855965883 ], [ 6005355.911169271916151, 2122152.330843867268413 ], [ 6005475.578169272281229, 2122055.903843861073256 ], [ 6005608.610169272869825, 2121977.04884385690093 ], [ 6005739.827801648527384, 2121939.992950858082622 ], [ 6005749.095169269479811, 2121937.375843867659569 ], [ 6005855.017169271595776, 2121973.437843849882483 ], [ 6006086.495975875295699, 2122133.067953408695757 ], [ 6006086.495975875295699, 2122133.067953409161419 ], [ 6006195.028169267810881, 2122207.912843859288841 ], [ 6006312.805169269442558, 2122314.752843858208507 ], [ 6006753.528169273398817, 2122669.901843859348446 ], [ 6006340.392169268801808, 2123193.366843860596418 ], [ 6006348.148662998341024, 2123199.789862644392997 ], [ 6006348.148662998341024, 2123199.789862644858658 ], [ 6006383.308169271796942, 2123228.904843858443201 ], [ 6006643.97616926766932, 2122963.511843864340335 ], [ 6006901.306169267743826, 2122633.726843860931695 ], [ 6006967.787169272080064, 2122578.460843861568719 ], [ 6007059.9351692693308, 2122563.094843851868063 ], [ 6007148.920169268734753, 2122576.565843856427819 ], [ 6007271.92716926895082, 2122586.424843856599182 ], [ 6007592.435169267468154, 2122603.525843859184533 ], [ 6007578.968169270083308, 2122679.55484386254102 ], [ 6007272.386169272474945, 2122848.275843855924904 ], [ 6007240.388489237986505, 2122897.466992490459234 ], [ 6007240.388489237986505, 2122897.466992490924895 ], [ 6007215.241169272921979, 2122936.126843856647611 ], [ 6007194.986169272102416, 2123061.462843852117658 ], [ 6007713.576169272884727, 2122719.771843861788511 ], [ 6007765.175169271416962, 2122685.571843856479973 ], [ 6007791.074169267900288, 2122539.362843860406429 ], [ 6008108.788169270381331, 2122532.853843858465552 ], [ 6008126.757169268094003, 2122606.05384385632351 ], [ 6008140.653169267810881, 2122677.880843856371939 ], [ 6007854.062169268727303, 2122793.011843855492771 ], [ 6007612.790169273503125, 2123004.456843853928149 ], [ 6007231.384009726345539, 2123338.422705483157188 ], [ 6007172.825169272720814, 2123389.697843858972192 ], [ 6006946.998169268481433, 2123649.271843859460205 ], [ 6007007.754169270396233, 2123695.371843859087676 ], [ 6007148.424169272184372, 2123608.718843865208328 ], [ 6007291.340169271454215, 2123532.946843861602247 ], [ 6007315.939169269986451, 2123605.282843862660229 ], [ 6007251.208169270306826, 2123661.240843855775893 ], [ 6007183.901169270277023, 2123718.343843861017376 ], [ 6007245.693169269710779, 2123758.594843858387321 ], [ 6007352.837169271893799, 2123713.785843859892339 ], [ 6007478.05378486495465, 2123616.662376258056611 ], [ 6007478.05378486495465, 2123616.662376258522272 ], [ 6008462.09016926959157, 2122853.400843857321888 ], [ 6008463.580169273540378, 2122926.209843866527081 ], [ 6008549.484169273637235, 2122888.031843861564994 ], [ 6008465.816169268451631, 2123035.423843852709979 ], [ 6008653.325828765518963, 2122961.513991632964462 ], [ 6008953.096169274300337, 2122843.354843851644546 ], [ 6008703.880244443193078, 2123068.402322972659022 ], [ 6008499.16816927306354, 2123253.261843863874674 ], [ 6008703.578169274143875, 2123358.33784386748448 ], [ 6009355.967169270850718, 2122762.280843857210129 ], [ 6008879.105169269256294, 2123464.007843859493732 ], [ 6009004.84164013620466, 2123513.837990301195532 ], [ 6009141.276169273070991, 2123567.907843858469278 ], [ 6009672.190169273875654, 2122682.981843856628984 ], [ 6009902.510169268585742, 2122641.858843856491148 ], [ 6009628.551169271580875, 2123375.851843860466033 ], [ 6009744.82316926959902, 2123409.896843859460205 ], [ 6009919.170980023220181, 2122983.331487693358213 ], [ 6010075.064169268123806, 2122601.917843858711421 ], [ 6010378.996320452541113, 2122525.709184532053769 ], [ 6010391.293169272132218, 2122522.625843862537295 ], [ 6010232.849169271066785, 2123254.256843865383416 ], [ 6010378.745169272646308, 2123324.119843858294189 ], [ 6010620.873169272206724, 2122445.10484385676682 ], [ 6010632.063268520869315, 2122442.040211249608546 ], [ 6010908.221169273369014, 2122366.408843862358481 ], [ 6010901.862034587189555, 2122664.082479641772807 ], [ 6010893.432169267907739, 2123058.68784385593608 ], [ 6011095.609169272705913, 2123054.569843861740083 ], [ 6011097.702683255076408, 2122791.64371869340539 ], [ 6011103.730169267393649, 2122034.646843862719834 ], [ 6011304.433169272728264, 2121957.719843859784305 ], [ 6011365.222640611231327, 2122119.53541981941089 ], [ 6011537.926477266475558, 2122579.255996153689921 ], [ 6011537.926477266475558, 2122579.255996152758598 ], [ 6011548.838169272057712, 2122608.30184385785833 ], [ 6011691.771169271320105, 2122532.553843855857849 ], [ 6011417.743169268593192, 2121846.153843855019659 ], [ 6011439.088338905014098, 2121834.05648644361645 ], [ 6011617.708169274032116, 2121732.823843855410814 ], [ 6012034.667169268243015, 2122343.480843854602426 ], [ 6012147.979169267229736, 2122231.916843853890896 ], [ 6012120.249378519132733, 2122192.872672678902745 ], [ 6011791.011169267818332, 2121729.297843859530985 ], [ 6011990.237169273197651, 2121579.565843855496496 ], [ 6012233.852991551160812, 2121832.251220030710101 ], [ 6012233.852991551160812, 2121832.25122003024444 ], [ 6012403.491169271990657, 2122008.204843855462968 ], [ 6012455.522590838372707, 2121953.564127053599805 ], [ 6012544.951169269159436, 2121859.650843869429082 ], [ 6012339.382397880777717, 2121541.194798687938601 ], [ 6012339.382397880777717, 2121541.194798686541617 ], [ 6012127.257169271819293, 2121212.581843859516084 ], [ 6012172.332977062091231, 2121171.154801513068378 ], [ 6012410.923169269226491, 2120951.877843858208507 ], [ 6012968.60116926766932, 2121377.590843858662993 ], [ 6013081.922169272787869, 2121266.030843851622194 ], [ 6012464.255169270560145, 2120732.275843861047179 ], [ 6012577.576169272884727, 2120620.713843855075538 ], [ 6013193.027169272303581, 2121045.257843865081668 ], [ 6013305.611169273033738, 2120897.293843863997608 ], [ 6012661.275169271975756, 2120473.334843857213855 ], [ 6012773.858169274404645, 2120325.368843866046518 ], [ 6013396.022168091498315, 2120734.740142609924078 ], [ 6013418.197169272229075, 2120749.330843856092542 ], [ 6013436.18928162753582, 2120717.652104139793664 ], [ 6013501.900169270113111, 2120601.954843859188259 ], [ 6012857.558169270865619, 2120177.990843861363828 ], [ 6012941.259169272147119, 2120030.611843859311193 ], [ 6013000.838087184354663, 2120069.813629725016654 ], [ 6013585.603169267997146, 2120454.57784386118874 ], [ 6013790.07350404933095, 2120161.131122698076069 ], [ 6013855.3468819251284, 2120067.453676836099476 ], [ 6013894.488169269636273, 2120011.27984386542812 ], [ 6013278.287169272080064, 2119550.315843852236867 ], [ 6013363.469169267453253, 2119475.747843858785927 ], [ 6013725.015347448177636, 2119704.03927757916972 ], [ 6013978.195169274695218, 2119863.904843866359442 ], [ 6014076.795552363619208, 2119701.388790076598525 ], [ 6014090.052169273607433, 2119679.538843865972012 ], [ 6013951.853131205774844, 2119587.571634561289102 ], [ 6013666.305879376828671, 2119397.548720926046371 ], [ 6013620.556261023506522, 2119367.103757013566792 ], [ 6013496.277169272303581, 2119284.399843852967024 ], [ 6013565.285843758843839, 2119180.537910216022283 ], [ 6013565.285843758843839, 2119180.537910215556622 ], [ 6013590.221169270575047, 2119143.008843865245581 ], [ 6013644.214169273152947, 2119069.437843858264387 ], [ 6014064.090590459294617, 2119383.539416428655386 ], [ 6014260.420169267803431, 2119530.409843854606152 ], [ 6014373.017169269733131, 2119382.450843858998269 ], [ 6014211.134355375543237, 2119257.721863865852356 ], [ 6013751.24216927215457, 2118903.379843861795962 ], [ 6013812.37116926908493, 2118811.090843861922622 ], [ 6014252.311169267632067, 2119129.95784386061132 ], [ 6014336.759169273078442, 2119018.987843858078122 ], [ 6013896.819169271737337, 2118700.120843863114715 ], [ 6013981.267169274389744, 2118589.150843860581517 ], [ 6014508.607169268652797, 2118942.669843864161521 ], [ 6014581.307382219471037, 2118871.11462221853435 ], [ 6014619.89268625061959, 2118833.137017062399536 ], [ 6014619.89268625061959, 2118833.137017061933875 ], [ 6014621.944169269874692, 2118831.117843854706734 ], [ 6014613.542944264598191, 2118824.575381102971733 ], [ 6014613.542944263666868, 2118824.57538110204041 ], [ 6014610.583360973745584, 2118822.270602522417903 ], [ 6014331.126508537679911, 2118604.643286674283445 ], [ 6014149.581051869317889, 2118463.264572591055185 ], [ 6014121.910169270820916, 2118441.715843853540719 ], [ 6014150.905169267207384, 2118403.615843855775893 ], [ 6014223.703169273212552, 2118302.351843859534711 ], [ 6014316.753862207755446, 2118369.060098113492131 ], [ 6014704.922169271856546, 2118647.338843861129135 ], [ 6014790.111169274896383, 2118572.776843864936382 ], [ 6014761.4134550858289, 2118538.076503469143063 ], [ 6014761.4134550858289, 2118538.076503468677402 ], [ 6014553.119169268757105, 2118286.213843860663474 ], [ 6014503.358169274404645, 2118226.400843857787549 ], [ 6014680.70275876391679, 2117948.426544357091188 ], [ 6014799.718169274739921, 2117761.878843850456178 ], [ 6014995.464798691682518, 2117883.201093666721135 ], [ 6015198.621169273741543, 2118009.115843856241554 ], [ 6015324.226169268600643, 2117832.126843857113272 ], [ 6015108.434496990405023, 2117632.073654905892909 ], [ 6015039.721169273369014, 2117568.371843857690692 ], [ 6015031.293640714138746, 2117550.944951744284481 ], [ 6015031.293640714138746, 2117550.94495174381882 ], [ 6014999.605169267393649, 2117485.417843855917454 ], [ 6015077.212169267237186, 2117364.391843860037625 ], [ 6015140.177169268019497, 2117291.007843862753361 ], [ 6015187.4679004130885, 2117202.020062784664333 ], [ 6015187.4679004130885, 2117202.020062784198672 ], [ 6015444.211169268004596, 2116718.901843862608075 ], [ 6015446.184169271960855, 2116702.108843860216439 ], [ 6015549.669033171609044, 2116574.494372562970966 ], [ 6015594.509169270284474, 2116519.198843868914992 ], [ 6015729.153169268742204, 2116345.671843858901411 ], [ 6015858.990169267170131, 2116177.340843857266009 ], [ 6015956.753169268369675, 2116066.472843862138689 ], [ 6016552.033169271424413, 2116291.191843863110989 ], [ 6016568.006264049559832, 2116257.554230231326073 ], [ 6016588.353169272653759, 2116214.705843864940107 ], [ 6016012.036169272847474, 2115970.301843855064362 ], [ 6016062.800169272348285, 2115893.524843862745911 ], [ 6016089.204169267788529, 2115784.096843858715147 ], [ 6016093.492112450301647, 2115762.945825068745762 ], [ 6016093.492112450301647, 2115762.945825068280101 ], [ 6016097.878169268369675, 2115741.310843859799206 ], [ 6016112.387474947609007, 2115745.290836750995368 ], [ 6016548.06116927228868, 2115864.798843855969608 ], [ 6016818.197169272229075, 2115946.0308438539505 ], [ 6016616.92716927267611, 2115725.379843859467655 ], [ 6016259.44716926664114, 2115583.995843857526779 ], [ 6016338.181355436332524, 2115527.928252078127116 ], [ 6016404.191169271245599, 2115480.921843863092363 ], [ 6016727.105033597908914, 2115582.23366893036291 ], [ 6016840.48516927100718, 2115617.805843867361546 ], [ 6016924.222169267944992, 2115470.440843860153109 ], [ 6016543.151563699357212, 2115352.546539091039449 ], [ 6016371.630169274285436, 2115299.481843852903694 ], [ 6016384.006094946525991, 2115188.782385670114309 ], [ 6016384.006094946525991, 2115188.782385669648647 ], [ 6016396.115169270895422, 2115080.469843855593354 ], [ 6016859.839169268496335, 2115143.960843859240413 ], [ 6016915.420169272460043, 2115033.582843863870949 ], [ 6016276.879169272258878, 2114900.775843855459243 ], [ 6016301.365169269032776, 2114681.764843860175461 ], [ 6017054.009169272147119, 2114739.433843863662332 ], [ 6017157.112169273197651, 2114118.223843862302601 ], [ 6016259.255169266834855, 2114027.0618438529782 ], [ 6016197.072169269435108, 2113810.162843853235245 ], [ 6016804.538169270381331, 2113833.969843854662031 ], [ 6016830.50416926946491, 2113688.132843860890716 ], [ 6016280.81316926702857, 2113662.794843867886811 ], [ 6016218.621169267222285, 2113445.531843854580075 ], [ 6016826.103169272653759, 2113469.703843858093023 ], [ 6016804.408169275149703, 2113296.783843862824142 ], [ 6016792.809169271960855, 2113251.857843868434429 ], [ 6016213.481169270351529, 2113190.697843864560127 ], [ 6016210.543169271200895, 2113045.078843863680959 ], [ 6016963.966169274412096, 2113139.149843861814588 ], [ 6016982.363348415121436, 2113063.476600701920688 ], [ 6017017.352169268764555, 2112919.556843864265829 ], [ 6016393.345646737143397, 2112873.981095619499683 ], [ 6016235.765169272199273, 2112862.471843857318163 ], [ 6016175.775169271975756, 2112754.423843855503947 ], [ 6016400.535357727669179, 2112759.653673307038844 ], [ 6017014.420169270597398, 2112773.937843867577612 ], [ 6017068.540169274434447, 2112590.750843854155391 ], [ 6016200.262169267050922, 2112535.412843859754503 ], [ 6016193.628131115809083, 2112512.23797706887126 ], [ 6016169.165169273503125, 2112426.780843861401081 ], [ 6017093.768169273622334, 2112408.144843854941428 ], [ 6017119.730169269256294, 2112261.943843856453896 ], [ 6016466.911906241439283, 2112223.755036034621298 ], [ 6016193.653169270604849, 2112207.769843856804073 ], [ 6016191.449169272556901, 2112098.555843851529062 ], [ 6016358.289007710292935, 2112088.403818447142839 ], [ 6017086.43616927228868, 2112044.096843855921179 ], [ 6017141.29216927383095, 2111897.314843852538615 ], [ 6016298.49114378914237, 2111848.012081861961633 ], [ 6016215.203169271349907, 2111843.139843860175461 ], [ 6016211.5321692712605, 2111661.115843862295151 ], [ 6016233.436448499560356, 2111661.695898889563978 ], [ 6016343.301949403248727, 2111664.605286386329681 ], [ 6016831.835082368925214, 2111677.542306445073336 ], [ 6016943.361550468020141, 2111680.495678606443107 ], [ 6016992.421169271692634, 2111681.794843861833215 ], [ 6017045.81116927228868, 2111462.202843866776675 ], [ 6017006.770059326663613, 2111235.02454434055835 ], [ 6017006.770059326663613, 2111235.024544339627028 ], [ 6016914.830169272609055, 2110700.030843853019178 ], [ 6016934.926169271580875, 2110262.591843856498599 ], [ 6016329.025169268250465, 2110205.605843856465071 ], [ 6016351.131169270724058, 2109983.001843857578933 ], [ 6017188.167004694230855, 2110010.054746570065618 ], [ 6017739.626169274561107, 2110027.87784385913983 ], [ 6017891.777169273234904, 2108968.652843857184052 ], [ 6016949.157169268466532, 2109533.914843858219683 ], [ 6016890.186520856805146, 2109531.196900591254234 ], [ 6016399.382169269956648, 2109508.575843867380172 ], [ 6016426.076169273816049, 2109398.777843856718391 ], [ 6016366.814169269986451, 2109327.133843853604048 ], [ 6016396.739821045659482, 2109225.850392970256507 ], [ 6016404.0852743210271, 2109200.98968612216413 ], [ 6016494.43735686969012, 2108895.192813804373145 ], [ 6016583.317169270478189, 2108594.378843856509775 ], [ 6017092.169099438935518, 2108368.543694453313947 ], [ 6017356.967169270850718, 2108251.022843854501843 ], [ 6017295.507169271819293, 2108070.16184386331588 ], [ 6017210.54514551628381, 2108107.868759632576257 ], [ 6016858.957282049581409, 2108263.906638290267438 ], [ 6016693.773169269785285, 2108337.216843858826905 ], [ 6016915.426169271580875, 2107859.298843862488866 ], [ 6016736.166169267147779, 2107571.553843859583139 ], [ 6017054.789169270545244, 2107601.555843855720013 ], [ 6017168.185169266536832, 2107490.012843859847635 ], [ 6017254.882169273681939, 2107488.268843858037144 ], [ 6017269.771325244568288, 2107427.043247129768133 ], [ 6017269.771325244568288, 2107427.043247129302472 ], [ 6017281.583169272169471, 2107378.471843853592873 ], [ 6017076.532595394179225, 2107364.176719580311328 ], [ 6016876.262169271707535, 2107350.214843856170774 ], [ 6016894.060779649764299, 2107302.594428529031575 ], [ 6016903.693169269710779, 2107276.822843862231821 ], [ 6016950.544578420929611, 2107275.879581302404404 ], [ 6017423.882169269025326, 2107266.349843866191804 ], [ 6017421.684169272892177, 2107157.136843858286738 ], [ 6017395.439910911954939, 2107156.441539142280817 ], [ 6016640.665169267915189, 2107136.44484386080876 ], [ 6016624.512325896881521, 2107001.413038427010179 ], [ 6016605.896169269457459, 2106845.788843860384077 ], [ 6016431.76416927203536, 2106812.879843860398978 ], [ 6016371.762169267982244, 2106704.831843853462487 ], [ 6016486.628169269300997, 2106666.095843862276524 ], [ 6016538.558169273659587, 2106373.693843860644847 ], [ 6016270.380169269628823, 2105978.485843863803893 ], [ 6016354.881169270724058, 2105867.523843863047659 ], [ 6016905.463169269263744, 2105929.268843855708838 ], [ 6016986.301169267855585, 2105636.284843856934458 ], [ 6017101.905169269070029, 2105633.956843858584762 ], [ 6017055.098169268108904, 2106181.190843859687448 ], [ 6017112.900169268250465, 2106180.026843865402043 ], [ 6017183.375795974396169, 2105550.118932888377458 ], [ 6017183.375795974396169, 2105550.118932887911797 ], [ 6017186.410169273614883, 2105522.997843859251589 ], [ 6017244.945169272832572, 2105558.237843849230558 ], [ 6017258.135169268585742, 2106213.522843854036182 ], [ 6017315.9351692693308, 2106212.358843863941729 ], [ 6017361.28216926753521, 2105592.315843858290464 ], [ 6017518.194399645552039, 2105621.975445180665702 ], [ 6017535.422169272787869, 2105625.231843853835016 ], [ 6017501.814396685920656, 2106050.871953560970724 ], [ 6017501.814396685920656, 2106050.871953560505062 ], [ 6017489.339169269427657, 2106208.86984385875985 ], [ 6017547.139169270172715, 2106207.705843859352171 ], [ 6017605.670941062271595, 2105718.490935498848557 ], [ 6017621.393169268965721, 2105587.08284386061132 ], [ 6017679.195169270969927, 2105585.919843853916973 ], [ 6017633.841169270686805, 2106205.962843859568238 ], [ 6017721.275169268250465, 2106240.623843858484179 ], [ 6017822.969169267453253, 2105546.609843853395432 ], [ 6017845.2821692712605, 2105218.385843864176422 ], [ 6017861.804533442482352, 2104814.539069839287549 ], [ 6017864.668169271200895, 2104744.544843858573586 ], [ 6017926.368140296079218, 2104743.304107055533677 ], [ 6018009.179169272072613, 2104741.638843852560967 ], [ 6018183.323169267736375, 2104774.558843851089478 ], [ 6018139.419169271364808, 2105467.409843863919377 ], [ 6018229.347393356263638, 2105521.555901973508298 ], [ 6018229.347393356263638, 2105521.555901973042637 ], [ 6018256.487169268541038, 2105537.896843858528882 ], [ 6018208.567169275134802, 2104591.954843865241855 ], [ 6017947.716169270686805, 2104560.778843849897385 ], [ 6017830.643169272691011, 2104490.292843861971051 ], [ 6017849.298169272020459, 2103980.046843856107444 ], [ 6017730.027169273234904, 2103800.347843860276043 ], [ 6017847.835169267840683, 2103907.236843858845532 ], [ 6017905.641169272363186, 2103906.074843863490969 ], [ 6017873.078169270418584, 2103724.632843859028071 ], [ 6017786.369169273413718, 2103726.375843858346343 ], [ 6017784.173169273883104, 2103617.162843860220164 ], [ 6017899.785169272683561, 2103614.837843858636916 ], [ 6017915.964119947515428, 2103359.511279519181699 ], [ 6017943.688169271685183, 2102921.986843859776855 ], [ 6017478.728155926801264, 2102894.78316498408094 ], [ 6017017.295169274322689, 2102867.785843857098371 ], [ 6016985.459169270470738, 2102722.749843860045075 ], [ 6017247.062169269658625, 2102790.32084385631606 ], [ 6017302.673169268295169, 2102679.943843858782202 ], [ 6017382.060169268399477, 2102314.152843849733472 ], [ 6017554.756169270724058, 2102274.259843859821558 ], [ 6018195.780169273726642, 2102516.308843863662332 ], [ 6017903.075169274583459, 2102340.09384385868907 ], [ 6017987.594169268384576, 2102229.137843856122345 ], [ 6017811.970169271342456, 2102123.409843859728426 ], [ 6018158.829169268719852, 2102116.437843864783645 ], [ 6018006.355433970689774, 2101444.641105040442199 ], [ 6017936.74616926908493, 2101137.943843857850879 ], [ 6017523.285915095359087, 2100737.799183206167072 ], [ 6017199.444169268943369, 2100424.386843856889755 ], [ 6016799.811135155148804, 2100519.627698172349483 ], [ 6016364.821169268339872, 2100623.294843861833215 ], [ 6016301.136169273406267, 2100333.222843857947737 ], [ 6016246.175169269554317, 2100303.738843866158277 ], [ 6016038.039169272407889, 2100192.850843859370798 ], [ 6015170.831169274635613, 2100210.35484386049211 ], [ 6015156.800169271416962, 2100217.194843856617808 ], [ 6014626.754169267602265, 2100476.287843866273761 ], [ 6014540.770169271156192, 2100514.446843856014311 ], [ 6014448.159169271588326, 2100224.964843860361725 ], [ 6014591.957169272936881, 2100185.636843861546367 ], [ 6015108.605169272981584, 2099993.095843854825944 ], [ 6016034.368169268593192, 2100010.827843858860433 ], [ 6016090.71316927112639, 2099936.852843861095607 ], [ 6016524.813061716966331, 2099959.035822352860123 ], [ 6018575.001148948445916, 2100063.80267218220979 ], [ 6018534.714872656390071, 2099902.970841811504215 ], [ 6018447.434352153912187, 2099659.038128319662064 ], [ 6018387.642976392060518, 2099532.619885757565498 ], [ 6018425.990768441930413, 2099425.444986737798899 ], [ 6018488.941422373987734, 2099174.131888908799738 ], [ 6018526.955960524268448, 2098917.85868925601244 ], [ 6018539.668282109312713, 2098659.093438785988837 ], [ 6018526.955960524268448, 2098400.328188315965235 ], [ 6018488.941422373987734, 2098144.054988663177937 ], [ 6018425.990768441930413, 2097892.741890834178776 ], [ 6018407.260116678662598, 2097840.393226047977805 ], [ 6018367.5512112993747, 2097681.866389567963779 ], [ 6018280.270690796896815, 2097437.933676076121628 ], [ 6018200.142429377883673, 2097268.516701486892998 ], [ 6018158.032810082659125, 2097150.828199635026976 ], [ 6018154.208226771093905, 2097142.741797630442306 ], [ 6018132.259165889583528, 2096994.773248356999829 ], [ 6018069.308511957526207, 2096743.460150527767837 ], [ 6018042.982398466207087, 2096669.883592291502282 ], [ 6018005.488165021874011, 2096520.19822178222239 ], [ 6017918.207644519396126, 2096276.265508290147409 ], [ 6017882.776172617450356, 2096201.351955087156966 ], [ 6017873.210685211233795, 2096136.866677005076781 ], [ 6017810.260031279176474, 2095885.553579175844789 ], [ 6017778.776350858621299, 2095797.562587009975687 ], [ 6017747.301912018097937, 2095671.90958369220607 ], [ 6017660.021391515620053, 2095427.976870200131088 ], [ 6017563.435952426865697, 2095223.764116921694949 ], [ 6017530.043649756349623, 2094998.651497764280066 ], [ 6017467.092995824292302, 2094747.338399935048074 ], [ 6017448.105120021849871, 2094694.270842120749876 ], [ 6017407.81539932731539, 2094533.425260922173038 ], [ 6017320.534878824837506, 2094289.492547430098057 ], [ 6017275.853544447571039, 2094195.021803192095831 ], [ 6017265.814960988238454, 2094127.347170582506806 ], [ 6017202.864307056181133, 2093876.034072753274813 ], [ 6017173.915134748443961, 2093795.126556233270094 ], [ 6017140.104782706126571, 2093660.148064674343914 ], [ 6017052.824262203648686, 2093416.215351182268932 ], [ 6017048.459028076380491, 2093406.985839070519432 ], [ 6017026.98350808955729, 2093262.209643200505525 ], [ 6016964.032854157499969, 2093010.896545371273533 ], [ 6016928.139473125338554, 2092910.581265614833683 ], [ 6016899.915478051640093, 2092797.904761208221316 ], [ 6016812.634957549162209, 2092553.972047716146335 ], [ 6016729.965981408022344, 2092379.183183185989037 ], [ 6016701.654106699861586, 2092300.056794138159603 ], [ 6016590.884278749115765, 2092065.853670361451805 ], [ 6016578.426806703209877, 2092045.069633895764127 ], [ 6016557.835976024158299, 2091906.257528888294473 ], [ 6016507.227625102736056, 2091704.217666682321578 ], [ 6016415.393169050104916, 2091786.602380594238639 ], [ 6016389.654169267043471, 2091809.692843854660168 ], [ 6016385.83216926921159, 2091620.025843859883025 ], [ 6016382.319169268943369, 2091445.648843858158216 ], [ 6016409.409856595098972, 2091416.056508351350203 ], [ 6016407.604801589623094, 2091411.0117175669875 ], [ 6016381.508243647404015, 2091355.835181655362248 ], [ 6016320.17975880485028, 2091184.433548897970468 ], [ 6016209.409930854104459, 2090950.23042512126267 ], [ 6016170.594498831778765, 2090885.470789170125499 ], [ 6016076.866188888438046, 2090687.29892792343162 ], [ 6016062.536792670376599, 2090663.391774656716734 ], [ 6016049.606546990573406, 2090576.22313881595619 ], [ 6015986.655893058516085, 2090324.910040986724198 ], [ 6015899.375372556038201, 2090080.977327494649217 ], [ 6015788.60554460529238, 2089846.774203717941418 ], [ 6015729.891529981046915, 2089748.815788362175226 ], [ 6015657.263167602010071, 2089595.256017992505804 ], [ 6015524.070806201547384, 2089373.037988041294739 ], [ 6015438.09313490614295, 2089257.110518254106864 ], [ 6015434.307325216010213, 2089231.588662414578721 ], [ 6015371.356671283952892, 2088980.275564585346729 ], [ 6015284.076150781475008, 2088736.342851093271747 ], [ 6015173.306322830729187, 2088502.139727316563949 ], [ 6015040.1139614302665, 2088279.921697365352884 ], [ 6014885.781781828962266, 2088071.828842345159501 ], [ 6014711.7960872836411, 2087879.865210204618052 ], [ 6014519.832455143332481, 2087705.879515659529716 ], [ 6014311.739600122906268, 2087551.547336058458313 ], [ 6014268.322746771387756, 2087525.524275626288727 ], [ 6014271.12246376555413, 2087468.534726983867586 ], [ 6014258.410142180509865, 2087209.769476513843983 ], [ 6014220.395604030229151, 2086953.496276861289516 ], [ 6014157.44495009817183, 2086702.183179032057524 ], [ 6014070.164429595693946, 2086458.250465539982542 ], [ 6013959.394601644948125, 2086224.047341763274744 ], [ 6013826.202240244485438, 2086001.829311812063679 ], [ 6013671.870060643181205, 2085793.736456791870296 ], [ 6013497.884366097860038, 2085601.772824651328847 ], [ 6013305.92073395755142, 2085427.787130106240511 ], [ 6013097.827878937125206, 2085273.454950505169109 ], [ 6013058.774487955495715, 2085250.047248768620193 ], [ 6013038.731905256398022, 2085194.031982647022232 ], [ 6012927.962077305652201, 2084959.828858870314434 ], [ 6012794.769715905189514, 2084737.610828919103369 ], [ 6012640.437536303885281, 2084529.517973898909986 ], [ 6012466.451841758564115, 2084337.554341758368537 ], [ 6012274.488209618255496, 2084163.568647213280201 ], [ 6012066.395354597829282, 2084009.236467612208799 ], [ 6011844.177324647083879, 2083876.04410621128045 ], [ 6011609.974200869910419, 2083765.274278261000291 ], [ 6011366.041487378068268, 2083677.993757757823914 ], [ 6011114.728389549069107, 2083615.043103826465085 ], [ 6010858.45518989674747, 2083577.028565676417202 ], [ 6010599.689939426258206, 2083564.316244090907276 ], [ 6010340.924688955768943, 2083577.028565676417202 ], [ 6010084.651489303447306, 2083615.043103826465085 ], [ 6009833.338391474448144, 2083677.993757757823914 ], [ 6009589.405677982605994, 2083765.274278261000291 ], [ 6009355.202554205432534, 2083876.04410621128045 ], [ 6009132.98452425468713, 2084009.236467612208799 ], [ 6008924.891669234260917, 2084163.568647213280201 ], [ 6008732.928037093952298, 2084337.554341758368537 ], [ 6008558.942342548631132, 2084529.517973898909986 ], [ 6008404.610162947326899, 2084737.610828919103369 ], [ 6008271.417801546864212, 2084959.828858870314434 ], [ 6008160.647973596118391, 2085194.031982647022232 ], [ 6008073.367453093640506, 2085437.964696139097214 ], [ 6008010.416799161583185, 2085689.277793968329206 ], [ 6007972.402261011302471, 2085945.550993620883673 ], [ 6007959.689939426258206, 2086204.316244090907276 ], [ 6007972.402261011302471, 2086463.081494560930878 ], [ 6008010.416799161583185, 2086719.354694213485345 ], [ 6008073.367453093640506, 2086970.667792042717338 ], [ 6008160.647973596118391, 2087214.600505534792319 ], [ 6008271.417801546864212, 2087448.803629311500117 ], [ 6008404.610162947326899, 2087671.021659262711182 ], [ 6008558.942342548631132, 2087879.114514282904565 ], [ 6008732.928037093952298, 2088071.078146423446015 ], [ 6008899.726037066429853, 2088222.255041497061029 ], [ 6008965.415552620775998, 2088405.844938587397337 ], [ 6009076.185380571521819, 2088640.048062364105135 ], [ 6009209.377741971984506, 2088862.2660923153162 ], [ 6009363.709921573288739, 2089070.358947335509583 ], [ 6009537.695616118609905, 2089262.322579476051033 ], [ 6009729.659248258918524, 2089436.308274021139368 ], [ 6009937.752103279344738, 2089590.640453622210771 ], [ 6010159.970133230090141, 2089723.832815023139119 ], [ 6010205.10526991635561, 2089745.180144830839708 ], [ 6010205.034184951335192, 2089746.62711253715679 ], [ 6010217.746506536379457, 2090005.392363007180393 ], [ 6010255.761044686660171, 2090261.66556265973486 ], [ 6010318.711698618717492, 2090512.978660488966852 ], [ 6010405.992219121195376, 2090756.911373981041834 ], [ 6010516.762047071941197, 2090991.114497757749632 ], [ 6010649.954408472403884, 2091213.332527708960697 ], [ 6010735.932079767808318, 2091329.259997496148571 ], [ 6010739.717889457941055, 2091354.781853335676715 ], [ 6010802.668543389998376, 2091606.094951164908707 ], [ 6010889.949063892476261, 2091850.027664656983688 ], [ 6010902.476216071285307, 2091876.514102584915236 ], [ 6010965.874310554005206, 2092053.699906798312441 ], [ 6011076.644138504751027, 2092287.903030575020239 ], [ 6011155.184571001678705, 2092418.939825759967789 ], [ 6011159.32091074436903, 2092446.824763266602531 ], [ 6011222.271564676426351, 2092698.137861095834523 ], [ 6011309.552085178904235, 2092942.070574587909505 ], [ 6011318.377501151524484, 2092960.73034889344126 ], [ 6011391.167874701321125, 2093164.16581460647285 ], [ 6011501.937702652066946, 2093398.368938383180648 ], [ 6011558.244277192279696, 2093492.31078261625953 ], [ 6011640.290697880089283, 2093665.783364231465384 ], [ 6011652.748169925995171, 2093686.567400697153062 ], [ 6011673.339000605046749, 2093825.379505704622716 ], [ 6011736.28965453710407, 2094076.692603533854708 ], [ 6011769.966874973848462, 2094170.814129352802411 ], [ 6011793.733655719086528, 2094265.69643670739606 ], [ 6011881.014176221564412, 2094509.629150199471042 ], [ 6011955.840106525458395, 2094667.835287564666942 ], [ 6011998.668401994742453, 2094787.532354766968638 ], [ 6012003.033636122010648, 2094796.761866878718138 ], [ 6012024.509156108833849, 2094941.538062748732045 ], [ 6012087.459810040891171, 2095192.851160577964038 ], [ 6012116.408982348628342, 2095273.758677097968757 ], [ 6012150.219334390945733, 2095408.737168656894937 ], [ 6012237.499854893423617, 2095652.669882148969918 ], [ 6012282.181189270690084, 2095747.140626386972144 ], [ 6012292.219772730022669, 2095814.81525899656117 ], [ 6012355.17042666207999, 2096066.128356825793162 ], [ 6012374.158302464522421, 2096119.19591464009136 ], [ 6012414.448023159056902, 2096280.041495838668197 ], [ 6012501.728543661534786, 2096523.974209330743179 ], [ 6012598.313982750289142, 2096728.186962609179318 ], [ 6012631.706285420805216, 2096953.299581766594201 ], [ 6012694.656939352862537, 2097204.612679595593363 ], [ 6012726.140619773417711, 2097292.603671761229634 ], [ 6012757.615058613941073, 2097418.256675079464912 ], [ 6012844.895579116418958, 2097662.189388571307063 ], [ 6012880.327051018364727, 2097737.102941774297506 ], [ 6012889.892538424581289, 2097801.588219856843352 ], [ 6012952.84319235663861, 2098052.901317685842514 ], [ 6012979.16930584795773, 2098126.477875921409577 ], [ 6013016.663539292290807, 2098276.163246431387961 ], [ 6013103.944059794768691, 2098520.095959923230112 ], [ 6013107.768643106333911, 2098528.182361927814782 ], [ 6013129.717703987844288, 2098676.15091120172292 ], [ 6013192.668357919901609, 2098927.464009030722082 ], [ 6013226.287456661462784, 2099021.423095594160259 ], [ 6013256.18570561427623, 2099140.783596155233681 ], [ 6013343.466226116754115, 2099384.716309647075832 ], [ 6013406.331367037259042, 2099517.633482604753226 ], [ 6013460.626316279172897, 2099669.37770022964105 ], [ 6013511.836000246927142, 2099777.651479964610189 ], [ 6013445.442430036142468, 2099963.209078001324087 ], [ 6013382.491776104085147, 2100214.522175830323249 ], [ 6013344.477237953804433, 2100470.795375483110547 ], [ 6013331.764916368760169, 2100729.560625953134149 ], [ 6013344.477237953804433, 2100988.325876423157752 ], [ 6013382.491776104085147, 2101244.59907607594505 ], [ 6013445.442430036142468, 2101495.912173904944211 ], [ 6013532.722950538620353, 2101739.844887396786362 ], [ 6013536.157659552060068, 2101747.106969454791397 ], [ 6013427.865047921426594, 2101976.072459381073713 ], [ 6013340.58452741894871, 2102220.005172872915864 ], [ 6013277.633873486891389, 2102471.318270701915026 ], [ 6013239.619335336610675, 2102727.591470354702324 ], [ 6013226.90701375156641, 2102986.356720824725926 ], [ 6013239.619335336610675, 2103245.121971294749528 ], [ 6013277.633873486891389, 2103501.395170947536826 ], [ 6013340.58452741894871, 2103752.708268776535988 ], [ 6013344.078855090774596, 2103762.47426038607955 ], [ 6013304.40585813485086, 2103846.355764841660857 ], [ 6013217.125337632372975, 2104090.288478333503008 ], [ 6013154.174683700315654, 2104341.60157616250217 ], [ 6013140.029855569824576, 2104436.958261789288372 ], [ 6013103.038887480273843, 2104438.775511521380395 ], [ 6013045.94341635145247, 2104447.244824615307152 ], [ 6013033.666073439642787, 2104444.1695103100501 ], [ 6013011.56094969343394, 2104440.890524949412793 ], [ 6013017.740407987497747, 2104416.220744578167796 ], [ 6013055.754946137778461, 2104159.947544925380498 ], [ 6013068.467267722822726, 2103901.182294455356896 ], [ 6013055.754946137778461, 2103642.417043985333294 ], [ 6013054.887805951759219, 2103636.57125969324261 ], [ 6013075.991698580794036, 2103552.319797610864043 ], [ 6013114.00623673107475, 2103296.046597958076745 ], [ 6013126.718558316119015, 2103037.281347488053143 ], [ 6013114.00623673107475, 2102778.516097018029541 ], [ 6013075.991698580794036, 2102522.242897365242243 ], [ 6013013.041044648736715, 2102270.929799536243081 ], [ 6012925.760524146258831, 2102026.99708604440093 ], [ 6012814.99069619551301, 2101792.793962267227471 ], [ 6012681.798334795050323, 2101570.575932316482067 ], [ 6012527.46615519374609, 2101362.483077296055853 ], [ 6012353.480460648424923, 2101170.519445155747235 ], [ 6012161.516828508116305, 2100996.533750610426068 ], [ 6011953.423973487690091, 2100842.201571009121835 ], [ 6011731.205943536944687, 2100709.009209608193487 ], [ 6011497.002819759771228, 2100598.239381658378989 ], [ 6011253.070106267929077, 2100510.958861154969782 ], [ 6011001.757008438929915, 2100448.008207223378122 ], [ 6010745.483808786608279, 2100409.993669073563069 ], [ 6010486.718558316119015, 2100397.281347488053143 ], [ 6010227.953307845629752, 2100409.993669073563069 ], [ 6009971.680108193308115, 2100448.008207223378122 ], [ 6009723.986949836835265, 2100510.052113520447165 ], [ 6009688.561995336785913, 2100271.236468798480928 ], [ 6009625.611341404728591, 2100019.923370969481766 ], [ 6009538.330820902250707, 2099775.990657477639616 ], [ 6009427.560992951504886, 2099541.787533700466156 ], [ 6009392.327936883084476, 2099483.004730945918709 ], [ 6009388.578180893324316, 2099457.725929407402873 ], [ 6009325.627526961266994, 2099206.412831578403711 ], [ 6009238.34700645878911, 2098962.480118086561561 ], [ 6009127.577178508043289, 2098728.276994309388101 ], [ 6008994.384817107580602, 2098506.058964358642697 ], [ 6008840.052637506276369, 2098297.966109338216484 ], [ 6008824.794026107527316, 2098281.130825994070619 ], [ 6008816.237580750137568, 2098263.039742273744196 ], [ 6008683.045219349674881, 2098040.821712322998792 ], [ 6008602.163979356177151, 2097931.765984662808478 ], [ 6008569.770805649459362, 2097802.445186159573495 ], [ 6008482.490285146981478, 2097558.512472667731345 ], [ 6008371.720457196235657, 2097324.309348890557885 ], [ 6008238.52809579577297, 2097102.091318939579651 ], [ 6008084.195916194468737, 2096893.998463919386268 ], [ 6007910.21022164914757, 2096702.034831778844818 ], [ 6007771.966872862540185, 2096576.738363970536739 ], [ 6007758.487893092446029, 2096539.067139148013666 ], [ 6007647.718065141700208, 2096304.864015371305868 ], [ 6007514.525703741237521, 2096082.645985420094803 ], [ 6007360.193524139933288, 2095874.55313039990142 ], [ 6007186.207829594612122, 2095682.589498259359971 ], [ 6006994.244197454303503, 2095508.603803714271635 ], [ 6006786.151342433877289, 2095354.271624113200232 ], [ 6006563.933312483131886, 2095221.079262712271884 ], [ 6006329.730188705958426, 2095110.309434761991724 ], [ 6006085.797475214116275, 2095023.028914258815348 ], [ 6005834.484377385117114, 2094960.078260327456519 ], [ 6005578.211177732795477, 2094922.063722177408636 ], [ 6005319.445927262306213, 2094909.35140059189871 ], [ 6005061.086142105981708, 2094922.043802943779156 ], [ 6005062.634156695567071, 2094890.533242085250095 ], [ 6005049.921835110522807, 2094631.767991615226492 ], [ 6005011.907296960242093, 2094375.494791962672025 ], [ 6004948.956643028184772, 2094124.181694133440033 ], [ 6004861.676122525706887, 2093880.248980641365051 ], [ 6004750.906294574961066, 2093646.045856864657253 ], [ 6004617.713933174498379, 2093423.827826913446188 ], [ 6004463.381753573194146, 2093215.734971893252805 ], [ 6004289.39605902787298, 2093023.771339752711356 ], [ 6004097.432426887564361, 2092849.78564520762302 ], [ 6003889.339571867138147, 2092695.453465606551617 ], [ 6003667.121541916392744, 2092562.261104205623269 ], [ 6003432.918418139219284, 2092451.491276255343109 ], [ 6003188.985704647377133, 2092364.210755752166733 ], [ 6002937.672606818377972, 2092301.260101820807904 ], [ 6002868.985734327696264, 2092291.07136675901711 ], [ 6002848.730797125026584, 2092257.278045620536432 ], [ 6002694.398617523722351, 2092049.185190600343049 ], [ 6002520.412922978401184, 2091857.221558459801599 ], [ 6002470.048300414346159, 2091811.573725380003452 ], [ 6002393.69054448325187, 2091598.168093823362142 ], [ 6002383.323008588515222, 2091576.247780888341367 ], [ 6002369.04655768815428, 2091536.347773566143587 ], [ 6002258.276729737408459, 2091302.144649789435789 ], [ 6002125.084368336945772, 2091079.926619838224724 ], [ 6001970.752188735641539, 2090871.833764818031341 ], [ 6001796.766494190320373, 2090679.870132677489892 ], [ 6001709.470621982589364, 2090600.749766035238281 ], [ 6001705.654400311410427, 2090590.084140965016559 ], [ 6001594.884572360664606, 2090355.881017188308761 ], [ 6001588.794280894100666, 2090345.719979744171724 ], [ 6001554.704673122614622, 2090273.643559872638434 ], [ 6001421.512311722151935, 2090051.425529921427369 ], [ 6001267.180132120847702, 2089843.332674901233986 ], [ 6001093.194437575526536, 2089651.369042760692537 ], [ 6001051.756828346289694, 2089613.812182944733649 ], [ 6000988.549958583898842, 2089508.357891645515338 ], [ 6000986.144965064711869, 2089505.115133272251114 ], [ 6000965.756326023489237, 2089462.006977907149121 ], [ 6000832.56396462302655, 2089239.788947955938056 ], [ 6000737.392492507584393, 2089111.46507279179059 ], [ 6000730.917482882738113, 2089100.662171877222136 ], [ 6000700.706705731339753, 2089036.786850307835266 ], [ 6000567.514344330877066, 2088814.568820356624201 ], [ 6000413.182164729572833, 2088606.475965336430818 ], [ 6000239.196470184251666, 2088414.512333195889369 ], [ 6000047.232838043943048, 2088240.526638650801033 ], [ 6000046.362684842199087, 2088239.881289053475484 ], [ 5999986.40787548571825, 2088072.318822089815512 ], [ 5999875.638047534972429, 2087838.115698313107714 ], [ 5999742.445686134509742, 2087615.897668361896649 ], [ 5999588.113506533205509, 2087407.804813341703266 ], [ 5999414.127811987884343, 2087215.841181201161817 ], [ 5999381.747699063271284, 2087186.493557519512251 ], [ 5999332.470051887445152, 2087082.304726368747652 ], [ 5999199.277690486982465, 2086860.086696417536587 ], [ 5999044.945510885678232, 2086651.993841397343203 ], [ 5998870.959816340357065, 2086460.030209256801754 ], [ 5998678.996184200048447, 2086286.044514711713418 ], [ 5998470.903329179622233, 2086131.712335110642016 ], [ 5998248.685299228876829, 2085998.519973709713668 ], [ 5998014.48217545170337, 2085887.750145759433508 ], [ 5997770.549461959861219, 2085800.469625256257132 ], [ 5997519.236364130862057, 2085737.518971324898303 ], [ 5997262.963164478540421, 2085699.504433174850419 ], [ 5997050.546472686342895, 2085689.069070268655196 ], [ 5996872.841883415356278, 2085605.021059029269964 ], [ 5996628.909169923514128, 2085517.740538526093587 ], [ 5996377.596072094514966, 2085454.789884594734758 ], [ 5996121.322872442193329, 2085416.775346444686875 ], [ 5995862.557621971704066, 2085404.063024859176949 ], [ 5995603.792371501214802, 2085416.775346444686875 ], [ 5995369.974845166318119, 2085451.458900117315352 ], [ 5995255.594977359287441, 2085434.492249471601099 ], [ 5994996.829726888798177, 2085421.779927886091173 ], [ 5994738.064476418308914, 2085434.492249471601099 ], [ 5994481.791276765987277, 2085472.506787621648982 ], [ 5994423.214686715975404, 2085487.179459601640701 ], [ 5994339.376637443900108, 2085474.74325976963155 ], [ 5994080.611386973410845, 2085462.030938184121624 ], [ 5993821.846136502921581, 2085474.74325976963155 ], [ 5993565.572936850599945, 2085512.757797919679433 ], [ 5993314.259839021600783, 2085575.708451851038262 ], [ 5993070.327125529758632, 2085662.988972354214638 ], [ 5992836.124001752585173, 2085773.758800304494798 ], [ 5992676.005923411808908, 2085869.729883127380162 ], [ 5992512.696226866915822, 2085877.75277405558154 ], [ 5992256.423027214594185, 2085915.767312205629423 ], [ 5992068.473669143393636, 2085962.846175578655675 ] ], [ [ 6008414.385796341113746, 2119428.693894298281521 ], [ 6008430.360938309691846, 2119320.998235046397895 ], [ 6008474.568215662613511, 2119369.773449295200408 ], [ 6008595.866521414369345, 2119479.711825320031494 ], [ 6008466.761652400717139, 2119486.054340824484825 ], [ 6008404.006457857787609, 2119495.363194580189884 ], [ 6008398.059161459095776, 2119493.873474383726716 ], [ 6008414.385796341113746, 2119428.693894298281521 ] ] ], [ [ [ 6005454.427802732214332, 2123302.504954966250807 ], [ 6005507.976223872974515, 2123391.845098257530481 ], [ 6005603.926169267855585, 2123420.8358438545838 ], [ 6005827.333169269375503, 2123451.567843859083951 ], [ 6005852.251169268973172, 2123440.8578438651748 ], [ 6005868.977015998214483, 2123411.468810266815126 ], [ 6005868.977015998214483, 2123411.468810267280787 ], [ 6005877.628169269300997, 2123396.267843865789473 ], [ 6005877.181169274263084, 2123346.381843864452094 ], [ 6005836.612169273197651, 2123312.617843857500702 ], [ 6005786.468169271945953, 2123319.111843862570822 ], [ 6005741.655169268138707, 2123345.891843854915351 ], [ 6005652.35716927330941, 2123345.178843856789172 ], [ 6005507.775169271975756, 2123311.73284386144951 ], [ 6005441.793866259977221, 2123275.792740618344396 ], [ 6005454.427802732214332, 2123302.504954966250807 ] ] ], [ [ [ 6108503.83293803408742, 1966234.143026179168373 ], [ 6108247.559738381765783, 1966272.157564329216257 ], [ 6107996.246640552766621, 1966335.108218260575086 ], [ 6107752.31392706092447, 1966422.388738763751462 ], [ 6107518.110803283751011, 1966533.158566714031622 ], [ 6107295.892773333005607, 1966666.35092811495997 ], [ 6107087.799918312579393, 1966820.683107716031373 ], [ 6106895.836286172270775, 1966994.668802261119708 ], [ 6106721.850591626949608, 1967186.632434401661158 ], [ 6106567.518412025645375, 1967394.725289421854541 ], [ 6106434.326050625182688, 1967616.943319373065606 ], [ 6106323.556222674436867, 1967851.146443149773404 ], [ 6106236.275702171958983, 1968095.079156641848385 ], [ 6106173.325048239901662, 1968346.392254471080378 ], [ 6106135.310510089620948, 1968602.665454123634845 ], [ 6106122.598188504576683, 1968861.430704593658447 ], [ 6106135.310510089620948, 1969120.19595506368205 ], [ 6106149.382740201428533, 1969215.063224597135559 ], [ 6106109.926912593655288, 1969104.791573649970815 ], [ 6105999.157084642909467, 1968870.588449873263016 ], [ 6105865.96472324244678, 1968648.370419922051951 ], [ 6105711.632543641142547, 1968440.277564901858568 ], [ 6105537.646849095821381, 1968248.313932761317119 ], [ 6105345.683216955512762, 1968074.328238216228783 ], [ 6105137.590361935086548, 1967919.996058615157381 ], [ 6104915.372331984341145, 1967786.803697214229032 ], [ 6104681.169208207167685, 1967676.033869263948873 ], [ 6104437.236494715325534, 1967588.753348760772496 ], [ 6104185.923396886326373, 1967525.802694829413667 ], [ 6103929.650197234004736, 1967487.788156679365784 ], [ 6103670.884946763515472, 1967475.075835093855858 ], [ 6103412.119696293026209, 1967487.788156679365784 ], [ 6103155.846496640704572, 1967525.802694829413667 ], [ 6102904.53339881170541, 1967588.753348760772496 ], [ 6102660.60068531986326, 1967676.033869263948873 ], [ 6102426.3975615426898, 1967786.803697214229032 ], [ 6102302.056927731260657, 1967861.330605040304363 ], [ 6102106.592426873743534, 1967953.77842888305895 ], [ 6101884.37439692299813, 1968086.970790283987299 ], [ 6101676.281541902571917, 1968241.302969885058701 ], [ 6101484.317909762263298, 1968415.288664430147037 ], [ 6101310.332215216942132, 1968607.252296570688486 ], [ 6101156.000035615637898, 1968815.345151590881869 ], [ 6101022.807674215175211, 1969037.563181542092934 ], [ 6100912.03784626442939, 1969271.766305318800732 ], [ 6100824.757325761951506, 1969515.699018810875714 ], [ 6100761.806671829894185, 1969767.012116640107706 ], [ 6100723.792133679613471, 1970023.285316292662174 ], [ 6100711.079812094569206, 1970282.050566762685776 ], [ 6100723.792133679613471, 1970540.815817232709378 ], [ 6100761.806671829894185, 1970797.089016885263845 ], [ 6100824.757325761951506, 1971048.402114714495838 ], [ 6100912.03784626442939, 1971292.334828206570819 ], [ 6101022.807674215175211, 1971526.537951983278617 ], [ 6101156.000035615637898, 1971748.755981934489682 ], [ 6101310.332215216942132, 1971956.848836954683065 ], [ 6101484.317909762263298, 1972148.812469095224515 ], [ 6101676.281541902571917, 1972322.79816364031285 ], [ 6101884.37439692299813, 1972477.130343241384253 ], [ 6102106.592426873743534, 1972610.322704642312601 ], [ 6102340.795550650916994, 1972721.092532592592761 ], [ 6102584.728264142759144, 1972808.373053095769137 ], [ 6102836.041361971758306, 1972871.323707027127966 ], [ 6103092.314561624079943, 1972909.33824517717585 ], [ 6103351.079812094569206, 1972922.050566762685776 ], [ 6103609.84506256505847, 1972909.33824517717585 ], [ 6103866.118262217380106, 1972871.323707027127966 ], [ 6104117.431360046379268, 1972808.373053095769137 ], [ 6104361.364073538221419, 1972721.092532592592761 ], [ 6104595.567197315394878, 1972610.322704642312601 ], [ 6104719.907831126824021, 1972535.795796816237271 ], [ 6104915.372331984341145, 1972443.347972973482683 ], [ 6105137.590361935086548, 1972310.155611572554335 ], [ 6105345.683216955512762, 1972155.823431971482933 ], [ 6105537.646849095821381, 1971981.837737426394597 ], [ 6105711.632543641142547, 1971789.874105285853148 ], [ 6105865.96472324244678, 1971581.781250265659764 ], [ 6105999.157084642909467, 1971359.563220314448699 ], [ 6106109.926912593655288, 1971125.360096537740901 ], [ 6106197.207433096133173, 1970881.42738304566592 ], [ 6106260.158087028190494, 1970630.114285216433927 ], [ 6106298.172625178471208, 1970373.84108556387946 ], [ 6106310.884946763515472, 1970115.075835093855858 ], [ 6106298.172625178471208, 1969856.310584623832256 ], [ 6106284.100395066663623, 1969761.443315090378746 ], [ 6106323.556222674436867, 1969871.714966037543491 ], [ 6106434.326050625182688, 1970105.918089814251289 ], [ 6106567.518412025645375, 1970328.136119765462354 ], [ 6106721.850591626949608, 1970536.228974785655737 ], [ 6106895.836286172270775, 1970728.192606926197186 ], [ 6107087.799918312579393, 1970902.178301471285522 ], [ 6107295.892773333005607, 1971056.510481072356924 ], [ 6107302.132289245724678, 1971060.250302987638861 ], [ 6107354.070711228996515, 1971107.324544715695083 ], [ 6107562.163566249422729, 1971261.656724316766486 ], [ 6107784.381596200168133, 1971394.849085717694834 ], [ 6108018.584719977341592, 1971505.618913667974994 ], [ 6108262.517433469183743, 1971592.89943417115137 ], [ 6108508.805938128381968, 1971654.591493033338338 ], [ 6108528.839250043965876, 1971696.948372311657295 ], [ 6108662.031611444428563, 1971919.16640226286836 ], [ 6108816.363791045732796, 1972127.259257283061743 ], [ 6108990.349485591053963, 1972319.222889423603192 ], [ 6109070.468217568472028, 1972391.838275336427614 ], [ 6108991.902592015452683, 1972557.951333976117894 ], [ 6108904.622071512974799, 1972801.884047468192875 ], [ 6108841.671417580917478, 1973053.197145297424868 ], [ 6108803.656879430636764, 1973309.470344949979335 ], [ 6108790.944557845592499, 1973568.235595420002937 ], [ 6108803.656879430636764, 1973827.00084589002654 ], [ 6108841.671417580917478, 1974083.274045542581007 ], [ 6108904.622071512974799, 1974334.587143371812999 ], [ 6108991.902592015452683, 1974578.519856863887981 ], [ 6109102.672419966198504, 1974812.722980640595779 ], [ 6109235.864781366661191, 1975034.941010591806844 ], [ 6109390.196960967965424, 1975243.033865612000227 ], [ 6109564.182655513286591, 1975434.997497752541676 ], [ 6109756.146287653595209, 1975608.983192297630012 ], [ 6109964.239142674021423, 1975763.315371898701414 ], [ 6110186.457172624766827, 1975896.507733299629763 ], [ 6110420.660296401940286, 1976007.277561249909922 ], [ 6110664.593009893782437, 1976094.558081753086299 ], [ 6110915.906107722781599, 1976157.508735684445128 ], [ 6111172.179307375103235, 1976195.523273834493011 ], [ 6111430.944557845592499, 1976208.235595420002937 ], [ 6111689.709808316081762, 1976195.523273834493011 ], [ 6111945.983007968403399, 1976157.508735684445128 ], [ 6112197.296105797402561, 1976094.558081753086299 ], [ 6112441.228819289244711, 1976007.277561249909922 ], [ 6112675.431943066418171, 1975896.507733299629763 ], [ 6112815.792702483013272, 1975812.378731711069122 ], [ 6112985.49398697167635, 1975732.116001724498346 ], [ 6113207.712016922421753, 1975598.923640323569998 ], [ 6113415.804871942847967, 1975444.591460722498596 ], [ 6113607.768504083156586, 1975270.60576617741026 ], [ 6113781.754198628477752, 1975078.642134036868811 ], [ 6113936.086378229781985, 1974870.549279016675428 ], [ 6114069.278739630244672, 1974648.331249065464363 ], [ 6114115.892326340079308, 1974549.775100520811975 ], [ 6114281.721882153302431, 1974700.074248972348869 ], [ 6114489.814737173728645, 1974854.406428573420271 ], [ 6114712.032767124474049, 1974987.59878997434862 ], [ 6114946.235890901647508, 1975098.368617924628779 ], [ 6115190.168604393489659, 1975185.649138427805156 ], [ 6115441.481702222488821, 1975248.599792359163985 ], [ 6115499.836664753034711, 1975257.255933353910223 ], [ 6115505.985338261350989, 1975382.415057893376797 ], [ 6115543.999876411631703, 1975638.688257545931265 ], [ 6115606.950530343689024, 1975890.001355375163257 ], [ 6115637.920550728216767, 1975976.556763911386952 ], [ 6115698.429021918214858, 1976218.12012171279639 ], [ 6115785.709542420692742, 1976462.052835204871371 ], [ 6115896.479370371438563, 1976696.25595898157917 ], [ 6116029.67173177190125, 1976918.473988932790235 ], [ 6116184.003911373205483, 1977126.566843952983618 ], [ 6116357.989605918526649, 1977318.530476093525067 ], [ 6116549.953238058835268, 1977492.516170638613403 ], [ 6116758.046093079261482, 1977646.848350239684805 ], [ 6116980.264123030006886, 1977780.040711640613154 ], [ 6117214.467246807180345, 1977890.810539590893313 ], [ 6117458.399960299022496, 1977978.09106009406969 ], [ 6117709.713058128021657, 1978041.041714025428519 ], [ 6117965.986257780343294, 1978079.056252175476402 ], [ 6118224.751508250832558, 1978091.768573760986328 ], [ 6118483.516758721321821, 1978079.056252175476402 ], [ 6118739.789958373643458, 1978041.041714025428519 ], [ 6118991.10305620264262, 1977978.09106009406969 ], [ 6119017.675956124439836, 1977968.583124469965696 ], [ 6119063.624063733965158, 1978010.228061723522842 ], [ 6119271.716918754391372, 1978164.560241324594244 ], [ 6119493.934948705136776, 1978297.752602725522593 ], [ 6119728.138072482310236, 1978408.522430675802752 ], [ 6119972.070785974152386, 1978495.802951178979129 ], [ 6120223.383883803151548, 1978558.753605110337958 ], [ 6120479.657083455473185, 1978596.768143260385841 ], [ 6120738.422333925962448, 1978609.480464845895767 ], [ 6120997.187584396451712, 1978596.768143260385841 ], [ 6121253.460784048773348, 1978558.753605110337958 ], [ 6121504.77388187777251, 1978495.802951178979129 ], [ 6121748.706595369614661, 1978408.522430675802752 ], [ 6121982.90971914678812, 1978297.752602725522593 ], [ 6122077.842426008544862, 1978240.852127980440855 ], [ 6122107.116163648664951, 1978227.006681218044832 ], [ 6122329.334193599410355, 1978093.814319817116484 ], [ 6122537.427048619836569, 1977939.482140216045082 ], [ 6122729.390680760145187, 1977765.496445670956746 ], [ 6122903.376375305466354, 1977573.532813530415297 ], [ 6122971.28960614092648, 1977481.962422088719904 ], [ 6123049.100803401321173, 1977478.139803090598434 ], [ 6123305.374003053642809, 1977440.125264940550551 ], [ 6123556.687100882641971, 1977377.174611009191722 ], [ 6123800.619814374484122, 1977289.894090506015345 ], [ 6124034.822938151657581, 1977179.124262555735186 ], [ 6124257.040968102402985, 1977045.931901154806837 ], [ 6124465.133823122829199, 1976891.599721553735435 ], [ 6124657.097455263137817, 1976717.614027008647099 ], [ 6124831.083149808458984, 1976525.65039486810565 ], [ 6124985.415329409763217, 1976317.557539847912267 ], [ 6125118.607690810225904, 1976095.339509896701202 ], [ 6125229.377518760971725, 1975861.136386119993404 ], [ 6125316.658039263449609, 1975617.203672627918422 ], [ 6125372.315579952672124, 1975395.00631494470872 ], [ 6125527.1580531289801, 1975433.792335359146819 ], [ 6125783.431252781301737, 1975471.806873509194702 ], [ 6126042.196503251791, 1975484.519195094704628 ], [ 6126300.961753722280264, 1975471.806873509194702 ], [ 6126557.234953374601901, 1975433.792335359146819 ], [ 6126653.113135894760489, 1975409.776100871153176 ], [ 6126689.34919045958668, 1975404.40098993270658 ], [ 6126940.662288288585842, 1975341.45033600134775 ], [ 6127184.595001780427992, 1975254.169815498171374 ], [ 6127418.798125557601452, 1975143.399987547891214 ], [ 6127641.016155508346856, 1975010.207626146962866 ], [ 6127692.923719855956733, 1974971.710352692753077 ], [ 6127809.924579831771553, 1975058.484104407718405 ], [ 6128032.142609782516956, 1975191.676465808646753 ], [ 6128266.345733559690416, 1975302.446293758926913 ], [ 6128510.278447051532567, 1975389.726814262103289 ], [ 6128761.591544880531728, 1975452.677468193462119 ], [ 6129017.864744532853365, 1975490.692006343510002 ], [ 6129276.629995003342628, 1975503.404327929019928 ], [ 6129535.395245473831892, 1975490.692006343510002 ], [ 6129791.668445126153529, 1975452.677468193462119 ], [ 6130042.98154295515269, 1975389.726814262103289 ], [ 6130286.914256446994841, 1975302.446293758926913 ], [ 6130521.117380224168301, 1975191.676465808646753 ], [ 6130541.239524303935468, 1975179.615716790780425 ], [ 6130603.373121224343777, 1975150.228714048163965 ], [ 6130678.624903404153883, 1975105.124531591311097 ], [ 6130795.649730063043535, 1975160.473152505932376 ], [ 6131039.582443554885685, 1975247.753673009108752 ], [ 6131290.895541383884847, 1975310.704326940467581 ], [ 6131547.168741036206484, 1975348.718865090515465 ], [ 6131805.933991506695747, 1975361.431186676025391 ], [ 6132064.699241977185011, 1975348.718865090515465 ], [ 6132320.972441629506648, 1975310.704326940467581 ], [ 6132475.157620552927256, 1975272.082950165495276 ], [ 6132707.058719544671476, 1975330.171151516726241 ], [ 6132963.331919196993113, 1975368.185689666774124 ], [ 6133222.097169667482376, 1975380.89801125228405 ], [ 6133480.86242013797164, 1975368.185689666774124 ], [ 6133737.135619790293276, 1975330.171151516726241 ], [ 6133988.448717619292438, 1975267.220497585367411 ], [ 6134081.253642894327641, 1975234.014364355709404 ], [ 6134175.457904205657542, 1975433.192540220683441 ], [ 6134308.650265606120229, 1975655.410570171894506 ], [ 6134462.982445207424462, 1975863.503425192087889 ], [ 6134636.968139752745628, 1976055.467057332629338 ], [ 6134828.931771893054247, 1976229.452751877717674 ], [ 6135037.024626913480461, 1976383.784931478789076 ], [ 6135259.242656864225864, 1976516.977292879717425 ], [ 6135493.445780641399324, 1976627.747120829997584 ], [ 6135684.704533135518432, 1976696.180596723919734 ], [ 6135857.694543950259686, 1976799.866818963782862 ], [ 6136091.897667727433145, 1976910.636646914063022 ], [ 6136335.830381219275296, 1976997.917167417239398 ], [ 6136587.143479048274457, 1977060.867821348598227 ], [ 6136843.416678700596094, 1977098.88235949864611 ], [ 6137102.181929171085358, 1977111.594681084156036 ], [ 6137360.947179641574621, 1977098.88235949864611 ], [ 6137617.220379293896258, 1977060.867821348598227 ], [ 6137868.53347712289542, 1976997.917167417239398 ], [ 6138112.46619061473757, 1976910.636646914063022 ], [ 6138113.207073844969273, 1976910.286235243082047 ], [ 6138288.1162218330428, 1977040.007700396468863 ], [ 6138510.334251783788204, 1977173.200061797397211 ], [ 6138744.537375560961664, 1977283.969889747677371 ], [ 6138988.470089052803814, 1977371.250410250853747 ], [ 6139239.783186881802976, 1977434.201064182212576 ], [ 6139496.056386534124613, 1977472.21560233226046 ], [ 6139754.821637004613876, 1977484.927923917770386 ], [ 6140013.58688747510314, 1977472.21560233226046 ], [ 6140269.860087127424777, 1977434.201064182212576 ], [ 6140521.173184956423938, 1977371.250410250853747 ], [ 6140765.105898448266089, 1977283.969889747677371 ], [ 6140999.309022225439548, 1977173.200061797397211 ], [ 6141099.327045097015798, 1977113.251565935555845 ], [ 6141169.756255254149437, 1977190.958224669331685 ], [ 6141361.719887394458055, 1977364.943919214420021 ], [ 6141569.812742414884269, 1977519.276098815491423 ], [ 6141792.030772365629673, 1977652.468460216419771 ], [ 6142026.233896142803133, 1977763.238288166699931 ], [ 6142270.166609634645283, 1977850.518808669876307 ], [ 6142521.479707463644445, 1977913.469462601235136 ], [ 6142777.752907115966082, 1977951.48400075128302 ], [ 6143036.518157586455345, 1977964.196322336792946 ], [ 6143295.283408056944609, 1977951.48400075128302 ], [ 6143551.556607709266245, 1977913.469462601235136 ], [ 6143802.869705538265407, 1977850.518808669876307 ], [ 6144046.802419030107558, 1977763.238288166699931 ], [ 6144281.005542807281017, 1977652.468460216419771 ], [ 6144503.223572758026421, 1977519.276098815491423 ], [ 6144711.316427778452635, 1977364.943919214420021 ], [ 6144762.856392937712371, 1977318.230817700969055 ], [ 6144854.833052542991936, 1977442.246986862272024 ], [ 6145028.818747088313103, 1977634.210619002813473 ], [ 6145220.782379228621721, 1977808.196313547901809 ], [ 6145428.875234249047935, 1977962.528493148973212 ], [ 6145651.093264199793339, 1978095.72085454990156 ], [ 6145885.296387976966798, 1978206.49068250018172 ], [ 6146129.229101468808949, 1978293.771203003358096 ], [ 6146380.542199297808111, 1978356.721856934716925 ], [ 6146636.815398950129747, 1978394.736395084764808 ], [ 6146895.580649420619011, 1978407.448716670274734 ], [ 6147154.345899891108274, 1978394.736395084764808 ], [ 6147410.619099543429911, 1978356.721856934716925 ], [ 6147661.932197372429073, 1978293.771203003358096 ], [ 6147905.864910864271224, 1978206.49068250018172 ], [ 6148140.068034641444683, 1978095.72085454990156 ], [ 6148234.404054511338472, 1978039.178020224673674 ], [ 6148268.760101839900017, 1978077.084077090257779 ], [ 6148460.723733980208635, 1978251.069771635346115 ], [ 6148668.816589000634849, 1978405.401951236417517 ], [ 6148891.034618951380253, 1978538.594312637345865 ], [ 6149125.237742728553712, 1978649.364140587626025 ], [ 6149369.170456220395863, 1978736.644661090802401 ], [ 6149620.483554049395025, 1978799.59531502216123 ], [ 6149876.756753701716661, 1978837.609853172209114 ], [ 6150135.522004172205925, 1978850.32217475771904 ], [ 6150394.287254642695189, 1978837.609853172209114 ], [ 6150650.560454295016825, 1978799.59531502216123 ], [ 6150901.873552124015987, 1978736.644661090802401 ], [ 6151145.806265615858138, 1978649.364140587626025 ], [ 6151380.009389393031597, 1978538.594312637345865 ], [ 6151602.227419343777001, 1978405.401951236417517 ], [ 6151810.320274364203215, 1978251.069771635346115 ], [ 6152002.283906504511833, 1978077.084077090257779 ], [ 6152176.269601049833, 1977885.12044494971633 ], [ 6152186.340557485818863, 1977871.541332135908306 ], [ 6152207.217814864590764, 1977906.37293176096864 ], [ 6152361.549994465894997, 1978114.465786781162024 ], [ 6152535.535689011216164, 1978306.429418921703473 ], [ 6152727.499321151524782, 1978480.415113466791809 ], [ 6152935.592176171950996, 1978634.747293067863211 ], [ 6153157.8102061226964, 1978767.939654468791559 ], [ 6153392.013329899869859, 1978878.709482419071719 ], [ 6153635.94604339171201, 1978965.990002922248095 ], [ 6153887.259141220711172, 1979028.940656853606924 ], [ 6154143.532340873032808, 1979066.955195003654808 ], [ 6154402.297591343522072, 1979079.667516589164734 ], [ 6154661.062841814011335, 1979066.955195003654808 ], [ 6154917.336041466332972, 1979028.940656853606924 ], [ 6155168.649139295332134, 1978965.990002922248095 ], [ 6155304.366928472183645, 1978917.42940147058107 ], [ 6155312.41333529446274, 1978916.235829768469557 ], [ 6155563.726433123461902, 1978853.285175837110728 ], [ 6155807.659146615304053, 1978766.004655333934352 ], [ 6156041.862270392477512, 1978655.234827383654192 ], [ 6156264.080300343222916, 1978522.042465982725844 ], [ 6156472.17315536364913, 1978367.710286381654441 ], [ 6156664.136787503957748, 1978193.724591836566105 ], [ 6156838.122482049278915, 1978001.760959696024656 ], [ 6156992.454661650583148, 1977793.668104675831273 ], [ 6157125.647023051045835, 1977571.450074724620208 ], [ 6157213.938298427499831, 1977384.773857219843194 ], [ 6157256.899711637757719, 1977395.535131020238623 ], [ 6157513.172911290079355, 1977433.549669170286506 ], [ 6157771.938161760568619, 1977446.261990755796432 ], [ 6158030.703412231057882, 1977433.549669170286506 ], [ 6158286.976611883379519, 1977395.535131020238623 ], [ 6158538.289709712378681, 1977332.584477088879794 ], [ 6158782.222423204220831, 1977245.303956585703418 ], [ 6159016.425546981394291, 1977134.534128635423258 ], [ 6159238.643576932139695, 1977001.34176723449491 ], [ 6159446.736431952565908, 1976847.009587633423507 ], [ 6159638.700064092874527, 1976673.023893088335171 ], [ 6159812.685758638195693, 1976481.060260947793722 ], [ 6159967.017938239499927, 1976272.967405927600339 ], [ 6160100.210299639962614, 1976050.749375976389274 ], [ 6160210.980127590708435, 1975816.546252199681476 ], [ 6160298.260648093186319, 1975572.613538707606494 ], [ 6160361.21130202524364, 1975321.300440878374502 ], [ 6160399.225840175524354, 1975065.027241225820035 ], [ 6160403.250081454403698, 1974983.11192816006951 ], [ 6160450.457759063690901, 1974980.792763674166054 ], [ 6160706.730958716012537, 1974942.77822552411817 ], [ 6160958.044056545011699, 1974879.827571592759341 ], [ 6161201.97677003685385, 1974792.547051089582965 ], [ 6161436.179893814027309, 1974681.777223139302805 ], [ 6161658.397923764772713, 1974548.584861738374457 ], [ 6161866.490778785198927, 1974394.252682137303054 ], [ 6162058.454410925507545, 1974220.266987592214718 ], [ 6162232.440105470828712, 1974028.303355451673269 ], [ 6162386.772285072132945, 1973820.210500431479886 ], [ 6162391.705293849110603, 1973811.980272506130859 ], [ 6162472.087403146550059, 1973703.597544682445005 ], [ 6162605.279764547012746, 1973481.37951473123394 ], [ 6162716.049592497758567, 1973247.176390954526141 ], [ 6162803.330113000236452, 1973003.24367746245116 ], [ 6162866.280766932293773, 1972751.930579633219168 ], [ 6162904.295305082574487, 1972495.6573799806647 ], [ 6162917.007626667618752, 1972236.892129510641098 ], [ 6162904.295305082574487, 1971978.126879040617496 ], [ 6162866.280766932293773, 1971721.853679388063028 ], [ 6162858.74262232426554, 1971691.759719197172672 ], [ 6163066.955068473704159, 1971766.259323678445071 ], [ 6163318.268166302703321, 1971829.2099776098039 ], [ 6163574.541365955024958, 1971867.224515759851784 ], [ 6163833.306616425514221, 1971879.93683734536171 ], [ 6164092.071866896003485, 1971867.224515759851784 ], [ 6164348.345066548325121, 1971829.2099776098039 ], [ 6164599.658164377324283, 1971766.259323678445071 ], [ 6164843.590877869166434, 1971678.978803175268695 ], [ 6165077.794001646339893, 1971568.208975224988535 ], [ 6165300.012031597085297, 1971435.016613824060187 ], [ 6165508.104886617511511, 1971280.684434222988784 ], [ 6165700.068518757820129, 1971106.698739677900448 ], [ 6165874.054213303141296, 1970914.735107537358999 ], [ 6166028.386392904445529, 1970706.642252517165616 ], [ 6166161.578754304908216, 1970484.424222565954551 ], [ 6166272.348582255654037, 1970250.221098789246753 ], [ 6166359.629102758131921, 1970006.288385297171772 ], [ 6166422.579756690189242, 1969754.975287467939779 ], [ 6166460.594294840469956, 1969498.702087815385312 ], [ 6166473.306616425514221, 1969239.93683734536171 ], [ 6166460.594294840469956, 1968981.171586875338107 ], [ 6166422.579756690189242, 1968724.89838722278364 ], [ 6166359.629102758131921, 1968473.585289393551648 ], [ 6166272.348582255654037, 1968229.652575901476666 ], [ 6166161.578754304908216, 1967995.449452124768868 ], [ 6166028.386392904445529, 1967773.231422173557803 ], [ 6165874.054213303141296, 1967565.13856715336442 ], [ 6165700.068518757820129, 1967373.174935012822971 ], [ 6165508.104886617511511, 1967199.189240467734635 ], [ 6165300.012031597085297, 1967044.857060866663232 ], [ 6165077.794001646339893, 1966911.664699465734884 ], [ 6164843.590877869166434, 1966800.894871515454724 ], [ 6164599.658164377324283, 1966713.614351012278348 ], [ 6164348.345066548325121, 1966650.663697080919519 ], [ 6164092.071866896003485, 1966612.649158930871636 ], [ 6163833.306616425514221, 1966599.93683734536171 ], [ 6163574.541365955024958, 1966612.649158930871636 ], [ 6163318.268166302703321, 1966650.663697080919519 ], [ 6163066.955068473704159, 1966713.614351012278348 ], [ 6162823.022354981862009, 1966800.894871515454724 ], [ 6162588.819231204688549, 1966911.664699465734884 ], [ 6162366.601201253943145, 1967044.857060866663232 ], [ 6162158.508346233516932, 1967199.189240467734635 ], [ 6161966.544714093208313, 1967373.174935012822971 ], [ 6161792.559019547887146, 1967565.13856715336442 ], [ 6161638.226839946582913, 1967773.231422173557803 ], [ 6161505.034478546120226, 1967995.449452124768868 ], [ 6161394.264650595374405, 1968229.652575901476666 ], [ 6161306.984130092896521, 1968473.585289393551648 ], [ 6161244.0334761608392, 1968724.89838722278364 ], [ 6161206.018938010558486, 1968981.171586875338107 ], [ 6161193.306616425514221, 1969239.93683734536171 ], [ 6161206.018938010558486, 1969498.702087815385312 ], [ 6161244.0334761608392, 1969754.975287467939779 ], [ 6161251.571620768867433, 1969785.069247658830136 ], [ 6161043.359174619428813, 1969710.569643177557737 ], [ 6160792.046076790429652, 1969647.618989246198907 ], [ 6160535.772877138108015, 1969609.604451096151024 ], [ 6160277.007626667618752, 1969596.892129510641098 ], [ 6160018.242376197129488, 1969609.604451096151024 ], [ 6159761.969176544807851, 1969647.618989246198907 ], [ 6159510.65607871580869, 1969710.569643177557737 ], [ 6159266.723365223966539, 1969797.850163680734113 ], [ 6159032.520241446793079, 1969908.619991631014273 ], [ 6158810.302211496047676, 1970041.812353031942621 ], [ 6158602.209356475621462, 1970196.144532633014023 ], [ 6158410.245724335312843, 1970370.130227178102359 ], [ 6158236.260029789991677, 1970562.093859318643808 ], [ 6158081.927850188687444, 1970770.186714338837191 ], [ 6158076.994841411709785, 1970778.416942264186218 ], [ 6157996.612732114270329, 1970886.799670087872073 ], [ 6157863.420370713807642, 1971109.017700039083138 ], [ 6157752.650542763061821, 1971343.220823815790936 ], [ 6157665.370022260583937, 1971587.153537307865918 ], [ 6157634.17449264973402, 1971711.693072567228228 ], [ 6157576.813552007079124, 1971708.875110253691673 ], [ 6157318.048301536589861, 1971721.587431839201599 ], [ 6157061.775101884268224, 1971759.601969989249483 ], [ 6156810.462004055269063, 1971822.552623920608312 ], [ 6156566.529290563426912, 1971909.833144423784688 ], [ 6156332.326166786253452, 1972020.602972374064848 ], [ 6156110.108136835508049, 1972153.795333774993196 ], [ 6155902.015281815081835, 1972308.127513376064599 ], [ 6155901.808495937846601, 1972308.314933170331642 ], [ 6155785.722535405308008, 1972394.410149213857949 ], [ 6155593.75890326499939, 1972568.395843758946285 ], [ 6155419.773208719678223, 1972760.359475899487734 ], [ 6155265.44102911837399, 1972968.452330919681117 ], [ 6155132.248667717911303, 1973190.670360870892182 ], [ 6155021.478839767165482, 1973424.87348464759998 ], [ 6154934.198319264687598, 1973668.806198139674962 ], [ 6154928.095007837750018, 1973693.171983177540824 ], [ 6154759.301470503211021, 1973684.879688426852226 ], [ 6154500.536220032721758, 1973697.592010012362152 ], [ 6154244.263020380400121, 1973735.606548162410036 ], [ 6154006.827009172178805, 1973795.081172849982977 ], [ 6153942.905027299188077, 1973804.563103156397119 ], [ 6153691.591929470188916, 1973867.513757087755948 ], [ 6153447.659215978346765, 1973954.794277590932325 ], [ 6153213.456092201173306, 1974065.564105541212484 ], [ 6152991.238062250427902, 1974198.756466942140833 ], [ 6152783.145207230001688, 1974353.088646543212235 ], [ 6152755.449002631008625, 1974378.191023174440488 ], [ 6152727.499321151524782, 1974398.919919711537659 ], [ 6152535.535689011216164, 1974572.905614256625995 ], [ 6152361.549994465894997, 1974764.869246397167444 ], [ 6152351.479038029909134, 1974778.448359210975468 ], [ 6152330.601780651137233, 1974743.616759585915133 ], [ 6152176.269601049833, 1974535.52390456572175 ], [ 6152002.283906504511833, 1974343.560272425180301 ], [ 6151810.320274364203215, 1974169.574577880091965 ], [ 6151602.227419343777001, 1974015.242398279020563 ], [ 6151380.009389393031597, 1973882.050036878092214 ], [ 6151145.806265615858138, 1973771.280208927812055 ], [ 6150901.873552124015987, 1973683.999688424635679 ], [ 6150650.560454295016825, 1973621.049034493276849 ], [ 6150394.287254642695189, 1973583.034496343228966 ], [ 6150135.522004172205925, 1973570.32217475771904 ], [ 6149876.756753701716661, 1973583.034496343228966 ], [ 6149620.483554049395025, 1973621.049034493276849 ], [ 6149369.170456220395863, 1973683.999688424635679 ], [ 6149125.237742728553712, 1973771.280208927812055 ], [ 6148891.034618951380253, 1973882.050036878092214 ], [ 6148796.698599081486464, 1973938.592871203320101 ], [ 6148762.342551752924919, 1973900.686814337735996 ], [ 6148570.378919612616301, 1973726.70111979264766 ], [ 6148362.286064592190087, 1973572.368940191576257 ], [ 6148140.068034641444683, 1973439.176578790647909 ], [ 6147905.864910864271224, 1973328.406750840367749 ], [ 6147661.932197372429073, 1973241.126230337191373 ], [ 6147410.619099543429911, 1973178.175576405832544 ], [ 6147154.345899891108274, 1973140.161038255784661 ], [ 6146895.580649420619011, 1973127.448716670274734 ], [ 6146636.815398950129747, 1973140.161038255784661 ], [ 6146380.542199297808111, 1973178.175576405832544 ], [ 6146129.229101468808949, 1973241.126230337191373 ], [ 6145885.296387976966798, 1973328.406750840367749 ], [ 6145878.280758006498218, 1973331.724896697094664 ], [ 6145967.271410333923995, 1973143.569970869692042 ], [ 6146054.55193083640188, 1972899.637257377617061 ], [ 6146073.339256823062897, 1972824.634047742467374 ], [ 6146098.85138291772455, 1972753.332431877963245 ], [ 6146161.802036849781871, 1972502.019334048731253 ], [ 6146199.816575, 1972245.746134396176785 ], [ 6146212.52889658510685, 1971986.980883926153183 ], [ 6146206.808874810114503, 1971870.547165867174044 ], [ 6146230.979005061089993, 1971859.115545629756525 ], [ 6146453.197035011835396, 1971725.923184228828177 ], [ 6146661.28989003226161, 1971571.591004627756774 ], [ 6146853.253522172570229, 1971397.605310082668439 ], [ 6147027.239216717891395, 1971205.641677942126989 ], [ 6147181.571396319195628, 1970997.548822921933606 ], [ 6147314.763757719658315, 1970775.330792970722541 ], [ 6147425.533585670404136, 1970541.127669194014743 ], [ 6147512.81410617288202, 1970297.194955701939762 ], [ 6147539.244030316360295, 1970191.680783935589716 ], [ 6147554.0089056706056, 1970150.41572170984 ], [ 6147616.959559602662921, 1969899.102623880608007 ], [ 6147654.974097752943635, 1969642.82942422805354 ], [ 6147667.6864193379879, 1969384.064173758029938 ], [ 6147665.09762816131115, 1969331.368118779966608 ], [ 6147884.357886594720185, 1969199.948577401926741 ], [ 6148092.450741615146399, 1969045.616397800855339 ], [ 6148284.414373755455017, 1968871.630703255767003 ], [ 6148458.400068300776184, 1968679.667071115225554 ], [ 6148612.732247902080417, 1968471.57421609503217 ], [ 6148745.924609302543104, 1968249.356186143821105 ], [ 6148856.694437253288925, 1968015.153062367113307 ], [ 6148943.974957755766809, 1967771.220348875038326 ], [ 6148963.897533556446433, 1967691.684967931360006 ], [ 6148988.30853050108999, 1967623.460801879875362 ], [ 6149051.259184433147311, 1967372.14770405064337 ], [ 6149074.970818461850286, 1967212.296851789578795 ], [ 6149213.011164527386427, 1967109.919153722934425 ], [ 6149404.974796667695045, 1966935.933459177846089 ], [ 6149578.960491213016212, 1966743.96982703730464 ], [ 6149733.292670814320445, 1966535.876972017111257 ], [ 6149866.485032214783132, 1966313.658942065900192 ], [ 6149977.254860165528953, 1966079.455818289192393 ], [ 6150064.535380668006837, 1965835.523104797117412 ], [ 6150085.576176402159035, 1965751.523539636982605 ], [ 6150108.045792332850397, 1965688.725170041434467 ], [ 6150170.996446264907718, 1965437.412072212202474 ], [ 6150209.010984415188432, 1965181.138872559648007 ], [ 6150221.723306000232697, 1964922.373622089624405 ], [ 6150213.493542416021228, 1964754.852935894392431 ], [ 6150331.600725062191486, 1964698.992398723261431 ], [ 6150553.81875501293689, 1964565.800037322333083 ], [ 6150761.911610033363104, 1964411.46785772126168 ], [ 6150953.875242173671722, 1964237.482163176173344 ], [ 6151127.860936718992889, 1964045.518531035631895 ], [ 6151282.193116320297122, 1963837.425676015438512 ], [ 6151415.385477720759809, 1963615.207646064227447 ], [ 6151526.15530567150563, 1963381.004522287519649 ], [ 6151613.435826173983514, 1963137.071808795444667 ], [ 6151639.559304381720722, 1963032.78103777882643 ], [ 6151654.033513999544084, 1962992.328331868164241 ], [ 6151716.984167931601405, 1962741.015234038932249 ], [ 6151754.998706081882119, 1962484.742034386377782 ], [ 6151758.364505236968398, 1962416.229618658311665 ], [ 6151803.262450349517167, 1962389.318825987866148 ], [ 6152011.35530536994338, 1962234.986646386794746 ], [ 6152203.318937510251999, 1962061.00095184170641 ], [ 6152377.304632055573165, 1961869.037319701164961 ], [ 6152531.636811656877398, 1961660.944464680971578 ], [ 6152664.829173057340086, 1961438.726434729760513 ], [ 6152775.599001008085907, 1961204.523310953052714 ], [ 6152862.879521510563791, 1960960.590597460977733 ], [ 6152885.325770444236696, 1960870.980148613918573 ], [ 6152903.638954422436655, 1960819.798228125087917 ], [ 6152966.589608354493976, 1960568.485130295855924 ], [ 6153004.60414650477469, 1960312.211930643301457 ], [ 6153017.316468089818954, 1960053.446680173277855 ], [ 6153004.60414650477469, 1959794.681429703254253 ], [ 6153000.5973233981058, 1959767.669622431043535 ], [ 6153231.98829697817564, 1959658.229842468397692 ], [ 6153454.206326928921044, 1959525.037481067469344 ], [ 6153662.299181949347258, 1959370.705301466397941 ], [ 6153854.262814089655876, 1959196.719606921309605 ], [ 6154028.248508634977043, 1959004.755974780768156 ], [ 6154182.580688236281276, 1958796.663119760574773 ], [ 6154315.773049636743963, 1958574.445089809363708 ], [ 6154426.542877587489784, 1958340.24196603265591 ], [ 6154513.823398089967668, 1958096.309252540580928 ], [ 6154542.636889366433024, 1957981.279347373638302 ], [ 6154545.666510260663927, 1957972.812124202959239 ], [ 6154608.617164192721248, 1957721.499026373727247 ], [ 6154646.631702343001962, 1957465.22582672117278 ], [ 6154659.344023928046227, 1957206.460576251149178 ], [ 6154646.631702343001962, 1956947.695325781125575 ], [ 6154608.617164192721248, 1956691.422126128571108 ], [ 6154545.666510260663927, 1956440.109028299339116 ], [ 6154458.385989758186042, 1956196.176314807264134 ], [ 6154396.620993121527135, 1956065.585201504640281 ], [ 6154445.646605979651213, 1956063.176727586891502 ], [ 6154701.919805631972849, 1956025.162189436843619 ], [ 6154953.232903460972011, 1955962.21153550548479 ], [ 6155197.165616952814162, 1955874.931015002308413 ], [ 6155431.368740729987621, 1955764.161187052028254 ], [ 6155653.586770680733025, 1955630.968825651099905 ], [ 6155861.679625701159239, 1955476.636646050028503 ], [ 6156053.643257841467857, 1955302.650951504940167 ], [ 6156227.628952386789024, 1955110.687319364398718 ], [ 6156381.961131988093257, 1954902.594464344205335 ], [ 6156515.153493388555944, 1954680.37643439299427 ], [ 6156625.923321339301765, 1954446.173310616286471 ], [ 6156713.203841841779649, 1954202.24059712421149 ], [ 6156776.15449577383697, 1953950.927499294979498 ], [ 6156814.169033924117684, 1953694.65429964242503 ], [ 6156816.179120218381286, 1953653.738053150940686 ], [ 6157008.181925859302282, 1953511.339067461900413 ], [ 6157200.145557999610901, 1953337.353372916812077 ], [ 6157374.131252544932067, 1953145.389740776270628 ], [ 6157528.4634321462363, 1952937.296885756077245 ], [ 6157661.655793546698987, 1952715.07885580486618 ], [ 6157744.039016243070364, 1952540.894166172016412 ], [ 6157799.978309063240886, 1952465.468761173309758 ], [ 6157933.170670463703573, 1952243.250731222098693 ], [ 6158043.940498414449394, 1952009.047607445390895 ], [ 6158131.221018916927278, 1951765.114893953315914 ], [ 6158194.171672848984599, 1951513.801796124083921 ], [ 6158196.835315726697445, 1951495.844974437262863 ], [ 6158350.758899308741093, 1951423.044541224138811 ], [ 6158572.976929259486496, 1951289.852179823210463 ], [ 6158781.06978427991271, 1951135.52000022213906 ], [ 6158973.033416420221329, 1950961.534305677050725 ], [ 6159147.019110965542495, 1950769.570673536509275 ], [ 6159301.351290566846728, 1950561.477818516315892 ], [ 6159434.543651967309415, 1950339.259788565104827 ], [ 6159511.817531816661358, 1950175.877896745922044 ], [ 6159558.757271824404597, 1950112.586984005989507 ], [ 6159691.949633224867284, 1949890.368954054778442 ], [ 6159802.719461175613105, 1949656.165830278070644 ], [ 6159814.498481244780123, 1949623.24567454168573 ], [ 6159927.659749237820506, 1949470.665367600740865 ], [ 6160060.852110638283193, 1949248.4473376495298 ], [ 6160077.708712798543274, 1949212.807046829955652 ], [ 6160129.257813720963895, 1949126.802567802136764 ], [ 6160138.850053928792477, 1949106.521479872521013 ], [ 6160234.378338380716741, 1948947.142165981000289 ], [ 6160338.677110929973423, 1948726.620939316460863 ], [ 6160418.431405482813716, 1948619.084721681894735 ], [ 6160551.623766883276403, 1948396.866691730683669 ], [ 6160584.065594578161836, 1948328.274210116127506 ], [ 6160586.618733150884509, 1948324.831701261224225 ], [ 6160719.811094551347196, 1948102.61367131001316 ], [ 6160830.580922502093017, 1947868.410547533305362 ], [ 6160917.861443004570901, 1947624.477834041230381 ], [ 6160980.812096936628222, 1947373.164736211998388 ], [ 6161018.826635086908937, 1947116.891536559443921 ], [ 6161031.538956671953201, 1946858.126286089420319 ], [ 6161018.826635086908937, 1946599.361035619396716 ], [ 6160980.812096936628222, 1946343.087835966842249 ], [ 6160917.861443004570901, 1946091.774738137610257 ], [ 6160830.580922502093017, 1945847.842024645535275 ], [ 6160766.547876172699034, 1945712.455523170763627 ], [ 6160759.646208263002336, 1945684.902520393021405 ], [ 6160672.365687760524452, 1945440.969806900946423 ], [ 6160561.595859809778631, 1945206.766683124238625 ], [ 6160428.403498409315944, 1944984.54865317302756 ], [ 6160274.071318808011711, 1944776.455798152834177 ], [ 6160100.085624262690544, 1944584.492166012292728 ], [ 6159926.73135007545352, 1944427.373010365758091 ], [ 6159809.22593098692596, 1944231.327062505064532 ], [ 6159654.893751385621727, 1944023.234207484871149 ], [ 6159480.90805684030056, 1943831.2705753443297 ], [ 6159391.798644218593836, 1943750.50651148147881 ], [ 6159472.126072305254638, 1943661.87885219976306 ], [ 6159626.458251906558871, 1943453.785997179569677 ], [ 6159759.650613307021558, 1943231.567967228358611 ], [ 6159870.420441257767379, 1942997.364843451650813 ], [ 6159957.700961760245264, 1942753.432129959575832 ], [ 6160020.651615692302585, 1942502.11903213034384 ], [ 6160026.768722854554653, 1942460.880845336709172 ], [ 6160032.309400765225291, 1942438.761219204170629 ], [ 6160070.323938915506005, 1942182.488019551616162 ], [ 6160083.03626050055027, 1941923.72276908159256 ], [ 6160070.323938915506005, 1941664.957518611568958 ], [ 6160041.924731956794858, 1941473.505616551730782 ], [ 6160149.540406726300716, 1941422.607193052070215 ], [ 6160371.75843667704612, 1941289.414831651141867 ], [ 6160579.851291697472334, 1941135.082652050070465 ], [ 6160579.866769994609058, 1941135.068623339291662 ], [ 6160579.920845370739698, 1941135.02851830702275 ], [ 6160771.884477511048317, 1940961.042823761934415 ], [ 6160945.870172056369483, 1940769.079191621392965 ], [ 6161100.202351657673717, 1940560.986336601199582 ], [ 6161233.394713058136404, 1940338.768306649988517 ], [ 6161269.454950255341828, 1940262.525340924970806 ], [ 6161324.439435986801982, 1940188.387344253482297 ], [ 6161335.344059123657644, 1940170.194079674547538 ], [ 6161338.840325815603137, 1940165.479909760178998 ], [ 6161472.032687216065824, 1939943.261879808967933 ], [ 6161582.802515166811645, 1939709.058756032260135 ], [ 6161670.083035669289529, 1939465.126042540185153 ], [ 6161733.03368960134685, 1939213.812944710953161 ], [ 6161771.048227751627564, 1938957.539745058398694 ], [ 6161783.760549336671829, 1938698.774494588375092 ], [ 6161771.048227751627564, 1938440.009244118351489 ], [ 6161733.03368960134685, 1938183.736044465797022 ], [ 6161670.083035669289529, 1937932.42294663656503 ], [ 6161582.802515166811645, 1937688.490233144490048 ], [ 6161472.032687216065824, 1937454.28710936778225 ], [ 6161338.840325815603137, 1937232.069079416571185 ], [ 6161184.508146214298904, 1937023.976224396377802 ], [ 6161010.522451668977737, 1936832.012592255836353 ], [ 6160818.558819528669119, 1936658.026897710748017 ], [ 6160610.465964508242905, 1936503.694718109676614 ], [ 6160388.247934557497501, 1936370.502356708748266 ], [ 6160154.044810780324042, 1936259.732528758468106 ], [ 6159910.112097288481891, 1936172.45200825529173 ], [ 6159658.798999459482729, 1936109.501354323932901 ], [ 6159402.525799807161093, 1936071.486816173885018 ], [ 6159143.760549336671829, 1936058.774494588375092 ], [ 6158884.995298866182566, 1936071.486816173885018 ], [ 6158628.722099213860929, 1936109.501354323932901 ], [ 6158377.409001384861767, 1936172.45200825529173 ], [ 6158133.476287893019617, 1936259.732528758468106 ], [ 6157899.273164115846157, 1936370.502356708748266 ], [ 6157677.055134165100753, 1936503.694718109676614 ], [ 6157468.96227914467454, 1936658.026897710748017 ], [ 6157276.998647004365921, 1936832.012592255836353 ], [ 6157103.012952459044755, 1937023.976224396377802 ], [ 6156948.680772857740521, 1937232.069079416571185 ], [ 6156938.784213619306684, 1937248.580490987282246 ], [ 6156934.110920118167996, 1937254.881697836099193 ], [ 6156800.918558717705309, 1937477.099727787310258 ], [ 6156764.488875539042056, 1937554.123821409419179 ], [ 6156709.973245026543736, 1937627.629640000639483 ], [ 6156576.780883626081049, 1937849.847669951850548 ], [ 6156466.011055675335228, 1938084.050793728558347 ], [ 6156378.730535172857344, 1938327.983507220633328 ], [ 6156315.779881240800023, 1938579.29660504986532 ], [ 6156277.765343090519309, 1938835.569804702419788 ], [ 6156265.053021505475044, 1939094.33505517244339 ], [ 6156277.765343090519309, 1939353.100305642466992 ], [ 6156306.164550049230456, 1939544.552207702305168 ], [ 6156198.548875279724598, 1939595.450631201965734 ], [ 6155976.330845328979194, 1939728.642992602894083 ], [ 6155768.23799030855298, 1939882.975172203965485 ], [ 6155576.274358168244362, 1940056.960866749053821 ], [ 6155402.288663622923195, 1940248.92449888959527 ], [ 6155247.956484021618962, 1940457.017353909788653 ], [ 6155114.764122621156275, 1940679.235383860999718 ], [ 6155114.75642869155854, 1940679.251651307567954 ], [ 6155114.535120458342135, 1940679.620881788665429 ], [ 6155003.765292507596314, 1940913.824005565373227 ], [ 6154916.48477200511843, 1941157.756719057448208 ], [ 6154853.534118073061109, 1941409.069816886680201 ], [ 6154847.224691526964307, 1941451.604515649843961 ], [ 6154842.105335162952542, 1941472.0421318851877 ], [ 6154804.090797012671828, 1941728.315331537742168 ], [ 6154791.378475427627563, 1941987.08058200776577 ], [ 6154804.090797012671828, 1942245.845832477789372 ], [ 6154842.105335162952542, 1942502.11903213034384 ], [ 6154876.017808239907026, 1942637.505213713739067 ], [ 6154828.532926931045949, 1942680.543001459445804 ], [ 6154816.26006280630827, 1942673.186929792864248 ], [ 6154582.05693902913481, 1942562.417101842584088 ], [ 6154338.124225537292659, 1942475.136581339407712 ], [ 6154086.811127708293498, 1942412.185927408048883 ], [ 6153951.925343526527286, 1942392.17751140659675 ], [ 6154054.288700836710632, 1942175.748376452596858 ], [ 6154141.569221339188516, 1941931.815662960521877 ], [ 6154204.519875271245837, 1941680.502565131289884 ], [ 6154242.534413421526551, 1941424.229365478735417 ], [ 6154255.246735006570816, 1941165.464115008711815 ], [ 6154242.534413421526551, 1940906.698864538688213 ], [ 6154204.519875271245837, 1940650.425664886133745 ], [ 6154141.569221339188516, 1940399.112567056901753 ], [ 6154054.288700836710632, 1940155.179853564826772 ], [ 6153943.518872885964811, 1939920.976729788118973 ], [ 6153810.326511485502124, 1939698.758699836907908 ], [ 6153655.994331884197891, 1939490.665844816714525 ], [ 6153482.008637338876724, 1939298.702212676173076 ], [ 6153290.045005198568106, 1939124.71651813108474 ], [ 6153081.952150178141892, 1938970.384338530013338 ], [ 6153066.638975015841424, 1938961.205974556272849 ], [ 6152876.319687423296273, 1938820.055570947239175 ], [ 6152654.101657472550869, 1938686.863209546310827 ], [ 6152419.898533695377409, 1938576.093381596030667 ], [ 6152175.965820203535259, 1938488.812861092854291 ], [ 6151929.858346826396883, 1938427.166148206219077 ], [ 6151929.659774089232087, 1938423.124107290524989 ], [ 6151891.645235938951373, 1938166.850907637970522 ], [ 6151828.694582006894052, 1937915.53780980873853 ], [ 6151741.414061504416168, 1937671.605096316663548 ], [ 6151630.644233553670347, 1937437.40197253995575 ], [ 6151497.45187215320766, 1937215.183942588744685 ], [ 6151433.995143906213343, 1937129.622449286747724 ], [ 6151353.6654143165797, 1936995.600392254767939 ], [ 6151199.333234715275466, 1936787.507537234574556 ], [ 6151025.3475401699543, 1936595.543905094033107 ], [ 6150833.383908029645681, 1936421.558210548944771 ], [ 6150625.291053009219468, 1936267.226030947873369 ], [ 6150403.073023058474064, 1936134.033669546945021 ], [ 6150168.869899281300604, 1936023.263841596664861 ], [ 6149924.937185789458454, 1935935.983321093488485 ], [ 6149673.624087960459292, 1935873.032667162129655 ], [ 6149417.350888308137655, 1935835.018129012081772 ], [ 6149158.585637837648392, 1935822.305807426571846 ], [ 6148899.820387367159128, 1935835.018129012081772 ], [ 6148643.547187714837492, 1935873.032667162129655 ], [ 6148392.23408988583833, 1935935.983321093488485 ], [ 6148200.755923122167587, 1936004.495304668322206 ], [ 6148279.537455084733665, 1935837.925750279100612 ], [ 6148366.817975587211549, 1935593.99303678702563 ], [ 6148429.76862951926887, 1935342.679938957793638 ], [ 6148467.783167669549584, 1935086.406739305239171 ], [ 6148480.495489254593849, 1934827.641488835215569 ], [ 6148467.783167669549584, 1934568.876238365191966 ], [ 6148429.76862951926887, 1934312.603038712637499 ], [ 6148366.817975587211549, 1934061.289940883405507 ], [ 6148279.537455084733665, 1933817.357227391330525 ], [ 6148168.767627133987844, 1933583.154103614622727 ], [ 6148035.575265733525157, 1933360.936073663411662 ], [ 6147881.243086132220924, 1933152.843218643218279 ], [ 6147781.348166462033987, 1933042.626159347593784 ], [ 6147717.828714805655181, 1932956.980093318969011 ], [ 6147543.843020260334015, 1932765.016461178427562 ], [ 6147351.879388120025396, 1932591.030766633339226 ], [ 6147143.786533099599183, 1932436.698587032267824 ], [ 6146921.568503148853779, 1932303.506225631339476 ], [ 6146687.365379371680319, 1932192.736397681059316 ], [ 6146616.661292889155447, 1932167.438071017386392 ], [ 6146615.588530851528049, 1932160.206096797483042 ], [ 6146552.637876919470727, 1931908.89299896825105 ], [ 6146465.357356416992843, 1931664.960285476176068 ], [ 6146354.587528466247022, 1931430.75716169946827 ], [ 6146221.395167065784335, 1931208.539131748257205 ], [ 6146067.062987464480102, 1931000.446276728063822 ], [ 6145893.077292919158936, 1930808.482644587522373 ], [ 6145701.113660778850317, 1930634.496950042434037 ], [ 6145493.020805758424103, 1930480.164770441362634 ], [ 6145270.802775807678699, 1930346.972409040434286 ], [ 6145036.59965203050524, 1930236.202581090154126 ], [ 6144792.666938538663089, 1930148.92206058697775 ], [ 6144541.353840709663928, 1930085.971406655618921 ], [ 6144518.536274097859859, 1930082.586740378988907 ], [ 6144529.511593341827393, 1929859.178984835743904 ], [ 6144516.799271756783128, 1929600.413734365720302 ], [ 6144478.784733606502414, 1929344.140534713165835 ], [ 6144415.834079674445093, 1929092.827436883933842 ], [ 6144328.553559171967208, 1928848.894723391858861 ], [ 6144254.117668070830405, 1928691.513254632707685 ], [ 6144222.48487367015332, 1928603.105516812531278 ], [ 6144111.715045719407499, 1928368.902393035823479 ], [ 6143978.522684318944812, 1928146.684363084612414 ], [ 6143824.190504717640579, 1927938.591508064419031 ], [ 6143650.204810172319412, 1927746.627875923877582 ], [ 6143458.241178032010794, 1927572.642181378789246 ], [ 6143250.14832301158458, 1927418.310001777717844 ], [ 6143027.930293060839176, 1927285.117640376789495 ], [ 6143021.94169277139008, 1927282.285243382910267 ], [ 6142991.241776941344142, 1927075.323221965925768 ], [ 6142991.239601615816355, 1927075.314537579659373 ], [ 6142991.221763862296939, 1927075.194285213248804 ], [ 6142928.271109930239618, 1926823.881187384016812 ], [ 6142840.990589427761734, 1926579.948473891941831 ], [ 6142730.220761477015913, 1926345.745350115234032 ], [ 6142597.028400076553226, 1926123.527320164022967 ], [ 6142566.35040174331516, 1926082.1628278340213 ], [ 6142457.783599821850657, 1925901.030061754165217 ], [ 6142303.451420220546424, 1925692.937206733971834 ], [ 6142129.465725675225258, 1925500.973574593430385 ], [ 6141937.502093534916639, 1925326.987880048342049 ], [ 6141729.409238514490426, 1925172.655700447270647 ], [ 6141507.191208563745022, 1925039.463339046342298 ], [ 6141272.988084786571562, 1924928.693511096062139 ], [ 6141029.055371294729412, 1924841.412990592885762 ], [ 6140777.74227346573025, 1924778.462336661526933 ], [ 6140521.469073813408613, 1924740.44779851147905 ], [ 6140262.70382334291935, 1924727.735476925969124 ], [ 6140003.938572872430086, 1924740.44779851147905 ], [ 6139747.665373220108449, 1924778.462336661526933 ], [ 6139496.352275391109288, 1924841.412990592885762 ], [ 6139252.419561899267137, 1924928.693511096062139 ], [ 6139018.216438122093678, 1925039.463339046342298 ], [ 6138795.998408171348274, 1925172.655700447270647 ], [ 6138587.90555315092206, 1925326.987880048342049 ], [ 6138395.941921010613441, 1925500.973574593430385 ], [ 6138221.956226465292275, 1925692.937206733971834 ], [ 6138067.624046863988042, 1925901.030061754165217 ], [ 6137934.431685463525355, 1926123.248091705376282 ], [ 6137823.661857512779534, 1926357.451215482084081 ], [ 6137736.38133701030165, 1926601.383928974159062 ], [ 6137673.430683078244328, 1926852.697026803391054 ], [ 6137635.416144927963614, 1927108.970226455945522 ], [ 6137622.70382334291935, 1927367.735476925969124 ], [ 6137635.416144927963614, 1927626.500727395992726 ], [ 6137673.430683078244328, 1927882.773927048547193 ], [ 6137736.38133701030165, 1928134.087024877779186 ], [ 6137823.661857512779534, 1928378.019738369854167 ], [ 6137934.431685463525355, 1928612.222862146561965 ], [ 6138067.624046863988042, 1928834.44089209777303 ], [ 6138098.003512568771839, 1928875.402859775815159 ], [ 6138206.888860197737813, 1929057.067087260307744 ], [ 6138361.221039799042046, 1929265.159942280501127 ], [ 6138535.206734344363213, 1929457.123574421042576 ], [ 6138727.170366484671831, 1929631.109268966130912 ], [ 6138935.263221505098045, 1929785.441448567202315 ], [ 6139107.832777603529394, 1929888.875659948447719 ], [ 6139108.526715761050582, 1929903.00109564838931 ], [ 6139146.541253911331296, 1930159.274295300943777 ], [ 6139209.491907843388617, 1930410.587393130175769 ], [ 6139296.772428345866501, 1930654.520106622250751 ], [ 6139296.929869629442692, 1930654.852988249156624 ], [ 6139296.965013262815773, 1930654.951208123238757 ], [ 6139407.734841213561594, 1930889.154331899946555 ], [ 6139540.927202614024282, 1931111.372361851157621 ], [ 6139670.88892903085798, 1931286.605464651016518 ], [ 6139694.431816862896085, 1931325.884400007547811 ], [ 6139848.763996464200318, 1931533.977255027741194 ], [ 6140022.749691009521484, 1931725.940887168282643 ], [ 6140214.713323149830103, 1931899.926581713370979 ], [ 6140422.806178170256317, 1932054.258761314442381 ], [ 6140645.02420812100172, 1932187.45112271537073 ], [ 6140879.22733189817518, 1932298.220950665650889 ], [ 6141123.160045390017331, 1932385.501471168827266 ], [ 6141296.597161877900362, 1932428.945207262178883 ], [ 6141287.75693734548986, 1932488.541160200256854 ], [ 6141275.044615760445595, 1932747.306410670280457 ], [ 6141287.75693734548986, 1933006.071661140304059 ], [ 6141325.771475495770574, 1933262.344860792858526 ], [ 6141388.722129427827895, 1933513.657958622090518 ], [ 6141476.002649930305779, 1933757.5906721141655 ], [ 6141586.7724778810516, 1933991.793795890873298 ], [ 6141719.964839281514287, 1934214.011825842084363 ], [ 6141874.29701888281852, 1934422.104680862277746 ], [ 6142048.282713428139687, 1934614.068313002819195 ], [ 6142240.246345568448305, 1934788.054007547907531 ], [ 6142448.339200588874519, 1934942.386187148978934 ], [ 6142670.557230539619923, 1935075.578548549907282 ], [ 6142904.760354316793382, 1935186.348376500187442 ], [ 6143028.203718711622059, 1935230.517118538962677 ], [ 6143084.092426338233054, 1935453.637346367351711 ], [ 6143171.372946840710938, 1935697.570059859426692 ], [ 6143282.142774791456759, 1935931.77318363613449 ], [ 6143415.335136191919446, 1936153.991213587345555 ], [ 6143569.667315793223679, 1936362.084068607538939 ], [ 6143743.653010338544846, 1936554.047700748080388 ], [ 6143935.616642478853464, 1936728.033395293168724 ], [ 6144143.709497499279678, 1936882.365574894240126 ], [ 6144356.564814373850822, 1937009.946142040425912 ], [ 6144373.790074083022773, 1937022.721265313914046 ], [ 6144596.008104033768177, 1937155.913626714842394 ], [ 6144830.211227810941637, 1937266.683454665122554 ], [ 6145074.143941302783787, 1937353.96397516829893 ], [ 6145325.457039131782949, 1937416.914629099657759 ], [ 6145581.730238784104586, 1937454.929167249705642 ], [ 6145840.495489254593849, 1937467.641488835215569 ], [ 6146099.260739725083113, 1937454.929167249705642 ], [ 6146355.533939377404749, 1937416.914629099657759 ], [ 6146606.847037206403911, 1937353.96397516829893 ], [ 6146798.325203970074654, 1937285.451991593465209 ], [ 6146719.543672007508576, 1937452.021545982686803 ], [ 6146632.263151505030692, 1937695.954259474761784 ], [ 6146569.312497572973371, 1937947.267357303993776 ], [ 6146531.297959422692657, 1938203.540556956548244 ], [ 6146518.585637837648392, 1938462.305807426571846 ], [ 6146531.297959422692657, 1938721.071057896595448 ], [ 6146569.312497572973371, 1938977.344257549149916 ], [ 6146632.263151505030692, 1939228.657355378381908 ], [ 6146719.543672007508576, 1939472.590068870456889 ], [ 6146830.313499958254397, 1939706.793192647164688 ], [ 6146963.505861358717084, 1939929.011222598375753 ], [ 6147026.962589605711401, 1940014.572715900372714 ], [ 6147107.292319195345044, 1940148.594772932352498 ], [ 6147261.624498796649277, 1940356.687627952545881 ], [ 6147435.610193341970444, 1940548.65126009308733 ], [ 6147627.573825482279062, 1940722.636954638175666 ], [ 6147835.666680502705276, 1940876.969134239247069 ], [ 6148057.88471045345068, 1941010.161495640175417 ], [ 6148292.087834230624139, 1941120.931323590455577 ], [ 6148536.02054772246629, 1941208.211844093631953 ], [ 6148782.128021099604666, 1941269.858556980267167 ], [ 6148782.326593836769462, 1941273.900597895961255 ], [ 6148820.341131987050176, 1941530.173797548515722 ], [ 6148883.291785919107497, 1941781.486895377747715 ], [ 6148970.572306421585381, 1942025.419608869822696 ], [ 6149081.342134372331202, 1942259.622732646530494 ], [ 6149214.534495772793889, 1942481.840762597741559 ], [ 6149342.790711621753871, 1942654.774250604677945 ], [ 6149368.018112691119313, 1942696.863626507343724 ], [ 6149522.350292292423546, 1942904.956481527537107 ], [ 6149696.335986837744713, 1943096.920113668078557 ], [ 6149888.299618978053331, 1943270.905808213166893 ], [ 6150096.392473998479545, 1943425.237987814238295 ], [ 6150318.610503949224949, 1943558.430349215166643 ], [ 6150552.813627726398408, 1943669.200177165446803 ], [ 6150796.746341218240559, 1943756.480697668623179 ], [ 6151048.059439047239721, 1943819.431351599982008 ], [ 6151203.083205812610686, 1943842.426955135073513 ], [ 6151132.730711755342782, 1943991.17480622860603 ], [ 6151045.450191252864897, 1944235.107519720681012 ], [ 6150982.499537320807576, 1944486.420617549913004 ], [ 6150944.484999170526862, 1944742.693817202467471 ], [ 6150931.772677585482597, 1945001.459067672491074 ], [ 6150932.773128871805966, 1945021.823721441207454 ], [ 6150923.526707759127021, 1945084.158029292244464 ], [ 6150910.814386174082756, 1945342.923279762268066 ], [ 6150923.526707759127021, 1945601.688530232291669 ], [ 6150961.541245909407735, 1945857.961729884846136 ], [ 6151024.491899841465056, 1946109.274827714078128 ], [ 6151111.77242034394294, 1946353.20754120615311 ], [ 6151222.542248294688761, 1946587.410664982860908 ], [ 6151355.734609695151448, 1946809.628694934071973 ], [ 6151510.066789296455681, 1947017.721549954265356 ], [ 6151684.052483841776848, 1947209.685182094806805 ], [ 6151876.016115982085466, 1947383.670876639895141 ], [ 6152084.10897100251168, 1947538.003056240966544 ], [ 6152306.327000953257084, 1947671.195417641894892 ], [ 6152540.530124730430543, 1947781.965245592175052 ], [ 6152784.462838222272694, 1947869.245766095351428 ], [ 6153035.775936051271856, 1947932.196420026710257 ], [ 6153273.202614301815629, 1947967.415340812876821 ], [ 6153390.348783038556576, 1948037.630052223103121 ], [ 6153624.551906815730035, 1948148.399880173383281 ], [ 6153868.484620307572186, 1948235.680400676559657 ], [ 6154119.797718136571348, 1948298.631054607918486 ], [ 6154317.558254805393517, 1948327.966059110825881 ], [ 6154295.829346349462867, 1948474.450461287517101 ], [ 6154283.95547166466713, 1948716.148733017966151 ], [ 6154137.670480671338737, 1948803.828582363435999 ], [ 6153929.577625650912523, 1948958.160761964507401 ], [ 6153737.613993510603905, 1949132.146456509595737 ], [ 6153563.628298965282738, 1949324.110088650137186 ], [ 6153409.296119363978505, 1949532.202943670330569 ], [ 6153276.103757963515818, 1949754.420973621541634 ], [ 6153192.989860359579325, 1949930.150545547017828 ], [ 6153138.303879188373685, 1950003.886055412469432 ], [ 6153005.111517787910998, 1950226.104085363680497 ], [ 6152894.341689837165177, 1950460.307209140388295 ], [ 6152807.061169334687293, 1950704.239922632463276 ], [ 6152744.110515402629972, 1950955.553020461695269 ], [ 6152706.095977252349257, 1951211.826220114249736 ], [ 6152704.093746870756149, 1951252.582555823493749 ], [ 6152512.088990811258554, 1951394.982988041825593 ], [ 6152320.125358670949936, 1951568.968682586913928 ], [ 6152146.139664125628769, 1951760.932314727455378 ], [ 6151991.807484524324536, 1951969.025169747648761 ], [ 6151858.615123123861849, 1952191.243199698859826 ], [ 6151747.845295173116028, 1952425.446323475567624 ], [ 6151660.564774670638144, 1952669.379036967642605 ], [ 6151597.614120738580823, 1952920.692134796874598 ], [ 6151559.599582588300109, 1953176.965334449429065 ], [ 6151546.887261003255844, 1953435.730584919452667 ], [ 6151546.888200680725276, 1953435.749712499091402 ], [ 6151546.881355509161949, 1953435.889049172401428 ], [ 6151559.593677094206214, 1953694.65429964242503 ], [ 6151597.608215244486928, 1953950.927499294979498 ], [ 6151660.558869176544249, 1954202.24059712421149 ], [ 6151747.839389679022133, 1954446.173310616286471 ], [ 6151809.60438631568104, 1954576.764423918910325 ], [ 6151760.578773457556963, 1954579.172897836659104 ], [ 6151504.305573805235326, 1954617.187435986706987 ], [ 6151252.992475976236165, 1954680.138089918065816 ], [ 6151009.059762484394014, 1954767.418610421242192 ], [ 6150774.856638707220554, 1954878.188438371522352 ], [ 6150552.638608756475151, 1955011.3807997724507 ], [ 6150344.545753736048937, 1955165.712979373522103 ], [ 6150152.582121595740318, 1955339.698673918610439 ], [ 6149978.596427050419152, 1955531.662306059151888 ], [ 6149824.264247449114919, 1955739.755161079345271 ], [ 6149691.071886048652232, 1955961.973191030556336 ], [ 6149580.302058097906411, 1956196.176314807264134 ], [ 6149493.021537595428526, 1956440.109028299339116 ], [ 6149464.20804631896317, 1956555.138933466281742 ], [ 6149461.178425424732268, 1956563.606156636960804 ], [ 6149398.227771492674947, 1956814.919254466192797 ], [ 6149360.213233342394233, 1957071.192454118747264 ], [ 6149347.500911757349968, 1957329.957704588770866 ], [ 6149360.213233342394233, 1957588.722955058794469 ], [ 6149364.220056449063122, 1957615.734762331005186 ], [ 6149132.829082868993282, 1957725.174542293651029 ], [ 6148910.611052918247879, 1957858.366903694579378 ], [ 6148702.518197897821665, 1958012.69908329565078 ], [ 6148510.554565757513046, 1958186.684777840739116 ], [ 6148336.56887121219188, 1958378.648409981280565 ], [ 6148182.236691610887647, 1958586.741265001473948 ], [ 6148049.04433021042496, 1958808.959294952685013 ], [ 6147938.274502259679139, 1959043.162418729392812 ], [ 6147850.993981757201254, 1959287.095132221467793 ], [ 6147828.547732823528349, 1959376.705581068526953 ], [ 6147810.234548845328391, 1959427.887501557357609 ], [ 6147747.28389491327107, 1959679.200599386589602 ], [ 6147709.269356762990355, 1959935.473799039144069 ], [ 6147705.903557607904077, 1960003.986214767210186 ], [ 6147661.005612495355308, 1960030.897007437655702 ], [ 6147452.912757474929094, 1960185.229187038727105 ], [ 6147260.949125334620476, 1960359.214881583815441 ], [ 6147086.963430789299309, 1960551.17851372435689 ], [ 6146932.631251187995076, 1960759.271368744550273 ], [ 6146799.438889787532389, 1960981.489398695761338 ], [ 6146688.669061836786568, 1961215.692522472469136 ], [ 6146601.388541334308684, 1961459.625235964544117 ], [ 6146575.265063126571476, 1961563.916006981162354 ], [ 6146560.790853508748114, 1961604.368712891824543 ], [ 6146497.840199576690793, 1961855.681810721056536 ], [ 6146459.825661426410079, 1962111.955010373611003 ], [ 6146447.113339841365814, 1962370.720260843634605 ], [ 6146455.343103425577283, 1962538.24094703886658 ], [ 6146337.235920779407024, 1962594.101484209997579 ], [ 6146115.017890828661621, 1962727.293845610925928 ], [ 6145906.925035808235407, 1962881.62602521199733 ], [ 6145714.961403667926788, 1963055.611719757085666 ], [ 6145540.975709122605622, 1963247.575351897627115 ], [ 6145386.643529521301389, 1963455.668206917820498 ], [ 6145253.451168120838702, 1963677.886236869031563 ], [ 6145142.681340170092881, 1963912.089360645739362 ], [ 6145055.400819667614996, 1964156.022074137814343 ], [ 6145034.360023933462799, 1964240.02163929794915 ], [ 6145011.890408002771437, 1964302.820008893497288 ], [ 6144948.939754070714116, 1964554.133106722729281 ], [ 6144925.228120042011142, 1964713.983958983793855 ], [ 6144787.187773976475, 1964816.361657050438225 ], [ 6144595.224141836166382, 1964990.347351595526561 ], [ 6144421.238447290845215, 1965182.31098373606801 ], [ 6144266.906267689540982, 1965390.403838756261393 ], [ 6144133.713906289078295, 1965612.621868707472458 ], [ 6144022.944078338332474, 1965846.824992484180257 ], [ 6143935.66355783585459, 1966090.757705976255238 ], [ 6143915.740982035174966, 1966170.293086919933558 ], [ 6143891.329985090531409, 1966238.517252971418202 ], [ 6143828.379331158474088, 1966489.830350800650194 ], [ 6143790.364793008193374, 1966746.103550453204662 ], [ 6143777.652471423149109, 1967004.868800923228264 ], [ 6143780.241262599825859, 1967057.564855901291594 ], [ 6143560.981004166416824, 1967188.984397279331461 ], [ 6143352.88814914599061, 1967343.316576880402863 ], [ 6143160.924517005681992, 1967517.302271425491199 ], [ 6142986.938822460360825, 1967709.265903566032648 ], [ 6142832.606642859056592, 1967917.358758586226031 ], [ 6142699.414281458593905, 1968139.576788537437096 ], [ 6142588.644453507848084, 1968373.779912314144894 ], [ 6142501.3639330053702, 1968617.712625806219876 ], [ 6142474.934008861891925, 1968723.226797572569922 ], [ 6142460.16913350764662, 1968764.491859798319638 ], [ 6142397.218479575589299, 1969015.80495762755163 ], [ 6142359.203941425308585, 1969272.078157280106097 ], [ 6142346.49161984026432, 1969530.8434077501297 ], [ 6142352.211641615256667, 1969647.277125809108838 ], [ 6142328.041511364281178, 1969658.708746046526358 ], [ 6142105.823481413535774, 1969791.901107447454706 ], [ 6141897.73062639310956, 1969946.233287048526108 ], [ 6141705.766994252800941, 1970120.218981593614444 ], [ 6141531.781299707479775, 1970312.182613734155893 ], [ 6141377.449120106175542, 1970520.275468754349276 ], [ 6141244.256758705712855, 1970742.493498705560341 ], [ 6141133.486930754967034, 1970976.69662248226814 ], [ 6141046.20641025248915, 1971220.629335974343121 ], [ 6141027.419084265828133, 1971295.632545609492809 ], [ 6141001.90695817116648, 1971366.934161473996937 ], [ 6140938.956304239109159, 1971618.24725930322893 ], [ 6140900.941766088828444, 1971874.520458955783397 ], [ 6140888.22944450378418, 1972133.285709425806999 ], [ 6140895.494118149392307, 1972281.161538620246574 ], [ 6140824.253180362284184, 1972314.855992794735357 ], [ 6140728.559891426004469, 1972372.212342891609296 ], [ 6140499.868765632621944, 1972290.385349669028074 ], [ 6140248.555667803622782, 1972227.434695737669244 ], [ 6139992.282468151301146, 1972189.420157587621361 ], [ 6139733.517217680811882, 1972176.707836002111435 ], [ 6139474.751967210322618, 1972189.420157587621361 ], [ 6139218.478767558000982, 1972227.434695737669244 ], [ 6138967.16566972900182, 1972290.385349669028074 ], [ 6138723.232956237159669, 1972377.66587017220445 ], [ 6138712.266898452304304, 1972382.852429234888405 ], [ 6138568.887344342656434, 1972276.514904605457559 ], [ 6138346.66931439191103, 1972143.322543204529211 ], [ 6138112.46619061473757, 1972032.552715254249051 ], [ 6138034.302348674274981, 1972004.585245407884941 ], [ 6137982.728411671705544, 1971966.335406856844202 ], [ 6137760.51038172096014, 1971833.143045455915853 ], [ 6137526.307257943786681, 1971722.373217505635694 ], [ 6137282.37454445194453, 1971635.092697002459317 ], [ 6137031.061446622945368, 1971572.142043071100488 ], [ 6136774.788246970623732, 1971534.127504921052605 ], [ 6136516.022996500134468, 1971521.415183335542679 ], [ 6136257.257746029645205, 1971534.127504921052605 ], [ 6136000.984546377323568, 1971572.142043071100488 ], [ 6135749.671448548324406, 1971635.092697002459317 ], [ 6135646.241761717945337, 1971672.100430703954771 ], [ 6135552.149487718008459, 1971473.159032114082947 ], [ 6135418.957126317545772, 1971250.941002162871882 ], [ 6135264.624946716241539, 1971042.848147142678499 ], [ 6135090.639252170920372, 1970850.88451500213705 ], [ 6134898.675620030611753, 1970676.898820457048714 ], [ 6134690.58276501018554, 1970522.566640855977312 ], [ 6134468.364735059440136, 1970389.374279455048963 ], [ 6134234.161611282266676, 1970278.604451504768804 ], [ 6133990.228897790424526, 1970191.323931001592427 ], [ 6133738.915799961425364, 1970128.373277070233598 ], [ 6133482.642600309103727, 1970090.358738920185715 ], [ 6133223.877349838614464, 1970077.646417334675789 ], [ 6132965.1120993681252, 1970090.358738920185715 ], [ 6132708.838899715803564, 1970128.373277070233598 ], [ 6132507.35084758233279, 1970178.843406763859093 ], [ 6132320.972441629506648, 1970132.1580464115832 ], [ 6132064.699241977185011, 1970094.143508261535317 ], [ 6131805.933991506695747, 1970081.431186676025391 ], [ 6131547.168741036206484, 1970094.143508261535317 ], [ 6131290.895541383884847, 1970132.1580464115832 ], [ 6131039.582443554885685, 1970195.108700342942029 ], [ 6130795.649730063043535, 1970282.389220846118405 ], [ 6130561.446606285870075, 1970393.159048796398565 ], [ 6130486.194824106059968, 1970438.263231253251433 ], [ 6130369.169997447170317, 1970382.914610338630155 ], [ 6130125.237283955328166, 1970295.634089835453779 ], [ 6129873.924186126329005, 1970232.683435904094949 ], [ 6129617.650986474007368, 1970194.668897754047066 ], [ 6129358.885736003518105, 1970181.95657616853714 ], [ 6129100.120485533028841, 1970194.668897754047066 ], [ 6128843.847285880707204, 1970232.683435904094949 ], [ 6128592.534188051708043, 1970295.634089835453779 ], [ 6128348.601474559865892, 1970382.914610338630155 ], [ 6128114.398350782692432, 1970493.684438288910314 ], [ 6128094.276206702925265, 1970505.745187306776643 ], [ 6128032.142609782516956, 1970535.132190049393103 ], [ 6127809.924579831771553, 1970668.324551450321451 ], [ 6127758.017015484161675, 1970706.82182490453124 ], [ 6127641.016155508346856, 1970620.048073189565912 ], [ 6127418.798125557601452, 1970486.855711788637564 ], [ 6127184.595001780427992, 1970376.085883838357404 ], [ 6126940.662288288585842, 1970288.805363335181028 ], [ 6126689.34919045958668, 1970225.854709403822199 ], [ 6126433.075990807265043, 1970187.840171253774315 ], [ 6126174.31074033677578, 1970175.127849668264389 ], [ 6125915.545489866286516, 1970187.840171253774315 ], [ 6125659.27229021396488, 1970225.854709403822199 ], [ 6125563.394107693806291, 1970249.870943891815841 ], [ 6125527.1580531289801, 1970255.246054830262437 ], [ 6125275.844955299980938, 1970318.196708761621267 ], [ 6125031.912241808138788, 1970405.477229264797643 ], [ 6124797.709118030965328, 1970516.247057215077803 ], [ 6124628.851486262865365, 1970617.45642677298747 ], [ 6124492.475864675827324, 1970516.31337252468802 ], [ 6124270.257834725081921, 1970383.121011123759672 ], [ 6124036.054710947908461, 1970272.351183173479512 ], [ 6123792.12199745606631, 1970185.070662670303136 ], [ 6123540.808899627067149, 1970122.120008738944307 ], [ 6123284.535699974745512, 1970084.105470588896424 ], [ 6123025.770449504256248, 1970071.393149003386497 ], [ 6122767.005199033766985, 1970084.105470588896424 ], [ 6122510.731999381445348, 1970122.120008738944307 ], [ 6122259.418901552446187, 1970185.070662670303136 ], [ 6122015.486188060604036, 1970272.351183173479512 ], [ 6121781.283064283430576, 1970383.121011123759672 ], [ 6121559.065034332685173, 1970516.31337252468802 ], [ 6121350.972179312258959, 1970670.645552125759423 ], [ 6121159.00854717195034, 1970844.631246670847759 ], [ 6120985.022852626629174, 1971036.594878811389208 ], [ 6120830.690673025324941, 1971244.687733831582591 ], [ 6120697.498311624862254, 1971466.905763782793656 ], [ 6120586.728483674116433, 1971701.108887559501454 ], [ 6120499.447963171638548, 1971945.041601051576436 ], [ 6120436.497309239581227, 1972196.354698880808428 ], [ 6120398.482771089300513, 1972452.627898533362895 ], [ 6120385.770449504256248, 1972711.393149003386497 ], [ 6120398.482771089300513, 1972970.1583994734101 ], [ 6120436.497309239581227, 1973226.431599125964567 ], [ 6120453.36500418651849, 1973293.771212070481852 ], [ 6120347.590328305028379, 1973309.461403073975816 ], [ 6120103.174119184724987, 1973370.684476318070665 ], [ 6120000.034919008612633, 1973256.887905090814456 ], [ 6119808.071286868304014, 1973082.90221054572612 ], [ 6119599.9784318478778, 1972928.570030944654718 ], [ 6119377.760401897132397, 1972795.37766954372637 ], [ 6119143.557278119958937, 1972684.60784159344621 ], [ 6118940.609224818646908, 1972611.991866992553696 ], [ 6118928.396708512678742, 1972363.400386695284396 ], [ 6118890.382170362398028, 1972107.127187042729929 ], [ 6118827.431516430340707, 1971855.814089213497937 ], [ 6118740.150995927862823, 1971611.881375721422955 ], [ 6118629.381167977117002, 1971377.678251944715157 ], [ 6118496.188806576654315, 1971155.460221993504092 ], [ 6118341.856626975350082, 1970947.367366973310709 ], [ 6118167.870932430028915, 1970755.40373483276926 ], [ 6117975.907300289720297, 1970581.418040287680924 ], [ 6117767.814445269294083, 1970427.085860686609522 ], [ 6117545.596415318548679, 1970293.893499285681173 ], [ 6117311.39329154137522, 1970183.123671335401013 ], [ 6117067.460578049533069, 1970095.843150832224637 ], [ 6116816.147480220533907, 1970032.892496900865808 ], [ 6116559.874280568212271, 1969994.877958750817925 ], [ 6116301.109030097723007, 1969982.165637165307999 ], [ 6116193.522506956011057, 1969987.451024124864489 ], [ 6115954.213398426771164, 1969975.694521501660347 ], [ 6115695.4481479562819, 1969988.406843087170273 ], [ 6115439.174948303960264, 1970026.421381237218156 ], [ 6115187.861850474961102, 1970089.372035168576986 ], [ 6114943.929136983118951, 1970176.652555671753362 ], [ 6114709.726013205945492, 1970287.422383622033522 ], [ 6114487.507983255200088, 1970420.61474502296187 ], [ 6114279.415128234773874, 1970574.946924624033272 ], [ 6114087.451496094465256, 1970748.932619169121608 ], [ 6113913.465801549144089, 1970940.896251309663057 ], [ 6113759.133621947839856, 1971148.98910632985644 ], [ 6113625.941260547377169, 1971371.207136281067505 ], [ 6113565.575288698077202, 1971498.840260196244344 ], [ 6113415.804871942847967, 1971363.096266967244446 ], [ 6113349.423691492527723, 1971313.864628224400803 ], [ 6113383.433874255977571, 1971218.812535042874515 ], [ 6113446.384528188034892, 1970967.499437213642523 ], [ 6113484.399066338315606, 1970711.226237561088055 ], [ 6113497.111387923359871, 1970452.460987091064453 ], [ 6113484.399066338315606, 1970193.695736621040851 ], [ 6113446.384528188034892, 1969937.422536968486384 ], [ 6113383.433874255977571, 1969686.109439139254391 ], [ 6113311.889872065745294, 1969486.15734802139923 ], [ 6113269.869140750728548, 1969318.40118505526334 ], [ 6113182.588620248250663, 1969074.468471563188359 ], [ 6113071.818792297504842, 1968840.265347786480561 ], [ 6112938.626430897042155, 1968618.047317835269496 ], [ 6112784.294251295737922, 1968409.954462815076113 ], [ 6112610.308556750416756, 1968217.990830674534664 ], [ 6112418.344924610108137, 1968044.005136129446328 ], [ 6112210.252069589681923, 1967889.672956528374925 ], [ 6111988.03403963893652, 1967756.480595127446577 ], [ 6111753.83091586176306, 1967645.710767177166417 ], [ 6111509.898202369920909, 1967558.430246673990041 ], [ 6111258.585104540921748, 1967495.479592742631212 ], [ 6111132.674563589505851, 1967476.802528308937326 ], [ 6111069.61657829862088, 1967391.778677646070719 ], [ 6110895.630883753299713, 1967199.81504550552927 ], [ 6110703.667251612991095, 1967025.829350960440934 ], [ 6110495.574396592564881, 1966871.497171359369531 ], [ 6110489.33488067984581, 1966867.757349444087595 ], [ 6110437.396458696573973, 1966820.683107716031373 ], [ 6110229.303603676147759, 1966666.35092811495997 ], [ 6110007.085573725402355, 1966533.158566714031622 ], [ 6109772.882449948228896, 1966422.388738763751462 ], [ 6109528.949736456386745, 1966335.108218260575086 ], [ 6109277.636638627387583, 1966272.157564329216257 ], [ 6109021.363438975065947, 1966234.143026179168373 ], [ 6108762.598188504576683, 1966221.430704593658447 ], [ 6108503.83293803408742, 1966234.143026179168373 ] ] ], [ [ [ 6080213.001097430475056, 2087220.626187961548567 ], [ 6079990.783067479729652, 2087353.818549362476915 ], [ 6079782.690212459303439, 2087508.150728963548318 ], [ 6079590.72658031899482, 2087682.136423508636653 ], [ 6079416.740885773673654, 2087874.100055649178103 ], [ 6079262.408706172369421, 2088082.192910669371486 ], [ 6079129.216344771906734, 2088304.410940620582551 ], [ 6079018.446516821160913, 2088538.614064397290349 ], [ 6078931.165996318683028, 2088782.54677788936533 ], [ 6078868.215342386625707, 2089033.859875718597323 ], [ 6078830.200804236344993, 2089290.13307537115179 ], [ 6078817.488482651300728, 2089548.898325841175392 ], [ 6078830.200804236344993, 2089807.663576311198995 ], [ 6078868.215342386625707, 2090063.936775963753462 ], [ 6078931.165996318683028, 2090315.249873792985454 ], [ 6079018.446516821160913, 2090559.182587285060436 ], [ 6079129.216344771906734, 2090793.385711061768234 ], [ 6079262.408706172369421, 2091015.603741012979299 ], [ 6079412.975519866682589, 2091218.619587830267847 ], [ 6079407.29262426123023, 2091234.502217052970082 ], [ 6079371.427813486196101, 2091377.682567628566176 ], [ 6079353.747242471203208, 2091401.522057943744585 ], [ 6079341.659103954210877, 2091412.478108067065477 ], [ 6079167.673409408889711, 2091604.441740207606927 ], [ 6079013.341229807585478, 2091812.53459522780031 ], [ 6078880.148868407122791, 2092034.752625179011375 ], [ 6078868.840429065749049, 2092058.662311306456104 ], [ 6078851.522620766423643, 2092087.555328916292638 ], [ 6078740.752792815677822, 2092321.758452693000436 ], [ 6078653.472272313199937, 2092565.691166185075417 ], [ 6078605.756420447491109, 2092756.183524866122752 ], [ 6078483.926226003095508, 2092890.602430345490575 ], [ 6078329.594046401791275, 2093098.695285365683958 ], [ 6078196.401685001328588, 2093320.913315316895023 ], [ 6078180.532648701220751, 2093354.465573557885364 ], [ 6078136.564494692720473, 2093427.822006777627394 ], [ 6078025.794666741974652, 2093662.025130554335192 ], [ 6077938.514146239496768, 2093905.957844046410173 ], [ 6077875.563492307439446, 2094157.270941875642166 ], [ 6077849.425537750124931, 2094333.478718494530767 ], [ 6077800.454720802605152, 2094369.797951635438949 ], [ 6077608.491088662296534, 2094543.783646180527285 ], [ 6077434.505394116975367, 2094735.747278321068734 ], [ 6077280.173214515671134, 2094943.840133341262117 ], [ 6077146.980853115208447, 2095166.058163292473182 ], [ 6077036.211025164462626, 2095400.26128706918098 ], [ 6076948.930504661984742, 2095644.194000561255962 ], [ 6076937.71552568860352, 2095688.966706351144239 ], [ 6076801.63206465728581, 2095839.111668108962476 ], [ 6076647.299885055981576, 2096047.204523129155859 ], [ 6076514.107523655518889, 2096269.422553080366924 ], [ 6076403.337695704773068, 2096503.625676857074723 ], [ 6076344.675932191312313, 2096667.574322781991214 ], [ 6076323.263498747721314, 2096691.199302454013377 ], [ 6076168.931319146417081, 2096899.292157474206761 ], [ 6076035.738957745954394, 2097121.510187425417826 ], [ 6075924.969129795208573, 2097355.713311202358454 ], [ 6075837.688609292730689, 2097599.646024694200605 ], [ 6075787.563280494883657, 2097799.757554487790912 ], [ 6075737.043443682603538, 2097845.546065561939031 ], [ 6075563.057749137282372, 2098037.509697702247649 ], [ 6075408.725569535978138, 2098245.602552722673863 ], [ 6075275.533208135515451, 2098467.820582673419267 ], [ 6075164.76338018476963, 2098702.023706450592726 ], [ 6075077.482859682291746, 2098945.956419942434877 ], [ 6075064.721023208461702, 2098996.904527037404478 ], [ 6074954.718112828209996, 2099118.274035477545112 ], [ 6074800.385933226905763, 2099326.366890497971326 ], [ 6074667.193571826443076, 2099548.58492044871673 ], [ 6074556.423743875697255, 2099782.788044225890189 ], [ 6074525.575330787338316, 2099869.003583136480302 ], [ 6074448.244718809612095, 2099926.3558737533167 ], [ 6074256.281086669303477, 2100100.341568298637867 ], [ 6074094.92013391200453, 2100278.375944388099015 ], [ 6073957.945528506301343, 2100312.686296919826418 ], [ 6073714.012815014459193, 2100399.966817423235625 ], [ 6073479.809691237285733, 2100510.736645373050123 ], [ 6073257.591661286540329, 2100643.929006773978472 ], [ 6073049.498806266114116, 2100798.261186375282705 ], [ 6072857.535174125805497, 2100972.246880920603871 ], [ 6072828.820684370584786, 2101003.928438205737621 ], [ 6072637.490934508852661, 2101072.387317364104092 ], [ 6072403.287810731679201, 2101183.157145313918591 ], [ 6072181.069780780933797, 2101316.349506714846939 ], [ 6071972.976925760507584, 2101470.681686316151172 ], [ 6071783.164784415625036, 2101642.717383269686252 ], [ 6071644.799010532908142, 2101692.225448799319565 ], [ 6071410.595886755734682, 2101802.995276749134064 ], [ 6071188.377856804989278, 2101936.187638150062412 ], [ 6070980.285001784563065, 2102090.519817751366645 ], [ 6070788.321369644254446, 2102264.505512296687812 ], [ 6070725.218726801685989, 2102334.128549693152308 ], [ 6070693.369908391498029, 2102342.106263402383775 ], [ 6070449.437194899655879, 2102429.386783905792981 ], [ 6070215.234071122482419, 2102540.15661185560748 ], [ 6069993.016041171737015, 2102673.348973256535828 ], [ 6069784.923186151310802, 2102827.681152857840061 ], [ 6069592.959554011002183, 2103001.666847403161228 ], [ 6069470.576322820968926, 2103136.695934901479632 ], [ 6069405.948856798931956, 2103152.884272410534322 ], [ 6069162.016143307089806, 2103240.164792913943529 ], [ 6068927.813019529916346, 2103350.934620863758028 ], [ 6068705.594989579170942, 2103484.126982264686376 ], [ 6068497.502134558744729, 2103638.459161865990609 ], [ 6068305.53850241843611, 2103812.444856411311775 ], [ 6068131.552807873114944, 2104004.408488551620394 ], [ 6068126.679264486767352, 2104010.979701113887131 ], [ 6067930.933710340410471, 2104060.011409942992032 ], [ 6067687.00099684856832, 2104147.291930446401238 ], [ 6067452.797873071394861, 2104258.061758396215737 ], [ 6067230.579843120649457, 2104391.254119797144085 ], [ 6067022.486988100223243, 2104545.586299398448318 ], [ 6066871.57542053796351, 2104682.36457143118605 ], [ 6066738.375535784289241, 2104730.024252274539322 ], [ 6066504.172412007115781, 2104840.79408022435382 ], [ 6066281.954382056370378, 2104973.986441625282168 ], [ 6066073.861527035944164, 2105128.318621226586401 ], [ 6065881.897894895635545, 2105302.304315771907568 ], [ 6065806.978497508913279, 2105384.965132672339678 ], [ 6065790.164761452935636, 2105389.176754306536168 ], [ 6065546.232047961093485, 2105476.457274809945375 ], [ 6065312.028924183920026, 2105587.227102759759873 ], [ 6065089.810894233174622, 2105720.419464160688221 ], [ 6064881.718039212748408, 2105874.751643761992455 ], [ 6064689.75440707243979, 2106048.737338307313621 ], [ 6064515.768712527118623, 2106240.70097044762224 ], [ 6064399.928121708333492, 2106396.89392601326108 ], [ 6064305.899981166236103, 2106410.841683096718043 ], [ 6064054.586883337236941, 2106473.792337028309703 ], [ 6063810.65416984539479, 2106561.07285753171891 ], [ 6063576.451046068221331, 2106671.842685481533408 ], [ 6063354.233016117475927, 2106805.035046882461756 ], [ 6063146.140161097049713, 2106959.36722648376599 ], [ 6062954.176528956741095, 2107133.352921029087156 ], [ 6062826.433211556635797, 2107274.295952316373587 ], [ 6062756.703816318884492, 2107291.762256565503776 ], [ 6062512.771102827042341, 2107379.042777068912983 ], [ 6062278.567979049868882, 2107489.812605018727481 ], [ 6062056.349949099123478, 2107623.00496641965583 ], [ 6061848.257094078697264, 2107777.337146020960063 ], [ 6061656.974109778180718, 2107950.70593732316047 ], [ 6061530.498586778528988, 2107995.959603059105575 ], [ 6061296.295463001355529, 2108106.729431008920074 ], [ 6061074.077433050610125, 2108239.921792409848422 ], [ 6060865.984578030183911, 2108394.253972011152655 ], [ 6060674.020945889875293, 2108568.239666556473821 ], [ 6060574.188043366186321, 2108678.388300474733114 ], [ 6060442.969277251511812, 2108740.450154782738537 ], [ 6060220.751247300766408, 2108873.642516183666885 ], [ 6060012.658392280340195, 2109027.974695784971118 ], [ 6059820.694760140031576, 2109201.960390330292284 ], [ 6059646.70906559471041, 2109393.924022470600903 ], [ 6059492.376885993406177, 2109602.016877491027117 ], [ 6059479.557226619683206, 2109623.405187005642802 ], [ 6059350.169736712239683, 2109669.700771161355078 ], [ 6059115.966612935066223, 2109780.470599111169577 ], [ 6058893.748582984320819, 2109913.662960512097925 ], [ 6058685.655727963894606, 2110067.995140113402158 ], [ 6058493.692095823585987, 2110241.980834658723325 ], [ 6058319.706401278264821, 2110433.944466799031943 ], [ 6058165.374221676960588, 2110642.037321819458157 ], [ 6058110.580146608874202, 2110733.455713133793324 ], [ 6057895.794900009408593, 2110810.307103221304715 ], [ 6057706.283606327138841, 2110899.93926976621151 ], [ 6057714.955169269815087, 2111365.291843863204122 ], [ 6057921.967169267125428, 2111616.364843863528222 ], [ 6057807.89278285484761, 2111822.781276743859053 ], [ 6057698.273169269785285, 2112021.1368438587524 ], [ 6057724.323852041736245, 2112029.970051498617977 ], [ 6057901.890169269405305, 2112090.178843860980123 ], [ 6057879.778169268742204, 2112454.775843857321888 ], [ 6057737.719343408942223, 2112398.201979817356914 ], [ 6057737.719343408942223, 2112398.201979817822576 ], [ 6057617.699169269762933, 2112350.404843858908862 ], [ 6056769.626169271767139, 2113385.944843851029873 ], [ 6056741.413169272243977, 2113422.890843860805035 ], [ 6056541.885169270448387, 2113572.291843860875815 ], [ 6056367.169169272296131, 2113502.718843864742666 ], [ 6055910.379775448702276, 2113704.714687816333026 ], [ 6054905.241169269196689, 2114149.194843855220824 ], [ 6053812.132825088687241, 2113679.917447161395103 ], [ 6053748.320820735767484, 2113786.381344531197101 ], [ 6053658.075867529958487, 2113977.188266748562455 ], [ 6053603.872561938129365, 2114009.676477849949151 ], [ 6053395.779706917703152, 2114164.008657451253384 ], [ 6053203.816074777394533, 2114337.994351996574551 ], [ 6053172.599313605576754, 2114372.436740342993289 ], [ 6053163.739781511947513, 2114380.466552174650133 ], [ 6053097.876016040332615, 2114453.13601893465966 ], [ 6053325.765169273130596, 2114688.704843856394291 ], [ 6053155.839169269427657, 2114873.993843859061599 ], [ 6052873.174154753796756, 2114729.620026348624378 ], [ 6052835.421907365322113, 2114780.523039335384965 ], [ 6052702.229545964859426, 2115002.741069286130369 ], [ 6052621.867148594930768, 2115172.653082751203328 ], [ 6052542.023587408475578, 2115220.509471629280597 ], [ 6052333.930732388049364, 2115374.84165123058483 ], [ 6052141.967100247740746, 2115548.827345775905997 ], [ 6051967.981405702419579, 2115740.790977916214615 ], [ 6051964.880612927488983, 2115744.971912981476635 ], [ 6051942.047100136987865, 2115770.164812094531953 ], [ 6051822.270734350197017, 2115752.397666592150927 ], [ 6051563.505483879707754, 2115739.685345006641001 ], [ 6051304.74023340921849, 2115752.397666592150927 ], [ 6051048.467033756896853, 2115790.412204741965979 ], [ 6050797.153935927897692, 2115853.362858673557639 ], [ 6050553.221222436055541, 2115940.643379176966846 ], [ 6050319.018098658882082, 2116051.413207126781344 ], [ 6050096.800068708136678, 2116184.605568527709693 ], [ 6049996.791944273747504, 2116258.776648646220565 ], [ 6049878.449136878363788, 2116301.120382208842784 ], [ 6049644.246013101190329, 2116411.890210158657283 ], [ 6049624.78132551163435, 2116423.556894921232015 ], [ 6049591.383618674241006, 2116439.352833850774914 ], [ 6049369.165588723495603, 2116572.545195251703262 ], [ 6049161.072733703069389, 2116726.877374853007495 ], [ 6049126.242259548977017, 2116758.445876498240978 ], [ 6049026.508109021931887, 2116783.427980691194534 ], [ 6048782.575395530089736, 2116870.708501194603741 ], [ 6048548.372271752916276, 2116981.47832914441824 ], [ 6048537.805892750620842, 2116987.811572990845889 ], [ 6048493.559921085834503, 2117008.738359063398093 ], [ 6048271.341891135089099, 2117141.930720464326441 ], [ 6048063.249036114662886, 2117296.262900065630674 ], [ 6047871.285403974354267, 2117470.248594610951841 ], [ 6047697.299709429033101, 2117662.212226751260459 ], [ 6047542.967529827728868, 2117870.305081771686673 ], [ 6047409.775168427266181, 2118092.523111722432077 ], [ 6047299.00534047652036, 2118326.726235499605536 ], [ 6047211.724819974042475, 2118570.658948991447687 ], [ 6047148.774166041985154, 2118821.972046820446849 ], [ 6047110.75962789170444, 2119078.245246473234147 ], [ 6047098.047306306660175, 2119337.010496943257749 ], [ 6047110.75962789170444, 2119595.775747413281351 ], [ 6047148.774166041985154, 2119852.048947066068649 ], [ 6047211.724819974042475, 2120103.362044895067811 ], [ 6047249.69973243586719, 2120209.494815279729664 ], [ 6047256.06711520627141, 2120339.105869113001972 ], [ 6047294.081653356552124, 2120595.37906876578927 ], [ 6047357.032307288609445, 2120846.692166594788432 ], [ 6047444.312827791087329, 2121090.624880086630583 ], [ 6047555.08265574183315, 2121324.828003863804042 ], [ 6047575.935295888222754, 2121359.618532117456198 ], [ 6047584.22946135699749, 2121377.155071606393903 ], [ 6047717.421822757460177, 2121599.373101557139307 ], [ 6047871.75400235876441, 2121807.465956577565521 ], [ 6048018.262201291508973, 2121969.112844150513411 ], [ 6048093.255208832211792, 2122178.704259474296123 ], [ 6048188.994378327392042, 2122381.127726031001657 ], [ 6048209.275693815201521, 2122462.095276085659862 ], [ 6048296.556214317679405, 2122706.027989577502012 ], [ 6048407.326042268425226, 2122940.231113354675472 ], [ 6048430.344205377623439, 2122978.634598400443792 ], [ 6048436.992271561175585, 2122992.690753366332501 ], [ 6048570.184632961638272, 2123214.908783317077905 ], [ 6048724.516812562942505, 2123423.001638337504119 ], [ 6048898.502507108263671, 2123614.965270477812737 ], [ 6049090.46613924857229, 2123788.950965023133904 ], [ 6049298.558994268998504, 2123943.283144624438137 ], [ 6049520.777024219743907, 2124076.475506025366485 ], [ 6049754.980147996917367, 2124187.245333975180984 ], [ 6049998.912861488759518, 2124274.52585447859019 ], [ 6050250.225959317758679, 2124337.47650841018185 ], [ 6050506.499158970080316, 2124375.491046559996903 ], [ 6050765.26440944056958, 2124388.203368145506829 ], [ 6051024.029659911058843, 2124375.491046559996903 ], [ 6051280.30285956338048, 2124337.47650841018185 ], [ 6051531.615957392379642, 2124274.52585447859019 ], [ 6051775.548670884221792, 2124187.245333975180984 ], [ 6052009.751794661395252, 2124076.475506025366485 ], [ 6052231.969824612140656, 2123943.283144624438137 ], [ 6052440.062679632566869, 2123788.950965023133904 ], [ 6052632.026311772875488, 2123614.965270477812737 ], [ 6052806.012006318196654, 2123423.001638337504119 ], [ 6052960.344185919500887, 2123214.908783317077905 ], [ 6053093.536547319963574, 2122992.690753366332501 ], [ 6053204.306375270709395, 2122758.487629589159042 ], [ 6053291.58689577318728, 2122514.554916097316891 ], [ 6053354.537549705244601, 2122263.241818268317729 ], [ 6053392.552087855525315, 2122006.968618615530431 ], [ 6053405.26440944056958, 2121748.203368145506829 ], [ 6053392.552087855525315, 2121489.438117675483227 ], [ 6053354.537549705244601, 2121233.164918022695929 ], [ 6053291.58689577318728, 2120981.851820193696767 ], [ 6053242.8974518943578, 2120845.773940554820001 ], [ 6053357.054219705052674, 2120777.351007105316967 ], [ 6053565.147074725478888, 2120623.018827504012734 ], [ 6053757.110706865787506, 2120449.033132958691567 ], [ 6053855.899170173332095, 2120340.036860135383904 ], [ 6054034.034482444636524, 2120366.460737596265972 ], [ 6054292.799732915125787, 2120379.173059181775898 ], [ 6054551.564983385615051, 2120366.460737596265972 ], [ 6054807.838183037936687, 2120328.446199446450919 ], [ 6055059.151280866935849, 2120265.495545514859259 ], [ 6055303.083994358778, 2120178.215025011450052 ], [ 6055537.287118135951459, 2120067.445197061635554 ], [ 6055759.505148086696863, 2119934.252835660707206 ], [ 6055967.598003107123077, 2119779.920656059402972 ], [ 6056159.561635247431695, 2119605.934961514081806 ], [ 6056333.547329792752862, 2119413.971329373773187 ], [ 6056344.74989749211818, 2119398.866415400523692 ], [ 6056372.469352999702096, 2119368.282709228340536 ], [ 6056526.801532601006329, 2119160.189854207914323 ], [ 6056569.99865366332233, 2119088.119811743497849 ], [ 6056746.097179654985666, 2118928.513411242514849 ], [ 6056920.082874200306833, 2118736.54977910220623 ], [ 6056923.376938275061548, 2118732.108247856609523 ], [ 6056959.904339798726141, 2118691.806470819748938 ], [ 6057114.236519400030375, 2118483.713615799322724 ], [ 6057247.428880800493062, 2118261.495585848577321 ], [ 6057358.198708751238883, 2118027.292462071403861 ], [ 6057403.373688514344394, 2117901.036851631477475 ], [ 6057412.828726273030043, 2117896.5649518170394 ], [ 6057635.046756223775446, 2117763.372590416111052 ], [ 6057843.13961124420166, 2117609.040410814806819 ], [ 6058035.103243384510279, 2117435.054716269485652 ], [ 6058209.088937929831445, 2117243.091084129177034 ], [ 6058223.098370341584086, 2117224.201551205012947 ], [ 6058247.889712768606842, 2117196.848519966937602 ], [ 6058402.221892369911075, 2116988.755664946511388 ], [ 6058448.14256957359612, 2116912.141643579583615 ], [ 6058465.167459498159587, 2116904.089470332022756 ], [ 6058504.18736238963902, 2116880.701840584166348 ], [ 6058517.397035478614271, 2116874.454130512196571 ], [ 6058739.615065429359674, 2116741.261769111268222 ], [ 6058947.707920449785888, 2116586.929589509963989 ], [ 6059139.671552590094507, 2116412.943894964642823 ], [ 6059313.657247135415673, 2116220.980262824334204 ], [ 6059467.989426736719906, 2116012.88740780390799 ], [ 6059599.172423139214516, 2115794.021800819784403 ], [ 6059672.430709404870868, 2115775.671555384062231 ], [ 6059916.363422896713018, 2115688.391034880653024 ], [ 6060150.566546673886478, 2115577.621206930838525 ], [ 6060372.784576624631882, 2115444.428845529910177 ], [ 6060580.877431645058095, 2115290.096665928605944 ], [ 6060772.841063785366714, 2115116.110971383284777 ], [ 6060946.826758330687881, 2114924.147339242976159 ], [ 6061101.158937931992114, 2114716.054484222549945 ], [ 6061155.953013, 2114624.636092908214778 ], [ 6061370.738259599544108, 2114547.784702820703387 ], [ 6061604.941383376717567, 2114437.014874870888889 ], [ 6061827.159413327462971, 2114303.822513469960541 ], [ 6062035.252268347889185, 2114149.490333868656307 ], [ 6062227.215900488197803, 2113975.504639323335141 ], [ 6062401.20159503351897, 2113783.541007183026522 ], [ 6062555.533774634823203, 2113575.448152162600309 ], [ 6062568.353434008546174, 2113554.059842647984624 ], [ 6062697.740923915989697, 2113507.764258492272347 ], [ 6062931.944047693163157, 2113396.994430542457849 ], [ 6063154.16207764390856, 2113263.8020691415295 ], [ 6063362.254932664334774, 2113109.469889540225267 ], [ 6063554.218564804643393, 2112935.484194994904101 ], [ 6063654.051467328332365, 2112825.335561076644808 ], [ 6063785.270233443006873, 2112763.273706768639386 ], [ 6064007.488263393752277, 2112630.081345367711037 ], [ 6064215.581118414178491, 2112475.749165766406804 ], [ 6064406.864102714695036, 2112302.380374464206398 ], [ 6064533.339625714346766, 2112257.126708728261292 ], [ 6064767.542749491520226, 2112146.356880778446794 ], [ 6064989.76077944226563, 2112013.164519377518445 ], [ 6065197.853634462691844, 2111858.832339776214212 ], [ 6065389.817266603000462, 2111684.846645230893046 ], [ 6065517.56058400310576, 2111543.903613943606615 ], [ 6065587.289979240857065, 2111526.437309694476426 ], [ 6065831.222692732699215, 2111439.156789191067219 ], [ 6066065.425816509872675, 2111328.38696124125272 ], [ 6066287.643846460618079, 2111195.194599840324372 ], [ 6066495.736701481044292, 2111040.862420239020139 ], [ 6066687.700333621352911, 2110866.876725693698972 ], [ 6066861.686028166674078, 2110674.913093553390354 ], [ 6066977.526618985459208, 2110518.720137987751514 ], [ 6067071.554759527556598, 2110504.77238090429455 ], [ 6067322.86785735655576, 2110441.821726972702891 ], [ 6067566.800570848397911, 2110354.541206469293684 ], [ 6067801.00369462557137, 2110243.771378519479185 ], [ 6068023.221724576316774, 2110110.579017118550837 ], [ 6068231.314579596742988, 2109956.246837517246604 ], [ 6068423.278211737051606, 2109782.261142971925437 ], [ 6068498.197609123773873, 2109699.600326071493328 ], [ 6068515.011345179751515, 2109695.388704437296838 ], [ 6068758.944058671593666, 2109608.108183933887631 ], [ 6068993.147182448767126, 2109497.338355984073132 ], [ 6069215.365212399512529, 2109364.145994583144784 ], [ 6069423.458067419938743, 2109209.813814981840551 ], [ 6069574.369634982198477, 2109073.035542949102819 ], [ 6069707.569519735872746, 2109025.375862105749547 ], [ 6069941.772643513046205, 2108914.606034155935049 ], [ 6070163.990673463791609, 2108781.413672755006701 ], [ 6070372.083528484217823, 2108627.081493153702468 ], [ 6070564.047160624526441, 2108453.095798608381301 ], [ 6070738.032855169847608, 2108261.132166468072683 ], [ 6070742.906398556195199, 2108254.560953905805945 ], [ 6070938.65195270255208, 2108205.529245076701045 ], [ 6071182.584666194394231, 2108118.248724573291838 ], [ 6071416.78778997156769, 2108007.47889662347734 ], [ 6071639.005819922313094, 2107874.286535222548991 ], [ 6071847.098674942739308, 2107719.954355621244758 ], [ 6072039.062307083047926, 2107545.968661075923592 ], [ 6072161.445538273081183, 2107410.939573577605188 ], [ 6072226.073004295118153, 2107394.751236068550497 ], [ 6072470.005717786960304, 2107307.47071556514129 ], [ 6072704.208841564133763, 2107196.700887615326792 ], [ 6072926.426871514879167, 2107063.508526214398444 ], [ 6073134.519726535305381, 2106909.176346613094211 ], [ 6073326.483358675613999, 2106735.190652067773044 ], [ 6073389.586001518182456, 2106665.567614671308547 ], [ 6073421.434819928370416, 2106657.589900962077081 ], [ 6073665.367533420212567, 2106570.309380458667874 ], [ 6073899.570657197386026, 2106459.539552508853376 ], [ 6074121.78868714813143, 2106326.347191107925028 ], [ 6074329.881542168557644, 2106172.015011506620795 ], [ 6074519.693683513440192, 2105999.979314553085715 ], [ 6074658.059457396157086, 2105950.471249023452401 ], [ 6074892.262581173330545, 2105839.701421073637903 ], [ 6075114.480611124075949, 2105706.509059672709554 ], [ 6075322.573466144502163, 2105552.176880071405321 ], [ 6075514.537098284810781, 2105378.191185526084155 ], [ 6075543.251588040031493, 2105346.509628240950406 ], [ 6075734.581337901763618, 2105278.050749082583934 ], [ 6075968.784461678937078, 2105167.280921132769436 ], [ 6076191.002491629682481, 2105034.088559731841087 ], [ 6076399.095346650108695, 2104879.756380130536854 ], [ 6076591.058978790417314, 2104705.770685585215688 ], [ 6076752.41993154771626, 2104527.73630949575454 ], [ 6076889.394536953419447, 2104493.425956964027137 ], [ 6077133.327250445261598, 2104406.14543646061793 ], [ 6077367.530374222435057, 2104295.375608510803431 ], [ 6077589.748404173180461, 2104162.183247109875083 ], [ 6077797.841259193606675, 2104007.85106750857085 ], [ 6077989.804891333915293, 2103833.865372963249683 ], [ 6078163.79058587923646, 2103641.901740822941065 ], [ 6078318.122765480540693, 2103433.808885802514851 ], [ 6078451.31512688100338, 2103211.590855851769447 ], [ 6078562.084954831749201, 2102977.387732074595988 ], [ 6078592.92301950417459, 2102891.201115048024803 ], [ 6078670.270258154720068, 2102833.836493250448257 ], [ 6078862.233890295028687, 2102659.85079870512709 ], [ 6079036.219584840349853, 2102467.887166564818472 ], [ 6079190.551764441654086, 2102259.794311544392258 ], [ 6079323.744125842116773, 2102037.576281593646854 ], [ 6079434.513953792862594, 2101803.373157816473395 ], [ 6079521.794474295340478, 2101559.440444324631244 ], [ 6079534.564451495185494, 2101508.459837630856782 ], [ 6079644.552942892536521, 2101387.106238086242229 ], [ 6079798.885122493840754, 2101179.013383065816015 ], [ 6079932.077483894303441, 2100956.795353115070611 ], [ 6080042.847311845049262, 2100722.592229337897152 ], [ 6080130.127832347527146, 2100478.659515846055001 ], [ 6080180.253161145374179, 2100278.547986052464694 ], [ 6080230.772997957654297, 2100232.759474978316575 ], [ 6080404.758692502975464, 2100040.795842838007957 ], [ 6080559.090872104279697, 2099832.702987817581743 ], [ 6080692.283233504742384, 2099610.484957866836339 ], [ 6080803.053061455488205, 2099376.28183408966288 ], [ 6080861.71482496894896, 2099212.333188164979219 ], [ 6080883.127258412539959, 2099188.708208492957056 ], [ 6081037.459438013844192, 2098980.615353472530842 ], [ 6081170.651799414306879, 2098758.397323521785438 ], [ 6081281.4216273650527, 2098524.194199744611979 ], [ 6081368.702147867530584, 2098280.261486252769828 ], [ 6081379.917126840911806, 2098235.48878046264872 ], [ 6081516.000587872229517, 2098085.343818705063313 ], [ 6081670.33276747353375, 2097877.2509636846371 ], [ 6081803.525128873996437, 2097655.032933733891696 ], [ 6081914.294956824742258, 2097420.829809956718236 ], [ 6082001.575477327220142, 2097176.897096464876086 ], [ 6082064.526131259277463, 2096925.583998635644093 ], [ 6082090.664085816591978, 2096749.376222016755491 ], [ 6082139.634902764111757, 2096713.05698887584731 ], [ 6082331.598534904420376, 2096539.071294330758974 ], [ 6082505.584229449741542, 2096347.107662190217525 ], [ 6082659.916409051045775, 2096139.014807170024142 ], [ 6082793.108770451508462, 2095916.796777218813077 ], [ 6082808.977806751616299, 2095883.244518977822736 ], [ 6082852.945960760116577, 2095809.888085758080706 ], [ 6082963.715788710862398, 2095575.684961981372908 ], [ 6083050.996309213340282, 2095331.752248489297926 ], [ 6083098.71216107904911, 2095141.259889808250591 ], [ 6083220.542355523444712, 2095006.840984328882769 ], [ 6083251.006488070823252, 2094965.764856628607959 ], [ 6083252.967408264987171, 2094963.987582162255421 ], [ 6083426.953102810308337, 2094772.023950021713972 ], [ 6083581.28528241161257, 2094563.931095001520589 ], [ 6083611.681528546847403, 2094513.218022095737979 ], [ 6083613.597603079862893, 2094510.63449466205202 ], [ 6083746.78996448032558, 2094288.416464710840955 ], [ 6083857.559792431071401, 2094054.213340934133157 ], [ 6083944.840312933549285, 2093810.280627442058176 ], [ 6083971.323298470117152, 2093704.554622717900202 ], [ 6084131.832172212190926, 2093527.460370947374031 ], [ 6084286.164351813495159, 2093319.367515927180648 ], [ 6084419.356713213957846, 2093097.149485975969583 ], [ 6084439.300201597623527, 2093054.98252259939909 ], [ 6084446.639269785024226, 2093042.738027065526694 ], [ 6084557.409097735770047, 2092808.534903288818896 ], [ 6084644.689618238247931, 2092564.602189796743914 ], [ 6084707.640272170305252, 2092313.289091967511922 ], [ 6084745.654810320585966, 2092057.015892314957455 ], [ 6084757.551991857588291, 2091814.843198712449521 ], [ 6084832.999402822926641, 2091603.981810892000794 ], [ 6084895.950056754983962, 2091352.668713062768802 ], [ 6084933.964594905264676, 2091096.395513410214335 ], [ 6084946.67691649030894, 2090837.630262940190732 ], [ 6084933.964594905264676, 2090578.86501247016713 ], [ 6084895.950056754983962, 2090322.591812817612663 ], [ 6084832.999402822926641, 2090071.278714988380671 ], [ 6084745.718882320448756, 2089827.346001496305689 ], [ 6084634.949054369702935, 2089593.142877719597891 ], [ 6084501.756692969240248, 2089370.924847768386826 ], [ 6084347.424513367936015, 2089162.831992748193443 ], [ 6084173.438818822614849, 2088970.868360607651994 ], [ 6084002.583751893602312, 2088816.014354383572936 ], [ 6083995.696269282139838, 2088788.517982493620366 ], [ 6083908.415748779661953, 2088544.585269001545385 ], [ 6083797.645920828916132, 2088310.382145224837586 ], [ 6083664.453559428453445, 2088088.164115273626521 ], [ 6083510.121379827149212, 2087880.071260253433138 ], [ 6083336.135685281828046, 2087688.107628112891689 ], [ 6083144.172053141519427, 2087514.121933567803353 ], [ 6082936.079198121093214, 2087359.789753966731951 ], [ 6082713.86116817034781, 2087226.597392565803602 ], [ 6082704.743609665893018, 2087222.285108550917357 ], [ 6082701.9758678721264, 2087220.626187961548567 ], [ 6082467.772744094952941, 2087109.856360011268407 ], [ 6082223.84003060311079, 2087022.575839508092031 ], [ 6081972.526932774111629, 2086959.625185576733202 ], [ 6081716.253733121789992, 2086921.610647426685318 ], [ 6081457.488482651300728, 2086908.898325841175392 ], [ 6081198.723232180811465, 2086921.610647426685318 ], [ 6080942.450032528489828, 2086959.625185576733202 ], [ 6080691.136934699490666, 2087022.575839508092031 ], [ 6080447.204221207648516, 2087109.856360011268407 ], [ 6080213.001097430475056, 2087220.626187961548567 ] ] ], [ [ [ 6017965.279169270768762, 2105434.489843851421028 ], [ 6018052.715169268660247, 2105469.15284386370331 ], [ 6018009.179169272072613, 2104741.638843852560967 ], [ 6017994.257275005802512, 2104977.143385169096291 ], [ 6017994.257275005802512, 2104977.14338516863063 ], [ 6017965.279169270768762, 2105434.489843851421028 ] ] ], [ [ [ 6056756.386903194710612, 2111712.373920415062457 ], [ 6056500.113703542388976, 2111750.38845856487751 ], [ 6056248.800605713389814, 2111813.33911249646917 ], [ 6056004.867892221547663, 2111900.619632999878377 ], [ 6055770.664768444374204, 2112011.389460949692875 ], [ 6055548.4467384936288, 2112144.581822350621223 ], [ 6055416.833385141566396, 2112242.192937760613859 ], [ 6054681.258384972810745, 2113107.060153321828693 ], [ 6054681.258384972810745, 2113107.060153322760016 ], [ 6054626.781169270165265, 2113171.112843864131719 ], [ 6055150.266169267706573, 2113343.394843867048621 ], [ 6056151.307169268839061, 2112778.382843852974474 ], [ 6056606.510768635198474, 2112236.891037428751588 ], [ 6057084.412169270217419, 2111668.398843863047659 ], [ 6057089.179148220457137, 2111337.394984690938145 ], [ 6057039.317259120754898, 2111382.587166718672961 ], [ 6056865.331564575433731, 2111574.55079885898158 ], [ 6056763.369377314113081, 2111712.03089345805347 ], [ 6056756.386903194710612, 2111712.373920415062457 ] ] ], [ [ [ 6187036.147083963267505, 1908408.434373669791967 ], [ 6186784.833986134268343, 1908345.483719738433138 ], [ 6186528.560786481946707, 1908307.469181588385254 ], [ 6186269.795536011457443, 1908294.756860002875328 ], [ 6186011.03028554096818, 1908307.469181588385254 ], [ 6185754.757085888646543, 1908345.483719738433138 ], [ 6185503.443988059647381, 1908408.434373669791967 ], [ 6185259.511274567805231, 1908495.714894172968343 ], [ 6185025.308150790631771, 1908606.484722123248503 ], [ 6184803.090120839886367, 1908739.677083524176851 ], [ 6184594.997265819460154, 1908894.009263125248253 ], [ 6184403.033633679151535, 1909067.994957670336589 ], [ 6184229.047939133830369, 1909259.958589810878038 ], [ 6184074.715759532526135, 1909468.051444831071422 ], [ 6183941.523398132063448, 1909690.269474782282487 ], [ 6183830.753570181317627, 1909924.472598558990285 ], [ 6183743.473049678839743, 1910168.405312051065266 ], [ 6183680.522395746782422, 1910419.718409880297258 ], [ 6183642.507857596501708, 1910675.991609532851726 ], [ 6183629.795536011457443, 1910934.756860002875328 ], [ 6183642.507857596501708, 1911193.52211047289893 ], [ 6183650.859756740741432, 1911249.826041050022468 ], [ 6183541.054647229611874, 1911184.01139120827429 ], [ 6183306.851523452438414, 1911073.24156325799413 ], [ 6183062.918809960596263, 1910985.961042754817754 ], [ 6182811.605712131597102, 1910923.010388823458925 ], [ 6182555.332512479275465, 1910884.995850673411041 ], [ 6182296.567262008786201, 1910872.283529087901115 ], [ 6182037.802011538296938, 1910884.995850673411041 ], [ 6182035.349872049875557, 1910885.359591206070036 ], [ 6181921.977111954241991, 1910890.929237759206444 ], [ 6181665.703912301920354, 1910928.943775909254327 ], [ 6181414.390814472921193, 1910991.894429840613157 ], [ 6181170.458100981079042, 1911079.174950343789533 ], [ 6180936.254977203905582, 1911189.944778294069692 ], [ 6180714.036947253160179, 1911323.137139694998041 ], [ 6180505.944092232733965, 1911477.469319296069443 ], [ 6180313.980460092425346, 1911651.455013841157779 ], [ 6180139.99476554710418, 1911843.418645981699228 ], [ 6179985.662585945799947, 1912051.511501001892611 ], [ 6179852.47022454533726, 1912273.729530953103676 ], [ 6179741.700396594591439, 1912507.932654729811475 ], [ 6179654.419876092113554, 1912751.865368221886456 ], [ 6179591.469222160056233, 1913003.178466051118448 ], [ 6179553.454684009775519, 1913259.451665703672916 ], [ 6179540.742362424731255, 1913518.216916173696518 ], [ 6179553.454684009775519, 1913776.98216664372012 ], [ 6179591.469222160056233, 1914033.255366296274588 ], [ 6179654.419876092113554, 1914284.56846412550658 ], [ 6179741.700396594591439, 1914528.501177617581561 ], [ 6179852.47022454533726, 1914762.704301394289359 ], [ 6179985.662585945799947, 1914984.922331345500425 ], [ 6180139.99476554710418, 1915193.015186365693808 ], [ 6180313.980460092425346, 1915384.978818506235257 ], [ 6180505.944092232733965, 1915558.964513051323593 ], [ 6180714.036947253160179, 1915713.296692652394995 ], [ 6180936.254977203905582, 1915846.489054053323343 ], [ 6181170.458100981079042, 1915957.258882003603503 ], [ 6181414.390814472921193, 1916044.539402506779879 ], [ 6181665.703912301920354, 1916107.490056438138708 ], [ 6181921.977111954241991, 1916145.504594588186592 ], [ 6182180.742362424731255, 1916158.216916173696518 ], [ 6182439.507612895220518, 1916145.504594588186592 ], [ 6182441.959752383641899, 1916145.140854055527598 ], [ 6182555.332512479275465, 1916139.571207502391189 ], [ 6182811.605712131597102, 1916101.556669352343306 ], [ 6183062.918809960596263, 1916038.606015420984477 ], [ 6183306.851523452438414, 1915951.325494917808101 ], [ 6183541.054647229611874, 1915840.555666967527941 ], [ 6183763.272677180357277, 1915707.363305566599593 ], [ 6183971.365532200783491, 1915553.03112596552819 ], [ 6184163.32916434109211, 1915379.045431420439854 ], [ 6184337.314858886413276, 1915187.081799279898405 ], [ 6184491.647038487717509, 1914978.988944259705022 ], [ 6184624.839399888180196, 1914756.770914308493957 ], [ 6184735.609227838926017, 1914522.567790531786159 ], [ 6184822.889748341403902, 1914278.635077039711177 ], [ 6184885.840402273461223, 1914027.321979210479185 ], [ 6184923.854940423741937, 1913771.048779557924718 ], [ 6184936.567262008786201, 1913512.283529087901115 ], [ 6184934.091499181464314, 1913461.888219012646005 ], [ 6185153.596608124673367, 1913593.454518138663843 ], [ 6185387.799731901846826, 1913704.224346088944003 ], [ 6185631.732445393688977, 1913791.504866592120379 ], [ 6185883.045543222688138, 1913854.455520523479208 ], [ 6186139.318742875009775, 1913892.470058673527092 ], [ 6186398.083993345499039, 1913905.182380259037018 ], [ 6186656.849243815988302, 1913892.470058673527092 ], [ 6186913.122443468309939, 1913854.455520523479208 ], [ 6187164.435541297309101, 1913791.504866592120379 ], [ 6187408.368254789151251, 1913704.224346088944003 ], [ 6187642.571378566324711, 1913593.454518138663843 ], [ 6187864.789408517070115, 1913460.262156737735495 ], [ 6188072.882263537496328, 1913305.929977136664093 ], [ 6188264.845895677804947, 1913131.944282591575757 ], [ 6188438.831590223126113, 1912939.980650451034307 ], [ 6188593.163769824430346, 1912731.887795430840924 ], [ 6188726.356131224893034, 1912509.669765479629859 ], [ 6188837.125959175638855, 1912275.466641702922061 ], [ 6188924.406479678116739, 1912031.53392821084708 ], [ 6188987.35713361017406, 1911780.220830381615087 ], [ 6189025.371671760454774, 1911523.94763072906062 ], [ 6189038.083993345499039, 1911265.182380259037018 ], [ 6189025.371671760454774, 1911006.417129789013416 ], [ 6188987.35713361017406, 1910750.143930136458948 ], [ 6188924.406479678116739, 1910498.830832307226956 ], [ 6188837.125959175638855, 1910254.898118815151975 ], [ 6188795.807671293616295, 1910167.537938970373943 ], [ 6188708.837501841597259, 1909924.472598558990285 ], [ 6188598.067673890851438, 1909690.269474782282487 ], [ 6188464.875312490388751, 1909468.051444831071422 ], [ 6188310.543132889084518, 1909259.958589810878038 ], [ 6188136.557438343763351, 1909067.994957670336589 ], [ 6187944.593806203454733, 1908894.009263125248253 ], [ 6187736.500951183028519, 1908739.677083524176851 ], [ 6187514.282921232283115, 1908606.484722123248503 ], [ 6187280.079797455109656, 1908495.714894172968343 ], [ 6187036.147083963267505, 1908408.434373669791967 ] ] ], [ [ [ 6175204.428293372504413, 1912630.965954833198339 ], [ 6174953.115195543505251, 1912568.01530090183951 ], [ 6174696.841995891183615, 1912530.000762751791626 ], [ 6174438.076745420694351, 1912517.2884411662817 ], [ 6174179.311494950205088, 1912530.000762751791626 ], [ 6173923.038295297883451, 1912568.01530090183951 ], [ 6173671.725197468884289, 1912630.965954833198339 ], [ 6173427.792483977042139, 1912718.246475336374715 ], [ 6173193.589360199868679, 1912829.016303286654875 ], [ 6172971.371330249123275, 1912962.208664687583223 ], [ 6172763.278475228697062, 1913116.540844288654625 ], [ 6172571.314843088388443, 1913290.526538833742961 ], [ 6172397.329148543067276, 1913482.49017097428441 ], [ 6172242.996968941763043, 1913690.583025994477794 ], [ 6172109.804607541300356, 1913912.801055945688859 ], [ 6171999.034779590554535, 1914147.004179722396657 ], [ 6171911.754259088076651, 1914390.936893214471638 ], [ 6171855.91315440274775, 1914613.867079447954893 ], [ 6171757.449580725282431, 1914599.261388009879738 ], [ 6171498.684330254793167, 1914586.549066424369812 ], [ 6171239.919079784303904, 1914599.261388009879738 ], [ 6170983.645880131982267, 1914637.275926159927621 ], [ 6170969.973879058845341, 1914640.700584148289636 ], [ 6170958.966795637272298, 1914642.333330737659708 ], [ 6170707.653697808273137, 1914705.283984669018537 ], [ 6170463.720984316430986, 1914792.564505172194913 ], [ 6170229.517860539257526, 1914903.334333122475073 ], [ 6170007.299830588512123, 1915036.526694523403421 ], [ 6169802.990203452296555, 1915188.053041097475216 ], [ 6169751.610023699700832, 1915212.354056299431249 ], [ 6169529.391993748955429, 1915345.546417700359598 ], [ 6169321.299138728529215, 1915499.878597301431 ], [ 6169129.335506588220596, 1915673.864291846519336 ], [ 6168955.34981204289943, 1915865.827923987060785 ], [ 6168801.017632441595197, 1916073.920779007254168 ], [ 6168667.82527104113251, 1916296.138808958465233 ], [ 6168557.055443090386689, 1916530.341932735173032 ], [ 6168469.774922587908804, 1916774.274646227248013 ], [ 6168406.824268655851483, 1917025.587744056480005 ], [ 6168368.809730505570769, 1917281.860943709034473 ], [ 6168356.097408920526505, 1917540.626194179058075 ], [ 6168368.809730505570769, 1917799.391444649081677 ], [ 6168406.824268655851483, 1918055.664644301636145 ], [ 6168469.774922587908804, 1918306.977742130868137 ], [ 6168557.055443090386689, 1918550.910455622943118 ], [ 6168667.82527104113251, 1918785.113579399650916 ], [ 6168801.017632441595197, 1919007.331609350861982 ], [ 6168955.34981204289943, 1919215.424464371055365 ], [ 6169129.335506588220596, 1919407.388096511596814 ], [ 6169321.299138728529215, 1919581.37379105668515 ], [ 6169529.391993748955429, 1919735.705970657756552 ], [ 6169751.610023699700832, 1919868.8983320586849 ], [ 6169985.813147476874292, 1919979.66816000896506 ], [ 6170229.745860968716443, 1920066.948680512141436 ], [ 6170481.058958797715604, 1920129.899334443500265 ], [ 6170737.332158450037241, 1920167.913872593548149 ], [ 6170996.097408920526505, 1920180.626194179058075 ], [ 6171254.862659391015768, 1920167.913872593548149 ], [ 6171511.135859043337405, 1920129.899334443500265 ], [ 6171762.448956872336566, 1920066.948680512141436 ], [ 6172006.381670364178717, 1919979.66816000896506 ], [ 6172240.584794141352177, 1919868.8983320586849 ], [ 6172462.80282409209758, 1919735.705970657756552 ], [ 6172642.492862776853144, 1919602.438755307579413 ], [ 6172743.171715475618839, 1919554.821204303996637 ], [ 6172965.389745426364243, 1919421.628842903068289 ], [ 6173173.482600446790457, 1919267.296663301996887 ], [ 6173365.446232587099075, 1919093.310968756908551 ], [ 6173539.431927132420242, 1918901.347336616367102 ], [ 6173693.764106733724475, 1918693.254481596173719 ], [ 6173826.956468134187162, 1918471.036451644962654 ], [ 6173937.726296084932983, 1918236.833327868254855 ], [ 6173970.470632706768811, 1918145.319037648849189 ], [ 6174207.658223036676645, 1918180.502493092324585 ], [ 6174466.423473507165909, 1918193.214814677834511 ], [ 6174725.188723977655172, 1918180.502493092324585 ], [ 6174981.461923629976809, 1918142.487954942276701 ], [ 6174995.090776567347348, 1918139.074104999192059 ], [ 6175029.153101206757128, 1918134.021436435868964 ], [ 6175280.46619903575629, 1918071.070782504510134 ], [ 6175524.398912527598441, 1917983.790262001333758 ], [ 6175758.6020363047719, 1917873.020434051053599 ], [ 6175980.820066255517304, 1917739.82807265012525 ], [ 6176188.912921275943518, 1917585.495893049053848 ], [ 6176380.876553416252136, 1917411.510198503965512 ], [ 6176554.862247961573303, 1917219.546566363424063 ], [ 6176709.194427562877536, 1917011.45371134323068 ], [ 6176842.386788963340223, 1916789.235681392019615 ], [ 6176953.156616914086044, 1916555.032557615311816 ], [ 6177040.437137416563928, 1916311.099844123236835 ], [ 6177103.387791348621249, 1916059.786746294004843 ], [ 6177141.402329498901963, 1915803.513546641450375 ], [ 6177154.114651083946228, 1915544.748296171426773 ], [ 6177141.402329498901963, 1915285.983045701403171 ], [ 6177103.387791348621249, 1915029.709846048848704 ], [ 6177057.867362075485289, 1914847.982105657225475 ], [ 6177027.349885685369372, 1914642.249991043703631 ], [ 6176964.399231753312051, 1914390.936893214471638 ], [ 6176877.118711250834167, 1914147.004179722396657 ], [ 6176766.348883300088346, 1913912.801055945688859 ], [ 6176633.156521899625659, 1913690.583025994477794 ], [ 6176478.824342298321426, 1913482.49017097428441 ], [ 6176304.838647753000259, 1913290.526538833742961 ], [ 6176112.875015612691641, 1913116.540844288654625 ], [ 6175904.782160592265427, 1912962.208664687583223 ], [ 6175682.564130641520023, 1912829.016303286654875 ], [ 6175448.361006864346564, 1912718.246475336374715 ], [ 6175204.428293372504413, 1912630.965954833198339 ] ] ], [ [ [ 6166334.607498214580119, 1916433.462950574466959 ], [ 6166078.334298562258482, 1916395.448412424419075 ], [ 6165819.569048091769218, 1916382.736090838909149 ], [ 6165560.803797621279955, 1916395.448412424419075 ], [ 6165304.530597968958318, 1916433.462950574466959 ], [ 6165053.217500139959157, 1916496.413604505825788 ], [ 6164809.284786648117006, 1916583.694125009002164 ], [ 6164575.081662870943546, 1916694.463952959282324 ], [ 6164544.088004807941616, 1916713.040836692554876 ], [ 6164524.288785450160503, 1916722.405170039040968 ], [ 6164302.0707554994151, 1916855.597531439969316 ], [ 6164093.977900478988886, 1917009.929711041040719 ], [ 6163902.014268338680267, 1917183.915405586129054 ], [ 6163728.028573793359101, 1917375.879037726670504 ], [ 6163573.696394192054868, 1917583.971892746863887 ], [ 6163440.504032791592181, 1917806.189922698074952 ], [ 6163329.73420484084636, 1918040.39304647478275 ], [ 6163242.453684338368475, 1918284.325759966857731 ], [ 6163179.503030406311154, 1918535.638857796089724 ], [ 6163141.48849225603044, 1918791.912057448644191 ], [ 6163128.776170670986176, 1919050.677307918667793 ], [ 6163141.48849225603044, 1919309.442558388691396 ], [ 6163179.503030406311154, 1919565.715758041245863 ], [ 6163242.453684338368475, 1919817.028855870477855 ], [ 6163329.73420484084636, 1920060.961569362552837 ], [ 6163440.504032791592181, 1920295.164693139260635 ], [ 6163573.696394192054868, 1920517.3827230904717 ], [ 6163586.627954583615065, 1920534.818913836264983 ], [ 6163607.433160872198641, 1920578.807826645439491 ], [ 6163740.625522272661328, 1920801.025856596650556 ], [ 6163875.169723712839186, 1920982.437711702892557 ], [ 6163857.574392870999873, 1921011.793747700983658 ], [ 6163746.804564920254052, 1921245.996871477691457 ], [ 6163659.524044417776167, 1921489.929584969766438 ], [ 6163645.250512362457812, 1921546.912719119107351 ], [ 6163631.698640757240355, 1921584.787662972696126 ], [ 6163568.747986825183034, 1921836.100760801928118 ], [ 6163530.73344867490232, 1922092.373960454482585 ], [ 6163518.021127089858055, 1922351.139210924506187 ], [ 6163530.73344867490232, 1922609.90446139452979 ], [ 6163568.747986825183034, 1922866.177661047084257 ], [ 6163608.263189337216318, 1923023.931192334042862 ], [ 6163404.82343890145421, 1923174.81239437777549 ], [ 6163212.859806761145592, 1923348.798088922863826 ], [ 6163038.874112215824425, 1923540.761721063405275 ], [ 6162884.541932614520192, 1923748.854576083598658 ], [ 6162751.349571214057505, 1923971.072606034809723 ], [ 6162640.579743263311684, 1924205.275729811517522 ], [ 6162553.2992227608338, 1924449.208443303592503 ], [ 6162490.348568828776479, 1924700.521541132824495 ], [ 6162470.922009137459099, 1924831.484768690774217 ], [ 6162451.951992081478238, 1924907.217321961419657 ], [ 6162413.937453931197524, 1925163.490521613974124 ], [ 6162401.225132346153259, 1925422.255772083997726 ], [ 6162401.22934032138437, 1925422.341427380451933 ], [ 6162401.222507670521736, 1925422.480509176850319 ], [ 6162413.934829255566001, 1925681.245759646873921 ], [ 6162451.949367405846715, 1925937.518959299428388 ], [ 6162514.900021337904036, 1926188.832057128660381 ], [ 6162602.18054184038192, 1926432.764770620735362 ], [ 6162712.950369791127741, 1926666.96789439744316 ], [ 6162846.142731191590428, 1926889.185924348654225 ], [ 6163000.474910792894661, 1927097.278779368847609 ], [ 6163174.460605338215828, 1927289.242411509389058 ], [ 6163366.424237478524446, 1927463.228106054477394 ], [ 6163574.51709249895066, 1927617.560285655548796 ], [ 6163796.735122449696064, 1927750.752647056477144 ], [ 6164030.938246226869524, 1927861.522475006757304 ], [ 6164274.870959718711674, 1927948.80299550993368 ], [ 6164526.184057547710836, 1928011.753649441292509 ], [ 6164782.457257200032473, 1928049.768187591340393 ], [ 6165041.222507670521736, 1928062.480509176850319 ], [ 6165299.987758141011, 1928049.768187591340393 ], [ 6165556.260957793332636, 1928011.753649441292509 ], [ 6165807.574055622331798, 1927948.80299550993368 ], [ 6166051.506769114173949, 1927861.522475006757304 ], [ 6166285.709892891347408, 1927750.752647056477144 ], [ 6166507.927922842092812, 1927617.560285655548796 ], [ 6166716.020777862519026, 1927463.228106054477394 ], [ 6166907.984410002827644, 1927289.242411509389058 ], [ 6167081.970104548148811, 1927097.278779368847609 ], [ 6167236.302284149453044, 1926889.185924348654225 ], [ 6167369.494645549915731, 1926666.96789439744316 ], [ 6167480.264473500661552, 1926432.764770620735362 ], [ 6167567.544994003139436, 1926188.832057128660381 ], [ 6167630.495647935196757, 1925937.518959299428388 ], [ 6167636.020224542357028, 1925900.275289044249803 ], [ 6167665.011983109638095, 1925784.533700958592817 ], [ 6167703.026521259918809, 1925528.26050130603835 ], [ 6167705.065530407242477, 1925486.755516614299268 ], [ 6167706.909387508407235, 1925474.325241725426167 ], [ 6167719.6217090934515, 1925215.559991255402565 ], [ 6167706.909387508407235, 1924956.794740785378963 ], [ 6167668.894849358126521, 1924700.521541132824495 ], [ 6167629.379646846093237, 1924542.76800984586589 ], [ 6167832.819397281855345, 1924391.886807802133262 ], [ 6168024.783029422163963, 1924217.901113257044926 ], [ 6168198.76872396748513, 1924025.937481116503477 ], [ 6168353.100903568789363, 1923817.844626096310094 ], [ 6168486.29326496925205, 1923595.626596145099029 ], [ 6168597.063092919997871, 1923361.423472368391231 ], [ 6168684.343613422475755, 1923117.490758876316249 ], [ 6168698.275292817503214, 1923061.872377049410716 ], [ 6168712.177547252736986, 1923023.018178786151111 ], [ 6168775.128201184794307, 1922771.705080956919119 ], [ 6168813.142739335075021, 1922515.431881304364651 ], [ 6168825.855060920119286, 1922256.666630834341049 ], [ 6168825.841326686553657, 1922256.387064081151038 ], [ 6168825.846530750393867, 1922256.2811329215765 ], [ 6168813.134209165349603, 1921997.515882451552898 ], [ 6168775.119671015068889, 1921741.24268279899843 ], [ 6168712.169017083011568, 1921489.929584969766438 ], [ 6168624.888496580533683, 1921245.996871477691457 ], [ 6168514.118668629787862, 1921011.793747700983658 ], [ 6168380.926307229325175, 1920789.575717749772593 ], [ 6168263.571891894564033, 1920631.341606112662703 ], [ 6168312.448796390555799, 1920549.795417479937896 ], [ 6168423.21862434130162, 1920315.592293703230098 ], [ 6168510.499144843779504, 1920071.659580211155117 ], [ 6168573.449798775836825, 1919820.346482381923124 ], [ 6168611.464336926117539, 1919564.073282729368657 ], [ 6168624.176658511161804, 1919305.308032259345055 ], [ 6168611.464336926117539, 1919046.542781789321452 ], [ 6168573.449798775836825, 1918790.269582136766985 ], [ 6168510.499144843779504, 1918538.956484307534993 ], [ 6168423.21862434130162, 1918295.023770815460011 ], [ 6168312.448796390555799, 1918060.820647038752213 ], [ 6168179.256434990093112, 1917838.602617087541148 ], [ 6168171.334473286755383, 1917827.92108824243769 ], [ 6168147.841185971163213, 1917778.248705618316308 ], [ 6168014.648824570700526, 1917556.030675667105243 ], [ 6167860.316644969396293, 1917347.93782064691186 ], [ 6167686.330950424075127, 1917155.97418850637041 ], [ 6167494.367318283766508, 1916981.988493961282074 ], [ 6167286.274463263340294, 1916827.656314360210672 ], [ 6167064.056433312594891, 1916694.463952959282324 ], [ 6166829.853309535421431, 1916583.694125009002164 ], [ 6166585.92059604357928, 1916496.413604505825788 ], [ 6166334.607498214580119, 1916433.462950574466959 ] ] ], [ [ [ 6163984.034348589368165, 1929757.226911859819666 ], [ 6163761.816318638622761, 1929624.034550458891317 ], [ 6163527.613194861449301, 1929513.264722508611158 ], [ 6163283.680481369607151, 1929425.984202005434781 ], [ 6163032.367383540607989, 1929363.033548074075952 ], [ 6162776.094183888286352, 1929325.019009924028069 ], [ 6162517.328933417797089, 1929312.306688338518143 ], [ 6162258.563682947307825, 1929325.019009924028069 ], [ 6162002.290483294986188, 1929363.033548074075952 ], [ 6161750.977385465987027, 1929425.984202005434781 ], [ 6161507.044671974144876, 1929513.264722508611158 ], [ 6161272.841548196971416, 1929624.034550458891317 ], [ 6161050.623518246226013, 1929757.226911859819666 ], [ 6160842.530663225799799, 1929911.559091460891068 ], [ 6160650.56703108549118, 1930085.544786005979404 ], [ 6160476.581336540170014, 1930277.508418146520853 ], [ 6160322.249156938865781, 1930485.601273166714236 ], [ 6160189.056795538403094, 1930707.819303117925301 ], [ 6160078.286967587657273, 1930942.022426894633099 ], [ 6160072.581810012459755, 1930957.967274154769257 ], [ 6160068.599322927184403, 1930966.387535637943074 ], [ 6159981.318802424706519, 1931210.320249130018055 ], [ 6159918.368148492649198, 1931461.633346959250048 ], [ 6159918.303494276478887, 1931462.069210282061249 ], [ 6159918.293017404153943, 1931462.111036299960688 ], [ 6159912.740703175775707, 1931499.541698407614604 ], [ 6159890.261753094382584, 1931547.069445139495656 ], [ 6159802.9812325919047, 1931791.002158631570637 ], [ 6159740.030578659847379, 1932042.31525646080263 ], [ 6159702.016040509566665, 1932298.588456113357097 ], [ 6159689.3037189245224, 1932557.353706583380699 ], [ 6159702.016040509566665, 1932816.118957053404301 ], [ 6159740.030578659847379, 1933072.392156705958769 ], [ 6159802.9812325919047, 1933323.705254535190761 ], [ 6159890.261753094382584, 1933567.637968027265742 ], [ 6160001.031581045128405, 1933801.841091803973541 ], [ 6160134.223942445591092, 1934024.059121755184606 ], [ 6160288.556122046895325, 1934232.151976775377989 ], [ 6160462.541816592216492, 1934424.115608915919438 ], [ 6160462.779068217612803, 1934424.330641255248338 ], [ 6160462.832170337438583, 1934424.38923041545786 ], [ 6160654.795802477747202, 1934598.374924960546196 ], [ 6160862.888657498173416, 1934752.707104561617598 ], [ 6161085.106687448918819, 1934885.899465962545946 ], [ 6161319.309811226092279, 1934996.669293912826106 ], [ 6161563.24252471793443, 1935083.949814416002482 ], [ 6161814.555622546933591, 1935146.900468347361311 ], [ 6162070.828822199255228, 1935184.915006497409195 ], [ 6162329.594072669744492, 1935197.627328082919121 ], [ 6162588.359323140233755, 1935184.915006497409195 ], [ 6162844.632522792555392, 1935146.900468347361311 ], [ 6163095.945620621554554, 1935083.949814416002482 ], [ 6163339.878334113396704, 1934996.669293912826106 ], [ 6163574.081457890570164, 1934885.899465962545946 ], [ 6163796.299487841315567, 1934752.707104561617598 ], [ 6164004.392342861741781, 1934598.374924960546196 ], [ 6164196.3559750020504, 1934424.38923041545786 ], [ 6164370.341669547371566, 1934232.42559827491641 ], [ 6164524.673849148675799, 1934024.332743254723027 ], [ 6164657.866210549138486, 1933802.114713303511962 ], [ 6164768.636038499884307, 1933567.911589526804164 ], [ 6164855.916559002362192, 1933323.978876034729183 ], [ 6164918.867212934419513, 1933072.66577820549719 ], [ 6164924.611335671506822, 1933033.942048164550215 ], [ 6164946.60812349896878, 1932987.433747866423801 ], [ 6164952.781822575256228, 1932970.179414835060015 ], [ 6164956.370899247936904, 1932962.590949782403186 ], [ 6165043.651419750414789, 1932718.658236290328205 ], [ 6165106.60207368247211, 1932467.345138461096212 ], [ 6165144.616611832752824, 1932211.071938808541745 ], [ 6165157.328933417797089, 1931952.306688338518143 ], [ 6165144.616611832752824, 1931693.54143786849454 ], [ 6165106.60207368247211, 1931437.268238215940073 ], [ 6165043.651419750414789, 1931185.955140386708081 ], [ 6164956.370899247936904, 1930942.022426894633099 ], [ 6164845.601071297191083, 1930707.819303117925301 ], [ 6164712.408709896728396, 1930485.601273166714236 ], [ 6164558.076530295424163, 1930277.508418146520853 ], [ 6164384.090835750102997, 1930085.544786005979404 ], [ 6164192.127203609794378, 1929911.559091460891068 ], [ 6163984.034348589368165, 1929757.226911859819666 ] ] ], [ [ [ 6166142.178295749239624, 1951568.966752859065309 ], [ 6165934.08544072881341, 1951723.298932460136712 ], [ 6165742.121808588504791, 1951897.284627005225047 ], [ 6165568.136114043183625, 1952089.248259145766497 ], [ 6165413.803934441879392, 1952297.34111416595988 ], [ 6165280.611573041416705, 1952519.559144117170945 ], [ 6165169.841745090670884, 1952753.762267893878743 ], [ 6165082.561224588192999, 1952997.694981385953724 ], [ 6165019.610570656135678, 1953249.008079215185717 ], [ 6164981.596032505854964, 1953505.281278867740184 ], [ 6164968.883710920810699, 1953764.046529337763786 ], [ 6164981.596032505854964, 1954022.811779807787389 ], [ 6165019.610570656135678, 1954279.084979460341856 ], [ 6165082.561224588192999, 1954530.398077289573848 ], [ 6165169.841745090670884, 1954774.33079078164883 ], [ 6165280.611573041416705, 1955008.533914558356628 ], [ 6165413.803934441879392, 1955230.751944509567693 ], [ 6165568.136114043183625, 1955438.844799529761076 ], [ 6165742.121808588504791, 1955630.808431670302525 ], [ 6165934.08544072881341, 1955804.794126215390861 ], [ 6166142.178295749239624, 1955959.126305816462263 ], [ 6166364.396325699985027, 1956092.318667217390612 ], [ 6166598.599449477158487, 1956203.088495167670771 ], [ 6166842.532162969000638, 1956290.369015670847148 ], [ 6166849.46365800127387, 1956292.105264791054651 ], [ 6166963.649046723730862, 1956332.961450166534632 ], [ 6167214.962144552730024, 1956395.912104097893462 ], [ 6167471.235344205051661, 1956433.926642247941345 ], [ 6167730.000594675540924, 1956446.638963833451271 ], [ 6167988.765845146030188, 1956433.926642247941345 ], [ 6168245.039044798351824, 1956395.912104097893462 ], [ 6168496.352142627350986, 1956332.961450166534632 ], [ 6168553.886762965470552, 1956312.375233835773543 ], [ 6168616.144380503334105, 1956560.921575288288295 ], [ 6168703.424901005811989, 1956804.854288780363277 ], [ 6168814.19472895655781, 1957039.057412557071075 ], [ 6168947.387090357020497, 1957261.27544250828214 ], [ 6169101.71926995832473, 1957469.368297528475523 ], [ 6169275.704964503645897, 1957661.331929669016972 ], [ 6169467.668596643954515, 1957835.317624214105308 ], [ 6169675.761451664380729, 1957989.64980381517671 ], [ 6169897.979481615126133, 1958122.842165216105059 ], [ 6170132.182605392299592, 1958233.611993166385219 ], [ 6170376.115318884141743, 1958320.892513669561595 ], [ 6170483.942926027812064, 1958347.901923207798973 ], [ 6170497.030431394465268, 1958352.584707505535334 ], [ 6170748.343529223464429, 1958415.535361436894163 ], [ 6171004.616728875786066, 1958453.549899586942047 ], [ 6171263.38197934627533, 1958466.262221172451973 ], [ 6171522.147229816764593, 1958453.549899586942047 ], [ 6171778.42042946908623, 1958415.535361436894163 ], [ 6172029.733527298085392, 1958352.584707505535334 ], [ 6172273.666240789927542, 1958265.304187002358958 ], [ 6172507.869364567101002, 1958154.534359052078798 ], [ 6172730.087394517846406, 1958021.34199765115045 ], [ 6172938.180249538272619, 1957867.009818050079048 ], [ 6173130.143881678581238, 1957693.024123504990712 ], [ 6173304.129576223902404, 1957501.060491364449263 ], [ 6173458.461755825206637, 1957292.96763634425588 ], [ 6173591.654117225669324, 1957070.749606393044814 ], [ 6173702.423945176415145, 1956836.546482616337016 ], [ 6173789.70446567889303, 1956592.613769124262035 ], [ 6173852.655119610950351, 1956341.300671295030043 ], [ 6173890.669657761231065, 1956085.027471642475575 ], [ 6173903.38197934627533, 1955826.262221172451973 ], [ 6173890.669657761231065, 1955567.496970702428371 ], [ 6173852.655119610950351, 1955311.223771049873903 ], [ 6173789.70446567889303, 1955059.910673220641911 ], [ 6173702.423945176415145, 1954815.97795972856693 ], [ 6173591.654117225669324, 1954581.774835951859131 ], [ 6173458.461755825206637, 1954359.556806000648066 ], [ 6173304.129576223902404, 1954151.463950980454683 ], [ 6173130.143881678581238, 1953959.500318839913234 ], [ 6172938.180249538272619, 1953785.514624294824898 ], [ 6172730.087394517846406, 1953631.182444693753496 ], [ 6172507.869364567101002, 1953497.990083292825148 ], [ 6172273.666240789927542, 1953387.220255342544988 ], [ 6172029.733527298085392, 1953299.939734839368612 ], [ 6171921.905920154415071, 1953272.930325301131234 ], [ 6171908.818414787761867, 1953268.247541003394872 ], [ 6171657.505316958762705, 1953205.296887072036043 ], [ 6171401.232117306441069, 1953167.282348921988159 ], [ 6171142.466866835951805, 1953154.570027336478233 ], [ 6170883.701616365462542, 1953167.282348921988159 ], [ 6170627.428416713140905, 1953205.296887072036043 ], [ 6170376.115318884141743, 1953268.247541003394872 ], [ 6170318.580698546022177, 1953288.833757334155962 ], [ 6170256.323081008158624, 1953040.287415881641209 ], [ 6170169.04256050568074, 1952796.354702389566228 ], [ 6170058.272732554934919, 1952562.15157861285843 ], [ 6169925.080371154472232, 1952339.933548661647364 ], [ 6169770.748191553167999, 1952131.840693641453981 ], [ 6169596.762497007846832, 1951939.877061500912532 ], [ 6169404.798864867538214, 1951765.891366955824196 ], [ 6169196.706009847112, 1951611.559187354752794 ], [ 6168974.487979896366596, 1951478.366825953824446 ], [ 6168740.284856119193137, 1951367.596998003544286 ], [ 6168496.352142627350986, 1951280.31647750036791 ], [ 6168489.420647595077753, 1951278.580228380160406 ], [ 6168375.235258872620761, 1951237.724043004680425 ], [ 6168123.9221610436216, 1951174.773389073321596 ], [ 6167867.648961391299963, 1951136.758850923273712 ], [ 6167608.883710920810699, 1951124.046529337763786 ], [ 6167350.118460450321436, 1951136.758850923273712 ], [ 6167093.845260797999799, 1951174.773389073321596 ], [ 6166842.532162969000638, 1951237.724043004680425 ], [ 6166598.599449477158487, 1951325.004563507856801 ], [ 6166364.396325699985027, 1951435.774391458136961 ], [ 6166142.178295749239624, 1951568.966752859065309 ] ] ] ] } }
]
}
