{
"type": "FeatureCollection",
"name": "Tier2_quartermile_buffers_all",
"crs": { "type": "name", "properties": { "name": "urn:ogc:def:crs:EPSG::2227" } },
"features": [
{ "type": "Feature", "properties": { "stop_name": "Alder Station", "stop_id": "64803", "stop_desc": "Eastbound", "route_info": { "route_id": [ "SC:Event-Orange", "SC:Orange Line" ], "route_type": [ "0" ] }, "stop_name_clean": "103rd Avenue", "access_id": " ", "station_id": "52437", "acces_poin": "Pedestrian Access Point", "location_t": "2", "stop_lat": 37.74064, "stop_lon": -122.16776, "stop_name_": "Broad St & Plymouth Ave", "stop_id_12": "13718", "stop_code": "15571", "zone_id": null, "stop_url": "https://www.sfmta.com/15571", "tts_stop_n": null, "platform_c": null, "parent_sta": "13718", "stop_timez": "America/Los_Angeles", "wheelchair": "0", "level_id": null }, "geometry": { "type": "MultiPolygon", "coordinates": [ [ [ [ 5992771.461477337405086, 2087185.040452470071614 ], [ 5992642.078852102160454, 2087191.396613262826577 ], [ 5992513.942252276465297, 2087210.403882337734103 ], [ 5992388.285703361965716, 2087241.879209303529933 ], [ 5992266.319346615113318, 2087285.519469555234537 ], [ 5992193.433046326972544, 2087319.992122236639261 ], [ 5992102.577094350010157, 2087297.233891010750085 ], [ 5991974.440494524315, 2087278.226621935842559 ], [ 5991845.057869289070368, 2087271.870461143087596 ], [ 5991715.675244053825736, 2087278.226621935842559 ], [ 5991587.538644228130579, 2087297.233891010750085 ], [ 5991461.882095313630998, 2087328.709217976545915 ], [ 5991339.9157385667786, 2087372.349478228250518 ], [ 5991222.814176678657532, 2087427.734392203157768 ], [ 5991111.705161702819169, 2087494.330572903621942 ], [ 5991007.658734193071723, 2087571.496662704274058 ], [ 5990911.676918122917414, 2087658.489509976934642 ], [ 5990824.684070850722492, 2087754.471326047088951 ], [ 5990747.517981049604714, 2087858.517753557302058 ], [ 5990680.921800348907709, 2087969.62676853267476 ], [ 5990625.536886374466121, 2088086.728330421261489 ], [ 5990594.852991763502359, 2088172.48407098907046 ], [ 5990545.018057861365378, 2088209.444176941178739 ], [ 5990449.036241791211069, 2088296.437024213839322 ], [ 5990362.043394519016147, 2088392.418840283993632 ], [ 5990284.877304717898369, 2088496.465267794206738 ], [ 5990218.281124017201364, 2088607.57428276957944 ], [ 5990162.896210042759776, 2088724.67584465816617 ], [ 5990153.233447245322168, 2088751.681457540486008 ], [ 5990135.707844341173768, 2088775.311997546814382 ], [ 5990069.111663640476763, 2088886.421012522187084 ], [ 5990013.726749666035175, 2089003.522574410773814 ], [ 5989970.086489413864911, 2089125.488931156694889 ], [ 5989938.611162448301911, 2089251.14548007119447 ], [ 5989919.603893373161554, 2089379.282079897588119 ], [ 5989913.247732580639422, 2089508.66470513259992 ], [ 5989919.603893373161554, 2089638.047330367611721 ], [ 5989938.611162448301911, 2089766.18393019400537 ], [ 5989957.306276659481227, 2089840.819009790429845 ], [ 5989906.992559187114239, 2089858.821545762708411 ], [ 5989789.89099729899317, 2089914.20645973761566 ], [ 5989678.781982323154807, 2089980.802640438079834 ], [ 5989574.735554813407362, 2090057.968730238731951 ], [ 5989478.753738743253052, 2090144.961577511392534 ], [ 5989391.76089147105813, 2090240.943393581546843 ], [ 5989314.594801669940352, 2090344.98982109175995 ], [ 5989247.998620969243348, 2090456.098836067132652 ], [ 5989192.61370699480176, 2090573.200397955719382 ], [ 5989148.973446742631495, 2090695.166754701640457 ], [ 5989117.498119777068496, 2090820.823303616140038 ], [ 5989098.490850701928139, 2090948.959903442533687 ], [ 5989092.134689909406006, 2091078.342528677545488 ], [ 5989098.490850701928139, 2091207.725153912557289 ], [ 5989117.498119777068496, 2091335.861753738950938 ], [ 5989148.973446742631495, 2091461.518302653450519 ], [ 5989192.61370699480176, 2091583.484659399371594 ], [ 5989247.998620969243348, 2091700.586221287958324 ], [ 5989314.594801669940352, 2091811.695236263331026 ], [ 5989391.76089147105813, 2091915.741663773544133 ], [ 5989478.753738743253052, 2092011.723479843698442 ], [ 5989574.735554813407362, 2092098.716327116359025 ], [ 5989678.781982323154807, 2092175.882416917011142 ], [ 5989712.383656629361212, 2092196.022485429421067 ], [ 5989707.458624336868525, 2092199.675138319842517 ], [ 5989611.476808266714215, 2092286.667985592503101 ], [ 5989524.483960994519293, 2092382.64980166265741 ], [ 5989447.317871193401515, 2092486.696229172870517 ], [ 5989380.721690492704511, 2092597.805244148243219 ], [ 5989325.336776518262923, 2092714.906806036829948 ], [ 5989281.696516266092658, 2092836.873162782751024 ], [ 5989250.221189300529659, 2092962.529711697250605 ], [ 5989231.213920225389302, 2093090.666311523644254 ], [ 5989224.857759432867169, 2093220.048936758656055 ], [ 5989231.213920225389302, 2093349.431561993667856 ], [ 5989250.221189300529659, 2093477.568161820061505 ], [ 5989281.696516266092658, 2093603.224710734561086 ], [ 5989325.336776518262923, 2093725.191067480482161 ], [ 5989380.721690492704511, 2093842.292629369068891 ], [ 5989447.317871193401515, 2093953.401644344441593 ], [ 5989524.483960994519293, 2094057.4480718546547 ], [ 5989556.217041331343353, 2094092.460130613064393 ], [ 5989521.345722860656679, 2094166.189338894328102 ], [ 5989477.705462608486414, 2094288.155695640249178 ], [ 5989446.230135642923415, 2094413.812244554748759 ], [ 5989443.097599225118756, 2094434.930089721921831 ], [ 5989436.206067262217402, 2094462.44262753194198 ], [ 5989417.198798187077045, 2094590.579227358335629 ], [ 5989410.842637394554913, 2094719.96185259334743 ], [ 5989417.198798187077045, 2094849.344477828359231 ], [ 5989436.206067262217402, 2094977.48107765475288 ], [ 5989467.681394227780402, 2095103.137626569252461 ], [ 5989511.321654479950666, 2095225.103983315173537 ], [ 5989566.706568454392254, 2095342.205545203760266 ], [ 5989633.302749155089259, 2095453.314560179132968 ], [ 5989710.468838956207037, 2095557.360987689346075 ], [ 5989722.493635141290724, 2095570.628305772785097 ], [ 5989759.869631282053888, 2095649.65321004926227 ], [ 5989826.465811982750893, 2095760.762225024634972 ], [ 5989903.63190178386867, 2095864.808652534848079 ], [ 5989990.624749056063592, 2095960.790468605002388 ], [ 5990086.606565126217902, 2096047.783315877662972 ], [ 5990190.652992635965347, 2096124.949405678315088 ], [ 5990262.437300995923579, 2096167.975264309206977 ], [ 5990266.807688944041729, 2096197.438026656629518 ], [ 5990272.145535387098789, 2096218.747904180316254 ], [ 5990274.478260639123619, 2096266.231617530109361 ], [ 5990293.485529714263976, 2096394.36821735650301 ], [ 5990324.960856679826975, 2096520.024766271002591 ], [ 5990368.60111693199724, 2096641.991123016923666 ], [ 5990423.986030906438828, 2096759.092684905510396 ], [ 5990424.615564079023898, 2096760.142997551010922 ], [ 5990429.153439559042454, 2096769.737529133679345 ], [ 5990495.749620259739459, 2096880.846544109052047 ], [ 5990572.915710060857236, 2096984.892971619265154 ], [ 5990659.908557333052158, 2097080.874787689419463 ], [ 5990755.890373403206468, 2097167.867634961847216 ], [ 5990859.936800912953913, 2097245.033724762499332 ], [ 5990971.045815888792276, 2097311.629905463196337 ], [ 5991008.836720331571996, 2097329.503672113642097 ], [ 5991019.354564410634339, 2097400.409217378124595 ], [ 5991047.970611687749624, 2097514.6508819158189 ], [ 5990995.677817489020526, 2097572.3470892701298 ], [ 5990918.511727687902749, 2097676.393516780342907 ], [ 5990872.465771405957639, 2097753.2165536605753 ], [ 5990811.271148041822016, 2097762.293918549548835 ], [ 5990725.091705597937107, 2097758.060194027610123 ], [ 5990716.350155181251466, 2097758.48963886173442 ], [ 5990666.776678989641368, 2097746.072129504289478 ], [ 5990538.640079163946211, 2097727.064860429149121 ], [ 5990409.25745392870158, 2097720.708699636626989 ], [ 5990333.805128335952759, 2097724.41543470043689 ], [ 5990288.364392965100706, 2097717.674938344862312 ], [ 5990158.981767729856074, 2097711.31877755234018 ], [ 5990029.599142494611442, 2097717.674938344862312 ], [ 5990001.014148217625916, 2097721.915121699683368 ], [ 5989920.862408040091395, 2097710.025734167546034 ], [ 5989791.479782804846764, 2097703.669573375023901 ], [ 5989725.989632641896605, 2097706.886898143216968 ], [ 5989669.346755114383996, 2097698.484720968175679 ], [ 5989539.964129879139364, 2097692.128560175653547 ], [ 5989410.581504643894732, 2097698.484720968175679 ], [ 5989327.818159155547619, 2097710.761503553483635 ], [ 5989233.216780656017363, 2097706.114035843871534 ], [ 5989231.857226164080203, 2097706.180826473049819 ], [ 5989170.44269641302526, 2097703.163724096491933 ], [ 5989041.060071177780628, 2097709.519884889014065 ], [ 5988912.923471352085471, 2097728.527153964154422 ], [ 5988787.26692243758589, 2097760.002480930183083 ], [ 5988779.551393365487456, 2097762.763141375035048 ], [ 5988681.94934063591063, 2097727.840568496845663 ], [ 5988679.412984935566783, 2097727.205244467593729 ], [ 5988623.150282109156251, 2097707.074127499945462 ], [ 5988497.49373319465667, 2097675.598800533916801 ], [ 5988369.357133368961513, 2097656.591531458776444 ], [ 5988239.974508133716881, 2097650.235370666254312 ], [ 5988110.59188289847225, 2097656.591531458776444 ], [ 5987982.455283072777092, 2097675.598800533916801 ], [ 5987856.798734158277512, 2097707.074127499945462 ], [ 5987734.832377411425114, 2097750.714387751184404 ], [ 5987669.784092233516276, 2097781.479935372713953 ], [ 5987565.006287230178714, 2097731.923724310938269 ], [ 5987511.751292509026825, 2097712.868782511446625 ], [ 5987503.662368329241872, 2097709.043006299529225 ], [ 5987381.696011582389474, 2097665.402746048290282 ], [ 5987256.039462667889893, 2097633.927419082261622 ], [ 5987127.902862842194736, 2097614.920150007121265 ], [ 5986998.520237606950104, 2097608.563989214599133 ], [ 5986869.137612371705472, 2097614.920150007121265 ], [ 5986741.001012546010315, 2097633.927419082261622 ], [ 5986732.075923441909254, 2097636.163037521298975 ], [ 5986637.774976837448776, 2097612.541880063246936 ], [ 5986509.638377011753619, 2097593.534610988106579 ], [ 5986380.255751776508987, 2097587.178450195584446 ], [ 5986250.873126541264355, 2097593.534610988106579 ], [ 5986122.736526715569198, 2097612.541880063246936 ], [ 5985997.079977801069617, 2097644.017207029275596 ], [ 5985875.113621054217219, 2097687.657467280514538 ], [ 5985806.940159745514393, 2097719.901113130617887 ], [ 5985700.168304786086082, 2097669.40178667800501 ], [ 5985578.201948039233685, 2097625.761526426766068 ], [ 5985452.545399124734104, 2097594.286199460737407 ], [ 5985324.408799299038947, 2097575.27893038559705 ], [ 5985279.982156604528427, 2097573.096389384008944 ], [ 5985219.744916730560362, 2097558.007746277842671 ], [ 5985091.608316904865205, 2097539.000477202702314 ], [ 5984962.225691669620574, 2097532.644316410180181 ], [ 5984953.57516383100301, 2097533.069289591629058 ], [ 5984885.111299963667989, 2097529.70587563700974 ], [ 5984879.182297086343169, 2097529.997148870490491 ], [ 5984834.925051941536367, 2097527.822929837275296 ], [ 5984705.542426706291735, 2097534.179090629797429 ], [ 5984577.405826880596578, 2097553.186359704937786 ], [ 5984451.749277966096997, 2097584.661686670966446 ], [ 5984404.823698499239981, 2097601.451927479822189 ], [ 5984402.242360889911652, 2097600.231045715976506 ], [ 5984280.276004143059254, 2097556.590785464737564 ], [ 5984154.619455228559673, 2097525.115458498708904 ], [ 5984026.482855402864516, 2097506.108189423568547 ], [ 5983897.100230167619884, 2097499.752028631046414 ], [ 5983767.717604932375252, 2097506.108189423568547 ], [ 5983661.992535882629454, 2097521.791021948680282 ], [ 5983595.693149548955262, 2097505.183890203479677 ], [ 5983467.556549723260105, 2097486.17662112833932 ], [ 5983454.008654405362904, 2097485.511055710259825 ], [ 5983460.047876110300422, 2097362.579873805399984 ], [ 5983453.691715317778289, 2097233.197248570155352 ], [ 5983434.684446242637932, 2097105.060648743994534 ], [ 5983403.209119277074933, 2096979.404099829494953 ], [ 5983400.546323637478054, 2096971.96208456531167 ], [ 5983402.074878587387502, 2096965.859751139301807 ], [ 5983421.082147662527859, 2096837.723151312908158 ], [ 5983427.438308455049992, 2096708.340526077896357 ], [ 5983421.082147662527859, 2096578.957900842884555 ], [ 5983402.074878587387502, 2096450.821301016490906 ], [ 5983370.599551621824503, 2096325.164752101991326 ], [ 5983326.959291369654238, 2096203.19839535607025 ], [ 5983271.57437739521265, 2096086.096833467483521 ], [ 5983204.978196694515646, 2095974.987818492110819 ], [ 5983127.812106893397868, 2095870.941390981897712 ], [ 5983040.819259621202946, 2095774.959574911743402 ], [ 5982944.837443551048636, 2095687.966727639082819 ], [ 5982840.791016041301191, 2095610.800637838430703 ], [ 5982729.682001065462828, 2095544.204457137966529 ], [ 5982612.580439177341759, 2095488.819543163059279 ], [ 5982490.614082430489361, 2095445.179282911354676 ], [ 5982364.95753351598978, 2095413.703955945558846 ], [ 5982236.820933690294623, 2095394.69668687065132 ], [ 5982107.438308455049992, 2095388.340526077896357 ], [ 5981978.05568321980536, 2095394.69668687065132 ], [ 5981849.919083394110203, 2095413.703955945558846 ], [ 5981724.262534479610622, 2095445.179282911354676 ], [ 5981602.296177732758224, 2095488.819543163059279 ], [ 5981485.194615844637156, 2095544.204457137966529 ], [ 5981374.085600868798792, 2095610.800637838430703 ], [ 5981270.039173359051347, 2095687.966727639082819 ], [ 5981204.035959579981863, 2095747.788553593680263 ], [ 5981166.845169268548489, 2096439.327843859791756 ], [ 5981164.945444975979626, 2096475.231482119997963 ], [ 5981128.085538889281452, 2097171.861377211287618 ], [ 5981113.863886490464211, 2097440.641991992015392 ], [ 5981107.131492271088064, 2097567.880164218135178 ], [ 5981105.109169267117977, 2097606.100843862164766 ], [ 5981067.956829644739628, 2098123.371555500663817 ], [ 5981060.571169272996485, 2098226.201843858230859 ], [ 5980994.448487494140863, 2098898.67102172318846 ], [ 5980942.619898921810091, 2099425.768946513999254 ], [ 5980999.791215962730348, 2099521.153526447713375 ], [ 5981076.957305763848126, 2099625.199953957926482 ], [ 5981163.950153036043048, 2099721.181770028080791 ], [ 5981259.931969106197357, 2099808.174617300741374 ], [ 5981363.978396615944803, 2099885.340707101393491 ], [ 5981475.087411591783166, 2099951.936887801624835 ], [ 5981592.188973479904234, 2100007.321801776997745 ], [ 5981714.155330226756632, 2100050.962062028236687 ], [ 5981839.811879141256213, 2100082.437388994265348 ], [ 5981967.94847896695137, 2100101.444658069405705 ], [ 5982097.331104202196002, 2100107.800818861927837 ], [ 5982226.713729437440634, 2100101.444658069405705 ], [ 5982354.850329263135791, 2100082.437388994265348 ], [ 5982372.499537395313382, 2100078.016492499504238 ], [ 5982462.188839049078524, 2100100.482493032701313 ], [ 5982590.325438874773681, 2100119.489762107841671 ], [ 5982719.708064110018313, 2100125.845922900363803 ], [ 5982849.090689345262945, 2100119.489762107841671 ], [ 5982949.274949701502919, 2100104.62883091205731 ], [ 5983018.263645458035171, 2100121.909599599894136 ], [ 5983146.400245283730328, 2100140.916868675034493 ], [ 5983275.78287051897496, 2100147.273029467556626 ], [ 5983285.104649691842496, 2100146.815079822670668 ], [ 5983337.738474893383682, 2100149.400813845917583 ], [ 5983467.121100128628314, 2100143.04465305339545 ], [ 5983595.257699954323471, 2100124.037383978255093 ], [ 5983604.84551949147135, 2100121.635760207660496 ], [ 5983701.235637026838958, 2100145.780227741692215 ], [ 5983829.372236852534115, 2100164.787496816832572 ], [ 5983958.754862087778747, 2100171.143657609354705 ], [ 5984088.137487323023379, 2100164.787496816832572 ], [ 5984216.274087148718536, 2100145.780227741692215 ], [ 5984341.930636063218117, 2100114.304900775663555 ], [ 5984401.480363210663199, 2100092.997667700052261 ], [ 5984451.749277966096997, 2100110.984173003584146 ], [ 5984577.405826880596578, 2100142.459499969612807 ], [ 5984705.542426706291735, 2100161.466769044753164 ], [ 5984747.689439839683473, 2100163.537319026887417 ], [ 5984809.94453792180866, 2100179.131409302353859 ], [ 5984938.081137747503817, 2100198.138678377494216 ], [ 5985067.463762982748449, 2100204.494839170016348 ], [ 5985071.755133452825248, 2100204.284017657861114 ], [ 5985144.151137237437069, 2100207.840605259407312 ], [ 5985158.574675120413303, 2100207.132022280711681 ], [ 5985195.026174063794315, 2100208.922769593074918 ], [ 5985324.408799299038947, 2100202.566608800552785 ], [ 5985452.545399124734104, 2100183.559339725412428 ], [ 5985578.201948039233685, 2100152.084012759383768 ], [ 5985700.168304786086082, 2100108.443752508144826 ], [ 5985768.341766094788909, 2100076.200106658041477 ], [ 5985875.113621054217219, 2100126.699433110654354 ], [ 5985997.079977801069617, 2100170.339693361893296 ], [ 5986004.414909294806421, 2100172.176998055074364 ], [ 5986055.64651292655617, 2100190.507958946283907 ], [ 5986181.303061841055751, 2100221.983285912312567 ], [ 5986309.439661666750908, 2100240.990554987452924 ], [ 5986438.82228690199554, 2100247.346715779975057 ], [ 5986568.204912137240171, 2100240.990554987452924 ], [ 5986696.341511962935328, 2100221.983285912312567 ], [ 5986701.240934409201145, 2100220.756044476758689 ], [ 5986802.344931446947157, 2100246.081277358345687 ], [ 5986930.481531272642314, 2100265.088546433486044 ], [ 5987059.864156507886946, 2100271.444707226008177 ], [ 5987189.246781743131578, 2100265.088546433486044 ], [ 5987317.383381568826735, 2100246.081277358345687 ], [ 5987443.039930483326316, 2100214.605950392317027 ], [ 5987565.006287230178714, 2100170.965690141078085 ], [ 5987630.054572408087552, 2100140.200142519548535 ], [ 5987734.832377411425114, 2100189.75635358132422 ], [ 5987856.798734158277512, 2100233.396613832563162 ], [ 5987859.335089858621359, 2100234.031937861815095 ], [ 5987915.597792685031891, 2100254.163054829463363 ], [ 5988041.254341599531472, 2100285.638381795492023 ], [ 5988169.390941425226629, 2100304.64565087063238 ], [ 5988298.773566660471261, 2100311.001811663154513 ], [ 5988428.156191895715892, 2100304.64565087063238 ], [ 5988556.292791721411049, 2100285.638381795492023 ], [ 5988681.94934063591063, 2100254.163054829463363 ], [ 5988689.664869708009064, 2100251.402394384611398 ], [ 5988787.26692243758589, 2100286.324967262800783 ], [ 5988912.923471352085471, 2100317.800294228829443 ], [ 5989041.060071177780628, 2100336.8075633039698 ], [ 5989170.44269641302526, 2100343.163724096491933 ], [ 5989171.80225090496242, 2100343.096933467313647 ], [ 5989233.216780656017363, 2100346.114035843871534 ], [ 5989362.599405891261995, 2100339.757875051349401 ], [ 5989445.362751379609108, 2100327.481092466041446 ], [ 5989539.964129879139364, 2100332.128560175653547 ], [ 5989605.454280042089522, 2100328.911235407460481 ], [ 5989662.097157569602132, 2100337.313412582501769 ], [ 5989791.479782804846764, 2100343.669573375023901 ], [ 5989920.862408040091395, 2100337.313412582501769 ], [ 5989949.447402317076921, 2100333.073229227680713 ], [ 5990029.599142494611442, 2100344.962616759818047 ], [ 5990158.981767729856074, 2100351.31877755234018 ], [ 5990174.746317932382226, 2100350.544314863160253 ], [ 5990243.094649218022823, 2100367.664680601097643 ], [ 5990371.23124904371798, 2100386.671949676238 ], [ 5990500.613874278962612, 2100393.028110468760133 ], [ 5990578.75576036144048, 2100389.189245770685375 ], [ 5990595.709080362692475, 2100391.704033235087991 ], [ 5990725.091705597937107, 2100398.060194027610123 ], [ 5990854.474330833181739, 2100391.704033235087991 ], [ 5990943.147548875771463, 2100378.550603868439794 ], [ 5991029.326991319656372, 2100382.784328390378505 ], [ 5991068.253293195739388, 2100380.872001806274056 ], [ 5991089.567628831602633, 2100381.919107970781624 ], [ 5991218.950254066847265, 2100375.562947178259492 ], [ 5991268.635644746944308, 2100368.192815685644746 ], [ 5991386.036247075535357, 2100397.600135687738657 ], [ 5991514.172846901230514, 2100416.607404762879014 ], [ 5991643.555472136475146, 2100422.963565555401146 ], [ 5991772.938097371719778, 2100416.607404762879014 ], [ 5991901.074697197414935, 2100397.600135687738657 ], [ 5992026.731246111914515, 2100366.124808721709996 ], [ 5992148.697602858766913, 2100322.484548470471054 ], [ 5992265.799164746887982, 2100267.099634495098144 ], [ 5992376.908179722726345, 2100200.5034537948668 ], [ 5992429.775237291119993, 2100161.294571669306606 ], [ 5992449.728039923124015, 2100149.335322009399533 ], [ 5992553.774467432871461, 2100072.169232208747417 ], [ 5992649.75628350302577, 2099985.176384936086833 ], [ 5992736.749130775220692, 2099889.194568865932524 ], [ 5992813.91522057633847, 2099785.148141355719417 ], [ 5992880.511401277035475, 2099674.039126380346715 ], [ 5992904.025120171718299, 2099624.323544810991734 ], [ 5992907.788806372322142, 2099625.266299126669765 ], [ 5992920.083068504929543, 2099627.089980641379952 ], [ 5993015.770034168846905, 2099651.058317800518125 ], [ 5993143.906633994542062, 2099670.065586875658482 ], [ 5993273.289259229786694, 2099676.421747668180615 ], [ 5993402.671884465031326, 2099670.065586875658482 ], [ 5993530.808484290726483, 2099651.058317800518125 ], [ 5993656.465033205226064, 2099619.582990834489465 ], [ 5993778.431389952078462, 2099575.942730583250523 ], [ 5993895.53295184019953, 2099520.557816607877612 ], [ 5994006.641966816037893, 2099453.961635907646269 ], [ 5994110.688394325785339, 2099376.795546106994152 ], [ 5994206.670210395939648, 2099289.802698834333569 ], [ 5994293.66305766813457, 2099193.82088276417926 ], [ 5994370.829147469252348, 2099089.774455253966153 ], [ 5994437.425328169949353, 2098978.665440278593451 ], [ 5994474.840628117322922, 2098899.557435084600002 ], [ 5994514.165380680002272, 2098833.948049149475992 ], [ 5994569.55029465444386, 2098716.846487260889262 ], [ 5994613.190554906614125, 2098594.880130514968187 ], [ 5994644.665881872177124, 2098469.223581600468606 ], [ 5994663.673150947317481, 2098341.086981774307787 ], [ 5994670.029311739839613, 2098211.704356539063156 ], [ 5994663.673150947317481, 2098082.321731303818524 ], [ 5994644.665881872177124, 2097954.185131477657706 ], [ 5994613.190554906614125, 2097828.528582563158125 ], [ 5994569.55029465444386, 2097706.562225817237049 ], [ 5994514.165380680002272, 2097589.46066392865032 ], [ 5994447.569199979305267, 2097478.351648953277618 ], [ 5994370.40311017818749, 2097374.305221443064511 ], [ 5994283.410262905992568, 2097278.323405372910202 ], [ 5994187.428446835838258, 2097191.330558100249618 ], [ 5994083.382019326090813, 2097114.164468299597502 ], [ 5993972.27300435025245, 2097047.568287599133328 ], [ 5993855.171442462131381, 2096992.183373624226078 ], [ 5993733.205085715278983, 2096948.543113372521475 ], [ 5993620.574728925712407, 2096920.33067767508328 ], [ 5993594.416797094978392, 2096815.902360084932297 ], [ 5993583.781114093028009, 2096786.177617388311774 ], [ 5993577.152377709746361, 2096759.714218341046944 ], [ 5993533.512117457576096, 2096637.747861595125869 ], [ 5993478.127203483134508, 2096520.646299706539139 ], [ 5993411.531022782437503, 2096409.537284731166437 ], [ 5993334.364932981319726, 2096305.49085722095333 ], [ 5993247.372085709124804, 2096209.509041150799021 ], [ 5993151.390269638970494, 2096122.516193878138438 ], [ 5993047.343842129223049, 2096045.350104077486321 ], [ 5992936.234827153384686, 2095978.753923377022147 ], [ 5992930.010776413604617, 2095975.810166613897309 ], [ 5992915.451006249524653, 2095877.656169017078355 ], [ 5992883.975679283961654, 2095751.999620102578774 ], [ 5992849.098398257046938, 2095654.524149620672688 ], [ 5992824.605502243153751, 2095556.743027619319037 ], [ 5992781.901303743012249, 2095437.392788213677704 ], [ 5992822.835930494591594, 2095418.032151645980775 ], [ 5992933.944945470429957, 2095351.435970945516601 ], [ 5993037.991372980177402, 2095274.269881144864485 ], [ 5993133.973189050331712, 2095187.277033872203901 ], [ 5993220.966036322526634, 2095091.295217802049592 ], [ 5993298.132126123644412, 2094987.248790291836485 ], [ 5993364.728306824341416, 2094876.139775316463783 ], [ 5993420.113220798783004, 2094759.038213427877054 ], [ 5993442.882785826921463, 2094695.401542263571173 ], [ 5993492.160770356655121, 2094658.854498117929325 ], [ 5993588.14258642680943, 2094571.861650845268741 ], [ 5993675.135433699004352, 2094475.879834775114432 ], [ 5993752.30152350012213, 2094371.833407264901325 ], [ 5993818.897704200819135, 2094260.724392289528623 ], [ 5993874.282618175260723, 2094143.622830400941893 ], [ 5993894.968008504249156, 2094085.811037307605147 ], [ 5993923.546305160038173, 2094081.571847450919449 ], [ 5994049.202854074537754, 2094050.096520485123619 ], [ 5994171.169210821390152, 2094006.456260233419016 ], [ 5994288.27077270951122, 2093951.071346258511767 ], [ 5994399.379787685349584, 2093884.475165558047593 ], [ 5994503.426215195097029, 2093807.309075757395476 ], [ 5994599.408031265251338, 2093720.316228484734893 ], [ 5994611.367443353869021, 2093707.121050635352731 ], [ 5994667.998868465423584, 2093704.338927121600136 ], [ 5994796.135468291118741, 2093685.33165804669261 ], [ 5994921.792017205618322, 2093653.85633108089678 ], [ 5995043.75837395247072, 2093610.216070829192176 ], [ 5995160.859935840591788, 2093554.831156854284927 ], [ 5995271.968950816430151, 2093488.234976153820753 ], [ 5995315.287768267095089, 2093456.10755152720958 ], [ 5995407.998717634938657, 2093460.662148408824578 ], [ 5995537.381342870183289, 2093454.305987616069615 ], [ 5995665.517942695878446, 2093435.298718541162089 ], [ 5995791.174491610378027, 2093403.823391575366259 ], [ 5995913.140848357230425, 2093360.183131323661655 ], [ 5996030.242410245351493, 2093304.798217348754406 ], [ 5996141.351425221189857, 2093238.202036648290232 ], [ 5996245.397852730937302, 2093161.035946847638115 ], [ 5996302.454185188747942, 2093109.323101450223476 ], [ 5996359.498044396750629, 2093117.784758638823405 ], [ 5996488.880669631995261, 2093124.140919431578368 ], [ 5996618.263294867239892, 2093117.784758638823405 ], [ 5996634.651244948618114, 2093115.353835879825056 ], [ 5996711.376410861499608, 2093111.584570180391893 ], [ 5996839.513010687194765, 2093092.577301105484366 ], [ 5996965.169559601694345, 2093061.101974139688537 ], [ 5997087.135916348546743, 2093017.461713887983933 ], [ 5997204.237478236667812, 2092962.076799913076684 ], [ 5997267.419609723612666, 2092924.206887679174542 ], [ 5997286.764766636304557, 2092925.15725429658778 ], [ 5997362.067599525675178, 2092921.457863338058814 ], [ 5997367.811796879395843, 2092921.740057658404112 ], [ 5997497.194422114640474, 2092915.383896865649149 ], [ 5997625.331021940335631, 2092896.376627790741622 ], [ 5997750.987570854835212, 2092864.901300824945793 ], [ 5997872.95392760168761, 2092821.261040573241189 ], [ 5997990.055489489808679, 2092765.87612659833394 ], [ 5998101.164504465647042, 2092699.279945897869766 ], [ 5998205.210931975394487, 2092622.113856097217649 ], [ 5998301.192748045548797, 2092535.121008824557066 ], [ 5998311.584928159601986, 2092523.655004990985617 ], [ 5998326.281901177950203, 2092539.870615874882787 ], [ 5998422.263717248104513, 2092626.863463147543371 ], [ 5998526.310144757851958, 2092704.029552948195487 ], [ 5998629.709522185847163, 2092766.004754735156894 ], [ 5998635.368021725676954, 2092804.151260071434081 ], [ 5998666.843348691239953, 2092929.807808985933661 ], [ 5998710.483608943410218, 2093051.774165731854737 ], [ 5998720.851144837215543, 2093073.694478665944189 ], [ 5998735.127595738507807, 2093113.594485989073291 ], [ 5998790.512509712949395, 2093230.696047877660021 ], [ 5998857.1086904136464, 2093341.805062853032723 ], [ 5998934.274780214764178, 2093445.85149036324583 ], [ 5999021.2676274869591, 2093541.833306433400139 ], [ 5999117.249443557113409, 2093628.826153706060722 ], [ 5999221.295871066860855, 2093705.992243506712839 ], [ 5999327.663943974301219, 2093769.746812887256965 ], [ 5999332.404475671239197, 2093866.242552378447726 ], [ 5999351.411744746379554, 2093994.379152204841375 ], [ 5999382.887071711942554, 2094120.035701119340956 ], [ 5999426.527331964112818, 2094242.002057865262032 ], [ 5999481.912245938554406, 2094359.103619753848761 ], [ 5999548.508426639251411, 2094470.212634729221463 ], [ 5999625.674516440369189, 2094574.25906223943457 ], [ 5999712.667363712564111, 2094670.240878309588879 ], [ 5999808.64917978271842, 2094757.233725582249463 ], [ 5999912.695607292465866, 2094834.399815382901579 ], [ 6000023.804622268304229, 2094900.995996083365753 ], [ 6000140.906184156425297, 2094956.380910058273003 ], [ 6000262.872540903277695, 2095000.021170309977606 ], [ 6000388.529089817777276, 2095031.496497275773436 ], [ 6000516.665689643472433, 2095050.503766350680962 ], [ 6000646.048314878717065, 2095056.859927143435925 ], [ 6000775.430940113961697, 2095050.503766350680962 ], [ 6000903.567539939656854, 2095031.496497275773436 ], [ 6001029.224088854156435, 2095000.021170309977606 ], [ 6001091.395603829994798, 2094977.775846549076959 ], [ 6001094.800384355708957, 2095047.081746317679062 ], [ 6001113.807653430849314, 2095175.218346144072711 ], [ 6001145.282980396412313, 2095300.874895058572292 ], [ 6001188.923240648582578, 2095422.841251804493368 ], [ 6001244.308154623024166, 2095539.942813693080097 ], [ 6001310.90433532372117, 2095651.051828668452799 ], [ 6001388.070425124838948, 2095755.098256178665906 ], [ 6001475.06327239703387, 2095851.080072248820215 ], [ 6001571.045088467188179, 2095938.072919521480799 ], [ 6001675.091515976935625, 2096015.239009322132915 ], [ 6001786.200530952773988, 2096081.835190022597089 ], [ 6001903.302092840895057, 2096137.220103997504339 ], [ 6002025.268449587747455, 2096180.860364249208942 ], [ 6002150.924998502247036, 2096212.335691215004772 ], [ 6002279.061598327942193, 2096231.342960289912298 ], [ 6002408.444223563186824, 2096237.699121082667261 ], [ 6002537.826848798431456, 2096231.342960289912298 ], [ 6002665.963448624126613, 2096212.335691215004772 ], [ 6002791.619997538626194, 2096180.860364249208942 ], [ 6002913.586354285478592, 2096137.220103997504339 ], [ 6003030.68791617359966, 2096081.835190022597089 ], [ 6003141.796931149438024, 2096015.239009322132915 ], [ 6003245.843358659185469, 2095938.072919521480799 ], [ 6003341.825174729339778, 2095851.080072248820215 ], [ 6003428.8180220015347, 2095755.098256178665906 ], [ 6003505.984111802652478, 2095651.051828668452799 ], [ 6003572.580292503349483, 2095539.942813693080097 ], [ 6003580.409905781969428, 2095523.388487286632881 ], [ 6003586.77022563572973, 2095512.776934695662931 ], [ 6003642.155139610171318, 2095395.675372807076201 ], [ 6003685.795399862341583, 2095273.709016061155125 ], [ 6003717.270726827904582, 2095148.052467146655545 ], [ 6003736.277995903044939, 2095019.915867320261896 ], [ 6003742.634156695567071, 2094890.533242085250095 ], [ 6003736.277995903044939, 2094761.150616850238293 ], [ 6003717.270726827904582, 2094633.014017023844644 ], [ 6003685.795399862341583, 2094507.357468109345064 ], [ 6003642.155139610171318, 2094385.391111363423988 ], [ 6003586.77022563572973, 2094268.289549474837258 ], [ 6003520.174044935032725, 2094157.180534499464557 ], [ 6003443.007955133914948, 2094053.13410698925145 ], [ 6003356.015107861720026, 2093957.15229091909714 ], [ 6003260.033291791565716, 2093870.159443646436557 ], [ 6003155.986864281818271, 2093792.993353845784441 ], [ 6003044.877849305979908, 2093726.397173145320266 ], [ 6002927.776287417858839, 2093671.012259170413017 ], [ 6002805.809930671006441, 2093627.371998918708414 ], [ 6002680.15338175650686, 2093595.896671952912584 ], [ 6002552.016781930811703, 2093576.889402878005058 ], [ 6002422.634156695567071, 2093570.533242085250095 ], [ 6002293.25153146032244, 2093576.889402878005058 ], [ 6002165.114931634627283, 2093595.896671952912584 ], [ 6002039.458382720127702, 2093627.371998918708414 ], [ 6001970.123562189750373, 2093652.180394390597939 ], [ 6001967.294859853573143, 2093594.600835557328537 ], [ 6001948.287590778432786, 2093466.464235730934888 ], [ 6001916.812263812869787, 2093340.807686816435307 ], [ 6001873.172003560699522, 2093218.841330070514232 ], [ 6001817.787089586257935, 2093101.739768181927502 ], [ 6001751.19090888556093, 2092990.6307532065548 ], [ 6001674.024819084443152, 2092886.584325696341693 ], [ 6001587.03197181224823, 2092790.602509626187384 ], [ 6001491.050155742093921, 2092703.609662353526801 ], [ 6001387.003728232346475, 2092626.443572552874684 ], [ 6001275.894713256508112, 2092559.84739185241051 ], [ 6001272.17432571016252, 2092558.087779590394348 ], [ 6001268.292417860589921, 2092479.069730032235384 ], [ 6001249.285148785449564, 2092350.933130205841735 ], [ 6001217.809821819886565, 2092225.276581291342154 ], [ 6001174.1695615677163, 2092103.310224545421079 ], [ 6001163.802025673910975, 2092081.389911611331627 ], [ 6001149.525574772618711, 2092041.489904288202524 ], [ 6001094.140660798177123, 2091924.388342399615794 ], [ 6001027.544480097480118, 2091813.279327424243093 ], [ 6000950.37839029636234, 2091709.232899914029986 ], [ 6000863.385543024167418, 2091613.251083843875676 ], [ 6000767.403726954013109, 2091526.258236571215093 ], [ 6000663.357299444265664, 2091449.092146770562977 ], [ 6000568.582293331623077, 2091392.286194217391312 ], [ 6000561.249004613608122, 2091342.849177347496152 ], [ 6000529.773677648045123, 2091217.192628432996571 ], [ 6000486.133417395874858, 2091095.226271687075496 ], [ 6000430.74850342143327, 2090978.124709798488766 ], [ 6000424.658211952075362, 2090967.963672349695116 ], [ 6000390.568604183383286, 2090895.88725248281844 ], [ 6000323.972423482686281, 2090784.778237507445738 ], [ 6000246.806333681568503, 2090680.731809997232631 ], [ 6000159.813486409373581, 2090584.749993927078322 ], [ 6000063.831670339219272, 2090497.757146654417738 ], [ 6000005.800868036225438, 2090454.718570425407961 ], [ 5999957.606251045130193, 2090352.819614206906408 ], [ 5999891.010070344433188, 2090241.710599231533706 ], [ 5999878.671111200004816, 2090225.07343877106905 ], [ 5999829.138865172863007, 2090142.433878848562017 ], [ 5999801.620257084257901, 2090084.250670517329127 ], [ 5999735.024076383560896, 2089973.141655541956425 ], [ 5999657.857986582443118, 2089869.095228031743318 ], [ 5999647.659735482186079, 2089857.843191892839968 ], [ 5999607.530406647361815, 2089790.891451544361189 ], [ 5999583.807912356220186, 2089758.905370754655451 ], [ 5999536.570636792108417, 2089659.030542918015271 ], [ 5999469.974456091411412, 2089547.92152794264257 ], [ 5999392.808366290293634, 2089443.875100432429463 ], [ 5999305.815519018098712, 2089347.893284362275153 ], [ 5999209.833702947944403, 2089260.90043708961457 ], [ 5999105.787275438196957, 2089183.734347288962454 ], [ 5998994.678260462358594, 2089117.138166588498279 ], [ 5998877.576698574237525, 2089061.75325261359103 ], [ 5998875.149441262707114, 2089060.884766060393304 ], [ 5998873.087808400392532, 2089018.919265081873164 ], [ 5998854.080539325252175, 2088890.782665255479515 ], [ 5998848.360805209726095, 2088867.948206684086472 ], [ 5998842.002479787915945, 2088825.083858472295105 ], [ 5998810.527152822352946, 2088699.427309557795525 ], [ 5998766.886892570182681, 2088577.460952811874449 ], [ 5998711.501978595741093, 2088460.359390923287719 ], [ 5998644.905797895044088, 2088349.250375947915018 ], [ 5998567.739708093926311, 2088245.203948437701911 ], [ 5998480.746860821731389, 2088149.222132367547601 ], [ 5998384.765044751577079, 2088062.229285094887018 ], [ 5998280.718617241829634, 2087985.063195294234902 ], [ 5998277.215041317977011, 2087982.963232700014487 ], [ 5998267.359157174825668, 2087943.616337613435462 ], [ 5998223.718896922655404, 2087821.649980867514387 ], [ 5998168.333982948213816, 2087704.548418978927657 ], [ 5998101.737802247516811, 2087593.439404003554955 ], [ 5998024.571712446399033, 2087489.392976493341848 ], [ 5997937.578865174204111, 2087393.411160423187539 ], [ 5997841.597049104049802, 2087306.418313150526956 ], [ 5997737.550621594302356, 2087229.252223349874839 ], [ 5997626.441606618463993, 2087162.656042649410665 ], [ 5997509.340044730342925, 2087107.271128674503416 ], [ 5997387.373687983490527, 2087063.630868422798812 ], [ 5997261.717139068990946, 2087032.155541457002982 ], [ 5997133.580539243295789, 2087013.148272382095456 ], [ 5997004.197914008051157, 2087006.792111589340493 ], [ 5996874.815288772806525, 2087013.148272382095456 ], [ 5996746.678688947111368, 2087032.155541457002982 ], [ 5996720.396080675534904, 2087038.73899210896343 ], [ 5996651.352855549193919, 2086987.533046477241442 ], [ 5996650.58623531088233, 2086987.073551989626139 ], [ 5996595.910329557955265, 2086946.523136619711295 ], [ 5996484.801314582116902, 2086879.926955919247121 ], [ 5996367.699752693995833, 2086824.542041944339871 ], [ 5996245.733395947143435, 2086780.901781692635268 ], [ 5996120.076847032643855, 2086749.426454726839438 ], [ 5995991.940247206948698, 2086730.419185651931912 ], [ 5995862.557621971704066, 2086724.063024859176949 ], [ 5995733.174996736459434, 2086730.419185651931912 ], [ 5995605.038396910764277, 2086749.426454726839438 ], [ 5995479.381847996264696, 2086780.901781692635268 ], [ 5995404.935960995964706, 2086807.53894598968327 ], [ 5995380.005500864237547, 2086798.618684719549492 ], [ 5995254.348951949737966, 2086767.143357753753662 ], [ 5995126.212352124042809, 2086748.136088678846136 ], [ 5994996.829726888798177, 2086741.779927886091173 ], [ 5994867.447101653553545, 2086748.136088678846136 ], [ 5994739.310501827858388, 2086767.143357753753662 ], [ 5994613.653952913358808, 2086798.618684719549492 ], [ 5994491.68759616650641, 2086842.258944971254095 ], [ 5994483.750764735043049, 2086846.012786670355126 ], [ 5994463.787160948850214, 2086838.869695017579943 ], [ 5994338.130612034350634, 2086807.394368051784113 ], [ 5994209.994012208655477, 2086788.387098976876587 ], [ 5994080.611386973410845, 2086782.030938184121624 ], [ 5993951.228761738166213, 2086788.387098976876587 ], [ 5993823.092161912471056, 2086807.394368051784113 ], [ 5993697.435612997971475, 2086838.869695017579943 ], [ 5993575.469256251119077, 2086882.509955269284546 ], [ 5993458.367694362998009, 2086937.894869244191796 ], [ 5993347.258679387159646, 2087004.49104994465597 ], [ 5993343.409994999878109, 2087007.345428822794929 ], [ 5993262.891530220396817, 2087055.606339347083122 ], [ 5993158.845102710649371, 2087132.772429147735238 ], [ 5993063.619011709466577, 2087219.080327143426985 ], [ 5993028.980702398344874, 2087210.403882337734103 ], [ 5992900.844102572649717, 2087191.396613262826577 ], [ 5992771.461477337405086, 2087185.040452470071614 ] ], [ [ 5992032.51794265024364, 2092474.344630739185959 ], [ 5991921.408927674405277, 2092540.940811439650133 ], [ 5991877.606516981497407, 2092573.426893258467317 ], [ 5991870.336695353500545, 2092577.784256654093042 ], [ 5991766.290267843753099, 2092654.950346454745159 ], [ 5991745.103560687042773, 2092674.152858506655321 ], [ 5991708.993828373029828, 2092597.805244148243219 ], [ 5991642.397647672332823, 2092486.696229172870517 ], [ 5991565.231557871215045, 2092382.64980166265741 ], [ 5991478.238710599020123, 2092286.667985592503101 ], [ 5991382.256894528865814, 2092199.675138319842517 ], [ 5991278.210467019118369, 2092122.509048519190401 ], [ 5991244.608792712911963, 2092102.368980006780475 ], [ 5991249.533825005404651, 2092098.716327116359025 ], [ 5991345.51564107555896, 2092011.723479843698442 ], [ 5991432.508488347753882, 2091915.741663773544133 ], [ 5991509.67457814887166, 2091811.695236263331026 ], [ 5991576.270758849568665, 2091700.586221287958324 ], [ 5991631.655672824010253, 2091583.484659399371594 ], [ 5991675.295933076180518, 2091461.518302653450519 ], [ 5991706.771260041743517, 2091335.861753738950938 ], [ 5991725.778529116883874, 2091207.725153912557289 ], [ 5991732.134689909406006, 2091078.342528677545488 ], [ 5991725.778529116883874, 2090948.959903442533687 ], [ 5991706.771260041743517, 2090820.823303616140038 ], [ 5991688.076145830564201, 2090746.188224019715562 ], [ 5991738.38986330293119, 2090728.185688047436997 ], [ 5991855.491425191052258, 2090672.800774072529748 ], [ 5991966.600440166890621, 2090606.204593372065574 ], [ 5992070.646867676638067, 2090529.038503571413457 ], [ 5992166.628683746792376, 2090442.045656298752874 ], [ 5992253.621531018987298, 2090346.063840228598565 ], [ 5992330.787620820105076, 2090242.017412718385458 ], [ 5992397.383801520802081, 2090130.908397743012756 ], [ 5992452.768715495243669, 2090013.806835854426026 ], [ 5992462.431478292681277, 2089986.801222972106189 ], [ 5992479.957081196829677, 2089963.170682965777814 ], [ 5992542.758867066353559, 2089858.392233311664313 ], [ 5992556.053830924443901, 2089860.364354904741049 ], [ 5992685.436456159688532, 2089866.720515697496012 ], [ 5992814.819081394933164, 2089860.364354904741049 ], [ 5992942.955681220628321, 2089841.357085829833522 ], [ 5993068.612230135127902, 2089809.881758864037693 ], [ 5993190.5785868819803, 2089766.241498612333089 ], [ 5993252.121561163105071, 2089737.133839573711157 ], [ 5993277.513773621991277, 2089749.143461648840457 ], [ 5993399.480130368843675, 2089792.783721900545061 ], [ 5993525.136679283343256, 2089824.259048866340891 ], [ 5993653.273279109038413, 2089843.266317941248417 ], [ 5993782.655904344283044, 2089849.62247873400338 ], [ 5993912.038529579527676, 2089843.266317941248417 ], [ 5994040.175129405222833, 2089824.259048866340891 ], [ 5994165.831678319722414, 2089792.783721900545061 ], [ 5994287.798035066574812, 2089749.143461648840457 ], [ 5994404.89959695469588, 2089693.758547673933208 ], [ 5994516.008611930534244, 2089627.162366973469034 ], [ 5994620.055039440281689, 2089549.996277172816917 ], [ 5994716.036855510435998, 2089463.003429900156334 ], [ 5994790.707101150415838, 2089380.617509589996189 ], [ 5994809.296627338044345, 2089385.273943496169522 ], [ 5994937.433227163739502, 2089404.281212571077049 ], [ 5995066.815852398984134, 2089410.637373363832012 ], [ 5995196.198477634228766, 2089404.281212571077049 ], [ 5995324.335077459923923, 2089385.273943496169522 ], [ 5995449.991626374423504, 2089353.798616530373693 ], [ 5995489.00050259847194, 2089339.841017435537651 ], [ 5995534.561787638813257, 2089356.143105893395841 ], [ 5995660.218336553312838, 2089387.618432859191671 ], [ 5995788.354936379007995, 2089406.625701934099197 ], [ 5995917.737561614252627, 2089412.98186272685416 ], [ 5996047.120186849497259, 2089406.625701934099197 ], [ 5996160.044079626910388, 2089389.87502478226088 ], [ 5996172.370379246771336, 2089401.046931547578424 ], [ 5996276.416806756518781, 2089478.213021348230541 ], [ 5996284.093119187280536, 2089482.81402595480904 ], [ 5996296.282726026140153, 2089531.477664292789996 ], [ 5996339.922986278310418, 2089653.444021038711071 ], [ 5996395.307900252752006, 2089770.545582927297801 ], [ 5996461.904080953449011, 2089881.654597902670503 ], [ 5996539.070170754566789, 2089985.70102541288361 ], [ 5996626.063018026761711, 2090081.682841483037919 ], [ 5996722.04483409691602, 2090168.675688755698502 ], [ 5996826.091261606663465, 2090245.841778556350619 ], [ 5996937.200276582501829, 2090312.437959256814793 ], [ 5996966.419728940352798, 2090326.257730992743745 ], [ 5996903.588992660865188, 2090341.996011130046099 ], [ 5996781.62263591401279, 2090385.636271381750703 ], [ 5996664.521074025891721, 2090441.021185356657952 ], [ 5996601.338942538946867, 2090478.891097590560094 ], [ 5996581.993785626254976, 2090477.940730973146856 ], [ 5996452.611160391010344, 2090484.296891765901819 ], [ 5996436.223210309632123, 2090486.727814524900168 ], [ 5996359.498044396750629, 2090490.497080224333331 ], [ 5996231.361444571055472, 2090509.504349299240857 ], [ 5996105.704895656555891, 2090540.979676265036687 ], [ 5995983.738538909703493, 2090584.619936516741291 ], [ 5995866.636977021582425, 2090640.00485049164854 ], [ 5995755.527962045744061, 2090706.601031192112714 ], [ 5995651.481534535996616, 2090783.767120992764831 ], [ 5995594.425202078185976, 2090835.47996639017947 ], [ 5995537.381342870183289, 2090827.018309201579541 ], [ 5995451.362719526514411, 2090822.792485215235502 ], [ 5995444.46845000050962, 2090821.769816936692223 ], [ 5995315.085824765264988, 2090815.41365614393726 ], [ 5995185.703199530020356, 2090821.769816936692223 ], [ 5995057.566599704325199, 2090840.777086011599749 ], [ 5994931.910050789825618, 2090872.252412977395579 ], [ 5994809.94369404297322, 2090915.892673229100183 ], [ 5994692.842132154852152, 2090971.277587204007432 ], [ 5994581.733117179013789, 2091037.873767904471606 ], [ 5994537.397993376478553, 2091070.754936691839248 ], [ 5994470.983825337141752, 2091074.017655547708273 ], [ 5994438.310435343533754, 2091072.412514826050028 ], [ 5994308.927810108289123, 2091078.768675618804991 ], [ 5994180.791210282593966, 2091097.775944693712518 ], [ 5994055.134661368094385, 2091129.251271659508348 ], [ 5993933.168304621241987, 2091172.891531911212951 ], [ 5993816.066742733120918, 2091228.2764458861202 ], [ 5993704.957727757282555, 2091294.872626586584374 ], [ 5993600.91130024753511, 2091372.038716387236491 ], [ 5993504.9294841773808, 2091459.031563659897074 ], [ 5993485.071405297145247, 2091480.941577349090949 ], [ 5993408.507855038158596, 2091492.298707186244428 ], [ 5993400.489978824742138, 2091494.307080626022071 ], [ 5993332.695805015042424, 2091504.363396347500384 ], [ 5993207.039256100542843, 2091535.838723313296214 ], [ 5993085.072899353690445, 2091579.478983565000817 ], [ 5992967.971337465569377, 2091634.863897539908066 ], [ 5992856.862322489731014, 2091701.460078240372241 ], [ 5992752.815894979983568, 2091778.626168041024357 ], [ 5992656.834078909829259, 2091865.61901531368494 ], [ 5992569.841231637634337, 2091961.60083138383925 ], [ 5992492.675141836516559, 2092065.647258894052356 ], [ 5992426.078961135819554, 2092176.756273869425058 ], [ 5992370.694047161377966, 2092293.857835758011788 ], [ 5992348.434196528047323, 2092356.069950621807948 ], [ 5992271.585861285217106, 2092375.319456512574106 ], [ 5992149.619504538364708, 2092418.95971676427871 ], [ 5992032.51794265024364, 2092474.344630739185959 ] ] ], [ [ [ 5980362.465295732021332, 2104473.459238952025771 ], [ 5980316.961169267073274, 2105343.778843852691352 ], [ 5980208.954757375642657, 2106453.381482494994998 ], [ 5980217.897244396619499, 2106463.247996482998133 ], [ 5980313.879060466773808, 2106550.240843755658716 ], [ 5980417.925487976521254, 2106627.406933556310833 ], [ 5980529.034502952359617, 2106694.003114256542176 ], [ 5980646.136064840480685, 2106749.388028231915087 ], [ 5980768.102421587333083, 2106793.028288483154029 ], [ 5980831.716352098621428, 2106808.962748562917113 ], [ 5980881.801998503506184, 2106826.883679402060807 ], [ 5981007.458547418005764, 2106858.359006368089467 ], [ 5981135.595147243700922, 2106877.366275443229824 ], [ 5981264.977772478945553, 2106883.722436235751957 ], [ 5981394.360397714190185, 2106877.366275443229824 ], [ 5981522.496997539885342, 2106858.359006368089467 ], [ 5981533.372594403102994, 2106855.634811169467866 ], [ 5981608.546689692884684, 2106874.464941783808172 ], [ 5981736.683289518579841, 2106893.472210858948529 ], [ 5981866.065914753824472, 2106899.828371651470661 ], [ 5981995.448539989069104, 2106893.472210858948529 ], [ 5982123.585139814764261, 2106874.464941783808172 ], [ 5982249.241688729263842, 2106842.989614817779511 ], [ 5982286.614254399202764, 2106829.617497001308948 ], [ 5982289.735395823605359, 2106831.093686955515295 ], [ 5982411.701752570457757, 2106874.733947206754237 ], [ 5982537.358301484957337, 2106906.209274172782898 ], [ 5982665.494901310652494, 2106925.216543247923255 ], [ 5982794.877526545897126, 2106931.572704040445387 ], [ 5982924.260151781141758, 2106925.216543247923255 ], [ 5983052.396751606836915, 2106906.209274172782898 ], [ 5983178.053300521336496, 2106874.733947206754237 ], [ 5983214.438252119347453, 2106861.71520335553214 ], [ 5983217.717863379977643, 2106863.266343960072845 ], [ 5983339.684220126830041, 2106906.906604211311787 ], [ 5983465.340769041329622, 2106938.381931177340448 ], [ 5983593.477368867024779, 2106957.389200252480805 ], [ 5983722.859994102269411, 2106963.745361045002937 ], [ 5983852.242619337514043, 2106957.389200252480805 ], [ 5983980.3792191632092, 2106938.381931177340448 ], [ 5984106.035768077708781, 2106906.906604211311787 ], [ 5984156.063503930345178, 2106889.006394099444151 ], [ 5984216.990617814473808, 2106910.806464029941708 ], [ 5984342.647166728973389, 2106942.281790995970368 ], [ 5984470.783766554668546, 2106961.289060071110725 ], [ 5984524.785092160105705, 2106963.941975081339478 ], [ 5984570.941656055860221, 2106975.503592464607209 ], [ 5984699.078255881555378, 2106994.510861539747566 ], [ 5984828.46088111680001, 2107000.867022332269698 ], [ 5984829.859830810688436, 2107000.798296340741217 ], [ 5984910.988596240989864, 2107004.783897012006491 ], [ 5985040.371221476234496, 2106998.427736219484359 ], [ 5985168.507821301929653, 2106979.420467144344002 ], [ 5985201.932597274892032, 2106971.047996615525335 ], [ 5985327.542524375021458, 2107002.511645425111055 ], [ 5985455.679124200716615, 2107021.518914500251412 ], [ 5985585.061749435961246, 2107027.875075292773545 ], [ 5985714.444374671205878, 2107021.518914500251412 ], [ 5985842.580974496901035, 2107002.511645425111055 ], [ 5985968.237523411400616, 2106971.036318459082395 ], [ 5986007.837125417776406, 2106956.867354299873114 ], [ 5986011.801212254911661, 2106958.742227742448449 ], [ 5986133.767569001764059, 2107002.382487993687391 ], [ 5986259.42411791626364, 2107033.857814959716052 ], [ 5986387.560717741958797, 2107052.865084034856409 ], [ 5986516.943342977203429, 2107059.221244827378541 ], [ 5986646.325968212448061, 2107052.865084034856409 ], [ 5986774.462568038143218, 2107033.857814959716052 ], [ 5986841.512187774293125, 2107017.062759529799223 ], [ 5986887.600510599091649, 2107028.607283414807171 ], [ 5987015.737110424786806, 2107047.614552489947528 ], [ 5987141.606586223468184, 2107053.79812331777066 ], [ 5987196.633517406880856, 2107067.581652038730681 ], [ 5987324.770117232576013, 2107086.588921113871038 ], [ 5987454.152742467820644, 2107092.94508190639317 ], [ 5987532.891020115464926, 2107089.076918369624764 ], [ 5987570.531750117428601, 2107094.660393225960433 ], [ 5987699.914375352673233, 2107101.016554018482566 ], [ 5987829.297000587917864, 2107094.660393225960433 ], [ 5987957.433600413613021, 2107075.653124150820076 ], [ 5987993.895179544575512, 2107066.519974030554295 ], [ 5988117.638228118419647, 2107097.515994112938643 ], [ 5988245.774827944114804, 2107116.523263188079 ], [ 5988375.157453179359436, 2107122.879423980601132 ], [ 5988504.540078414604068, 2107116.523263188079 ], [ 5988632.676678240299225, 2107097.515994112938643 ], [ 5988639.217175997793674, 2107095.877684711478651 ], [ 5988734.799468737095594, 2107119.819802667945623 ], [ 5988862.936068562790751, 2107138.82707174308598 ], [ 5988992.318693798035383, 2107145.183232535608113 ], [ 5989121.701319033280015, 2107138.82707174308598 ], [ 5989217.206385155208409, 2107124.660233444999903 ], [ 5989304.217753680422902, 2107128.934827874414623 ], [ 5989383.631096276454628, 2107125.033500523306429 ], [ 5989429.039707718417048, 2107131.769231744110584 ], [ 5989558.42233295366168, 2107138.125392536632717 ], [ 5989687.804958188906312, 2107131.769231744110584 ], [ 5989693.715394915081561, 2107130.892501275520772 ], [ 5989796.111507415771484, 2107146.081529743503779 ], [ 5989925.494132651016116, 2107152.437690536025912 ], [ 5989946.283988311886787, 2107151.416350420098752 ], [ 5989987.367830223403871, 2107161.707317093852907 ], [ 5990115.504430049099028, 2107180.714586168993264 ], [ 5990244.88705528434366, 2107187.070746961515397 ], [ 5990314.163781476207078, 2107183.667399641592056 ], [ 5990363.485469394363463, 2107190.983580925967544 ], [ 5990492.868094629608095, 2107197.339741718489677 ], [ 5990622.250719864852726, 2107190.983580925967544 ], [ 5990750.387319690547884, 2107171.976311850827187 ], [ 5990761.040206767618656, 2107169.307902549393475 ], [ 5990850.400910136289895, 2107191.691593497060239 ], [ 5990978.537509961985052, 2107210.698862572200596 ], [ 5991107.920135197229683, 2107217.055023364722729 ], [ 5991111.27508847322315, 2107216.890205079223961 ], [ 5991163.877785447053611, 2107219.474409870803356 ], [ 5991293.260410682298243, 2107213.118249078281224 ], [ 5991382.682532282546163, 2107199.853730362839997 ], [ 5991412.235524377785623, 2107201.305575765669346 ], [ 5991436.749125553295016, 2107200.101299763657153 ], [ 5991490.659338314086199, 2107202.749738686718047 ], [ 5991620.041963549330831, 2107196.393577894195914 ], [ 5991707.100153408013284, 2107183.479715328197926 ], [ 5991741.546208560466766, 2107195.804710938129574 ], [ 5991867.202757474966347, 2107227.280037904158235 ], [ 5991995.339357300661504, 2107246.287306979298592 ], [ 5992124.721982535906136, 2107252.643467771820724 ], [ 5992221.435530272312462, 2107247.892235841602087 ], [ 5992279.847439053468406, 2107326.651577521115541 ], [ 5992366.840286325663328, 2107422.633393591269851 ], [ 5992462.822102395817637, 2107509.626240863930434 ], [ 5992566.868529905565083, 2107586.792330664582551 ], [ 5992677.977544881403446, 2107653.388511364813894 ], [ 5992685.68880832195282, 2107657.035667350050062 ], [ 5992784.845374591648579, 2107730.575188890565187 ], [ 5992895.954389567486942, 2107797.17136959079653 ], [ 5993013.05595145560801, 2107852.556283566169441 ], [ 5993135.022308202460408, 2107896.196543817408383 ], [ 5993260.678857116959989, 2107927.671870783437043 ], [ 5993388.815456942655146, 2107946.6791398585774 ], [ 5993518.198082177899778, 2107953.035300651099533 ], [ 5993526.821153069846332, 2107952.611676342785358 ], [ 5993591.520644978620112, 2107955.790158561896533 ], [ 5993720.903270213864744, 2107949.4339977693744 ], [ 5993817.286112505942583, 2107935.136953676119447 ], [ 5993887.040901306085289, 2107960.095616197679192 ], [ 5994012.697450220584869, 2107991.570943163707852 ], [ 5994140.834050046280026, 2108010.578212238848209 ], [ 5994270.216675281524658, 2108016.934373031370342 ], [ 5994276.690758720971644, 2108016.616321706678718 ], [ 5994350.188244925811887, 2108020.227021669968963 ], [ 5994479.570870161056519, 2108013.87086087744683 ], [ 5994607.707469986751676, 2107994.863591802306473 ], [ 5994724.163240717723966, 2107965.692939795088023 ], [ 5994773.110701953992248, 2107958.432269794866443 ], [ 5994898.341435165144503, 2107927.063604109920561 ], [ 5994941.843006387352943, 2107947.638314994052052 ], [ 5995063.809363134205341, 2107991.278575245290995 ], [ 5995189.465912048704922, 2108022.753902211319655 ], [ 5995317.602511874400079, 2108041.761171286460012 ], [ 5995368.335931000299752, 2108044.253544345963746 ], [ 5995389.28911290038377, 2108047.361655275337398 ], [ 5995419.259365842677653, 2108048.833999389316887 ], [ 5995507.89264037553221, 2108101.958739700727165 ], [ 5995624.994202263653278, 2108157.343653676100075 ], [ 5995746.960559010505676, 2108200.983913927339017 ], [ 5995872.617107925005257, 2108232.459240893367678 ], [ 5995899.829648254439235, 2108236.49583993665874 ], [ 5995901.476468361914158, 2108236.90834689931944 ], [ 5996029.613068187609315, 2108255.915615974459797 ], [ 5996158.995693422853947, 2108262.27177676698193 ], [ 5996288.378318658098578, 2108255.915615974459797 ], [ 5996416.514918483793736, 2108236.90834689931944 ], [ 5996542.171467398293316, 2108205.43301993329078 ], [ 5996553.03202086314559, 2108201.547051766887307 ], [ 5996565.603231450542808, 2108209.081945421174169 ], [ 5996614.666401480324566, 2108232.287096639163792 ], [ 5996644.581208787858486, 2108250.21734211454168 ], [ 5996761.682770675979555, 2108305.60225608991459 ], [ 5996883.649127422831953, 2108349.242516341153532 ], [ 5997009.305676337331533, 2108380.717843307182193 ], [ 5997049.958393028005958, 2108386.748104183934629 ], [ 5997055.383604128845036, 2108388.107048820704222 ], [ 5997183.520203954540193, 2108407.114317895844579 ], [ 5997312.902829189784825, 2108413.470478688366711 ], [ 5997442.285454425029457, 2108407.114317895844579 ], [ 5997499.711671870201826, 2108398.595943220425397 ], [ 5997570.780837469734251, 2108432.209155200980604 ], [ 5997692.747194216586649, 2108475.849415452219546 ], [ 5997802.739322409033775, 2108503.401009288616478 ], [ 5997821.013221679255366, 2108509.939514997880906 ], [ 5997946.669770593754947, 2108541.414841963909566 ], [ 5998074.806370419450104, 2108560.422111039049923 ], [ 5998106.347370856441557, 2108561.97162102907896 ], [ 5998118.261847801506519, 2108563.738966732751578 ], [ 5998247.644473036751151, 2108570.09512752527371 ], [ 5998377.027098271995783, 2108563.738966732751578 ], [ 5998505.16369809769094, 2108544.731697657611221 ], [ 5998630.820247012190521, 2108513.256370691582561 ], [ 5998752.786603759042919, 2108469.616110440343618 ], [ 5998869.888165647163987, 2108414.231196464970708 ], [ 5998980.99718062300235, 2108347.635015764739364 ], [ 5999085.043608132749796, 2108270.468925964087248 ], [ 5999181.025424202904105, 2108183.476078691426665 ], [ 5999268.018271475099027, 2108087.494262621272355 ], [ 5999345.184361276216805, 2107983.447835111059248 ], [ 5999411.78054197691381, 2107872.338820135686547 ], [ 5999467.165455951355398, 2107755.237258247099817 ], [ 5999510.805716203525662, 2107633.270901501178741 ], [ 5999542.281043169088662, 2107507.614352586679161 ], [ 5999561.288312244229019, 2107379.477752760518342 ], [ 5999561.750211163423955, 2107370.075584262609482 ], [ 5999562.378150880336761, 2107365.84235854819417 ], [ 5999568.734311672858894, 2107236.459733312949538 ], [ 5999562.378150880336761, 2107107.077108077704906 ], [ 5999543.370881805196404, 2106978.940508251544088 ], [ 5999511.895554839633405, 2106853.283959337044507 ], [ 5999468.25529458746314, 2106731.317602591123432 ], [ 5999412.870380613021553, 2106614.216040702536702 ], [ 5999346.274199912324548, 2106503.107025727164 ], [ 5999269.10811011120677, 2106399.060598216950893 ], [ 5999182.115262839011848, 2106303.078782146796584 ], [ 5999086.133446768857539, 2106216.085934874136001 ], [ 5998982.087019259110093, 2106138.919845073483884 ], [ 5998870.97800428327173, 2106072.323664373252541 ], [ 5998753.876442395150661, 2106016.93875039787963 ], [ 5998631.910085648298264, 2105973.298490146640688 ], [ 5998518.697220536880195, 2105944.940143710002303 ], [ 5998513.077165188267827, 2105942.282055491581559 ], [ 5998391.110808441415429, 2105898.641795240342617 ], [ 5998265.454259526915848, 2105867.166468274313956 ], [ 5998225.588694629259408, 2105861.252970336470753 ], [ 5998190.971849615685642, 2105852.581902057398111 ], [ 5998062.835249789990485, 2105833.574632982257754 ], [ 5997933.452624554745853, 2105827.218472189735621 ], [ 5997804.069999319501221, 2105833.574632982257754 ], [ 5997742.910750079900026, 2105842.646750615444034 ], [ 5997714.46151668112725, 2105829.191265316214412 ], [ 5997592.495159934274852, 2105785.55100506497547 ], [ 5997466.838611019775271, 2105754.07567809894681 ], [ 5997451.05608916003257, 2105751.734562132973224 ], [ 5997445.366149121895432, 2105750.309306349139661 ], [ 5997317.229549296200275, 2105731.302037273999304 ], [ 5997187.846924060955644, 2105724.945876481477171 ], [ 5997058.464298825711012, 2105731.302037273999304 ], [ 5996930.327699, 2105750.309306349139661 ], [ 5996848.70584066119045, 2105770.754517530091107 ], [ 5996790.401108152233064, 2105735.808005739934742 ], [ 5996673.299546264111996, 2105680.423091764561832 ], [ 5996551.333189517259598, 2105636.78283151332289 ], [ 5996458.123262305743992, 2105613.434960186481476 ], [ 5996452.333769287914038, 2105609.141179526690394 ], [ 5996341.224754312075675, 2105542.54499882645905 ], [ 5996224.123192423954606, 2105487.16008485108614 ], [ 5996102.156835677102208, 2105443.519824599847198 ], [ 5995976.500286762602627, 2105412.044497633818537 ], [ 5995848.36368693690747, 2105393.03722855867818 ], [ 5995718.981061701662838, 2105386.681067766156048 ], [ 5995711.908014108426869, 2105387.028544312808663 ], [ 5995709.227895265445113, 2105386.630986237432808 ], [ 5995579.845270030200481, 2105380.274825444910675 ], [ 5995450.46264479495585, 2105386.630986237432808 ], [ 5995322.326044969260693, 2105405.638255312573165 ], [ 5995242.693248517811298, 2105425.585232427343726 ], [ 5995189.465912048704922, 2105433.480761946644634 ], [ 5995064.235178837552667, 2105464.849427631590515 ], [ 5995020.733607615344226, 2105444.274716747459024 ], [ 5994898.767250868491828, 2105400.634456496220082 ], [ 5994773.110701953992248, 2105369.159129530191422 ], [ 5994644.974102128297091, 2105350.151860455051064 ], [ 5994515.591476893052459, 2105343.795699662528932 ], [ 5994481.793116071261466, 2105345.456106657162309 ], [ 5994441.657756891101599, 2105343.484382896218449 ], [ 5994312.275131655856967, 2105349.840543688740581 ], [ 5994240.696878468617797, 2105360.458174561616033 ], [ 5994219.025681339204311, 2105314.63827795535326 ], [ 5994152.429500638507307, 2105203.529262979980558 ], [ 5994075.263410837389529, 2105099.482835469767451 ], [ 5993988.270563565194607, 2105003.501019399613142 ], [ 5993892.288747495040298, 2104916.508172126952559 ], [ 5993788.242319985292852, 2104839.342082326300442 ], [ 5993677.133305009454489, 2104772.745901626069099 ], [ 5993560.03174312133342, 2104717.360987650696188 ], [ 5993438.065386374481022, 2104673.720727399457246 ], [ 5993312.408837459981441, 2104642.245400433428586 ], [ 5993184.272237634286284, 2104623.238131358288229 ], [ 5993054.889612399041653, 2104616.881970565766096 ], [ 5992925.506987163797021, 2104623.238131358288229 ], [ 5992797.370387338101864, 2104642.245400433428586 ], [ 5992761.185090368613601, 2104651.309345474932343 ], [ 5992635.636436877772212, 2104619.861044905614108 ], [ 5992507.499837052077055, 2104600.853775830473751 ], [ 5992378.117211816832423, 2104594.497615037951618 ], [ 5992264.539361832663417, 2104600.077337011229247 ], [ 5992197.276681219227612, 2104590.099860857706517 ], [ 5992067.89405598398298, 2104583.743700065184385 ], [ 5991938.511430748738348, 2104590.099860857706517 ], [ 5991823.951299919746816, 2104607.09325099689886 ], [ 5991748.178563375025988, 2104588.113168554380536 ], [ 5991620.041963549330831, 2104569.105899479240179 ], [ 5991490.659338314086199, 2104562.749738686718047 ], [ 5991466.145737138576806, 2104563.95401468873024 ], [ 5991412.235524377785623, 2104561.305575765669346 ], [ 5991282.852899142540991, 2104567.661736558191478 ], [ 5991193.430777542293072, 2104580.926255273632705 ], [ 5991163.877785447053611, 2104579.474409870803356 ], [ 5991160.522832171060145, 2104579.639228156302124 ], [ 5991107.920135197229683, 2104577.055023364722729 ], [ 5990978.537509961985052, 2104583.411184157244861 ], [ 5990850.400910136289895, 2104602.418453232385218 ], [ 5990839.748023059219122, 2104605.08686253381893 ], [ 5990750.387319690547884, 2104582.703171586152166 ], [ 5990622.250719864852726, 2104563.695902511011809 ], [ 5990492.868094629608095, 2104557.339741718489677 ], [ 5990475.103463346138597, 2104558.212462090887129 ], [ 5990418.537378429435194, 2104544.043395429849625 ], [ 5990290.400778603740036, 2104525.036126354709268 ], [ 5990161.018153368495405, 2104518.679965562187135 ], [ 5990080.706968234851956, 2104522.625401088967919 ], [ 5990054.876757886260748, 2104518.793851328548044 ], [ 5989925.494132651016116, 2104512.437690536025912 ], [ 5989796.111507415771484, 2104518.793851328548044 ], [ 5989790.201070689596236, 2104519.670581797137856 ], [ 5989687.804958188906312, 2104504.481553329154849 ], [ 5989558.42233295366168, 2104498.125392536632717 ], [ 5989479.008990357629955, 2104502.02671988774091 ], [ 5989433.600378915667534, 2104495.290988666936755 ], [ 5989304.217753680422902, 2104488.934827874414623 ], [ 5989174.83512844517827, 2104495.290988666936755 ], [ 5989079.330062323249876, 2104509.457826965022832 ], [ 5988992.318693798035383, 2104505.183232535608113 ], [ 5988862.936068562790751, 2104511.539393328130245 ], [ 5988749.292506047524512, 2104528.39682340156287 ], [ 5988702.77449490968138, 2104511.752412872388959 ], [ 5988577.117945995181799, 2104480.277085906360298 ], [ 5988448.981346169486642, 2104461.269816831219941 ], [ 5988319.59872093424201, 2104454.913656038697809 ], [ 5988190.216095698997378, 2104461.269816831219941 ], [ 5988062.079495873302221, 2104480.277085906360298 ], [ 5987997.574480910785496, 2104496.434751021675766 ], [ 5987957.433600413613021, 2104486.379983886145055 ], [ 5987829.297000587917864, 2104467.372714811004698 ], [ 5987703.317752925679088, 2104461.183751237113029 ], [ 5987647.292956213466823, 2104447.150270213373005 ], [ 5987519.156356387771666, 2104428.143001138232648 ], [ 5987389.773731152527034, 2104421.786840345710516 ], [ 5987310.574391749687493, 2104425.677654394414276 ], [ 5987274.50236089527607, 2104420.326874074991792 ], [ 5987145.119735660031438, 2104413.97071328246966 ], [ 5987015.737110424786806, 2104420.326874074991792 ], [ 5986887.600510599091649, 2104439.334143150132149 ], [ 5986874.303314181044698, 2104442.664917460177094 ], [ 5986775.066196632571518, 2104417.807313547004014 ], [ 5986646.929596806876361, 2104398.800044471863657 ], [ 5986517.54697157163173, 2104392.443883679341525 ], [ 5986388.164346336387098, 2104398.800044471863657 ], [ 5986260.027746510691941, 2104417.807313547004014 ], [ 5986134.37119759619236, 2104449.282640513032675 ], [ 5986064.79126541595906, 2104474.178738335613161 ], [ 5986034.910091293044388, 2104460.045995512977242 ], [ 5985912.94373454619199, 2104416.4057352617383 ], [ 5985787.28718563169241, 2104384.93040829570964 ], [ 5985659.150585805997252, 2104365.923139220569283 ], [ 5985529.767960570752621, 2104359.56697842804715 ], [ 5985400.385335335507989, 2104365.923139220569283 ], [ 5985272.248735509812832, 2104384.93040829570964 ], [ 5985209.964725181460381, 2104400.531740711536258 ], [ 5985168.507821301929653, 2104390.147326879668981 ], [ 5985045.922509365715086, 2104371.963513575959951 ], [ 5984987.085236569866538, 2104357.225543966982514 ], [ 5984858.948636744171381, 2104338.218274891842157 ], [ 5984729.566011508926749, 2104331.862114099320024 ], [ 5984728.27170280367136, 2104331.925699408631772 ], [ 5984654.226890035904944, 2104328.288111015688628 ], [ 5984633.739805751480162, 2104329.294576927553862 ], [ 5984600.166391789913177, 2104327.645220863632858 ], [ 5984470.783766554668546, 2104334.00138165615499 ], [ 5984342.647166728973389, 2104353.008650731295347 ], [ 5984216.990617814473808, 2104384.483977697324008 ], [ 5984204.436944623477757, 2104388.975753788370639 ], [ 5984106.636632706038654, 2104353.982242638710886 ], [ 5983980.980083791539073, 2104322.506915672682226 ], [ 5983852.843483965843916, 2104303.499646597541869 ], [ 5983723.460858730599284, 2104297.143485805019736 ], [ 5983594.078233495354652, 2104303.499646597541869 ], [ 5983465.941633669659495, 2104322.506915672682226 ], [ 5983340.285084755159914, 2104353.982242638710886 ], [ 5983272.97521994356066, 2104378.066097368486226 ], [ 5983242.226529518142343, 2104363.523049892392009 ], [ 5983120.260172771289945, 2104319.882789641153067 ], [ 5982994.603623856790364, 2104288.407462675124407 ], [ 5982866.467024031095207, 2104269.40019359998405 ], [ 5982737.084398795850575, 2104263.044032807461917 ], [ 5982607.701773560605943, 2104269.40019359998405 ], [ 5982479.565173734910786, 2104288.407462675124407 ], [ 5982353.908624820411205, 2104319.882789641153067 ], [ 5982306.068742210045457, 2104337.000173345673829 ], [ 5982249.241688729263842, 2104316.667128485161811 ], [ 5982123.585139814764261, 2104285.191801519133151 ], [ 5981995.448539989069104, 2104266.184532443992794 ], [ 5981866.065914753824472, 2104259.828371651470661 ], [ 5981736.683289518579841, 2104266.184532443992794 ], [ 5981608.546689692884684, 2104285.191801519133151 ], [ 5981597.671092829667032, 2104287.915996717754751 ], [ 5981584.539615943096578, 2104284.626732989680022 ], [ 5981534.453969538211823, 2104266.705802150536329 ], [ 5981408.797420623712242, 2104235.230475184507668 ], [ 5981280.660820798017085, 2104216.223206109367311 ], [ 5981151.278195562772453, 2104209.867045316845179 ], [ 5981021.895570327527821, 2104216.223206109367311 ], [ 5980893.758970501832664, 2104235.230475184507668 ], [ 5980768.102421587333083, 2104266.705802150536329 ], [ 5980646.136064840480685, 2104310.346062401775271 ], [ 5980529.034502952359617, 2104365.730976377148181 ], [ 5980417.925487976521254, 2104432.327157077379525 ], [ 5980362.465295732021332, 2104473.459238952025771 ] ] ], [ [ [ 5985592.840581983327866, 2111247.902249660808593 ], [ 5985475.739020095206797, 2111303.287163636181504 ], [ 5985364.630005119368434, 2111369.883344336412847 ], [ 5985260.583577609620988, 2111447.049434137064964 ], [ 5985164.601761539466679, 2111534.042281409725547 ], [ 5985077.608914267271757, 2111630.024097479879856 ], [ 5985000.442824466153979, 2111734.070524990092963 ], [ 5984933.846643765456975, 2111845.179539965465665 ], [ 5984878.461729791015387, 2111962.281101854052395 ], [ 5984834.821469538845122, 2112084.24745859997347 ], [ 5984803.346142573282123, 2112209.904007514473051 ], [ 5984784.338873498141766, 2112338.040607340633869 ], [ 5984777.982712705619633, 2112467.423232575878501 ], [ 5984784.338873498141766, 2112596.805857811123133 ], [ 5984803.346142573282123, 2112724.942457637283951 ], [ 5984834.821469538845122, 2112850.599006551783532 ], [ 5984878.461729791015387, 2112972.565363297704607 ], [ 5984933.846643765456975, 2113089.666925186291337 ], [ 5985000.442824466153979, 2113200.775940161664039 ], [ 5985077.608914267271757, 2113304.822367671877146 ], [ 5985164.601761539466679, 2113400.804183742031455 ], [ 5985260.583577609620988, 2113487.797031014692038 ], [ 5985364.630005119368434, 2113564.963120815344155 ], [ 5985475.739020095206797, 2113631.559301515575498 ], [ 5985592.840581983327866, 2113686.944215490948409 ], [ 5985714.806938730180264, 2113730.584475742187351 ], [ 5985840.463487644679844, 2113762.059802708216012 ], [ 5985968.600087470375001, 2113781.067071783356369 ], [ 5986063.117116829380393, 2113785.710395685397089 ], [ 5986110.356289067305624, 2113808.052860196214169 ], [ 5986232.322645814158022, 2113851.693120447453111 ], [ 5986357.979194728657603, 2113883.168447413481772 ], [ 5986486.11579455435276, 2113902.175716488622129 ], [ 5986615.498419789597392, 2113908.531877281144261 ], [ 5986744.881045024842024, 2113902.175716488622129 ], [ 5986873.017644850537181, 2113883.168447413481772 ], [ 5986891.198907341808081, 2113878.61427823966369 ], [ 5986983.53537929803133, 2113901.743360415101051 ], [ 5987111.671979123726487, 2113920.750629490241408 ], [ 5987241.054604358971119, 2113927.106790282763541 ], [ 5987370.437229594215751, 2113920.750629490241408 ], [ 5987498.573829419910908, 2113901.743360415101051 ], [ 5987624.230378334410489, 2113870.268033449072391 ], [ 5987647.967778201214969, 2113861.77465596748516 ], [ 5987661.123861697502434, 2113867.997020049951971 ], [ 5987783.090218444354832, 2113911.637280301190913 ], [ 5987908.746767358854413, 2113943.112607267219573 ], [ 5988036.88336718454957, 2113962.11987634235993 ], [ 5988166.265992419794202, 2113968.476037134882063 ], [ 5988295.648617655038834, 2113962.11987634235993 ], [ 5988423.785217480733991, 2113943.112607267219573 ], [ 5988549.441766395233572, 2113911.637280301190913 ], [ 5988671.408123142085969, 2113867.997020049951971 ], [ 5988788.509685030207038, 2113812.61210607457906 ], [ 5988899.618700006045401, 2113746.015925374347717 ], [ 5989003.665127515792847, 2113668.8498355736956 ], [ 5989099.646943585947156, 2113581.856988301035017 ], [ 5989186.639790858142078, 2113485.875172230880708 ], [ 5989263.805880659259856, 2113381.828744720667601 ], [ 5989330.402061359956861, 2113270.719729745294899 ], [ 5989342.235679321922362, 2113245.699646717403084 ], [ 5989344.369430402293801, 2113250.211084331851453 ], [ 5989410.965611102990806, 2113361.320099307224154 ], [ 5989488.131700904108584, 2113465.366526817437261 ], [ 5989575.124548176303506, 2113561.348342887591571 ], [ 5989671.106364246457815, 2113648.341190160252154 ], [ 5989775.152791756205261, 2113725.50727996090427 ], [ 5989820.469386294484138, 2113752.669001440051943 ], [ 5989825.870101328939199, 2113757.563924222253263 ], [ 5989929.916528838686645, 2113834.73001402290538 ], [ 5990041.025543814525008, 2113901.326194723136723 ], [ 5990158.127105702646077, 2113956.711108698509634 ], [ 5990280.093462449498475, 2114000.351368949748576 ], [ 5990405.750011363998055, 2114031.826695915777236 ], [ 5990533.886611189693213, 2114050.833964990917593 ], [ 5990663.269236424937844, 2114057.190125783439726 ], [ 5990792.651861660182476, 2114050.833964990917593 ], [ 5990920.788461485877633, 2114031.826695915777236 ], [ 5991046.445010400377214, 2114000.351368949748576 ], [ 5991075.376057026907802, 2113989.99967494327575 ], [ 5991094.805999344214797, 2113999.189353256952018 ], [ 5991216.772356091067195, 2114042.82961350819096 ], [ 5991342.428905005566776, 2114074.30494047421962 ], [ 5991470.565504831261933, 2114093.312209549359977 ], [ 5991599.948130066506565, 2114099.66837034188211 ], [ 5991729.330755301751196, 2114093.312209549359977 ], [ 5991857.467355127446353, 2114074.30494047421962 ], [ 5991983.123904041945934, 2114042.82961350819096 ], [ 5992105.090260788798332, 2113999.189353256952018 ], [ 5992222.191822676919401, 2113943.804439281579107 ], [ 5992268.964247206225991, 2113915.770126886665821 ], [ 5992283.416808379814029, 2113926.488876776304096 ], [ 5992394.525823355652392, 2113993.085057476535439 ], [ 5992511.62738524377346, 2114048.46997145190835 ], [ 5992633.593741990625858, 2114092.110231703147292 ], [ 5992759.250290905125439, 2114123.585558669175953 ], [ 5992887.386890730820596, 2114142.59282774431631 ], [ 5993016.769515966065228, 2114148.948988536838442 ], [ 5993146.15214120130986, 2114142.59282774431631 ], [ 5993274.288741027005017, 2114123.585558669175953 ], [ 5993399.945289941504598, 2114092.110231703147292 ], [ 5993517.588518055155873, 2114050.016811611130834 ], [ 5993583.301224434748292, 2114081.096607057377696 ], [ 5993705.26758118160069, 2114124.736867308616638 ], [ 5993830.924130096100271, 2114156.212194274645299 ], [ 5993959.060729921795428, 2114175.219463349785656 ], [ 5994088.44335515704006, 2114181.575624142307788 ], [ 5994217.825980392284691, 2114175.219463349785656 ], [ 5994345.962580217979848, 2114156.212194274645299 ], [ 5994471.619129132479429, 2114124.736867308616638 ], [ 5994509.953060367144644, 2114111.020767392590642 ], [ 5994631.33594236895442, 2114154.452257041819394 ], [ 5994756.992491283454001, 2114185.927584007848054 ], [ 5994885.129091109149158, 2114204.934853082988411 ], [ 5995014.51171634439379, 2114211.291013875510544 ], [ 5995143.894341579638422, 2114204.934853082988411 ], [ 5995170.075697015970945, 2114201.051215869374573 ], [ 5995290.411714246496558, 2114218.901377821806818 ], [ 5995419.79433948174119, 2114225.257538614328951 ], [ 5995549.176964716985822, 2114218.901377821806818 ], [ 5995677.313564542680979, 2114199.894108746666461 ], [ 5995802.97011345718056, 2114168.418781780637801 ], [ 5995893.693298717029393, 2114135.957507039420307 ], [ 5995957.825449254363775, 2114166.289755245670676 ], [ 5996079.791806001216173, 2114209.930015496909618 ], [ 5996205.448354915715754, 2114241.405342462938279 ], [ 5996333.584954741410911, 2114260.412611538078636 ], [ 5996462.967579976655543, 2114266.768772330600768 ], [ 5996592.350205211900175, 2114260.412611538078636 ], [ 5996720.486805037595332, 2114241.405342462938279 ], [ 5996730.087077213451266, 2114239.000599468592554 ], [ 5996774.03185570705682, 2114259.784931780770421 ], [ 5996895.998212453909218, 2114303.425192032009363 ], [ 5997021.654761368408799, 2114334.900518998038024 ], [ 5997149.791361194103956, 2114353.907788073178381 ], [ 5997279.173986429348588, 2114360.263948865700513 ], [ 5997408.55661166459322, 2114353.907788073178381 ], [ 5997536.693211490288377, 2114334.900518998038024 ], [ 5997554.150774017907679, 2114330.527627228293568 ], [ 5997667.790510932914913, 2114384.275219930801541 ], [ 5997789.756867679767311, 2114427.915480182040483 ], [ 5997915.413416594266891, 2114459.390807148069143 ], [ 5998043.550016419962049, 2114478.3980762232095 ], [ 5998172.93264165520668, 2114484.754237015731633 ], [ 5998302.315266890451312, 2114478.3980762232095 ], [ 5998430.451866716146469, 2114459.390807148069143 ], [ 5998507.918001125566661, 2114439.986550622154027 ], [ 5998589.177294932305813, 2114478.419334306847304 ], [ 5998711.143651679158211, 2114522.059594558086246 ], [ 5998836.800200593657792, 2114553.534921524114907 ], [ 5998862.643744081258774, 2114557.368449068628252 ], [ 5998831.992641938850284, 2114622.17475961195305 ], [ 5998788.352381686680019, 2114744.141116357874125 ], [ 5998756.87705472111702, 2114869.797665272373706 ], [ 5998737.869785645976663, 2114997.934265098534524 ], [ 5998731.51362485345453, 2115127.316890333779156 ], [ 5998737.869785645976663, 2115256.699515569023788 ], [ 5998756.87705472111702, 2115384.836115395184606 ], [ 5998788.352381686680019, 2115510.492664309684187 ], [ 5998831.992641938850284, 2115632.459021055605263 ], [ 5998887.377555913291872, 2115749.560582944191992 ], [ 5998953.973736613988876, 2115860.669597919564694 ], [ 5999031.139826415106654, 2115964.716025429777801 ], [ 5999118.132673687301576, 2116060.69784149993211 ], [ 5999214.114489757455885, 2116147.690688772592694 ], [ 5999318.160917267203331, 2116224.85677857324481 ], [ 5999429.269932243041694, 2116291.452959273476154 ], [ 5999546.371494131162763, 2116346.837873248849064 ], [ 5999668.337850878015161, 2116390.478133500088006 ], [ 5999793.994399792514741, 2116421.953460466116667 ], [ 5999922.130999618209898, 2116440.960729541257024 ], [ 6000051.51362485345453, 2116447.316890333779156 ], [ 6000180.896250088699162, 2116440.960729541257024 ], [ 6000281.443627850152552, 2116426.045934966299683 ], [ 6000347.55329258274287, 2116457.313477731309831 ], [ 6000469.519649329595268, 2116500.953737982548773 ], [ 6000595.176198244094849, 2116532.429064948577434 ], [ 6000723.312798069790006, 2116551.436334023717791 ], [ 6000852.695423305034637, 2116557.792494816239923 ], [ 6000982.078048540279269, 2116551.436334023717791 ], [ 6001110.214648365974426, 2116532.429064948577434 ], [ 6001174.748544195666909, 2116516.264165552798659 ], [ 6001211.944324119016528, 2116538.558458068873733 ], [ 6001329.045886007137597, 2116593.943372044246644 ], [ 6001451.012242753989995, 2116637.583632295485586 ], [ 6001576.668791668489575, 2116669.058959261514246 ], [ 6001704.805391494184732, 2116688.066228336654603 ], [ 6001834.188016729429364, 2116694.422389129176736 ], [ 6001963.570641964673996, 2116688.066228336654603 ], [ 6002091.707241790369153, 2116669.058959261514246 ], [ 6002217.363790704868734, 2116637.583632295485586 ], [ 6002339.330147451721132, 2116593.943372044246644 ], [ 6002456.4317093398422, 2116538.558458068873733 ], [ 6002567.540724315680563, 2116471.96227736864239 ], [ 6002671.587151825428009, 2116394.796187567990273 ], [ 6002767.568967895582318, 2116307.80334029532969 ], [ 6002854.56181516777724, 2116211.821524225175381 ], [ 6002931.727904968895018, 2116107.775096714962274 ], [ 6002998.324085669592023, 2115996.666081739589572 ], [ 6003053.708999644033611, 2115879.564519851002842 ], [ 6003097.349259896203876, 2115757.598163105081767 ], [ 6003128.824586861766875, 2115631.941614190582186 ], [ 6003147.831855936907232, 2115503.805014364421368 ], [ 6003154.188016729429364, 2115374.422389129176736 ], [ 6003147.831855936907232, 2115245.039763893932104 ], [ 6003142.216048314236104, 2115207.181064090691507 ], [ 6003146.974816427566111, 2115206.947280804626644 ], [ 6003177.689191605895758, 2115202.391233630944043 ], [ 6003195.771933048963547, 2115210.94373338483274 ], [ 6003317.738289795815945, 2115254.583993636071682 ], [ 6003443.394838710315526, 2115286.059320602100343 ], [ 6003571.531438536010683, 2115305.0665896772407 ], [ 6003700.914063771255314, 2115311.422750469762832 ], [ 6003830.296689006499946, 2115305.0665896772407 ], [ 6003958.433288832195103, 2115286.059320602100343 ], [ 6004008.525298646651208, 2115273.511925333645195 ], [ 6004090.334867374040186, 2115312.204969672951847 ], [ 6004212.301224120892584, 2115355.845229924190789 ], [ 6004337.957773035392165, 2115387.32055689021945 ], [ 6004466.094372861087322, 2115406.327825965359807 ], [ 6004595.476998096331954, 2115412.683986757881939 ], [ 6004724.859623331576586, 2115406.327825965359807 ], [ 6004732.793662033975124, 2115405.150922499131411 ], [ 6004713.612474081106484, 2115426.314102137461305 ], [ 6004636.446384279988706, 2115530.360529647674412 ], [ 6004569.850203579291701, 2115641.469544623047113 ], [ 6004514.465289604850113, 2115758.571106511633843 ], [ 6004470.825029352679849, 2115880.537463257554919 ], [ 6004439.349702387116849, 2116006.194012172054499 ], [ 6004420.342433311976492, 2116134.330611998215318 ], [ 6004413.98627251945436, 2116263.713237233459949 ], [ 6004420.342433311976492, 2116393.095862468704581 ], [ 6004439.349702387116849, 2116521.2324622948654 ], [ 6004470.825029352679849, 2116646.88901120936498 ], [ 6004514.465289604850113, 2116768.855367955286056 ], [ 6004569.850203579291701, 2116885.956929843872786 ], [ 6004636.446384279988706, 2116997.065944819245487 ], [ 6004713.612474081106484, 2117101.112372329458594 ], [ 6004719.560723220929503, 2117107.675253908615559 ], [ 6004710.338322346098721, 2117169.847630470059812 ], [ 6004703.982161553576589, 2117299.230255705304444 ], [ 6004708.01069366838783, 2117381.23291074950248 ], [ 6004700.344698900356889, 2117432.912849619053304 ], [ 6004693.988538107834756, 2117562.295474854297936 ], [ 6004700.344698900356889, 2117691.678100089542568 ], [ 6004702.356615454889834, 2117705.241339784581214 ], [ 6004660.190579346381128, 2117794.393932658713311 ], [ 6004616.550319094210863, 2117916.360289404634386 ], [ 6004585.074992128647864, 2118042.016838319133967 ], [ 6004566.067723053507507, 2118170.153438145294785 ], [ 6004559.711562260985374, 2118299.536063380539417 ], [ 6004566.067723053507507, 2118428.918688615784049 ], [ 6004570.531043683178723, 2118459.00795221189037 ], [ 6004563.955568743869662, 2118472.910625888034701 ], [ 6004520.315308491699398, 2118594.876982633955777 ], [ 6004488.839981526136398, 2118720.533531548455358 ], [ 6004469.832712450996041, 2118848.670131374616176 ], [ 6004463.476551658473909, 2118978.052756609860808 ], [ 6004469.832712450996041, 2119107.435381845105439 ], [ 6004488.839981526136398, 2119235.571981671266258 ], [ 6004520.315308491699398, 2119361.228530585765839 ], [ 6004563.955568743869662, 2119483.194887331686914 ], [ 6004619.34048271831125, 2119600.296449220273644 ], [ 6004685.936663419008255, 2119711.405464195646346 ], [ 6004763.102753220126033, 2119815.451891705859452 ], [ 6004850.095600492320955, 2119911.433707776013762 ], [ 6004946.077416562475264, 2119998.426555048674345 ], [ 6005050.12384407222271, 2120075.592644849326462 ], [ 6005161.232859048061073, 2120142.188825549557805 ], [ 6005278.334420936182141, 2120197.573739524930716 ], [ 6005400.300777683034539, 2120241.213999776169658 ], [ 6005525.95732659753412, 2120272.689326742198318 ], [ 6005654.093926423229277, 2120291.696595817338675 ], [ 6005783.476551658473909, 2120298.052756609860808 ], [ 6005912.859176893718541, 2120291.696595817338675 ], [ 6006040.995776719413698, 2120272.689326742198318 ], [ 6006166.652325633913279, 2120241.213999776169658 ], [ 6006288.618682380765676, 2120197.573739524930716 ], [ 6006405.720244268886745, 2120142.188825549557805 ], [ 6006516.829259244725108, 2120075.592644849326462 ], [ 6006620.875686754472554, 2119998.426555048674345 ], [ 6006716.857502824626863, 2119911.433707776013762 ], [ 6006803.850350096821785, 2119815.451891705859452 ], [ 6006881.016439897939563, 2119711.405464195646346 ], [ 6006906.816745862364769, 2119668.360254221595824 ], [ 6006922.652544315904379, 2119647.008151761256158 ], [ 6006989.248725016601384, 2119535.899136785883456 ], [ 6007044.633638991042972, 2119418.797574897296727 ], [ 6007088.273899243213236, 2119296.831218151375651 ], [ 6007119.749226208776236, 2119171.17466923687607 ], [ 6007138.756495283916593, 2119043.038069410715252 ], [ 6007145.112656076438725, 2118913.65544417547062 ], [ 6007139.215746164321899, 2118793.621085368096828 ], [ 6007177.351885054260492, 2118687.03771730652079 ], [ 6007208.827212019823492, 2118561.381168392021209 ], [ 6007227.834481094963849, 2118433.244568565860391 ], [ 6007234.190641887485981, 2118303.861943330615759 ], [ 6007227.834481094963849, 2118174.479318095371127 ], [ 6007217.10217914916575, 2118102.128015327267349 ], [ 6007233.509521022439003, 2118067.437605576124042 ], [ 6007277.149781274609268, 2117945.471248830202967 ], [ 6007297.331697697751224, 2117864.900522084906697 ], [ 6007335.949874619953334, 2117846.635484691243619 ], [ 6007447.058889595791698, 2117780.039303991012275 ], [ 6007551.105317105539143, 2117702.873214190360159 ], [ 6007647.087133175693452, 2117615.880366917699575 ], [ 6007734.079980447888374, 2117519.898550847545266 ], [ 6007811.246070249006152, 2117415.852123337332159 ], [ 6007877.842250949703157, 2117304.743108361959457 ], [ 6007933.227164924144745, 2117187.641546473372728 ], [ 6007976.86742517631501, 2117065.675189727451652 ], [ 6008008.342752141878009, 2116940.018640812952071 ], [ 6008027.350021217018366, 2116811.882040986791253 ], [ 6008033.706182009540498, 2116682.499415751546621 ], [ 6008027.350021217018366, 2116553.11679051630199 ], [ 6008020.925364393740892, 2116509.805272319354117 ], [ 6008055.487021293491125, 2116514.932009826414287 ], [ 6008184.869646528735757, 2116521.288170618936419 ], [ 6008227.858004996553063, 2116519.17628799052909 ], [ 6008283.276022479869425, 2116539.005171709693968 ], [ 6008408.932571394369006, 2116570.480498675722629 ], [ 6008537.069171220064163, 2116589.487767750862986 ], [ 6008666.451796455308795, 2116595.843928543385118 ], [ 6008707.318471016362309, 2116593.836277561727911 ], [ 6008741.328242452815175, 2116606.005168362054974 ], [ 6008866.984791367314756, 2116637.480495328083634 ], [ 6008995.121391193009913, 2116656.487764403223991 ], [ 6009124.504016428254545, 2116662.843925195746124 ], [ 6009177.373868523165584, 2116660.24659591447562 ], [ 6009213.066164411604404, 2116673.017503590323031 ], [ 6009299.421728695742786, 2116694.648446383420378 ], [ 6009243.790229755453765, 2116769.658839377108961 ], [ 6009177.194049054756761, 2116880.767854352481663 ], [ 6009121.809135080315173, 2116997.869416241068393 ], [ 6009078.168874828144908, 2117119.835772986989468 ], [ 6009046.693547862581909, 2117245.492321901489049 ], [ 6009027.686278787441552, 2117373.628921727649868 ], [ 6009021.330117994919419, 2117503.011546962894499 ], [ 6009027.686278787441552, 2117632.394172198139131 ], [ 6009046.693547862581909, 2117760.530772024299949 ], [ 6009078.168874828144908, 2117886.18732093879953 ], [ 6009121.809135080315173, 2118008.153677684720606 ], [ 6009177.194049054756761, 2118125.255239573307335 ], [ 6009243.790229755453765, 2118236.364254548680037 ], [ 6009320.956319556571543, 2118340.410682058893144 ], [ 6009407.949166828766465, 2118436.392498129047453 ], [ 6009503.930982898920774, 2118523.385345401708037 ], [ 6009607.97741040866822, 2118600.551435202360153 ], [ 6009719.086425384506583, 2118667.147615902591497 ], [ 6009836.187987272627652, 2118722.532529877964407 ], [ 6009958.15434401948005, 2118766.172790129203349 ], [ 6010083.81089293397963, 2118797.64811709523201 ], [ 6010211.947492759674788, 2118816.655386170372367 ], [ 6010341.330117994919419, 2118823.011546962894499 ], [ 6010470.712743230164051, 2118816.655386170372367 ], [ 6010598.849343055859208, 2118797.64811709523201 ], [ 6010724.505891970358789, 2118766.172790129203349 ], [ 6010846.472248717211187, 2118722.532529877964407 ], [ 6010963.573810605332255, 2118667.147615902591497 ], [ 6011074.682825581170619, 2118600.551435202360153 ], [ 6011178.729253090918064, 2118523.385345401708037 ], [ 6011274.711069161072373, 2118436.392498129047453 ], [ 6011350.205037286505103, 2118353.097740109544247 ], [ 6011354.321709848940372, 2118354.570709105115384 ], [ 6011416.702731665223837, 2118370.196341633796692 ], [ 6011426.767318435013294, 2118381.300901909824461 ], [ 6011522.749134505167603, 2118468.293749182485044 ], [ 6011626.795562014915049, 2118545.459838983137161 ], [ 6011737.904576990753412, 2118612.056019683368504 ], [ 6011855.006138878874481, 2118667.440933658741415 ], [ 6011976.972495625726879, 2118711.081193909980357 ], [ 6012038.711844936944544, 2118726.546095843426883 ], [ 6011989.222134054638445, 2118781.149577350821346 ], [ 6011912.056044253520668, 2118885.196004861034453 ], [ 6011845.459863552823663, 2118996.305019836407155 ], [ 6011790.074949578382075, 2119113.406581724993885 ], [ 6011746.43468932621181, 2119235.37293847091496 ], [ 6011727.370449398644269, 2119311.481650531291962 ], [ 6011652.395746452733874, 2119367.08667992753908 ], [ 6011556.413930382579565, 2119454.079527200199664 ], [ 6011469.421083110384643, 2119550.061343270353973 ], [ 6011392.254993309266865, 2119654.10777078056708 ], [ 6011325.65881260856986, 2119765.216785755939782 ], [ 6011270.273898634128273, 2119882.318347644526511 ], [ 6011227.484368172474205, 2120001.907073906622827 ], [ 6011214.216814525425434, 2120008.18215944385156 ], [ 6011103.107799549587071, 2120074.778340144082904 ], [ 6010999.061372039839625, 2120151.94442994473502 ], [ 6010903.079555969685316, 2120238.937277217395604 ], [ 6010816.086708697490394, 2120334.919093287549913 ], [ 6010738.920618896372616, 2120438.96552079776302 ], [ 6010672.324438195675611, 2120550.074535773135722 ], [ 6010669.356694201938808, 2120556.349303251132369 ], [ 6010649.27284974604845, 2120561.380044397898018 ], [ 6010527.306492999196053, 2120605.020304649136961 ], [ 6010410.204931111074984, 2120660.405218624509871 ], [ 6010299.095916135236621, 2120727.001399324741215 ], [ 6010195.049488625489175, 2120804.167489125393331 ], [ 6010099.067672555334866, 2120891.160336398053914 ], [ 6010019.218184612691402, 2120979.260669992305338 ], [ 6010011.806589088402689, 2120976.608758709393442 ], [ 6009886.150040173903108, 2120945.133431743364781 ], [ 6009758.013440348207951, 2120926.126162668224424 ], [ 6009628.630815112963319, 2120919.770001875702292 ], [ 6009499.248189877718687, 2120926.126162668224424 ], [ 6009371.11159005202353, 2120945.133431743364781 ], [ 6009349.858101769350469, 2120950.457153416704386 ], [ 6009347.770595481619239, 2120949.205950299277902 ], [ 6009230.66903359349817, 2120893.821036323904991 ], [ 6009108.702676846645772, 2120850.180776072666049 ], [ 6008983.046127932146192, 2120818.705449106637388 ], [ 6008854.909528106451035, 2120799.698180031497031 ], [ 6008725.526902871206403, 2120793.342019238974899 ], [ 6008596.144277635961771, 2120799.698180031497031 ], [ 6008468.007677810266614, 2120818.705449106637388 ], [ 6008342.351128895767033, 2120850.180776072666049 ], [ 6008325.382934913039207, 2120856.25209295982495 ], [ 6008287.842071333900094, 2120838.496586830355227 ], [ 6008165.875714587047696, 2120794.856326579116285 ], [ 6008040.219165672548115, 2120763.380999613087624 ], [ 6007912.082565846852958, 2120744.373730537947267 ], [ 6007782.699940611608326, 2120738.017569745425135 ], [ 6007653.317315376363695, 2120744.373730537947267 ], [ 6007525.180715550668538, 2120763.380999613087624 ], [ 6007399.524166636168957, 2120794.856326579116285 ], [ 6007277.557809889316559, 2120838.496586830355227 ], [ 6007160.45624800119549, 2120893.881500805728137 ], [ 6007049.347233025357127, 2120960.477681505959481 ], [ 6006945.300805515609682, 2121037.643771306611598 ], [ 6006849.318989445455372, 2121124.636618579272181 ], [ 6006762.32614217326045, 2121220.61843464942649 ], [ 6006685.160052372142673, 2121324.664862159639597 ], [ 6006618.563871671445668, 2121435.773877135012299 ], [ 6006563.17895769700408, 2121552.875439023599029 ], [ 6006519.538697444833815, 2121674.841795769520104 ], [ 6006488.063370479270816, 2121800.498344684019685 ], [ 6006469.056101404130459, 2121928.634944510180503 ], [ 6006462.699940611608326, 2122058.017569745425135 ], [ 6006469.056101404130459, 2122187.400194980669767 ], [ 6006488.063370479270816, 2122315.536794806830585 ], [ 6006519.538697444833815, 2122441.193343721330166 ], [ 6006539.725996093824506, 2122497.613063827157021 ], [ 6006753.528169273398817, 2122669.901843859348446 ], [ 6006673.290519555099308, 2122771.56715820915997 ], [ 6006685.160052372142673, 2122791.370277331210673 ], [ 6006730.546333101578057, 2122852.566592707764357 ], [ 6006901.306169267743826, 2122633.726843860931695 ], [ 6006967.787169272080064, 2122578.460843861568719 ], [ 6007013.89284224063158, 2122570.772562278434634 ], [ 6007059.9351692693308, 2122563.094843851868063 ], [ 6007148.920169268734753, 2122576.565843856427819 ], [ 6007271.92716926895082, 2122586.424843856599182 ], [ 6007498.867445963434875, 2122598.53345166798681 ], [ 6007551.829784519970417, 2122601.359306098427624 ], [ 6007583.381182461045682, 2122603.04276004107669 ], [ 6007592.435169267468154, 2122603.525843859184533 ], [ 6007578.968169270083308, 2122679.55484386254102 ], [ 6007543.993606133386493, 2122698.802364156581461 ], [ 6007272.386169272474945, 2122848.275843855924904 ], [ 6007215.241169272921979, 2122936.126843856647611 ], [ 6007194.986169272102416, 2123061.462843852117658 ], [ 6007597.681514722295105, 2122796.133054851088673 ], [ 6007605.145646624267101, 2122791.21505278069526 ], [ 6007713.576169272884727, 2122719.771843861788511 ], [ 6007765.175169271416962, 2122685.571843856479973 ], [ 6007791.074169267900288, 2122539.362843860406429 ], [ 6008108.788169270381331, 2122532.853843858465552 ], [ 6008126.757169268094003, 2122606.05384385632351 ], [ 6008140.653169267810881, 2122677.880843856371939 ], [ 6007854.062169268727303, 2122793.011843855492771 ], [ 6007692.913822889328003, 2122934.238393560983241 ], [ 6007612.790169273503125, 2123004.456843853928149 ], [ 6007297.160902219824493, 2123280.82731530116871 ], [ 6007294.140579387545586, 2123283.471962462179363 ], [ 6007300.921823282726109, 2123285.89833032572642 ], [ 6007307.97964799311012, 2123295.414705315604806 ], [ 6007394.972495265305042, 2123391.396521385759115 ], [ 6007490.954311335459352, 2123478.389368658419698 ], [ 6007575.490850452333689, 2123541.085939074400812 ], [ 6007785.93174886610359, 2123377.85880118701607 ], [ 6007930.617475286126137, 2123265.634242203086615 ], [ 6007997.269579726271331, 2123213.935963380616158 ], [ 6008460.869116854853928, 2122854.347945359069854 ], [ 6008462.09016926959157, 2122853.400843857321888 ], [ 6008462.165650364011526, 2122857.089235146529973 ], [ 6008463.580169273540378, 2122926.209843866527081 ], [ 6008494.686395247466862, 2122912.385417816694826 ], [ 6008549.484169273637235, 2122888.031843861564994 ], [ 6008515.729890981689095, 2122947.494369383435696 ], [ 6008465.816169268451631, 2123035.423843852709979 ], [ 6008552.079089356586337, 2123001.421970600727946 ], [ 6008953.096169274300337, 2122843.354843851644546 ], [ 6008687.113939987495542, 2123083.542665848042816 ], [ 6008499.16816927306354, 2123253.261843863874674 ], [ 6008703.578169274143875, 2123358.33784386748448 ], [ 6008807.684080286882818, 2123263.221192602999508 ], [ 6009355.967169270850718, 2122762.280843857210129 ], [ 6008944.965310295112431, 2123367.091253353748471 ], [ 6008934.072513380087912, 2123383.120565190911293 ], [ 6008927.246760939247906, 2123393.16501155635342 ], [ 6008909.796367190778255, 2123418.844164968002588 ], [ 6008879.105169269256294, 2123464.007843859493732 ], [ 6009141.276169273070991, 2123567.907843858469278 ], [ 6009145.293772623874247, 2123561.211313604842871 ], [ 6009672.190169273875654, 2122682.981843856628984 ], [ 6009902.510169268585742, 2122641.858843856491148 ], [ 6009628.551169271580875, 2123375.851843860466033 ], [ 6009744.82316926959902, 2123409.896843859460205 ], [ 6010038.579124502837658, 2122691.18341047456488 ], [ 6010038.579124502837658, 2122691.183410475030541 ], [ 6010075.064169268123806, 2122601.917843858711421 ], [ 6010218.581038907170296, 2122565.932087882421911 ], [ 6010391.293169272132218, 2122522.625843862537295 ], [ 6010302.556197325699031, 2122932.37767745507881 ], [ 6010232.849169271066785, 2123254.256843865383416 ], [ 6010378.745169272646308, 2123324.119843858294189 ], [ 6010460.819530484266579, 2123026.159283244516701 ], [ 6010620.873169272206724, 2122445.10484385676682 ], [ 6010908.221169273369014, 2122366.408843862358481 ], [ 6010893.432169267907739, 2123058.68784385593608 ], [ 6011033.786096009425819, 2123055.829074216075242 ], [ 6011095.609169272705913, 2123054.569843861740083 ], [ 6011096.735330774448812, 2122913.134304161183536 ], [ 6011098.251605610363185, 2122722.704113254323602 ], [ 6011101.822107973508537, 2122274.281815005000681 ], [ 6011101.822107973508537, 2122274.281815005466342 ], [ 6011103.730169267393649, 2122034.646843862719834 ], [ 6011304.433169272728264, 2121957.719843859784305 ], [ 6011494.687734602950513, 2122464.158728587441146 ], [ 6011548.838169272057712, 2122608.30184385785833 ], [ 6011691.771169271320105, 2122532.553843855857849 ], [ 6011417.743169268593192, 2121846.153843855019659 ], [ 6011617.708169274032116, 2121732.823843855410814 ], [ 6012034.667169268243015, 2122343.480843854602426 ], [ 6012147.979169267229736, 2122231.916843853890896 ], [ 6011791.011169267818332, 2121729.297843859530985 ], [ 6011836.580001053400338, 2121695.049742101226002 ], [ 6011990.237169273197651, 2121579.565843855496496 ], [ 6012224.912339435890317, 2121822.977717095054686 ], [ 6012368.034797637723386, 2121971.428469807375222 ], [ 6012368.034797637723386, 2121971.428469806909561 ], [ 6012403.491169271990657, 2122008.204843855462968 ], [ 6012544.951169269159436, 2121859.650843869429082 ], [ 6012127.257169271819293, 2121212.581843859516084 ], [ 6012180.695684359408915, 2121163.469032886438072 ], [ 6012180.695684359408915, 2121163.46903288597241 ], [ 6012410.923169269226491, 2120951.877843858208507 ], [ 6012968.60116926766932, 2121377.590843858662993 ], [ 6013081.922169272787869, 2121266.030843851622194 ], [ 6012781.764120187610388, 2121006.650207544211298 ], [ 6012464.255169270560145, 2120732.275843861047179 ], [ 6012577.576169272884727, 2120620.713843855075538 ], [ 6013170.808849860914052, 2121029.931434132624418 ], [ 6013170.808849860914052, 2121029.931434132158756 ], [ 6013193.027169272303581, 2121045.257843865081668 ], [ 6013224.073516643606126, 2121004.455050018616021 ], [ 6013305.611169273033738, 2120897.293843863997608 ], [ 6012661.275169271975756, 2120473.334843857213855 ], [ 6012773.858169274404645, 2120325.368843866046518 ], [ 6012937.43213939294219, 2120432.997200240846723 ], [ 6012937.43213939294219, 2120432.997200240381062 ], [ 6013418.197169272229075, 2120749.330843856092542 ], [ 6013501.900169270113111, 2120601.954843859188259 ], [ 6013171.275398378260434, 2120384.410433645360172 ], [ 6012857.558169270865619, 2120177.990843861363828 ], [ 6012941.259169272147119, 2120030.611843859311193 ], [ 6013585.603169267997146, 2120454.57784386118874 ], [ 6013634.20666974876076, 2120384.824263869319111 ], [ 6013894.488169269636273, 2120011.27984386542812 ], [ 6013702.317790471948683, 2119867.522163344081491 ], [ 6013702.317790471948683, 2119867.52216334361583 ], [ 6013278.287169272080064, 2119550.315843852236867 ], [ 6013363.469169267453253, 2119475.747843858785927 ], [ 6013535.718651501461864, 2119584.511491851881146 ], [ 6013535.718651501461864, 2119584.511491851415485 ], [ 6013978.195169274695218, 2119863.904843866359442 ], [ 6014090.052169273607433, 2119679.538843865972012 ], [ 6013496.277169272303581, 2119284.399843852967024 ], [ 6013590.221169270575047, 2119143.008843865245581 ], [ 6013644.214169273152947, 2119069.437843858264387 ], [ 6014192.297526665963233, 2119479.448589330539107 ], [ 6014260.420169267803431, 2119530.409843854606152 ], [ 6014373.017169269733131, 2119382.450843858998269 ], [ 6014294.431417124345899, 2119321.901360740419477 ], [ 6013751.24216927215457, 2118903.379843861795962 ], [ 6013812.37116926908493, 2118811.090843861922622 ], [ 6014252.311169267632067, 2119129.95784386061132 ], [ 6014336.759169273078442, 2119018.987843858078122 ], [ 6014167.176087544299662, 2118896.07460905238986 ], [ 6014167.176087545230985, 2118896.07460905238986 ], [ 6013896.819169271737337, 2118700.120843863114715 ], [ 6013922.394621403887868, 2118666.51308615365997 ], [ 6013981.267169274389744, 2118589.150843860581517 ], [ 6014472.364200053736567, 2118918.373226436786354 ], [ 6014508.607169268652797, 2118942.669843864161521 ], [ 6014621.944169269874692, 2118831.117843854706734 ], [ 6014121.910169270820916, 2118441.715843853540719 ], [ 6014124.953802661038935, 2118437.716449744999409 ], [ 6014124.953802661970258, 2118437.716449744533747 ], [ 6014150.905169267207384, 2118403.615843855775893 ], [ 6014177.182396378368139, 2118367.063505524303764 ], [ 6014223.703169273212552, 2118302.351843859534711 ], [ 6014264.392243263311684, 2118331.521933920215815 ], [ 6014378.465585843659937, 2118413.301373711787164 ], [ 6014378.46558584459126, 2118413.301373711787164 ], [ 6014698.113302181474864, 2118642.457551495637745 ], [ 6014704.922169271856546, 2118647.338843861129135 ], [ 6014790.111169274896383, 2118572.776843864936382 ], [ 6014553.119169268757105, 2118286.213843860663474 ], [ 6014503.358169274404645, 2118226.400843857787549 ], [ 6014799.718169274739921, 2117761.878843850456178 ], [ 6015198.621169273741543, 2118009.115843856241554 ], [ 6015324.226169268600643, 2117832.126843857113272 ], [ 6015039.721169273369014, 2117568.371843857690692 ], [ 6014999.605169267393649, 2117485.417843855917454 ], [ 6015077.212169267237186, 2117364.391843860037625 ], [ 6015140.177169268019497, 2117291.007843862753361 ], [ 6015444.211169268004596, 2116718.901843862608075 ], [ 6015446.184169271960855, 2116702.108843860216439 ], [ 6015594.509169270284474, 2116519.198843868914992 ], [ 6015729.153169268742204, 2116345.671843858901411 ], [ 6015858.990169267170131, 2116177.340843857266009 ], [ 6015956.753169268369675, 2116066.472843862138689 ], [ 6016552.033169271424413, 2116291.191843863110989 ], [ 6016588.353169272653759, 2116214.705843864940107 ], [ 6016012.036169272847474, 2115970.301843855064362 ], [ 6016062.800169272348285, 2115893.524843862745911 ], [ 6016089.204169267788529, 2115784.096843858715147 ], [ 6016097.878169268369675, 2115741.310843859799206 ], [ 6016548.06116927228868, 2115864.798843855969608 ], [ 6016818.197169272229075, 2115946.0308438539505 ], [ 6016616.92716927267611, 2115725.379843859467655 ], [ 6016259.44716926664114, 2115583.995843857526779 ], [ 6016404.191169271245599, 2115480.921843863092363 ], [ 6016840.48516927100718, 2115617.805843867361546 ], [ 6016924.222169267944992, 2115470.440843860153109 ], [ 6016371.630169274285436, 2115299.481843852903694 ], [ 6016396.115169270895422, 2115080.469843855593354 ], [ 6016859.839169268496335, 2115143.960843859240413 ], [ 6016915.420169272460043, 2115033.582843863870949 ], [ 6016276.879169272258878, 2114900.775843855459243 ], [ 6016301.365169269032776, 2114681.764843860175461 ], [ 6016866.571317735128105, 2114725.072002859320492 ], [ 6017041.607466847635806, 2114738.483602079562843 ], [ 6017003.504587909206748, 2114687.107817177660763 ], [ 6016965.182124450802803, 2114644.825494500342757 ], [ 6017017.983032673597336, 2114596.969540811143816 ], [ 6017091.030716621316969, 2114516.373841453809291 ], [ 6017157.112169273197651, 2114118.223843862302601 ], [ 6016259.255169266834855, 2114027.0618438529782 ], [ 6016197.072169269435108, 2113810.162843853235245 ], [ 6016804.538169270381331, 2113833.969843854662031 ], [ 6016830.50416926946491, 2113688.132843860890716 ], [ 6016280.81316926702857, 2113662.794843867886811 ], [ 6016218.621169267222285, 2113445.531843854580075 ], [ 6016826.103169272653759, 2113469.703843858093023 ], [ 6016804.408169275149703, 2113296.783843862824142 ], [ 6016792.809169271960855, 2113251.857843868434429 ], [ 6016213.481169270351529, 2113190.697843864560127 ], [ 6016210.934670021757483, 2113064.483182801865041 ], [ 6016210.543169271200895, 2113045.078843863680959 ], [ 6016237.660048818215728, 2113048.464607207570225 ], [ 6016963.966169274412096, 2113139.149843861814588 ], [ 6017017.352169268764555, 2112919.556843864265829 ], [ 6016235.765169272199273, 2112862.471843857318163 ], [ 6016175.775169271975756, 2112754.423843855503947 ], [ 6017014.420169270597398, 2112773.937843867577612 ], [ 6017068.540169274434447, 2112590.750843854155391 ], [ 6016200.262169267050922, 2112535.412843859754503 ], [ 6016169.165169273503125, 2112426.780843861401081 ], [ 6017093.768169273622334, 2112408.144843854941428 ], [ 6017094.394089878536761, 2112404.620068477932364 ], [ 6017008.955862319096923, 2112310.353510938119143 ], [ 6016944.215799599885941, 2112251.676538370549679 ], [ 6016193.653169270604849, 2112207.769843856804073 ], [ 6016191.449169272556901, 2112098.555843851529062 ], [ 6016892.057137041352689, 2112055.924599695485085 ], [ 6016895.31900782417506, 2112033.934853060171008 ], [ 6016901.675168616697192, 2111904.552227824926376 ], [ 6016900.627984358929098, 2111883.23630257230252 ], [ 6016215.203169271349907, 2111843.139843860175461 ], [ 6016211.5321692712605, 2111661.115843862295151 ], [ 6016881.030613282695413, 2111678.845070837531239 ], [ 6016876.311738749034703, 2111647.033002763520926 ], [ 6016844.836411783471704, 2111521.376453849021345 ], [ 6016801.196151531301439, 2111399.41009710310027 ], [ 6016745.811237556859851, 2111282.30853521451354 ], [ 6016679.215056856162846, 2111171.199520239140838 ], [ 6016602.048967055045068, 2111067.153092728927732 ], [ 6016515.056119782850146, 2110971.171276658773422 ], [ 6016419.074303712695837, 2110884.178429386112839 ], [ 6016315.027876202948391, 2110807.012339585460722 ], [ 6016305.379382200539112, 2110801.229254835750908 ], [ 6016280.569222480989993, 2110767.776626985520124 ], [ 6016193.576375208795071, 2110671.794810915365815 ], [ 6016138.988701030611992, 2110622.31942696031183 ], [ 6016164.335932779125869, 2110610.3310791766271 ], [ 6016275.444947754964232, 2110543.734898476395756 ], [ 6016379.491375264711678, 2110466.568808675743639 ], [ 6016475.473191334865987, 2110379.575961403083056 ], [ 6016562.466038607060909, 2110283.594145332928747 ], [ 6016601.313078155741096, 2110231.214976001530886 ], [ 6016329.025169268250465, 2110205.605843856465071 ], [ 6016351.131169270724058, 2109983.001843857578933 ], [ 6016740.682191754691303, 2109995.592088464647532 ], [ 6016761.61322308331728, 2109951.337140958756208 ], [ 6016805.253483335487545, 2109829.370784212835133 ], [ 6016836.728810301050544, 2109703.714235298335552 ], [ 6016855.736079376190901, 2109575.577635472174734 ], [ 6016857.989267538301647, 2109529.712936785072088 ], [ 6016399.382169269956648, 2109508.575843867380172 ], [ 6016426.076169273816049, 2109398.777843856718391 ], [ 6016366.814169269986451, 2109327.133843853604048 ], [ 6016502.428954544477165, 2108868.145229454152286 ], [ 6016583.317169270478189, 2108594.378843856509775 ], [ 6016780.273067322559655, 2108506.96723740408197 ], [ 6016829.563687101006508, 2108402.7509779878892 ], [ 6016873.203947353176773, 2108280.784621241968125 ], [ 6016879.742298662662506, 2108254.682059636805207 ], [ 6016693.773169269785285, 2108337.216843858826905 ], [ 6016915.426169271580875, 2107859.298843862488866 ], [ 6016736.166169267147779, 2107571.553843859583139 ], [ 6016947.050681944005191, 2107591.411032915115356 ], [ 6016953.088991991244256, 2107468.498408230952919 ], [ 6016947.522150260396302, 2107355.182741602882743 ], [ 6016876.262169271707535, 2107350.214843856170774 ], [ 6016903.693169269710779, 2107276.822843862231821 ], [ 6016937.391906678676605, 2107276.144384923856705 ], [ 6016927.725562123581767, 2107210.979183169547468 ], [ 6016910.848700938746333, 2107143.602976552210748 ], [ 6016759.176987168379128, 2107139.58464780356735 ], [ 6016640.665169267915189, 2107136.44484386080876 ], [ 6016605.896169269457459, 2106845.788843860384077 ], [ 6016431.76416927203536, 2106812.879843860398978 ], [ 6016371.762169267982244, 2106704.831843853462487 ], [ 6016486.628169269300997, 2106666.095843862276524 ], [ 6016538.558169273659587, 2106373.693843860644847 ], [ 6016270.380169269628823, 2105978.485843863803893 ], [ 6016354.881169270724058, 2105867.523843863047659 ], [ 6016905.463169269263744, 2105929.268843855708838 ], [ 6016935.496923013590276, 2105820.416456276550889 ], [ 6016913.645863684825599, 2105774.216273001395166 ], [ 6016904.076281330548227, 2105747.471082010306418 ], [ 6016863.035115418955684, 2105660.69682734226808 ], [ 6016872.00125639513135, 2105648.607385729905218 ], [ 6016938.597437095828354, 2105537.498370754532516 ], [ 6016993.982351070269942, 2105420.396808865945786 ], [ 6017037.622611322440207, 2105298.430452120024711 ], [ 6017069.097938288003206, 2105172.77390320552513 ], [ 6017088.105207363143563, 2105044.637303379364312 ], [ 6017094.461368155665696, 2104915.25467814411968 ], [ 6017088.105207363143563, 2104785.872052908875048 ], [ 6017069.097938288003206, 2104657.73545308271423 ], [ 6017037.622611322440207, 2104532.078904168214649 ], [ 6016993.982351070269942, 2104410.112547422293574 ], [ 6016938.597437095828354, 2104293.010985533706844 ], [ 6016922.993900970555842, 2104266.978058258537203 ], [ 6016907.583892905153334, 2104234.396333674900234 ], [ 6016840.987712204456329, 2104123.287318699527532 ], [ 6016777.224674098193645, 2104037.312814364675432 ], [ 6016831.379613689146936, 2103988.229638178367168 ], [ 6016918.372460961341858, 2103892.247822108212858 ], [ 6016995.538550762459636, 2103788.201394597999752 ], [ 6017062.134731463156641, 2103677.09237962262705 ], [ 6017117.519645437598228, 2103559.99081773404032 ], [ 6017161.159905689768493, 2103438.024460988119245 ], [ 6017192.635232655331492, 2103312.367912073619664 ], [ 6017211.642501730471849, 2103184.231312247458845 ], [ 6017217.998662522993982, 2103054.848687012214214 ], [ 6017211.642501730471849, 2102925.466061776969582 ], [ 6017204.713007387705147, 2102878.751205473672599 ], [ 6017017.295169274322689, 2102867.785843857098371 ], [ 6016985.459169270470738, 2102722.749843860045075 ], [ 6017186.993217762559652, 2102774.805275907739997 ], [ 6017161.159905689768493, 2102671.672913036309183 ], [ 6017117.519645437598228, 2102549.706556290388107 ], [ 6017090.475368967279792, 2102492.52623790409416 ], [ 6017086.427996666170657, 2102481.21459010289982 ], [ 6017031.043082691729069, 2102364.11302821431309 ], [ 6016964.446901991032064, 2102253.004013238940388 ], [ 6016887.280812189914286, 2102148.957585728727281 ], [ 6016800.287964917719364, 2102052.975769658572972 ], [ 6016704.306148847565055, 2101965.982922385912389 ], [ 6016601.104662822559476, 2101889.443483898881823 ], [ 6016705.117623955011368, 2101827.100514192599803 ], [ 6016809.164051464758813, 2101749.934424391947687 ], [ 6016905.145867534913123, 2101662.941577119287103 ], [ 6016992.138714807108045, 2101566.959761049132794 ], [ 6017069.304804608225822, 2101462.913333538919687 ], [ 6017103.210852338001132, 2101406.344510443042964 ], [ 6017105.932274563238025, 2101402.675097349099815 ], [ 6017172.52845526393503, 2101291.566082373727113 ], [ 6017227.913369238376617, 2101174.464520485140383 ], [ 6017271.553629490546882, 2101052.498163739219308 ], [ 6017303.028956456109881, 2100926.841614824719727 ], [ 6017322.036225531250238, 2100798.705014998558909 ], [ 6017328.392386323772371, 2100669.322389763314277 ], [ 6017322.195658124983311, 2100543.185089533682913 ], [ 6017199.444169268943369, 2100424.386843856889755 ], [ 6016364.821169268339872, 2100623.294843861833215 ], [ 6016301.136169273406267, 2100333.222843857947737 ], [ 6016246.175169269554317, 2100303.738843866158277 ], [ 6016038.039169272407889, 2100192.850843859370798 ], [ 6015170.831169274635613, 2100210.35484386049211 ], [ 6015156.800169271416962, 2100217.194843856617808 ], [ 6014682.944698086939752, 2100448.821222697850317 ], [ 6014677.128346236422658, 2100472.041400891728699 ], [ 6014658.121077161282301, 2100600.178000717889518 ], [ 6014651.764916368760169, 2100729.560625953134149 ], [ 6014658.121077161282301, 2100858.943251188378781 ], [ 6014677.128346236422658, 2100987.079851014539599 ], [ 6014708.603673201985657, 2101112.73639992903918 ], [ 6014752.243933454155922, 2101234.702756674960256 ], [ 6014807.62884742859751, 2101351.804318563546985 ], [ 6014874.225028129294515, 2101462.913333538919687 ], [ 6014951.391117930412292, 2101566.959761049132794 ], [ 6015038.383965202607214, 2101662.941577119287103 ], [ 6015134.365781272761524, 2101749.934424391947687 ], [ 6015237.567267297767103, 2101826.473862878978252 ], [ 6015133.554306165315211, 2101888.816832585260272 ], [ 6015029.507878655567765, 2101965.982922385912389 ], [ 6014933.526062585413456, 2102052.975769658572972 ], [ 6014846.533215313218534, 2102148.957585728727281 ], [ 6014769.367125512100756, 2102253.004013238940388 ], [ 6014702.770944811403751, 2102364.11302821431309 ], [ 6014647.386030836962163, 2102481.21459010289982 ], [ 6014603.745770584791899, 2102603.180946848820895 ], [ 6014572.270443619228899, 2102728.837495763320476 ], [ 6014553.263174544088542, 2102856.974095589481294 ], [ 6014546.90701375156641, 2102986.356720824725926 ], [ 6014553.263174544088542, 2103115.739346059970558 ], [ 6014572.270443619228899, 2103243.875945886131376 ], [ 6014603.745770584791899, 2103369.532494800630957 ], [ 6014647.386030836962163, 2103491.498851546552032 ], [ 6014674.4303073072806, 2103548.67916993284598 ], [ 6014678.477679608389735, 2103559.99081773404032 ], [ 6014733.862593582831323, 2103677.09237962262705 ], [ 6014800.458774283528328, 2103788.201394597999752 ], [ 6014864.221812389791012, 2103874.175898932851851 ], [ 6014810.066872798837721, 2103923.259075119160116 ], [ 6014723.074025526642799, 2104019.240891189314425 ], [ 6014645.907935725525022, 2104123.287318699527532 ], [ 6014579.311755024828017, 2104234.396333674900234 ], [ 6014523.926841050386429, 2104351.497895563486964 ], [ 6014480.286580798216164, 2104473.464252309408039 ], [ 6014448.811253832653165, 2104599.12080122390762 ], [ 6014429.803984757512808, 2104727.257401050068438 ], [ 6014423.447823964990675, 2104856.64002628531307 ], [ 6014429.803984757512808, 2104986.022651520557702 ], [ 6014448.811253832653165, 2105114.15925134671852 ], [ 6014480.286580798216164, 2105239.815800261218101 ], [ 6014523.926841050386429, 2105361.782157007139176 ], [ 6014579.311755024828017, 2105478.883718895725906 ], [ 6014594.915291150100529, 2105504.916646170895547 ], [ 6014595.981551152653992, 2105507.171063533518463 ], [ 6014587.015410176478326, 2105519.260505146346986 ], [ 6014520.419229475781322, 2105630.369520121719688 ], [ 6014465.034315501339734, 2105747.471082010306418 ], [ 6014423.14298963919282, 2105864.549494584091008 ], [ 6014373.059278822503984, 2105877.094811061862856 ], [ 6014347.086677179671824, 2105886.38795652706176 ], [ 6014315.136783787049353, 2105887.957554139662534 ], [ 6014187.000183961354196, 2105906.964823214802891 ], [ 6014061.343635046854615, 2105938.440150180831552 ], [ 6014051.088232859037817, 2105942.109591757878661 ], [ 6013984.047830561175942, 2105901.927120996173471 ], [ 6013866.946268673054874, 2105846.542207020800561 ], [ 6013744.979911926202476, 2105802.901946769561619 ], [ 6013619.323363011702895, 2105771.426619803532958 ], [ 6013491.186763186007738, 2105752.419350728392601 ], [ 6013361.804137950763106, 2105746.063189935870469 ], [ 6013232.421512715518475, 2105752.419350728392601 ], [ 6013104.284912889823318, 2105771.426619803532958 ], [ 6012987.065300500951707, 2105800.788604185916483 ], [ 6012901.803397292271256, 2105770.281407408416271 ], [ 6012776.146848377771676, 2105738.806080442387611 ], [ 6012648.010248552076519, 2105719.798811367247254 ], [ 6012518.627623316831887, 2105713.442650574725121 ], [ 6012389.244998081587255, 2105719.798811367247254 ], [ 6012261.108398255892098, 2105738.806080442387611 ], [ 6012172.801923110149801, 2105760.9257009672001 ], [ 6012065.825988056138158, 2105722.649099362548441 ], [ 6011940.169439141638577, 2105691.17377239651978 ], [ 6011812.03283931594342, 2105672.166503321379423 ], [ 6011682.650214080698788, 2105665.810342528857291 ], [ 6011553.267588845454156, 2105672.166503321379423 ], [ 6011470.452564397826791, 2105684.450951755978167 ], [ 6011534.916786377318203, 2105576.898895017337054 ], [ 6011590.301700351759791, 2105459.797333128750324 ], [ 6011633.941960603930056, 2105337.830976382829249 ], [ 6011665.417287569493055, 2105212.174427468329668 ], [ 6011684.424556644633412, 2105084.03782764216885 ], [ 6011690.780717437155545, 2104954.655202406924218 ], [ 6011684.424556644633412, 2104825.272577171679586 ], [ 6011665.417287569493055, 2104697.135977345518768 ], [ 6011633.941960603930056, 2104571.479428431019187 ], [ 6011606.349194341339171, 2104494.362812852486968 ], [ 6011647.988250637426972, 2104406.324425177183002 ], [ 6011691.628510889597237, 2104284.358068431261927 ], [ 6011723.103837855160236, 2104158.701519516762346 ], [ 6011742.111106930300593, 2104030.564919690601528 ], [ 6011748.467267722822726, 2103901.182294455356896 ], [ 6011742.111106930300593, 2103771.799669220112264 ], [ 6011723.103837855160236, 2103643.663069393951446 ], [ 6011700.685903492383659, 2103554.165658646263182 ], [ 6011706.239541230723262, 2103542.423478209879249 ], [ 6011749.879801482893527, 2103420.457121463958174 ], [ 6011781.355128448456526, 2103294.800572549458593 ], [ 6011800.362397523596883, 2103166.663972723297775 ], [ 6011806.718558316119015, 2103037.281347488053143 ], [ 6011800.362397523596883, 2102907.898722252808511 ], [ 6011781.355128448456526, 2102779.762122426647693 ], [ 6011749.879801482893527, 2102654.105573512148112 ], [ 6011706.239541230723262, 2102532.139216766227037 ], [ 6011650.854627256281674, 2102415.037654877640307 ], [ 6011584.258446555584669, 2102303.928639902267605 ], [ 6011507.092356754466891, 2102199.882212392054498 ], [ 6011420.099509482271969, 2102103.900396321900189 ], [ 6011324.11769341211766, 2102016.907549049239606 ], [ 6011220.071265902370214, 2101939.741459248587489 ], [ 6011108.962250926531851, 2101873.145278548356146 ], [ 6010991.860689038410783, 2101817.760364572983235 ], [ 6010869.894332291558385, 2101774.120104321744293 ], [ 6010744.237783377058804, 2101742.644777355715632 ], [ 6010616.101183551363647, 2101723.637508280575275 ], [ 6010486.718558316119015, 2101717.281347488053143 ], [ 6010357.335933080874383, 2101723.637508280575275 ], [ 6010229.199333255179226, 2101742.644777355715632 ], [ 6010103.542784340679646, 2101774.120104321744293 ], [ 6009981.576427593827248, 2101817.760364572983235 ], [ 6009864.474865705706179, 2101873.145278548356146 ], [ 6009753.365850729867816, 2101939.741459248587489 ], [ 6009649.31942322012037, 2102016.907549049239606 ], [ 6009553.337607149966061, 2102103.900396321900189 ], [ 6009466.344759877771139, 2102199.882212392054498 ], [ 6009389.178670076653361, 2102303.928639902267605 ], [ 6009322.582489375956357, 2102415.037654877640307 ], [ 6009267.197575401514769, 2102532.139216766227037 ], [ 6009223.557315149344504, 2102654.105573512148112 ], [ 6009192.081988183781505, 2102779.762122426647693 ], [ 6009173.074719108641148, 2102907.898722252808511 ], [ 6009166.718558316119015, 2103037.281347488053143 ], [ 6009173.074719108641148, 2103166.663972723297775 ], [ 6009192.081988183781505, 2103294.800572549458593 ], [ 6009214.499922546558082, 2103384.297983297146857 ], [ 6009208.946284808218479, 2103396.04016373353079 ], [ 6009165.306024556048214, 2103518.006520479451865 ], [ 6009133.830697590485215, 2103643.663069393951446 ], [ 6009114.823428515344858, 2103771.799669220112264 ], [ 6009108.467267722822726, 2103901.182294455356896 ], [ 6009114.823428515344858, 2104030.564919690601528 ], [ 6009133.830697590485215, 2104158.701519516762346 ], [ 6009165.306024556048214, 2104284.358068431261927 ], [ 6009192.8987908186391, 2104361.474684009794146 ], [ 6009151.259734522551298, 2104449.513071685098112 ], [ 6009107.619474270381033, 2104571.479428431019187 ], [ 6009076.144147304818034, 2104697.135977345518768 ], [ 6009057.136878229677677, 2104825.272577171679586 ], [ 6009050.780717437155545, 2104954.655202406924218 ], [ 6009057.136878229677677, 2105084.03782764216885 ], [ 6009076.144147304818034, 2105212.174427468329668 ], [ 6009107.619474270381033, 2105337.830976382829249 ], [ 6009151.259734522551298, 2105459.797333128750324 ], [ 6009206.644648496992886, 2105576.898895017337054 ], [ 6009273.240829197689891, 2105688.007909992709756 ], [ 6009350.406918998807669, 2105792.054337502922863 ], [ 6009406.715796208009124, 2105854.181609627790749 ], [ 6009319.365493399091065, 2105918.965009422972798 ], [ 6009223.383677328936756, 2106005.957856695633382 ], [ 6009136.390830056741834, 2106101.939672765787691 ], [ 6009059.224740255624056, 2106205.986100276000798 ], [ 6008992.628559554927051, 2106317.0951152513735 ], [ 6008937.243645580485463, 2106434.196677139960229 ], [ 6008893.603385328315198, 2106556.163033885881305 ], [ 6008862.128058362752199, 2106681.819582800380886 ], [ 6008843.120789287611842, 2106809.956182626541704 ], [ 6008836.76462849508971, 2106939.338807861786336 ], [ 6008843.120789287611842, 2107068.721433097030967 ], [ 6008862.128058362752199, 2107196.858032923191786 ], [ 6008893.603385328315198, 2107322.514581837691367 ], [ 6008937.243645580485463, 2107444.480938583612442 ], [ 6008992.628559554927051, 2107561.582500472199172 ], [ 6009059.224740255624056, 2107672.691515447571874 ], [ 6009136.390830056741834, 2107776.737942957784981 ], [ 6009223.383677328936756, 2107872.71975902793929 ], [ 6009319.365493399091065, 2107959.712606300599873 ], [ 6009423.411920908838511, 2108036.87869610125199 ], [ 6009534.520935884676874, 2108103.474876801483333 ], [ 6009651.622497772797942, 2108158.859790776856244 ], [ 6009773.58885451965034, 2108202.500051028095186 ], [ 6009899.245403434149921, 2108233.975377994123846 ], [ 6010027.382003259845078, 2108252.982647069264203 ], [ 6010156.76462849508971, 2108259.338807861786336 ], [ 6010286.147253730334342, 2108252.982647069264203 ], [ 6010414.283853556029499, 2108233.975377994123846 ], [ 6010539.940402470529079, 2108202.500051028095186 ], [ 6010661.906759217381477, 2108158.859790776856244 ], [ 6010779.008321105502546, 2108103.474876801483333 ], [ 6010836.248472497798502, 2108069.166450376622379 ], [ 6010936.663602124899626, 2108143.639386119320989 ], [ 6011047.772617100737989, 2108210.235566819552332 ], [ 6011164.874178988859057, 2108265.620480794925243 ], [ 6011286.840535735711455, 2108309.260741046164185 ], [ 6011412.497084650211036, 2108340.736068012192845 ], [ 6011540.633684475906193, 2108359.743337087333202 ], [ 6011670.016309711150825, 2108366.099497879855335 ], [ 6011799.398934946395457, 2108359.743337087333202 ], [ 6011927.535534772090614, 2108340.736068012192845 ], [ 6012002.802640015259385, 2108321.88263961719349 ], [ 6012053.080674305558205, 2108339.872407942544669 ], [ 6012178.737223220057786, 2108371.347734908573329 ], [ 6012306.873823045752943, 2108390.355003983713686 ], [ 6012436.256448280997574, 2108396.711164776235819 ], [ 6012565.639073516242206, 2108390.355003983713686 ], [ 6012693.775673341937363, 2108371.347734908573329 ], [ 6012819.432222256436944, 2108339.872407942544669 ], [ 6012829.181169256567955, 2108336.384178929496557 ], [ 6012851.96910504437983, 2108347.162069872487336 ], [ 6012973.935461791232228, 2108390.802330123726279 ], [ 6013099.592010705731809, 2108422.277657089754939 ], [ 6013227.728610531426966, 2108441.284926164895296 ], [ 6013357.111235766671598, 2108447.641086957417428 ], [ 6013486.49386100191623, 2108441.284926164895296 ], [ 6013614.630460827611387, 2108422.277657089754939 ], [ 6013740.287009742110968, 2108390.802330123726279 ], [ 6013817.813495465554297, 2108363.062909978907555 ], [ 6013822.275716411881149, 2108365.737462286837399 ], [ 6013939.377278300002217, 2108421.12237626221031 ], [ 6014061.343635046854615, 2108464.762636513449252 ], [ 6014187.000183961354196, 2108496.237963479477912 ], [ 6014315.136783787049353, 2108515.245232554618269 ], [ 6014444.519409022293985, 2108521.601393347140402 ], [ 6014446.885195897892118, 2108521.485169690568 ], [ 6014477.220504904165864, 2108572.096575136762112 ], [ 6014413.343961681239307, 2108658.22412340529263 ], [ 6014346.747780980542302, 2108769.333138380665332 ], [ 6014291.362867006100714, 2108886.434700269252062 ], [ 6014247.722606753930449, 2109008.401057015173137 ], [ 6014216.24727978836745, 2109134.057605929672718 ], [ 6014205.761382321827114, 2109204.747784625738859 ], [ 6014090.213243436999619, 2109233.691086691338569 ], [ 6013968.246886690147221, 2109277.331346942577511 ], [ 6013851.145324802026153, 2109332.716260917950422 ], [ 6013740.036309826187789, 2109399.312441618181765 ], [ 6013667.90316392108798, 2109452.810028683394194 ], [ 6013643.51269871275872, 2109464.345859594643116 ], [ 6013532.403683736920357, 2109530.94204029487446 ], [ 6013428.357256227172911, 2109608.108130095526576 ], [ 6013332.375440157018602, 2109695.100977368187159 ], [ 6013317.806102639995515, 2109711.175764177460223 ], [ 6013316.60799444001168, 2109712.261666152626276 ], [ 6013305.404100187122822, 2109724.623258527368307 ], [ 6013302.227991384454072, 2109727.501915748696774 ], [ 6013215.23514411225915, 2109823.483731818851084 ], [ 6013138.069054311141372, 2109927.53015932906419 ], [ 6013071.472873610444367, 2110038.639174304436892 ], [ 6013016.087959636002779, 2110155.740736193023622 ], [ 6012974.231800546869636, 2110272.720864221453667 ], [ 6012933.206896384246647, 2110292.124198824632913 ], [ 6012822.097881408408284, 2110358.720379524864256 ], [ 6012718.051453898660839, 2110435.886469325516373 ], [ 6012622.069637828506529, 2110522.879316598176956 ], [ 6012535.076790556311607, 2110618.861132668331265 ], [ 6012457.91070075519383, 2110722.907560178544372 ], [ 6012391.314520054496825, 2110834.016575153917074 ], [ 6012335.929606080055237, 2110951.118137042503804 ], [ 6012292.289345827884972, 2111073.084493788424879 ], [ 6012260.814018862321973, 2111198.74104270292446 ], [ 6012241.806749787181616, 2111326.877642529085279 ], [ 6012235.450588994659483, 2111456.26026776432991 ], [ 6012241.806749787181616, 2111585.642892999574542 ], [ 6012242.869593686424196, 2111592.808004562743008 ], [ 6012237.546706245280802, 2111592.01842879736796 ], [ 6012108.16408101003617, 2111585.662268004845828 ], [ 6011978.781455774791539, 2111592.01842879736796 ], [ 6011850.644855949096382, 2111611.025697872508317 ], [ 6011724.988307034596801, 2111642.501024838536978 ], [ 6011603.021950287744403, 2111686.14128508977592 ], [ 6011485.920388399623334, 2111741.52619906514883 ], [ 6011374.811373423784971, 2111808.122379765380174 ], [ 6011330.434872733429074, 2111841.034235744271427 ], [ 6011305.919117897748947, 2111800.13216985296458 ], [ 6011304.875840537250042, 2111798.725473173428327 ], [ 6011310.626266232691705, 2111792.38085613027215 ], [ 6011387.792356033809483, 2111688.334428620059043 ], [ 6011454.388536734506488, 2111577.225413644686341 ], [ 6011509.773450708948076, 2111460.123851756099612 ], [ 6011553.41371096111834, 2111338.157495010178536 ], [ 6011584.88903792668134, 2111212.500946095678955 ], [ 6011603.896307001821697, 2111084.364346269518137 ], [ 6011610.252467794343829, 2110954.981721034273505 ], [ 6011603.896307001821697, 2110825.599095799028873 ], [ 6011584.88903792668134, 2110697.462495972868055 ], [ 6011553.41371096111834, 2110571.805947058368474 ], [ 6011509.773450708948076, 2110449.839590312447399 ], [ 6011454.388536734506488, 2110332.738028423860669 ], [ 6011387.792356033809483, 2110221.629013448487967 ], [ 6011310.626266232691705, 2110117.58258593827486 ], [ 6011223.633418960496783, 2110021.600769868120551 ], [ 6011127.651602890342474, 2109934.607922595459968 ], [ 6011023.605175380595028, 2109857.441832794807851 ], [ 6010912.496160404756665, 2109790.845652094576508 ], [ 6010795.394598516635597, 2109735.460738119203597 ], [ 6010673.428241769783199, 2109691.820477867964655 ], [ 6010547.771692855283618, 2109660.345150901935995 ], [ 6010419.635093029588461, 2109641.337881826795638 ], [ 6010290.252467794343829, 2109634.981721034273505 ], [ 6010160.869842559099197, 2109641.337881826795638 ], [ 6010032.73324273340404, 2109660.345150901935995 ], [ 6009907.076693818904459, 2109691.820477867964655 ], [ 6009785.110337072052062, 2109735.460738119203597 ], [ 6009668.008775183930993, 2109790.845652094576508 ], [ 6009556.89976020809263, 2109857.441832794807851 ], [ 6009452.853332698345184, 2109934.607922595459968 ], [ 6009421.197576369158924, 2109963.299027727451175 ], [ 6009372.835717560723424, 2109909.939939221832901 ], [ 6009276.853901490569115, 2109822.947091949172318 ], [ 6009172.807473980821669, 2109745.781002148520201 ], [ 6009061.698459004983306, 2109679.184821448288858 ], [ 6009014.36062412429601, 2109656.795692982617766 ], [ 6008965.576664212159812, 2109620.615042464341968 ], [ 6008854.467649236321449, 2109554.018861764110625 ], [ 6008793.711589765734971, 2109525.283385712187737 ], [ 6008787.893151733092964, 2109509.021940783597529 ], [ 6008732.508237758651376, 2109391.920378895010799 ], [ 6008665.912057057954371, 2109280.811363919638097 ], [ 6008588.745967256836593, 2109176.76493640942499 ], [ 6008501.753119984641671, 2109080.783120339270681 ], [ 6008405.771303914487362, 2108993.790273066610098 ], [ 6008301.724876404739916, 2108916.624183265957981 ], [ 6008190.615861428901553, 2108850.028002565726638 ], [ 6008101.103047284297645, 2108807.691594483796507 ], [ 6008028.328092719428241, 2108709.565927443094552 ], [ 6007941.335245447233319, 2108613.584111372940242 ], [ 6007865.626481185667217, 2108544.965687214862555 ], [ 6007858.000957172363997, 2108523.653775304555893 ], [ 6007843.354646660387516, 2108492.686753533314914 ], [ 6007874.505717259831727, 2108440.714332092553377 ], [ 6007929.890631234273314, 2108323.612770203966647 ], [ 6007973.530891486443579, 2108201.646413458045572 ], [ 6008005.006218452006578, 2108075.989864543545991 ], [ 6008024.013487527146935, 2107947.853264717385173 ], [ 6008030.369648319669068, 2107818.470639482140541 ], [ 6008024.013487527146935, 2107689.088014246895909 ], [ 6008005.006218452006578, 2107560.951414420735091 ], [ 6007973.530891486443579, 2107435.29486550623551 ], [ 6007929.890631234273314, 2107313.328508760314435 ], [ 6007923.45810289029032, 2107299.72807026701048 ], [ 6007948.449733833782375, 2107258.032053055241704 ], [ 6008003.834647808223963, 2107140.930491166654974 ], [ 6008047.474908060394228, 2107018.964134420733899 ], [ 6008078.950235025957227, 2106893.307585506234318 ], [ 6008097.957504101097584, 2106765.1709856800735 ], [ 6008104.313664893619716, 2106635.788360444828868 ], [ 6008097.957504101097584, 2106506.405735209584236 ], [ 6008078.950235025957227, 2106378.269135383423418 ], [ 6008047.474908060394228, 2106252.612586468923837 ], [ 6008003.834647808223963, 2106130.646229723002762 ], [ 6007994.322522364556789, 2106110.534530229866505 ], [ 6008002.462102578952909, 2106096.95446106698364 ], [ 6008057.847016553394496, 2105979.85289917839691 ], [ 6008101.487276805564761, 2105857.886542432475835 ], [ 6008132.96260377112776, 2105732.229993517976254 ], [ 6008151.969872846268117, 2105604.093393691815436 ], [ 6008158.32603363879025, 2105474.710768456570804 ], [ 6008151.969872846268117, 2105345.328143221326172 ], [ 6008132.96260377112776, 2105217.191543395165354 ], [ 6008101.487276805564761, 2105091.534994480665773 ], [ 6008057.847016553394496, 2104969.568637734744698 ], [ 6008053.061982674524188, 2104959.4515336221084 ], [ 6008072.302727264352143, 2104927.350290632806718 ], [ 6008127.687641238793731, 2104810.248728744219989 ], [ 6008171.327901490963995, 2104688.282371998298913 ], [ 6008202.803228456526995, 2104562.625823083799332 ], [ 6008221.810497531667352, 2104434.489223257638514 ], [ 6008228.166658324189484, 2104305.106598022393882 ], [ 6008221.810497531667352, 2104175.723972787149251 ], [ 6008202.803228456526995, 2104047.587372960988432 ], [ 6008171.327901490963995, 2103921.930824046488851 ], [ 6008127.687641238793731, 2103799.964467300567776 ], [ 6008105.273720649071038, 2103752.574213875923306 ], [ 6008135.793183743022382, 2103701.65556589467451 ], [ 6008191.17809771746397, 2103584.55400400608778 ], [ 6008234.818357969634235, 2103462.587647260166705 ], [ 6008266.293684935197234, 2103336.931098345667124 ], [ 6008285.300954010337591, 2103208.794498519506305 ], [ 6008291.657114802859724, 2103079.411873284261674 ], [ 6008285.300954010337591, 2102950.029248049017042 ], [ 6008266.293684935197234, 2102821.892648222856224 ], [ 6008234.818357969634235, 2102696.236099308356643 ], [ 6008195.737860425375402, 2102587.013425616547465 ], [ 6008202.012407287023962, 2102576.544976616743952 ], [ 6008257.397321261465549, 2102459.443414728157222 ], [ 6008301.037581513635814, 2102337.477057982236147 ], [ 6008332.512908479198813, 2102211.820509067736566 ], [ 6008351.52017755433917, 2102083.683909241575748 ], [ 6008357.876338346861303, 2101954.301284006331116 ], [ 6008351.52017755433917, 2101824.918658771086484 ], [ 6008332.512908479198813, 2101696.782058944925666 ], [ 6008301.037581513635814, 2101571.125510030426085 ], [ 6008257.397321261465549, 2101449.15915328450501 ], [ 6008249.312112344428897, 2101432.064415306318551 ], [ 6008263.42492401227355, 2101408.518611531704664 ], [ 6008318.809837986715138, 2101291.417049643117934 ], [ 6008362.450098238885403, 2101169.450692897196859 ], [ 6008393.925425204448402, 2101043.794143982697278 ], [ 6008412.932694279588759, 2100915.65754415653646 ], [ 6008419.288855072110891, 2100786.274918921291828 ], [ 6008412.932694279588759, 2100656.892293686047196 ], [ 6008393.925425204448402, 2100528.755693859886378 ], [ 6008362.450098238885403, 2100403.099144945386797 ], [ 6008318.809837986715138, 2100281.132788199465722 ], [ 6008263.42492401227355, 2100164.031226310878992 ], [ 6008196.828743311576545, 2100052.92221133550629 ], [ 6008119.662653510458767, 2099948.875783825293183 ], [ 6008118.043717799708247, 2099947.089563527144492 ], [ 6008112.948879836127162, 2099843.381754294969141 ], [ 6008093.941610760986805, 2099715.245154468808323 ], [ 6008062.466283795423806, 2099589.588605554308742 ], [ 6008018.826023543253541, 2099467.622248808387667 ], [ 6007963.441109568811953, 2099350.520686919800937 ], [ 6007896.844928868114948, 2099239.411671944428235 ], [ 6007819.67883906699717, 2099135.365244434215128 ], [ 6007732.685991794802248, 2099039.383428364060819 ], [ 6007714.983981606550515, 2099023.339261543937027 ], [ 6007707.486425785347819, 2099002.384996772743762 ], [ 6007652.101511810906231, 2098885.283434884157032 ], [ 6007585.505331110209227, 2098774.17441990878433 ], [ 6007508.339241309091449, 2098670.127992398571223 ], [ 6007421.346394036896527, 2098574.146176328416914 ], [ 6007361.025263014249504, 2098519.474289994221181 ], [ 6007357.09215852431953, 2098439.414108876138926 ], [ 6007338.084889449179173, 2098311.277509049978107 ], [ 6007306.609562483616173, 2098185.620960135478526 ], [ 6007262.969302231445909, 2098063.654603389557451 ], [ 6007207.584388257004321, 2097946.553041500970721 ], [ 6007140.988207556307316, 2097835.444026525598019 ], [ 6007063.822117755189538, 2097731.397599015384912 ], [ 6006976.829270482994616, 2097635.415782945230603 ], [ 6006880.847454412840307, 2097548.42293567257002 ], [ 6006776.801026903092861, 2097471.256845871917903 ], [ 6006665.692011927254498, 2097404.66066517168656 ], [ 6006628.187814719974995, 2097386.922500944696367 ], [ 6006614.082497394643724, 2097291.832175530493259 ], [ 6006582.607170429080725, 2097166.175626615993679 ], [ 6006538.96691017691046, 2097044.209269870072603 ], [ 6006483.581996202468872, 2096927.107707981485873 ], [ 6006416.985815501771867, 2096815.998693006113172 ], [ 6006339.819725700654089, 2096711.952265495900065 ], [ 6006252.826878428459167, 2096615.970449425745755 ], [ 6006156.845062358304858, 2096528.977602153085172 ], [ 6006052.798634848557413, 2096451.811512352433056 ], [ 6005941.689619872719049, 2096385.215331651968881 ], [ 6005824.588057984597981, 2096329.830417677061632 ], [ 6005702.621701237745583, 2096286.190157425357029 ], [ 6005576.965152323246002, 2096254.714830459561199 ], [ 6005448.828552497550845, 2096235.707561384653673 ], [ 6005319.445927262306213, 2096229.35140059189871 ], [ 6005190.063302027061582, 2096235.707561384653673 ], [ 6005169.187224291265011, 2096238.804234991548583 ], [ 6005155.021357101388276, 2096239.500159420771524 ], [ 6005026.884757275693119, 2096258.507428495679051 ], [ 6004901.228208361193538, 2096289.982755461474881 ], [ 6004779.26185161434114, 2096333.623015713179484 ], [ 6004662.160289726220071, 2096389.007929688086733 ], [ 6004551.051274750381708, 2096455.604110388550907 ], [ 6004447.004847240634263, 2096532.770200189203024 ], [ 6004351.023031170479953, 2096619.763047461863607 ], [ 6004264.030183898285031, 2096715.744863532017916 ], [ 6004186.864094097167253, 2096819.791291042231023 ], [ 6004120.267913396470249, 2096930.900306017603725 ], [ 6004064.882999422028661, 2097048.001867906190455 ], [ 6004021.242739169858396, 2097169.96822465211153 ], [ 6003989.767412204295397, 2097295.624773566611111 ], [ 6003985.960683865472674, 2097321.287651483900845 ], [ 6003964.316435572691262, 2097334.260714657139033 ], [ 6003860.270008062943816, 2097411.42680445779115 ], [ 6003839.531984933651984, 2097430.222653012257069 ], [ 6003834.701788336038589, 2097433.80497095733881 ], [ 6003738.71997226588428, 2097520.797818229999393 ], [ 6003651.727124993689358, 2097616.779634300153702 ], [ 6003574.56103519257158, 2097720.826061810366809 ], [ 6003507.964854491874576, 2097831.935076785739511 ], [ 6003452.579940517432988, 2097949.036638674326241 ], [ 6003408.939680265262723, 2098071.002995420247316 ], [ 6003377.464353299699724, 2098196.659544334746897 ], [ 6003365.490850562229753, 2098277.378343167714775 ], [ 6003358.793049851432443, 2098296.09744214033708 ], [ 6003327.317722885869443, 2098421.753991054836661 ], [ 6003308.310453810729086, 2098549.890590880997479 ], [ 6003301.954293018206954, 2098679.273216116242111 ], [ 6003308.310453810729086, 2098808.655841351486742 ], [ 6003326.888956539332867, 2098933.901933256536722 ], [ 6003325.526688514277339, 2098961.631535929162055 ], [ 6003331.882849306799471, 2099091.014161164406687 ], [ 6003340.863510040566325, 2099151.556858067400753 ], [ 6003307.6925940932706, 2099244.263357629533857 ], [ 6003276.217267127707601, 2099369.919906544033438 ], [ 6003257.209998052567244, 2099498.056506370194256 ], [ 6003250.853837260045111, 2099627.439131605438888 ], [ 6003257.209998052567244, 2099756.82175684068352 ], [ 6003276.217267127707601, 2099884.958356666844338 ], [ 6003307.6925940932706, 2100010.614905581343919 ], [ 6003347.297910636290908, 2100121.304350111633539 ], [ 6003324.532114098779857, 2100159.286786968354136 ], [ 6003269.147200124338269, 2100276.388348856940866 ], [ 6003225.506939872168005, 2100398.354705602861941 ], [ 6003194.031612906605005, 2100524.011254517361522 ], [ 6003175.024343831464648, 2100652.14785434352234 ], [ 6003168.668183038942516, 2100781.530479578766972 ], [ 6003175.024343831464648, 2100910.913104814011604 ], [ 6003194.031612906605005, 2101039.049704640172422 ], [ 6003225.506939872168005, 2101164.706253554672003 ], [ 6003269.147200124338269, 2101286.672610300593078 ], [ 6003281.744076628237963, 2101313.306467927992344 ], [ 6003248.385342301800847, 2101383.837585734203458 ], [ 6003227.047358584590256, 2101443.473255163989961 ], [ 6003222.199590356089175, 2101453.722999915014952 ], [ 6003178.55933010391891, 2101575.689356660936028 ], [ 6003147.084003138355911, 2101701.345905575435609 ], [ 6003128.076734063215554, 2101829.482505401596427 ], [ 6003121.720573270693421, 2101958.865130636841059 ], [ 6003128.076734063215554, 2102088.24775587208569 ], [ 6003147.084003138355911, 2102216.384355698246509 ], [ 6003178.55933010391891, 2102342.04090461274609 ], [ 6003201.479818195104599, 2102406.099377482198179 ], [ 6003172.581031034700572, 2102467.200729283038527 ], [ 6003128.940770782530308, 2102589.167086028959602 ], [ 6003097.465443816967309, 2102714.823634943459183 ], [ 6003078.458174741826952, 2102842.960234769620001 ], [ 6003072.102013949304819, 2102972.342860004864633 ], [ 6003078.458174741826952, 2103101.725485240109265 ], [ 6003097.465443816967309, 2103229.862085066270083 ], [ 6003111.161155147477984, 2103284.538429576903582 ], [ 6003113.023483349941671, 2103297.093226515222341 ], [ 6003144.49881031550467, 2103422.749775429721922 ], [ 6003188.139070567674935, 2103544.716132175642997 ], [ 6003219.412692082114518, 2103610.838649346958846 ], [ 6003186.794784336350858, 2103665.258340718224645 ], [ 6003131.40987036190927, 2103782.359902606811374 ], [ 6003087.769610109739006, 2103904.32625935273245 ], [ 6003056.294283144176006, 2104029.982808267232031 ], [ 6003037.287014069035649, 2104158.119408093392849 ], [ 6003030.930853276513517, 2104287.502033328637481 ], [ 6003031.465196776203811, 2104298.378845140803605 ], [ 6003029.739180866628885, 2104333.512706113047898 ], [ 6003036.095341659151018, 2104462.89533134829253 ], [ 6003055.102610734291375, 2104591.031931174453348 ], [ 6003061.040343018248677, 2104614.736687219236046 ], [ 6002937.673176895827055, 2104608.676046982873231 ], [ 6002808.290551660582423, 2104615.032207775395364 ], [ 6002756.636142111383379, 2104622.694415626581758 ], [ 6002662.708756841719151, 2104578.270070902071893 ], [ 6002540.742400094866753, 2104534.629810650832951 ], [ 6002415.085851180367172, 2104503.154483684804291 ], [ 6002286.949251354672015, 2104484.147214609663934 ], [ 6002157.566626119427383, 2104477.791053817141801 ], [ 6002028.184000884182751, 2104484.147214609663934 ], [ 6001900.047401058487594, 2104503.154483684804291 ], [ 6001774.390852143988013, 2104534.629810650832951 ], [ 6001652.424495397135615, 2104578.270070902071893 ], [ 6001535.322933509014547, 2104633.654984877444804 ], [ 6001424.213918533176184, 2104700.251165577676147 ], [ 6001320.167491023428738, 2104777.417255378328264 ], [ 6001224.185674953274429, 2104864.410102650988847 ], [ 6001137.192827681079507, 2104960.391918721143156 ], [ 6001060.026737879961729, 2105064.438346231356263 ], [ 6000993.430557179264724, 2105175.547361206728965 ], [ 6000938.045643204823136, 2105292.648923095315695 ], [ 6000931.366074753925204, 2105311.317066317424178 ], [ 6000886.066225266084075, 2105407.095550883561373 ], [ 6000842.42596501391381, 2105529.061907629482448 ], [ 6000810.950638048350811, 2105654.718456543982029 ], [ 6000791.943368973210454, 2105782.855056370142847 ], [ 6000785.587208180688322, 2105912.237681605387479 ], [ 6000791.943368973210454, 2106041.620306840632111 ], [ 6000810.950638048350811, 2106169.756906666792929 ], [ 6000842.42596501391381, 2106295.41345558129251 ], [ 6000886.066225266084075, 2106417.379812327213585 ], [ 6000941.451139240525663, 2106534.481374215800315 ], [ 6001008.047319941222668, 2106645.590389191173017 ], [ 6001085.213409742340446, 2106749.636816701386124 ], [ 6001172.206257014535367, 2106845.618632771540433 ], [ 6001268.188073084689677, 2106932.611480044201016 ], [ 6001372.234500594437122, 2107009.777569844853133 ], [ 6001418.200343486852944, 2107037.328435811214149 ], [ 6001448.754166415892541, 2107059.988695277832448 ], [ 6001559.863181391730905, 2107126.584875978063792 ], [ 6001676.964743279851973, 2107181.969789953436702 ], [ 6001798.931100026704371, 2107225.610050204675645 ], [ 6001799.318492674268782, 2107225.70708701107651 ], [ 6001874.209420089609921, 2107308.336492139846087 ], [ 6001891.536734173074365, 2107324.041054205968976 ], [ 6001891.596063575707376, 2107324.121050644665956 ], [ 6001801.525220049545169, 2107405.756504685617983 ], [ 6001714.532372777350247, 2107501.738320755772293 ], [ 6001637.366282976232469, 2107605.784748265985399 ], [ 6001570.770102275535464, 2107716.893763241358101 ], [ 6001515.385188301093876, 2107833.995325129944831 ], [ 6001471.744928048923612, 2107955.961681875865906 ], [ 6001440.269601083360612, 2108081.618230790365487 ], [ 6001421.262332008220255, 2108209.754830616526306 ], [ 6001414.906171215698123, 2108339.137455851770937 ], [ 6001421.262332008220255, 2108468.520081087015569 ], [ 6001440.269601083360612, 2108596.656680913176388 ], [ 6001471.744928048923612, 2108722.313229827675968 ], [ 6001515.385188301093876, 2108844.279586573597044 ], [ 6001570.770102275535464, 2108961.381148462183774 ], [ 6001637.366282976232469, 2109072.490163437556475 ], [ 6001714.532372777350247, 2109176.536590947769582 ], [ 6001801.525220049545169, 2109272.518407017923892 ], [ 6001897.507036119699478, 2109359.511254290584475 ], [ 6002001.553463629446924, 2109436.677344091236591 ], [ 6002112.662478605285287, 2109503.273524791467935 ], [ 6002229.764040493406355, 2109558.658438766840845 ], [ 6002277.622284674085677, 2109575.782392346300185 ], [ 6002323.143020523712039, 2109597.312096976209432 ], [ 6002445.109377270564437, 2109640.952357227448374 ], [ 6002570.765926185064018, 2109672.427684193477035 ], [ 6002698.902526010759175, 2109691.434953268617392 ], [ 6002828.285151246003807, 2109697.791114061139524 ], [ 6002957.667776481248438, 2109691.434953268617392 ], [ 6003085.804376306943595, 2109672.427684193477035 ], [ 6003211.460925221443176, 2109640.952357227448374 ], [ 6003333.427281968295574, 2109597.312096976209432 ], [ 6003344.170034190639853, 2109592.231153578963131 ], [ 6003392.059323754161596, 2109614.881100684870034 ], [ 6003514.025680501013994, 2109658.521360936108977 ], [ 6003639.682229415513575, 2109689.996687902137637 ], [ 6003767.818829241208732, 2109709.003956977277994 ], [ 6003873.112141842022538, 2109714.176685727201402 ], [ 6003929.661514097824693, 2109722.564992705360055 ], [ 6004059.044139333069324, 2109728.921153497882187 ], [ 6004188.426764568313956, 2109722.564992705360055 ], [ 6004316.563364394009113, 2109703.557723630219698 ], [ 6004332.808303511701524, 2109699.488578211981803 ], [ 6004336.322562731802464, 2109704.227008241694421 ], [ 6004423.315410003997386, 2109800.20882431184873 ], [ 6004469.218272985890508, 2109841.812754225451499 ], [ 6004501.877551412209868, 2109877.846715099178255 ], [ 6004597.859367482364178, 2109964.839562371838838 ], [ 6004701.905794992111623, 2110042.005652172490954 ], [ 6004813.014809967949986, 2110108.601832872722298 ], [ 6004930.116371856071055, 2110163.986746848095208 ], [ 6005000.503914583474398, 2110189.171812344808131 ], [ 6005008.199866430833936, 2110210.680556864943355 ], [ 6005063.584780405275524, 2110327.782118753530085 ], [ 6005130.180961105972528, 2110438.891133728902787 ], [ 6005207.347050907090306, 2110542.937561239115894 ], [ 6005294.339898179285228, 2110638.919377309270203 ], [ 6005390.321714249439538, 2110725.912224581930786 ], [ 6005494.368141759186983, 2110803.078314382582903 ], [ 6005605.477156735025346, 2110869.674495082814246 ], [ 6005681.84673513751477, 2110905.794615617021918 ], [ 6005723.690227362327278, 2110994.265246747527272 ], [ 6005790.286408063024282, 2111105.374261722899973 ], [ 6005855.039812868461013, 2111192.684120969381183 ], [ 6005828.767019629478455, 2111216.496392743662 ], [ 6005741.774172357283533, 2111312.478208813816309 ], [ 6005664.608082556165755, 2111416.524636324029416 ], [ 6005598.01190185546875, 2111527.633651299402118 ], [ 6005542.626987881027162, 2111644.735213187988847 ], [ 6005531.517843678593636, 2111675.783191294874996 ], [ 6005504.589347896166146, 2111732.718711984343827 ], [ 6005460.949087643995881, 2111854.685068730264902 ], [ 6005429.473760678432882, 2111980.341617644764483 ], [ 6005410.466491603292525, 2112108.478217470925301 ], [ 6005404.110330810770392, 2112237.860842706169933 ], [ 6005410.466491603292525, 2112367.243467941414565 ], [ 6005429.473760678432882, 2112495.380067767575383 ], [ 6005450.964184542186558, 2112581.174649041611701 ], [ 6005417.927262648940086, 2112636.293423283845186 ], [ 6005362.542348674498498, 2112753.394985172431916 ], [ 6005320.742590957321227, 2112870.217481925617903 ], [ 6005245.145032357424498, 2112873.931351829785854 ], [ 6005230.683902316726744, 2112863.206246835179627 ], [ 6005119.574887340888381, 2112796.610066134948283 ], [ 6005002.473325452767313, 2112741.225152159575373 ], [ 6004880.506968705914915, 2112697.584891908336431 ], [ 6004754.850419791415334, 2112666.10956494230777 ], [ 6004626.713819965720177, 2112647.102295867167413 ], [ 6004497.331194730475545, 2112640.746135074645281 ], [ 6004367.948569495230913, 2112647.102295867167413 ], [ 6004239.811969669535756, 2112666.10956494230777 ], [ 6004117.650595323182642, 2112696.709396255202591 ], [ 6004008.577761788852513, 2112631.333655743859708 ], [ 6003891.476199900731444, 2112575.948741768486798 ], [ 6003769.509843153879046, 2112532.308481517247856 ], [ 6003643.853294239379466, 2112500.833154551219195 ], [ 6003515.716694413684309, 2112481.825885476078838 ], [ 6003386.334069178439677, 2112475.469724683556706 ], [ 6003256.951443943195045, 2112481.825885476078838 ], [ 6003128.814844117499888, 2112500.833154551219195 ], [ 6003003.158295203000307, 2112532.308481517247856 ], [ 6002881.191938456147909, 2112575.948741768486798 ], [ 6002866.554212236776948, 2112582.871870669070631 ], [ 6002760.072966131381691, 2112598.666871464811265 ], [ 6002695.018023850396276, 2112614.96228620223701 ], [ 6002618.517582509666681, 2112545.626327764242887 ], [ 6002514.471155, 2112468.460237963590771 ], [ 6002403.362140024080873, 2112401.864057263359427 ], [ 6002286.260578135959804, 2112346.479143287986517 ], [ 6002164.294221389107406, 2112302.838883036747575 ], [ 6002038.637672474607825, 2112271.363556070718914 ], [ 6001910.501072648912668, 2112252.356286995578557 ], [ 6001781.118447413668036, 2112246.000126203056425 ], [ 6001745.566585243679583, 2112247.746677194721997 ], [ 6001660.499448327347636, 2112207.512917847372591 ], [ 6001538.533091580495238, 2112163.872657596133649 ], [ 6001412.876542665995657, 2112132.397330630104989 ], [ 6001284.7399428403005, 2112113.390061554964632 ], [ 6001155.357317605055869, 2112107.033900762442499 ], [ 6001025.974692369811237, 2112113.390061554964632 ], [ 6000938.958465102128685, 2112126.297699558548629 ], [ 6000894.459028006531298, 2112105.251033265143633 ], [ 6000772.4926712596789, 2112061.610773013904691 ], [ 6000646.836122345179319, 2112030.13544604787603 ], [ 6000518.699522519484162, 2112011.128176972735673 ], [ 6000389.316897284239531, 2112004.772016180213541 ], [ 6000259.934272048994899, 2112011.128176972735673 ], [ 6000131.797672223299742, 2112030.13544604787603 ], [ 6000006.141123308800161, 2112061.610773013904691 ], [ 5999903.046113863587379, 2112098.498757231980562 ], [ 5999829.445939413271844, 2112043.913147644605488 ], [ 5999718.336924437433481, 2111977.316966944374144 ], [ 5999601.235362549312413, 2111921.932052969001234 ], [ 5999479.269005802460015, 2111878.291792717762291 ], [ 5999353.612456887960434, 2111846.816465751733631 ], [ 5999225.475857062265277, 2111827.809196676593274 ], [ 5999096.093231827020645, 2111821.453035884071141 ], [ 5998966.710606591776013, 2111827.809196676593274 ], [ 5998838.574006766080856, 2111846.816465751733631 ], [ 5998720.20633343886584, 2111876.466024428606033 ], [ 5998699.85470063239336, 2111866.840418979525566 ], [ 5998577.888343885540962, 2111823.200158728286624 ], [ 5998452.231794971041381, 2111791.724831762257963 ], [ 5998324.095195145346224, 2111772.717562687117606 ], [ 5998194.712569910101593, 2111766.361401894595474 ], [ 5998065.329944674856961, 2111772.717562687117606 ], [ 5997937.193344849161804, 2111791.724831762257963 ], [ 5997879.808446454815567, 2111806.099000521935523 ], [ 5997846.643345158547163, 2111786.220603802241385 ], [ 5997729.541783270426095, 2111730.835689826868474 ], [ 5997607.575426523573697, 2111687.195429575629532 ], [ 5997481.918877609074116, 2111655.720102609600872 ], [ 5997353.782277783378959, 2111636.712833534460515 ], [ 5997224.399652548134327, 2111630.356672741938382 ], [ 5997095.017027312889695, 2111636.712833534460515 ], [ 5996966.880427487194538, 2111655.720102609600872 ], [ 5996904.123735269531608, 2111671.439835675060749 ], [ 5996809.311223221942782, 2111626.596857162658125 ], [ 5996687.344866475090384, 2111582.956596911419183 ], [ 5996561.688317560590804, 2111551.481269945390522 ], [ 5996433.551717734895647, 2111532.474000870250165 ], [ 5996304.169092499651015, 2111526.117840077728033 ], [ 5996174.786467264406383, 2111532.474000870250165 ], [ 5996046.649867438711226, 2111551.481269945390522 ], [ 5996041.651738992892206, 2111552.733235946390778 ], [ 5995946.157275038771331, 2111528.81311795534566 ], [ 5995818.020675213076174, 2111509.805848880205303 ], [ 5995688.638049977831542, 2111503.449688087683171 ], [ 5995559.255424742586911, 2111509.805848880205303 ], [ 5995431.118824916891754, 2111528.81311795534566 ], [ 5995352.933997710235417, 2111548.397397655528039 ], [ 5995288.01195315644145, 2111525.167918675113469 ], [ 5995162.355404241941869, 2111493.692591709084809 ], [ 5995034.218804416246712, 2111474.685322633944452 ], [ 5994904.83617918100208, 2111468.329161841422319 ], [ 5994775.453553945757449, 2111474.685322633944452 ], [ 5994647.316954120062292, 2111493.692591709084809 ], [ 5994521.660405205562711, 2111525.167918675113469 ], [ 5994480.236753385514021, 2111539.989538293797523 ], [ 5994363.881118983030319, 2111498.356826598290354 ], [ 5994238.224570068530738, 2111466.881499632261693 ], [ 5994110.087970242835581, 2111447.874230557121336 ], [ 5993980.70534500759095, 2111441.518069764599204 ], [ 5993851.322719772346318, 2111447.874230557121336 ], [ 5993723.186119946651161, 2111466.881499632261693 ], [ 5993639.211324244737625, 2111487.916090940590948 ], [ 5993584.774872251786292, 2111468.438416969496757 ], [ 5993459.118323337286711, 2111436.963090003468096 ], [ 5993330.981723511591554, 2111417.955820928327739 ], [ 5993201.599098276346922, 2111411.599660135805607 ], [ 5993072.21647304110229, 2111417.955820928327739 ], [ 5992944.079873215407133, 2111436.963090003468096 ], [ 5992818.423324300907552, 2111468.438416969496757 ], [ 5992696.456967554055154, 2111512.078677220735699 ], [ 5992579.355405665934086, 2111567.463591196108609 ], [ 5992566.96571328677237, 2111574.889687023125589 ], [ 5992544.569951918907464, 2111558.279858370311558 ], [ 5992433.4609369430691, 2111491.683677670080215 ], [ 5992316.359375054948032, 2111436.298763694707304 ], [ 5992194.393018308095634, 2111392.658503443468362 ], [ 5992068.736469393596053, 2111361.183176477439702 ], [ 5991940.599869567900896, 2111342.175907402299345 ], [ 5991811.217244332656264, 2111335.819746609777212 ], [ 5991681.834619097411633, 2111342.175907402299345 ], [ 5991553.698019271716475, 2111361.183176477439702 ], [ 5991428.041470357216895, 2111392.658503443468362 ], [ 5991306.075113610364497, 2111436.298763694707304 ], [ 5991188.973551722243428, 2111491.683677670080215 ], [ 5991183.095795222558081, 2111495.206669338047504 ], [ 5991130.749191952869296, 2111463.831322781741619 ], [ 5991013.647630064748228, 2111408.446408806368709 ], [ 5990891.68127331789583, 2111364.806148555129766 ], [ 5990766.024724403396249, 2111333.330821589101106 ], [ 5990637.888124577701092, 2111314.323552513960749 ], [ 5990508.50549934245646, 2111307.967391721438617 ], [ 5990379.122874107211828, 2111314.323552513960749 ], [ 5990250.986274281516671, 2111333.330821589101106 ], [ 5990125.32972536701709, 2111364.806148555129766 ], [ 5990003.363368620164692, 2111408.446408806368709 ], [ 5989886.261806732043624, 2111463.831322781741619 ], [ 5989775.152791756205261, 2111530.427503481972963 ], [ 5989671.106364246457815, 2111607.593593282625079 ], [ 5989575.124548176303506, 2111694.586440555285662 ], [ 5989488.131700904108584, 2111790.568256625439972 ], [ 5989410.965611102990806, 2111894.614684135653079 ], [ 5989359.518506250344217, 2111980.448993001133204 ], [ 5989329.235679656267166, 2111916.421335682738572 ], [ 5989262.639498955570161, 2111805.31232070736587 ], [ 5989185.473409154452384, 2111701.265893197152764 ], [ 5989098.480561882257462, 2111605.284077126998454 ], [ 5989002.498745812103152, 2111518.291229854337871 ], [ 5988898.452318302355707, 2111441.125140053685755 ], [ 5988787.343303326517344, 2111374.528959353454411 ], [ 5988670.241741438396275, 2111319.144045378081501 ], [ 5988548.275384691543877, 2111275.503785126842558 ], [ 5988422.618835777044296, 2111244.028458160813898 ], [ 5988294.482235951349139, 2111225.021189085673541 ], [ 5988165.099610716104507, 2111218.665028293151408 ], [ 5988035.716985480859876, 2111225.021189085673541 ], [ 5987907.580385655164719, 2111244.028458160813898 ], [ 5987781.923836740665138, 2111275.503785126842558 ], [ 5987687.037861418910325, 2111309.454529969021678 ], [ 5987640.236405809409916, 2111287.319090005010366 ], [ 5987518.270049062557518, 2111243.678829753771424 ], [ 5987392.613500148057938, 2111212.203502787742764 ], [ 5987264.476900322362781, 2111193.196233712602407 ], [ 5987135.094275087118149, 2111186.840072920080274 ], [ 5987005.711649851873517, 2111193.196233712602407 ], [ 5986877.57505002617836, 2111212.203502787742764 ], [ 5986863.257812642492354, 2111215.789784058462828 ], [ 5986796.602564076893032, 2111199.093513464089483 ], [ 5986668.465964251197875, 2111180.086244388949126 ], [ 5986539.083339015953243, 2111173.730083596426994 ], [ 5986409.700713780708611, 2111180.086244388949126 ], [ 5986393.963142158463597, 2111182.420692617073655 ], [ 5986355.501937766559422, 2111172.78666244354099 ], [ 5986227.365337940864265, 2111153.779393368400633 ], [ 5986097.982712705619633, 2111147.423232575878501 ], [ 5985968.600087470375001, 2111153.779393368400633 ], [ 5985840.463487644679844, 2111172.78666244354099 ], [ 5985714.806938730180264, 2111204.261989409569651 ], [ 5985592.840581983327866, 2111247.902249660808593 ] ], [ [ 6005708.495871636085212, 2102696.236099308356643 ], [ 6005694.648017850704491, 2102751.519830546341836 ], [ 6005688.600912284106016, 2102727.378431881777942 ], [ 6005686.73858408164233, 2102714.823634943459183 ], [ 6005655.26325711607933, 2102589.167086028959602 ], [ 6005632.342769024893641, 2102525.108613159507513 ], [ 6005661.241556185297668, 2102464.007261358667165 ], [ 6005682.579539902508259, 2102404.371591928880662 ], [ 6005687.42730813100934, 2102394.12184717785567 ], [ 6005731.067568383179605, 2102272.155490431934595 ], [ 6005744.710231336764991, 2102217.690926915965974 ], [ 6005774.715095180086792, 2102337.477057982236147 ], [ 6005813.795592724345624, 2102446.699731674045324 ], [ 6005807.521045862697065, 2102457.168180673848838 ], [ 6005752.136131888255477, 2102574.269742562435567 ], [ 6005708.495871636085212, 2102696.236099308356643 ] ], [ [ 6005684.692578134126961, 2101378.055484959390014 ], [ 6005709.267017833888531, 2101337.055509286466986 ], [ 6005764.651931808330119, 2101219.953947397880256 ], [ 6005808.292192060500383, 2101097.987590651959181 ], [ 6005813.259614359587431, 2101078.156529206316918 ], [ 6005836.12761190533638, 2101169.450692897196859 ], [ 6005879.767872157506645, 2101291.417049643117934 ], [ 6005887.853081074543297, 2101308.511787621304393 ], [ 6005873.740269406698644, 2101332.05759139591828 ], [ 6005818.355355432257056, 2101449.15915328450501 ], [ 6005774.715095180086792, 2101571.125510030426085 ], [ 6005761.072432226501405, 2101625.590073546394706 ], [ 6005731.067568383179605, 2101505.803942480124533 ], [ 6005687.42730813100934, 2101383.837585734203458 ], [ 6005684.692578134126961, 2101378.055484959390014 ] ], [ [ 6005618.805050724186003, 2105979.85289917839691 ], [ 6005628.317176167853177, 2105999.964598671533167 ], [ 6005620.177595953457057, 2106013.544667834416032 ], [ 6005564.79268197901547, 2106130.646229723002762 ], [ 6005521.152421726845205, 2106252.612586468923837 ], [ 6005506.965525471605361, 2106309.249851116444916 ], [ 6005504.770045515149832, 2106294.449127481784672 ], [ 6005473.294718549586833, 2106168.792578567285091 ], [ 6005441.905872500501573, 2106081.06663071596995 ], [ 6005503.231974759139121, 2105978.750210426282138 ], [ 6005558.616888733580709, 2105861.648648537695408 ], [ 6005568.904888867400587, 2105832.895614361390471 ], [ 6005575.164790472015738, 2105857.886542432475835 ], [ 6005618.805050724186003, 2105979.85289917839691 ] ], [ [ 6005591.939206548035145, 2104944.494026529137045 ], [ 6005595.060975320637226, 2104937.893601018004119 ], [ 6005677.226450835354626, 2104847.23796891188249 ], [ 6005677.735849929973483, 2104846.551123742945492 ], [ 6005674.189964698627591, 2104852.467075846157968 ], [ 6005618.805050724186003, 2104969.568637734744698 ], [ 6005608.517050590366125, 2104998.321671911049634 ], [ 6005602.257148985750973, 2104973.330743839964271 ], [ 6005591.939206548035145, 2104944.494026529137045 ] ], [ [ 6005571.225210322998464, 2107154.530929659958929 ], [ 6005557.261295358650386, 2107177.828314292710274 ], [ 6005486.796970161609352, 2107113.963172633666545 ], [ 6005424.586863219738007, 2107067.82501283660531 ], [ 6005429.654458297416568, 2107057.110483265016228 ], [ 6005473.294718549586833, 2106935.144126519095153 ], [ 6005487.481614804826677, 2106878.506861871574074 ], [ 6005489.677094761282206, 2106893.307585506234318 ], [ 6005521.152421726845205, 2107018.964134420733899 ], [ 6005564.79268197901547, 2107140.930491166654974 ], [ 6005571.225210322998464, 2107154.530929659958929 ] ], [ [ 6014182.919659031555057, 2115404.492076152469963 ], [ 6014078.873231521807611, 2115327.325986351817846 ], [ 6013971.581940491683781, 2115263.018061323557049 ], [ 6013908.085716450586915, 2115177.403314109425992 ], [ 6013821.092869178391993, 2115081.421498039271683 ], [ 6013725.111053108237684, 2114994.428650766611099 ], [ 6013643.036231766454875, 2114933.557814683299512 ], [ 6013620.552960857748985, 2114896.046743359882385 ], [ 6013543.386871056631207, 2114792.000315849669278 ], [ 6013482.354906243272126, 2114724.661919592879713 ], [ 6013574.360741929151118, 2114669.515743918716908 ], [ 6013678.407169438898563, 2114592.349654118064791 ], [ 6013774.388985509052873, 2114505.356806845404208 ], [ 6013813.758485008962452, 2114461.919257917441428 ], [ 6013830.105541428551078, 2114447.103149609640241 ], [ 6013917.098388700746, 2114351.121333539485931 ], [ 6013994.264478501863778, 2114247.074906029272825 ], [ 6014060.860659202560782, 2114135.965891053900123 ], [ 6014116.24557317700237, 2114018.864329165313393 ], [ 6014159.885833429172635, 2113896.897972419392318 ], [ 6014160.317956922575831, 2113895.172838732600212 ], [ 6014222.20427431166172, 2113873.029560300055891 ], [ 6014339.305836199782789, 2113817.644646324682981 ], [ 6014450.414851175621152, 2113751.048465624451637 ], [ 6014554.461278685368598, 2113673.882375823799521 ], [ 6014650.443094755522907, 2113586.889528551138937 ], [ 6014689.079345062375069, 2113544.260995437856764 ], [ 6014701.791091604158282, 2113532.739739946089685 ], [ 6014735.003684045746922, 2113496.095291133504361 ], [ 6014759.349114883691072, 2113593.287699151784182 ], [ 6014767.004636954516172, 2113614.683450016193092 ], [ 6014764.602081507444382, 2113663.588589644990861 ], [ 6014770.958242299966514, 2113792.971214880235493 ], [ 6014789.965511375106871, 2113921.107814706396312 ], [ 6014821.44083834066987, 2114046.764363620895892 ], [ 6014865.081098592840135, 2114168.730720366816968 ], [ 6014920.466012567281723, 2114285.832282255403697 ], [ 6014987.062193267978728, 2114396.941297230776399 ], [ 6015064.228283069096506, 2114500.987724740989506 ], [ 6015070.515783544629812, 2114507.924912488553673 ], [ 6015015.22638378944248, 2114558.036303433589637 ], [ 6014928.233536517247558, 2114654.018119503743947 ], [ 6014851.06744671612978, 2114758.064547013957053 ], [ 6014796.792436986230314, 2114848.616930129472166 ], [ 6014745.336276873014867, 2114886.7794193867594 ], [ 6014649.354460802860558, 2114973.772266659419984 ], [ 6014562.361613530665636, 2115069.754082729574293 ], [ 6014485.195523729547858, 2115173.8005102397874 ], [ 6014418.599343028850853, 2115284.909525215160102 ], [ 6014363.214429054409266, 2115402.011087103746831 ], [ 6014319.574168802239001, 2115523.977443849667907 ], [ 6014317.144034156575799, 2115533.679085179232061 ], [ 6014278.901475101709366, 2115491.484923425130546 ], [ 6014182.919659031555057, 2115404.492076152469963 ] ] ], [ [ [ 5996020.586331318132579, 2099702.880426392890513 ], [ 5995909.477316342294216, 2099636.284245692659169 ], [ 5995792.375754454173148, 2099580.899331717286259 ], [ 5995670.40939770732075, 2099537.259071466047317 ], [ 5995544.752848792821169, 2099505.783744500018656 ], [ 5995416.616248967126012, 2099486.776475424878299 ], [ 5995287.23362373188138, 2099480.420314632356167 ], [ 5995157.850998496636748, 2099486.776475424878299 ], [ 5995029.714398670941591, 2099505.783744500018656 ], [ 5994904.05784975644201, 2099537.259071466047317 ], [ 5994782.091493009589612, 2099580.899331717286259 ], [ 5994664.989931121468544, 2099636.284245692659169 ], [ 5994553.880916145630181, 2099702.880426392890513 ], [ 5994449.834488635882735, 2099780.046516193542629 ], [ 5994353.852672565728426, 2099867.039363466203213 ], [ 5994266.859825293533504, 2099963.021179536357522 ], [ 5994189.693735492415726, 2100067.067607046570629 ], [ 5994123.097554791718721, 2100178.176622021943331 ], [ 5994067.712640817277133, 2100295.278183910530061 ], [ 5994024.072380565106869, 2100417.244540656451136 ], [ 5993992.597053599543869, 2100542.901089570950717 ], [ 5993973.589784524403512, 2100671.037689397111535 ], [ 5993967.23362373188138, 2100800.420314632356167 ], [ 5993973.589784524403512, 2100929.802939867600799 ], [ 5993992.597053599543869, 2101057.939539693761617 ], [ 5994024.072380565106869, 2101183.596088608261198 ], [ 5994067.712640817277133, 2101305.562445354182273 ], [ 5994123.097554791718721, 2101422.664007242769003 ], [ 5994189.693735492415726, 2101533.773022218141705 ], [ 5994266.859825293533504, 2101637.819449728354812 ], [ 5994353.852672565728426, 2101733.801265798509121 ], [ 5994449.834488635882735, 2101820.794113071169704 ], [ 5994553.880916145630181, 2101897.960202871821821 ], [ 5994664.989931121468544, 2101964.556383572053164 ], [ 5994782.091493009589612, 2102019.941297547426075 ], [ 5994904.05784975644201, 2102063.581557798665017 ], [ 5995029.714398670941591, 2102095.056884764693677 ], [ 5995157.850998496636748, 2102114.064153839834034 ], [ 5995287.23362373188138, 2102120.420314632356167 ], [ 5995416.616248967126012, 2102114.064153839834034 ], [ 5995544.752848792821169, 2102095.056884764693677 ], [ 5995670.40939770732075, 2102063.581557798665017 ], [ 5995792.375754454173148, 2102019.941297547426075 ], [ 5995909.477316342294216, 2101964.556383572053164 ], [ 5996020.586331318132579, 2101897.960202871821821 ], [ 5996124.632758827880025, 2101820.794113071169704 ], [ 5996220.614574898034334, 2101733.801265798509121 ], [ 5996307.607422170229256, 2101637.819449728354812 ], [ 5996384.773511971347034, 2101533.773022218141705 ], [ 5996451.369692672044039, 2101422.664007242769003 ], [ 5996506.754606646485627, 2101305.562445354182273 ], [ 5996550.394866898655891, 2101183.596088608261198 ], [ 5996581.870193864218891, 2101057.939539693761617 ], [ 5996600.877462939359248, 2100929.802939867600799 ], [ 5996607.23362373188138, 2100800.420314632356167 ], [ 5996600.877462939359248, 2100671.037689397111535 ], [ 5996581.870193864218891, 2100542.901089570950717 ], [ 5996550.394866898655891, 2100417.244540656451136 ], [ 5996506.754606646485627, 2100295.278183910530061 ], [ 5996451.369692672044039, 2100178.176622021943331 ], [ 5996384.773511971347034, 2100067.067607046570629 ], [ 5996307.607422170229256, 2099963.021179536357522 ], [ 5996220.614574898034334, 2099867.039363466203213 ], [ 5996124.632758827880025, 2099780.046516193542629 ], [ 5996020.586331318132579, 2099702.880426392890513 ] ] ], [ [ [ 6011437.089074522256851, 2085183.942445652093738 ], [ 6011333.042647012509406, 2085106.776355851441622 ], [ 6011221.933632036671042, 2085040.180175150977448 ], [ 6011104.832070148549974, 2084984.795261176070198 ], [ 6010982.865713401697576, 2084941.155000924365595 ], [ 6010857.209164487197995, 2084909.679673958569765 ], [ 6010729.072564661502838, 2084890.672404883662239 ], [ 6010599.689939426258206, 2084884.316244090907276 ], [ 6010470.307314191013575, 2084890.672404883662239 ], [ 6010342.170714365318418, 2084909.679673958569765 ], [ 6010216.514165450818837, 2084941.155000924365595 ], [ 6010094.547808703966439, 2084984.795261176070198 ], [ 6009977.44624681584537, 2085040.180175150977448 ], [ 6009866.337231840007007, 2085106.776355851441622 ], [ 6009762.290804330259562, 2085183.942445652093738 ], [ 6009666.308988260105252, 2085270.935292924754322 ], [ 6009579.31614098791033, 2085366.917108994908631 ], [ 6009502.150051186792552, 2085470.963536505121738 ], [ 6009435.553870486095548, 2085582.07255148049444 ], [ 6009380.16895651165396, 2085699.174113369081169 ], [ 6009336.528696259483695, 2085821.140470115002245 ], [ 6009305.053369293920696, 2085946.797019029501826 ], [ 6009286.046100218780339, 2086074.933618855895475 ], [ 6009279.689939426258206, 2086204.316244090907276 ], [ 6009286.046100218780339, 2086333.698869325919077 ], [ 6009305.053369293920696, 2086461.835469152312726 ], [ 6009336.528696259483695, 2086587.492018066812307 ], [ 6009380.16895651165396, 2086709.458374812733382 ], [ 6009435.553870486095548, 2086826.559936701320112 ], [ 6009502.150051186792552, 2086937.668951676692814 ], [ 6009579.31614098791033, 2087041.715379186905921 ], [ 6009666.308988260105252, 2087137.69719525706023 ], [ 6009762.290804330259562, 2087224.690042529720813 ], [ 6009866.337231840007007, 2087301.85613233037293 ], [ 6009977.44624681584537, 2087368.452313030837104 ], [ 6010085.639673341996968, 2087419.623992760665715 ], [ 6010090.813679243437946, 2087524.943302378524095 ], [ 6010109.820948318578303, 2087653.079902204917744 ], [ 6010141.296275284141302, 2087778.736451119417325 ], [ 6010184.936535536311567, 2087900.7028078653384 ], [ 6010240.321449510753155, 2088017.80436975392513 ], [ 6010306.91763021145016, 2088128.913384729297832 ], [ 6010384.083720012567937, 2088232.959812239510939 ], [ 6010471.076567284762859, 2088328.941628309665248 ], [ 6010567.058383354917169, 2088415.934475582325831 ], [ 6010671.104810864664614, 2088493.100565382977948 ], [ 6010782.213825840502977, 2088559.696746083442122 ], [ 6010899.315387728624046, 2088615.081660058349371 ], [ 6011021.281744475476444, 2088658.721920310053974 ], [ 6011112.009688859805465, 2088681.448087303200737 ], [ 6011125.980333043262362, 2088688.055709898704663 ], [ 6011247.94668979011476, 2088731.695970150409266 ], [ 6011373.603238704614341, 2088763.171297116205096 ], [ 6011501.739838530309498, 2088782.178566191112623 ], [ 6011631.12246376555413, 2088788.534726983867586 ], [ 6011760.505089000798762, 2088782.178566191112623 ], [ 6011888.641688826493919, 2088763.171297116205096 ], [ 6011996.791736546903849, 2088736.081120418151841 ], [ 6011911.653233785182238, 2088813.246161371003836 ], [ 6011824.660386512987316, 2088909.227977441158146 ], [ 6011747.494296711869538, 2089013.274404951371253 ], [ 6011680.898116011172533, 2089124.383419926743954 ], [ 6011625.513202036730945, 2089241.484981815330684 ], [ 6011581.87294178456068, 2089363.45133856125176 ], [ 6011550.397614818997681, 2089489.10788747575134 ], [ 6011531.390345743857324, 2089617.244487302144989 ], [ 6011525.034184951335192, 2089746.62711253715679 ], [ 6011531.390345743857324, 2089876.009737772168592 ], [ 6011550.397614818997681, 2090004.146337598562241 ], [ 6011581.87294178456068, 2090129.802886513061821 ], [ 6011625.513202036730945, 2090251.769243258982897 ], [ 6011680.898116011172533, 2090368.870805147569627 ], [ 6011747.494296711869538, 2090479.979820122942328 ], [ 6011824.660386512987316, 2090584.026247633155435 ], [ 6011911.653233785182238, 2090680.008063703309745 ], [ 6012007.635049855336547, 2090767.000910975970328 ], [ 6012012.391343852505088, 2090770.528419017558917 ], [ 6012008.991029722616076, 2090839.743403213098645 ], [ 6012015.347190515138209, 2090969.126028448110446 ], [ 6012034.354459590278566, 2091097.262628274504095 ], [ 6012065.829786555841565, 2091222.919177189003676 ], [ 6012109.47004680801183, 2091344.885533934924752 ], [ 6012134.595436537638307, 2091398.008707182947546 ], [ 6012141.75503321737051, 2091426.591419330332428 ], [ 6012185.395293469540775, 2091548.557776076253504 ], [ 6012240.780207443982363, 2091665.659337964840233 ], [ 6012307.376388144679368, 2091776.768352940212935 ], [ 6012384.542477945797145, 2091880.814780450426042 ], [ 6012428.704407222568989, 2091929.539960808120668 ], [ 6012428.594051009044051, 2091931.786313144024462 ], [ 6012434.950211801566184, 2092061.168938379036263 ], [ 6012453.957480876706541, 2092189.305538205429912 ], [ 6012485.43280784226954, 2092314.962087119929492 ], [ 6012529.073068094439805, 2092436.928443865850568 ], [ 6012556.485544150695205, 2092494.887254868168384 ], [ 6012567.04859736468643, 2092537.057327138492838 ], [ 6012610.688857616856694, 2092659.023683884413913 ], [ 6012666.073771591298282, 2092776.125245773000643 ], [ 6012732.669952291995287, 2092887.234260748373345 ], [ 6012737.199982613325119, 2092893.342299560084939 ], [ 6012749.041852844879031, 2092926.438109732698649 ], [ 6012804.426766819320619, 2093043.539671621285379 ], [ 6012871.022947520017624, 2093154.648686596658081 ], [ 6012945.338183516636491, 2093254.851182731799781 ], [ 6012942.61214086972177, 2093310.341055582044646 ], [ 6012948.968301662243903, 2093439.723680817056447 ], [ 6012967.97557073738426, 2093567.860280643450096 ], [ 6012999.450897702947259, 2093693.516829557949677 ], [ 6013033.128118138760328, 2093787.638355372939259 ], [ 6013056.894898884929717, 2093882.520662731491029 ], [ 6013100.535159137099981, 2094004.487019477412105 ], [ 6013155.920073111541569, 2094121.588581365998834 ], [ 6013171.212129600346088, 2094147.101836263900623 ], [ 6013174.549124658107758, 2094160.423867298988625 ], [ 6013218.189384910278022, 2094282.390224044909701 ], [ 6013273.57429888471961, 2094399.491785933496431 ], [ 6013294.14121731929481, 2094433.80561631009914 ], [ 6013300.138457166031003, 2094555.882237861165777 ], [ 6013319.14572624117136, 2094684.018837687559426 ], [ 6013350.621053206734359, 2094809.675386602059007 ], [ 6013381.196803659200668, 2094895.128884495003149 ], [ 6013381.905250591225922, 2094899.904845766490325 ], [ 6013413.380577556788921, 2095025.561394680989906 ], [ 6013457.020837808959186, 2095147.527751426910982 ], [ 6013512.405751783400774, 2095264.629313315497711 ], [ 6013563.994615463539958, 2095350.700132496654987 ], [ 6013567.849073787219822, 2095429.159434108994901 ], [ 6013586.856342862360179, 2095557.29603393538855 ], [ 6013618.331669827923179, 2095682.952582849888131 ], [ 6013643.45965108089149, 2095753.180585802299902 ], [ 6013646.133939359337091, 2095771.209172948263586 ], [ 6013677.609266324900091, 2095896.865721862763166 ], [ 6013721.249526577070355, 2096018.832078608684242 ], [ 6013776.634440551511943, 2096135.933640497270972 ], [ 6013843.230621252208948, 2096247.042655472643673 ], [ 6013906.202159351669252, 2096331.949945590924472 ], [ 6013900.979425685480237, 2096438.261131644016132 ], [ 6013907.335586478002369, 2096567.643756879027933 ], [ 6013926.342855553142726, 2096695.780356705421582 ], [ 6013957.818182518705726, 2096821.436905619921163 ], [ 6013989.3018629392609, 2096909.427897783461958 ], [ 6014020.776301779784262, 2097035.080901103559881 ], [ 6014064.416562031954527, 2097157.047257849480957 ], [ 6014119.801476006396115, 2097274.148819738067687 ], [ 6014162.016540755517781, 2097344.580400228966027 ], [ 6014165.521839481778443, 2097415.932394969277084 ], [ 6014184.5291085569188, 2097544.068994795437902 ], [ 6014216.004435522481799, 2097669.725543709937483 ], [ 6014246.523318433202803, 2097755.020107469987124 ], [ 6014248.349455492570996, 2097767.330923540983349 ], [ 6014279.824782458133996, 2097892.98747245548293 ], [ 6014323.46504271030426, 2098014.953829201404005 ], [ 6014378.849956684745848, 2098132.055391089990735 ], [ 6014399.234112523496151, 2098166.064300497993827 ], [ 6014405.347005045041442, 2098290.495086314156651 ], [ 6014424.354274120181799, 2098418.63168614031747 ], [ 6014455.829601085744798, 2098544.288235054817051 ], [ 6014489.448699827305973, 2098638.247321615926921 ], [ 6014519.346948780119419, 2098757.60782217932865 ], [ 6014562.987209032289684, 2098879.574178925249726 ], [ 6014618.372123006731272, 2098996.675740813836455 ], [ 6014629.907060290686786, 2099015.920621014200151 ], [ 6014636.507038942538202, 2099042.269212761893868 ], [ 6014680.147299194708467, 2099164.235569507814944 ], [ 6014735.532213169150054, 2099281.337131396401674 ], [ 6014802.128393869847059, 2099392.446146371774375 ], [ 6014879.294483670964837, 2099496.492573881987482 ], [ 6014966.287330943159759, 2099592.474389952141792 ], [ 6015062.269147013314068, 2099679.467237224802375 ], [ 6015103.545380303636193, 2099710.079778193030506 ], [ 6015075.011435157619417, 2099735.941438597161323 ], [ 6014988.018587885424495, 2099831.923254667315632 ], [ 6014910.852498084306717, 2099935.969682177528739 ], [ 6014876.946450354531407, 2099992.538505273405463 ], [ 6014874.225028129294515, 2099996.207918367348611 ], [ 6014809.214986281469464, 2100104.670620541088283 ], [ 6015108.605169272981584, 2099993.095843854825944 ], [ 6016034.368169268593192, 2100010.827843858860433 ], [ 6016090.71316927112639, 2099936.852843861095607 ], [ 6017138.555800195783377, 2099990.398746426217258 ], [ 6017105.932274563238025, 2099935.969682177528739 ], [ 6017028.766184762120247, 2099831.923254667315632 ], [ 6016941.773337489925325, 2099735.941438597161323 ], [ 6016845.791521419771016, 2099648.94859132450074 ], [ 6016804.515288129448891, 2099618.336050356272608 ], [ 6016833.049233275465667, 2099592.474389952141792 ], [ 6016920.042080547660589, 2099496.492573881987482 ], [ 6016997.208170348778367, 2099392.446146371774375 ], [ 6017063.804351049475372, 2099281.337131396401674 ], [ 6017119.18926502391696, 2099164.235569507814944 ], [ 6017162.829525276087224, 2099042.269212761893868 ], [ 6017194.304852241650224, 2098916.612663847394288 ], [ 6017213.312121316790581, 2098788.476064021233469 ], [ 6017219.668282109312713, 2098659.093438785988837 ], [ 6017213.312121316790581, 2098529.710813550744206 ], [ 6017194.304852241650224, 2098401.574213724583387 ], [ 6017162.829525276087224, 2098275.917664810083807 ], [ 6017138.363363930024207, 2098207.539324587211013 ], [ 6017135.86529509909451, 2098190.698712458368391 ], [ 6017104.389968133531511, 2098065.04216354386881 ], [ 6017060.749707881361246, 2097943.075806797947735 ], [ 6017005.364793906919658, 2097825.974244909361005 ], [ 6016986.158197360113263, 2097793.929974488448352 ], [ 6016982.152087419293821, 2097777.936687103006989 ], [ 6016938.511827167123556, 2097655.970330357085913 ], [ 6016883.126913192681968, 2097538.868768468499184 ], [ 6016862.742757353931665, 2097504.859859060496092 ], [ 6016856.629864832386374, 2097380.429073244333267 ], [ 6016837.622595757246017, 2097252.292473418172449 ], [ 6016806.147268791683018, 2097126.635924503672868 ], [ 6016775.628385880962014, 2097041.341360743623227 ], [ 6016773.802248821593821, 2097029.030544672627002 ], [ 6016742.326921856030822, 2096903.373995758127421 ], [ 6016698.686661603860557, 2096781.407639012206346 ], [ 6016643.301747629418969, 2096664.306077123619616 ], [ 6016601.086682880297303, 2096593.874496632954106 ], [ 6016597.581384154036641, 2096522.522501892643049 ], [ 6016578.574115078896284, 2096394.3859020662494 ], [ 6016547.098788113333285, 2096268.72935315174982 ], [ 6016515.615107692778111, 2096180.738360988209024 ], [ 6016484.140668852254748, 2096055.085357668111101 ], [ 6016440.500408600084484, 2095933.119000922190025 ], [ 6016385.115494625642896, 2095816.017439033603296 ], [ 6016318.519313924945891, 2095704.908424058230594 ], [ 6016255.547775825485587, 2095620.001133939949796 ], [ 6016260.770509491674602, 2095513.689947886858135 ], [ 6016254.41434869915247, 2095384.307322651846334 ], [ 6016235.407079624012113, 2095256.170722825452685 ], [ 6016203.931752658449113, 2095130.514173910953104 ], [ 6016178.803771405480802, 2095060.286170958541334 ], [ 6016176.129483127035201, 2095042.25758381257765 ], [ 6016144.654156161472201, 2094916.601034898078069 ], [ 6016101.013895909301937, 2094794.634678152156994 ], [ 6016045.628981934860349, 2094677.533116263570264 ], [ 6015994.040118254721165, 2094591.462297082412988 ], [ 6015990.1856599310413, 2094513.002995470073074 ], [ 6015971.178390855900943, 2094384.866395643679425 ], [ 6015939.703063890337944, 2094259.209846729179844 ], [ 6015909.127313437871635, 2094173.756348836235702 ], [ 6015908.418866505846381, 2094168.980387564748526 ], [ 6015876.943539540283382, 2094043.323838650248945 ], [ 6015833.303279288113117, 2093921.357481904327869 ], [ 6015777.918365313671529, 2093804.25592001574114 ], [ 6015757.351446879096329, 2093769.94208963913843 ], [ 6015751.354207032360137, 2093647.865468088071793 ], [ 6015732.346937957219779, 2093519.728868261678144 ], [ 6015700.87161099165678, 2093394.072319347178563 ], [ 6015664.978229960426688, 2093293.757039594464004 ], [ 6015636.754234885796905, 2093181.080535184126347 ], [ 6015593.11397463362664, 2093059.114178438205272 ], [ 6015537.729060659185052, 2092942.012616549618542 ], [ 6015521.246177879162133, 2092914.512588013429195 ], [ 6015482.133123784326017, 2092805.19892486021854 ], [ 6015426.748209809884429, 2092688.09736297163181 ], [ 6015360.152029109187424, 2092576.988347996259108 ], [ 6015285.836793112568557, 2092476.785851861117408 ], [ 6015288.562835759483278, 2092421.295979010872543 ], [ 6015282.206674966961145, 2092291.913353775860742 ], [ 6015263.199405891820788, 2092163.776753949467093 ], [ 6015231.724078926257789, 2092038.120205034967512 ], [ 6015188.083818674087524, 2091916.153848289046437 ], [ 6015150.708673583343625, 2091837.130743405083194 ], [ 6015144.299036141484976, 2091811.54203636595048 ], [ 6015100.658775889314711, 2091689.575679620029405 ], [ 6015045.273861914873123, 2091572.474117731442675 ], [ 6014983.294368129223585, 2091469.067579537862912 ], [ 6014968.115033923648298, 2091426.644182422198355 ], [ 6014912.73011994920671, 2091309.542620533611625 ], [ 6014846.133939248509705, 2091198.433605558238924 ], [ 6014779.483313227072358, 2091108.565639632754028 ], [ 6014780.333406725898385, 2091091.26158893853426 ], [ 6014773.977245933376253, 2090961.878963703522459 ], [ 6014754.969976858235896, 2090833.74236387712881 ], [ 6014723.494649892672896, 2090708.085814962629229 ], [ 6014679.854389640502632, 2090586.119458216708153 ], [ 6014624.469475666061044, 2090469.017896328121424 ], [ 6014557.873294965364039, 2090357.908881352748722 ], [ 6014555.899230651557446, 2090355.247163750231266 ], [ 6014548.512012637220323, 2090334.601272491272539 ], [ 6014493.127098662778735, 2090217.499710602685809 ], [ 6014426.53091796208173, 2090106.390695627313107 ], [ 6014349.364828160963953, 2090002.3442681171 ], [ 6014262.371980888769031, 2089906.362452046945691 ], [ 6014166.390164818614721, 2089819.369604774285108 ], [ 6014161.63387082144618, 2089815.842096732696518 ], [ 6014165.034184951335192, 2089746.62711253715679 ], [ 6014158.678024158813059, 2089617.244487302144989 ], [ 6014139.670755083672702, 2089489.10788747575134 ], [ 6014108.195428118109703, 2089363.45133856125176 ], [ 6014064.555167865939438, 2089241.484981815330684 ], [ 6014009.17025389149785, 2089124.383419926743954 ], [ 6013942.574073190800846, 2089013.274404951371253 ], [ 6013865.407983389683068, 2088909.227977441158146 ], [ 6013778.415136117488146, 2088813.246161371003836 ], [ 6013682.433320047333837, 2088726.253314098343253 ], [ 6013578.386892537586391, 2088649.087224297691137 ], [ 6013467.277877561748028, 2088582.491043597226962 ], [ 6013350.176315673626959, 2088527.106129622319713 ], [ 6013228.209958926774561, 2088483.46586937061511 ], [ 6013102.553410012274981, 2088451.99054240481928 ], [ 6012974.416810186579823, 2088432.983273329911754 ], [ 6012845.034184951335192, 2088426.62711253715679 ], [ 6012715.65155971609056, 2088432.983273329911754 ], [ 6012587.514959890395403, 2088451.99054240481928 ], [ 6012479.364912169985473, 2088479.080719102872536 ], [ 6012564.503414931707084, 2088401.91567815002054 ], [ 6012651.496262203902006, 2088305.93386207986623 ], [ 6012728.662352005019784, 2088201.887434569653124 ], [ 6012795.258532705716789, 2088090.778419594280422 ], [ 6012850.643446680158377, 2087973.676857705693692 ], [ 6012894.283706932328641, 2087851.710500959772617 ], [ 6012925.759033897891641, 2087726.053952045273036 ], [ 6012944.766302973031998, 2087597.917352218879387 ], [ 6012951.12246376555413, 2087468.534726983867586 ], [ 6012944.766302973031998, 2087339.152101748855785 ], [ 6012925.759033897891641, 2087211.015501922462136 ], [ 6012894.283706932328641, 2087085.358953007962555 ], [ 6012850.643446680158377, 2086963.392596262041479 ], [ 6012795.258532705716789, 2086846.29103437345475 ], [ 6012728.662352005019784, 2086735.182019398082048 ], [ 6012651.496262203902006, 2086631.135591887868941 ], [ 6012564.503414931707084, 2086535.153775817714632 ], [ 6012468.521598861552775, 2086448.160928545054048 ], [ 6012364.475171351805329, 2086370.994838744401932 ], [ 6012253.366156375966966, 2086304.398658043937758 ], [ 6012136.264594487845898, 2086249.013744069030508 ], [ 6012014.2982377409935, 2086205.373483817325905 ], [ 6011923.570293356664479, 2086182.647316824179143 ], [ 6011918.507784535177052, 2086180.252928473753855 ], [ 6011913.333778633736074, 2086074.933618855895475 ], [ 6011894.326509558595717, 2085946.797019029501826 ], [ 6011862.851182593032718, 2085821.140470115002245 ], [ 6011819.210922340862453, 2085699.174113369081169 ], [ 6011763.826008366420865, 2085582.07255148049444 ], [ 6011697.22982766572386, 2085470.963536505121738 ], [ 6011620.063737864606082, 2085366.917108994908631 ], [ 6011533.07089059241116, 2085270.935292924754322 ], [ 6011437.089074522256851, 2085183.942445652093738 ] ] ], [ [ [ 6108762.598188504576683, 1967541.430704593658447 ], [ 6108633.215563269332051, 1967547.78686538641341 ], [ 6108505.078963443636894, 1967566.794134461320937 ], [ 6108379.422414529137313, 1967598.269461427116767 ], [ 6108257.456057782284915, 1967641.90972167882137 ], [ 6108140.354495894163847, 1967697.294635653728619 ], [ 6108029.245480918325484, 1967763.890816354192793 ], [ 6107925.199053408578038, 1967841.05690615484491 ], [ 6107829.217237338423729, 1967928.049753427505493 ], [ 6107742.224390066228807, 1968024.031569497659802 ], [ 6107665.058300265111029, 1968128.077997007872909 ], [ 6107598.462119564414024, 1968239.187011983245611 ], [ 6107543.077205589972436, 1968356.288573871832341 ], [ 6107499.436945337802172, 1968478.254930617753416 ], [ 6107467.961618372239172, 1968603.911479532252997 ], [ 6107448.954349297098815, 1968732.048079358646646 ], [ 6107442.598188504576683, 1968861.430704593658447 ], [ 6107448.954349297098815, 1968990.813329828670248 ], [ 6107467.961618372239172, 1969118.949929655063897 ], [ 6107499.436945337802172, 1969244.606478569563478 ], [ 6107543.077205589972436, 1969366.572835315484554 ], [ 6107598.462119564414024, 1969483.674397204071283 ], [ 6107665.058300265111029, 1969594.783412179443985 ], [ 6107742.224390066228807, 1969698.829839689657092 ], [ 6107829.217237338423729, 1969794.811655759811401 ], [ 6107925.199053408578038, 1969881.804503032471985 ], [ 6108029.245480918325484, 1969958.970592833124101 ], [ 6108092.942058778367937, 1969997.14885235670954 ], [ 6108095.488030254840851, 1969999.957899004220963 ], [ 6108191.46984632499516, 1970086.950746276881546 ], [ 6108295.516273834742606, 1970164.116836077533662 ], [ 6108406.625288810580969, 1970230.713016777997836 ], [ 6108523.726850698702037, 1970286.097930752905086 ], [ 6108645.693207445554435, 1970329.738191004609689 ], [ 6108771.349756360054016, 1970361.213517970405519 ], [ 6108899.486356185749173, 1970380.220787045313045 ], [ 6109028.868981420993805, 1970386.576947838068008 ], [ 6109158.251606656238437, 1970380.220787045313045 ], [ 6109286.388206481933594, 1970361.213517970405519 ], [ 6109412.044755396433175, 1970329.738191004609689 ], [ 6109445.286551769822836, 1970317.844086075434461 ], [ 6109448.910084285773337, 1970342.271958068478853 ], [ 6109480.385411251336336, 1970467.928506982978433 ], [ 6109524.025671503506601, 1970589.894863728899509 ], [ 6109554.09133636765182, 1970653.4633711471688 ], [ 6109562.47481779102236, 1970709.980212152469903 ], [ 6109593.95014475658536, 1970835.636761066969484 ], [ 6109637.590405008755624, 1970957.603117812890559 ], [ 6109692.975318983197212, 1971074.704679701477289 ], [ 6109759.571499683894217, 1971185.813694676849991 ], [ 6109836.737589485011995, 1971289.860122187063098 ], [ 6109923.730436757206917, 1971385.841938257217407 ], [ 6110019.712252827361226, 1971472.83478552987799 ], [ 6110123.758680337108672, 1971550.000875330530107 ], [ 6110234.867695312947035, 1971616.597056030994281 ], [ 6110351.969257201068103, 1971671.98197000590153 ], [ 6110473.935613947920501, 1971715.622230257606134 ], [ 6110599.592162862420082, 1971747.097557223401964 ], [ 6110727.728762688115239, 1971766.10482629830949 ], [ 6110857.111387923359871, 1971772.460987091064453 ], [ 6110986.494013158604503, 1971766.10482629830949 ], [ 6111114.63061298429966, 1971747.097557223401964 ], [ 6111240.287161898799241, 1971715.622230257606134 ], [ 6111362.253518645651639, 1971671.98197000590153 ], [ 6111479.355080533772707, 1971616.597056030994281 ], [ 6111590.46409550961107, 1971550.000875330530107 ], [ 6111694.510523019358516, 1971472.83478552987799 ], [ 6111790.492339089512825, 1971385.841938257217407 ], [ 6111877.485186361707747, 1971289.860122187063098 ], [ 6111954.651276162825525, 1971185.813694676849991 ], [ 6112021.24745686352253, 1971074.704679701477289 ], [ 6112076.632370837964118, 1970957.603117812890559 ], [ 6112120.272631090134382, 1970835.636761066969484 ], [ 6112151.747958055697381, 1970709.980212152469903 ], [ 6112170.755227130837739, 1970581.843612326076254 ], [ 6112177.111387923359871, 1970452.460987091064453 ], [ 6112170.755227130837739, 1970323.078361856052652 ], [ 6112151.747958055697381, 1970194.941762029659003 ], [ 6112120.272631090134382, 1970069.285213115159422 ], [ 6112076.632370837964118, 1969947.318856369238347 ], [ 6112046.566705973818898, 1969883.750348950969055 ], [ 6112038.183224550448358, 1969827.233507945667952 ], [ 6112006.707897584885359, 1969701.576959031168371 ], [ 6111963.067637332715094, 1969579.610602285247296 ], [ 6111907.682723358273506, 1969462.509040396660566 ], [ 6111841.086542657576501, 1969351.400025421287864 ], [ 6111763.920452856458724, 1969247.353597911074758 ], [ 6111676.927605584263802, 1969151.371781840920448 ], [ 6111580.945789514109492, 1969064.378934568259865 ], [ 6111476.899362004362047, 1968987.212844767607749 ], [ 6111365.790347028523684, 1968920.616664067143574 ], [ 6111248.688785140402615, 1968865.231750092236325 ], [ 6111126.722428393550217, 1968821.591489840531722 ], [ 6111001.065879479050636, 1968790.116162874735892 ], [ 6110872.929279653355479, 1968771.108893799828365 ], [ 6110743.546654418110847, 1968764.752733007073402 ], [ 6110614.164029182866216, 1968771.108893799828365 ], [ 6110486.027429357171059, 1968790.116162874735892 ], [ 6110360.370880442671478, 1968821.591489840531722 ], [ 6110327.129084069281816, 1968833.48559476970695 ], [ 6110323.505551553331316, 1968809.057722776662558 ], [ 6110292.030224587768316, 1968683.401173862162977 ], [ 6110248.389964335598052, 1968561.434817116241902 ], [ 6110193.005050361156464, 1968444.333255227655172 ], [ 6110126.408869660459459, 1968333.22424025228247 ], [ 6110049.242779859341681, 1968229.177812742069364 ], [ 6109962.249932587146759, 1968133.195996671915054 ], [ 6109866.26811651699245, 1968046.203149399254471 ], [ 6109762.221689007245004, 1967969.037059598602355 ], [ 6109698.525111147202551, 1967930.858800075016916 ], [ 6109695.979139670729637, 1967928.049753427505493 ], [ 6109599.997323600575328, 1967841.05690615484491 ], [ 6109495.950896090827882, 1967763.890816354192793 ], [ 6109384.841881114989519, 1967697.294635653728619 ], [ 6109267.740319226868451, 1967641.90972167882137 ], [ 6109145.773962480016053, 1967598.269461427116767 ], [ 6109020.117413565516472, 1967566.794134461320937 ], [ 6108891.980813739821315, 1967547.78686538641341 ], [ 6108762.598188504576683, 1967541.430704593658447 ] ] ], [ [ [ 6104293.128639373928308, 1968950.93976615392603 ], [ 6104176.02707748580724, 1968895.554852179018781 ], [ 6104054.060720738954842, 1968851.914591927314177 ], [ 6103928.404171824455261, 1968820.439264961518347 ], [ 6103800.267571998760104, 1968801.431995886610821 ], [ 6103670.884946763515472, 1968795.075835093855858 ], [ 6103541.502321528270841, 1968801.431995886610821 ], [ 6103413.365721702575684, 1968820.439264961518347 ], [ 6103287.709172788076103, 1968851.914591927314177 ], [ 6103165.742816041223705, 1968895.554852179018781 ], [ 6103048.641254153102636, 1968950.93976615392603 ], [ 6102937.532239177264273, 1969017.535946854390204 ], [ 6102905.694946149364114, 1969041.148092620773241 ], [ 6102845.937681372277439, 1969062.529583847848698 ], [ 6102728.83611948415637, 1969117.914497822755948 ], [ 6102617.727104508318007, 1969184.510678523220122 ], [ 6102513.680676998570561, 1969261.676768323872238 ], [ 6102417.698860928416252, 1969348.669615596532822 ], [ 6102330.70601365622133, 1969444.651431666687131 ], [ 6102253.539923855103552, 1969548.697859176900238 ], [ 6102186.943743154406548, 1969659.80687415227294 ], [ 6102131.55882917996496, 1969776.908436040859669 ], [ 6102087.918568927794695, 1969898.874792786780745 ], [ 6102056.443241962231696, 1970024.531341701280326 ], [ 6102037.435972887091339, 1970152.667941527673975 ], [ 6102031.079812094569206, 1970282.050566762685776 ], [ 6102037.435972887091339, 1970411.433191997697577 ], [ 6102056.443241962231696, 1970539.569791824091226 ], [ 6102087.918568927794695, 1970665.226340738590807 ], [ 6102131.55882917996496, 1970787.192697484511882 ], [ 6102186.943743154406548, 1970904.294259373098612 ], [ 6102253.539923855103552, 1971015.403274348471314 ], [ 6102330.70601365622133, 1971119.449701858684421 ], [ 6102417.698860928416252, 1971215.43151792883873 ], [ 6102513.680676998570561, 1971302.424365201499313 ], [ 6102617.727104508318007, 1971379.59045500215143 ], [ 6102728.83611948415637, 1971446.186635702615604 ], [ 6102845.937681372277439, 1971501.571549677522853 ], [ 6102967.904038119129837, 1971545.211809929227456 ], [ 6103093.560587033629417, 1971576.687136895023286 ], [ 6103221.697186859324574, 1971595.694405969930813 ], [ 6103351.079812094569206, 1971602.050566762685776 ], [ 6103480.462437329813838, 1971595.694405969930813 ], [ 6103608.599037155508995, 1971576.687136895023286 ], [ 6103734.255586070008576, 1971545.211809929227456 ], [ 6103856.221942816860974, 1971501.571549677522853 ], [ 6103973.323504704982042, 1971446.186635702615604 ], [ 6104084.432519680820405, 1971379.59045500215143 ], [ 6104116.269812708720565, 1971355.978309235768393 ], [ 6104176.02707748580724, 1971334.596818008692935 ], [ 6104293.128639373928308, 1971279.211904033785686 ], [ 6104404.237654349766672, 1971212.615723333321512 ], [ 6104508.284081859514117, 1971135.449633532669395 ], [ 6104604.265897929668427, 1971048.456786260008812 ], [ 6104691.258745201863348, 1970952.474970189854503 ], [ 6104768.424835002981126, 1970848.428542679641396 ], [ 6104835.021015703678131, 1970737.319527704268694 ], [ 6104890.405929678119719, 1970620.217965815681964 ], [ 6104934.046189930289984, 1970498.251609069760889 ], [ 6104965.521516895852983, 1970372.595060155261308 ], [ 6104984.52878597099334, 1970244.458460328867659 ], [ 6104990.884946763515472, 1970115.075835093855858 ], [ 6104984.52878597099334, 1969985.693209858844057 ], [ 6104965.521516895852983, 1969857.556610032450408 ], [ 6104934.046189930289984, 1969731.900061117950827 ], [ 6104890.405929678119719, 1969609.933704372029752 ], [ 6104835.021015703678131, 1969492.832142483443022 ], [ 6104768.424835002981126, 1969381.72312750807032 ], [ 6104691.258745201863348, 1969277.676699997857213 ], [ 6104604.265897929668427, 1969181.694883927702904 ], [ 6104508.284081859514117, 1969094.70203665504232 ], [ 6104404.237654349766672, 1969017.535946854390204 ], [ 6104293.128639373928308, 1968950.93976615392603 ] ] ], [ [ [ 6115020.83244726061821, 1971682.313570335507393 ], [ 6114933.839599988423288, 1971778.295386405661702 ], [ 6114856.67351018730551, 1971882.341813915874809 ], [ 6114790.077329486608505, 1971993.450828891247511 ], [ 6114734.692415512166917, 1972110.552390779834241 ], [ 6114691.052155259996653, 1972232.518747525755316 ], [ 6114659.576828294433653, 1972358.175296440254897 ], [ 6114640.569559219293296, 1972486.311896266648546 ], [ 6114634.213398426771164, 1972615.694521501660347 ], [ 6114640.569559219293296, 1972745.077146736672148 ], [ 6114640.813640342094004, 1972746.722608006559312 ], [ 6114642.876313137821853, 1972788.709277329733595 ], [ 6114661.88358221296221, 1972916.845877156127244 ], [ 6114693.358909178525209, 1973042.502426070626825 ], [ 6114736.999169430695474, 1973164.4687828165479 ], [ 6114792.384083405137062, 1973281.57034470513463 ], [ 6114858.980264105834067, 1973392.679359680507332 ], [ 6114936.146353906951845, 1973496.725787190720439 ], [ 6115023.139201179146767, 1973592.707603260874748 ], [ 6115119.121017249301076, 1973679.700450533535331 ], [ 6115223.167444759048522, 1973756.866540334187448 ], [ 6115334.276459734886885, 1973823.462721034651622 ], [ 6115451.378021623007953, 1973878.847635009558871 ], [ 6115573.344378369860351, 1973922.487895261263475 ], [ 6115699.000927284359932, 1973953.963222227059305 ], [ 6115827.137527110055089, 1973972.970491301966831 ], [ 6115956.520152345299721, 1973979.326652094721794 ], [ 6115995.155694368295372, 1973977.428609625902027 ], [ 6116028.183056773617864, 1973982.327756044222042 ], [ 6116157.565682008862495, 1973988.683916836977005 ], [ 6116184.747982642613351, 1973987.348536037374288 ], [ 6116300.744857594370842, 1973993.047097086906433 ], [ 6116430.127482829615474, 1973986.69093629415147 ], [ 6116558.264082655310631, 1973967.683667219243944 ], [ 6116683.920631569810212, 1973936.208340253448114 ], [ 6116805.88698831666261, 1973892.56808000174351 ], [ 6116922.988550204783678, 1973837.183166026836261 ], [ 6117034.097565180622041, 1973770.586985326372087 ], [ 6117138.143992690369487, 1973693.42089552571997 ], [ 6117234.125808760523796, 1973606.428048253059387 ], [ 6117321.118656032718718, 1973510.446232182905078 ], [ 6117398.284745833836496, 1973406.399804672691971 ], [ 6117464.880926534533501, 1973295.290789697319269 ], [ 6117520.265840508975089, 1973178.189227808732539 ], [ 6117563.906100761145353, 1973056.222871062811464 ], [ 6117595.381427726708353, 1972930.566322148311883 ], [ 6117614.38869680184871, 1972802.429722321918234 ], [ 6117620.744857594370842, 1972673.047097086906433 ], [ 6117619.677120927721262, 1972651.312817927217111 ], [ 6117621.109030097723007, 1972622.165637165307999 ], [ 6117614.752869305200875, 1972492.783011930296198 ], [ 6117595.745600230060518, 1972364.646412103902549 ], [ 6117564.270273264497519, 1972238.989863189402968 ], [ 6117520.630013012327254, 1972117.023506443481892 ], [ 6117465.245099037885666, 1971999.921944554895163 ], [ 6117398.648918337188661, 1971888.812929579522461 ], [ 6117321.482828536070883, 1971784.766502069309354 ], [ 6117234.489981263875961, 1971688.784685999155045 ], [ 6117138.508165193721652, 1971601.791838726494461 ], [ 6117034.461737683974206, 1971524.625748925842345 ], [ 6116923.352722708135843, 1971458.029568225378171 ], [ 6116806.251160820014775, 1971402.644654250470921 ], [ 6116684.284804073162377, 1971359.004393998766318 ], [ 6116558.628255158662796, 1971327.529067032970488 ], [ 6116430.491655332967639, 1971308.521797958062962 ], [ 6116301.109030097723007, 1971302.165637165307999 ], [ 6116171.726404862478375, 1971308.521797958062962 ], [ 6116149.473573390394449, 1971311.822693689959124 ], [ 6116083.596023662015796, 1971302.05068229441531 ], [ 6115954.213398426771164, 1971295.694521501660347 ], [ 6115824.830773191526532, 1971302.05068229441531 ], [ 6115696.694173365831375, 1971321.057951369322836 ], [ 6115571.037624451331794, 1971352.533278335118666 ], [ 6115449.071267704479396, 1971396.17353858682327 ], [ 6115331.969705816358328, 1971451.558452561730519 ], [ 6115220.860690840519965, 1971518.154633262194693 ], [ 6115116.814263330772519, 1971595.32072306284681 ], [ 6115020.83244726061821, 1971682.313570335507393 ] ] ], [ [ [ 6123759.123157090507448, 1971613.853260763920844 ], [ 6123648.014142114669085, 1971547.257080063456669 ], [ 6123530.912580226548016, 1971491.87216608854942 ], [ 6123408.946223479695618, 1971448.231905836844817 ], [ 6123283.289674565196037, 1971416.756578871048987 ], [ 6123155.15307473950088, 1971397.749309796141461 ], [ 6123025.770449504256248, 1971391.393149003386497 ], [ 6122896.387824269011617, 1971397.749309796141461 ], [ 6122768.25122444331646, 1971416.756578871048987 ], [ 6122642.594675528816879, 1971448.231905836844817 ], [ 6122520.628318781964481, 1971491.87216608854942 ], [ 6122403.526756893843412, 1971547.257080063456669 ], [ 6122292.417741918005049, 1971613.853260763920844 ], [ 6122188.371314408257604, 1971691.01935056457296 ], [ 6122092.389498338103294, 1971778.012197837233543 ], [ 6122005.396651065908372, 1971873.994013907387853 ], [ 6121928.230561264790595, 1971978.04044141760096 ], [ 6121861.63438056409359, 1972089.149456392973661 ], [ 6121806.249466589652002, 1972206.251018281560391 ], [ 6121762.609206337481737, 1972328.217375027481467 ], [ 6121731.133879371918738, 1972453.873923941981047 ], [ 6121712.126610296778381, 1972582.010523768374696 ], [ 6121705.770449504256248, 1972711.393149003386497 ], [ 6121712.126610296778381, 1972840.775774238398299 ], [ 6121731.133879371918738, 1972968.912374064791948 ], [ 6121762.609206337481737, 1973094.568922979291528 ], [ 6121806.249466589652002, 1973216.535279725212604 ], [ 6121861.63438056409359, 1973333.636841613799334 ], [ 6121928.230561264790595, 1973444.745856589172035 ], [ 6122005.396651065908372, 1973548.792284099385142 ], [ 6122092.389498338103294, 1973644.774100169539452 ], [ 6122150.379009834490716, 1973697.332729747286066 ], [ 6122056.98284534458071, 1973753.312236436642706 ], [ 6121952.936417834833264, 1973830.478326237294823 ], [ 6121856.954601764678955, 1973917.471173509955406 ], [ 6121769.961754492484033, 1974013.452989580109715 ], [ 6121692.795664691366255, 1974117.499417090322822 ], [ 6121626.19948399066925, 1974228.608432065695524 ], [ 6121570.814570016227663, 1974345.709993954282254 ], [ 6121527.174309764057398, 1974467.676350700203329 ], [ 6121495.698982798494399, 1974593.33289961470291 ], [ 6121476.691713723354042, 1974721.469499441096559 ], [ 6121476.247140424326062, 1974730.518996837548912 ], [ 6121367.770909150131047, 1974679.21356042358093 ], [ 6121245.804552403278649, 1974635.573300171876326 ], [ 6121120.148003488779068, 1974604.097973206080496 ], [ 6120992.011403663083911, 1974585.09070413117297 ], [ 6120862.628778427839279, 1974578.734543338418007 ], [ 6120733.246153192594647, 1974585.09070413117297 ], [ 6120605.10955336689949, 1974604.097973206080496 ], [ 6120479.453004452399909, 1974635.573300171876326 ], [ 6120357.486647705547512, 1974679.21356042358093 ], [ 6120240.385085817426443, 1974734.598474398488179 ], [ 6120145.452378953807056, 1974791.498949144501239 ], [ 6120116.178641315549612, 1974805.344395905965939 ], [ 6120005.069626339711249, 1974871.940576606430113 ], [ 6119901.023198829963803, 1974949.10666640708223 ], [ 6119805.041382759809494, 1975036.099513679742813 ], [ 6119718.048535487614572, 1975132.081329749897122 ], [ 6119640.882445686496794, 1975236.127757260110229 ], [ 6119574.286264985799789, 1975347.236772235482931 ], [ 6119542.878513217903674, 1975413.642884000204504 ], [ 6119538.395347458310425, 1975322.385948525974527 ], [ 6119519.388078383170068, 1975194.249348699580878 ], [ 6119487.912751417607069, 1975068.592799785081297 ], [ 6119444.272491165436804, 1974946.626443039160222 ], [ 6119437.82921424228698, 1974933.003278584219515 ], [ 6119427.909586808644235, 1974866.130582361947745 ], [ 6119396.434259843081236, 1974740.474033447448164 ], [ 6119352.793999590910971, 1974618.507676701527089 ], [ 6119297.409085616469383, 1974501.406114812940359 ], [ 6119230.812904915772378, 1974390.297099837567657 ], [ 6119153.646815114654601, 1974286.25067232735455 ], [ 6119066.653967842459679, 1974190.268856257200241 ], [ 6118970.672151772305369, 1974103.276008984539658 ], [ 6118866.625724262557924, 1974026.109919183887541 ], [ 6118755.516709286719561, 1973959.513738483423367 ], [ 6118638.415147398598492, 1973904.128824508516118 ], [ 6118516.448790651746094, 1973860.488564256811514 ], [ 6118390.792241737246513, 1973829.013237291015685 ], [ 6118262.655641911551356, 1973810.005968216108158 ], [ 6118133.273016676306725, 1973803.649807423353195 ], [ 6118003.890391441062093, 1973810.005968216108158 ], [ 6117875.753791615366936, 1973829.013237291015685 ], [ 6117750.097242700867355, 1973860.488564256811514 ], [ 6117628.130885954014957, 1973904.128824508516118 ], [ 6117511.029324065893888, 1973959.513738483423367 ], [ 6117399.920309090055525, 1974026.109919183887541 ], [ 6117295.87388158030808, 1974103.276008984539658 ], [ 6117199.89206551015377, 1974190.268856257200241 ], [ 6117112.899218237958848, 1974286.25067232735455 ], [ 6117035.733128436841071, 1974390.297099837567657 ], [ 6116969.136947736144066, 1974501.406114812940359 ], [ 6116913.752033761702478, 1974618.507676701527089 ], [ 6116870.111773509532213, 1974740.474033447448164 ], [ 6116838.636446543969214, 1974866.130582361947745 ], [ 6116819.629177468828857, 1974994.267182188341394 ], [ 6116813.273016676306725, 1975123.649807423353195 ], [ 6116819.629177468828857, 1975253.032432658364996 ], [ 6116838.636446543969214, 1975381.169032484758645 ], [ 6116870.111773509532213, 1975506.825581399258226 ], [ 6116913.752033761702478, 1975628.791938145179302 ], [ 6116920.195310684852302, 1975642.415102600120008 ], [ 6116930.114938118495047, 1975709.287798822391778 ], [ 6116961.590265084058046, 1975834.944347736891359 ], [ 6117005.230525336228311, 1975956.910704482812434 ], [ 6117060.615439310669899, 1976074.012266371399164 ], [ 6117127.211620011366904, 1976185.121281346771866 ], [ 6117204.377709812484682, 1976289.167708856984973 ], [ 6117291.370557084679604, 1976385.149524927139282 ], [ 6117387.352373154833913, 1976472.142372199799865 ], [ 6117491.398800664581358, 1976549.308462000451982 ], [ 6117602.507815640419722, 1976615.904642700916156 ], [ 6117719.60937752854079, 1976671.289556675823405 ], [ 6117841.575734275393188, 1976714.929816927528009 ], [ 6117967.232283189892769, 1976746.405143893323839 ], [ 6118095.368883015587926, 1976765.412412968231365 ], [ 6118224.751508250832558, 1976771.768573760986328 ], [ 6118354.134133486077189, 1976765.412412968231365 ], [ 6118482.270733311772346, 1976746.405143893323839 ], [ 6118607.927282226271927, 1976714.929816927528009 ], [ 6118729.893638973124325, 1976671.289556675823405 ], [ 6118846.995200861245394, 1976615.904642700916156 ], [ 6118958.104215837083757, 1976549.308462000451982 ], [ 6119062.150643346831203, 1976472.142372199799865 ], [ 6119158.132459416985512, 1976385.149524927139282 ], [ 6119245.125306689180434, 1976289.167708856984973 ], [ 6119322.291396490298212, 1976185.121281346771866 ], [ 6119388.887577190995216, 1976074.012266371399164 ], [ 6119420.295328958891332, 1976007.606154606677592 ], [ 6119424.778494718484581, 1976098.863090080907568 ], [ 6119443.785763793624938, 1976226.999689907301217 ], [ 6119475.261090759187937, 1976352.656238821800798 ], [ 6119518.901351011358202, 1976474.622595567721874 ], [ 6119574.286264985799789, 1976591.724157456308603 ], [ 6119640.882445686496794, 1976702.833172431681305 ], [ 6119718.048535487614572, 1976806.879599941894412 ], [ 6119805.041382759809494, 1976902.861416012048721 ], [ 6119901.023198829963803, 1976989.854263284709305 ], [ 6120005.069626339711249, 1977067.020353085361421 ], [ 6120116.178641315549612, 1977133.616533785825595 ], [ 6120233.280203203670681, 1977189.001447760732844 ], [ 6120355.246559950523078, 1977232.641708012437448 ], [ 6120480.903108865022659, 1977264.117034978233278 ], [ 6120609.039708690717816, 1977283.124304053140804 ], [ 6120738.422333925962448, 1977289.480464845895767 ], [ 6120867.80495916120708, 1977283.124304053140804 ], [ 6120995.941558986902237, 1977264.117034978233278 ], [ 6121121.598107901401818, 1977232.641708012437448 ], [ 6121243.564464648254216, 1977189.001447760732844 ], [ 6121360.666026536375284, 1977133.616533785825595 ], [ 6121455.598733399994671, 1977076.716059039812535 ], [ 6121484.872471038252115, 1977062.870612278347835 ], [ 6121595.981486014090478, 1976996.274431577883661 ], [ 6121700.027913523837924, 1976919.108341777231544 ], [ 6121796.009729593992233, 1976832.115494504570961 ], [ 6121883.002576866187155, 1976736.133678434416652 ], [ 6121960.168666667304933, 1976632.087250924203545 ], [ 6122026.764847368001938, 1976520.978235948830843 ], [ 6122082.149761342443526, 1976403.876674060244113 ], [ 6122125.790021594613791, 1976281.910317314323038 ], [ 6122157.26534856017679, 1976156.253768399823457 ], [ 6122176.272617635317147, 1976028.117168573429808 ], [ 6122176.717190934345126, 1976019.067671176977456 ], [ 6122285.193422208540142, 1976070.373107590945438 ], [ 6122407.15977895539254, 1976114.013367842650041 ], [ 6122532.81632786989212, 1976145.488694808445871 ], [ 6122660.952927695587277, 1976164.495963883353397 ], [ 6122790.335552930831909, 1976170.85212467610836 ], [ 6122919.718178166076541, 1976164.495963883353397 ], [ 6123047.854777991771698, 1976145.488694808445871 ], [ 6123173.511326906271279, 1976114.013367842650041 ], [ 6123295.477683653123677, 1976070.373107590945438 ], [ 6123412.579245541244745, 1976014.988193616038188 ], [ 6123523.688260517083108, 1975948.392012915574014 ], [ 6123627.734688026830554, 1975871.225923114921898 ], [ 6123723.716504096984863, 1975784.233075842261314 ], [ 6123810.709351369179785, 1975688.251259772107005 ], [ 6123887.875441170297563, 1975584.204832261893898 ], [ 6123954.471621870994568, 1975473.095817286521196 ], [ 6124009.856535845436156, 1975355.994255397934467 ], [ 6124053.496796097606421, 1975234.027898652013391 ], [ 6124084.97212306316942, 1975108.37134973751381 ], [ 6124103.979392138309777, 1974980.234749911120161 ], [ 6124110.335552930831909, 1974850.85212467610836 ], [ 6124103.979392138309777, 1974721.469499441096559 ], [ 6124084.97212306316942, 1974593.33289961470291 ], [ 6124053.496796097606421, 1974467.676350700203329 ], [ 6124009.856535845436156, 1974345.709993954282254 ], [ 6123954.471621870994568, 1974228.608432065695524 ], [ 6123887.875441170297563, 1974117.499417090322822 ], [ 6123810.709351369179785, 1974013.452989580109715 ], [ 6123723.716504096984863, 1973917.471173509955406 ], [ 6123665.726992600597441, 1973864.912543932208791 ], [ 6123759.123157090507448, 1973808.933037242852151 ], [ 6123863.169584600254893, 1973731.766947442200035 ], [ 6123959.151400670409203, 1973644.774100169539452 ], [ 6124046.144247942604125, 1973548.792284099385142 ], [ 6124123.310337743721902, 1973444.745856589172035 ], [ 6124189.906518444418907, 1973333.636841613799334 ], [ 6124245.291432418860495, 1973216.535279725212604 ], [ 6124288.93169267103076, 1973094.568922979291528 ], [ 6124320.407019636593759, 1972968.912374064791948 ], [ 6124339.414288711734116, 1972840.775774238398299 ], [ 6124345.770449504256248, 1972711.393149003386497 ], [ 6124339.414288711734116, 1972582.010523768374696 ], [ 6124320.407019636593759, 1972453.873923941981047 ], [ 6124288.93169267103076, 1972328.217375027481467 ], [ 6124245.291432418860495, 1972206.251018281560391 ], [ 6124189.906518444418907, 1972089.149456392973661 ], [ 6124123.310337743721902, 1971978.04044141760096 ], [ 6124046.144247942604125, 1971873.994013907387853 ], [ 6123959.151400670409203, 1971778.012197837233543 ], [ 6123863.169584600254893, 1971691.01935056457296 ], [ 6123759.123157090507448, 1971613.853260763920844 ] ] ], [ [ [ 6126907.663447923026979, 1971717.587961428798735 ], [ 6126796.554432947188616, 1971650.991780728334561 ], [ 6126679.452871059067547, 1971595.606866753427312 ], [ 6126557.486514312215149, 1971551.966606501722708 ], [ 6126431.829965397715569, 1971520.491279535926878 ], [ 6126303.693365572020411, 1971501.484010461019352 ], [ 6126174.31074033677578, 1971495.127849668264389 ], [ 6126044.928115101531148, 1971501.484010461019352 ], [ 6125916.791515275835991, 1971520.491279535926878 ], [ 6125820.913332756608725, 1971544.507514023920521 ], [ 6125784.677278190851212, 1971549.882624962367117 ], [ 6125659.020729276351631, 1971581.357951928162947 ], [ 6125537.054372529499233, 1971624.998212179867551 ], [ 6125419.952810641378164, 1971680.3831261547748 ], [ 6125308.843795665539801, 1971746.979306855238974 ], [ 6125204.797368155792356, 1971824.145396655891091 ], [ 6125108.815552085638046, 1971911.138243928551674 ], [ 6125021.822704813443124, 1972007.120059998705983 ], [ 6124944.656615012325346, 1972111.16648750891909 ], [ 6124878.060434311628342, 1972222.275502484291792 ], [ 6124822.675520337186754, 1972339.377064372878522 ], [ 6124779.035260085016489, 1972461.343421118799597 ], [ 6124747.55993311945349, 1972586.999970033299178 ], [ 6124728.552664044313133, 1972715.136569859692827 ], [ 6124722.196503251791, 1972844.519195094704628 ], [ 6124728.552664044313133, 1972973.901820329716429 ], [ 6124747.55993311945349, 1973102.038420156110078 ], [ 6124779.035260085016489, 1973227.694969070609659 ], [ 6124822.675520337186754, 1973349.661325816530734 ], [ 6124878.060434311628342, 1973466.762887705117464 ], [ 6124944.656615012325346, 1973577.871902680490166 ], [ 6125021.822704813443124, 1973681.918330190703273 ], [ 6125108.815552085638046, 1973777.900146260857582 ], [ 6125204.797368155792356, 1973864.892993533518165 ], [ 6125308.843795665539801, 1973942.059083334170282 ], [ 6125419.952810641378164, 1974008.655264034634456 ], [ 6125537.054372529499233, 1974064.040178009541705 ], [ 6125659.020729276351631, 1974107.680438261246309 ], [ 6125784.677278190851212, 1974139.155765227042139 ], [ 6125912.813878016546369, 1974158.163034301949665 ], [ 6126042.196503251791, 1974164.519195094704628 ], [ 6126171.579128487035632, 1974158.163034301949665 ], [ 6126299.715728312730789, 1974139.155765227042139 ], [ 6126395.593910831958055, 1974115.139530739048496 ], [ 6126431.829965397715569, 1974109.7644198006019 ], [ 6126557.486514312215149, 1974078.28909283480607 ], [ 6126679.452871059067547, 1974034.648832583101466 ], [ 6126796.554432947188616, 1973979.263918608194217 ], [ 6126907.663447923026979, 1973912.667737907730043 ], [ 6127011.709875432774425, 1973835.501648107077926 ], [ 6127107.691691502928734, 1973748.508800834417343 ], [ 6127194.684538775123656, 1973652.526984764263034 ], [ 6127271.850628576241434, 1973548.480557254049927 ], [ 6127338.446809276938438, 1973437.371542278677225 ], [ 6127393.831723251380026, 1973320.269980390090495 ], [ 6127437.471983503550291, 1973198.30362364416942 ], [ 6127468.94731046911329, 1973072.647074729669839 ], [ 6127487.954579544253647, 1972944.51047490327619 ], [ 6127494.31074033677578, 1972815.127849668264389 ], [ 6127487.954579544253647, 1972685.745224433252588 ], [ 6127468.94731046911329, 1972557.608624606858939 ], [ 6127437.471983503550291, 1972431.952075692359358 ], [ 6127393.831723251380026, 1972309.985718946438283 ], [ 6127338.446809276938438, 1972192.884157057851553 ], [ 6127271.850628576241434, 1972081.775142082478851 ], [ 6127194.684538775123656, 1971977.728714572265744 ], [ 6127107.691691502928734, 1971881.746898502111435 ], [ 6127011.709875432774425, 1971794.754051229450852 ], [ 6126907.663447923026979, 1971717.587961428798735 ] ] ], [ [ [ 6112474.359309337101877, 1972306.303975605405867 ], [ 6112363.250294361263514, 1972239.707794904941693 ], [ 6112246.148732473142445, 1972184.322880930034444 ], [ 6112124.182375726290047, 1972140.68262067832984 ], [ 6111998.525826811790466, 1972109.20729371253401 ], [ 6111870.389226986095309, 1972090.200024637626484 ], [ 6111741.006601750850677, 1972083.843863844871521 ], [ 6111611.623976515606046, 1972090.200024637626484 ], [ 6111483.487376689910889, 1972109.20729371253401 ], [ 6111357.830827775411308, 1972140.68262067832984 ], [ 6111235.86447102855891, 1972184.322880930034444 ], [ 6111118.762909140437841, 1972239.707794904941693 ], [ 6111007.653894164599478, 1972306.303975605405867 ], [ 6110973.463740120641887, 1972331.6611220294144 ], [ 6110925.802427123300731, 1972348.71461250516586 ], [ 6110808.700865235179663, 1972404.099526480073109 ], [ 6110697.5918502593413, 1972470.695707180537283 ], [ 6110593.545422749593854, 1972547.8617969811894 ], [ 6110497.563606679439545, 1972634.854644253849983 ], [ 6110410.570759407244623, 1972730.836460324004292 ], [ 6110333.404669606126845, 1972834.882887834217399 ], [ 6110266.80848890542984, 1972945.991902809590101 ], [ 6110211.423574930988252, 1973063.093464698176831 ], [ 6110167.783314678817987, 1973185.059821444097906 ], [ 6110136.307987713254988, 1973310.716370358597487 ], [ 6110117.300718638114631, 1973438.852970184991136 ], [ 6110110.944557845592499, 1973568.235595420002937 ], [ 6110117.300718638114631, 1973697.618220655014738 ], [ 6110136.307987713254988, 1973825.754820481408387 ], [ 6110167.783314678817987, 1973951.411369395907968 ], [ 6110211.423574930988252, 1974073.377726141829044 ], [ 6110266.80848890542984, 1974190.479288030415773 ], [ 6110333.404669606126845, 1974301.588303005788475 ], [ 6110410.570759407244623, 1974405.634730516001582 ], [ 6110497.563606679439545, 1974501.616546586155891 ], [ 6110593.545422749593854, 1974588.609393858816475 ], [ 6110697.5918502593413, 1974665.775483659468591 ], [ 6110808.700865235179663, 1974732.371664359932765 ], [ 6110925.802427123300731, 1974787.756578334840015 ], [ 6111047.768783870153129, 1974831.396838586544618 ], [ 6111173.42533278465271, 1974862.872165552340448 ], [ 6111301.561932610347867, 1974881.879434627247974 ], [ 6111430.944557845592499, 1974888.235595420002937 ], [ 6111560.327183080837131, 1974881.879434627247974 ], [ 6111688.463782906532288, 1974862.872165552340448 ], [ 6111814.120331821031868, 1974831.396838586544618 ], [ 6111936.086688567884266, 1974787.756578334840015 ], [ 6112053.188250456005335, 1974732.371664359932765 ], [ 6112164.297265431843698, 1974665.775483659468591 ], [ 6112198.487419475801289, 1974640.418337235460058 ], [ 6112246.148732473142445, 1974623.364846759708598 ], [ 6112363.250294361263514, 1974567.979932784801349 ], [ 6112474.359309337101877, 1974501.383752084337175 ], [ 6112578.405736846849322, 1974424.217662283685058 ], [ 6112674.387552917003632, 1974337.224815011024475 ], [ 6112761.380400189198554, 1974241.242998940870166 ], [ 6112838.546489990316331, 1974137.196571430657059 ], [ 6112905.142670691013336, 1974026.087556455284357 ], [ 6112960.527584665454924, 1973908.985994566697627 ], [ 6113004.167844917625189, 1973787.019637820776552 ], [ 6113035.643171883188188, 1973661.363088906276971 ], [ 6113054.650440958328545, 1973533.226489079883322 ], [ 6113061.006601750850677, 1973403.843863844871521 ], [ 6113054.650440958328545, 1973274.46123860985972 ], [ 6113035.643171883188188, 1973146.324638783466071 ], [ 6113004.167844917625189, 1973020.66808986896649 ], [ 6112960.527584665454924, 1972898.701733123045415 ], [ 6112905.142670691013336, 1972781.600171234458685 ], [ 6112838.546489990316331, 1972670.491156259085983 ], [ 6112761.380400189198554, 1972566.444728748872876 ], [ 6112674.387552917003632, 1972470.462912678718567 ], [ 6112578.405736846849322, 1972383.470065406057984 ], [ 6112474.359309337101877, 1972306.303975605405867 ] ] ], [ [ [ 6081074.312708675861359, 2088285.737082674633712 ], [ 6080952.346351929008961, 2088329.377342926338315 ], [ 6080835.244790040887892, 2088384.762256901245564 ], [ 6080724.135775065049529, 2088451.358437601709738 ], [ 6080620.089347555302083, 2088528.524527402361855 ], [ 6080524.107531485147774, 2088615.517374675022438 ], [ 6080437.114684212952852, 2088711.499190745176747 ], [ 6080359.948594411835074, 2088815.545618255389854 ], [ 6080293.35241371113807, 2088926.654633230762556 ], [ 6080237.967499736696482, 2089043.756195119349286 ], [ 6080194.327239484526217, 2089165.722551865270361 ], [ 6080162.851912518963218, 2089291.379100779769942 ], [ 6080143.844643443822861, 2089419.515700606163591 ], [ 6080137.488482651300728, 2089548.898325841175392 ], [ 6080143.844643443822861, 2089678.280951076187193 ], [ 6080162.851912518963218, 2089806.417550902580842 ], [ 6080194.327239484526217, 2089932.074099817080423 ], [ 6080237.967499736696482, 2090054.040456563001499 ], [ 6080293.35241371113807, 2090171.142018451588228 ], [ 6080359.948594411835074, 2090282.25103342696093 ], [ 6080437.114684212952852, 2090386.297460937174037 ], [ 6080524.107531485147774, 2090482.279277007328346 ], [ 6080620.089347555302083, 2090569.27212427998893 ], [ 6080724.135775065049529, 2090646.438214080641046 ], [ 6080835.244790040887892, 2090713.03439478110522 ], [ 6080844.362348545342684, 2090717.346678795991465 ], [ 6080847.130090339109302, 2090719.005599385360256 ], [ 6080871.124856308102608, 2090730.354278494603932 ], [ 6080864.893380714580417, 2090857.198878203518689 ], [ 6080871.249541507102549, 2090986.58150343853049 ], [ 6080890.256810582242906, 2091114.718103264924139 ], [ 6080903.030749873258173, 2091165.714527514763176 ], [ 6080866.002005563117564, 2091215.642009529052302 ], [ 6080799.405824862420559, 2091326.751024504425004 ], [ 6080795.079459320753813, 2091335.898355896351859 ], [ 6080769.479041653685272, 2091378.610072394367307 ], [ 6080714.094127679243684, 2091495.711634282954037 ], [ 6080670.453867427073419, 2091617.677991028875113 ], [ 6080638.97854046151042, 2091743.334539943374693 ], [ 6080619.971271386370063, 2091871.471139769768342 ], [ 6080613.686461872421205, 2091999.401376367546618 ], [ 6080581.11869150493294, 2092023.555281051434577 ], [ 6080485.136875434778631, 2092110.54812832409516 ], [ 6080398.144028162583709, 2092206.529944394249469 ], [ 6080335.351309154182673, 2092291.19612487941049 ], [ 6080275.040055120363832, 2092345.859059233451262 ], [ 6080188.04720784816891, 2092441.840875303605571 ], [ 6080110.881118047051132, 2092545.887302813818678 ], [ 6080044.284937346354127, 2092656.99631778919138 ], [ 6080032.976498005911708, 2092680.906003916170448 ], [ 6080015.658689705654979, 2092709.799021526472643 ], [ 6079960.273775731213391, 2092826.900583415059373 ], [ 6079916.633515479043126, 2092948.866940160980448 ], [ 6079885.158188513480127, 2093074.523489075480029 ], [ 6079866.15091943833977, 2093202.660088901873678 ], [ 6079859.794758645817637, 2093332.042714136885479 ], [ 6079864.31765431817621, 2093424.108370568836108 ], [ 6079791.321115294471383, 2093467.860812298022211 ], [ 6079687.274687784723938, 2093545.026902098674327 ], [ 6079591.292871714569628, 2093632.01974937133491 ], [ 6079504.300024442374706, 2093728.00156544148922 ], [ 6079427.133934641256928, 2093832.047992951702327 ], [ 6079360.537753940559924, 2093943.157007927075028 ], [ 6079344.668717640452087, 2093976.709266168763861 ], [ 6079300.700563631951809, 2094050.065699387807399 ], [ 6079245.315649657510221, 2094167.167261276394129 ], [ 6079201.675389405339956, 2094289.133618022315204 ], [ 6079170.200062439776957, 2094414.790166936814785 ], [ 6079151.1927933646366, 2094542.926766763208434 ], [ 6079144.836632572114468, 2094672.309391998220235 ], [ 6079151.1927933646366, 2094801.692017233232036 ], [ 6079170.200062439776957, 2094929.828617059625685 ], [ 6079201.675389405339956, 2095055.485165974125266 ], [ 6079223.015067644417286, 2095115.125571276061237 ], [ 6079217.733765933662653, 2095115.908978380728513 ], [ 6079092.077217019163072, 2095147.384305346524343 ], [ 6078970.110860272310674, 2095191.024565598228946 ], [ 6078853.009298384189606, 2095246.409479573136196 ], [ 6078741.900283408351243, 2095313.00566027360037 ], [ 6078637.853855898603797, 2095390.171750074252486 ], [ 6078541.872039828449488, 2095477.164597346913069 ], [ 6078454.879192556254566, 2095573.146413417067379 ], [ 6078377.713102755136788, 2095677.192840927280486 ], [ 6078311.116922054439783, 2095788.301855902653188 ], [ 6078255.732008079998195, 2095905.403417791239917 ], [ 6078212.09174782782793, 2096027.369774537160993 ], [ 6078180.616420862264931, 2096153.026323451660573 ], [ 6078161.609151787124574, 2096281.162923278054222 ], [ 6078156.360614923760295, 2096387.999345486517996 ], [ 6078109.026953948661685, 2096416.370050061494112 ], [ 6078004.980526438914239, 2096493.536139862146229 ], [ 6077908.99871036875993, 2096580.528987134806812 ], [ 6077822.005863096565008, 2096676.510803204961121 ], [ 6077744.83977329544723, 2096780.557230715174228 ], [ 6077678.243592594750226, 2096891.66624569054693 ], [ 6077622.858678620308638, 2097008.76780757913366 ], [ 6077579.218418368138373, 2097130.734164325054735 ], [ 6077547.743091402575374, 2097256.390713239554316 ], [ 6077535.482495479285717, 2097339.044937115628272 ], [ 6077526.611960529349744, 2097345.62377420719713 ], [ 6077430.630144459195435, 2097432.616621479857713 ], [ 6077343.637297187000513, 2097528.598437550012022 ], [ 6077266.471207385882735, 2097632.644865060225129 ], [ 6077199.87502668518573, 2097743.753880035597831 ], [ 6077144.490112710744143, 2097860.855441924184561 ], [ 6077100.849852458573878, 2097982.821798670105636 ], [ 6077069.374525493010879, 2098108.478347584605217 ], [ 6077050.367256417870522, 2098236.614947410766035 ], [ 6077044.011095625348389, 2098365.997572646010667 ], [ 6077050.367256417870522, 2098495.380197881255299 ], [ 6077053.17400767095387, 2098514.301777867600322 ], [ 6076981.56165340449661, 2098548.171898954547942 ], [ 6076870.452638428658247, 2098614.768079654779285 ], [ 6076766.406210918910801, 2098691.934169455431402 ], [ 6076670.424394848756492, 2098778.927016728091985 ], [ 6076583.43154757656157, 2098874.908832798246294 ], [ 6076506.265457775443792, 2098978.955260308459401 ], [ 6076439.669277074746788, 2099090.064275283832103 ], [ 6076384.2843631003052, 2099207.165837172418833 ], [ 6076340.644102848134935, 2099329.132193918339908 ], [ 6076309.168775882571936, 2099454.788742832839489 ], [ 6076290.161506807431579, 2099582.925342659000307 ], [ 6076285.312599726952612, 2099681.627113753464073 ], [ 6076262.113002119585872, 2099695.532417430076748 ], [ 6076158.066574609838426, 2099772.698507230728865 ], [ 6076062.084758539684117, 2099859.691354503389448 ], [ 6075975.091911267489195, 2099955.673170573543757 ], [ 6075897.925821466371417, 2100059.719598083756864 ], [ 6075831.329640765674412, 2100170.828613059129566 ], [ 6075775.944726791232824, 2100287.930174947716296 ], [ 6075732.30446653906256, 2100409.896531693637371 ], [ 6075700.82913957349956, 2100535.553080608136952 ], [ 6075681.821870498359203, 2100663.68968043429777 ], [ 6075678.770438601262867, 2100725.803003623150289 ], [ 6075617.900858279317617, 2100747.582487715873867 ], [ 6075500.799296391196549, 2100802.967401691246778 ], [ 6075389.690281415358186, 2100869.563582391478121 ], [ 6075285.64385390561074, 2100946.729672192130238 ], [ 6075189.662037835456431, 2101033.722519464790821 ], [ 6075102.669190563261509, 2101129.70433553494513 ], [ 6075025.503100762143731, 2101233.750763045158237 ], [ 6074958.906920061446726, 2101344.859778020530939 ], [ 6074903.522006087005138, 2101461.961339909117669 ], [ 6074879.467152814380825, 2101529.190151073504239 ], [ 6074853.679701693356037, 2101525.364944045431912 ], [ 6074724.297076458111405, 2101519.00878325290978 ], [ 6074594.914451222866774, 2101525.364944045431912 ], [ 6074466.777851397171617, 2101544.372213120572269 ], [ 6074341.121302482672036, 2101575.847540086600929 ], [ 6074219.154945735819638, 2101619.487800337839872 ], [ 6074102.053383847698569, 2101674.872714313212782 ], [ 6073990.944368871860206, 2101741.468895013444126 ], [ 6073886.897941362112761, 2101818.634984814096242 ], [ 6073790.916125291958451, 2101905.627832086756825 ], [ 6073703.923278019763529, 2102001.609648156911135 ], [ 6073626.757188218645751, 2102105.656075667124242 ], [ 6073573.149309516884387, 2102195.095417905598879 ], [ 6073518.392570717260242, 2102197.785443986300379 ], [ 6073390.255970891565084, 2102216.792713061440736 ], [ 6073264.599421977065504, 2102248.268040027469397 ], [ 6073142.633065230213106, 2102291.908300278708339 ], [ 6073025.531503342092037, 2102347.293214254081249 ], [ 6072914.422488366253674, 2102413.889394954312593 ], [ 6072810.376060856506228, 2102491.055484754964709 ], [ 6072714.394244786351919, 2102578.048332027625293 ], [ 6072627.401397514156997, 2102674.030148097779602 ], [ 6072550.235307713039219, 2102778.076575607992709 ], [ 6072526.556962885893881, 2102817.581507307011634 ], [ 6072525.700646741315722, 2102817.623575421515852 ], [ 6072397.564046915620565, 2102836.630844496656209 ], [ 6072271.907498001120985, 2102868.10617146268487 ], [ 6072149.941141254268587, 2102911.746431713923812 ], [ 6072032.839579366147518, 2102967.131345689296722 ], [ 6071921.730564390309155, 2103033.727526389528066 ], [ 6071817.684136880561709, 2103110.893616190180182 ], [ 6071721.7023208104074, 2103197.886463462840766 ], [ 6071634.709473538212478, 2103293.868279532995075 ], [ 6071557.5433837370947, 2103397.914707043208182 ], [ 6071490.947203036397696, 2103509.023722018580884 ], [ 6071472.02415638230741, 2103549.033142631873488 ], [ 6071459.721456343308091, 2103548.428749735467136 ], [ 6071330.338831108063459, 2103554.784910527989268 ], [ 6071202.202231282368302, 2103573.792179603129625 ], [ 6071076.545682367868721, 2103605.267506569158286 ], [ 6070954.579325621016324, 2103648.907766820397228 ], [ 6070837.477763732895255, 2103704.292680795770139 ], [ 6070726.368748757056892, 2103770.888861496001482 ], [ 6070622.322321247309446, 2103848.054951296653599 ], [ 6070526.340505177155137, 2103935.047798569314182 ], [ 6070439.347657904960215, 2104031.029614639468491 ], [ 6070362.181568103842437, 2104135.076042149681598 ], [ 6070295.585387403145432, 2104246.1850571250543 ], [ 6070240.544435188174248, 2104362.559372974559665 ], [ 6070172.300404750742018, 2104359.206758743617684 ], [ 6070042.917779515497386, 2104365.562919536139816 ], [ 6069914.781179689802229, 2104384.570188611280173 ], [ 6069789.124630775302649, 2104416.045515577308834 ], [ 6069667.158274028450251, 2104459.685775828547776 ], [ 6069550.056712140329182, 2104515.070689803920686 ], [ 6069438.947697164490819, 2104581.66687050415203 ], [ 6069334.901269654743373, 2104658.832960304804146 ], [ 6069238.919453584589064, 2104745.82580757746473 ], [ 6069151.926606312394142, 2104841.807623647619039 ], [ 6069074.760516511276364, 2104945.854051157832146 ], [ 6069008.16433581057936, 2105056.963066133204848 ], [ 6068952.779421836137772, 2105174.064628021791577 ], [ 6068912.913170351646841, 2105285.483336860314012 ], [ 6068826.667883527465165, 2105272.690057068597525 ], [ 6068697.285258292220533, 2105266.333896276075393 ], [ 6068567.902633056975901, 2105272.690057068597525 ], [ 6068439.766033231280744, 2105291.697326143737882 ], [ 6068314.109484316781163, 2105323.172653109766543 ], [ 6068192.143127569928765, 2105366.812913361005485 ], [ 6068075.041565681807697, 2105422.197827336378396 ], [ 6067963.932550705969334, 2105488.794008036609739 ], [ 6067859.886123196221888, 2105565.960097837261856 ], [ 6067763.904307126067579, 2105652.952945109922439 ], [ 6067676.911459853872657, 2105748.934761180076748 ], [ 6067599.745370052754879, 2105852.981188690289855 ], [ 6067596.233371820300817, 2105858.840603752061725 ], [ 6067491.140572167001665, 2105874.429647971875966 ], [ 6067365.484023252502084, 2105905.904974937904626 ], [ 6067243.517666505649686, 2105949.545235189143568 ], [ 6067126.416104617528617, 2106004.930149164516479 ], [ 6067015.307089641690254, 2106071.526329864747822 ], [ 6066911.260662131942809, 2106148.692419665399939 ], [ 6066815.278846061788499, 2106235.685266938060522 ], [ 6066728.285998789593577, 2106331.667083008214831 ], [ 6066651.1199089884758, 2106435.713510518427938 ], [ 6066584.523728287778795, 2106546.82252549380064 ], [ 6066561.388157905079424, 2106595.738579208962619 ], [ 6066556.516309404745698, 2106595.499240639619529 ], [ 6066427.133684169501066, 2106601.855401432141662 ], [ 6066298.997084343805909, 2106620.862670507282019 ], [ 6066173.340535429306328, 2106652.337997473310679 ], [ 6066051.37417868245393, 2106695.978257724549621 ], [ 6065934.272616794332862, 2106751.363171699922532 ], [ 6065823.163601818494499, 2106817.959352400153875 ], [ 6065719.117174308747053, 2106895.125442200805992 ], [ 6065623.135358238592744, 2106982.118289473466575 ], [ 6065536.142510966397822, 2107078.100105543620884 ], [ 6065458.976421165280044, 2107182.146533053833991 ], [ 6065392.380240464583039, 2107293.255548029206693 ], [ 6065336.995326490141451, 2107410.357109917793423 ], [ 6065293.355066237971187, 2107532.323466663714498 ], [ 6065261.879739272408187, 2107657.980015578214079 ], [ 6065247.844131410121918, 2107752.600397962611169 ], [ 6065204.114205264486372, 2107736.953580195084214 ], [ 6065078.457656349986792, 2107705.478253229055554 ], [ 6064950.321056524291635, 2107686.470984153915197 ], [ 6064820.938431289047003, 2107680.114823361393064 ], [ 6064691.555806053802371, 2107686.470984153915197 ], [ 6064563.419206228107214, 2107705.478253229055554 ], [ 6064437.762657313607633, 2107736.953580195084214 ], [ 6064315.796300566755235, 2107780.593840446323156 ], [ 6064198.694738678634167, 2107835.978754421696067 ], [ 6064087.585723702795804, 2107902.57493512192741 ], [ 6063983.539296193048358, 2107979.741024922579527 ], [ 6063887.557480122894049, 2108066.73387219524011 ], [ 6063800.564632850699127, 2108162.715688265394419 ], [ 6063723.398543049581349, 2108266.762115775607526 ], [ 6063656.802362348884344, 2108377.871130750980228 ], [ 6063601.417448374442756, 2108494.972692639566958 ], [ 6063598.969529812224209, 2108501.814166704192758 ], [ 6063523.055364270694554, 2108498.084742898587137 ], [ 6063393.672739035449922, 2108504.44090369110927 ], [ 6063265.536139209754765, 2108523.448172766249627 ], [ 6063139.879590295255184, 2108554.923499732278287 ], [ 6063017.913233548402786, 2108598.56375998351723 ], [ 6062900.811671660281718, 2108653.94867395889014 ], [ 6062789.702656684443355, 2108720.544854659121484 ], [ 6062685.656229174695909, 2108797.7109444597736 ], [ 6062589.6744131045416, 2108884.703791732434183 ], [ 6062502.681565832346678, 2108980.685607802588493 ], [ 6062425.5154760312289, 2109084.7320353128016 ], [ 6062402.798069308511913, 2109122.633738642092794 ], [ 6062283.263623161241412, 2109140.364998756442219 ], [ 6062157.607074246741831, 2109171.84032572247088 ], [ 6062035.640717499889433, 2109215.480585973709822 ], [ 6061918.539155611768365, 2109270.865499949082732 ], [ 6061807.430140635930002, 2109337.461680649314076 ], [ 6061703.383713126182556, 2109414.627770449966192 ], [ 6061607.401897056028247, 2109501.620617722626776 ], [ 6061520.409049783833325, 2109597.602433792781085 ], [ 6061443.242959982715547, 2109701.648861302994192 ], [ 6061394.506515572778881, 2109782.960706438403577 ], [ 6061304.280888496898115, 2109805.561049496289343 ], [ 6061182.314531750045717, 2109849.201309747528285 ], [ 6061065.212969861924648, 2109904.586223722901195 ], [ 6060954.103954886086285, 2109971.182404423132539 ], [ 6060850.05752737633884, 2110048.348494223784655 ], [ 6060754.07571130618453, 2110135.341341496445239 ], [ 6060667.082864033989608, 2110231.323157566599548 ], [ 6060589.91677423287183, 2110335.369585076812655 ], [ 6060523.320593532174826, 2110446.478600052185357 ], [ 6060467.935679557733238, 2110563.580161940772086 ], [ 6060424.295419305562973, 2110685.546518686693162 ], [ 6060397.984278339892626, 2110790.586481427308172 ], [ 6060360.453998155891895, 2110788.742736991029233 ], [ 6060231.071372920647264, 2110795.098897783551365 ], [ 6060102.934773094952106, 2110814.106166858691722 ], [ 6059977.278224180452526, 2110845.581493824720383 ], [ 6059855.311867433600128, 2110889.221754075959325 ], [ 6059738.210305545479059, 2110944.606668051332235 ], [ 6059627.101290569640696, 2111011.202848751563579 ], [ 6059523.05486305989325, 2111088.368938552215695 ], [ 6059427.073046989738941, 2111175.361785824876279 ], [ 6059340.080199717544019, 2111271.343601895030588 ], [ 6059262.914109916426241, 2111375.390029405243695 ], [ 6059196.317929215729237, 2111486.499044380616397 ], [ 6059140.933015241287649, 2111603.600606269203126 ], [ 6059097.292754989117384, 2111725.566963015124202 ], [ 6059065.817428023554385, 2111851.223511929623783 ], [ 6059052.902002052403986, 2111938.292241412214935 ], [ 6059035.461786688305438, 2111935.705229843501002 ], [ 6058906.079161453060806, 2111929.349069050978869 ], [ 6058776.696536217816174, 2111935.705229843501002 ], [ 6058648.559936392121017, 2111954.712498918641359 ], [ 6058522.903387477621436, 2111986.187825884670019 ], [ 6058400.937030730769038, 2112029.828086135908961 ], [ 6058283.83546884264797, 2112085.213000111281872 ], [ 6058172.726453866809607, 2112151.809180811513215 ], [ 6058068.680026357062161, 2112228.975270612165332 ], [ 6057972.698210286907852, 2112315.968117884825915 ], [ 6057885.70536301471293, 2112411.949933954980224 ], [ 6057808.539273213595152, 2112515.996361465193331 ], [ 6057741.943092512898147, 2112627.105376440566033 ], [ 6057686.558178538456559, 2112744.206938329152763 ], [ 6057642.917918286286294, 2112866.173295075073838 ], [ 6057611.442591320723295, 2112991.829843989573419 ], [ 6057592.435322245582938, 2113119.966443815734237 ], [ 6057590.788806499913335, 2113153.482041767332703 ], [ 6057520.294284387491643, 2113120.140615914482623 ], [ 6057398.327927640639246, 2113076.500355663243681 ], [ 6057272.671378726139665, 2113045.025028697215021 ], [ 6057144.534778900444508, 2113026.017759622074664 ], [ 6057015.152153665199876, 2113019.661598829552531 ], [ 6056885.769528429955244, 2113026.017759622074664 ], [ 6056757.632928604260087, 2113045.025028697215021 ], [ 6056631.976379689760506, 2113076.500355663243681 ], [ 6056510.010022942908108, 2113120.140615914482623 ], [ 6056392.90846105478704, 2113175.525529889855534 ], [ 6056281.799446078948677, 2113242.121710590086877 ], [ 6056177.753018569201231, 2113319.287800390738994 ], [ 6056081.771202499046922, 2113406.280647663399577 ], [ 6055994.778355226852, 2113502.262463733553886 ], [ 6055917.612265425734222, 2113606.308891243766993 ], [ 6055868.415370590053499, 2113688.388951504603028 ], [ 6055858.774397437460721, 2113689.819054778199643 ], [ 6055733.11784852296114, 2113721.294381744228303 ], [ 6055611.151491776108742, 2113764.934641995467246 ], [ 6055494.049929887987673, 2113820.319555970840156 ], [ 6055382.94091491214931, 2113886.9157366710715 ], [ 6055278.894487402401865, 2113964.081826471723616 ], [ 6055182.912671332247555, 2114051.074673744384199 ], [ 6055095.919824060052633, 2114147.056489814538509 ], [ 6055085.266665523871779, 2114161.420611286535859 ], [ 6055056.219160176813602, 2114193.469594656024128 ], [ 6054979.053070375695825, 2114297.516022166237235 ], [ 6054912.45688967499882, 2114408.625037141609937 ], [ 6054857.071975700557232, 2114525.726599030196667 ], [ 6054813.431715448386967, 2114647.692955776117742 ], [ 6054781.956388482823968, 2114773.349504690617323 ], [ 6054762.949119407683611, 2114901.486104516778141 ], [ 6054761.895381053909659, 2114922.935441470239311 ], [ 6054687.402203134261072, 2114941.595011162571609 ], [ 6054565.435846387408674, 2114985.235271413810551 ], [ 6054448.334284499287605, 2115040.620185389183462 ], [ 6054337.225269523449242, 2115107.216366089414805 ], [ 6054233.178842013701797, 2115184.382455890066922 ], [ 6054137.197025943547487, 2115271.375303162727505 ], [ 6054105.98026477266103, 2115305.817691508214921 ], [ 6054097.120732678100467, 2115313.847503340803087 ], [ 6054010.127885405905545, 2115409.829319410957396 ], [ 6053932.961795604787767, 2115513.875746921170503 ], [ 6053866.365614904090762, 2115624.984761896543205 ], [ 6053810.980700929649174, 2115742.086323785129935 ], [ 6053767.340440677478909, 2115864.05268053105101 ], [ 6053735.86511371191591, 2115989.709229445550591 ], [ 6053716.857844636775553, 2116117.845829271711409 ], [ 6053716.275324308313429, 2116129.703302966896445 ], [ 6053625.553228604607284, 2116152.428004941903055 ], [ 6053503.586871857754886, 2116196.068265193141997 ], [ 6053386.485309969633818, 2116251.453179168514907 ], [ 6053275.376294993795455, 2116318.049359868746251 ], [ 6053171.329867484048009, 2116395.215449669398367 ], [ 6053075.3480514138937, 2116482.208296942058951 ], [ 6052988.355204141698778, 2116578.19011301221326 ], [ 6052985.254411367699504, 2116582.371048076543957 ], [ 6052948.18046614062041, 2116623.275843163952231 ], [ 6052871.014376339502633, 2116727.322270674165338 ], [ 6052804.418195638805628, 2116838.43128564953804 ], [ 6052749.03328166436404, 2116955.53284753812477 ], [ 6052705.393021412193775, 2117077.499204284045845 ], [ 6052673.917694446630776, 2117203.155753198545426 ], [ 6052654.910425371490419, 2117331.292353024706244 ], [ 6052648.554264578968287, 2117460.674978259950876 ], [ 6052650.720514085143805, 2117504.76999995438382 ], [ 6052623.701512119732797, 2117484.731342386920005 ], [ 6052512.592497143894434, 2117418.135161686688662 ], [ 6052414.747319892980158, 2117371.857839355710894 ], [ 6052400.904618975706398, 2117359.311546567827463 ], [ 6052296.858191465958953, 2117282.145456767175347 ], [ 6052185.74917649012059, 2117215.549276066944003 ], [ 6052068.647614601999521, 2117160.164362091571093 ], [ 6051946.681257855147123, 2117116.52410184033215 ], [ 6051821.024708940647542, 2117085.04877487430349 ], [ 6051692.888109114952385, 2117066.041505799163133 ], [ 6051563.505483879707754, 2117059.685345006641001 ], [ 6051434.122858644463122, 2117066.041505799163133 ], [ 6051305.986258818767965, 2117085.04877487430349 ], [ 6051180.329709904268384, 2117116.52410184033215 ], [ 6051058.363353157415986, 2117160.164362091571093 ], [ 6050941.261791269294918, 2117215.549276066944003 ], [ 6050830.152776293456554, 2117282.145456767175347 ], [ 6050726.106348783709109, 2117359.311546567827463 ], [ 6050630.895543333142996, 2117445.605590548366308 ], [ 6050505.557624346576631, 2117477.001104872208089 ], [ 6050383.591267599724233, 2117520.641365123447031 ], [ 6050266.489705711603165, 2117576.026279098819941 ], [ 6050247.025018122978508, 2117587.692963860929012 ], [ 6050213.627311284653842, 2117603.488902790937573 ], [ 6050102.518296308815479, 2117670.085083491168916 ], [ 6049998.471868799068034, 2117747.251173291821033 ], [ 6049902.490052728913724, 2117834.244020564481616 ], [ 6049815.497205456718802, 2117930.225836634635925 ], [ 6049770.537421154789627, 2117990.847088149748743 ], [ 6049663.477031738497317, 2117996.106627816800028 ], [ 6049535.34043191280216, 2118015.113896891940385 ], [ 6049409.683882998302579, 2118046.589223857969046 ], [ 6049287.717526251450181, 2118090.229484109207988 ], [ 6049170.615964363329113, 2118145.614398084580898 ], [ 6049160.049585362896323, 2118151.947641930077225 ], [ 6049115.803613696247339, 2118172.874428003560752 ], [ 6049004.694598720408976, 2118239.470608703792095 ], [ 6048900.64817121066153, 2118316.636698504444212 ], [ 6048804.666355140507221, 2118403.629545777104795 ], [ 6048717.673507868312299, 2118499.611361847259104 ], [ 6048640.507418067194521, 2118603.657789357472211 ], [ 6048573.911237366497517, 2118714.766804332844913 ], [ 6048518.526323392055929, 2118831.868366221431643 ], [ 6048474.886063139885664, 2118953.834722967352718 ], [ 6048443.410736174322665, 2119079.491271881852299 ], [ 6048424.403467099182308, 2119207.627871708013117 ], [ 6048418.047306306660175, 2119337.010496943257749 ], [ 6048424.403467099182308, 2119466.393122178502381 ], [ 6048443.410736174322665, 2119594.529722004663199 ], [ 6048474.886063139885664, 2119720.18627091916278 ], [ 6048518.526323392055929, 2119842.152627665083855 ], [ 6048569.776962868869305, 2119950.513000550679862 ], [ 6048569.710954413749278, 2119950.957993407733738 ], [ 6048563.354793621227145, 2120080.34061864297837 ], [ 6048569.710954413749278, 2120209.723243878223002 ], [ 6048588.718223488889635, 2120337.85984370438382 ], [ 6048620.193550454452634, 2120463.516392618883401 ], [ 6048663.833810706622899, 2120585.482749364804476 ], [ 6048719.218724681064487, 2120702.584311253391206 ], [ 6048740.07136482745409, 2120737.374839507043362 ], [ 6048748.365530296228826, 2120754.911378995981067 ], [ 6048814.961710996925831, 2120866.020393971353769 ], [ 6048892.127800798043609, 2120970.066821481566876 ], [ 6048979.120648070238531, 2121066.048637551721185 ], [ 6049075.10246414039284, 2121153.041484824381769 ], [ 6049093.336725801229477, 2121166.5649349456653 ], [ 6049137.243702976964414, 2121215.008819008246064 ], [ 6049218.190156960859895, 2121288.374408418312669 ], [ 6049218.653335454873741, 2121297.802623265888542 ], [ 6049237.660604530014098, 2121425.93922309204936 ], [ 6049269.135931495577097, 2121551.595772006548941 ], [ 6049312.776191747747362, 2121673.562128752470016 ], [ 6049368.16110572218895, 2121790.663690641056746 ], [ 6049379.288843438960612, 2121809.229199408087879 ], [ 6049392.866735109128058, 2121837.937239334452897 ], [ 6049434.045801843516529, 2121906.64036156097427 ], [ 6049440.96161001548171, 2121953.26295319525525 ], [ 6049472.43693698104471, 2122078.919502109754831 ], [ 6049516.077197233214974, 2122200.885858855675906 ], [ 6049571.462111207656562, 2122317.987420744262636 ], [ 6049594.480274316854775, 2122356.390905789565295 ], [ 6049601.128340500406921, 2122370.447060755919665 ], [ 6049667.724521201103926, 2122481.556075731292367 ], [ 6049744.890611002221704, 2122585.602503241505474 ], [ 6049831.883458274416625, 2122681.584319311659783 ], [ 6049927.865274344570935, 2122768.577166584320366 ], [ 6050031.91170185431838, 2122845.743256384972483 ], [ 6050143.020716830156744, 2122912.339437085203826 ], [ 6050260.122278718277812, 2122967.724351060576737 ], [ 6050382.08863546513021, 2123011.364611311815679 ], [ 6050507.745184379629791, 2123042.83993827784434 ], [ 6050635.881784205324948, 2123061.847207352984697 ], [ 6050765.26440944056958, 2123068.203368145506829 ], [ 6050894.647034675814211, 2123061.847207352984697 ], [ 6051022.783634501509368, 2123042.83993827784434 ], [ 6051148.440183416008949, 2123011.364611311815679 ], [ 6051270.406540162861347, 2122967.724351060576737 ], [ 6051387.508102050982416, 2122912.339437085203826 ], [ 6051498.617117026820779, 2122845.743256384972483 ], [ 6051602.663544536568224, 2122768.577166584320366 ], [ 6051698.645360606722534, 2122681.584319311659783 ], [ 6051785.638207878917456, 2122585.602503241505474 ], [ 6051862.804297680035233, 2122481.556075731292367 ], [ 6051929.400478380732238, 2122370.447060755919665 ], [ 6051984.785392355173826, 2122253.345498867332935 ], [ 6052028.425652607344091, 2122131.37914212141186 ], [ 6052059.90097957290709, 2122005.722593206912279 ], [ 6052078.908248648047447, 2121877.585993380751461 ], [ 6052085.26440944056958, 2121748.203368145506829 ], [ 6052078.908248648047447, 2121618.820742910262197 ], [ 6052059.90097957290709, 2121490.684143084101379 ], [ 6052028.425652607344091, 2121365.027594169601798 ], [ 6051984.785392355173826, 2121243.061237423680723 ], [ 6051929.400478380732238, 2121125.959675535093993 ], [ 6051906.382315271534026, 2121087.556190489791334 ], [ 6051899.73424908798188, 2121073.500035523436964 ], [ 6051858.555182353593409, 2121004.796913296915591 ], [ 6051851.639374181628227, 2120958.174321662634611 ], [ 6051820.164047216065228, 2120832.51777274813503 ], [ 6051776.523786963894963, 2120710.551416002213955 ], [ 6051721.138872989453375, 2120593.449854113627225 ], [ 6051710.011135272681713, 2120574.884345346596092 ], [ 6051696.433243602514267, 2120546.176305420231074 ], [ 6051629.837062901817262, 2120435.067290444858372 ], [ 6051552.670973100699484, 2120331.020862934645265 ], [ 6051465.678125828504562, 2120235.039046864490956 ], [ 6051460.888281777501106, 2120230.6977852685377 ], [ 6051480.581008185632527, 2120212.849338438361883 ], [ 6051567.573855457827449, 2120116.867522368207574 ], [ 6051644.739945258945227, 2120012.821094857994467 ], [ 6051699.30579605139792, 2119921.783472744747996 ], [ 6051708.636258912272751, 2119923.167516167275608 ], [ 6051838.018884147517383, 2119929.52367695979774 ], [ 6051967.401509382762015, 2119923.167516167275608 ], [ 6052095.538109208457172, 2119904.160247092135251 ], [ 6052221.194658122956753, 2119872.68492012610659 ], [ 6052343.161014869809151, 2119829.044659874867648 ], [ 6052460.262576757930219, 2119773.659745899494737 ], [ 6052480.05685374327004, 2119761.795512855518609 ], [ 6052512.592497143894434, 2119746.407299566082656 ], [ 6052623.701512119732797, 2119679.811118865851313 ], [ 6052727.747939629480243, 2119602.645029065199196 ], [ 6052823.729755699634552, 2119515.652181792538613 ], [ 6052910.722602971829474, 2119419.670365722384304 ], [ 6052987.888692772947252, 2119315.623938212171197 ], [ 6053054.484873473644257, 2119204.514923236798495 ], [ 6053109.869787448085845, 2119087.413361348211765 ], [ 6053153.510047700256109, 2118965.44700460229069 ], [ 6053184.985374665819108, 2118839.790455687791109 ], [ 6053203.992643740959466, 2118711.653855861630291 ], [ 6053210.348804533481598, 2118582.271230626385659 ], [ 6053208.18255502730608, 2118538.176208931952715 ], [ 6053235.201556992717087, 2118558.21486649941653 ], [ 6053280.272112842649221, 2118585.229118064045906 ], [ 6053359.418781748972833, 2118672.554010347928852 ], [ 6053455.400597819127142, 2118759.546857620589435 ], [ 6053559.447025328874588, 2118836.712947421241552 ], [ 6053670.556040304712951, 2118903.309128121472895 ], [ 6053787.65760219283402, 2118958.694042096845806 ], [ 6053909.623958939686418, 2119002.334302348084748 ], [ 6054035.280507854185998, 2119033.809629314113408 ], [ 6054163.417107679881155, 2119052.816898389253765 ], [ 6054292.799732915125787, 2119059.173059181775898 ], [ 6054422.182358150370419, 2119052.816898389253765 ], [ 6054550.318957976065576, 2119033.809629314113408 ], [ 6054675.975506890565157, 2119002.334302348084748 ], [ 6054797.941863637417555, 2118958.694042096845806 ], [ 6054915.043425525538623, 2118903.309128121472895 ], [ 6055026.152440501376987, 2118836.712947421241552 ], [ 6055130.198868011124432, 2118759.546857620589435 ], [ 6055226.180684081278741, 2118672.554010347928852 ], [ 6055313.173531353473663, 2118576.572194277774543 ], [ 6055324.376099052838981, 2118561.467280304990709 ], [ 6055352.095554560422897, 2118530.883574132341892 ], [ 6055429.261644361540675, 2118426.837146622128785 ], [ 6055495.85782506223768, 2118315.728131646756083 ], [ 6055551.242739036679268, 2118198.626569758169353 ], [ 6055552.384339034557343, 2118195.436011503450572 ], [ 6055612.687984908930957, 2118159.291397149674594 ], [ 6055716.734412418678403, 2118082.125307349022478 ], [ 6055812.716228488832712, 2117995.132460076361895 ], [ 6055899.709075761027634, 2117899.150644006207585 ], [ 6055903.003139834851027, 2117894.709112761542201 ], [ 6055939.530541359446943, 2117854.407335723750293 ], [ 6056016.696631160564721, 2117750.360908213537186 ], [ 6056083.292811861261725, 2117639.251893238164485 ], [ 6056138.677725835703313, 2117522.150331349577755 ], [ 6056182.317986087873578, 2117400.183974603656679 ], [ 6056213.793313053436577, 2117274.527425689157099 ], [ 6056232.800582128576934, 2117146.39082586299628 ], [ 6056239.156742921099067, 2117017.008200627751648 ], [ 6056232.800582128576934, 2116887.625575392507017 ], [ 6056232.432507356628776, 2116885.144216838758439 ], [ 6056297.723966287449002, 2116881.936653144657612 ], [ 6056425.860566113144159, 2116862.929384069517255 ], [ 6056551.51711502764374, 2116831.454057103488594 ], [ 6056673.483471774496138, 2116787.813796852249652 ], [ 6056790.585033662617207, 2116732.428882876876742 ], [ 6056901.69404863845557, 2116665.832702176645398 ], [ 6057005.740476148203015, 2116588.666612375993282 ], [ 6057101.722292218357325, 2116501.673765103332698 ], [ 6057188.715139490552247, 2116405.691949033178389 ], [ 6057202.724571902304888, 2116386.802416109014302 ], [ 6057227.515914329327643, 2116359.449384870938957 ], [ 6057304.682004130445421, 2116255.40295736072585 ], [ 6057371.278184831142426, 2116144.293942385353148 ], [ 6057426.663098805584013, 2116027.192380496766418 ], [ 6057470.303359057754278, 2115905.226023750845343 ], [ 6057479.067815948277712, 2115870.236350499093533 ], [ 6057603.855848252773285, 2115838.97857561847195 ], [ 6057725.822204999625683, 2115795.338315367233008 ], [ 6057842.923766887746751, 2115739.953401391860098 ], [ 6057881.943669780157506, 2115716.565771643538028 ], [ 6057895.153342868201435, 2115710.318061572033912 ], [ 6058006.262357844039798, 2115643.721880871802568 ], [ 6058110.308785353787243, 2115566.555791071150452 ], [ 6058206.290601423941553, 2115479.562943798489869 ], [ 6058293.283448696136475, 2115383.581127728335559 ], [ 6058370.449538497254252, 2115279.534700218122452 ], [ 6058437.045719197951257, 2115168.425685242749751 ], [ 6058492.430633172392845, 2115051.324123354163021 ], [ 6058536.07089342456311, 2114929.357766608241946 ], [ 6058567.546220390126109, 2114803.701217693742365 ], [ 6058586.553489465266466, 2114675.564617867581546 ], [ 6058592.909650257788599, 2114546.181992632336915 ], [ 6058592.107061848044395, 2114529.844930244609714 ], [ 6058648.559936392121017, 2114543.98563918331638 ], [ 6058776.696536217816174, 2114562.992908258456737 ], [ 6058906.079161453060806, 2114569.349069050978869 ], [ 6059035.461786688305438, 2114562.992908258456737 ], [ 6059163.598386514000595, 2114543.98563918331638 ], [ 6059289.254935428500175, 2114512.510312217287719 ], [ 6059411.221292175352573, 2114468.870051966048777 ], [ 6059528.322854063473642, 2114413.485137990675867 ], [ 6059639.431869039312005, 2114346.888957290444523 ], [ 6059743.478296549059451, 2114269.722867489792407 ], [ 6059839.46011261921376, 2114182.730020217131823 ], [ 6059926.452959891408682, 2114086.748204146977514 ], [ 6060003.61904969252646, 2113982.701776636764407 ], [ 6060070.215230393223464, 2113871.592761661391705 ], [ 6060125.600144367665052, 2113754.491199772804976 ], [ 6060169.240404619835317, 2113632.5248430268839 ], [ 6060200.715731585398316, 2113506.868294112384319 ], [ 6060213.631157556548715, 2113419.799564629793167 ], [ 6060231.071372920647264, 2113422.3865761985071 ], [ 6060360.453998155891895, 2113428.742736991029233 ], [ 6060489.836623391136527, 2113422.3865761985071 ], [ 6060617.973223216831684, 2113403.379307123366743 ], [ 6060743.629772131331265, 2113371.903980157338083 ], [ 6060865.596128878183663, 2113328.263719906099141 ], [ 6060982.697690766304731, 2113272.87880593072623 ], [ 6061093.806705742143095, 2113206.282625230494887 ], [ 6061197.85313325189054, 2113129.11653542984277 ], [ 6061293.834949322044849, 2113042.123688157182187 ], [ 6061380.827796594239771, 2112946.141872087027878 ], [ 6061457.993886395357549, 2112842.095444576814771 ], [ 6061524.590067096054554, 2112730.986429601442069 ], [ 6061579.974981070496142, 2112613.884867712855339 ], [ 6061623.615241322666407, 2112491.918510966934264 ], [ 6061649.926382288336754, 2112386.878548226319253 ], [ 6061687.456662472337484, 2112388.722292662598193 ], [ 6061816.839287707582116, 2112382.36613187007606 ], [ 6061944.975887533277273, 2112363.358862794935703 ], [ 6062070.632436447776854, 2112331.883535828907043 ], [ 6062192.598793194629252, 2112288.243275577668101 ], [ 6062309.70035508275032, 2112232.85836160229519 ], [ 6062420.809370058588684, 2112166.262180902063847 ], [ 6062524.855797568336129, 2112089.09609110141173 ], [ 6062620.837613638490438, 2112002.103243828751147 ], [ 6062707.83046091068536, 2111906.121427758596838 ], [ 6062784.996550711803138, 2111802.075000248383731 ], [ 6062833.732995121739805, 2111720.763155112974346 ], [ 6062923.958622197620571, 2111698.16281205508858 ], [ 6063045.924978944472969, 2111654.522551803849638 ], [ 6063163.026540832594037, 2111599.137637828476727 ], [ 6063274.1355558084324, 2111532.541457128245384 ], [ 6063378.181983318179846, 2111455.375367327593267 ], [ 6063474.163799388334155, 2111368.382520054932684 ], [ 6063561.156646660529077, 2111272.400703984778374 ], [ 6063638.322736461646855, 2111168.354276474565268 ], [ 6063661.040143184363842, 2111130.452573145274073 ], [ 6063780.574589331634343, 2111112.721313030924648 ], [ 6063906.231138246133924, 2111081.245986064895988 ], [ 6064028.197494992986321, 2111037.605725813657045 ], [ 6064145.29905688110739, 2110982.220811838284135 ], [ 6064256.408071856945753, 2110915.624631138052791 ], [ 6064360.454499366693199, 2110838.458541337400675 ], [ 6064456.436315436847508, 2110751.465694064740092 ], [ 6064543.42916270904243, 2110655.483877994585782 ], [ 6064620.595252510160208, 2110551.437450484372675 ], [ 6064687.191433210857213, 2110440.328435508999974 ], [ 6064742.5763471852988, 2110323.226873620413244 ], [ 6064745.024265747517347, 2110316.385399555787444 ], [ 6064820.938431289047003, 2110320.114823361393064 ], [ 6064950.321056524291635, 2110313.758662568870932 ], [ 6065078.457656349986792, 2110294.751393493730575 ], [ 6065204.114205264486372, 2110263.276066527701914 ], [ 6065326.08056201133877, 2110219.635806276462972 ], [ 6065443.182123899459839, 2110164.250892301090062 ], [ 6065554.291138875298202, 2110097.654711600858718 ], [ 6065658.337566385045648, 2110020.488621800206602 ], [ 6065754.319382455199957, 2109933.495774527546018 ], [ 6065841.312229727394879, 2109837.513958457391709 ], [ 6065918.478319528512657, 2109733.467530947178602 ], [ 6065985.074500229209661, 2109622.3585159718059 ], [ 6066040.459414203651249, 2109505.256954083219171 ], [ 6066084.099674455821514, 2109383.290597337298095 ], [ 6066115.575001421384513, 2109257.634048422798514 ], [ 6066129.610609283670783, 2109163.013666038401425 ], [ 6066173.340535429306328, 2109178.660483805928379 ], [ 6066298.997084343805909, 2109210.13581077195704 ], [ 6066427.133684169501066, 2109229.143079847097397 ], [ 6066556.516309404745698, 2109235.499240639619529 ], [ 6066685.89893463999033, 2109229.143079847097397 ], [ 6066814.035534465685487, 2109210.13581077195704 ], [ 6066939.692083380185068, 2109178.660483805928379 ], [ 6067061.658440127037466, 2109135.020223554689437 ], [ 6067178.760002015158534, 2109079.635309579316527 ], [ 6067289.869016990996897, 2109013.039128879085183 ], [ 6067393.915444500744343, 2108935.873039078433067 ], [ 6067489.897260570898652, 2108848.880191805772483 ], [ 6067576.890107843093574, 2108752.898375735618174 ], [ 6067654.056197644211352, 2108648.851948225405067 ], [ 6067720.652378344908357, 2108537.742933250032365 ], [ 6067743.787948727607727, 2108488.826879534870386 ], [ 6067748.659797227941453, 2108489.066218104213476 ], [ 6067878.042422463186085, 2108482.710057311691344 ], [ 6068006.179022288881242, 2108463.702788236550987 ], [ 6068131.835571203380823, 2108432.227461270522326 ], [ 6068253.801927950233221, 2108388.587201019283384 ], [ 6068370.90348983835429, 2108333.202287043910474 ], [ 6068482.012504814192653, 2108266.60610634367913 ], [ 6068586.058932323940098, 2108189.440016543027014 ], [ 6068682.040748394094408, 2108102.44716927036643 ], [ 6068769.03359566628933, 2108006.465353200212121 ], [ 6068846.199685467407107, 2107902.418925689999014 ], [ 6068849.711683699861169, 2107896.559510628227144 ], [ 6068954.804483353160322, 2107880.970466408412904 ], [ 6069080.461032267659903, 2107849.495139442384243 ], [ 6069202.4273890145123, 2107805.854879191145301 ], [ 6069319.528950902633369, 2107750.46996521577239 ], [ 6069430.637965878471732, 2107683.873784515541047 ], [ 6069534.684393388219178, 2107606.70769471488893 ], [ 6069630.666209458373487, 2107519.714847442228347 ], [ 6069717.659056730568409, 2107423.733031372074038 ], [ 6069794.825146531686187, 2107319.686603861860931 ], [ 6069861.421327232383192, 2107208.577588886488229 ], [ 6069916.80624120682478, 2107091.476026997901499 ], [ 6069956.672492691315711, 2106980.057318159379065 ], [ 6070042.917779515497386, 2106992.850597951095551 ], [ 6070172.300404750742018, 2106999.206758743617684 ], [ 6070301.68302998598665, 2106992.850597951095551 ], [ 6070429.819629811681807, 2106973.843328875955194 ], [ 6070555.476178726181388, 2106942.368001909926534 ], [ 6070677.442535473033786, 2106898.727741658687592 ], [ 6070794.544097361154854, 2106843.342827683314681 ], [ 6070905.653112336993217, 2106776.746646983083338 ], [ 6071009.699539846740663, 2106699.580557182431221 ], [ 6071105.681355916894972, 2106612.587709909770638 ], [ 6071192.674203189089894, 2106516.605893839616328 ], [ 6071269.840292990207672, 2106412.559466329403222 ], [ 6071336.436473690904677, 2106301.45045135403052 ], [ 6071391.477425905875862, 2106185.076135504525155 ], [ 6071459.721456343308091, 2106188.428749735467136 ], [ 6071589.104081578552723, 2106182.072588942945004 ], [ 6071717.24068140424788, 2106163.065319867804646 ], [ 6071842.897230318747461, 2106131.589992901775986 ], [ 6071964.863587065599859, 2106087.949732650537044 ], [ 6072081.965148953720927, 2106032.564818675164133 ], [ 6072193.07416392955929, 2105965.96863797493279 ], [ 6072297.120591439306736, 2105888.802548174280673 ], [ 6072393.102407509461045, 2105801.80970090162009 ], [ 6072480.095254781655967, 2105705.827884831465781 ], [ 6072557.261344582773745, 2105601.781457321252674 ], [ 6072623.85752528347075, 2105490.672442345879972 ], [ 6072642.780571937561035, 2105450.663021732587367 ], [ 6072655.083271976560354, 2105451.26741462899372 ], [ 6072784.465897211804986, 2105444.911253836471587 ], [ 6072912.602497037500143, 2105425.90398476133123 ], [ 6073038.259045951999724, 2105394.42865779530257 ], [ 6073160.225402698852122, 2105350.788397544063628 ], [ 6073277.32696458697319, 2105295.403483568690717 ], [ 6073388.435979562811553, 2105228.807302868459374 ], [ 6073492.482407072558999, 2105151.641213067807257 ], [ 6073588.464223142713308, 2105064.648365795146674 ], [ 6073675.45707041490823, 2104968.666549724992365 ], [ 6073752.623160216026008, 2104864.620122214779258 ], [ 6073776.301505043171346, 2104825.115190515760332 ], [ 6073777.157821187749505, 2104825.073122401256114 ], [ 6073905.294421013444662, 2104806.065853326115757 ], [ 6074030.950969927944243, 2104774.590526360087097 ], [ 6074152.917326674796641, 2104730.950266108848155 ], [ 6074270.018888562917709, 2104675.565352133475244 ], [ 6074381.127903538756073, 2104608.969171433243901 ], [ 6074485.174331048503518, 2104531.803081632591784 ], [ 6074581.156147118657827, 2104444.810234359931201 ], [ 6074668.148994390852749, 2104348.828418289776891 ], [ 6074745.315084191970527, 2104244.781990779563785 ], [ 6074798.922962893731892, 2104155.342648541089147 ], [ 6074853.679701693356037, 2104152.652622460387647 ], [ 6074981.816301519051194, 2104133.64535338524729 ], [ 6075107.472850433550775, 2104102.17002641921863 ], [ 6075229.439207180403173, 2104058.529766167979687 ], [ 6075346.540769068524241, 2104003.144852192606777 ], [ 6075457.649784044362605, 2103936.548671492375433 ], [ 6075561.69621155411005, 2103859.382581691723317 ], [ 6075657.678027624264359, 2103772.389734419062734 ], [ 6075744.670874896459281, 2103676.407918348908424 ], [ 6075821.836964697577059, 2103572.361490838695318 ], [ 6075888.433145398274064, 2103461.252475863322616 ], [ 6075943.818059372715652, 2103344.150913974735886 ], [ 6075967.872912645339966, 2103276.922102810349315 ], [ 6075993.660363766364753, 2103280.747309838421643 ], [ 6076123.042989001609385, 2103287.103470630943775 ], [ 6076252.425614236854017, 2103280.747309838421643 ], [ 6076380.562214062549174, 2103261.740040763281286 ], [ 6076506.218762977048755, 2103230.264713797252625 ], [ 6076628.185119723901153, 2103186.624453546013683 ], [ 6076745.286681612022221, 2103131.239539570640773 ], [ 6076856.395696587860584, 2103064.643358870409429 ], [ 6076960.44212409760803, 2102987.477269069757313 ], [ 6077056.423940167762339, 2102900.484421797096729 ], [ 6077143.416787439957261, 2102804.50260572694242 ], [ 6077220.582877241075039, 2102700.456178216729313 ], [ 6077287.179057941772044, 2102589.347163241356611 ], [ 6077342.563971916213632, 2102472.245601352769881 ], [ 6077386.204232168383896, 2102350.279244606848806 ], [ 6077417.679559133946896, 2102224.622695692349225 ], [ 6077436.686828209087253, 2102096.486095866188407 ], [ 6077439.73731814045459, 2102034.391946817748249 ], [ 6077500.614118685014546, 2102012.60987928789109 ], [ 6077617.715680573135614, 2101957.224965312518179 ], [ 6077728.824695548973978, 2101890.628784612286836 ], [ 6077832.871123058721423, 2101813.462694811634719 ], [ 6077928.852939128875732, 2101726.469847538974136 ], [ 6078015.845786401070654, 2101630.488031468819827 ], [ 6078093.011876202188432, 2101526.44160395860672 ], [ 6078159.608056902885437, 2101415.332588983234018 ], [ 6078214.992970877327025, 2101298.231027094647288 ], [ 6078258.63323112949729, 2101176.264670348726213 ], [ 6078290.108558095060289, 2101050.608121434226632 ], [ 6078309.115827170200646, 2100922.471521608065814 ], [ 6078313.965764502063394, 2100823.748779258690774 ], [ 6078337.158053601160645, 2100809.847856133710593 ], [ 6078441.204481110908091, 2100732.681766333058476 ], [ 6078537.1862971810624, 2100645.688919060397893 ], [ 6078624.179144453257322, 2100549.707102990243584 ], [ 6078701.3452342543751, 2100445.660675480030477 ], [ 6078767.941414955072105, 2100334.551660504657775 ], [ 6078823.326328929513693, 2100217.450098616071045 ], [ 6078866.966589181683958, 2100095.48374187014997 ], [ 6078898.441916147246957, 2099969.827192955650389 ], [ 6078917.449185222387314, 2099841.690593129489571 ], [ 6078923.805346014909446, 2099712.307967894244939 ], [ 6078917.449185222387314, 2099582.925342659000307 ], [ 6078914.642433969303966, 2099564.003762672655284 ], [ 6078986.254788235761225, 2099530.133641585707664 ], [ 6079097.363803211599588, 2099463.537460885476321 ], [ 6079201.410230721347034, 2099386.371371084824204 ], [ 6079297.392046791501343, 2099299.378523812163621 ], [ 6079384.384894063696265, 2099203.396707742009312 ], [ 6079461.550983864814043, 2099099.350280231796205 ], [ 6079528.147164565511048, 2098988.241265256423503 ], [ 6079583.532078539952636, 2098871.139703367836773 ], [ 6079627.1723387921229, 2098749.173346621915698 ], [ 6079658.6476657576859, 2098623.516797707416117 ], [ 6079670.908261680975556, 2098540.862573831342161 ], [ 6079679.778796630911529, 2098534.283736739773303 ], [ 6079775.760612701065838, 2098447.29088946711272 ], [ 6079862.75345997326076, 2098351.309073396958411 ], [ 6079939.919549774378538, 2098247.262645886745304 ], [ 6080006.515730475075543, 2098136.153630911372602 ], [ 6080061.900644449517131, 2098019.052069022785872 ], [ 6080105.540904701687396, 2097897.085712276864797 ], [ 6080137.016231667250395, 2097771.429163362365216 ], [ 6080156.023500742390752, 2097643.292563536204398 ], [ 6080161.272037605755031, 2097536.456141327507794 ], [ 6080208.605698580853641, 2097508.085436752531677 ], [ 6080312.652126090601087, 2097430.919346951879561 ], [ 6080408.633942160755396, 2097343.926499679218978 ], [ 6080495.626789432950318, 2097247.944683609064668 ], [ 6080572.792879234068096, 2097143.898256098851562 ], [ 6080639.3890599347651, 2097032.78924112347886 ], [ 6080694.773973909206688, 2096915.68767923489213 ], [ 6080738.414234161376953, 2096793.721322488971055 ], [ 6080769.889561126939952, 2096668.064773574471474 ], [ 6080788.896830202080309, 2096539.928173748077825 ], [ 6080795.252990994602442, 2096410.545548513066024 ], [ 6080788.896830202080309, 2096281.162923278054222 ], [ 6080769.889561126939952, 2096153.026323451660573 ], [ 6080738.414234161376953, 2096027.369774537160993 ], [ 6080717.074555922299623, 2095967.729369235225022 ], [ 6080722.355857633054256, 2095966.945962130557746 ], [ 6080848.012406547553837, 2095935.470635164761916 ], [ 6080969.978763294406235, 2095891.830374913057312 ], [ 6081087.080325182527304, 2095836.445460938150063 ], [ 6081198.189340158365667, 2095769.849280237685889 ], [ 6081302.235767668113112, 2095692.683190437033772 ], [ 6081398.217583738267422, 2095605.690343164373189 ], [ 6081485.210431010462344, 2095509.70852709421888 ], [ 6081562.376520811580122, 2095405.662099584005773 ], [ 6081628.972701512277126, 2095294.553084608633071 ], [ 6081644.841737812384963, 2095261.000826366944239 ], [ 6081688.809891820885241, 2095187.644393147900701 ], [ 6081744.194805795326829, 2095070.542831259313971 ], [ 6081787.835066047497094, 2094948.576474513392895 ], [ 6081819.310393013060093, 2094822.919925598893315 ], [ 6081838.31766208820045, 2094694.783325772499666 ], [ 6081844.673822880722582, 2094565.400700537487864 ], [ 6081840.15092720836401, 2094473.335044105537236 ], [ 6081913.147466232068837, 2094429.582602376351133 ], [ 6082017.193893741816282, 2094352.416512575699016 ], [ 6082113.175709811970592, 2094265.423665303038433 ], [ 6082200.168557084165514, 2094169.441849232884124 ], [ 6082269.402421387843788, 2094076.090789692709222 ], [ 6082319.586457098834217, 2094030.606630995869637 ], [ 6082406.579304371029139, 2093934.624814925715327 ], [ 6082483.745394172146916, 2093830.57838741550222 ], [ 6082514.141640309244394, 2093779.865314507856965 ], [ 6082516.057714840397239, 2093777.281787076033652 ], [ 6082582.653895541094244, 2093666.17277210066095 ], [ 6082638.038809515535831, 2093549.07121021207422 ], [ 6082681.679069767706096, 2093427.104853466153145 ], [ 6082713.154396733269095, 2093301.448304551653564 ], [ 6082732.161665808409452, 2093173.311704725259915 ], [ 6082738.44647532235831, 2093045.381468127481639 ], [ 6082771.014245689846575, 2093021.227563443593681 ], [ 6082866.996061760000885, 2092934.234716170933098 ], [ 6082910.118416753597558, 2092886.656529282452539 ], [ 6082928.483710430562496, 2092873.035899194190279 ], [ 6083024.465526500716805, 2092786.043051921529695 ], [ 6083111.458373772911727, 2092690.061235851375386 ], [ 6083188.624463574029505, 2092586.014808341162279 ], [ 6083255.22064427472651, 2092474.905793365789577 ], [ 6083275.164132656529546, 2092432.738829991547391 ], [ 6083282.50320084579289, 2092420.494334455346689 ], [ 6083337.888114820234478, 2092303.392772566759959 ], [ 6083381.528375072404742, 2092181.426415820838884 ], [ 6083413.003702037967741, 2092055.769866906339303 ], [ 6083432.010971113108099, 2091927.633267079945654 ], [ 6083438.367131905630231, 2091798.250641844933853 ], [ 6083432.010971113108099, 2091668.868016609922051 ], [ 6083414.857658798806369, 2091553.22977805021219 ], [ 6083470.812985430471599, 2091459.873955550603569 ], [ 6083526.197899404913187, 2091342.772393662016839 ], [ 6083569.838159657083452, 2091220.806036916095763 ], [ 6083601.313486622646451, 2091095.149488001596183 ], [ 6083620.320755697786808, 2090967.012888175202534 ], [ 6083626.67691649030894, 2090837.630262940190732 ], [ 6083620.320755697786808, 2090708.247637705178931 ], [ 6083601.313486622646451, 2090580.111037878785282 ], [ 6083569.838159657083452, 2090454.454488964285702 ], [ 6083526.197899404913187, 2090332.488132218364626 ], [ 6083470.812985430471599, 2090215.386570329777896 ], [ 6083404.216804729774594, 2090104.277555354405195 ], [ 6083327.050714928656816, 2090000.231127844192088 ], [ 6083240.057867656461895, 2089904.249311774037778 ], [ 6083144.076051586307585, 2089817.256464501377195 ], [ 6083040.02962407656014, 2089740.090374700725079 ], [ 6082928.920609100721776, 2089673.494194000260904 ], [ 6082880.017042857594788, 2089650.364529751939699 ], [ 6082874.134232555516064, 2089646.838508951477706 ], [ 6082786.882943962700665, 2089605.571722796186805 ], [ 6082789.373782949522138, 2089554.869530445430428 ], [ 6082783.017622157, 2089425.486905210418627 ], [ 6082764.010353081859648, 2089297.350305384024978 ], [ 6082732.535026116296649, 2089171.693756469525397 ], [ 6082688.894765864126384, 2089049.727399723604321 ], [ 6082633.509851889684796, 2088932.625837835017592 ], [ 6082566.913671188987792, 2088821.51682285964489 ], [ 6082489.747581387870014, 2088717.470395349431783 ], [ 6082402.754734115675092, 2088621.488579279277474 ], [ 6082306.772918045520782, 2088534.49573200661689 ], [ 6082202.726490535773337, 2088457.329642205964774 ], [ 6082091.617475559934974, 2088390.7334615055006 ], [ 6082082.499917055480182, 2088386.421177490614355 ], [ 6082079.732175261713564, 2088384.762256901245564 ], [ 6081962.630613373592496, 2088329.377342926338315 ], [ 6081840.664256626740098, 2088285.737082674633712 ], [ 6081715.007707712240517, 2088254.261755708837882 ], [ 6081586.87110788654536, 2088235.254486633930355 ], [ 6081457.488482651300728, 2088228.898325841175392 ], [ 6081328.105857416056097, 2088235.254486633930355 ], [ 6081199.96925759036094, 2088254.261755708837882 ], [ 6081074.312708675861359, 2088285.737082674633712 ] ] ], [ [ [ 6186774.937666733749211, 1909715.235877088038251 ], [ 6186652.971309986896813, 1909671.595616836333647 ], [ 6186527.314761072397232, 1909640.120289870537817 ], [ 6186399.178161246702075, 1909621.113020795630291 ], [ 6186269.795536011457443, 1909614.756860002875328 ], [ 6186140.412910776212811, 1909621.113020795630291 ], [ 6186012.276310950517654, 1909640.120289870537817 ], [ 6185886.619762036018074, 1909671.595616836333647 ], [ 6185764.653405289165676, 1909715.235877088038251 ], [ 6185647.551843401044607, 1909770.6207910629455 ], [ 6185536.442828425206244, 1909837.216971763409674 ], [ 6185432.396400915458798, 1909914.383061564061791 ], [ 6185336.414584845304489, 1910001.375908836722374 ], [ 6185249.421737573109567, 1910097.357724906876683 ], [ 6185172.255647771991789, 1910201.40415241708979 ], [ 6185105.659467071294785, 1910312.513167392462492 ], [ 6185050.274553096853197, 1910429.614729281049222 ], [ 6185006.634292844682932, 1910551.581086026970297 ], [ 6184975.158965879119933, 1910677.237634941469878 ], [ 6184956.151696803979576, 1910805.374234767863527 ], [ 6184949.795536011457443, 1910934.756860002875328 ], [ 6184956.151696803979576, 1911064.139485237887129 ], [ 6184975.158965879119933, 1911192.276085064280778 ], [ 6185006.634292844682932, 1911317.932633978780359 ], [ 6185050.274553096853197, 1911439.898990724701434 ], [ 6185105.659467071294785, 1911557.000552613288164 ], [ 6185116.618974699638784, 1911575.285386433824897 ], [ 6185134.922750178724527, 1911648.358154234942049 ], [ 6185178.563010430894792, 1911770.324510980863124 ], [ 6185233.94792440533638, 1911887.426072869449854 ], [ 6185300.544105106033385, 1911998.535087844822556 ], [ 6185377.710194907151163, 1912102.581515355035663 ], [ 6185464.703042179346085, 1912198.563331425189972 ], [ 6185560.684858249500394, 1912285.556178697850555 ], [ 6185664.731285759247839, 1912362.722268498502672 ], [ 6185775.840300735086203, 1912429.318449198966846 ], [ 6185892.941862623207271, 1912484.703363173874095 ], [ 6186014.908219370059669, 1912528.343623425578699 ], [ 6186140.56476828455925, 1912559.818950391374528 ], [ 6186268.701368110254407, 1912578.826219466282055 ], [ 6186398.083993345499039, 1912585.182380259037018 ], [ 6186527.46661858074367, 1912578.826219466282055 ], [ 6186655.603218406438828, 1912559.818950391374528 ], [ 6186781.259767320938408, 1912528.343623425578699 ], [ 6186903.226124067790806, 1912484.703363173874095 ], [ 6187020.327685955911875, 1912429.318449198966846 ], [ 6187131.436700931750238, 1912362.722268498502672 ], [ 6187235.483128441497684, 1912285.556178697850555 ], [ 6187331.464944511651993, 1912198.563331425189972 ], [ 6187418.457791783846915, 1912102.581515355035663 ], [ 6187495.623881584964693, 1911998.535087844822556 ], [ 6187562.220062285661697, 1911887.426072869449854 ], [ 6187617.604976260103285, 1911770.324510980863124 ], [ 6187661.24523651227355, 1911648.358154234942049 ], [ 6187692.720563477836549, 1911522.701605320442468 ], [ 6187711.727832552976906, 1911394.565005494048819 ], [ 6187718.083993345499039, 1911265.182380259037018 ], [ 6187711.727832552976906, 1911135.799755024025217 ], [ 6187692.720563477836549, 1911007.663155197631568 ], [ 6187661.24523651227355, 1910882.006606283131987 ], [ 6187617.604976260103285, 1910760.040249537210912 ], [ 6187562.220062285661697, 1910642.938687648624182 ], [ 6187551.260554657317698, 1910624.653853828087449 ], [ 6187532.956779178231955, 1910551.581086026970297 ], [ 6187489.31651892606169, 1910429.614729281049222 ], [ 6187433.931604951620102, 1910312.513167392462492 ], [ 6187367.335424250923097, 1910201.40415241708979 ], [ 6187290.169334449805319, 1910097.357724906876683 ], [ 6187203.176487177610397, 1910001.375908836722374 ], [ 6187107.194671107456088, 1909914.383061564061791 ], [ 6187003.148243597708642, 1909837.216971763409674 ], [ 6186892.039228621870279, 1909770.6207910629455 ], [ 6186774.937666733749211, 1909715.235877088038251 ] ] ], [ [ [ 6183029.919969595037401, 1912414.743640848435462 ], [ 6182918.810954619199038, 1912348.147460147971287 ], [ 6182801.709392731077969, 1912292.762546173064038 ], [ 6182679.743035984225571, 1912249.122285921359435 ], [ 6182554.08648706972599, 1912217.646958955563605 ], [ 6182425.949887244030833, 1912198.639689880656078 ], [ 6182296.567262008786201, 1912192.283529087901115 ], [ 6182167.18463677354157, 1912198.639689880656078 ], [ 6182164.732497285120189, 1912199.003430413315073 ], [ 6182051.359737189486623, 1912204.573076966451481 ], [ 6181923.223137363791466, 1912223.580346041359007 ], [ 6181797.566588449291885, 1912255.055673007154837 ], [ 6181675.600231702439487, 1912298.695933258859441 ], [ 6181558.498669814318419, 1912354.08084723376669 ], [ 6181447.389654838480055, 1912420.677027934230864 ], [ 6181343.34322732873261, 1912497.843117734882981 ], [ 6181247.3614112585783, 1912584.835965007543564 ], [ 6181160.368563986383379, 1912680.817781077697873 ], [ 6181083.202474185265601, 1912784.86420858791098 ], [ 6181016.606293484568596, 1912895.973223563283682 ], [ 6180961.221379510127008, 1913013.074785451870412 ], [ 6180917.581119257956743, 1913135.041142197791487 ], [ 6180886.105792292393744, 1913260.697691112291068 ], [ 6180867.098523217253387, 1913388.834290938684717 ], [ 6180860.742362424731255, 1913518.216916173696518 ], [ 6180867.098523217253387, 1913647.599541408708319 ], [ 6180886.105792292393744, 1913775.736141235101968 ], [ 6180917.581119257956743, 1913901.392690149601549 ], [ 6180961.221379510127008, 1914023.359046895522624 ], [ 6181016.606293484568596, 1914140.460608784109354 ], [ 6181083.202474185265601, 1914251.569623759482056 ], [ 6181160.368563986383379, 1914355.616051269695163 ], [ 6181247.3614112585783, 1914451.597867339849472 ], [ 6181343.34322732873261, 1914538.590714612510055 ], [ 6181447.389654838480055, 1914615.756804413162172 ], [ 6181558.498669814318419, 1914682.352985113626346 ], [ 6181675.600231702439487, 1914737.737899088533595 ], [ 6181797.566588449291885, 1914781.378159340238199 ], [ 6181923.223137363791466, 1914812.853486306034029 ], [ 6182051.359737189486623, 1914831.860755380941555 ], [ 6182180.742362424731255, 1914838.216916173696518 ], [ 6182310.124987659975886, 1914831.860755380941555 ], [ 6182312.577127148397267, 1914831.497014848282561 ], [ 6182425.949887244030833, 1914825.927368295146152 ], [ 6182554.08648706972599, 1914806.920099220238626 ], [ 6182679.743035984225571, 1914775.444772254442796 ], [ 6182801.709392731077969, 1914731.804512002738193 ], [ 6182918.810954619199038, 1914676.419598027830943 ], [ 6183029.919969595037401, 1914609.823417327366769 ], [ 6183133.966397104784846, 1914532.657327526714653 ], [ 6183229.948213174939156, 1914445.66448025405407 ], [ 6183316.941060447134078, 1914349.68266418389976 ], [ 6183394.107150248251855, 1914245.636236673686653 ], [ 6183460.70333094894886, 1914134.527221698313951 ], [ 6183516.088244923390448, 1914017.425659809727222 ], [ 6183559.728505175560713, 1913895.459303063806146 ], [ 6183591.203832141123712, 1913769.802754149306566 ], [ 6183610.211101216264069, 1913641.666154322912917 ], [ 6183616.567262008786201, 1913512.283529087901115 ], [ 6183610.211101216264069, 1913382.900903852889314 ], [ 6183591.203832141123712, 1913254.764304026495665 ], [ 6183559.728505175560713, 1913129.107755111996084 ], [ 6183516.088244923390448, 1913007.141398366075009 ], [ 6183460.70333094894886, 1912890.039836477488279 ], [ 6183394.107150248251855, 1912778.930821502115577 ], [ 6183316.941060447134078, 1912674.884393991902471 ], [ 6183229.948213174939156, 1912578.902577921748161 ], [ 6183133.966397104784846, 1912491.909730649087578 ], [ 6183029.919969595037401, 1912414.743640848435462 ] ] ], [ [ [ 6175060.320438031107187, 1913993.152372226351872 ], [ 6174943.218876142986119, 1913937.767458251444623 ], [ 6174821.252519396133721, 1913894.127197999740019 ], [ 6174695.59597048163414, 1913862.65187103394419 ], [ 6174567.459370655938983, 1913843.644601959036663 ], [ 6174438.076745420694351, 1913837.2884411662817 ], [ 6174308.694120185449719, 1913843.644601959036663 ], [ 6174180.557520359754562, 1913862.65187103394419 ], [ 6174054.900971445254982, 1913894.127197999740019 ], [ 6173932.934614698402584, 1913937.767458251444623 ], [ 6173815.833052810281515, 1913993.152372226351872 ], [ 6173704.724037834443152, 1914059.748552926816046 ], [ 6173600.677610324695706, 1914136.914642727468163 ], [ 6173504.695794254541397, 1914223.907490000128746 ], [ 6173417.702946982346475, 1914319.889306070283055 ], [ 6173340.536857181228697, 1914423.935733580496162 ], [ 6173273.940676480531693, 1914535.044748555868864 ], [ 6173218.555762506090105, 1914652.146310444455594 ], [ 6173174.91550225391984, 1914774.112667190376669 ], [ 6173143.440175288356841, 1914899.76921610487625 ], [ 6173124.432906213216484, 1915027.905815931269899 ], [ 6173118.076745420694351, 1915157.2884411662817 ], [ 6173124.432906213216484, 1915286.671066401293501 ], [ 6173143.440175288356841, 1915414.80766622768715 ], [ 6173151.618921084329486, 1915447.459049716824666 ], [ 6173146.423473507165909, 1915553.214814677834511 ], [ 6173152.779634299688041, 1915682.597439912846312 ], [ 6173171.786903374828398, 1915810.734039739239961 ], [ 6173203.262230340391397, 1915936.390588653739542 ], [ 6173246.902490592561662, 1916058.356945399660617 ], [ 6173302.28740456700325, 1916175.458507288247347 ], [ 6173368.883585267700255, 1916286.567522263620049 ], [ 6173446.049675068818033, 1916390.613949773833156 ], [ 6173533.042522341012955, 1916486.595765843987465 ], [ 6173629.024338411167264, 1916573.588613116648048 ], [ 6173733.07076592091471, 1916650.754702917300165 ], [ 6173844.179780896753073, 1916717.350883617764339 ], [ 6173961.281342784874141, 1916772.735797592671588 ], [ 6174083.247699531726539, 1916816.376057844376191 ], [ 6174208.90424844622612, 1916847.851384810172021 ], [ 6174337.040848271921277, 1916866.858653885079548 ], [ 6174466.423473507165909, 1916873.214814677834511 ], [ 6174595.806098742410541, 1916866.858653885079548 ], [ 6174723.942698568105698, 1916847.851384810172021 ], [ 6174737.571551505476236, 1916844.437534867087379 ], [ 6174771.633876144886017, 1916839.384866303764284 ], [ 6174897.290425059385598, 1916807.909539337968454 ], [ 6175019.256781806237996, 1916764.26927908626385 ], [ 6175136.358343694359064, 1916708.884365111356601 ], [ 6175247.467358670197427, 1916642.288184410892427 ], [ 6175351.513786179944873, 1916565.12209461024031 ], [ 6175447.495602250099182, 1916478.129247337579727 ], [ 6175534.488449522294104, 1916382.147431267425418 ], [ 6175611.654539323411882, 1916278.101003757212311 ], [ 6175678.250720024108887, 1916166.991988781839609 ], [ 6175733.635633998550475, 1916049.890426893252879 ], [ 6175777.275894250720739, 1915927.924070147331804 ], [ 6175808.751221216283739, 1915802.267521232832223 ], [ 6175827.758490291424096, 1915674.130921406438574 ], [ 6175834.114651083946228, 1915544.748296171426773 ], [ 6175827.758490291424096, 1915415.365670936414972 ], [ 6175808.751221216283739, 1915287.229071110021323 ], [ 6175777.275894250720739, 1915161.572522195521742 ], [ 6175755.265122178010643, 1915100.056535275187343 ], [ 6175751.720584628172219, 1915027.905815931269899 ], [ 6175732.713315553031862, 1914899.76921610487625 ], [ 6175701.237988587468863, 1914774.112667190376669 ], [ 6175657.597728335298598, 1914652.146310444455594 ], [ 6175602.21281436085701, 1914535.044748555868864 ], [ 6175535.616633660160005, 1914423.935733580496162 ], [ 6175458.450543859042227, 1914319.889306070283055 ], [ 6175371.457696586847305, 1914223.907490000128746 ], [ 6175275.475880516692996, 1914136.914642727468163 ], [ 6175171.42945300694555, 1914059.748552926816046 ], [ 6175060.320438031107187, 1913993.152372226351872 ] ] ], [ [ [ 6172120.928022865206003, 1916062.412997484439984 ], [ 6172003.826460977084935, 1916007.028083509532735 ], [ 6171881.860104230232537, 1915963.387823257828131 ], [ 6171756.203555315732956, 1915931.912496292032301 ], [ 6171628.066955490037799, 1915912.905227217124775 ], [ 6171498.684330254793167, 1915906.549066424369812 ], [ 6171369.301705019548535, 1915912.905227217124775 ], [ 6171241.165105193853378, 1915931.912496292032301 ], [ 6171227.493104121647775, 1915935.337154280394316 ], [ 6171216.48602069914341, 1915936.969900869764388 ], [ 6171090.829471784643829, 1915968.445227835560217 ], [ 6170968.863115037791431, 1916012.085488087264821 ], [ 6170851.761553149670362, 1916067.47040206217207 ], [ 6170740.652538173831999, 1916134.066582762636244 ], [ 6170636.606110664084554, 1916211.232672563288361 ], [ 6170540.624294593930244, 1916298.225519835948944 ], [ 6170533.772963923402131, 1916305.784798338310793 ], [ 6170490.955278198234737, 1916321.105211264220998 ], [ 6170373.853716310113668, 1916376.490125239128247 ], [ 6170262.744701334275305, 1916443.086305939592421 ], [ 6170158.69827382452786, 1916520.252395740244538 ], [ 6170062.71645775437355, 1916607.245243012905121 ], [ 6169975.723610482178628, 1916703.22705908305943 ], [ 6169898.557520681060851, 1916807.273486593272537 ], [ 6169831.961339980363846, 1916918.382501568645239 ], [ 6169776.576426005922258, 1917035.484063457231969 ], [ 6169732.936165753751993, 1917157.450420203153044 ], [ 6169701.460838788188994, 1917283.106969117652625 ], [ 6169682.453569713048637, 1917411.243568944046274 ], [ 6169676.097408920526505, 1917540.626194179058075 ], [ 6169682.453569713048637, 1917670.008819414069876 ], [ 6169701.460838788188994, 1917798.145419240463525 ], [ 6169732.936165753751993, 1917923.801968154963106 ], [ 6169776.576426005922258, 1918045.768324900884181 ], [ 6169831.961339980363846, 1918162.869886789470911 ], [ 6169898.557520681060851, 1918273.978901764843613 ], [ 6169975.723610482178628, 1918378.02532927505672 ], [ 6170062.71645775437355, 1918474.007145345211029 ], [ 6170158.69827382452786, 1918560.999992617871612 ], [ 6170262.744701334275305, 1918638.166082418523729 ], [ 6170373.853716310113668, 1918704.762263118987903 ], [ 6170490.955278198234737, 1918760.147177093895152 ], [ 6170612.921634945087135, 1918803.787437345599756 ], [ 6170738.578183859586716, 1918835.262764311395586 ], [ 6170866.714783685281873, 1918854.270033386303112 ], [ 6170996.097408920526505, 1918860.626194179058075 ], [ 6171125.480034155771136, 1918854.270033386303112 ], [ 6171253.616633981466293, 1918835.262764311395586 ], [ 6171379.273182895965874, 1918803.787437345599756 ], [ 6171501.239539642818272, 1918760.147177093895152 ], [ 6171618.341101530939341, 1918704.762263118987903 ], [ 6171729.450116506777704, 1918638.166082418523729 ], [ 6171833.496544016525149, 1918560.999992617871612 ], [ 6171929.478360086679459, 1918474.007145345211029 ], [ 6171931.268939173780382, 1918472.031545764766634 ], [ 6172003.826460977084935, 1918446.070049339206889 ], [ 6172120.928022865206003, 1918390.68513536429964 ], [ 6172232.037037841044366, 1918324.088954663835466 ], [ 6172336.083465350791812, 1918246.922864863183349 ], [ 6172432.065281420946121, 1918159.930017590522766 ], [ 6172519.058128693141043, 1918063.948201520368457 ], [ 6172596.224218494258821, 1917959.90177401015535 ], [ 6172662.820399194955826, 1917848.792759034782648 ], [ 6172718.205313169397414, 1917731.691197146195918 ], [ 6172761.845573421567678, 1917609.724840400274843 ], [ 6172793.320900387130678, 1917484.068291485775262 ], [ 6172812.328169462271035, 1917355.931691659381613 ], [ 6172818.684330254793167, 1917226.549066424369812 ], [ 6172812.328169462271035, 1917097.166441189358011 ], [ 6172793.320900387130678, 1916969.029841362964362 ], [ 6172761.845573421567678, 1916843.373292448464781 ], [ 6172718.205313169397414, 1916721.406935702543706 ], [ 6172662.820399194955826, 1916604.305373813956976 ], [ 6172596.224218494258821, 1916493.196358838584274 ], [ 6172519.058128693141043, 1916389.149931328371167 ], [ 6172432.065281420946121, 1916293.168115258216858 ], [ 6172336.083465350791812, 1916206.175267985556275 ], [ 6172232.037037841044366, 1916129.009178184904158 ], [ 6172120.928022865206003, 1916062.412997484439984 ] ] ], [ [ [ 6166202.744822067208588, 1917759.574847672367468 ], [ 6166077.088273152709007, 1917728.099520706571639 ], [ 6165948.95167332701385, 1917709.092251631664112 ], [ 6165819.569048091769218, 1917702.736090838909149 ], [ 6165690.186422856524587, 1917709.092251631664112 ], [ 6165562.04982303082943, 1917728.099520706571639 ], [ 6165436.393274116329849, 1917759.574847672367468 ], [ 6165314.426917369477451, 1917803.215107924072072 ], [ 6165197.325355481356382, 1917858.600021898979321 ], [ 6165166.331697418354452, 1917877.176905632484704 ], [ 6165146.532478060573339, 1917886.541238978737965 ], [ 6165035.423463084734976, 1917953.137419679202139 ], [ 6164931.377035574987531, 1918030.303509479854256 ], [ 6164835.395219504833221, 1918117.296356752514839 ], [ 6164748.402372232638299, 1918213.278172822669148 ], [ 6164671.236282431520522, 1918317.324600332882255 ], [ 6164604.640101730823517, 1918428.433615308254957 ], [ 6164549.255187756381929, 1918545.535177196841687 ], [ 6164505.614927504211664, 1918667.501533942762762 ], [ 6164474.139600538648665, 1918793.158082857262343 ], [ 6164455.132331463508308, 1918921.294682683655992 ], [ 6164448.776170670986176, 1919050.677307918667793 ], [ 6164455.132331463508308, 1919180.059933153679594 ], [ 6164474.139600538648665, 1919308.196532980073243 ], [ 6164505.614927504211664, 1919433.853081894572824 ], [ 6164549.255187756381929, 1919555.8194386404939 ], [ 6164604.640101730823517, 1919672.921000529080629 ], [ 6164671.236282431520522, 1919784.030015504453331 ], [ 6164722.937574577517807, 1919853.741138088749722 ], [ 6164771.569229811429977, 1919956.564134035259485 ], [ 6164838.165410512126982, 1920067.673149010632187 ], [ 6164915.33150031324476, 1920171.719576520845294 ], [ 6165002.324347585439682, 1920267.701392590999603 ], [ 6165098.306163655593991, 1920354.694239863660187 ], [ 6165202.352591165341437, 1920431.860329664312303 ], [ 6165313.4616061411798, 1920498.456510364776477 ], [ 6165430.563168029300869, 1920553.841424339683726 ], [ 6165552.529524776153266, 1920597.48168459138833 ], [ 6165678.186073690652847, 1920628.95701155718416 ], [ 6165806.322673516348004, 1920647.964280632091686 ], [ 6165935.705298751592636, 1920654.320441424846649 ], [ 6166065.087923986837268, 1920647.964280632091686 ], [ 6166193.224523812532425, 1920628.95701155718416 ], [ 6166318.881072727032006, 1920597.48168459138833 ], [ 6166440.847429473884404, 1920553.841424339683726 ], [ 6166557.948991362005472, 1920498.456510364776477 ], [ 6166606.102297706529498, 1920469.594529261579737 ], [ 6166606.42035112157464, 1920469.444101199274883 ], [ 6166717.529366097413003, 1920402.847920498810709 ], [ 6166821.575793607160449, 1920325.681830698158592 ], [ 6166917.557609677314758, 1920238.688983425498009 ], [ 6167004.55045694950968, 1920142.707167355343699 ], [ 6167081.716546750627458, 1920038.660739845130593 ], [ 6167148.312727451324463, 1919927.551724869757891 ], [ 6167203.697641425766051, 1919810.450162981171161 ], [ 6167247.337901677936316, 1919688.483806235250086 ], [ 6167278.813228643499315, 1919562.827257320750505 ], [ 6167297.820497718639672, 1919434.690657494356856 ], [ 6167304.176658511161804, 1919305.308032259345055 ], [ 6167297.820497718639672, 1919175.925407024333254 ], [ 6167278.813228643499315, 1919047.788807197939605 ], [ 6167247.337901677936316, 1918922.132258283440024 ], [ 6167203.697641425766051, 1918800.165901537518948 ], [ 6167148.312727451324463, 1918683.064339648932219 ], [ 6167081.716546750627458, 1918571.955324673559517 ], [ 6167035.02485329285264, 1918508.998863989720121 ], [ 6166983.705117031931877, 1918400.492398228496313 ], [ 6166917.108936331234872, 1918289.383383253123611 ], [ 6166839.942846530117095, 1918185.336955742910504 ], [ 6166752.949999257922173, 1918089.355139672756195 ], [ 6166656.968183187767863, 1918002.362292400095612 ], [ 6166552.921755678020418, 1917925.196202599443495 ], [ 6166441.812740702182055, 1917858.600021898979321 ], [ 6166324.711178814060986, 1917803.215107924072072 ], [ 6166202.744822067208588, 1917759.574847672367468 ] ] ], [ [ [ 6166808.090223360806704, 1921092.145063981646672 ], [ 6166690.988661472685635, 1921036.760150006739423 ], [ 6166569.022304725833237, 1920993.119889755034819 ], [ 6166443.365755811333656, 1920961.644562789238989 ], [ 6166315.229155985638499, 1920942.637293714331463 ], [ 6166185.846530750393867, 1920936.2811329215765 ], [ 6166056.463905515149236, 1920942.637293714331463 ], [ 6165928.327305689454079, 1920961.644562789238989 ], [ 6165802.670756774954498, 1920993.119889755034819 ], [ 6165680.7044000281021, 1921036.760150006739423 ], [ 6165563.602838139981031, 1921092.145063981646672 ], [ 6165452.493823164142668, 1921158.741244682110846 ], [ 6165348.447395654395223, 1921235.907334482762963 ], [ 6165252.465579584240913, 1921322.900181755423546 ], [ 6165165.472732312045991, 1921418.881997825577855 ], [ 6165088.306642510928214, 1921522.928425335790962 ], [ 6165021.710461810231209, 1921634.037440311163664 ], [ 6164966.325547835789621, 1921751.139002199750394 ], [ 6164922.685287583619356, 1921873.105358945671469 ], [ 6164908.411755528301001, 1921930.088493095943704 ], [ 6164894.859883923083544, 1921967.963436948601156 ], [ 6164863.384556957520545, 1922093.619985863100737 ], [ 6164844.377287882380188, 1922221.756585689494386 ], [ 6164838.021127089858055, 1922351.139210924506187 ], [ 6164844.377287882380188, 1922480.521836159517989 ], [ 6164863.384556957520545, 1922608.658435985911638 ], [ 6164894.859883923083544, 1922734.314984900411218 ], [ 6164938.500144175253808, 1922856.281341646332294 ], [ 6164993.885058149695396, 1922973.382903534919024 ], [ 6165060.481238850392401, 1923084.491918510291725 ], [ 6165137.647328651510179, 1923188.538346020504832 ], [ 6165224.640175923705101, 1923284.520162090659142 ], [ 6165320.62199199385941, 1923371.513009363319725 ], [ 6165424.668419503606856, 1923448.679099163971841 ], [ 6165535.777434479445219, 1923515.275279864436015 ], [ 6165652.878996367566288, 1923570.660193839343265 ], [ 6165774.845353114418685, 1923614.300454091047868 ], [ 6165900.501902028918266, 1923645.775781056843698 ], [ 6166028.638501854613423, 1923664.783050131751224 ], [ 6166158.021127089858055, 1923671.139210924506187 ], [ 6166287.403752325102687, 1923664.783050131751224 ], [ 6166415.540352150797844, 1923645.775781056843698 ], [ 6166541.196901065297425, 1923614.300454091047868 ], [ 6166663.163257812149823, 1923570.660193839343265 ], [ 6166780.264819700270891, 1923515.275279864436015 ], [ 6166891.373834676109254, 1923448.679099163971841 ], [ 6166995.4202621858567, 1923371.513009363319725 ], [ 6167091.402078256011009, 1923284.520162090659142 ], [ 6167178.394925528205931, 1923188.538346020504832 ], [ 6167255.561015329323709, 1923084.491918510291725 ], [ 6167322.157196030020714, 1922973.382903534919024 ], [ 6167377.542110004462302, 1922856.281341646332294 ], [ 6167421.182370256632566, 1922734.314984900411218 ], [ 6167435.114049651660025, 1922678.696603072341532 ], [ 6167449.016304086893797, 1922639.84240481024608 ], [ 6167480.491631052456796, 1922514.185855895746499 ], [ 6167499.498900127597153, 1922386.04925606935285 ], [ 6167505.855060920119286, 1922256.666630834341049 ], [ 6167505.841326686553657, 1922256.387064081151038 ], [ 6167505.846530750393867, 1922256.2811329215765 ], [ 6167499.490369957871735, 1922126.898507686564699 ], [ 6167480.483100882731378, 1921998.76190786017105 ], [ 6167449.007773917168379, 1921873.105358945671469 ], [ 6167405.367513664998114, 1921751.139002199750394 ], [ 6167349.982599690556526, 1921634.037440311163664 ], [ 6167283.386418989859521, 1921522.928425335790962 ], [ 6167206.220329188741744, 1921418.881997825577855 ], [ 6167119.227481916546822, 1921322.900181755423546 ], [ 6167023.245665846392512, 1921235.907334482762963 ], [ 6166919.199238336645067, 1921158.741244682110846 ], [ 6166808.090223360806704, 1921092.145063981646672 ] ] ], [ [ [ 6165701.865401703864336, 1924051.423922315472737 ], [ 6165584.763839815743268, 1923996.039008340565488 ], [ 6165462.79748306889087, 1923952.398748088860884 ], [ 6165337.140934154391289, 1923920.923421123065054 ], [ 6165209.004334328696132, 1923901.916152048157528 ], [ 6165079.6217090934515, 1923895.559991255402565 ], [ 6164950.239083858206868, 1923901.916152048157528 ], [ 6164822.102484032511711, 1923920.923421123065054 ], [ 6164696.44593511801213, 1923952.398748088860884 ], [ 6164574.479578371159732, 1923996.039008340565488 ], [ 6164457.378016483038664, 1924051.423922315472737 ], [ 6164346.269001507200301, 1924118.020103015936911 ], [ 6164242.222573997452855, 1924195.186192816589028 ], [ 6164146.240757927298546, 1924282.179040089249611 ], [ 6164059.247910655103624, 1924378.16085615940392 ], [ 6163982.081820853985846, 1924482.207283669617027 ], [ 6163915.485640153288841, 1924593.316298644989729 ], [ 6163860.100726178847253, 1924710.417860533576459 ], [ 6163816.460465926676989, 1924832.384217279497534 ], [ 6163784.985138961113989, 1924958.040766193997115 ], [ 6163765.977869885973632, 1925086.177366020390764 ], [ 6163765.907423843629658, 1925087.611328146187589 ], [ 6163746.588562213815749, 1925164.736547022592276 ], [ 6163727.581293138675392, 1925292.873146848985925 ], [ 6163721.225132346153259, 1925422.255772083997726 ], [ 6163721.22934032138437, 1925422.341427380451933 ], [ 6163721.222507670521736, 1925422.480509176850319 ], [ 6163727.578668463043869, 1925551.86313441186212 ], [ 6163746.585937538184226, 1925679.999734238255769 ], [ 6163778.061264503747225, 1925805.65628315275535 ], [ 6163821.70152475591749, 1925927.622639898676425 ], [ 6163877.086438730359077, 1926044.724201787263155 ], [ 6163943.682619431056082, 1926155.833216762635857 ], [ 6164020.84870923217386, 1926259.879644272848964 ], [ 6164107.841556504368782, 1926355.861460343003273 ], [ 6164203.823372574523091, 1926442.854307615663856 ], [ 6164307.869800084270537, 1926520.020397416315973 ], [ 6164418.9788150601089, 1926586.616578116780147 ], [ 6164536.080376948229969, 1926642.001492091687396 ], [ 6164658.046733695082366, 1926685.641752343392 ], [ 6164783.703282609581947, 1926717.117079309187829 ], [ 6164911.839882435277104, 1926736.124348384095356 ], [ 6165041.222507670521736, 1926742.480509176850319 ], [ 6165170.605132905766368, 1926736.124348384095356 ], [ 6165298.741732731461525, 1926717.117079309187829 ], [ 6165424.398281645961106, 1926685.641752343392 ], [ 6165546.364638392813504, 1926642.001492091687396 ], [ 6165663.466200280934572, 1926586.616578116780147 ], [ 6165774.575215256772935, 1926520.020397416315973 ], [ 6165878.621642766520381, 1926442.854307615663856 ], [ 6165974.60345883667469, 1926355.861460343003273 ], [ 6166061.596306108869612, 1926259.879644272848964 ], [ 6166138.76239590998739, 1926155.833216762635857 ], [ 6166205.358576610684395, 1926044.724201787263155 ], [ 6166260.743490585125983, 1925927.622639898676425 ], [ 6166304.383750837296247, 1925805.65628315275535 ], [ 6166335.859077802859247, 1925679.999734238255769 ], [ 6166341.383654409088194, 1925642.756063987268135 ], [ 6166370.375412977300584, 1925527.014475897420198 ], [ 6166389.382682052440941, 1925398.877876071026549 ], [ 6166391.421691199764609, 1925357.372891379287466 ], [ 6166393.265548300929368, 1925344.942616490414366 ], [ 6166399.6217090934515, 1925215.559991255402565 ], [ 6166393.265548300929368, 1925086.177366020390764 ], [ 6166374.258279225789011, 1924958.040766193997115 ], [ 6166342.782952260226011, 1924832.384217279497534 ], [ 6166299.142692008055747, 1924710.417860533576459 ], [ 6166243.757778033614159, 1924593.316298644989729 ], [ 6166177.161597332917154, 1924482.207283669617027 ], [ 6166099.995507531799376, 1924378.16085615940392 ], [ 6166013.002660259604454, 1924282.179040089249611 ], [ 6165917.020844189450145, 1924195.186192816589028 ], [ 6165812.974416679702699, 1924118.020103015936911 ], [ 6165701.865401703864336, 1924051.423922315472737 ] ] ], [ [ [ 6140645.879597318358719, 1926104.574233759427443 ], [ 6140520.223048403859138, 1926073.098906793631613 ], [ 6140392.086448578163981, 1926054.091637718724087 ], [ 6140262.70382334291935, 1926047.735476925969124 ], [ 6140133.321198107674718, 1926054.091637718724087 ], [ 6140005.184598281979561, 1926073.098906793631613 ], [ 6139879.52804936747998, 1926104.574233759427443 ], [ 6139757.561692620627582, 1926148.214494011132047 ], [ 6139640.460130732506514, 1926203.599407986039296 ], [ 6139529.35111575666815, 1926270.19558868650347 ], [ 6139425.304688246920705, 1926347.361678487155586 ], [ 6139329.322872176766396, 1926434.35452575981617 ], [ 6139242.330024904571474, 1926530.336341829970479 ], [ 6139165.163935103453696, 1926634.382769340183586 ], [ 6139098.567754402756691, 1926745.491784315556288 ], [ 6139043.182840428315103, 1926862.593346204143018 ], [ 6138999.542580176144838, 1926984.559702950064093 ], [ 6138968.067253210581839, 1927110.216251864563674 ], [ 6138949.059984135441482, 1927238.352851690957323 ], [ 6138942.70382334291935, 1927367.735476925969124 ], [ 6138949.059984135441482, 1927497.118102160980925 ], [ 6138968.067253210581839, 1927625.254701987374574 ], [ 6138999.542580176144838, 1927750.911250901874155 ], [ 6139043.182840428315103, 1927872.87760764779523 ], [ 6139098.567754402756691, 1927989.97916953638196 ], [ 6139165.163935103453696, 1928101.088184511754662 ], [ 6139220.162525217980146, 1928175.245198742253706 ], [ 6139237.832567736506462, 1928212.605364698916674 ], [ 6139304.428748437203467, 1928323.714379674289376 ], [ 6139381.594838238321245, 1928427.760807184502482 ], [ 6139468.587685510516167, 1928523.742623254656792 ], [ 6139564.569501580670476, 1928610.735470527317375 ], [ 6139668.615929090417922, 1928687.901560327969491 ], [ 6139779.724944066256285, 1928754.497741028433666 ], [ 6139896.826505954377353, 1928809.882655003340915 ], [ 6140018.792862701229751, 1928853.522915255045518 ], [ 6140144.449411615729332, 1928884.998242220841348 ], [ 6140272.586011441424489, 1928904.005511295748875 ], [ 6140401.968636676669121, 1928910.361672088503838 ], [ 6140531.351261911913753, 1928904.005511295748875 ], [ 6140657.22287352476269, 1928885.334221484139562 ], [ 6140638.274505936540663, 1928910.883137592580169 ], [ 6140571.678325235843658, 1929021.992152567952871 ], [ 6140516.293411261402071, 1929139.093714456539601 ], [ 6140472.653151009231806, 1929261.060071202460676 ], [ 6140441.177824043668807, 1929386.716620116960257 ], [ 6140422.17055496852845, 1929514.853219943353906 ], [ 6140415.814394176006317, 1929644.235845178365707 ], [ 6140422.17055496852845, 1929773.618470413377509 ], [ 6140441.177824043668807, 1929901.755070239771158 ], [ 6140472.653151009231806, 1930027.411619154270738 ], [ 6140516.293411261402071, 1930149.377975900191814 ], [ 6140516.450852544978261, 1930149.710857527097687 ], [ 6140516.485996178351343, 1930149.80907740117982 ], [ 6140571.870910152792931, 1930266.91063928976655 ], [ 6140638.467090853489935, 1930378.019654265139252 ], [ 6140715.633180654607713, 1930482.066081775352359 ], [ 6140745.536636735312641, 1930515.059461247874424 ], [ 6140791.971705102361739, 1930592.531692421529442 ], [ 6140869.137794903479517, 1930696.578119931742549 ], [ 6140956.130642175674438, 1930792.559936001896858 ], [ 6141052.112458245828748, 1930879.552783274557441 ], [ 6141156.158885755576193, 1930956.718873075209558 ], [ 6141267.267900731414557, 1931023.315053775673732 ], [ 6141384.369462619535625, 1931078.699967750580981 ], [ 6141506.335819366388023, 1931122.340228002285585 ], [ 6141631.992368280887604, 1931153.815554968081415 ], [ 6141760.128968106582761, 1931172.822824042988941 ], [ 6141889.511593341827393, 1931179.178984835743904 ], [ 6142018.894218577072024, 1931172.822824042988941 ], [ 6142147.030818402767181, 1931153.815554968081415 ], [ 6142272.687367317266762, 1931122.340228002285585 ], [ 6142394.65372406411916, 1931078.699967750580981 ], [ 6142511.755285952240229, 1931023.315053775673732 ], [ 6142622.864300928078592, 1930956.718873075209558 ], [ 6142726.910728437826037, 1930879.552783274557441 ], [ 6142822.892544507980347, 1930792.559936001896858 ], [ 6142909.885391780175269, 1930696.578119931742549 ], [ 6142987.051481581293046, 1930592.531692421529442 ], [ 6143053.647662281990051, 1930481.42267744615674 ], [ 6143109.032576256431639, 1930364.32111555757001 ], [ 6143152.672836508601904, 1930242.354758811648935 ], [ 6143184.148163474164903, 1930116.698209897149354 ], [ 6143203.15543254930526, 1929988.561610070755705 ], [ 6143209.511593341827393, 1929859.178984835743904 ], [ 6143203.15543254930526, 1929729.796359600732103 ], [ 6143184.148163474164903, 1929601.659759774338454 ], [ 6143152.672836508601904, 1929476.003210859838873 ], [ 6143109.032576256431639, 1929354.036854113917798 ], [ 6143053.647662281990051, 1929236.935292225331068 ], [ 6143042.138561440631747, 1929217.733517525019124 ], [ 6143002.963890754617751, 1929108.247647534590214 ], [ 6142947.578976780176163, 1928991.146085646003485 ], [ 6142880.982796079479158, 1928880.037070670630783 ], [ 6142803.81670627836138, 1928775.990643160417676 ], [ 6142716.823859006166458, 1928680.008827090263367 ], [ 6142620.842042936012149, 1928593.015979817602783 ], [ 6142516.795615426264703, 1928515.849890016950667 ], [ 6142405.68660045042634, 1928449.253709316486493 ], [ 6142288.585038562305272, 1928393.868795341579244 ], [ 6142166.618681815452874, 1928350.22853508987464 ], [ 6142040.962132900953293, 1928318.75320812407881 ], [ 6141912.825533075258136, 1928299.745939049171284 ], [ 6141912.731979426927865, 1928299.74134305305779 ], [ 6141912.44889341108501, 1928299.69935120944865 ], [ 6141783.066268175840378, 1928293.343190416693687 ], [ 6141653.683642940595746, 1928299.69935120944865 ], [ 6141525.547043114900589, 1928318.706620284356177 ], [ 6141498.128973712213337, 1928325.574489143444225 ], [ 6141499.508524916134775, 1928323.714379674289376 ], [ 6141566.104705616831779, 1928212.605364698916674 ], [ 6141621.489619591273367, 1928095.503802810329944 ], [ 6141665.129879843443632, 1927973.537446064408869 ], [ 6141696.605206809006631, 1927847.880897149909288 ], [ 6141715.612475884146988, 1927719.744297323515639 ], [ 6141721.968636676669121, 1927590.361672088503838 ], [ 6141715.612475884146988, 1927460.979046853492036 ], [ 6141696.605206809006631, 1927332.842447027098387 ], [ 6141696.603031483478844, 1927332.833762640831992 ], [ 6141696.585193729959428, 1927332.713510274421424 ], [ 6141665.109866764396429, 1927207.056961359921843 ], [ 6141621.469606512226164, 1927085.090604614000767 ], [ 6141566.084692537784576, 1926967.989042725414038 ], [ 6141499.488511837087572, 1926856.880027750041336 ], [ 6141444.376834138296545, 1926782.570532562909648 ], [ 6141426.839892283082008, 1926745.491784315556288 ], [ 6141360.243711582385004, 1926634.382769340183586 ], [ 6141283.077621781267226, 1926530.336341829970479 ], [ 6141196.084774509072304, 1926434.35452575981617 ], [ 6141100.102958438917994, 1926347.361678487155586 ], [ 6140996.056530929170549, 1926270.19558868650347 ], [ 6140884.947515953332186, 1926203.599407986039296 ], [ 6140767.845954065211117, 1926148.214494011132047 ], [ 6140645.879597318358719, 1926104.574233759427443 ] ] ], [ [ [ 6163139.572626028209925, 1930788.170619398588315 ], [ 6163022.471064140088856, 1930732.785705423681065 ], [ 6162900.504707393236458, 1930689.145445171976462 ], [ 6162774.848158478736877, 1930657.670118206180632 ], [ 6162646.71155865304172, 1930638.662849131273106 ], [ 6162517.328933417797089, 1930632.306688338518143 ], [ 6162387.946308182552457, 1930638.662849131273106 ], [ 6162259.8097083568573, 1930657.670118206180632 ], [ 6162134.153159442357719, 1930689.145445171976462 ], [ 6162012.186802695505321, 1930732.785705423681065 ], [ 6161895.085240807384253, 1930788.170619398588315 ], [ 6161783.976225831545889, 1930854.766800099052489 ], [ 6161679.929798321798444, 1930931.932889899704605 ], [ 6161583.947982251644135, 1931018.925737172365189 ], [ 6161496.955134979449213, 1931114.907553242519498 ], [ 6161419.789045178331435, 1931218.953980752732605 ], [ 6161353.19286447763443, 1931330.062995728105307 ], [ 6161297.807950503192842, 1931447.164557616692036 ], [ 6161292.102792927064002, 1931463.1094048791565 ], [ 6161288.120305842719972, 1931471.529666360002011 ], [ 6161244.480045590549707, 1931593.496023105923086 ], [ 6161213.004718624986708, 1931719.152572020422667 ], [ 6161212.940064408816397, 1931719.588435343233868 ], [ 6161212.929587536491454, 1931719.630261361133307 ], [ 6161193.922318461351097, 1931847.766861187526956 ], [ 6161191.815573526546359, 1931890.650639505125582 ], [ 6161165.167649984359741, 1931935.110013972967863 ], [ 6161109.782736009918153, 1932052.211575861554593 ], [ 6161066.142475757747889, 1932174.177932607475668 ], [ 6161034.667148792184889, 1932299.834481521975249 ], [ 6161015.659879717044532, 1932427.971081348368898 ], [ 6161009.3037189245224, 1932557.353706583380699 ], [ 6161015.659879717044532, 1932686.7363318183925 ], [ 6161034.667148792184889, 1932814.872931644786149 ], [ 6161066.142475757747889, 1932940.52948055928573 ], [ 6161109.782736009918153, 1933062.495837305206805 ], [ 6161165.167649984359741, 1933179.597399193793535 ], [ 6161231.763830685056746, 1933290.706414169166237 ], [ 6161308.929920486174524, 1933394.752841679379344 ], [ 6161395.922767758369446, 1933490.734657749533653 ], [ 6161396.160019383765757, 1933490.949690088862553 ], [ 6161396.213121503591537, 1933491.008279249072075 ], [ 6161492.194937573745847, 1933578.001126521732658 ], [ 6161596.241365083493292, 1933655.167216322384775 ], [ 6161707.350380059331656, 1933721.763397022848949 ], [ 6161824.451941947452724, 1933777.148310997756198 ], [ 6161946.418298694305122, 1933820.788571249460801 ], [ 6162072.074847608804703, 1933852.263898215256631 ], [ 6162200.21144743449986, 1933871.271167290164158 ], [ 6162329.594072669744492, 1933877.627328082919121 ], [ 6162458.976697904989123, 1933871.271167290164158 ], [ 6162587.11329773068428, 1933852.263898215256631 ], [ 6162712.769846645183861, 1933820.788571249460801 ], [ 6162834.736203392036259, 1933777.148310997756198 ], [ 6162951.837765280157328, 1933721.763397022848949 ], [ 6163062.946780255995691, 1933655.167216322384775 ], [ 6163166.993207765743136, 1933578.001126521732658 ], [ 6163262.975023835897446, 1933491.008279249072075 ], [ 6163349.967871108092368, 1933395.026463178917766 ], [ 6163427.133960909210145, 1933290.980035668704659 ], [ 6163493.73014160990715, 1933179.871020693331957 ], [ 6163549.115055584348738, 1933062.769458804745227 ], [ 6163592.755315836519003, 1932940.803102058824152 ], [ 6163624.230642802082002, 1932815.146553144324571 ], [ 6163643.237911877222359, 1932687.009953317930922 ], [ 6163645.385222161188722, 1932643.300448346417397 ], [ 6163671.702226608991623, 1932599.393179032951593 ], [ 6163727.087140583433211, 1932482.291617144364864 ], [ 6163733.260839660651982, 1932465.03728410997428 ], [ 6163736.849916332401335, 1932457.448819060344249 ], [ 6163780.4901765845716, 1932335.482462314423174 ], [ 6163811.965503550134599, 1932209.825913399923593 ], [ 6163830.972772625274956, 1932081.689313573529944 ], [ 6163837.328933417797089, 1931952.306688338518143 ], [ 6163830.972772625274956, 1931822.924063103506342 ], [ 6163811.965503550134599, 1931694.787463277112693 ], [ 6163780.4901765845716, 1931569.130914362613112 ], [ 6163736.849916332401335, 1931447.164557616692036 ], [ 6163681.465002357959747, 1931330.062995728105307 ], [ 6163614.868821657262743, 1931218.953980752732605 ], [ 6163537.702731856144965, 1931114.907553242519498 ], [ 6163450.709884583950043, 1931018.925737172365189 ], [ 6163354.728068513795733, 1930931.932889899704605 ], [ 6163250.681641004048288, 1930854.766800099052489 ], [ 6163139.572626028209925, 1930788.170619398588315 ] ] ], [ [ [ 6144759.668098173104227, 1931577.704658680595458 ], [ 6144648.559083197265863, 1931511.108477980131283 ], [ 6144531.457521309144795, 1931455.723564005224034 ], [ 6144409.491164562292397, 1931412.083303753519431 ], [ 6144283.834615647792816, 1931380.607976787723601 ], [ 6144155.698015822097659, 1931361.600707712816074 ], [ 6144026.315390586853027, 1931355.244546920061111 ], [ 6143896.932765351608396, 1931361.600707712816074 ], [ 6143768.796165525913239, 1931380.607976787723601 ], [ 6143643.139616611413658, 1931412.083303753519431 ], [ 6143521.17325986456126, 1931455.723564005224034 ], [ 6143404.071697976440191, 1931511.108477980131283 ], [ 6143292.962683000601828, 1931577.704658680595458 ], [ 6143255.227449961937964, 1931605.691014877520502 ], [ 6143181.691908174194396, 1931649.766522430814803 ], [ 6143077.64548066444695, 1931726.932612231466919 ], [ 6142981.663664594292641, 1931813.925459504127502 ], [ 6142894.670817322097719, 1931909.907275574281812 ], [ 6142817.504727520979941, 1932013.953703084494919 ], [ 6142750.908546820282936, 1932125.06271805986762 ], [ 6142695.523632845841348, 1932242.16427994845435 ], [ 6142651.883372593671083, 1932364.130636694375426 ], [ 6142620.408045628108084, 1932489.787185608875006 ], [ 6142601.400776552967727, 1932617.923785435268655 ], [ 6142595.044615760445595, 1932747.306410670280457 ], [ 6142601.400776552967727, 1932876.689035905292258 ], [ 6142620.408045628108084, 1933004.825635731685907 ], [ 6142651.883372593671083, 1933130.482184646185488 ], [ 6142695.523632845841348, 1933252.448541392106563 ], [ 6142750.908546820282936, 1933369.550103280693293 ], [ 6142817.504727520979941, 1933480.659118256065995 ], [ 6142894.670817322097719, 1933584.705545766279101 ], [ 6142981.663664594292641, 1933680.687361836433411 ], [ 6143077.64548066444695, 1933767.680209109093994 ], [ 6143181.691908174194396, 1933844.84629890974611 ], [ 6143292.800923150032759, 1933911.442479610210285 ], [ 6143409.902485038153827, 1933966.827393585117534 ], [ 6143531.868841785006225, 1934010.467653836822137 ], [ 6143657.525390699505806, 1934041.942980802617967 ], [ 6143785.661990525200963, 1934060.950249877525494 ], [ 6143915.044615760445595, 1934067.306410670280457 ], [ 6143975.202984587289393, 1934064.351019522408023 ], [ 6143996.093010097742081, 1934065.377280667424202 ], [ 6144125.475635332986712, 1934059.021119874669239 ], [ 6144253.61223515868187, 1934040.013850799761713 ], [ 6144379.26878407318145, 1934008.538523833965883 ], [ 6144501.235140820033848, 1933964.898263582261279 ], [ 6144508.307715950533748, 1933961.55318467062898 ], [ 6144446.278843730688095, 1934065.042105805128813 ], [ 6144390.893929756246507, 1934182.143667693715543 ], [ 6144347.253669504076242, 1934304.110024439636618 ], [ 6144315.778342538513243, 1934429.766573354136199 ], [ 6144296.771073463372886, 1934557.903173180529848 ], [ 6144290.414912670850754, 1934687.285798415541649 ], [ 6144296.771073463372886, 1934816.66842365055345 ], [ 6144315.778342538513243, 1934944.805023476947099 ], [ 6144347.253669504076242, 1935070.46157239144668 ], [ 6144390.893929756246507, 1935192.427929137367755 ], [ 6144446.278843730688095, 1935309.529491025954485 ], [ 6144512.8750244313851, 1935420.638506001327187 ], [ 6144590.041114232502878, 1935524.684933511540294 ], [ 6144677.0339615046978, 1935620.666749581694603 ], [ 6144773.015777574852109, 1935707.659596854355186 ], [ 6144877.062205084599555, 1935784.825686655007303 ], [ 6144988.171220060437918, 1935851.421867355471477 ], [ 6145042.047589911147952, 1935876.903492547571659 ], [ 6145107.14278166834265, 1935925.181377074681222 ], [ 6145218.251796644181013, 1935991.777557775145397 ], [ 6145335.353358532302082, 1936047.162471750052646 ], [ 6145457.31971527915448, 1936090.802732001757249 ], [ 6145582.97626419365406, 1936122.278058967553079 ], [ 6145711.112864019349217, 1936141.285328042460606 ], [ 6145840.495489254593849, 1936147.641488835215569 ], [ 6145969.878114489838481, 1936141.285328042460606 ], [ 6146098.014714315533638, 1936122.278058967553079 ], [ 6146223.671263230033219, 1936090.802732001757249 ], [ 6146345.637619976885617, 1936047.162471750052646 ], [ 6146462.739181865006685, 1935991.777557775145397 ], [ 6146573.848196840845048, 1935925.181377074681222 ], [ 6146677.894624350592494, 1935848.015287274029106 ], [ 6146773.876440420746803, 1935761.022440001368523 ], [ 6146860.869287692941725, 1935665.040623931214213 ], [ 6146938.035377494059503, 1935560.994196421001107 ], [ 6147004.631558194756508, 1935449.885181445628405 ], [ 6147060.016472169198096, 1935332.783619557041675 ], [ 6147103.656732421368361, 1935210.8172628111206 ], [ 6147135.13205938693136, 1935085.160713896621019 ], [ 6147154.139328462071717, 1934957.02411407022737 ], [ 6147160.495489254593849, 1934827.641488835215569 ], [ 6147154.139328462071717, 1934698.258863600203767 ], [ 6147135.13205938693136, 1934570.122263773810118 ], [ 6147103.656732421368361, 1934444.465714859310538 ], [ 6147060.016472169198096, 1934322.499358113389462 ], [ 6147004.631558194756508, 1934205.397796224802732 ], [ 6146938.035377494059503, 1934094.288781249430031 ], [ 6146860.869287692941725, 1933990.242353739216924 ], [ 6146773.876440420746803, 1933894.260537669062614 ], [ 6146766.724379681050777, 1933887.778287664521486 ], [ 6146697.454916366375983, 1933794.379228414967656 ], [ 6146610.462069094181061, 1933698.397412344813347 ], [ 6146514.480253024026752, 1933611.404565072152764 ], [ 6146410.433825514279306, 1933534.238475271500647 ], [ 6146299.324810538440943, 1933467.642294571036473 ], [ 6146182.223248650319874, 1933412.257380596129224 ], [ 6146060.256891903467476, 1933368.61712034442462 ], [ 6145934.600342988967896, 1933337.14179337862879 ], [ 6145806.463743163272738, 1933318.134524303721264 ], [ 6145677.081117928028107, 1933311.778363510966301 ], [ 6145547.698492692783475, 1933318.134524303721264 ], [ 6145419.561892867088318, 1933337.14179337862879 ], [ 6145293.905343952588737, 1933368.61712034442462 ], [ 6145171.938987205736339, 1933412.257380596129224 ], [ 6145133.327775401063263, 1933430.519123733974993 ], [ 6145183.140450537204742, 1933347.41169610992074 ], [ 6145238.52536451164633, 1933230.31013422133401 ], [ 6145282.165624763816595, 1933108.343777475412935 ], [ 6145313.640951729379594, 1932982.687228560913354 ], [ 6145332.648220804519951, 1932854.550628734519705 ], [ 6145332.694984190165997, 1932853.598738158820197 ], [ 6145339.959229794330895, 1932804.627172155072913 ], [ 6145346.315390586853027, 1932675.244546920061111 ], [ 6145339.959229794330895, 1932545.86192168504931 ], [ 6145320.951960719190538, 1932417.725321858655661 ], [ 6145289.476633753627539, 1932292.06877294415608 ], [ 6145245.836373501457274, 1932170.102416198235005 ], [ 6145190.451459527015686, 1932053.000854309648275 ], [ 6145123.855278826318681, 1931941.891839334275573 ], [ 6145046.689189025200903, 1931837.845411824062467 ], [ 6144959.696341753005981, 1931741.863595753908157 ], [ 6144863.714525682851672, 1931654.870748481247574 ], [ 6144759.668098173104227, 1931577.704658680595458 ] ] ], [ [ [ 6149416.104862898588181, 1937167.669237294234335 ], [ 6149287.968263072893023, 1937148.661968219326809 ], [ 6149158.585637837648392, 1937142.305807426571846 ], [ 6149029.20301260240376, 1937148.661968219326809 ], [ 6148901.066412776708603, 1937167.669237294234335 ], [ 6148775.409863862209022, 1937199.144564260030165 ], [ 6148653.443507115356624, 1937242.784824511734769 ], [ 6148536.341945227235556, 1937298.169738486642018 ], [ 6148425.232930251397192, 1937364.765919187106192 ], [ 6148321.186502741649747, 1937441.932008987758309 ], [ 6148225.204686671495438, 1937528.924856260418892 ], [ 6148138.211839399300516, 1937624.906672330573201 ], [ 6148061.045749598182738, 1937728.953099840786308 ], [ 6147994.449568897485733, 1937840.06211481615901 ], [ 6147939.064654923044145, 1937957.16367670474574 ], [ 6147895.42439467087388, 1938079.130033450666815 ], [ 6147863.949067705310881, 1938204.786582365166396 ], [ 6147844.941798630170524, 1938332.923182191560045 ], [ 6147838.585637837648392, 1938462.305807426571846 ], [ 6147844.941798630170524, 1938591.688432661583647 ], [ 6147863.949067705310881, 1938719.825032487977296 ], [ 6147895.42439467087388, 1938845.481581402476877 ], [ 6147939.064654923044145, 1938967.447938148397952 ], [ 6147994.449568897485733, 1939084.549500036984682 ], [ 6148061.045749598182738, 1939195.658515012357384 ], [ 6148132.497621121816337, 1939292.000211087521166 ], [ 6148138.236026734113693, 1939304.133050370961428 ], [ 6148204.832207434810698, 1939415.24206534633413 ], [ 6148281.998297235928476, 1939519.288492856547236 ], [ 6148368.991144508123398, 1939615.270308926701546 ], [ 6148464.972960578277707, 1939702.263156199362129 ], [ 6148569.019388088025153, 1939779.429246 ], [ 6148680.128403063863516, 1939846.02542670047842 ], [ 6148797.229964951984584, 1939901.410340675385669 ], [ 6148919.196321698836982, 1939945.050600927090272 ], [ 6149044.852870613336563, 1939976.525927892886102 ], [ 6149172.98947043903172, 1939995.533196967793629 ], [ 6149302.372095674276352, 1940001.889357760548592 ], [ 6149431.754720909520984, 1939995.533196967793629 ], [ 6149559.891320735216141, 1939976.525927892886102 ], [ 6149685.547869649715722, 1939945.050600927090272 ], [ 6149807.51422639656812, 1939901.410340675385669 ], [ 6149924.615788284689188, 1939846.02542670047842 ], [ 6150035.724803260527551, 1939779.429246 ], [ 6150139.771230770274997, 1939702.263156199362129 ], [ 6150235.753046840429306, 1939615.270308926701546 ], [ 6150322.745894112624228, 1939519.288492856547236 ], [ 6150399.911983913742006, 1939415.24206534633413 ], [ 6150466.508164614439011, 1939304.133050370961428 ], [ 6150521.893078588880599, 1939187.031488482374698 ], [ 6150565.533338841050863, 1939065.065131736453623 ], [ 6150597.008665806613863, 1938939.408582821954042 ], [ 6150616.01593488175422, 1938811.271982995560393 ], [ 6150622.372095674276352, 1938681.889357760548592 ], [ 6150616.01593488175422, 1938552.50673252553679 ], [ 6150597.008665806613863, 1938424.370132699143142 ], [ 6150565.533338841050863, 1938298.713583784643561 ], [ 6150521.893078588880599, 1938176.747227038722485 ], [ 6150466.508164614439011, 1938059.645665150135756 ], [ 6150399.911983913742006, 1937948.536650174763054 ], [ 6150328.460112390108407, 1937852.194954099599272 ], [ 6150322.72170677781105, 1937840.06211481615901 ], [ 6150256.125526077114046, 1937728.953099840786308 ], [ 6150178.959436275996268, 1937624.906672330573201 ], [ 6150091.966589003801346, 1937528.924856260418892 ], [ 6149995.984772933647037, 1937441.932008987758309 ], [ 6149891.938345423899591, 1937364.765919187106192 ], [ 6149780.829330448061228, 1937298.169738486642018 ], [ 6149663.727768559940159, 1937242.784824511734769 ], [ 6149541.761411813087761, 1937199.144564260030165 ], [ 6149416.104862898588181, 1937167.669237294234335 ] ] ], [ [ [ 6159877.113256922923028, 1937601.234606348909438 ], [ 6159766.004241947084665, 1937534.638425648445264 ], [ 6159648.902680058963597, 1937479.253511673538014 ], [ 6159526.936323312111199, 1937435.613251421833411 ], [ 6159401.279774397611618, 1937404.137924456037581 ], [ 6159273.143174571916461, 1937385.130655381130055 ], [ 6159143.760549336671829, 1937378.774494588375092 ], [ 6159014.377924101427197, 1937385.130655381130055 ], [ 6158886.24132427573204, 1937404.137924456037581 ], [ 6158760.58477536123246, 1937435.613251421833411 ], [ 6158638.618418614380062, 1937479.253511673538014 ], [ 6158521.516856726258993, 1937534.638425648445264 ], [ 6158410.40784175042063, 1937601.234606348909438 ], [ 6158306.361414240673184, 1937678.400696149561554 ], [ 6158210.379598170518875, 1937765.393543422222137 ], [ 6158123.386750898323953, 1937861.375359492376447 ], [ 6158046.220661097206175, 1937965.421787002589554 ], [ 6158036.324101857841015, 1937981.933198575628921 ], [ 6158031.65080835763365, 1937988.234405422117561 ], [ 6157965.054627656936646, 1938099.343420397490263 ], [ 6157909.669713682495058, 1938216.444982286076993 ], [ 6157902.032520794309676, 1938237.789506515720859 ], [ 6157884.679223067127168, 1938256.935920076444745 ], [ 6157807.51313326600939, 1938360.982347586657852 ], [ 6157740.916952565312386, 1938472.091362562030554 ], [ 6157685.532038590870798, 1938589.192924450617284 ], [ 6157641.891778338700533, 1938711.159281196538359 ], [ 6157610.416451373137534, 1938836.81583011103794 ], [ 6157591.409182297997177, 1938964.952429937431589 ], [ 6157585.053021505475044, 1939094.33505517244339 ], [ 6157591.409182297997177, 1939223.717680407455191 ], [ 6157610.416451373137534, 1939351.85428023384884 ], [ 6157641.891778338700533, 1939477.510829148348421 ], [ 6157685.532038590870798, 1939599.477185894269496 ], [ 6157740.916952565312386, 1939716.578747782856226 ], [ 6157807.51313326600939, 1939827.687762758228928 ], [ 6157884.679223067127168, 1939931.734190268442035 ], [ 6157971.67207033932209, 1940027.716006338596344 ], [ 6158067.653886409476399, 1940114.708853611256927 ], [ 6158171.700313919223845, 1940191.874943411909044 ], [ 6158282.809328895062208, 1940258.471124112373218 ], [ 6158399.910890783183277, 1940313.856038087280467 ], [ 6158521.877247530035675, 1940357.496298338985071 ], [ 6158647.533796444535255, 1940388.9716253047809 ], [ 6158775.670396270230412, 1940407.978894379688427 ], [ 6158905.053021505475044, 1940414.33505517244339 ], [ 6159034.435646740719676, 1940407.978894379688427 ], [ 6159162.572246566414833, 1940388.9716253047809 ], [ 6159288.228795480914414, 1940357.496298338985071 ], [ 6159410.195152227766812, 1940313.856038087280467 ], [ 6159527.29671411588788, 1940258.471124112373218 ], [ 6159638.405729091726243, 1940191.874943411909044 ], [ 6159742.452156601473689, 1940114.708853611256927 ], [ 6159742.467634898610413, 1940114.694824900478125 ], [ 6159742.521710274741054, 1940114.654719868209213 ], [ 6159838.503526344895363, 1940027.66187259554863 ], [ 6159925.496373617090285, 1939931.68005652539432 ], [ 6160002.662463418208063, 1939827.633629015181214 ], [ 6160069.258644118905067, 1939716.524614039808512 ], [ 6160124.643558093346655, 1939599.423052151221782 ], [ 6160132.127849037759006, 1939578.505860227858648 ], [ 6160149.73345794621855, 1939559.081064177677035 ], [ 6160226.899547747336328, 1939455.034636667463928 ], [ 6160237.804170886985958, 1939436.841372084803879 ], [ 6160241.300437576137483, 1939432.12720217416063 ], [ 6160307.896618276834488, 1939321.018187198787928 ], [ 6160363.281532251276076, 1939203.916625310201198 ], [ 6160406.921792503446341, 1939081.950268564280123 ], [ 6160438.39711946900934, 1938956.293719649780542 ], [ 6160457.404388544149697, 1938828.157119823386893 ], [ 6160463.760549336671829, 1938698.774494588375092 ], [ 6160457.404388544149697, 1938569.39186935336329 ], [ 6160438.39711946900934, 1938441.255269526969641 ], [ 6160406.921792503446341, 1938315.598720612470061 ], [ 6160363.281532251276076, 1938193.632363866548985 ], [ 6160307.896618276834488, 1938076.530801977962255 ], [ 6160241.300437576137483, 1937965.421787002589554 ], [ 6160164.134347775019705, 1937861.375359492376447 ], [ 6160077.141500502824783, 1937765.393543422222137 ], [ 6159981.159684432670474, 1937678.400696149561554 ], [ 6159877.113256922923028, 1937601.234606348909438 ] ] ], [ [ [ 6150904.472141529433429, 1939795.614364511100575 ], [ 6150787.370579641312361, 1939850.999278486007825 ], [ 6150676.261564665473998, 1939917.595459186471999 ], [ 6150572.215137155726552, 1939994.761548987124115 ], [ 6150476.233321085572243, 1940081.754396259784698 ], [ 6150389.240473813377321, 1940177.736212329939008 ], [ 6150312.074384012259543, 1940281.782639840152115 ], [ 6150245.478203311562538, 1940392.891654815524817 ], [ 6150190.09328933712095, 1940509.993216704111546 ], [ 6150146.453029084950686, 1940631.959573450032622 ], [ 6150114.977702119387686, 1940757.616122364532202 ], [ 6150095.970433044247329, 1940885.752722190925851 ], [ 6150089.614272251725197, 1941015.135347425937653 ], [ 6150095.970433044247329, 1941144.517972660949454 ], [ 6150114.977702119387686, 1941272.654572487343103 ], [ 6150146.453029084950686, 1941398.311121401842684 ], [ 6150190.09328933712095, 1941520.277478147763759 ], [ 6150245.478203311562538, 1941637.379040036350489 ], [ 6150312.074384012259543, 1941748.488055011723191 ], [ 6150389.240473813377321, 1941852.534482521936297 ], [ 6150418.17792846634984, 1941884.462043662555516 ], [ 6150465.558000930584967, 1941963.510918921325356 ], [ 6150542.724090731702745, 1942067.557346431538463 ], [ 6150629.716938003897667, 1942163.539162501692772 ], [ 6150725.698754074051976, 1942250.532009774353355 ], [ 6150829.745181583799422, 1942327.698099575005472 ], [ 6150940.854196559637785, 1942394.294280275469646 ], [ 6151057.955758447758853, 1942449.679194250376895 ], [ 6151179.922115194611251, 1942493.319454502081499 ], [ 6151305.578664109110832, 1942524.794781467877328 ], [ 6151433.715263934805989, 1942543.802050542784855 ], [ 6151563.097889170050621, 1942550.158211335539818 ], [ 6151692.480514405295253, 1942543.802050542784855 ], [ 6151820.61711423099041, 1942524.794781467877328 ], [ 6151946.273663145489991, 1942493.319454502081499 ], [ 6152068.240019892342389, 1942449.679194250376895 ], [ 6152185.341581780463457, 1942394.294280275469646 ], [ 6152296.45059675630182, 1942327.698099575005472 ], [ 6152400.497024266049266, 1942250.532009774353355 ], [ 6152496.478840336203575, 1942163.539162501692772 ], [ 6152583.471687608398497, 1942067.557346431538463 ], [ 6152612.681093331426382, 1942028.173022008733824 ], [ 6152635.620533444918692, 1942002.86325010471046 ], [ 6152712.78662324603647, 1941898.816822594497353 ], [ 6152779.382803946733475, 1941787.707807619124651 ], [ 6152834.767717921175063, 1941670.606245730537921 ], [ 6152878.407978173345327, 1941548.639888984616846 ], [ 6152909.883305138908327, 1941422.983340070117265 ], [ 6152928.890574214048684, 1941294.846740243723616 ], [ 6152935.246735006570816, 1941165.464115008711815 ], [ 6152928.890574214048684, 1941036.081489773700014 ], [ 6152909.883305138908327, 1940907.944889947306365 ], [ 6152878.407978173345327, 1940782.288341032806784 ], [ 6152834.767717921175063, 1940660.321984286885709 ], [ 6152779.382803946733475, 1940543.220422398298979 ], [ 6152712.78662324603647, 1940432.111407422926277 ], [ 6152635.620533444918692, 1940328.06497991271317 ], [ 6152548.62768617272377, 1940232.083163842558861 ], [ 6152452.645870102569461, 1940145.090316569898278 ], [ 6152348.599442592822015, 1940067.924226769246161 ], [ 6152286.998884958215058, 1940031.00227342103608 ], [ 6152247.013407347723842, 1939994.761548987124115 ], [ 6152142.966979837976396, 1939917.595459186471999 ], [ 6152031.857964862138033, 1939850.999278486007825 ], [ 6151914.756402974016964, 1939795.614364511100575 ], [ 6151792.790046227164567, 1939751.974104259395972 ], [ 6151667.133497312664986, 1939720.498777293600142 ], [ 6151538.996897486969829, 1939701.491508218692616 ], [ 6151409.614272251725197, 1939695.135347425937653 ], [ 6151280.231647016480565, 1939701.491508218692616 ], [ 6151152.095047190785408, 1939720.498777293600142 ], [ 6151026.438498276285827, 1939751.974104259395972 ], [ 6150904.472141529433429, 1939795.614364511100575 ] ] ], [ [ [ 6158065.279953110963106, 1940759.586700141662732 ], [ 6157948.178391222842038, 1940704.201786166755483 ], [ 6157826.21203447598964, 1940660.561525915050879 ], [ 6157700.555485561490059, 1940629.086198949255049 ], [ 6157572.418885735794902, 1940610.078929874347523 ], [ 6157443.03626050055027, 1940603.72276908159256 ], [ 6157313.653635265305638, 1940610.078929874347523 ], [ 6157185.517035439610481, 1940629.086198949255049 ], [ 6157059.8604865251109, 1940660.561525915050879 ], [ 6156937.894129778258502, 1940704.201786166755483 ], [ 6156820.792567890137434, 1940759.586700141662732 ], [ 6156709.683552914299071, 1940826.182880842126906 ], [ 6156605.637125404551625, 1940903.348970642779022 ], [ 6156509.655309334397316, 1940990.341817915439606 ], [ 6156422.662462062202394, 1941086.323633985593915 ], [ 6156345.496372261084616, 1941190.370061495807022 ], [ 6156278.900191560387611, 1941301.479076471179724 ], [ 6156278.892497630789876, 1941301.495343917747959 ], [ 6156278.671189397573471, 1941301.864574398845434 ], [ 6156223.286275423131883, 1941418.966136287432164 ], [ 6156179.646015170961618, 1941540.932493033353239 ], [ 6156148.170688205398619, 1941666.58904194785282 ], [ 6156141.86126166023314, 1941709.123740710318089 ], [ 6156136.741905295290053, 1941729.56135694636032 ], [ 6156117.734636220149696, 1941857.697956772753969 ], [ 6156111.378475427627563, 1941987.08058200776577 ], [ 6156117.734636220149696, 1942116.463207242777571 ], [ 6156136.741905295290053, 1942244.59980706917122 ], [ 6156168.217232260853052, 1942370.256355983670801 ], [ 6156211.857492513023317, 1942492.222712729591876 ], [ 6156267.242406487464905, 1942609.324274618178606 ], [ 6156333.83858718816191, 1942720.433289593551308 ], [ 6156411.004676989279687, 1942824.479717103764415 ], [ 6156497.997524261474609, 1942920.461533173918724 ], [ 6156593.979340331628919, 1943007.454380446579307 ], [ 6156698.025767841376364, 1943084.620470247231424 ], [ 6156809.134782817214727, 1943151.216650947695598 ], [ 6156926.236344705335796, 1943206.601564922602847 ], [ 6157048.202701452188194, 1943250.241825174307451 ], [ 6157173.859250366687775, 1943281.717152140103281 ], [ 6157301.995850192382932, 1943300.724421215010807 ], [ 6157431.378475427627563, 1943307.08058200776577 ], [ 6157560.761100662872195, 1943300.724421215010807 ], [ 6157688.897700488567352, 1943281.717152140103281 ], [ 6157814.554249403066933, 1943250.241825174307451 ], [ 6157936.520606149919331, 1943206.601564922602847 ], [ 6158053.6221680380404, 1943151.216650947695598 ], [ 6158164.731183013878763, 1943084.620470247231424 ], [ 6158268.777610523626208, 1943007.454380446579307 ], [ 6158364.759426593780518, 1942920.461533173918724 ], [ 6158451.75227386597544, 1942824.479717103764415 ], [ 6158528.918363667093217, 1942720.433289593551308 ], [ 6158595.514544367790222, 1942609.324274618178606 ], [ 6158650.89945834223181, 1942492.222712729591876 ], [ 6158694.539718594402075, 1942370.256355983670801 ], [ 6158726.015045559965074, 1942244.59980706917122 ], [ 6158732.132152722217143, 1942203.361620276467875 ], [ 6158737.672830632887781, 1942181.24199414299801 ], [ 6158756.680099708028138, 1942053.105394316604361 ], [ 6158763.03626050055027, 1941923.72276908159256 ], [ 6158756.680099708028138, 1941794.340143846580759 ], [ 6158737.672830632887781, 1941666.20354402018711 ], [ 6158706.197503667324781, 1941540.546995105687529 ], [ 6158662.557243415154517, 1941418.580638359766454 ], [ 6158607.172329440712929, 1941301.479076471179724 ], [ 6158540.576148740015924, 1941190.370061495807022 ], [ 6158463.410058938898146, 1941086.323633985593915 ], [ 6158376.417211666703224, 1940990.341817915439606 ], [ 6158280.435395596548915, 1940903.348970642779022 ], [ 6158176.388968086801469, 1940826.182880842126906 ], [ 6158065.279953110963106, 1940759.586700141662732 ] ] ], [ [ [ 6157341.082239753566682, 1943529.129574679769576 ], [ 6157229.973224777728319, 1943462.533393979305401 ], [ 6157112.871662889607251, 1943407.148480004398152 ], [ 6156990.905306142754853, 1943363.508219752693549 ], [ 6156865.248757228255272, 1943332.032892786897719 ], [ 6156737.112157402560115, 1943313.025623711990193 ], [ 6156607.729532167315483, 1943306.669462919235229 ], [ 6156478.346906932070851, 1943313.025623711990193 ], [ 6156350.210307106375694, 1943332.032892786897719 ], [ 6156224.553758191876113, 1943363.508219752693549 ], [ 6156102.587401445023715, 1943407.148480004398152 ], [ 6155985.485839556902647, 1943462.533393979305401 ], [ 6155874.376824581064284, 1943529.129574679769576 ], [ 6155770.330397071316838, 1943606.295664480421692 ], [ 6155674.348581001162529, 1943693.288511753082275 ], [ 6155587.355733728967607, 1943789.270327823236585 ], [ 6155510.189643927849829, 1943893.316755333449692 ], [ 6155496.106666773557663, 1943916.812783229164779 ], [ 6155421.947271904908121, 1943998.635066570714116 ], [ 6155344.781182103790343, 1944102.681494080927223 ], [ 6155278.185001403093338, 1944213.790509056299925 ], [ 6155222.80008742865175, 1944330.892070944886655 ], [ 6155197.819649486802518, 1944400.707717965357006 ], [ 6155164.534967064857483, 1944392.370339044369757 ], [ 6155036.398367239162326, 1944373.363069969462231 ], [ 6154907.015742003917694, 1944367.006909176707268 ], [ 6154877.967577276751399, 1944368.433954001404345 ], [ 6154767.560978410765529, 1944352.056682127760723 ], [ 6154718.176295729354024, 1944349.630568240769207 ], [ 6154669.312565824948251, 1944268.106360086705536 ], [ 6154592.146476023830473, 1944164.059932576492429 ], [ 6154505.153628751635551, 1944068.07811650633812 ], [ 6154409.171812681481242, 1943981.085269233677536 ], [ 6154305.125385171733797, 1943903.91917943302542 ], [ 6154194.016370195895433, 1943837.322998732561246 ], [ 6154076.914808307774365, 1943781.938084757653996 ], [ 6153954.948451560921967, 1943738.297824505949393 ], [ 6153829.291902646422386, 1943706.822497540153563 ], [ 6153701.155302820727229, 1943687.815228465246037 ], [ 6153571.772677585482597, 1943681.459067672491074 ], [ 6153442.390052350237966, 1943687.815228465246037 ], [ 6153314.253452524542809, 1943706.822497540153563 ], [ 6153188.596903610043228, 1943738.297824505949393 ], [ 6153066.63054686319083, 1943781.938084757653996 ], [ 6152949.528984975069761, 1943837.322998732561246 ], [ 6152838.419969999231398, 1943903.91917943302542 ], [ 6152734.373542489483953, 1943981.085269233677536 ], [ 6152638.391726419329643, 1944068.07811650633812 ], [ 6152551.398879147134721, 1944164.059932576492429 ], [ 6152474.232789346016943, 1944268.106360086705536 ], [ 6152407.636608645319939, 1944379.215375062078238 ], [ 6152352.251694670878351, 1944496.316936950664967 ], [ 6152308.611434418708086, 1944618.283293696586043 ], [ 6152277.136107453145087, 1944743.939842611085624 ], [ 6152258.12883837800473, 1944872.076442437479272 ], [ 6152251.772677585482597, 1945001.459067672491074 ], [ 6152255.966586640104651, 1945086.828047658549622 ], [ 6152237.170546966604888, 1945213.540654527256265 ], [ 6152230.814386174082756, 1945342.923279762268066 ], [ 6152237.170546966604888, 1945472.305904997279868 ], [ 6152256.177816041745245, 1945600.442504823673517 ], [ 6152287.653143007308245, 1945726.099053738173097 ], [ 6152331.293403259478509, 1945848.065410484094173 ], [ 6152386.678317233920097, 1945965.166972372680902 ], [ 6152453.274497934617102, 1946076.275987348053604 ], [ 6152530.44058773573488, 1946180.322414858266711 ], [ 6152617.433435007929802, 1946276.304230928421021 ], [ 6152713.415251078084111, 1946363.297078201081604 ], [ 6152817.461678587831557, 1946440.46316800173372 ], [ 6152928.57069356366992, 1946507.059348702197894 ], [ 6153045.672255451790988, 1946562.444262677105144 ], [ 6153167.638612198643386, 1946606.084522928809747 ], [ 6153293.295161113142967, 1946637.559849894605577 ], [ 6153421.431760938838124, 1946656.567118969513103 ], [ 6153550.814386174082756, 1946662.923279762268066 ], [ 6153590.810507497750223, 1946660.958396318601444 ], [ 6153603.699451014399529, 1946661.591589510440826 ], [ 6153716.160264943726361, 1946656.066743999486789 ], [ 6153797.437033163383603, 1946729.731712782289833 ], [ 6153901.483460673131049, 1946806.897802582941949 ], [ 6154012.592475648969412, 1946873.493983283406124 ], [ 6154129.69403753709048, 1946928.878897258313373 ], [ 6154251.660394283942878, 1946972.519157510017976 ], [ 6154377.316943198442459, 1947003.994484475813806 ], [ 6154505.453543024137616, 1947023.001753550721332 ], [ 6154624.046526461839676, 1947028.827853231690824 ], [ 6154696.529189954511821, 1947063.109599926741794 ], [ 6154818.495546701364219, 1947106.749860178446397 ], [ 6154944.1520956158638, 1947138.225187144242227 ], [ 6155072.288695441558957, 1947157.232456219149753 ], [ 6155201.671320676803589, 1947163.588617011904716 ], [ 6155331.053945912048221, 1947157.232456219149753 ], [ 6155459.190545737743378, 1947138.225187144242227 ], [ 6155584.847094652242959, 1947106.749860178446397 ], [ 6155706.813451399095356, 1947063.109599926741794 ], [ 6155823.915013287216425, 1947007.724685951834545 ], [ 6155935.024028263054788, 1946941.12850525137037 ], [ 6156039.070455772802234, 1946863.962415450718254 ], [ 6156135.052271842956543, 1946776.969568178057671 ], [ 6156222.045119115151465, 1946680.987752107903361 ], [ 6156299.211208916269243, 1946576.941324597690254 ], [ 6156365.807389616966248, 1946465.832309622317553 ], [ 6156421.192303591407835, 1946348.730747733730823 ], [ 6156439.400125500746071, 1946297.843294503865764 ], [ 6156450.010085567831993, 1946320.276170287281275 ], [ 6156516.606266268528998, 1946431.385185262653977 ], [ 6156593.772356069646776, 1946535.431612772867084 ], [ 6156666.494516224600375, 1946615.668151972116902 ], [ 6156584.162139064632356, 1946706.507931666448712 ], [ 6156506.996049263514578, 1946810.554359176661819 ], [ 6156440.399868562817574, 1946921.663374152034521 ], [ 6156414.706365048885345, 1946975.987723076483235 ], [ 6156409.654708513058722, 1946982.799093419220299 ], [ 6156343.058527812361717, 1947093.908108394593 ], [ 6156336.689491185359657, 1947107.374304931843653 ], [ 6156272.042265653610229, 1947215.231684651225805 ], [ 6156216.657351679168642, 1947332.333246539812535 ], [ 6156173.017091426998377, 1947454.29960328573361 ], [ 6156156.044246972538531, 1947522.058996594976634 ], [ 6156142.892919510602951, 1947533.978665009140968 ], [ 6156055.900072238408029, 1947629.960481079295278 ], [ 6155978.733982437290251, 1947734.006908589508384 ], [ 6155912.137801736593246, 1947845.115923564881086 ], [ 6155862.484270602464676, 1947950.099494574591517 ], [ 6155825.577136524952948, 1947999.863004171755165 ], [ 6155758.980955824255943, 1948110.972019147127867 ], [ 6155703.596041849814355, 1948228.073581035714597 ], [ 6155659.955781597644091, 1948350.039937781635672 ], [ 6155628.480454632081091, 1948475.696486696135253 ], [ 6155609.473185556940734, 1948603.833086522528902 ], [ 6155603.117024764418602, 1948733.215711757540703 ], [ 6155609.473185556940734, 1948862.598336992552504 ], [ 6155628.480454632081091, 1948990.734936818946153 ], [ 6155659.955781597644091, 1949116.391485733445734 ], [ 6155703.596041849814355, 1949238.357842479366809 ], [ 6155758.980955824255943, 1949355.459404367953539 ], [ 6155825.577136524952948, 1949466.568419343326241 ], [ 6155851.586732058785856, 1949501.638299173675478 ], [ 6155886.750531173311174, 1949599.914534066338092 ], [ 6155942.135445147752762, 1949717.016095954924822 ], [ 6155947.127941088750958, 1949725.345572217367589 ], [ 6155862.417757645249367, 1949704.126775869168341 ], [ 6155734.28115781955421, 1949685.119506794260815 ], [ 6155604.898532584309578, 1949678.763346001505852 ], [ 6155475.515907349064946, 1949685.119506794260815 ], [ 6155347.379307523369789, 1949704.126775869168341 ], [ 6155221.722758608870208, 1949735.602102834964171 ], [ 6155221.591382213868201, 1949735.649110060883686 ], [ 6155221.200121867470443, 1949735.747115675592795 ], [ 6155099.233765120618045, 1949779.387375927297398 ], [ 6154982.132203232496977, 1949834.772289902204648 ], [ 6154871.023188256658614, 1949901.368470602668822 ], [ 6154766.976760746911168, 1949978.534560403320938 ], [ 6154670.994944676756859, 1950065.527407675981522 ], [ 6154584.002097404561937, 1950161.509223746135831 ], [ 6154506.836007603444159, 1950265.555651256348938 ], [ 6154440.239826902747154, 1950376.66466623172164 ], [ 6154384.854912928305566, 1950493.766228120308369 ], [ 6154349.290079562924802, 1950593.163278661202639 ], [ 6154313.009857228957117, 1950633.192335488274693 ], [ 6154235.843767427839339, 1950737.2387629984878 ], [ 6154169.247586727142334, 1950848.347777973860502 ], [ 6154113.862672752700746, 1950965.449339862447232 ], [ 6154070.222412500530481, 1951087.415696608368307 ], [ 6154038.747085534967482, 1951213.072245522867888 ], [ 6154019.739816459827125, 1951341.208845349261537 ], [ 6154013.383655667304993, 1951470.591470584273338 ], [ 6154019.739816459827125, 1951599.974095819285139 ], [ 6154038.747085534967482, 1951728.110695645678788 ], [ 6154070.222412500530481, 1951853.767244560178369 ], [ 6154113.862672752700746, 1951975.733601306099445 ], [ 6154169.247586727142334, 1952092.835163194686174 ], [ 6154183.082604413852096, 1952115.91749571217224 ], [ 6154057.504635768011212, 1952122.08674571220763 ], [ 6153929.368035942316055, 1952141.094014787115157 ], [ 6153803.711487027816474, 1952172.569341752910987 ], [ 6153681.745130280964077, 1952216.20960200461559 ], [ 6153564.643568392843008, 1952271.594515979522839 ], [ 6153453.534553417004645, 1952338.190696679987013 ], [ 6153349.488125907257199, 1952415.35678648063913 ], [ 6153253.50630983710289, 1952502.349633753299713 ], [ 6153166.513462564907968, 1952598.331449823454022 ], [ 6153089.34737276379019, 1952702.377877333667129 ], [ 6153022.751192063093185, 1952813.486892309039831 ], [ 6152967.366278088651597, 1952930.588454197626561 ], [ 6152923.726017836481333, 1953052.554810943547636 ], [ 6152892.250690870918334, 1953178.211359858047217 ], [ 6152873.243421795777977, 1953306.347959684440866 ], [ 6152866.887261003255844, 1953435.730584919452667 ], [ 6152866.888200680725276, 1953435.749712499091402 ], [ 6152866.881355509161949, 1953435.889049172401428 ], [ 6152873.237516301684082, 1953565.271674407413229 ], [ 6152892.244785376824439, 1953693.408274233806878 ], [ 6152923.720112342387438, 1953819.064823148306459 ], [ 6152967.360372594557703, 1953941.031179894227535 ], [ 6153022.74528656899929, 1954058.132741782814264 ], [ 6153089.341467269696295, 1954169.241756758186966 ], [ 6153166.507557070814073, 1954273.288184268400073 ], [ 6153253.500404343008995, 1954369.270000338554382 ], [ 6153349.482220413163304, 1954456.262847611214966 ], [ 6153453.52864792291075, 1954533.428937411867082 ], [ 6153564.637662898749113, 1954600.025118112331256 ], [ 6153681.739224786870182, 1954655.410032087238505 ], [ 6153803.705581533722579, 1954699.050292338943109 ], [ 6153929.36213044822216, 1954730.525619304738939 ], [ 6154057.498730273917317, 1954749.532888379646465 ], [ 6154186.881355509161949, 1954755.889049172401428 ], [ 6154316.263980744406581, 1954749.532888379646465 ], [ 6154444.400580570101738, 1954730.525619304738939 ], [ 6154570.057129484601319, 1954699.050292338943109 ], [ 6154692.023486231453717, 1954655.410032087238505 ], [ 6154809.125048119574785, 1954600.025118112331256 ], [ 6154920.234063095413148, 1954533.428937411867082 ], [ 6155024.280490605160594, 1954456.262847611214966 ], [ 6155120.262306675314903, 1954369.270000338554382 ], [ 6155207.255153947509825, 1954273.288184268400073 ], [ 6155284.421243748627603, 1954169.241756758186966 ], [ 6155351.017424449324608, 1954058.132741782814264 ], [ 6155406.402338423766196, 1953941.031179894227535 ], [ 6155450.04259867593646, 1953819.064823148306459 ], [ 6155481.51792564149946, 1953693.408274233806878 ], [ 6155500.525194716639817, 1953565.271674407413229 ], [ 6155506.881355509161949, 1953435.889049172401428 ], [ 6155506.880415831692517, 1953435.869921592762694 ], [ 6155506.887261003255844, 1953435.730584919452667 ], [ 6155500.531100210733712, 1953306.347959684440866 ], [ 6155481.523831135593355, 1953178.211359858047217 ], [ 6155450.048504170030355, 1953052.554810943547636 ], [ 6155406.408243917860091, 1952930.588454197626561 ], [ 6155351.023329943418503, 1952813.486892309039831 ], [ 6155337.188312256708741, 1952790.404559791553766 ], [ 6155462.766280902549624, 1952784.235309791518375 ], [ 6155590.902880728244781, 1952765.228040716610849 ], [ 6155716.559429642744362, 1952733.752713750815019 ], [ 6155838.52578638959676, 1952690.112453499110416 ], [ 6155955.627348277717829, 1952634.727539524203166 ], [ 6156066.736363253556192, 1952568.131358823738992 ], [ 6156170.782790763303638, 1952490.965269023086876 ], [ 6156266.764606833457947, 1952403.972421750426292 ], [ 6156353.757454105652869, 1952307.990605680271983 ], [ 6156430.923543906770647, 1952203.944178170058876 ], [ 6156497.519724607467651, 1952092.835163194686174 ], [ 6156552.904638581909239, 1951975.733601306099445 ], [ 6156588.214294689707458, 1951877.049723425880075 ], [ 6156625.272331022657454, 1951836.162481097504497 ], [ 6156702.438420823775232, 1951732.11605358729139 ], [ 6156769.034601524472237, 1951621.007038611918688 ], [ 6156824.419515498913825, 1951503.905476723331958 ], [ 6156868.059775751084089, 1951381.939119977410883 ], [ 6156899.535102716647089, 1951256.282571062911302 ], [ 6156918.542371791787446, 1951128.145971236517653 ], [ 6156924.898532584309578, 1950998.763346001505852 ], [ 6156918.542371791787446, 1950869.380720766494051 ], [ 6156899.535102716647089, 1950741.244120940100402 ], [ 6156868.059775751084089, 1950615.587572025600821 ], [ 6156824.419515498913825, 1950493.621215279679745 ], [ 6156769.034601524472237, 1950376.519653391093016 ], [ 6156764.04210558347404, 1950368.190177128650248 ], [ 6156848.752289026975632, 1950389.408973476849496 ], [ 6156976.888888852670789, 1950408.416242551757023 ], [ 6157106.271514087915421, 1950414.772403344511986 ], [ 6157235.654139323160052, 1950408.416242551757023 ], [ 6157363.790739148855209, 1950389.408973476849496 ], [ 6157489.44728806335479, 1950357.933646511053666 ], [ 6157611.413644810207188, 1950314.293386259349063 ], [ 6157728.515206698328257, 1950258.908472284441814 ], [ 6157839.62422167416662, 1950192.31229158397764 ], [ 6157943.670649183914065, 1950115.146201783325523 ], [ 6158039.652465254068375, 1950028.15335451066494 ], [ 6158126.645312526263297, 1949932.171538440510631 ], [ 6158203.811402327381074, 1949828.125110930297524 ], [ 6158270.407583028078079, 1949717.016095954924822 ], [ 6158325.792497002519667, 1949599.914534066338092 ], [ 6158356.744720340706408, 1949513.408864944474772 ], [ 6158384.051293783821166, 1949483.280703930184245 ], [ 6158461.217383584938943, 1949379.234276419971138 ], [ 6158527.813564285635948, 1949268.125261444598436 ], [ 6158583.198478260077536, 1949151.023699556011707 ], [ 6158626.838738512247801, 1949029.057342810090631 ], [ 6158645.069589658640325, 1948956.275705264415592 ], [ 6158665.960923925042152, 1948937.340903595089912 ], [ 6158752.953771197237074, 1948841.359087524935603 ], [ 6158830.119860998354852, 1948737.312660014722496 ], [ 6158896.716041699051857, 1948626.203645039349794 ], [ 6158913.572643859311938, 1948590.563354218611494 ], [ 6158965.121744781732559, 1948504.558875191956758 ], [ 6158986.802932125516236, 1948458.717856052098796 ], [ 6159003.6460887407884, 1948436.007488346192986 ], [ 6159070.242269441485405, 1948324.898473370820284 ], [ 6159125.627183415926993, 1948207.796911482233554 ], [ 6159169.267443668097258, 1948085.830554736312479 ], [ 6159174.079108140431345, 1948066.621313391951844 ], [ 6159243.725427442230284, 1947989.778441606089473 ], [ 6159320.891517243348062, 1947885.732014095876366 ], [ 6159387.487697944045067, 1947774.622999120503664 ], [ 6159442.872611918486655, 1947657.521437231916934 ], [ 6159445.458599520847201, 1947650.294086052570492 ], [ 6159489.078844911418855, 1947591.478993675205857 ], [ 6159555.67502561211586, 1947480.369978699833155 ], [ 6159611.059939586557448, 1947363.268416811246425 ], [ 6159654.700199838727713, 1947241.30206006532535 ], [ 6159686.175526804290712, 1947115.645511150825769 ], [ 6159705.182795879431069, 1946987.50891132443212 ], [ 6159711.538956671953201, 1946858.126286089420319 ], [ 6159705.182795879431069, 1946728.743660854408517 ], [ 6159686.175526804290712, 1946600.607061028014868 ], [ 6159654.700199838727713, 1946474.950512113515288 ], [ 6159611.059939586557448, 1946352.984155367594212 ], [ 6159555.67502561211586, 1946235.882593479007483 ], [ 6159526.199621623381972, 1946186.70585288037546 ], [ 6159496.484965097159147, 1946068.078294368926436 ], [ 6159452.844704844988883, 1945946.11193762300536 ], [ 6159397.459790870547295, 1945829.010375734418631 ], [ 6159330.86361016985029, 1945717.901360759045929 ], [ 6159253.697520368732512, 1945613.854933248832822 ], [ 6159166.70467309653759, 1945517.873117178678513 ], [ 6159070.722857026383281, 1945430.880269906017929 ], [ 6158966.676429516635835, 1945353.714180105365813 ], [ 6158870.6079261591658, 1945296.132935139583424 ], [ 6158833.667137422598898, 1945192.890346955042332 ], [ 6158778.28222344815731, 1945075.788785066455603 ], [ 6158711.686042747460306, 1944964.679770091082901 ], [ 6158634.519952946342528, 1944860.633342580869794 ], [ 6158547.527105674147606, 1944764.651526510715485 ], [ 6158451.545289603993297, 1944677.658679238054901 ], [ 6158347.498862094245851, 1944600.492589437402785 ], [ 6158236.389847118407488, 1944533.896408736938611 ], [ 6158119.288285230286419, 1944478.511494762031361 ], [ 6157997.321928483434021, 1944434.871234510326758 ], [ 6157908.82674374897033, 1944412.704344694502652 ], [ 6157902.366102299652994, 1944369.150237857829779 ], [ 6157870.890775334089994, 1944243.493688943330199 ], [ 6157827.25051508191973, 1944121.527332197409123 ], [ 6157771.865601107478142, 1944004.425770308822393 ], [ 6157705.269420406781137, 1943893.316755333449692 ], [ 6157628.103330605663359, 1943789.270327823236585 ], [ 6157541.110483333468437, 1943693.288511753082275 ], [ 6157445.128667263314128, 1943606.295664480421692 ], [ 6157341.082239753566682, 1943529.129574679769576 ] ] ], [ [ [ 6166986.640018310397863, 1952599.910460397833958 ], [ 6166875.5310033345595, 1952666.506641098298132 ], [ 6166771.484575824812055, 1952743.672730898950249 ], [ 6166675.502759754657745, 1952830.665578171610832 ], [ 6166588.509912482462823, 1952926.647394241765141 ], [ 6166511.343822681345046, 1953030.693821751978248 ], [ 6166444.747641980648041, 1953141.80283672735095 ], [ 6166389.362728006206453, 1953258.90439861593768 ], [ 6166345.722467754036188, 1953380.870755361858755 ], [ 6166314.247140788473189, 1953506.527304276358336 ], [ 6166295.239871713332832, 1953634.663904102751985 ], [ 6166288.883710920810699, 1953764.046529337763786 ], [ 6166295.239871713332832, 1953893.429154572775587 ], [ 6166314.247140788473189, 1954021.565754399169236 ], [ 6166345.722467754036188, 1954147.222303313668817 ], [ 6166389.362728006206453, 1954269.188660059589893 ], [ 6166444.747641980648041, 1954386.290221948176622 ], [ 6166511.343822681345046, 1954497.399236923549324 ], [ 6166588.509912482462823, 1954601.445664433762431 ], [ 6166675.502759754657745, 1954697.42748050391674 ], [ 6166771.484575824812055, 1954784.420327776577324 ], [ 6166875.5310033345595, 1954861.58641757722944 ], [ 6166986.640018310397863, 1954928.182598277693614 ], [ 6167103.741580198518932, 1954983.567512252600864 ], [ 6167225.70793694537133, 1955027.207772504305467 ], [ 6167232.639431975781918, 1955028.944021624047309 ], [ 6167346.824820700101554, 1955069.800207 ], [ 6167472.481369614601135, 1955101.275533965788782 ], [ 6167600.617969440296292, 1955120.282803040696308 ], [ 6167730.000594675540924, 1955126.638963833451271 ], [ 6167859.383219910785556, 1955120.282803040696308 ], [ 6167987.519819736480713, 1955101.275533965788782 ], [ 6168113.176368650980294, 1955069.800207 ], [ 6168235.142725397832692, 1955026.159946748288348 ], [ 6168352.24428728595376, 1954970.775032773381099 ], [ 6168463.353302261792123, 1954904.178852072916925 ], [ 6168567.399729771539569, 1954827.012762272264808 ], [ 6168663.381545841693878, 1954740.019914999604225 ], [ 6168750.3743931138888, 1954644.038098929449916 ], [ 6168827.540482915006578, 1954539.991671419236809 ], [ 6168894.136663615703583, 1954428.882656443864107 ], [ 6168949.521577590145171, 1954311.781094555277377 ], [ 6168993.161837842315435, 1954189.814737809356302 ], [ 6169024.637164807878435, 1954064.158188894856721 ], [ 6169043.644433883018792, 1953936.021589068463072 ], [ 6169050.000594675540924, 1953806.638963833451271 ], [ 6169043.644433883018792, 1953677.25633859843947 ], [ 6169024.637164807878435, 1953549.119738772045821 ], [ 6168993.161837842315435, 1953423.46318985754624 ], [ 6168949.521577590145171, 1953301.496833111625165 ], [ 6168894.136663615703583, 1953184.395271223038435 ], [ 6168827.540482915006578, 1953073.286256247665733 ], [ 6168750.3743931138888, 1952969.239828737452626 ], [ 6168663.381545841693878, 1952873.258012667298317 ], [ 6168567.399729771539569, 1952786.265165394637734 ], [ 6168463.353302261792123, 1952709.099075593985617 ], [ 6168352.24428728595376, 1952642.502894893521443 ], [ 6168235.142725397832692, 1952587.117980918614194 ], [ 6168113.176368650980294, 1952543.47772066690959 ], [ 6168106.244873620569706, 1952541.741471547167748 ], [ 6167992.059484896250069, 1952500.885286171222106 ], [ 6167866.402935981750488, 1952469.409959205426276 ], [ 6167738.266336156055331, 1952450.402690130518749 ], [ 6167608.883710920810699, 1952444.046529337763786 ], [ 6167479.501085685566068, 1952450.402690130518749 ], [ 6167351.364485859870911, 1952469.409959205426276 ], [ 6167225.70793694537133, 1952500.885286171222106 ], [ 6167103.741580198518932, 1952544.525546422926709 ], [ 6166986.640018310397863, 1952599.910460397833958 ] ] ], [ [ [ 6170409.114159249700606, 1954697.030139097012579 ], [ 6170305.06773173995316, 1954774.196228897664696 ], [ 6170209.085915669798851, 1954861.189076170325279 ], [ 6170122.093068397603929, 1954957.170892240479589 ], [ 6170044.926978596486151, 1955061.217319750692695 ], [ 6169978.330797895789146, 1955172.326334726065397 ], [ 6169922.945883921347558, 1955289.427896614652127 ], [ 6169879.305623669177294, 1955411.394253360573202 ], [ 6169847.830296703614295, 1955537.050802275072783 ], [ 6169828.823027628473938, 1955665.187402101466432 ], [ 6169822.466866835951805, 1955794.570027336478233 ], [ 6169828.823027628473938, 1955923.952652571490034 ], [ 6169847.830296703614295, 1956052.089252397883683 ], [ 6169879.305623669177294, 1956177.745801312383264 ], [ 6169922.945883921347558, 1956299.71215805830434 ], [ 6169978.330797895789146, 1956416.813719946891069 ], [ 6170044.926978596486151, 1956527.922734922263771 ], [ 6170122.093068397603929, 1956631.969162432476878 ], [ 6170209.085915669798851, 1956727.950978502631187 ], [ 6170305.06773173995316, 1956814.943825775291771 ], [ 6170409.114159249700606, 1956892.109915575943887 ], [ 6170520.223174225538969, 1956958.706096276408061 ], [ 6170637.324736113660038, 1957014.091010251315311 ], [ 6170759.291092860512435, 1957057.731270503019914 ], [ 6170867.118700005114079, 1957084.740680041490123 ], [ 6170880.20620537083596, 1957089.423464338993654 ], [ 6171005.862754285335541, 1957120.898791304789484 ], [ 6171133.999354111030698, 1957139.90606037969701 ], [ 6171263.38197934627533, 1957146.262221172451973 ], [ 6171392.764604581519961, 1957139.90606037969701 ], [ 6171520.901204407215118, 1957120.898791304789484 ], [ 6171646.557753321714699, 1957089.423464338993654 ], [ 6171768.524110068567097, 1957045.78320408728905 ], [ 6171885.625671956688166, 1956990.398290112381801 ], [ 6171996.734686932526529, 1956923.802109411917627 ], [ 6172100.781114442273974, 1956846.63601961126551 ], [ 6172196.762930512428284, 1956759.643172338604927 ], [ 6172283.755777784623206, 1956663.661356268450618 ], [ 6172360.921867585740983, 1956559.614928758237511 ], [ 6172427.518048286437988, 1956448.505913782864809 ], [ 6172482.902962260879576, 1956331.404351894278079 ], [ 6172526.543222513049841, 1956209.437995148357004 ], [ 6172558.01854947861284, 1956083.781446233857423 ], [ 6172577.025818553753197, 1955955.644846407463774 ], [ 6172583.38197934627533, 1955826.262221172451973 ], [ 6172577.025818553753197, 1955696.879595937440172 ], [ 6172558.01854947861284, 1955568.742996111046523 ], [ 6172526.543222513049841, 1955443.086447196546942 ], [ 6172482.902962260879576, 1955321.120090450625867 ], [ 6172427.518048286437988, 1955204.018528562039137 ], [ 6172360.921867585740983, 1955092.909513586666435 ], [ 6172283.755777784623206, 1954988.863086076453328 ], [ 6172196.762930512428284, 1954892.881270006299019 ], [ 6172100.781114442273974, 1954805.888422733638436 ], [ 6171996.734686932526529, 1954728.722332932986319 ], [ 6171885.625671956688166, 1954662.126152232522145 ], [ 6171768.524110068567097, 1954606.741238257614896 ], [ 6171646.557753321714699, 1954563.100978005910292 ], [ 6171538.730146177113056, 1954536.091568467440084 ], [ 6171525.642640811391175, 1954531.408784169936553 ], [ 6171399.986091896891594, 1954499.933457204140723 ], [ 6171271.849492071196437, 1954480.926188129233196 ], [ 6171142.466866835951805, 1954474.570027336478233 ], [ 6171013.084241600707173, 1954480.926188129233196 ], [ 6170884.947641775012016, 1954499.933457204140723 ], [ 6170759.291092860512435, 1954531.408784169936553 ], [ 6170637.324736113660038, 1954575.049044421641156 ], [ 6170520.223174225538969, 1954630.433958396548405 ], [ 6170409.114159249700606, 1954697.030139097012579 ] ] ], [ [ [ 6152752.696731514297426, 1956108.920688011683524 ], [ 6152641.587716538459063, 1956042.32450731121935 ], [ 6152524.486154650337994, 1955986.9395933363121 ], [ 6152402.519797903485596, 1955943.299333084607497 ], [ 6152276.863248988986015, 1955911.824006118811667 ], [ 6152148.726649163290858, 1955892.816737043904141 ], [ 6152019.344023928046227, 1955886.460576251149178 ], [ 6151889.961398692801595, 1955892.816737043904141 ], [ 6151761.824798867106438, 1955911.824006118811667 ], [ 6151636.168249952606857, 1955943.299333084607497 ], [ 6151514.201893205754459, 1955986.9395933363121 ], [ 6151397.10033131763339, 1956042.32450731121935 ], [ 6151285.991316341795027, 1956108.920688011683524 ], [ 6151181.944888832047582, 1956186.08677781233564 ], [ 6151085.963072761893272, 1956273.079625084996223 ], [ 6150998.97022548969835, 1956369.061441155150533 ], [ 6150921.804135688580573, 1956473.10786866536364 ], [ 6150855.207954987883568, 1956584.216883640736341 ], [ 6150799.82304101344198, 1956701.318445529323071 ], [ 6150756.182780761271715, 1956823.284802275244147 ], [ 6150727.369289485737681, 1956938.314707439159974 ], [ 6150724.339668590575457, 1956946.781930612865835 ], [ 6150692.864341625012457, 1957072.438479527365416 ], [ 6150673.8570725498721, 1957200.575079353759065 ], [ 6150667.500911757349968, 1957329.957704588770866 ], [ 6150673.8570725498721, 1957459.340329823782668 ], [ 6150692.864341625012457, 1957587.476929650176316 ], [ 6150724.339668590575457, 1957713.133478564675897 ], [ 6150767.979928842745721, 1957835.099835310596973 ], [ 6150823.364842817187309, 1957952.201397199183702 ], [ 6150889.961023517884314, 1958063.310412174556404 ], [ 6150967.127113319002092, 1958167.356839684769511 ], [ 6151054.119960591197014, 1958263.33865575492382 ], [ 6151150.101776661351323, 1958350.331503027584404 ], [ 6151254.148204171098769, 1958427.49759282823652 ], [ 6151365.257219146937132, 1958494.093773528700694 ], [ 6151482.3587810350582, 1958549.478687503607944 ], [ 6151604.325137781910598, 1958593.118947755312547 ], [ 6151729.981686696410179, 1958624.594274721108377 ], [ 6151858.118286522105336, 1958643.601543796015903 ], [ 6151987.500911757349968, 1958649.957704588770866 ], [ 6152116.8835369925946, 1958643.601543796015903 ], [ 6152245.020136818289757, 1958624.594274721108377 ], [ 6152370.676685732789338, 1958593.118947755312547 ], [ 6152492.643042479641736, 1958549.478687503607944 ], [ 6152609.744604367762804, 1958494.093773528700694 ], [ 6152720.853619343601167, 1958427.49759282823652 ], [ 6152824.900046853348613, 1958350.331503027584404 ], [ 6152920.881862923502922, 1958263.33865575492382 ], [ 6153007.874710195697844, 1958167.356839684769511 ], [ 6153085.040799996815622, 1958063.310412174556404 ], [ 6153151.636980697512627, 1957952.201397199183702 ], [ 6153207.021894671954215, 1957835.099835310596973 ], [ 6153250.662154924124479, 1957713.133478564675897 ], [ 6153279.475646199658513, 1957598.103573400760069 ], [ 6153282.505267094820738, 1957589.636350227054209 ], [ 6153313.980594060383737, 1957463.979801312554628 ], [ 6153332.987863135524094, 1957335.843201486160979 ], [ 6153339.344023928046227, 1957206.460576251149178 ], [ 6153332.987863135524094, 1957077.077951016137376 ], [ 6153313.980594060383737, 1956948.941351189743727 ], [ 6153282.505267094820738, 1956823.284802275244147 ], [ 6153238.865006842650473, 1956701.318445529323071 ], [ 6153183.480092868208885, 1956584.216883640736341 ], [ 6153116.88391216751188, 1956473.10786866536364 ], [ 6153039.717822366394103, 1956369.061441155150533 ], [ 6152952.724975094199181, 1956273.079625084996223 ], [ 6152856.743159024044871, 1956186.08677781233564 ], [ 6152752.696731514297426, 1956108.920688011683524 ] ] ], [ [ [ 6151214.715603185817599, 1959033.072881734464318 ], [ 6151110.669175676070154, 1958955.906791933812201 ], [ 6150999.560160700231791, 1958889.310611233348027 ], [ 6150882.458598812110722, 1958833.925697258440778 ], [ 6150760.492242065258324, 1958790.285437006736174 ], [ 6150634.835693150758743, 1958758.810110040940344 ], [ 6150506.699093325063586, 1958739.802840966032818 ], [ 6150377.316468089818954, 1958733.446680173277855 ], [ 6150247.933842854574323, 1958739.802840966032818 ], [ 6150119.797243028879166, 1958758.810110040940344 ], [ 6149994.140694114379585, 1958790.285437006736174 ], [ 6149872.174337367527187, 1958833.925697258440778 ], [ 6149755.072775479406118, 1958889.310611233348027 ], [ 6149643.963760503567755, 1958955.906791933812201 ], [ 6149539.91733299382031, 1959033.072881734464318 ], [ 6149443.935516923666, 1959120.065729007124901 ], [ 6149356.942669651471078, 1959216.04754507727921 ], [ 6149279.776579850353301, 1959320.093972587492317 ], [ 6149213.180399149656296, 1959431.202987562865019 ], [ 6149157.795485175214708, 1959548.304549451451749 ], [ 6149114.155224923044443, 1959670.270906197372824 ], [ 6149091.708975989371538, 1959759.881355045363307 ], [ 6149073.395792011171579, 1959811.06327553326264 ], [ 6149041.92046504560858, 1959936.719824447762221 ], [ 6149022.913195970468223, 1960064.85642427415587 ], [ 6149016.557035177946091, 1960194.239049509167671 ], [ 6149022.913195970468223, 1960323.621674744179472 ], [ 6149041.92046504560858, 1960451.758274570573121 ], [ 6149073.395792011171579, 1960577.414823485072702 ], [ 6149117.036052263341844, 1960699.381180230993778 ], [ 6149172.420966237783432, 1960816.482742119580507 ], [ 6149229.045474093407393, 1960910.955026042414829 ], [ 6149127.711027666926384, 1960905.976783916354179 ], [ 6148998.328402431681752, 1960912.332944709109142 ], [ 6148870.191802605986595, 1960931.340213784016669 ], [ 6148744.535253691487014, 1960962.815540749812499 ], [ 6148622.568896944634616, 1961006.455801001517102 ], [ 6148505.467335056513548, 1961061.840714976424351 ], [ 6148394.358320080675185, 1961128.436895676888525 ], [ 6148290.311892570927739, 1961205.602985477540642 ], [ 6148194.33007650077343, 1961292.595832750201225 ], [ 6148107.337229228578508, 1961388.577648820355535 ], [ 6148030.17113942746073, 1961492.624076330568641 ], [ 6147963.574958726763725, 1961603.733091305941343 ], [ 6147908.190044752322137, 1961720.834653194528073 ], [ 6147864.549784500151873, 1961842.801009940449148 ], [ 6147838.426306292414665, 1961947.091780956601724 ], [ 6147823.952096674591303, 1961987.544486867729574 ], [ 6147792.476769709028304, 1962113.201035782229155 ], [ 6147773.469500633887947, 1962241.337635608622804 ], [ 6147767.113339841365814, 1962370.720260843634605 ], [ 6147773.469500633887947, 1962500.102886078646407 ], [ 6147792.476769709028304, 1962628.239485905040056 ], [ 6147823.952096674591303, 1962753.896034819539636 ], [ 6147867.592356926761568, 1962875.862391565460712 ], [ 6147922.977270901203156, 1962992.963953454047441 ], [ 6147989.57345160190016, 1963104.072968429420143 ], [ 6148066.739541403017938, 1963208.11939593963325 ], [ 6148153.73238867521286, 1963304.10121200978756 ], [ 6148249.714204745367169, 1963391.094059282448143 ], [ 6148353.760632255114615, 1963468.260149083100259 ], [ 6148464.869647230952978, 1963534.856329783564433 ], [ 6148581.971209119074047, 1963590.241243758471683 ], [ 6148703.937565865926445, 1963633.881504010176286 ], [ 6148829.594114780426025, 1963665.356830975972116 ], [ 6148957.730714606121182, 1963684.364100050879642 ], [ 6149087.113339841365814, 1963690.720260843634605 ], [ 6149216.495965076610446, 1963684.364100050879642 ], [ 6149344.632564902305603, 1963665.356830975972116 ], [ 6149470.289113816805184, 1963633.881504010176286 ], [ 6149592.255470563657582, 1963590.241243758471683 ], [ 6149709.35703245177865, 1963534.856329783564433 ], [ 6149820.466047427617013, 1963468.260149083100259 ], [ 6149924.512474937364459, 1963391.094059282448143 ], [ 6150020.494291007518768, 1963304.10121200978756 ], [ 6150107.48713827971369, 1963208.11939593963325 ], [ 6150184.653228080831468, 1963104.072968429420143 ], [ 6150251.249408781528473, 1962992.963953454047441 ], [ 6150306.634322755970061, 1962875.862391565460712 ], [ 6150350.274583008140326, 1962753.896034819539636 ], [ 6150376.398061215877533, 1962649.605263803387061 ], [ 6150390.872270833700895, 1962609.15255789225921 ], [ 6150422.347597799263895, 1962483.496008977759629 ], [ 6150441.354866874404252, 1962355.359409151365981 ], [ 6150447.711027666926384, 1962225.976783916354179 ], [ 6150441.354866874404252, 1962096.594158681342378 ], [ 6150422.347597799263895, 1961968.457558854948729 ], [ 6150390.872270833700895, 1961842.801009940449148 ], [ 6150347.232010581530631, 1961720.834653194528073 ], [ 6150291.847096607089043, 1961603.733091305941343 ], [ 6150235.222588751465082, 1961509.260807383107021 ], [ 6150336.557035177946091, 1961514.239049509167671 ], [ 6150465.939660413190722, 1961507.882888716412708 ], [ 6150594.07626023888588, 1961488.875619641505182 ], [ 6150719.73280915338546, 1961457.400292675709352 ], [ 6150841.699165900237858, 1961413.760032424004748 ], [ 6150958.800727788358927, 1961358.375118449097499 ], [ 6151069.90974276419729, 1961291.778937748633325 ], [ 6151173.956170273944736, 1961214.612847947981209 ], [ 6151269.937986344099045, 1961127.620000675320625 ], [ 6151356.930833616293967, 1961031.638184605166316 ], [ 6151434.096923417411745, 1960927.591757094953209 ], [ 6151500.693104118108749, 1960816.482742119580507 ], [ 6151556.078018092550337, 1960699.381180230993778 ], [ 6151599.718278344720602, 1960577.414823485072702 ], [ 6151622.164527278393507, 1960487.804374637082219 ], [ 6151640.477711256593466, 1960436.622454149182886 ], [ 6151671.953038222156465, 1960310.965905234683305 ], [ 6151690.960307297296822, 1960182.829305408289656 ], [ 6151697.316468089818954, 1960053.446680173277855 ], [ 6151690.960307297296822, 1959924.064054938266054 ], [ 6151671.953038222156465, 1959795.927455111872405 ], [ 6151640.477711256593466, 1959670.270906197372824 ], [ 6151596.837451004423201, 1959548.304549451451749 ], [ 6151541.452537029981613, 1959431.202987562865019 ], [ 6151474.856356329284608, 1959320.093972587492317 ], [ 6151397.690266528166831, 1959216.04754507727921 ], [ 6151310.697419255971909, 1959120.065729007124901 ], [ 6151214.715603185817599, 1959033.072881734464318 ] ] ], [ [ [ 6148315.076013586483896, 1963824.833733850158751 ], [ 6148203.966998610645533, 1963758.237553149694577 ], [ 6148086.865436722524464, 1963702.852639174787328 ], [ 6147964.899079975672066, 1963659.212378923082724 ], [ 6147839.242531061172485, 1963627.737051957286894 ], [ 6147711.105931235477328, 1963608.729782882379368 ], [ 6147581.723306000232697, 1963602.373622089624405 ], [ 6147452.340680764988065, 1963608.729782882379368 ], [ 6147324.204080939292908, 1963627.737051957286894 ], [ 6147198.547532024793327, 1963659.212378923082724 ], [ 6147076.581175277940929, 1963702.852639174787328 ], [ 6146959.47961338981986, 1963758.237553149694577 ], [ 6146848.370598413981497, 1963824.833733850158751 ], [ 6146744.324170904234052, 1963901.999823650810868 ], [ 6146648.342354834079742, 1963988.992670923471451 ], [ 6146561.34950756188482, 1964084.97448699362576 ], [ 6146484.183417760767043, 1964189.020914503838867 ], [ 6146417.587237060070038, 1964300.129929479211569 ], [ 6146362.20232308562845, 1964417.231491367798299 ], [ 6146318.562062833458185, 1964539.197848113719374 ], [ 6146297.521267098374665, 1964623.197413275949657 ], [ 6146275.051651168614626, 1964685.995782869402319 ], [ 6146243.576324203051627, 1964811.6523317839019 ], [ 6146224.56905512791127, 1964939.788931610295549 ], [ 6146218.212894335389137, 1965069.17155684530735 ], [ 6146224.56905512791127, 1965198.554182080319151 ], [ 6146243.576324203051627, 1965326.6907819067128 ], [ 6146275.051651168614626, 1965452.347330821212381 ], [ 6146308.911673319526017, 1965546.97975320299156 ], [ 6146204.466819107532501, 1965562.472683795727789 ], [ 6146078.81027019303292, 1965593.948010761523619 ], [ 6145956.843913446180522, 1965637.588271013228223 ], [ 6145839.742351558059454, 1965692.973184988135472 ], [ 6145728.633336582221091, 1965759.569365688599646 ], [ 6145624.586909072473645, 1965836.735455489251763 ], [ 6145528.605093002319336, 1965923.728302761912346 ], [ 6145441.612245730124414, 1966019.710118832066655 ], [ 6145364.446155929006636, 1966123.756546342279762 ], [ 6145297.849975228309631, 1966234.865561317652464 ], [ 6145242.465061253868043, 1966351.967123206239194 ], [ 6145198.824801001697779, 1966473.933479952160269 ], [ 6145178.902225201018155, 1966553.468860898399726 ], [ 6145154.491228256374598, 1966621.693026947323233 ], [ 6145123.015901290811598, 1966747.349575861822814 ], [ 6145104.008632215671241, 1966875.486175688216463 ], [ 6145097.652471423149109, 1967004.868800923228264 ], [ 6145104.008632215671241, 1967134.251426158240065 ], [ 6145123.015901290811598, 1967262.388025984633714 ], [ 6145154.491228256374598, 1967388.044574899133295 ], [ 6145198.131488508544862, 1967510.01093164505437 ], [ 6145253.51640248298645, 1967627.1124935336411 ], [ 6145320.112583183683455, 1967738.221508509013802 ], [ 6145397.278672984801233, 1967842.267936019226909 ], [ 6145484.271520256996155, 1967938.249752089381218 ], [ 6145580.253336327150464, 1968025.242599362041801 ], [ 6145684.29976383689791, 1968102.408689162693918 ], [ 6145795.408778812736273, 1968169.004869863158092 ], [ 6145912.510340700857341, 1968224.389783838065341 ], [ 6146034.476697447709739, 1968268.030044089769945 ], [ 6146160.13324636220932, 1968299.505371055565774 ], [ 6146288.269846187904477, 1968318.512640130473301 ], [ 6146417.652471423149109, 1968324.868800923228264 ], [ 6146547.035096658393741, 1968318.512640130473301 ], [ 6146675.171696484088898, 1968299.505371055565774 ], [ 6146800.828245398588479, 1968268.030044089769945 ], [ 6146922.794602145440876, 1968224.389783838065341 ], [ 6147039.896164033561945, 1968169.004869863158092 ], [ 6147151.005179009400308, 1968102.408689162693918 ], [ 6147255.051606519147754, 1968025.242599362041801 ], [ 6147351.033422589302063, 1967938.249752089381218 ], [ 6147438.026269861496985, 1967842.267936019226909 ], [ 6147515.192359662614763, 1967738.221508509013802 ], [ 6147581.788540363311768, 1967627.1124935336411 ], [ 6147637.173454337753356, 1967510.01093164505437 ], [ 6147680.81371458992362, 1967388.044574899133295 ], [ 6147700.736290390603244, 1967308.509193952893838 ], [ 6147725.147287335246801, 1967240.285027903970331 ], [ 6147756.622614300809801, 1967114.62847898947075 ], [ 6147775.629883375950158, 1966986.491879163077101 ], [ 6147781.98604416847229, 1966857.1092539280653 ], [ 6147775.629883375950158, 1966727.726628693053499 ], [ 6147756.622614300809801, 1966599.59002886665985 ], [ 6147725.147287335246801, 1966473.933479952160269 ], [ 6147691.287265184335411, 1966379.30105757038109 ], [ 6147795.732119396328926, 1966363.808126977644861 ], [ 6147921.388668310828507, 1966332.332800011849031 ], [ 6148043.355025057680905, 1966288.692539760144427 ], [ 6148160.456586945801973, 1966233.307625785237178 ], [ 6148271.565601921640337, 1966166.711445084773004 ], [ 6148375.612029431387782, 1966089.545355284120888 ], [ 6148471.593845501542091, 1966002.552508011460304 ], [ 6148558.586692773737013, 1965906.570691941305995 ], [ 6148635.752782574854791, 1965802.524264431092888 ], [ 6148702.348963275551796, 1965691.415249455720186 ], [ 6148757.733877249993384, 1965574.313687567133456 ], [ 6148801.374137502163649, 1965452.347330821212381 ], [ 6148822.414933237247169, 1965368.347765658982098 ], [ 6148844.884549167007208, 1965305.549396065529436 ], [ 6148876.359876132570207, 1965179.892847151029855 ], [ 6148895.367145207710564, 1965051.756247324636206 ], [ 6148901.723306000232697, 1964922.373622089624405 ], [ 6148895.367145207710564, 1964792.990996854612604 ], [ 6148876.359876132570207, 1964664.854397028218955 ], [ 6148844.884549167007208, 1964539.197848113719374 ], [ 6148801.244288914836943, 1964417.231491367798299 ], [ 6148745.859374940395355, 1964300.129929479211569 ], [ 6148679.26319423969835, 1964189.020914503838867 ], [ 6148602.097104438580573, 1964084.97448699362576 ], [ 6148515.104257166385651, 1963988.992670923471451 ], [ 6148419.122441096231341, 1963901.999823650810868 ], [ 6148315.076013586483896, 1963824.833733850158751 ] ] ], [ [ [ 6164566.65932401176542, 1968142.396949105896056 ], [ 6164455.550309035927057, 1968075.800768405431882 ], [ 6164338.448747147805989, 1968020.415854430524632 ], [ 6164216.482390400953591, 1967976.775594178820029 ], [ 6164090.82584148645401, 1967945.300267213024199 ], [ 6163962.689241660758853, 1967926.292998138116673 ], [ 6163833.306616425514221, 1967919.93683734536171 ], [ 6163703.923991190269589, 1967926.292998138116673 ], [ 6163575.787391364574432, 1967945.300267213024199 ], [ 6163450.130842450074852, 1967976.775594178820029 ], [ 6163328.164485703222454, 1968020.415854430524632 ], [ 6163211.062923815101385, 1968075.800768405431882 ], [ 6163099.953908839263022, 1968142.396949105896056 ], [ 6162995.907481329515576, 1968219.563038906548172 ], [ 6162899.925665259361267, 1968306.555886179208755 ], [ 6162812.932817987166345, 1968402.537702249363065 ], [ 6162735.766728186048567, 1968506.584129759576172 ], [ 6162669.170547485351562, 1968617.693144734948874 ], [ 6162613.785633510909975, 1968734.794706623535603 ], [ 6162570.14537325873971, 1968856.761063369456679 ], [ 6162538.670046293176711, 1968982.417612283956259 ], [ 6162519.662777218036354, 1969110.554212110349908 ], [ 6162513.306616425514221, 1969239.93683734536171 ], [ 6162519.662777218036354, 1969369.319462580373511 ], [ 6162538.670046293176711, 1969497.45606240676716 ], [ 6162570.14537325873971, 1969623.112611321266741 ], [ 6162613.785633510909975, 1969745.078968067187816 ], [ 6162669.170547485351562, 1969862.180529955774546 ], [ 6162735.766728186048567, 1969973.289544931147248 ], [ 6162812.932817987166345, 1970077.335972441360354 ], [ 6162899.925665259361267, 1970173.317788511514664 ], [ 6162995.907481329515576, 1970260.310635784175247 ], [ 6163099.953908839263022, 1970337.476725584827363 ], [ 6163211.062923815101385, 1970404.072906285291538 ], [ 6163328.164485703222454, 1970459.457820260198787 ], [ 6163450.130842450074852, 1970503.09808051190339 ], [ 6163575.787391364574432, 1970534.57340747769922 ], [ 6163703.923991190269589, 1970553.580676552606747 ], [ 6163833.306616425514221, 1970559.93683734536171 ], [ 6163962.689241660758853, 1970553.580676552606747 ], [ 6164090.82584148645401, 1970534.57340747769922 ], [ 6164216.482390400953591, 1970503.09808051190339 ], [ 6164338.448747147805989, 1970459.457820260198787 ], [ 6164455.550309035927057, 1970404.072906285291538 ], [ 6164566.65932401176542, 1970337.476725584827363 ], [ 6164670.705751521512866, 1970260.310635784175247 ], [ 6164766.687567591667175, 1970173.317788511514664 ], [ 6164853.680414863862097, 1970077.335972441360354 ], [ 6164930.846504664979875, 1969973.289544931147248 ], [ 6164997.44268536567688, 1969862.180529955774546 ], [ 6165052.827599340118468, 1969745.078968067187816 ], [ 6165096.467859592288733, 1969623.112611321266741 ], [ 6165127.943186557851732, 1969497.45606240676716 ], [ 6165146.950455632992089, 1969369.319462580373511 ], [ 6165153.306616425514221, 1969239.93683734536171 ], [ 6165146.950455632992089, 1969110.554212110349908 ], [ 6165127.943186557851732, 1968982.417612283956259 ], [ 6165096.467859592288733, 1968856.761063369456679 ], [ 6165052.827599340118468, 1968734.794706623535603 ], [ 6164997.44268536567688, 1968617.693144734948874 ], [ 6164930.846504664979875, 1968506.584129759576172 ], [ 6164853.680414863862097, 1968402.537702249363065 ], [ 6164766.687567591667175, 1968306.555886179208755 ], [ 6164670.705751521512866, 1968219.563038906548172 ], [ 6164566.65932401176542, 1968142.396949105896056 ] ] ], [ [ [ 6145761.039126924239099, 1968286.524285518564284 ], [ 6145649.930111948400736, 1968219.92810481810011 ], [ 6145532.828550060279667, 1968164.54319084319286 ], [ 6145410.862193313427269, 1968120.902930591488257 ], [ 6145285.205644398927689, 1968089.427603625692427 ], [ 6145157.069044573232532, 1968070.420334550784901 ], [ 6145027.6864193379879, 1968064.064173758029938 ], [ 6144898.303794102743268, 1968070.420334550784901 ], [ 6144770.167194277048111, 1968089.427603625692427 ], [ 6144644.51064536254853, 1968120.902930591488257 ], [ 6144522.544288615696132, 1968164.54319084319286 ], [ 6144405.442726727575064, 1968219.92810481810011 ], [ 6144294.333711751736701, 1968286.524285518564284 ], [ 6144190.287284241989255, 1968363.6903753192164 ], [ 6144094.305468171834946, 1968450.683222591876984 ], [ 6144007.312620899640024, 1968546.665038662031293 ], [ 6143930.146531098522246, 1968650.7114661722444 ], [ 6143863.550350397825241, 1968761.820481147617102 ], [ 6143808.165436423383653, 1968878.922043036203831 ], [ 6143764.525176171213388, 1969000.888399782124907 ], [ 6143738.095252028666437, 1969106.402571548242122 ], [ 6143723.330376673489809, 1969147.667633774224669 ], [ 6143691.85504970792681, 1969273.32418268872425 ], [ 6143672.847780632786453, 1969401.460782515117899 ], [ 6143666.49161984026432, 1969530.8434077501297 ], [ 6143672.847780632786453, 1969660.226032985141501 ], [ 6143691.85504970792681, 1969788.36263281153515 ], [ 6143723.330376673489809, 1969914.019181726034731 ], [ 6143766.970636925660074, 1970035.985538471955806 ], [ 6143822.355550900101662, 1970153.087100360542536 ], [ 6143888.951731600798666, 1970264.196115335915238 ], [ 6143966.117821401916444, 1970368.242542846128345 ], [ 6144053.110668674111366, 1970464.224358916282654 ], [ 6144149.092484744265676, 1970551.217206188943237 ], [ 6144253.138912254013121, 1970628.383295989595354 ], [ 6144364.247927229851484, 1970694.979476690059528 ], [ 6144481.349489117972553, 1970750.364390664966777 ], [ 6144603.315845864824951, 1970794.00465091667138 ], [ 6144728.972394779324532, 1970825.47997788246721 ], [ 6144857.108994605019689, 1970844.487246957374737 ], [ 6144986.49161984026432, 1970850.8434077501297 ], [ 6145115.874245075508952, 1970844.487246957374737 ], [ 6145244.010844901204109, 1970825.47997788246721 ], [ 6145369.66739381570369, 1970794.00465091667138 ], [ 6145491.633750562556088, 1970750.364390664966777 ], [ 6145608.735312450677156, 1970694.979476690059528 ], [ 6145719.84432742651552, 1970628.383295989595354 ], [ 6145823.890754936262965, 1970551.217206188943237 ], [ 6145919.872571006417274, 1970464.224358916282654 ], [ 6146006.865418278612196, 1970368.242542846128345 ], [ 6146084.031508079729974, 1970264.196115335915238 ], [ 6146150.627688780426979, 1970153.087100360542536 ], [ 6146206.012602754868567, 1970035.985538471955806 ], [ 6146249.652863007038832, 1969914.019181726034731 ], [ 6146276.082787149585783, 1969808.505009959917516 ], [ 6146290.847662504762411, 1969767.239947733934969 ], [ 6146322.32298947032541, 1969641.583398819435388 ], [ 6146341.330258545465767, 1969513.446798993041739 ], [ 6146347.6864193379879, 1969384.064173758029938 ], [ 6146341.330258545465767, 1969254.681548523018137 ], [ 6146322.32298947032541, 1969126.544948696624488 ], [ 6146290.847662504762411, 1969000.888399782124907 ], [ 6146247.207402252592146, 1968878.922043036203831 ], [ 6146191.822488278150558, 1968761.820481147617102 ], [ 6146125.226307577453554, 1968650.7114661722444 ], [ 6146048.060217776335776, 1968546.665038662031293 ], [ 6145961.067370504140854, 1968450.683222591876984 ], [ 6145865.085554433986545, 1968363.6903753192164 ], [ 6145761.039126924239099, 1968286.524285518564284 ] ] ], [ [ [ 6144409.928031681105494, 1970966.607085487339646 ], [ 6144305.881604171358049, 1970889.440995686687529 ], [ 6144194.772589195519686, 1970822.844814986223355 ], [ 6144077.671027307398617, 1970767.459901011316106 ], [ 6143955.704670560546219, 1970723.819640759611502 ], [ 6143830.048121646046638, 1970692.344313793815672 ], [ 6143701.911521820351481, 1970673.337044718908146 ], [ 6143572.52889658510685, 1970666.980883926153183 ], [ 6143443.146271349862218, 1970673.337044718908146 ], [ 6143315.009671524167061, 1970692.344313793815672 ], [ 6143189.35312260966748, 1970723.819640759611502 ], [ 6143067.386765862815082, 1970767.459901011316106 ], [ 6142950.285203974694014, 1970822.844814986223355 ], [ 6142839.17618899885565, 1970889.440995686687529 ], [ 6142735.129761489108205, 1970966.607085487339646 ], [ 6142639.147945418953896, 1971053.599932760000229 ], [ 6142552.155098146758974, 1971149.581748830154538 ], [ 6142474.989008345641196, 1971253.628176340367645 ], [ 6142408.392827644944191, 1971364.737191315740347 ], [ 6142353.007913670502603, 1971481.838753204327077 ], [ 6142309.367653418332338, 1971603.805109950248152 ], [ 6142290.580327431671321, 1971678.808319588424638 ], [ 6142265.068201337009668, 1971750.109935449901968 ], [ 6142233.592874371446669, 1971875.766484364401549 ], [ 6142214.585605296306312, 1972003.903084190795198 ], [ 6142208.22944450378418, 1972133.285709425806999 ], [ 6142214.585605296306312, 1972262.6683346608188 ], [ 6142233.592874371446669, 1972390.804934487212449 ], [ 6142265.068201337009668, 1972516.46148340171203 ], [ 6142308.708461589179933, 1972638.427840147633106 ], [ 6142364.093375563621521, 1972755.529402036219835 ], [ 6142430.689556264318526, 1972866.638417011592537 ], [ 6142507.855646065436304, 1972970.684844521805644 ], [ 6142594.848493337631226, 1973066.666660591959953 ], [ 6142690.830309407785535, 1973153.659507864620537 ], [ 6142794.87673691753298, 1973230.825597665272653 ], [ 6142905.985751893371344, 1973297.421778365736827 ], [ 6143023.087313781492412, 1973352.806692340644076 ], [ 6143145.05367052834481, 1973396.44695259234868 ], [ 6143270.710219442844391, 1973427.92227955814451 ], [ 6143398.846819268539548, 1973446.929548633052036 ], [ 6143528.22944450378418, 1973453.285709425806999 ], [ 6143657.612069739028811, 1973446.929548633052036 ], [ 6143785.748669564723969, 1973427.92227955814451 ], [ 6143911.405218479223549, 1973396.44695259234868 ], [ 6144033.371575226075947, 1973352.806692340644076 ], [ 6144150.473137114197016, 1973297.421778365736827 ], [ 6144261.582152090035379, 1973230.825597665272653 ], [ 6144365.628579599782825, 1973153.659507864620537 ], [ 6144461.610395669937134, 1973066.666660591959953 ], [ 6144548.603242942132056, 1972970.684844521805644 ], [ 6144625.769332743249834, 1972866.638417011592537 ], [ 6144692.365513443946838, 1972755.529402036219835 ], [ 6144747.750427418388426, 1972638.427840147633106 ], [ 6144791.390687670558691, 1972516.46148340171203 ], [ 6144810.178013657219708, 1972441.458273763535544 ], [ 6144835.690139751881361, 1972370.156657902058214 ], [ 6144867.16546671744436, 1972244.500108987558633 ], [ 6144886.172735792584717, 1972116.363509161164984 ], [ 6144892.52889658510685, 1971986.980883926153183 ], [ 6144886.172735792584717, 1971857.598258691141382 ], [ 6144867.16546671744436, 1971729.461658864747733 ], [ 6144835.690139751881361, 1971603.805109950248152 ], [ 6144792.049879499711096, 1971481.838753204327077 ], [ 6144736.664965525269508, 1971364.737191315740347 ], [ 6144670.068784824572504, 1971253.628176340367645 ], [ 6144592.902695023454726, 1971149.581748830154538 ], [ 6144505.909847751259804, 1971053.599932760000229 ], [ 6144409.928031681105494, 1970966.607085487339646 ] ] ], [ [ [ 6161010.360334253869951, 1971139.352241271175444 ], [ 6160899.251319278031588, 1971072.75606057071127 ], [ 6160782.149757389910519, 1971017.371146595804021 ], [ 6160660.183400643058121, 1970973.730886344099417 ], [ 6160534.52685172855854, 1970942.255559378303587 ], [ 6160406.390251902863383, 1970923.248290303396061 ], [ 6160277.007626667618752, 1970916.892129510641098 ], [ 6160147.62500143237412, 1970923.248290303396061 ], [ 6160019.488401606678963, 1970942.255559378303587 ], [ 6159893.831852692179382, 1970973.730886344099417 ], [ 6159771.865495945326984, 1971017.371146595804021 ], [ 6159654.763934057205915, 1971072.75606057071127 ], [ 6159543.654919081367552, 1971139.352241271175444 ], [ 6159439.608491571620107, 1971216.518331071827561 ], [ 6159343.626675501465797, 1971303.511178344488144 ], [ 6159256.633828229270875, 1971399.492994414642453 ], [ 6159179.467738428153098, 1971503.53942192485556 ], [ 6159173.140264053829014, 1971514.096175144892186 ], [ 6159171.318710154853761, 1971516.105950163677335 ], [ 6159094.152620353735983, 1971620.152377673890442 ], [ 6159027.556439653038979, 1971731.261392649263144 ], [ 6158972.171525678597391, 1971848.362954537849873 ], [ 6158928.531265426427126, 1971970.329311283770949 ], [ 6158897.055938460864127, 1972095.98586019827053 ], [ 6158878.04866938572377, 1972224.122460024664178 ], [ 6158871.692508593201637, 1972353.50508525967598 ], [ 6158878.04866938572377, 1972482.887710494687781 ], [ 6158897.055938460864127, 1972611.02431032108143 ], [ 6158928.531265426427126, 1972736.680859235581011 ], [ 6158972.171525678597391, 1972858.647215981502086 ], [ 6159027.556439653038979, 1972975.748777870088816 ], [ 6159094.152620353735983, 1973086.857792845461518 ], [ 6159171.318710154853761, 1973190.904220355674624 ], [ 6159258.311557427048683, 1973286.886036425828934 ], [ 6159354.293373497202992, 1973373.878883698489517 ], [ 6159458.339801006950438, 1973451.044973499141634 ], [ 6159569.448815982788801, 1973517.641154199605808 ], [ 6159686.55037787090987, 1973573.026068174513057 ], [ 6159808.516734617762268, 1973616.66632842621766 ], [ 6159934.173283532261848, 1973648.14165539201349 ], [ 6160062.309883357957006, 1973667.148924466921017 ], [ 6160191.692508593201637, 1973673.50508525967598 ], [ 6160321.075133828446269, 1973667.148924466921017 ], [ 6160449.211733654141426, 1973648.14165539201349 ], [ 6160574.868282568641007, 1973616.66632842621766 ], [ 6160696.834639315493405, 1973573.026068174513057 ], [ 6160813.936201203614473, 1973517.641154199605808 ], [ 6160925.045216179452837, 1973451.044973499141634 ], [ 6161029.091643689200282, 1973373.878883698489517 ], [ 6161125.073459759354591, 1973286.886036425828934 ], [ 6161212.066307031549513, 1973190.904220355674624 ], [ 6161289.232396832667291, 1973086.857792845461518 ], [ 6161295.559871206991374, 1973076.301039625424892 ], [ 6161297.381425105966628, 1973074.291264606639743 ], [ 6161374.547514907084405, 1972970.244837096426636 ], [ 6161441.14369560778141, 1972859.135822121053934 ], [ 6161496.528609582222998, 1972742.034260232467204 ], [ 6161540.168869834393263, 1972620.067903486546129 ], [ 6161571.644196799956262, 1972494.411354572046548 ], [ 6161590.651465875096619, 1972366.274754745652899 ], [ 6161597.007626667618752, 1972236.892129510641098 ], [ 6161590.651465875096619, 1972107.509504275629297 ], [ 6161571.644196799956262, 1971979.372904449235648 ], [ 6161540.168869834393263, 1971853.716355534736067 ], [ 6161496.528609582222998, 1971731.749998788814992 ], [ 6161441.14369560778141, 1971614.648436900228262 ], [ 6161374.547514907084405, 1971503.53942192485556 ], [ 6161297.381425105966628, 1971399.492994414642453 ], [ 6161210.388577833771706, 1971303.511178344488144 ], [ 6161114.406761763617396, 1971216.518331071827561 ], [ 6161010.360334253869951, 1971139.352241271175444 ] ] ], [ [ [ 6131935.316616741940379, 1971407.787347468780354 ], [ 6131805.933991506695747, 1971401.431186676025391 ], [ 6131676.551366271451116, 1971407.787347468780354 ], [ 6131548.414766445755959, 1971426.79461654368788 ], [ 6131422.758217531256378, 1971458.26994350948371 ], [ 6131300.79186078440398, 1971501.910203761188313 ], [ 6131183.690298896282911, 1971557.295117736095563 ], [ 6131072.581283920444548, 1971623.891298436559737 ], [ 6130968.534856410697103, 1971701.057388237211853 ], [ 6130872.553040340542793, 1971788.050235509872437 ], [ 6130785.560193068347871, 1971884.032051580026746 ], [ 6130708.394103267230093, 1971988.078479090239853 ], [ 6130641.797922566533089, 1972099.187494065612555 ], [ 6130586.413008592091501, 1972216.289055954199284 ], [ 6130562.487558662891388, 1972283.156209004344419 ], [ 6130523.021804943680763, 1972199.712883558124304 ], [ 6130456.425624242983758, 1972088.603868582751602 ], [ 6130379.259534441865981, 1971984.557441072538495 ], [ 6130292.266687169671059, 1971888.575625002384186 ], [ 6130196.284871099516749, 1971801.582777729723603 ], [ 6130092.238443589769304, 1971724.416687929071486 ], [ 6129981.129428613930941, 1971657.820507228607312 ], [ 6129864.027866725809872, 1971602.435593253700063 ], [ 6129742.061509978957474, 1971558.795333001995459 ], [ 6129616.404961064457893, 1971527.320006036199629 ], [ 6129488.268361238762736, 1971508.312736961292103 ], [ 6129358.885736003518105, 1971501.95657616853714 ], [ 6129229.503110768273473, 1971508.312736961292103 ], [ 6129101.366510942578316, 1971527.320006036199629 ], [ 6128975.709962028078735, 1971558.795333001995459 ], [ 6128853.743605281226337, 1971602.435593253700063 ], [ 6128736.642043393105268, 1971657.820507228607312 ], [ 6128716.519899312406778, 1971669.881256246706471 ], [ 6128654.386302392929792, 1971699.2682589890901 ], [ 6128543.277287417091429, 1971765.864439689554274 ], [ 6128439.230859907343984, 1971843.030529490206391 ], [ 6128343.249043837189674, 1971930.023376762866974 ], [ 6128256.256196564994752, 1972026.005192833021283 ], [ 6128179.090106763876975, 1972130.05162034323439 ], [ 6128112.49392606317997, 1972241.160635318607092 ], [ 6128057.109012088738382, 1972358.262197207193822 ], [ 6128013.468751836568117, 1972480.228553953114897 ], [ 6127981.993424871005118, 1972605.885102867614478 ], [ 6127962.986155795864761, 1972734.021702694008127 ], [ 6127956.629995003342628, 1972863.404327929019928 ], [ 6127962.986155795864761, 1972992.786953164031729 ], [ 6127981.993424871005118, 1973120.923552990425378 ], [ 6128013.468751836568117, 1973246.580101904924959 ], [ 6128057.109012088738382, 1973368.546458650846034 ], [ 6128112.49392606317997, 1973485.648020539432764 ], [ 6128179.090106763876975, 1973596.757035514805466 ], [ 6128256.256196564994752, 1973700.803463025018573 ], [ 6128343.249043837189674, 1973796.785279095172882 ], [ 6128439.230859907343984, 1973883.778126367833465 ], [ 6128543.277287417091429, 1973960.944216168485582 ], [ 6128654.386302392929792, 1974027.540396868949756 ], [ 6128771.487864281050861, 1974082.925310843857005 ], [ 6128893.454221027903259, 1974126.565571095561609 ], [ 6129019.11076994240284, 1974158.040898061357439 ], [ 6129147.247369768097997, 1974177.048167136264965 ], [ 6129276.629995003342628, 1974183.404327929019928 ], [ 6129406.01262023858726, 1974177.048167136264965 ], [ 6129534.149220064282417, 1974158.040898061357439 ], [ 6129659.805768978781998, 1974126.565571095561609 ], [ 6129781.772125725634396, 1974082.925310843857005 ], [ 6129898.873687613755465, 1974027.540396868949756 ], [ 6129918.995831694453955, 1974015.479647850850597 ], [ 6129981.129428613930941, 1973986.092645108466968 ], [ 6130092.238443589769304, 1973919.496464408002794 ], [ 6130196.284871099516749, 1973842.330374607350677 ], [ 6130292.266687169671059, 1973755.337527334690094 ], [ 6130379.259534441865981, 1973659.355711264535785 ], [ 6130456.425624242983758, 1973555.309283754322678 ], [ 6130523.021804943680763, 1973444.200268778949976 ], [ 6130578.406718918122351, 1973327.098706890363246 ], [ 6130602.332168847322464, 1973260.231553840218112 ], [ 6130641.797922566533089, 1973343.674879286438227 ], [ 6130708.394103267230093, 1973454.783894261810929 ], [ 6130785.560193068347871, 1973558.830321772024035 ], [ 6130872.553040340542793, 1973654.812137842178345 ], [ 6130968.534856410697103, 1973741.804985114838928 ], [ 6131072.581283920444548, 1973818.971074915491045 ], [ 6131183.690298896282911, 1973885.567255615955219 ], [ 6131300.79186078440398, 1973940.952169590862468 ], [ 6131422.758217531256378, 1973984.592429842567071 ], [ 6131548.414766445755959, 1974016.067756808362901 ], [ 6131676.551366271451116, 1974035.075025883270428 ], [ 6131805.933991506695747, 1974041.431186676025391 ], [ 6131935.316616741940379, 1974035.075025883270428 ], [ 6132063.453216567635536, 1974016.067756808362901 ], [ 6132189.109765482135117, 1973984.592429842567071 ], [ 6132311.076122228987515, 1973940.952169590862468 ], [ 6132428.177684117108583, 1973885.567255615955219 ], [ 6132497.776363258250058, 1973843.851412724237889 ], [ 6132599.85347705706954, 1973905.034080192213878 ], [ 6132716.955038945190609, 1973960.418994167121127 ], [ 6132838.921395692043006, 1974004.059254418825731 ], [ 6132964.577944606542587, 1974035.534581384621561 ], [ 6133092.714544432237744, 1974054.541850459529087 ], [ 6133222.097169667482376, 1974060.89801125228405 ], [ 6133351.479794902727008, 1974054.541850459529087 ], [ 6133479.616394728422165, 1974035.534581384621561 ], [ 6133605.272943642921746, 1974004.059254418825731 ], [ 6133727.239300389774144, 1973960.418994167121127 ], [ 6133844.340862277895212, 1973905.034080192213878 ], [ 6133955.449877253733575, 1973838.437899491749704 ], [ 6134059.496304763481021, 1973761.271809691097587 ], [ 6134155.47812083363533, 1973674.278962418437004 ], [ 6134242.470968105830252, 1973578.297146348282695 ], [ 6134319.63705790694803, 1973474.250718838069588 ], [ 6134386.233238607645035, 1973363.141703862696886 ], [ 6134441.618152582086623, 1973246.040141974110156 ], [ 6134485.258412834256887, 1973124.073785228189081 ], [ 6134516.733739799819887, 1972998.4172363136895 ], [ 6134535.741008874960244, 1972870.280636487295851 ], [ 6134536.567406807094812, 1972853.458920141449198 ], [ 6134537.521189046092331, 1972847.02904256968759 ], [ 6134543.877349838614464, 1972717.646417334675789 ], [ 6134537.521189046092331, 1972588.263792099663988 ], [ 6134518.513919970951974, 1972460.127192273270339 ], [ 6134487.038593005388975, 1972334.470643358770758 ], [ 6134443.39833275321871, 1972212.504286612849683 ], [ 6134388.013418778777122, 1972095.402724724262953 ], [ 6134321.417238078080118, 1971984.293709748890251 ], [ 6134244.25114827696234, 1971880.247282238677144 ], [ 6134157.258301004767418, 1971784.265466168522835 ], [ 6134061.276484934613109, 1971697.272618895862252 ], [ 6133957.230057424865663, 1971620.106529095210135 ], [ 6133846.1210424490273, 1971553.510348394745961 ], [ 6133729.019480560906231, 1971498.125434419838712 ], [ 6133607.053123814053833, 1971454.485174168134108 ], [ 6133481.396574899554253, 1971423.009847202338278 ], [ 6133353.259975073859096, 1971404.002578127430752 ], [ 6133223.877349838614464, 1971397.646417334675789 ], [ 6133094.494724603369832, 1971404.002578127430752 ], [ 6132966.358124777674675, 1971423.009847202338278 ], [ 6132840.701575863175094, 1971454.485174168134108 ], [ 6132718.735219116322696, 1971498.125434419838712 ], [ 6132601.633657228201628, 1971553.510348394745961 ], [ 6132511.748417591676116, 1971607.385487711289898 ], [ 6132428.177684117108583, 1971557.295117736095563 ], [ 6132311.076122228987515, 1971501.910203761188313 ], [ 6132189.109765482135117, 1971458.26994350948371 ], [ 6132063.453216567635536, 1971426.79461654368788 ], [ 6131935.316616741940379, 1971407.787347468780354 ] ] ], [ [ [ 6136258.503771439194679, 1972866.778613203205168 ], [ 6136132.847222524695098, 1972898.253940169000998 ], [ 6136010.8808657778427, 1972941.894200420705602 ], [ 6135893.779303889721632, 1972997.279114395612851 ], [ 6135782.670288913883269, 1973063.875295096077025 ], [ 6135678.623861404135823, 1973141.041384896729141 ], [ 6135582.642045333981514, 1973228.034232169389725 ], [ 6135495.649198061786592, 1973324.016048239544034 ], [ 6135418.483108260668814, 1973428.062475749757141 ], [ 6135351.886927559971809, 1973539.171490725129843 ], [ 6135296.502013585530221, 1973656.273052613716573 ], [ 6135294.593532179482281, 1973661.60690082446672 ], [ 6135284.20905917044729, 1973683.563024278264493 ], [ 6135240.568798918277025, 1973805.529381024185568 ], [ 6135209.093471952714026, 1973931.185929938685149 ], [ 6135190.086202877573669, 1974059.322529765078798 ], [ 6135183.730042085051537, 1974188.705155 ], [ 6135190.086202877573669, 1974318.0877802351024 ], [ 6135209.093471952714026, 1974446.224380061496049 ], [ 6135240.568798918277025, 1974571.88092897599563 ], [ 6135284.20905917044729, 1974693.847285721916705 ], [ 6135339.593973144888878, 1974810.948847610503435 ], [ 6135406.190153845585883, 1974922.057862585876137 ], [ 6135483.35624364670366, 1975026.104290096089244 ], [ 6135570.349090918898582, 1975122.086106166243553 ], [ 6135666.330906989052892, 1975209.078953438904136 ], [ 6135770.377334498800337, 1975286.245043239556253 ], [ 6135881.4863494746387, 1975352.841223940020427 ], [ 6135998.587911362759769, 1975408.226137914927676 ], [ 6136120.554268109612167, 1975451.86639816663228 ], [ 6136246.210817024111748, 1975483.34172513242811 ], [ 6136257.03638877440244, 1975484.947547008749098 ], [ 6136264.782794075086713, 1975491.968479522969574 ], [ 6136368.829221584834158, 1975569.13456932362169 ], [ 6136479.938236560672522, 1975635.730750024085864 ], [ 6136597.03979844879359, 1975691.115663998993114 ], [ 6136719.006155195645988, 1975734.755924250697717 ], [ 6136844.662704110145569, 1975766.231251216493547 ], [ 6136972.799303935840726, 1975785.238520291401073 ], [ 6137102.181929171085358, 1975791.594681084156036 ], [ 6137231.564554406329989, 1975785.238520291401073 ], [ 6137359.701154232025146, 1975766.231251216493547 ], [ 6137485.357703146524727, 1975734.755924250697717 ], [ 6137607.324059893377125, 1975691.115663998993114 ], [ 6137724.425621781498194, 1975635.730750024085864 ], [ 6137835.534636757336557, 1975569.13456932362169 ], [ 6137939.581064267084002, 1975491.968479522969574 ], [ 6138035.562880337238312, 1975404.97563225030899 ], [ 6138122.555727609433234, 1975308.993816180154681 ], [ 6138199.721817410551012, 1975204.947388669941574 ], [ 6138266.317998111248016, 1975093.838373694568872 ], [ 6138321.702912085689604, 1974976.736811805982143 ], [ 6138365.343172337859869, 1974854.770455060061067 ], [ 6138396.818499303422868, 1974729.113906145561486 ], [ 6138415.825768378563225, 1974600.977306319167838 ], [ 6138422.181929171085358, 1974471.594681084156036 ], [ 6138415.825768378563225, 1974342.212055849144235 ], [ 6138396.818499303422868, 1974214.075456022750586 ], [ 6138365.343172337859869, 1974088.418907108251005 ], [ 6138321.702912085689604, 1973966.45255036232993 ], [ 6138266.317998111248016, 1973849.3509884737432 ], [ 6138199.721817410551012, 1973738.241973498370498 ], [ 6138122.555727609433234, 1973634.195545988157392 ], [ 6138035.562880337238312, 1973538.213729918003082 ], [ 6137939.581064267084002, 1973451.220882645342499 ], [ 6137835.534636757336557, 1973374.054792844690382 ], [ 6137724.425621781498194, 1973307.458612144226208 ], [ 6137607.324059893377125, 1973252.073698169318959 ], [ 6137485.357703146524727, 1973208.433437917614356 ], [ 6137405.78681586869061, 1973188.501968243625015 ], [ 6137353.422131596133113, 1973141.041384896729141 ], [ 6137249.375704086385667, 1973063.875295096077025 ], [ 6137138.266689110547304, 1972997.279114395612851 ], [ 6137021.165127222426236, 1972941.894200420705602 ], [ 6136899.198770475573838, 1972898.253940169000998 ], [ 6136773.542221561074257, 1972866.778613203205168 ], [ 6136645.4056217353791, 1972847.771344128297642 ], [ 6136516.022996500134468, 1972841.415183335542679 ], [ 6136386.640371264889836, 1972847.771344128297642 ], [ 6136258.503771439194679, 1972866.778613203205168 ] ] ], [ [ [ 6157706.196177242323756, 1973035.231271046446636 ], [ 6157576.813552007079124, 1973028.875110253691673 ], [ 6157447.430926771834493, 1973035.231271046446636 ], [ 6157319.294326946139336, 1973054.238540121354163 ], [ 6157193.637778031639755, 1973085.713867087149993 ], [ 6157071.671421284787357, 1973129.354127338854596 ], [ 6156954.569859396666288, 1973184.739041313761845 ], [ 6156843.460844420827925, 1973251.335222014226019 ], [ 6156739.41441691108048, 1973328.501311814878136 ], [ 6156733.627585611306131, 1973333.746189981000498 ], [ 6156727.168098011054099, 1973337.61785785201937 ], [ 6156623.121670501306653, 1973414.783947652671486 ], [ 6156527.139854431152344, 1973501.776794925332069 ], [ 6156440.147007158957422, 1973597.758610995486379 ], [ 6156362.980917357839644, 1973701.805038505699486 ], [ 6156296.384736657142639, 1973812.914053481072187 ], [ 6156240.999822682701051, 1973930.015615369658917 ], [ 6156197.359562430530787, 1974051.981972115579993 ], [ 6156165.884235464967787, 1974177.638521030079573 ], [ 6156146.87696638982743, 1974305.775120856473222 ], [ 6156140.520805597305298, 1974435.157746091485023 ], [ 6156146.87696638982743, 1974564.540371326496825 ], [ 6156165.884235464967787, 1974692.676971152890474 ], [ 6156197.359562430530787, 1974818.333520067390054 ], [ 6156240.999822682701051, 1974940.29987681331113 ], [ 6156296.384736657142639, 1975057.40143870189786 ], [ 6156362.980917357839644, 1975168.510453677270561 ], [ 6156374.663499508053064, 1975184.262592212762684 ], [ 6156397.526412508450449, 1975248.16015348257497 ], [ 6156452.911326482892036, 1975365.261715371161699 ], [ 6156519.507507183589041, 1975476.370730346534401 ], [ 6156596.673596984706819, 1975580.417157856747508 ], [ 6156683.666444256901741, 1975676.398973926901817 ], [ 6156779.64826032705605, 1975763.391821199562401 ], [ 6156883.694687836803496, 1975840.557911000214517 ], [ 6156994.803702812641859, 1975907.154091700678691 ], [ 6157111.905264700762928, 1975962.53900567558594 ], [ 6157198.862461684271693, 1975993.652788265608251 ], [ 6157266.796031038276851, 1976025.78297367063351 ], [ 6157388.762387785129249, 1976069.423233922338113 ], [ 6157514.41893669962883, 1976100.898560888133943 ], [ 6157642.555536525323987, 1976119.905829963041469 ], [ 6157771.938161760568619, 1976126.261990755796432 ], [ 6157901.320786995813251, 1976119.905829963041469 ], [ 6158029.457386821508408, 1976100.898560888133943 ], [ 6158155.113935736007988, 1976069.423233922338113 ], [ 6158277.080292482860386, 1976025.78297367063351 ], [ 6158394.181854370981455, 1975970.398059695726261 ], [ 6158505.290869346819818, 1975903.801878995262086 ], [ 6158609.337296856567264, 1975826.63578919460997 ], [ 6158705.319112926721573, 1975739.642941921949387 ], [ 6158792.311960198916495, 1975643.661125851795077 ], [ 6158869.47805, 1975539.61469834158197 ], [ 6158936.074230700731277, 1975428.505683366209269 ], [ 6158991.459144675172865, 1975311.404121477622539 ], [ 6159035.09940492734313, 1975189.437764731701463 ], [ 6159066.574731892906129, 1975063.781215817201883 ], [ 6159085.582000968046486, 1974935.644615990808234 ], [ 6159091.938161760568619, 1974806.261990755796432 ], [ 6159085.582000968046486, 1974676.879365520784631 ], [ 6159066.574731892906129, 1974548.742765694390982 ], [ 6159035.09940492734313, 1974423.086216779891402 ], [ 6158991.459144675172865, 1974301.119860033970326 ], [ 6158936.074230700731277, 1974184.018298145383596 ], [ 6158877.888160689733922, 1974086.940705162938684 ], [ 6158853.533823173493147, 1973989.712739693466574 ], [ 6158809.893562921322882, 1973867.746382947545499 ], [ 6158754.508648946881294, 1973750.644821058958769 ], [ 6158744.249514769762754, 1973733.52848974824883 ], [ 6158741.184200525283813, 1973727.04742730781436 ], [ 6158741.004871011711657, 1973726.74823408969678 ], [ 6158740.949620947241783, 1973726.631417643278837 ], [ 6158674.353440246544778, 1973615.522402667906135 ], [ 6158597.187350445427001, 1973511.475975157693028 ], [ 6158510.194503173232079, 1973415.494159087538719 ], [ 6158414.212687103077769, 1973328.501311814878136 ], [ 6158310.166259593330324, 1973251.335222014226019 ], [ 6158199.057244617491961, 1973184.739041313761845 ], [ 6158081.955682729370892, 1973129.354127338854596 ], [ 6157959.989325982518494, 1973085.713867087149993 ], [ 6157834.332777068018913, 1973054.238540121354163 ], [ 6157706.196177242323756, 1973035.231271046446636 ] ] ], [ [ [ 6142690.984258193522692, 1973478.992061734432355 ], [ 6142573.882696305401623, 1973423.607147759525105 ], [ 6142451.916339558549225, 1973379.966887507820502 ], [ 6142326.259790644049644, 1973348.491560542024672 ], [ 6142198.123190818354487, 1973329.484291467117146 ], [ 6142068.740565583109856, 1973323.128130674362183 ], [ 6141939.357940347865224, 1973329.484291467117146 ], [ 6141811.221340522170067, 1973348.491560542024672 ], [ 6141685.564791607670486, 1973379.966887507820502 ], [ 6141563.598434860818088, 1973423.607147759525105 ], [ 6141446.49687297269702, 1973478.992061734432355 ], [ 6141335.387857996858656, 1973545.588242434896529 ], [ 6141231.341430487111211, 1973622.754332235548645 ], [ 6141135.359614416956902, 1973709.747179508209229 ], [ 6141048.36676714476198, 1973805.728995578363538 ], [ 6140971.200677343644202, 1973909.775423088576645 ], [ 6140904.604496642947197, 1974020.884438063949347 ], [ 6140857.58731409907341, 1974120.293918306473643 ], [ 6140852.36152524407953, 1974111.575216331984848 ], [ 6140775.195435442961752, 1974007.528788821771741 ], [ 6140773.131894836202264, 1974005.25202261400409 ], [ 6140753.891016119159758, 1973979.30870090611279 ], [ 6140666.898168846964836, 1973883.326884835958481 ], [ 6140570.916352776810527, 1973796.334037563297898 ], [ 6140466.869925267063081, 1973719.167947762645781 ], [ 6140355.760910291224718, 1973652.571767062181607 ], [ 6140238.65934840310365, 1973597.186853087274358 ], [ 6140116.692991656251252, 1973553.546592835569754 ], [ 6139991.036442741751671, 1973522.071265869773924 ], [ 6139862.899842916056514, 1973503.063996794866398 ], [ 6139733.517217680811882, 1973496.707836002111435 ], [ 6139604.13459244556725, 1973503.063996794866398 ], [ 6139475.997992619872093, 1973522.071265869773924 ], [ 6139350.341443705372512, 1973553.546592835569754 ], [ 6139228.375086958520114, 1973597.186853087274358 ], [ 6139111.273525070399046, 1973652.571767062181607 ], [ 6139000.164510094560683, 1973719.167947762645781 ], [ 6138896.118082584813237, 1973796.334037563297898 ], [ 6138800.136266514658928, 1973883.326884835958481 ], [ 6138713.143419242464006, 1973979.30870090611279 ], [ 6138635.977329441346228, 1974083.355128416325897 ], [ 6138569.381148740649223, 1974194.464143391698599 ], [ 6138513.996234766207635, 1974311.565705280285329 ], [ 6138470.355974514037371, 1974433.532062026206404 ], [ 6138438.880647548474371, 1974559.188610940705985 ], [ 6138419.873378473334014, 1974687.325210767099634 ], [ 6138413.517217680811882, 1974816.707836002111435 ], [ 6138419.873378473334014, 1974946.090461237123236 ], [ 6138438.880647548474371, 1975074.227061063516885 ], [ 6138470.355974514037371, 1975199.883609978016466 ], [ 6138513.996234766207635, 1975321.849966723937541 ], [ 6138569.381148740649223, 1975438.951528612524271 ], [ 6138635.977329441346228, 1975550.060543587896973 ], [ 6138713.143419242464006, 1975654.10697109811008 ], [ 6138715.206959849223495, 1975656.38373730587773 ], [ 6138734.447838566266, 1975682.327059013769031 ], [ 6138821.440685838460922, 1975778.30887508392334 ], [ 6138917.422501908615232, 1975865.301722356583923 ], [ 6139021.468929418362677, 1975942.46781215723604 ], [ 6139132.57794439420104, 1976009.063992857700214 ], [ 6139249.679506282322109, 1976064.448906832607463 ], [ 6139371.645863029174507, 1976108.089167084312066 ], [ 6139497.302411943674088, 1976139.564494050107896 ], [ 6139625.439011769369245, 1976158.571763125015423 ], [ 6139754.821637004613876, 1976164.927923917770386 ], [ 6139884.204262239858508, 1976158.571763125015423 ], [ 6140012.340862065553665, 1976139.564494050107896 ], [ 6140137.997410980053246, 1976108.089167084312066 ], [ 6140259.963767726905644, 1976064.448906832607463 ], [ 6140377.065329615026712, 1976009.063992857700214 ], [ 6140488.174344590865076, 1975942.46781215723604 ], [ 6140592.220772100612521, 1975865.301722356583923 ], [ 6140688.20258817076683, 1975778.30887508392334 ], [ 6140775.195435442961752, 1975682.327059013769031 ], [ 6140852.36152524407953, 1975578.280631503555924 ], [ 6140918.957705944776535, 1975467.171616528183222 ], [ 6140965.974888488650322, 1975367.762136285658926 ], [ 6140971.200677343644202, 1975376.480838260147721 ], [ 6141048.36676714476198, 1975480.527265770360827 ], [ 6141135.359614416956902, 1975576.509081840515137 ], [ 6141231.341430487111211, 1975663.50192911317572 ], [ 6141335.387857996858656, 1975740.668018913827837 ], [ 6141446.49687297269702, 1975807.264199614292011 ], [ 6141563.598434860818088, 1975862.64911358919926 ], [ 6141685.564791607670486, 1975906.289373840903863 ], [ 6141811.221340522170067, 1975937.764700806699693 ], [ 6141872.643278988078237, 1975946.875784705393016 ], [ 6141938.978269346989691, 1976057.549029922578484 ], [ 6142016.144359148107469, 1976161.595457432791591 ], [ 6142103.137206420302391, 1976257.5772735029459 ], [ 6142199.1190224904567, 1976344.570120775606483 ], [ 6142303.165450000204146, 1976421.7362105762586 ], [ 6142414.274464976042509, 1976488.332391276722774 ], [ 6142531.376026864163578, 1976543.717305251630023 ], [ 6142653.342383611015975, 1976587.357565503334627 ], [ 6142778.998932525515556, 1976618.832892469130456 ], [ 6142907.135532351210713, 1976637.840161544037983 ], [ 6143036.518157586455345, 1976644.196322336792946 ], [ 6143165.900782821699977, 1976637.840161544037983 ], [ 6143294.037382647395134, 1976618.832892469130456 ], [ 6143419.693931561894715, 1976587.357565503334627 ], [ 6143541.660288308747113, 1976543.717305251630023 ], [ 6143658.761850196868181, 1976488.332391276722774 ], [ 6143769.870865172706544, 1976421.7362105762586 ], [ 6143873.91729268245399, 1976344.570120775606483 ], [ 6143969.899108752608299, 1976257.5772735029459 ], [ 6144056.891956024803221, 1976161.595457432791591 ], [ 6144134.058045825920999, 1976057.549029922578484 ], [ 6144147.76064239628613, 1976034.68762868992053 ], [ 6144148.30211182590574, 1976033.957541680429131 ], [ 6144214.898292526602745, 1975922.848526705056429 ], [ 6144270.283206501044333, 1975805.746964816469699 ], [ 6144313.923466753214598, 1975683.780608070548624 ], [ 6144345.398793718777597, 1975558.124059156049043 ], [ 6144364.406062793917954, 1975429.987459329655394 ], [ 6144370.762223586440086, 1975300.604834094643593 ], [ 6144364.406062793917954, 1975171.222208859631792 ], [ 6144345.398793718777597, 1975043.085609033238143 ], [ 6144313.923466753214598, 1974917.429060118738562 ], [ 6144270.283206501044333, 1974795.462703372817487 ], [ 6144214.898292526602745, 1974678.361141484230757 ], [ 6144148.30211182590574, 1974567.252126508858055 ], [ 6144071.136022024787962, 1974463.205698998644948 ], [ 6143984.14317475259304, 1974367.223882928490639 ], [ 6143888.161358682438731, 1974280.231035655830055 ], [ 6143784.114931172691286, 1974203.064945855177939 ], [ 6143673.005916196852922, 1974136.468765154713765 ], [ 6143555.904354308731854, 1974081.083851179806516 ], [ 6143433.937997561879456, 1974037.443590928101912 ], [ 6143308.281448647379875, 1974005.968263962306082 ], [ 6143215.705360749736428, 1973992.235898541519418 ], [ 6143166.28045382257551, 1973909.775423088576645 ], [ 6143089.114364021457732, 1973805.728995578363538 ], [ 6143002.12151674926281, 1973709.747179508209229 ], [ 6142906.1397006791085, 1973622.754332235548645 ], [ 6142802.093273169361055, 1973545.588242434896529 ], [ 6142690.984258193522692, 1973478.992061734432355 ] ] ], [ [ [ 6147732.979784516617656, 1974747.074918231461197 ], [ 6147628.93335700687021, 1974669.908828430809081 ], [ 6147517.824342031031847, 1974603.312647730344906 ], [ 6147400.722780142910779, 1974547.927733755437657 ], [ 6147278.756423396058381, 1974504.287473503733054 ], [ 6147153.0998744815588, 1974472.812146537937224 ], [ 6147024.963274655863643, 1974453.804877463029698 ], [ 6146895.580649420619011, 1974447.448716670274734 ], [ 6146766.198024185374379, 1974453.804877463029698 ], [ 6146638.061424359679222, 1974472.812146537937224 ], [ 6146512.404875445179641, 1974504.287473503733054 ], [ 6146390.438518698327243, 1974547.927733755437657 ], [ 6146273.336956810206175, 1974603.312647730344906 ], [ 6146162.227941834367812, 1974669.908828430809081 ], [ 6146058.181514324620366, 1974747.074918231461197 ], [ 6145962.199698254466057, 1974834.06776550412178 ], [ 6145875.206850982271135, 1974930.04958157427609 ], [ 6145798.040761181153357, 1975034.096009084489197 ], [ 6145731.444580480456352, 1975145.205024059861898 ], [ 6145676.059666506014764, 1975262.306585948448628 ], [ 6145632.4194062538445, 1975384.272942694369704 ], [ 6145600.9440792882815, 1975509.929491608869284 ], [ 6145581.936810213141143, 1975638.066091435262933 ], [ 6145575.580649420619011, 1975767.448716670274734 ], [ 6145581.936810213141143, 1975896.831341905286536 ], [ 6145600.9440792882815, 1976024.967941731680185 ], [ 6145632.4194062538445, 1976150.624490646179765 ], [ 6145676.059666506014764, 1976272.590847392100841 ], [ 6145731.444580480456352, 1976389.692409280687571 ], [ 6145798.040761181153357, 1976500.801424256060272 ], [ 6145875.206850982271135, 1976604.847851766273379 ], [ 6145962.199698254466057, 1976700.829667836427689 ], [ 6146058.181514324620366, 1976787.822515109088272 ], [ 6146162.227941834367812, 1976864.988604909740388 ], [ 6146273.336956810206175, 1976931.584785610204563 ], [ 6146390.438518698327243, 1976986.969699585111812 ], [ 6146512.404875445179641, 1977030.609959836816415 ], [ 6146638.061424359679222, 1977062.085286802612245 ], [ 6146766.198024185374379, 1977081.092555877519771 ], [ 6146895.580649420619011, 1977087.448716670274734 ], [ 6147024.963274655863643, 1977081.092555877519771 ], [ 6147153.0998744815588, 1977062.085286802612245 ], [ 6147278.756423396058381, 1977030.609959836816415 ], [ 6147400.722780142910779, 1976986.969699585111812 ], [ 6147517.824342031031847, 1976931.584785610204563 ], [ 6147628.93335700687021, 1976864.988604909740388 ], [ 6147732.979784516617656, 1976787.822515109088272 ], [ 6147828.961600586771965, 1976700.829667836427689 ], [ 6147915.954447858966887, 1976604.847851766273379 ], [ 6147993.120537660084665, 1976500.801424256060272 ], [ 6148059.71671836078167, 1976389.692409280687571 ], [ 6148115.101632335223258, 1976272.590847392100841 ], [ 6148158.741892587393522, 1976150.624490646179765 ], [ 6148190.217219552956522, 1976024.967941731680185 ], [ 6148209.224488628096879, 1975896.831341905286536 ], [ 6148215.580649420619011, 1975767.448716670274734 ], [ 6148209.224488628096879, 1975638.066091435262933 ], [ 6148190.217219552956522, 1975509.929491608869284 ], [ 6148158.741892587393522, 1975384.272942694369704 ], [ 6148115.101632335223258, 1975262.306585948448628 ], [ 6148059.71671836078167, 1975145.205024059861898 ], [ 6147993.120537660084665, 1975034.096009084489197 ], [ 6147915.954447858966887, 1974930.04958157427609 ], [ 6147828.961600586771965, 1974834.06776550412178 ], [ 6147732.979784516617656, 1974747.074918231461197 ] ] ], [ [ [ 6150868.874711758457124, 1975112.782286518253386 ], [ 6150757.765696782618761, 1975046.186105817789212 ], [ 6150640.664134894497693, 1974990.801191842881963 ], [ 6150518.697778147645295, 1974947.160931591177359 ], [ 6150393.041229233145714, 1974915.685604625381529 ], [ 6150264.904629407450557, 1974896.678335550474003 ], [ 6150135.522004172205925, 1974890.32217475771904 ], [ 6150006.139378936961293, 1974896.678335550474003 ], [ 6149878.002779111266136, 1974915.685604625381529 ], [ 6149752.346230196766555, 1974947.160931591177359 ], [ 6149630.379873449914157, 1974990.801191842881963 ], [ 6149513.278311561793089, 1975046.186105817789212 ], [ 6149402.169296585954726, 1975112.782286518253386 ], [ 6149298.12286907620728, 1975189.948376318905503 ], [ 6149202.141053006052971, 1975276.941223591566086 ], [ 6149115.148205733858049, 1975372.923039661720395 ], [ 6149037.982115932740271, 1975476.969467171933502 ], [ 6148971.385935232043266, 1975588.078482147306204 ], [ 6148916.001021257601678, 1975705.180044035892934 ], [ 6148872.360761005431414, 1975827.146400781814009 ], [ 6148840.885434039868414, 1975952.80294969631359 ], [ 6148821.878164964728057, 1976080.939549522707239 ], [ 6148815.522004172205925, 1976210.32217475771904 ], [ 6148821.878164964728057, 1976339.704799992730841 ], [ 6148840.885434039868414, 1976467.84139981912449 ], [ 6148872.360761005431414, 1976593.497948733624071 ], [ 6148916.001021257601678, 1976715.464305479545146 ], [ 6148971.385935232043266, 1976832.565867368131876 ], [ 6149037.982115932740271, 1976943.674882343504578 ], [ 6149115.148205733858049, 1977047.721309853717685 ], [ 6149202.141053006052971, 1977143.703125923871994 ], [ 6149298.12286907620728, 1977230.695973196532577 ], [ 6149402.169296585954726, 1977307.862062997184694 ], [ 6149513.278311561793089, 1977374.458243697648868 ], [ 6149630.379873449914157, 1977429.843157672556117 ], [ 6149752.346230196766555, 1977473.483417924260721 ], [ 6149878.002779111266136, 1977504.958744890056551 ], [ 6150006.139378936961293, 1977523.966013964964077 ], [ 6150135.522004172205925, 1977530.32217475771904 ], [ 6150264.904629407450557, 1977523.966013964964077 ], [ 6150393.041229233145714, 1977504.958744890056551 ], [ 6150518.697778147645295, 1977473.483417924260721 ], [ 6150640.664134894497693, 1977429.843157672556117 ], [ 6150757.765696782618761, 1977374.458243697648868 ], [ 6150868.874711758457124, 1977307.862062997184694 ], [ 6150972.92113926820457, 1977230.695973196532577 ], [ 6151068.902955338358879, 1977143.703125923871994 ], [ 6151155.895802610553801, 1977047.721309853717685 ], [ 6151233.061892411671579, 1976943.674882343504578 ], [ 6151299.658073112368584, 1976832.565867368131876 ], [ 6151355.042987086810172, 1976715.464305479545146 ], [ 6151398.683247338980436, 1976593.497948733624071 ], [ 6151430.158574304543436, 1976467.84139981912449 ], [ 6151449.165843379683793, 1976339.704799992730841 ], [ 6151455.522004172205925, 1976210.32217475771904 ], [ 6151449.165843379683793, 1976080.939549522707239 ], [ 6151430.158574304543436, 1975952.80294969631359 ], [ 6151398.683247338980436, 1975827.146400781814009 ], [ 6151355.042987086810172, 1975705.180044035892934 ], [ 6151299.658073112368584, 1975588.078482147306204 ], [ 6151233.061892411671579, 1975476.969467171933502 ], [ 6151155.895802610553801, 1975372.923039661720395 ], [ 6151068.902955338358879, 1975276.941223591566086 ], [ 6150972.92113926820457, 1975189.948376318905503 ], [ 6150868.874711758457124, 1975112.782286518253386 ] ] ], [ [ [ 6153724.590769835747778, 1975296.296355181373656 ], [ 6153620.544342326000333, 1975373.462444982025772 ], [ 6153592.848137727938592, 1975398.564821612555534 ], [ 6153564.898456247523427, 1975419.293718150351197 ], [ 6153468.916640177369118, 1975506.28656542301178 ], [ 6153381.923792905174196, 1975602.268381493166089 ], [ 6153304.757703104056418, 1975706.314809003379196 ], [ 6153238.161522403359413, 1975817.423823978751898 ], [ 6153182.776608428917825, 1975934.525385867338628 ], [ 6153139.136348176747561, 1976056.491742613259703 ], [ 6153107.661021211184561, 1976182.148291527759284 ], [ 6153088.653752136044204, 1976310.284891354152933 ], [ 6153082.297591343522072, 1976439.667516589164734 ], [ 6153088.653752136044204, 1976569.050141824176535 ], [ 6153107.661021211184561, 1976697.186741650570184 ], [ 6153139.136348176747561, 1976822.843290565069765 ], [ 6153182.776608428917825, 1976944.80964731099084 ], [ 6153238.161522403359413, 1977061.91120919957757 ], [ 6153304.757703104056418, 1977173.020224174950272 ], [ 6153381.923792905174196, 1977277.066651685163379 ], [ 6153468.916640177369118, 1977373.048467755317688 ], [ 6153564.898456247523427, 1977460.041315027978271 ], [ 6153668.944883757270873, 1977537.207404828630388 ], [ 6153780.053898733109236, 1977603.803585529094562 ], [ 6153897.155460621230304, 1977659.188499504001811 ], [ 6154019.121817368082702, 1977702.828759755706415 ], [ 6154144.778366282582283, 1977734.304086721502244 ], [ 6154272.91496610827744, 1977753.311355796409771 ], [ 6154402.297591343522072, 1977759.667516589164734 ], [ 6154531.680216578766704, 1977753.311355796409771 ], [ 6154659.816816404461861, 1977734.304086721502244 ], [ 6154785.473365318961442, 1977702.828759755706415 ], [ 6154907.439722065813839, 1977659.188499504001811 ], [ 6154955.853319830261171, 1977636.290573087288067 ], [ 6155054.894110232591629, 1977621.599259636364877 ], [ 6155180.55065914709121, 1977590.123932670569047 ], [ 6155302.517015893943608, 1977546.483672418864444 ], [ 6155419.618577782064676, 1977491.098758443957195 ], [ 6155530.727592757903039, 1977424.502577743493021 ], [ 6155634.774020267650485, 1977347.336487942840904 ], [ 6155730.755836337804794, 1977260.343640670180321 ], [ 6155817.748683609999716, 1977164.361824600026011 ], [ 6155894.914773411117494, 1977060.315397089812905 ], [ 6155961.510954111814499, 1976949.206382114440203 ], [ 6156016.895868086256087, 1976832.104820225853473 ], [ 6156060.536128338426352, 1976710.138463479932398 ], [ 6156092.011455303989351, 1976584.481914565432817 ], [ 6156111.018724379129708, 1976456.345314739039168 ], [ 6156117.37488517165184, 1976326.962689504027367 ], [ 6156111.018724379129708, 1976197.580064269015566 ], [ 6156092.011455303989351, 1976069.443464442621917 ], [ 6156060.536128338426352, 1975943.786915528122336 ], [ 6156016.895868086256087, 1975821.82055878220126 ], [ 6155961.510954111814499, 1975704.718996893614531 ], [ 6155894.914773411117494, 1975593.609981918241829 ], [ 6155817.748683609999716, 1975489.563554408028722 ], [ 6155730.755836337804794, 1975393.581738337874413 ], [ 6155634.774020267650485, 1975306.588891065213829 ], [ 6155530.727592757903039, 1975229.422801264561713 ], [ 6155419.618577782064676, 1975162.826620564097539 ], [ 6155302.517015893943608, 1975107.441706589190289 ], [ 6155180.55065914709121, 1975063.801446337485686 ], [ 6155054.894110232591629, 1975032.326119371689856 ], [ 6154926.757510406896472, 1975013.31885029678233 ], [ 6154890.826782988384366, 1975011.553686848841608 ], [ 6154888.684095738455653, 1975011.235849219607189 ], [ 6154759.301470503211021, 1975004.879688426852226 ], [ 6154629.91884526796639, 1975011.235849219607189 ], [ 6154501.782245442271233, 1975030.243118294514716 ], [ 6154376.125696527771652, 1975061.718445260310546 ], [ 6154321.614810443483293, 1975081.222752175061032 ], [ 6154200.424252361059189, 1975099.199673288501799 ], [ 6154074.767703446559608, 1975130.675000254297629 ], [ 6153952.80134669970721, 1975174.315260506002232 ], [ 6153835.699784811586142, 1975229.700174480909482 ], [ 6153724.590769835747778, 1975296.296355181373656 ] ] ] ] } }
]
}
