{
"type": "FeatureCollection",
"name": "BART_PedAccessPoints_GTFS_v3",
"crs": { "type": "name", "properties": { "name": "urn:ogc:def:crs:OGC:1.3:CRS84" } },
"features": [
{ "type": "Feature", "properties": { "stop_id": "COLS_5", "stop_name": "Snell St Entrance / Exit", "stop_code": "COLS_5", "stop_desc": "Pedestrian Access Point", "stop_lat": 37.754, "stop_lon": -122.19679, "zone_id": "BA:79542", "stop_url": null, "tts_stop_n": null, "platform_c": null, "location_t": "2", "parent_sta": "mtc:oakland-coliseum-bart", "stop_timez": "America/Los_Angeles", "wheelchair": "1", "level_id": "mtc:oakland-coliseum-bart-ground", "route_info": { "route_id": null, "route_type": null } }, "geometry": { "type": "Point", "coordinates": [ -122.196776820811891, 37.753995041483783 ] } },
{ "type": "Feature", "properties": { "stop_id": "19TH_3", "stop_name": "A2 20th and Broadway Entrance / Exit", "stop_code": "19TH_3", "stop_desc": "Pedestrian Access Point", "stop_lat": 37.80881, "stop_lon": -122.26854, "zone_id": "BA:79542", "stop_url": null, "tts_stop_n": null, "platform_c": null, "location_t": "2", "parent_sta": "mtc:19th-st-oakland-bart", "stop_timez": "America/Los_Angeles", "wheelchair": "1", "level_id": "mtc:19th-st-oakland-bart-street", "route_info": { "route_id": null, "route_type": null } }, "geometry": { "type": "Point", "coordinates": [ -122.268526803962089, 37.808805041719268 ] } },
{ "type": "Feature", "properties": { "stop_id": "EMBR_2", "stop_name": "A1 Market & Drumm Street (NE) Entrance / Exit", "stop_code": "EMBR_2", "stop_desc": "Pedestrian Access Point", "stop_lat": 37.79368, "stop_lon": -122.39603, "zone_id": "BA:79542", "stop_url": null, "tts_stop_n": null, "platform_c": null, "location_t": "2", "parent_sta": "mtc:embarcadero-bart", "stop_timez": "America/Los_Angeles", "wheelchair": "1", "level_id": "mtc:embarcadero-bart-street", "route_info": { "route_id": null, "route_type": null } }, "geometry": { "type": "Point", "coordinates": [ -122.396016786967436, 37.793675052354999 ] } },
{ "type": "Feature", "properties": { "stop_id": "EMBR_1", "stop_name": "B1 Market & Spear Street (SE) Entrance / Exit", "stop_code": "EMBR_1", "stop_desc": "Pedestrian Access Point", "stop_lat": 37.79355, "stop_lon": -122.39584, "zone_id": "BA:79542", "stop_url": null, "tts_stop_n": null, "platform_c": null, "location_t": "2", "parent_sta": "mtc:embarcadero-bart", "stop_timez": "America/Los_Angeles", "wheelchair": "1", "level_id": "mtc:embarcadero-bart-street", "route_info": { "route_id": null, "route_type": null } }, "geometry": { "type": "Point", "coordinates": [ -122.395826786408719, 37.793545052770277 ] } },
{ "type": "Feature", "properties": { "stop_id": "EMBR_3", "stop_name": "A2 Market & Davis Street (North) Entrance / Exit", "stop_code": "EMBR_3", "stop_desc": "Pedestrian Access Point", "stop_lat": 37.7929, "stop_lon": -122.39701, "zone_id": "BA:79542", "stop_url": null, "tts_stop_n": null, "platform_c": null, "location_t": "2", "parent_sta": "mtc:embarcadero-bart", "stop_timez": "America/Los_Angeles", "wheelchair": "1", "level_id": "mtc:embarcadero-bart-street", "route_info": { "route_id": null, "route_type": null } }, "geometry": { "type": "Point", "coordinates": [ -122.396996786230801, 37.792895052795352 ] } },
{ "type": "Feature", "properties": { "stop_id": "MONT_4", "stop_name": "B2 Market & 2nd Street (South) Entrance / Exit", "stop_code": "MONT_4", "stop_desc": "Pedestrian Access Point", "stop_lat": 37.78941, "stop_lon": -122.40105, "zone_id": "BA:79542", "stop_url": null, "tts_stop_n": null, "platform_c": null, "location_t": "2", "parent_sta": "mtc:montgomery-bart", "stop_timez": "America/Los_Angeles", "wheelchair": "1", "level_id": "mtc:montgomery-bart-street", "route_info": { "route_id": null, "route_type": null } }, "geometry": { "type": "Point", "coordinates": [ -122.401036786602205, 37.789405053717644 ] } },
{ "type": "Feature", "properties": { "stop_id": "EMBR_4", "stop_name": "B2 Market Street & Main Street (South) Entrance / Exit", "stop_code": "EMBR_4", "stop_desc": "Pedestrian Access Point", "stop_lat": 37.7928, "stop_lon": -122.39678, "zone_id": "BA:79542", "stop_url": null, "tts_stop_n": null, "platform_c": null, "location_t": "2", "parent_sta": "mtc:embarcadero-bart", "stop_timez": "America/Los_Angeles", "wheelchair": "0", "level_id": "mtc:embarcadero-bart-street", "route_info": { "route_id": null, "route_type": null } }, "geometry": { "type": "Point", "coordinates": [ -122.39676678693391, 37.792795052751543 ] } },
{ "type": "Feature", "properties": { "stop_id": "EMBR_5", "stop_name": "A3 Market Street & Front Street (NW) Entrance / Exit", "stop_code": "EMBR_5", "stop_desc": "Pedestrian Access Point", "stop_lat": 37.79221, "stop_lon": -122.39789, "zone_id": "BA:79542", "stop_url": null, "tts_stop_n": null, "platform_c": null, "location_t": "2", "parent_sta": "mtc:embarcadero-bart", "stop_timez": "America/Los_Angeles", "wheelchair": "0", "level_id": "mtc:embarcadero-bart-street", "route_info": { "route_id": null, "route_type": null } }, "geometry": { "type": "Point", "coordinates": [ -122.397876786420483, 37.792205052597183 ] } },
{ "type": "Feature", "properties": { "stop_id": "EMBR_6", "stop_name": "B3 Market Street & Fremont Street (SW) Entrance / Exit", "stop_code": "EMBR_6", "stop_desc": "Pedestrian Access Point", "stop_lat": 37.79205, "stop_lon": -122.39773, "zone_id": "BA:79542", "stop_url": null, "tts_stop_n": null, "platform_c": null, "location_t": "2", "parent_sta": "mtc:embarcadero-bart", "stop_timez": "America/Los_Angeles", "wheelchair": "0", "level_id": "mtc:embarcadero-bart-street", "route_info": { "route_id": null, "route_type": null } }, "geometry": { "type": "Point", "coordinates": [ -122.397716787881151, 37.792045053462758 ] } },
{ "type": "Feature", "properties": { "stop_id": "12TH_2", "stop_name": "A2 13th St and Broadway Entrance / Exit", "stop_code": "12TH_2", "stop_desc": "Pedestrian Access Point", "stop_lat": 37.80337, "stop_lon": -122.27196, "zone_id": "BA:79542", "stop_url": null, "tts_stop_n": null, "platform_c": null, "location_t": "2", "parent_sta": "mtc:12th-st-oakland-city-center-bart", "stop_timez": "America/Los_Angeles", "wheelchair": "0", "level_id": "mtc:12th-st-oakland-city-center-bart-street", "route_info": { "route_id": null, "route_type": null } }, "geometry": { "type": "Point", "coordinates": [ -122.271946804076123, 37.803365042325439 ] } },
{ "type": "Feature", "properties": { "stop_id": "12TH_1", "stop_name": "B2 13th St and Broadway Entrance / Exit", "stop_code": "12TH_1", "stop_desc": "Pedestrian Access Point", "stop_lat": 37.80328, "stop_lon": -122.27173, "zone_id": "BA:79542", "stop_url": null, "tts_stop_n": null, "platform_c": null, "location_t": "2", "parent_sta": "mtc:12th-st-oakland-city-center-bart", "stop_timez": "America/Los_Angeles", "wheelchair": "0", "level_id": "mtc:12th-st-oakland-city-center-bart-street", "route_info": { "route_id": null, "route_type": null } }, "geometry": { "type": "Point", "coordinates": [ -122.271716804520182, 37.803275043044849 ] } },
{ "type": "Feature", "properties": { "stop_id": "12TH_4", "stop_name": "A3 Oakland City Center Entrance / Exit", "stop_code": "12TH_4", "stop_desc": "Pedestrian Access Point", "stop_lat": 37.80383, "stop_lon": -122.27186, "zone_id": "BA:79542", "stop_url": null, "tts_stop_n": null, "platform_c": null, "location_t": "2", "parent_sta": "mtc:12th-st-oakland-city-center-bart", "stop_timez": "America/Los_Angeles", "wheelchair": "0", "level_id": "mtc:12th-st-oakland-city-center-bart-concourse", "route_info": { "route_id": null, "route_type": null } }, "geometry": { "type": "Point", "coordinates": [ -122.271846804908932, 37.803825041811209 ] } },
{ "type": "Feature", "properties": { "stop_id": "12TH_3", "stop_name": "B3 13th St and Broadway Entrance / Exit", "stop_code": "12TH_3", "stop_desc": "Pedestrian Access Point", "stop_lat": 37.80391, "stop_lon": -122.27134, "zone_id": "BA:79542", "stop_url": null, "tts_stop_n": null, "platform_c": null, "location_t": "2", "parent_sta": "mtc:12th-st-oakland-city-center-bart", "stop_timez": "America/Los_Angeles", "wheelchair": "0", "level_id": "mtc:12th-st-oakland-city-center-bart-street", "route_info": { "route_id": null, "route_type": null } }, "geometry": { "type": "Point", "coordinates": [ -122.271326805301214, 37.803905042250612 ] } },
{ "type": "Feature", "properties": { "stop_id": "12TH_8", "stop_name": "B4 14th St and Broadway Entrance / Exit", "stop_code": "12TH_8", "stop_desc": "Pedestrian Access Point", "stop_lat": 37.80424, "stop_lon": -122.27079, "zone_id": "BA:79542", "stop_url": null, "tts_stop_n": null, "platform_c": null, "location_t": "2", "parent_sta": "mtc:12th-st-oakland-city-center-bart", "stop_timez": "America/Los_Angeles", "wheelchair": "0", "level_id": "mtc:12th-st-oakland-city-center-bart-street", "route_info": { "route_id": null, "route_type": null } }, "geometry": { "type": "Point", "coordinates": [ -122.270776805149779, 37.804235042279203 ] } },
{ "type": "Feature", "properties": { "stop_id": "12TH_7", "stop_name": "A4 Frank Ogawa Plaza Entrance / Exit", "stop_code": "12TH_7", "stop_desc": "Pedestrian Access Point", "stop_lat": 37.80478, "stop_lon": -122.27133, "zone_id": "BA:79542", "stop_url": null, "tts_stop_n": null, "platform_c": null, "location_t": "2", "parent_sta": "mtc:12th-st-oakland-city-center-bart", "stop_timez": "America/Los_Angeles", "wheelchair": "0", "level_id": "mtc:12th-st-oakland-city-center-bart-street", "route_info": { "route_id": null, "route_type": null } }, "geometry": { "type": "Point", "coordinates": [ -122.271316803984035, 37.804775042933116 ] } },
{ "type": "Feature", "properties": { "stop_id": "12TH_5", "stop_name": "A1 12th St and Broadway Entrance / Exit", "stop_code": "12TH_5", "stop_desc": "Pedestrian Access Point", "stop_lat": 37.80248, "stop_lon": -122.2725, "zone_id": "BA:79542", "stop_url": null, "tts_stop_n": null, "platform_c": null, "location_t": "2", "parent_sta": "mtc:12th-st-oakland-city-center-bart", "stop_timez": "America/Los_Angeles", "wheelchair": "0", "level_id": "mtc:12th-st-oakland-city-center-bart-street", "route_info": { "route_id": null, "route_type": null } }, "geometry": { "type": "Point", "coordinates": [ -122.272486804581007, 37.80247504257887 ] } },
{ "type": "Feature", "properties": { "stop_id": "12TH_6", "stop_name": "B1 12th St and Broadway Entrance / Exit", "stop_code": "12TH_6", "stop_desc": "Pedestrian Access Point", "stop_lat": 37.80239, "stop_lon": -122.27227, "zone_id": "BA:79542", "stop_url": null, "tts_stop_n": null, "platform_c": null, "location_t": "2", "parent_sta": "mtc:12th-st-oakland-city-center-bart", "stop_timez": "America/Los_Angeles", "wheelchair": "0", "level_id": "mtc:12th-st-oakland-city-center-bart-street", "route_info": { "route_id": null, "route_type": null } }, "geometry": { "type": "Point", "coordinates": [ -122.272256805003849, 37.802385042499793 ] } },
{ "type": "Feature", "properties": { "stop_id": "COLS_1", "stop_name": "71st Ave Entrance / Exit", "stop_code": "COLS_1", "stop_desc": "Pedestrian Access Point", "stop_lat": 37.75427, "stop_lon": -122.19669, "zone_id": "BA:79542", "stop_url": null, "tts_stop_n": null, "platform_c": null, "location_t": "2", "parent_sta": "mtc:oakland-coliseum-bart", "stop_timez": "America/Los_Angeles", "wheelchair": "0", "level_id": "mtc:oakland-coliseum-bart-ground", "route_info": { "route_id": null, "route_type": null } }, "geometry": { "type": "Point", "coordinates": [ -122.196676821418748, 37.754265041212797 ] } },
{ "type": "Feature", "properties": { "stop_id": "COLS_3", "stop_name": "San Leandro Street Entrance / Exit", "stop_code": "COLS_3", "stop_desc": "Pedestrian Access Point", "stop_lat": 37.75395, "stop_lon": -122.19729, "zone_id": "BA:79542", "stop_url": null, "tts_stop_n": null, "platform_c": null, "location_t": "2", "parent_sta": "mtc:oakland-coliseum-bart", "stop_timez": "America/Los_Angeles", "wheelchair": "0", "level_id": "mtc:oakland-coliseum-bart-ground", "route_info": { "route_id": null, "route_type": null } }, "geometry": { "type": "Point", "coordinates": [ -122.197276821697656, 37.753945041416941 ] } },
{ "type": "Feature", "properties": { "stop_id": "SFIA_1", "stop_name": "SFIA Entrance / Exit, International Terminal, Level 3", "stop_code": "SFIA_1", "stop_desc": "Pedestrian Access Point", "stop_lat": 37.61592, "stop_lon": -122.39268, "zone_id": "BA:79542", "stop_url": null, "tts_stop_n": null, "platform_c": null, "location_t": "2", "parent_sta": "mtc:sfo", "stop_timez": "America/Los_Angeles", "wheelchair": "0", "level_id": "mtc:sfo-upper-level", "route_info": { "route_id": null, "route_type": null } }, "geometry": { "type": "Point", "coordinates": [ -122.392666807941964, 37.615915067256381 ] } },
{ "type": "Feature", "properties": { "stop_id": "MLPT_1", "stop_name": "West Station Entrance / Exit", "stop_code": "MLPT_1", "stop_desc": "Pedestrian Access Point", "stop_lat": 37.40996, "stop_lon": -121.89122, "zone_id": "BA:79542", "stop_url": null, "tts_stop_n": null, "platform_c": null, "location_t": "2", "parent_sta": "mtc:great-mall-milpitas-bart", "stop_timez": "America/Los_Angeles", "wheelchair": "0", "level_id": "mtc:great-mall/milpitas-bart-street", "route_info": { "route_id": null, "route_type": null } }, "geometry": { "type": "Point", "coordinates": [ -121.891206906266035, 37.409955047714632 ] } },
{ "type": "Feature", "properties": { "stop_id": "19TH_2", "stop_name": "A1 17th and Broaddway Entrance / Exit", "stop_code": "19TH_2", "stop_desc": "Pedestrian Access Point", "stop_lat": 37.80728, "stop_lon": -122.26982, "zone_id": "BA:79542", "stop_url": null, "tts_stop_n": null, "platform_c": null, "location_t": "2", "parent_sta": "mtc:19th-st-oakland-bart", "stop_timez": "America/Los_Angeles", "wheelchair": "0", "level_id": "mtc:19th-st-oakland-bart-street", "route_info": { "route_id": null, "route_type": null } }, "geometry": { "type": "Point", "coordinates": [ -122.269806803711944, 37.807275042461349 ] } },
{ "type": "Feature", "properties": { "stop_id": "19TH_1", "stop_name": "B2 19th and Broadway Entrance / Exit", "stop_code": "19TH_1", "stop_desc": "Pedestrian Access Point", "stop_lat": 37.80749, "stop_lon": -122.2691, "zone_id": "BA:79542", "stop_url": null, "tts_stop_n": null, "platform_c": null, "location_t": "2", "parent_sta": "mtc:19th-st-oakland-bart", "stop_timez": "America/Los_Angeles", "wheelchair": "0", "level_id": "mtc:19th-st-oakland-bart-street", "route_info": { "route_id": null, "route_type": null } }, "geometry": { "type": "Point", "coordinates": [ -122.269086804164957, 37.80748504235725 ] } },
{ "type": "Feature", "properties": { "stop_id": "19TH_5", "stop_name": "B3 19th and Broadway Entrance / Exit", "stop_code": "19TH_5", "stop_desc": "Pedestrian Access Point", "stop_lat": 37.80809, "stop_lon": -122.26875, "zone_id": "BA:79542", "stop_url": null, "tts_stop_n": null, "platform_c": null, "location_t": "2", "parent_sta": "mtc:19th-st-oakland-bart", "stop_timez": "America/Los_Angeles", "wheelchair": "0", "level_id": "mtc:19th-st-oakland-bart-street", "route_info": { "route_id": null, "route_type": null } }, "geometry": { "type": "Point", "coordinates": [ -122.268736803592901, 37.808085042216838 ] } },
{ "type": "Feature", "properties": { "stop_id": "MONT_2", "stop_name": "B1 598 Market St (SW) Entrance / Exit", "stop_code": "MONT_2", "stop_desc": "Pedestrian Access Point", "stop_lat": 37.78851, "stop_lon": -122.40222, "zone_id": "BA:79542", "stop_url": null, "tts_stop_n": null, "platform_c": null, "location_t": "2", "parent_sta": "mtc:montgomery-bart", "stop_timez": "America/Los_Angeles", "wheelchair": "0", "level_id": "mtc:montgomery-bart-street", "route_info": { "route_id": null, "route_type": null } }, "geometry": { "type": "Point", "coordinates": [ -122.402206786556022, 37.788505052935442 ] } },
{ "type": "Feature", "properties": { "stop_id": "MONT_1", "stop_name": "A1 Market & Post Street (NW) Entrance / Exit", "stop_code": "MONT_1", "stop_desc": "Pedestrian Access Point", "stop_lat": 37.78892, "stop_lon": -122.40219, "zone_id": "BA:79542", "stop_url": null, "tts_stop_n": null, "platform_c": null, "location_t": "2", "parent_sta": "mtc:montgomery-bart", "stop_timez": "America/Los_Angeles", "wheelchair": "0", "level_id": "mtc:montgomery-bart-street", "route_info": { "route_id": null, "route_type": null } }, "geometry": { "type": "Point", "coordinates": [ -122.402176787303816, 37.788915053384379 ] } },
{ "type": "Feature", "properties": { "stop_id": "MONT_3", "stop_name": "A2 Market & Montgomery Street (NE) Entrance / Exit", "stop_code": "MONT_3", "stop_desc": "Pedestrian Access Point", "stop_lat": 37.78919, "stop_lon": -122.40176, "zone_id": "BA:79542", "stop_url": null, "tts_stop_n": null, "platform_c": null, "location_t": "2", "parent_sta": "mtc:montgomery-bart", "stop_timez": "America/Los_Angeles", "wheelchair": "0", "level_id": "mtc:montgomery-bart-street", "route_info": { "route_id": null, "route_type": null } }, "geometry": { "type": "Point", "coordinates": [ -122.401746786729333, 37.789185053408907 ] } },
{ "type": "Feature", "properties": { "stop_id": "MONT_7", "stop_name": "B3 575 Market St (SE) Entrance / Exit", "stop_code": "MONT_7", "stop_desc": "Pedestrian Access Point", "stop_lat": 37.78982, "stop_lon": -122.40052, "zone_id": "BA:79542", "stop_url": null, "tts_stop_n": null, "platform_c": null, "location_t": "2", "parent_sta": "mtc:montgomery-bart", "stop_timez": "America/Los_Angeles", "wheelchair": "0", "level_id": "mtc:montgomery-bart-street", "route_info": { "route_id": null, "route_type": null } }, "geometry": { "type": "Point", "coordinates": [ -122.400506786213057, 37.789815052829148 ] } },
{ "type": "Feature", "properties": { "stop_id": "MONT_5", "stop_name": "A3 Sutter Street Entrance / Exit", "stop_code": "MONT_5", "stop_desc": "Pedestrian Access Point", "stop_lat": 37.78997, "stop_lon": -122.40075, "zone_id": "BA:79542", "stop_url": null, "tts_stop_n": null, "platform_c": null, "location_t": "2", "parent_sta": "mtc:montgomery-bart", "stop_timez": "America/Los_Angeles", "wheelchair": "0", "level_id": "mtc:montgomery-bart-street", "route_info": { "route_id": null, "route_type": null } }, "geometry": { "type": "Point", "coordinates": [ -122.400736786505576, 37.789965053070446 ] } },
{ "type": "Feature", "properties": { "stop_id": "MONT_6", "stop_name": "A4 Sansome Street Entrance / Exit", "stop_code": "MONT_6", "stop_desc": "Pedestrian Access Point", "stop_lat": 37.79051, "stop_lon": -122.4007, "zone_id": "BA:79542", "stop_url": null, "tts_stop_n": null, "platform_c": null, "location_t": "2", "parent_sta": "mtc:montgomery-bart", "stop_timez": "America/Los_Angeles", "wheelchair": "0", "level_id": "mtc:montgomery-bart-street", "route_info": { "route_id": null, "route_type": null } }, "geometry": { "type": "Point", "coordinates": [ -122.400686786255775, 37.790505053923226 ] } },
{ "type": "Feature", "properties": { "stop_id": "POWL_8", "stop_name": "B1 Market Street & 5th Street Entrance / Exit", "stop_code": "POWL_8", "stop_desc": "Pedestrian Access Point", "stop_lat": 37.78371, "stop_lon": -122.40829, "zone_id": "BA:79542", "stop_url": null, "tts_stop_n": null, "platform_c": null, "location_t": "2", "parent_sta": "mtc:powell", "stop_timez": "America/Los_Angeles", "wheelchair": "0", "level_id": "mtc:powell-street", "route_info": { "route_id": null, "route_type": null } }, "geometry": { "type": "Point", "coordinates": [ -122.408276786603707, 37.783705053609637 ] } },
{ "type": "Feature", "properties": { "stop_id": "POWL_7", "stop_name": "A1 899 Market St Entrance / Exit", "stop_code": "POWL_7", "stop_desc": "Pedestrian Access Point", "stop_lat": 37.78458, "stop_lon": -122.40778, "zone_id": "BA:79542", "stop_url": null, "tts_stop_n": null, "platform_c": null, "location_t": "2", "parent_sta": "mtc:powell", "stop_timez": "America/Los_Angeles", "wheelchair": "0", "level_id": "mtc:powell-street", "route_info": { "route_id": null, "route_type": null } }, "geometry": { "type": "Point", "coordinates": [ -122.407766786537493, 37.784575054217711 ] } },
{ "type": "Feature", "properties": { "stop_id": "POWL_6", "stop_name": "B2 Market Street & 5th Street (NE) Entrance / Exit", "stop_code": "POWL_6", "stop_desc": "Pedestrian Access Point", "stop_lat": 37.7844, "stop_lon": -122.40741, "zone_id": "BA:79542", "stop_url": null, "tts_stop_n": null, "platform_c": null, "location_t": "2", "parent_sta": "mtc:powell", "stop_timez": "America/Los_Angeles", "wheelchair": "0", "level_id": "mtc:powell-street", "route_info": { "route_id": null, "route_type": null } }, "geometry": { "type": "Point", "coordinates": [ -122.407396786275896, 37.78439505445909 ] } },
{ "type": "Feature", "properties": { "stop_id": "POWL_5", "stop_name": "B3 Market Street & 4th Street (South) Entrance / Exit", "stop_code": "POWL_5", "stop_desc": "Pedestrian Access Point", "stop_lat": 37.78528, "stop_lon": -122.40628, "zone_id": "BA:79542", "stop_url": null, "tts_stop_n": null, "platform_c": null, "location_t": "2", "parent_sta": "mtc:powell", "stop_timez": "America/Los_Angeles", "wheelchair": "0", "level_id": "mtc:powell-street", "route_info": { "route_id": null, "route_type": null } }, "geometry": { "type": "Point", "coordinates": [ -122.406266786566505, 37.78527505465496 ] } },
{ "type": "Feature", "properties": { "stop_id": "POWL_4", "stop_name": "A2 Market Street & Ellis Street Entrance / Exit", "stop_code": "POWL_4", "stop_desc": "Pedestrian Access Point", "stop_lat": 37.78546, "stop_lon": -122.40645, "zone_id": "BA:79542", "stop_url": null, "tts_stop_n": null, "platform_c": null, "location_t": "2", "parent_sta": "mtc:powell", "stop_timez": "America/Los_Angeles", "wheelchair": "0", "level_id": "mtc:powell-street", "route_info": { "route_id": null, "route_type": null } }, "geometry": { "type": "Point", "coordinates": [ -122.406436785602224, 37.785455053190084 ] } },
{ "type": "Feature", "properties": { "stop_id": "POWL_3", "stop_name": "A3 Stockton Street Entrance / Exit", "stop_code": "POWL_3", "stop_desc": "Pedestrian Access Point", "stop_lat": 37.78583, "stop_lon": -122.40637, "zone_id": "BA:79542", "stop_url": null, "tts_stop_n": null, "platform_c": null, "location_t": "2", "parent_sta": "mtc:powell", "stop_timez": "America/Los_Angeles", "wheelchair": "0", "level_id": "mtc:powell-street", "route_info": { "route_id": null, "route_type": null } }, "geometry": { "type": "Point", "coordinates": [ -122.406356786186052, 37.785825053552585 ] } },
{ "type": "Feature", "properties": { "stop_id": "POWL_2", "stop_name": "B4 Market Street & 4th Street (SE) Entrance / Exit", "stop_code": "POWL_2", "stop_desc": "Pedestrian Access Point", "stop_lat": 37.78598, "stop_lon": -122.40541, "zone_id": "BA:79542", "stop_url": null, "tts_stop_n": null, "platform_c": null, "location_t": "2", "parent_sta": "mtc:powell", "stop_timez": "America/Los_Angeles", "wheelchair": "0", "level_id": "mtc:powell-street", "route_info": { "route_id": null, "route_type": null } }, "geometry": { "type": "Point", "coordinates": [ -122.40539678686423, 37.785975053803313 ] } },
{ "type": "Feature", "properties": { "stop_id": "POWL_1", "stop_name": "A4 Market Street & 4th Street (NE) Entrance / Exit", "stop_code": "POWL_1", "stop_desc": "Pedestrian Access Point", "stop_lat": 37.78615, "stop_lon": -122.40556, "zone_id": "BA:79542", "stop_url": null, "tts_stop_n": null, "platform_c": null, "location_t": "2", "parent_sta": "mtc:powell", "stop_timez": "America/Los_Angeles", "wheelchair": "0", "level_id": "mtc:powell-street", "route_info": { "route_id": null, "route_type": null } }, "geometry": { "type": "Point", "coordinates": [ -122.405546786843416, 37.786145053884511 ] } },
{ "type": "Feature", "properties": { "stop_id": "CIVC_2", "stop_name": "A3 1150 Market Street - UN Plaza Stairs Entrance / Exit", "stop_code": "CIVC_2", "stop_desc": "Pedestrian Access Point", "stop_lat": 37.77976, "stop_lon": -122.41425, "zone_id": "BA:79542", "stop_url": null, "tts_stop_n": null, "platform_c": null, "location_t": "2", "parent_sta": "mtc:civic-center-bart", "stop_timez": "America/Los_Angeles", "wheelchair": "0", "level_id": "mtc:civic-center-bart-street", "route_info": { "route_id": null, "route_type": null } }, "geometry": { "type": "Point", "coordinates": [ -122.414236785005301, 37.779755055310062 ] } },
{ "type": "Feature", "properties": { "stop_id": "CIVC_3", "stop_name": "B3 1150 Market Street Entrance / Exit", "stop_code": "CIVC_3", "stop_desc": "Pedestrian Access Point", "stop_lat": 37.77953, "stop_lon": -122.41356, "zone_id": "BA:79542", "stop_url": null, "tts_stop_n": null, "platform_c": null, "location_t": "2", "parent_sta": "mtc:civic-center-bart", "stop_timez": "America/Los_Angeles", "wheelchair": "0", "level_id": "mtc:civic-center-bart-street", "route_info": { "route_id": null, "route_type": null } }, "geometry": { "type": "Point", "coordinates": [ -122.413546786503787, 37.779525055773433 ] } },
{ "type": "Feature", "properties": { "stop_id": "CIVC_5", "stop_name": "B4 Market Street & 7th Street (NE) Entrance / Exit", "stop_code": "CIVC_5", "stop_desc": "Pedestrian Access Point", "stop_lat": 37.78025, "stop_lon": -122.41266, "zone_id": "BA:79542", "stop_url": null, "tts_stop_n": null, "platform_c": null, "location_t": "2", "parent_sta": "mtc:civic-center-bart", "stop_timez": "America/Los_Angeles", "wheelchair": "0", "level_id": "mtc:civic-center-bart-street", "route_info": { "route_id": null, "route_type": null } }, "geometry": { "type": "Point", "coordinates": [ -122.412646786139405, 37.780245055600254 ] } },
{ "type": "Feature", "properties": { "stop_id": "CIVC_4", "stop_name": "A4 Market Street & 7th Street (NW) Entrance / Exit", "stop_code": "CIVC_4", "stop_desc": "Pedestrian Access Point", "stop_lat": 37.78036, "stop_lon": -122.4129, "zone_id": "BA:79542", "stop_url": null, "tts_stop_n": null, "platform_c": null, "location_t": "2", "parent_sta": "mtc:civic-center-bart", "stop_timez": "America/Los_Angeles", "wheelchair": "0", "level_id": "mtc:civic-center-bart-street", "route_info": { "route_id": null, "route_type": null } }, "geometry": { "type": "Point", "coordinates": [ -122.412886785769857, 37.780355054589641 ] } },
{ "type": "Feature", "properties": { "stop_id": "CIVC_7", "stop_name": "B2 Market Street & 8th Street (SE) Entrance / Exit", "stop_code": "CIVC_7", "stop_desc": "Pedestrian Access Point", "stop_lat": 37.7788, "stop_lon": -122.4145, "zone_id": "BA:79542", "stop_url": null, "tts_stop_n": null, "platform_c": null, "location_t": "2", "parent_sta": "mtc:civic-center-bart", "stop_timez": "America/Los_Angeles", "wheelchair": "0", "level_id": "mtc:civic-center-bart-street", "route_info": { "route_id": null, "route_type": null } }, "geometry": { "type": "Point", "coordinates": [ -122.414486786148657, 37.778795055458154 ] } },
{ "type": "Feature", "properties": { "stop_id": "CIVC_6", "stop_name": "A2 Market Street & Hyde Street (SW) Entrance / Exit", "stop_code": "CIVC_6", "stop_desc": "Pedestrian Access Point", "stop_lat": 37.77896, "stop_lon": -122.41468, "zone_id": "BA:79542", "stop_url": null, "tts_stop_n": null, "platform_c": null, "location_t": "2", "parent_sta": "mtc:civic-center-bart", "stop_timez": "America/Los_Angeles", "wheelchair": "0", "level_id": "mtc:civic-center-bart-street", "route_info": { "route_id": null, "route_type": null } }, "geometry": { "type": "Point", "coordinates": [ -122.41466678582664, 37.778955054860937 ] } },
{ "type": "Feature", "properties": { "stop_id": "19TH_4", "stop_name": "B4 20th and Broadway Entrance / Exit", "stop_code": "19TH_4", "stop_desc": "Pedestrian Access Point", "stop_lat": 37.80897, "stop_lon": -122.26784, "zone_id": "BA:79542", "stop_url": null, "tts_stop_n": null, "platform_c": null, "location_t": "2", "parent_sta": "mtc:19th-st-oakland-bart", "stop_timez": "America/Los_Angeles", "wheelchair": "0", "level_id": "mtc:19th-st-oakland-bart-street", "route_info": { "route_id": null, "route_type": null } }, "geometry": { "type": "Point", "coordinates": [ -122.26782680479522, 37.808965041964967 ] } },
{ "type": "Feature", "properties": { "stop_id": "19TH_6", "stop_name": "B1 17th and Broadway Entrance / Exit", "stop_code": "19TH_6", "stop_desc": "Pedestrian Access Point", "stop_lat": 37.80684, "stop_lon": -122.2695, "zone_id": "BA:79542", "stop_url": null, "tts_stop_n": null, "platform_c": null, "location_t": "2", "parent_sta": "mtc:19th-st-oakland-bart", "stop_timez": "America/Los_Angeles", "wheelchair": "0", "level_id": "mtc:19th-st-oakland-bart-street", "route_info": { "route_id": null, "route_type": null } }, "geometry": { "type": "Point", "coordinates": [ -122.269486804381955, 37.806835042239982 ] } },
{ "type": "Feature", "properties": { "stop_id": "MCAR_1", "stop_name": "Main Entrance / Exit", "stop_code": "MCAR_1", "stop_desc": "Pedestrian Access Point", "stop_lat": 37.82907, "stop_lon": -122.26686, "zone_id": "BA:79542", "stop_url": null, "tts_stop_n": null, "platform_c": null, "location_t": "2", "parent_sta": "mtc:macarthur-bart", "stop_timez": "America/Los_Angeles", "wheelchair": "0", "level_id": "mtc:macarthur-bart-street", "route_info": { "route_id": null, "route_type": null } }, "geometry": { "type": "Point", "coordinates": [ -122.266846801860453, 37.829065039679442 ] } },
{ "type": "Feature", "properties": { "stop_id": "MLBR_1", "stop_name": "Main Entrance / Exit", "stop_code": "MLBR_1", "stop_desc": "Pedestrian Access Point", "stop_lat": 37.60046, "stop_lon": -122.38645, "zone_id": "BA:79542", "stop_url": null, "tts_stop_n": null, "platform_c": null, "location_t": "2", "parent_sta": "mtc:millbrae-bart", "stop_timez": "America/Los_Angeles", "wheelchair": "0", "level_id": "mtc:millbrae-bart-east-plaza", "route_info": { "route_id": null, "route_type": null } }, "geometry": { "type": "Point", "coordinates": [ -122.386436811124625, 37.600455067927925 ] } },
{ "type": "Feature", "properties": { "stop_id": "COLS_2", "stop_name": "Elevated Walkway to Amtrak Station, Coliseum Arena Entrance / Exit", "stop_code": "COLS_2", "stop_desc": "Pedestrian Access Point", "stop_lat": 37.75409, "stop_lon": -122.19737, "zone_id": "BA:79542", "stop_url": null, "tts_stop_n": null, "platform_c": null, "location_t": "2", "parent_sta": "mtc:oakland-coliseum-bart", "stop_timez": "America/Los_Angeles", "wheelchair": "0", "level_id": "mtc:oakland-coliseum-bart-walkway-stairwell", "route_info": { "route_id": null, "route_type": null } }, "geometry": { "type": "Point", "coordinates": [ -122.197356821592194, 37.75408504148303 ] } },
{ "type": "Feature", "properties": { "stop_id": "MLPT_2", "stop_name": "East Station Entrance / Exit", "stop_code": "MLPT_2", "stop_desc": "Pedestrian Access Point", "stop_lat": 37.41014, "stop_lon": -121.89069, "zone_id": "BA:79542", "stop_url": null, "tts_stop_n": null, "platform_c": null, "location_t": "2", "parent_sta": "mtc:great-mall-milpitas-bart", "stop_timez": "America/Los_Angeles", "wheelchair": "0", "level_id": "mtc:great-mall/milpitas-bart-street", "route_info": { "route_id": null, "route_type": null } }, "geometry": { "type": "Point", "coordinates": [ -121.890676906327784, 37.410135048070906 ] } },
{ "type": "Feature", "properties": { "stop_id": "DUBL_1", "stop_name": "Main Entrance / Exit", "stop_code": "DUBL_1", "stop_desc": "Pedestrian Access Point", "stop_lat": 37.70165, "stop_lon": -121.89819, "zone_id": "BA:79542", "stop_url": null, "tts_stop_n": null, "platform_c": null, "location_t": "2", "parent_sta": "mtc:dublin-pleasanton-bart", "stop_timez": "America/Los_Angeles", "wheelchair": "0", "level_id": "mtc:dublin/-pleasanton-bart-street", "route_info": { "route_id": null, "route_type": null } }, "geometry": { "type": "Point", "coordinates": [ -121.898176872928943, 37.701645024214876 ] } },
{ "type": "Feature", "properties": { "stop_id": "CIVC_1", "stop_name": "Elevator Entrance / Exit", "stop_code": "CIVC_1", "stop_desc": "Pedestrian Access Point", "stop_lat": 37.77971, "stop_lon": -122.4137, "zone_id": "BA:79542", "stop_url": null, "tts_stop_n": null, "platform_c": null, "location_t": "2", "parent_sta": "mtc:civic-center-bart", "stop_timez": "America/Los_Angeles", "wheelchair": "0", "level_id": "mtc:civic-center-bart-street", "route_info": { "route_id": null, "route_type": null } }, "geometry": { "type": "Point", "coordinates": [ -122.413686785997285, 37.779705054819345 ] } },
{ "type": "Feature", "properties": { "stop_id": "WARM_1", "stop_name": "Main (East) Entrance / Exit", "stop_code": "WARM_1", "stop_desc": "Pedestrian Access Point", "stop_lat": 37.50225, "stop_lon": -121.93843, "zone_id": "BA:79542", "stop_url": null, "tts_stop_n": null, "platform_c": null, "location_t": "2", "parent_sta": "mtc:warm-springs-south-fremont-bart", "stop_timez": "America/Los_Angeles", "wheelchair": "0", "level_id": "mtc:ground", "route_info": { "route_id": null, "route_type": null } }, "geometry": { "type": "Point", "coordinates": [ -121.938416888772153, 37.502245044241739 ] } },
{ "type": "Feature", "properties": { "stop_id": "16TH_1", "stop_name": "A 16TH & Mission SW Entrance / Exit", "stop_code": "16TH_1", "stop_desc": "Pedestrian Access Point", "stop_lat": 37.76474, "stop_lon": -122.42004, "zone_id": "BA:79542", "stop_url": null, "tts_stop_n": null, "platform_c": null, "location_t": "2", "parent_sta": "901509", "stop_timez": "America/Los_Angeles", "wheelchair": null, "level_id": null, "route_info": { "route_id": null, "route_type": null } }, "geometry": { "type": "Point", "coordinates": [ -122.420026786653452, 37.764735056377219 ] } },
{ "type": "Feature", "properties": { "stop_id": "BALB_2", "stop_name": "A1 Geneva Ave Entrance / Exit", "stop_code": "BALB_2", "stop_desc": "Pedestrian Access Point", "stop_lat": 37.72082, "stop_lon": -122.44763, "zone_id": "BA:79542", "stop_url": null, "tts_stop_n": null, "platform_c": null, "location_t": "2", "parent_sta": "901809", "stop_timez": "America/Los_Angeles", "wheelchair": null, "level_id": null, "route_info": { "route_id": null, "route_type": null } }, "geometry": { "type": "Point", "coordinates": [ -122.44761678769656, 37.720815062515101 ] } },
{ "type": "Feature", "properties": { "stop_id": "LAKE_4", "stop_name": "A1 NE Chinatown Entrance / Exit", "stop_code": "LAKE_4", "stop_desc": "Pedestrian Access Point", "stop_lat": 37.7976, "stop_lon": -122.26553, "zone_id": "BA:79542", "stop_url": null, "tts_stop_n": null, "platform_c": null, "location_t": "2", "parent_sta": "902109", "stop_timez": "America/Los_Angeles", "wheelchair": null, "level_id": null, "route_info": { "route_id": null, "route_type": null } }, "geometry": { "type": "Point", "coordinates": [ -122.265516805692471, 37.797595042889434 ] } },
{ "type": "Feature", "properties": { "stop_id": "DBRK_4", "stop_name": "A1 Shattuck Ave & Addison Street (East) Entrance / Exit", "stop_code": "DBRK_4", "stop_desc": "Pedestrian Access Point", "stop_lat": 37.87101, "stop_lon": -122.26814, "zone_id": "BA:79542", "stop_url": null, "tts_stop_n": null, "platform_c": null, "location_t": "2", "parent_sta": "904209", "stop_timez": "America/Los_Angeles", "wheelchair": null, "level_id": null, "route_info": { "route_id": null, "route_type": null } }, "geometry": { "type": "Point", "coordinates": [ -122.268126797863772, 37.871005037328935 ] } },
{ "type": "Feature", "properties": { "stop_id": "24TH_3", "stop_name": "A 24TH & Mission SW Entrance / Exit", "stop_code": "24TH_3", "stop_desc": "Pedestrian Access Point", "stop_lat": 37.75194, "stop_lon": -122.41883, "zone_id": "BA:79542", "stop_url": null, "tts_stop_n": null, "platform_c": null, "location_t": "2", "parent_sta": "901609", "stop_timez": "America/Los_Angeles", "wheelchair": null, "level_id": null, "route_info": { "route_id": null, "route_type": null } }, "geometry": { "type": "Point", "coordinates": [ -122.418816788304156, 37.751935057823879 ] } },
{ "type": "Feature", "properties": { "stop_id": "BALB_1", "stop_name": "A2 John F Foran Fwy (Ramp) Entrance / Exit", "stop_code": "BALB_1", "stop_desc": "Pedestrian Access Point", "stop_lat": 37.72198, "stop_lon": -122.44751, "zone_id": "BA:79542", "stop_url": null, "tts_stop_n": null, "platform_c": null, "location_t": "2", "parent_sta": "901809", "stop_timez": "America/Los_Angeles", "wheelchair": null, "level_id": null, "route_info": { "route_id": null, "route_type": null } }, "geometry": { "type": "Point", "coordinates": [ -122.447496788078951, 37.721975062123597 ] } },
{ "type": "Feature", "properties": { "stop_id": "LAKE_3", "stop_name": "A2 SE 9th & Oak St Entrance / Exit", "stop_code": "LAKE_3", "stop_desc": "Pedestrian Access Point", "stop_lat": 37.79739, "stop_lon": -122.26483, "zone_id": "BA:79542", "stop_url": null, "tts_stop_n": null, "platform_c": null, "location_t": "2", "parent_sta": "902109", "stop_timez": "America/Los_Angeles", "wheelchair": null, "level_id": null, "route_info": { "route_id": null, "route_type": null } }, "geometry": { "type": "Point", "coordinates": [ -122.264816806176654, 37.797385042514669 ] } },
{ "type": "Feature", "properties": { "stop_id": "DBRK_2", "stop_name": "A2 Shattuck Ave & Allston Way (East) Entrance / Exit", "stop_code": "DBRK_2", "stop_desc": "Pedestrian Access Point", "stop_lat": 37.86971, "stop_lon": -122.26777, "zone_id": "BA:79542", "stop_url": null, "tts_stop_n": null, "platform_c": null, "location_t": "2", "parent_sta": "904209", "stop_timez": "America/Los_Angeles", "wheelchair": null, "level_id": null, "route_info": { "route_id": null, "route_type": null } }, "geometry": { "type": "Point", "coordinates": [ -122.267756797549495, 37.869705036645314 ] } },
{ "type": "Feature", "properties": { "stop_id": "ASHB_2", "stop_name": "Adeline Street East Entrance / Exit Elevator", "stop_code": "ASHB_2", "stop_desc": "Pedestrian Access Point", "stop_lat": 37.85276, "stop_lon": -122.26957, "zone_id": "BA:79542", "stop_url": null, "tts_stop_n": null, "platform_c": null, "location_t": "2", "parent_sta": "904109", "stop_timez": "America/Los_Angeles", "wheelchair": null, "level_id": null, "route_info": { "route_id": null, "route_type": null } }, "geometry": { "type": "Point", "coordinates": [ -122.269556799232561, 37.852755038305141 ] } },
{ "type": "Feature", "properties": { "stop_id": "ASHB_1", "stop_name": "Adeline Street East Entrance / Exit Stairs", "stop_code": "ASHB_1", "stop_desc": "Pedestrian Access Point", "stop_lat": 37.8524, "stop_lon": -122.2697, "zone_id": "BA:79542", "stop_url": null, "tts_stop_n": null, "platform_c": null, "location_t": "2", "parent_sta": "904109", "stop_timez": "America/Los_Angeles", "wheelchair": null, "level_id": null, "route_info": { "route_id": null, "route_type": null } }, "geometry": { "type": "Point", "coordinates": [ -122.269686799734075, 37.85239503808409 ] } },
{ "type": "Feature", "properties": { "stop_id": "ASHB_3", "stop_name": "TDB Pedestrian Access Point", "stop_code": "ASHB_3", "stop_desc": "Pedestrian Access Point", "stop_lat": 37.85281, "stop_lon": -122.27004, "zone_id": "BA:79542", "stop_url": null, "tts_stop_n": null, "platform_c": null, "location_t": "2", "parent_sta": "904109", "stop_timez": "America/Los_Angeles", "wheelchair": null, "level_id": null, "route_info": { "route_id": null, "route_type": null } }, "geometry": { "type": "Point", "coordinates": [ -122.270062413566478, 37.852816319763541 ] } },
{ "type": "Feature", "properties": { "stop_id": "16TH_2", "stop_name": "B 16TH & Mission NE Entrance / Exit", "stop_code": "16TH_2", "stop_desc": "Pedestrian Access Point", "stop_lat": 37.76528, "stop_lon": -122.41934, "zone_id": "BA:79542", "stop_url": null, "tts_stop_n": null, "platform_c": null, "location_t": "2", "parent_sta": "901509", "stop_timez": "America/Los_Angeles", "wheelchair": null, "level_id": null, "route_info": { "route_id": null, "route_type": null } }, "geometry": { "type": "Point", "coordinates": [ -122.419326786526113, 37.765275056604864 ] } },
{ "type": "Feature", "properties": { "stop_id": "BALB_3", "stop_name": "B1 Geneva Ave Entrance / Exit", "stop_code": "BALB_3", "stop_desc": "Pedestrian Access Point", "stop_lat": 37.72118, "stop_lon": -122.44734, "zone_id": "BA:79542", "stop_url": null, "tts_stop_n": null, "platform_c": null, "location_t": "2", "parent_sta": "901809", "stop_timez": "America/Los_Angeles", "wheelchair": null, "level_id": null, "route_info": { "route_id": null, "route_type": null } }, "geometry": { "type": "Point", "coordinates": [ -122.447326787783297, 37.721175062322295 ] } },
{ "type": "Feature", "properties": { "stop_id": "LAKE_1", "stop_name": "B1 NW 8th & Oak St Jack London Sq Entrance / Exit", "stop_code": "LAKE_1", "stop_desc": "Pedestrian Access Point", "stop_lat": 37.79711, "stop_lon": -122.26559, "zone_id": "BA:79542", "stop_url": null, "tts_stop_n": null, "platform_c": null, "location_t": "2", "parent_sta": "902109", "stop_timez": "America/Los_Angeles", "wheelchair": null, "level_id": null, "route_info": { "route_id": null, "route_type": null } }, "geometry": { "type": "Point", "coordinates": [ -122.265576805178199, 37.797105042259624 ] } },
{ "type": "Feature", "properties": { "stop_id": "DBRK_3", "stop_name": "B1 Shattuck Ave & Addison Street (West) Entrance / Exit", "stop_code": "DBRK_3", "stop_desc": "Pedestrian Access Point", "stop_lat": 37.87101, "stop_lon": -122.26837, "zone_id": "BA:79542", "stop_url": null, "tts_stop_n": null, "platform_c": null, "location_t": "2", "parent_sta": "904209", "stop_timez": "America/Los_Angeles", "wheelchair": null, "level_id": null, "route_info": { "route_id": null, "route_type": null } }, "geometry": { "type": "Point", "coordinates": [ -122.268356797158447, 37.871005036689894 ] } },
{ "type": "Feature", "properties": { "stop_id": "24TH_2", "stop_name": "B 24TH & Mission NE Entrance / Exit", "stop_code": "24TH_2", "stop_desc": "Pedestrian Access Point", "stop_lat": 37.75248, "stop_lon": -122.41811, "zone_id": "BA:79542", "stop_url": null, "tts_stop_n": null, "platform_c": null, "location_t": "2", "parent_sta": "901609", "stop_timez": "America/Los_Angeles", "wheelchair": null, "level_id": null, "route_info": { "route_id": null, "route_type": null } }, "geometry": { "type": "Point", "coordinates": [ -122.418096787551548, 37.752475057665919 ] } },
{ "type": "Feature", "properties": { "stop_id": "BALB_5", "stop_name": "B2 (Elevator) Geneva Ave Entrance / Exit", "stop_code": "BALB_5", "stop_desc": "Pedestrian Access Point", "stop_lat": 37.72124, "stop_lon": -122.44758, "zone_id": "BA:79542", "stop_url": null, "tts_stop_n": null, "platform_c": null, "location_t": "2", "parent_sta": "901809", "stop_timez": "America/Los_Angeles", "wheelchair": null, "level_id": null, "route_info": { "route_id": null, "route_type": null } }, "geometry": { "type": "Point", "coordinates": [ -122.447566787116386, 37.721235062431447 ] } },
{ "type": "Feature", "properties": { "stop_id": "LAKE_2", "stop_name": "B2 SW 8th St, Laney College Entrance / Exit", "stop_code": "LAKE_2", "stop_desc": "Pedestrian Access Point", "stop_lat": 37.79707, "stop_lon": -122.26516, "zone_id": "BA:79542", "stop_url": null, "tts_stop_n": null, "platform_c": null, "location_t": "2", "parent_sta": "902109", "stop_timez": "America/Los_Angeles", "wheelchair": null, "level_id": null, "route_info": { "route_id": null, "route_type": null } }, "geometry": { "type": "Point", "coordinates": [ -122.265146805873627, 37.797065042851266 ] } },
{ "type": "Feature", "properties": { "stop_id": "DBRK_5", "stop_name": "B3 DBRK Entrance / Exit", "stop_code": "DBRK_5", "stop_desc": "Pedestrian Access Point", "stop_lat": 37.8701, "stop_lon": -122.26822, "zone_id": "BA:79542", "stop_url": null, "tts_stop_n": null, "platform_c": null, "location_t": "2", "parent_sta": "904209", "stop_timez": "America/Los_Angeles", "wheelchair": null, "level_id": null, "route_info": { "route_id": null, "route_type": null } }, "geometry": { "type": "Point", "coordinates": [ -122.268206796232633, 37.870095036907571 ] } },
{ "type": "Feature", "properties": { "stop_id": "BALB_4", "stop_name": "B3 Geneva Ave Entrance / Exit", "stop_code": "BALB_4", "stop_desc": "Pedestrian Access Point", "stop_lat": 37.72133, "stop_lon": -122.44739, "zone_id": "BA:79542", "stop_url": null, "tts_stop_n": null, "platform_c": null, "location_t": "2", "parent_sta": "901809", "stop_timez": "America/Los_Angeles", "wheelchair": null, "level_id": null, "route_info": { "route_id": null, "route_type": null } }, "geometry": { "type": "Point", "coordinates": [ -122.447376787117761, 37.721325062423617 ] } },
{ "type": "Feature", "properties": { "stop_id": "BALB_6", "stop_name": "B4 John F Foran Fwy (Ramp) Entrance / Exit", "stop_code": "BALB_6", "stop_desc": "Pedestrian Access Point", "stop_lat": 37.72196, "stop_lon": -122.44733, "zone_id": "BA:79542", "stop_url": null, "tts_stop_n": null, "platform_c": null, "location_t": "2", "parent_sta": "901809", "stop_timez": "America/Los_Angeles", "wheelchair": null, "level_id": null, "route_info": { "route_id": null, "route_type": null } }, "geometry": { "type": "Point", "coordinates": [ -122.447316787828072, 37.72195506289156 ] } },
{ "type": "Feature", "properties": { "stop_id": "DBRK_1", "stop_name": "B4 Shattuck Ave & Allston Way (West) Entrance / Exit", "stop_code": "DBRK_1", "stop_desc": "Pedestrian Access Point", "stop_lat": 37.8695, "stop_lon": -122.26819, "zone_id": "BA:79542", "stop_url": null, "tts_stop_n": null, "platform_c": null, "location_t": "2", "parent_sta": "904209", "stop_timez": "America/Los_Angeles", "wheelchair": null, "level_id": null, "route_info": { "route_id": null, "route_type": null } }, "geometry": { "type": "Point", "coordinates": [ -122.268176796712169, 37.869495036892019 ] } },
{ "type": "Feature", "properties": { "stop_id": "SSAN_1", "stop_name": "East Concourse Entrance / Exit", "stop_code": "SSAN_1", "stop_desc": "Pedestrian Access Point", "stop_lat": 37.66432, "stop_lon": -122.44384, "zone_id": "BA:79542", "stop_url": null, "tts_stop_n": null, "platform_c": null, "location_t": "2", "parent_sta": "906209", "stop_timez": "America/Los_Angeles", "wheelchair": null, "level_id": null, "route_info": { "route_id": null, "route_type": null } }, "geometry": { "type": "Point", "coordinates": [ -122.443826794427508, 37.664315066685383 ] } },
{ "type": "Feature", "properties": { "stop_id": "SANL_2", "stop_name": "East Entrance / Exit", "stop_code": "SANL_2", "stop_desc": "Pedestrian Access Point", "stop_lat": 37.72152, "stop_lon": -122.16045, "zone_id": "BA:79542", "stop_url": null, "tts_stop_n": null, "platform_c": null, "location_t": "2", "parent_sta": "902409", "stop_timez": "America/Los_Angeles", "wheelchair": null, "level_id": null, "route_info": { "route_id": null, "route_type": null } }, "geometry": { "type": "Point", "coordinates": [ -122.160436830486972, 37.721515041492665 ] } },
{ "type": "Feature", "properties": { "stop_id": "FRMT_1", "stop_name": "East Plaza Entrance / Exit", "stop_code": "FRMT_1", "stop_desc": "Pedestrian Access Point", "stop_lat": 37.55751, "stop_lon": -121.97643, "zone_id": "BA:79542", "stop_url": null, "tts_stop_n": null, "platform_c": null, "location_t": "2", "parent_sta": "902909", "stop_timez": "America/Los_Angeles", "wheelchair": null, "level_id": null, "route_info": { "route_id": null, "route_type": null } }, "geometry": { "type": "Point", "coordinates": [ -121.976416876774707, 37.557505041565427 ] } },
{ "type": "Feature", "properties": { "stop_id": "24TH_1", "stop_name": "Elevator Entrance / Exit", "stop_code": "24TH_1", "stop_desc": "Pedestrian Access Point", "stop_lat": 37.75258, "stop_lon": -122.41833, "zone_id": "BA:79542", "stop_url": null, "tts_stop_n": null, "platform_c": null, "location_t": "2", "parent_sta": "901609", "stop_timez": "America/Los_Angeles", "wheelchair": null, "level_id": null, "route_info": { "route_id": null, "route_type": null } }, "geometry": { "type": "Point", "coordinates": [ -122.418316788728347, 37.752575057377932 ] } },
{ "type": "Feature", "properties": { "stop_id": "16TH_3", "stop_name": "Elevator Entrance / Exit", "stop_code": "16TH_3", "stop_desc": "Pedestrian Access Point", "stop_lat": 37.76535, "stop_lon": -122.41955, "zone_id": "BA:79542", "stop_url": null, "tts_stop_n": null, "platform_c": null, "location_t": "2", "parent_sta": "901509", "stop_timez": "America/Los_Angeles", "wheelchair": null, "level_id": null, "route_info": { "route_id": null, "route_type": null } }, "geometry": { "type": "Point", "coordinates": [ -122.419536787151429, 37.7653450572708 ] } },
{ "type": "Feature", "properties": { "stop_id": "SBRN_1", "stop_name": "Huntington Ave Entrance / Exit", "stop_code": "SBRN_1", "stop_desc": "Pedestrian Access Point", "stop_lat": 37.63779, "stop_lon": -122.41617, "zone_id": "BA:79542", "stop_url": null, "tts_stop_n": null, "platform_c": null, "location_t": "2", "parent_sta": "906309", "stop_timez": "America/Los_Angeles", "wheelchair": null, "level_id": null, "route_info": { "route_id": null, "route_type": null } }, "geometry": { "type": "Point", "coordinates": [ -122.41612510215424, 37.63779132077314 ] } },
{ "type": "Feature", "properties": { "stop_id": "SHAY_1", "stop_name": "Main Entrance / Exit", "stop_code": "SHAY_1", "stop_desc": "Pedestrian Access Point", "stop_lat": 37.63451, "stop_lon": -122.05686, "zone_id": "BA:79542", "stop_url": null, "tts_stop_n": null, "platform_c": null, "location_t": "2", "parent_sta": "902709", "stop_timez": "America/Los_Angeles", "wheelchair": null, "level_id": null, "route_info": { "route_id": null, "route_type": null } }, "geometry": { "type": "Point", "coordinates": [ -122.056846856165407, 37.634505041125024 ] } },
{ "type": "Feature", "properties": { "stop_id": "BERY_1", "stop_name": "Main Entrance / Exit", "stop_code": "BERY_1", "stop_desc": "Pedestrian Access Point", "stop_lat": 37.36847, "stop_lon": -121.87457, "zone_id": "BA:79542", "stop_url": null, "tts_stop_n": null, "platform_c": null, "location_t": "2", "parent_sta": "909509", "stop_timez": "America/Los_Angeles", "wheelchair": null, "level_id": null, "route_info": { "route_id": null, "route_type": null } }, "geometry": { "type": "Point", "coordinates": [ -121.874497382161607, 37.368469470718502 ] } },
{ "type": "Feature", "properties": { "stop_id": "HAYW_1", "stop_name": "Main Entrance / Exit", "stop_code": "HAYW_1", "stop_desc": "Pedestrian Access Point", "stop_lat": 37.66958, "stop_lon": -122.0866, "zone_id": "BA:79542", "stop_url": null, "tts_stop_n": null, "platform_c": null, "location_t": "2", "parent_sta": "902609", "stop_timez": "America/Los_Angeles", "wheelchair": null, "level_id": null, "route_info": { "route_id": null, "route_type": null } }, "geometry": { "type": "Point", "coordinates": [ -122.086586848197527, 37.66957504059917 ] } },
{ "type": "Feature", "properties": { "stop_id": "CAST_1", "stop_name": "Main Entrance / Exit", "stop_code": "CAST_1", "stop_desc": "Pedestrian Access Point", "stop_lat": 37.69131, "stop_lon": -122.07593, "zone_id": "BA:79542", "stop_url": null, "tts_stop_n": null, "platform_c": null, "location_t": "2", "parent_sta": "905109", "stop_timez": "America/Los_Angeles", "wheelchair": null, "level_id": null, "route_info": { "route_id": null, "route_type": null } }, "geometry": { "type": "Point", "coordinates": [ -122.075916846627706, 37.691305037417344 ] } },
{ "type": "Feature", "properties": { "stop_id": "ROCK_2", "stop_name": "Main (South) Entrance / Exit", "stop_code": "ROCK_2", "stop_desc": "Pedestrian Access Point", "stop_lat": 37.8445, "stop_lon": -122.25144, "zone_id": "BA:79542", "stop_url": null, "tts_stop_n": null, "platform_c": null, "location_t": "2", "parent_sta": "903109", "stop_timez": "America/Los_Angeles", "wheelchair": null, "level_id": null, "route_info": { "route_id": null, "route_type": null } }, "geometry": { "type": "Point", "coordinates": [ -122.25142680300651, 37.844495037991173 ] } },
{ "type": "Feature", "properties": { "stop_id": "NBRK_1", "stop_name": "North Entrance / Exit", "stop_code": "NBRK_1", "stop_desc": "Pedestrian Access Point", "stop_lat": 37.87409, "stop_lon": -122.28336, "zone_id": "BA:79542", "stop_url": null, "tts_stop_n": null, "platform_c": null, "location_t": "2", "parent_sta": "904309", "stop_timez": "America/Los_Angeles", "wheelchair": null, "level_id": null, "route_info": { "route_id": null, "route_type": null } }, "geometry": { "type": "Point", "coordinates": [ -122.283445148084724, 37.874093745750123 ] } },
{ "type": "Feature", "properties": { "stop_id": "WOAK_1", "stop_name": "North Station Entrance / Exit", "stop_code": "WOAK_1", "stop_desc": "Pedestrian Access Point", "stop_lat": 37.80503, "stop_lon": -122.2953, "zone_id": "BA:79542", "stop_url": null, "tts_stop_n": null, "platform_c": null, "location_t": "2", "parent_sta": "901109", "stop_timez": "America/Los_Angeles", "wheelchair": null, "level_id": null, "route_info": { "route_id": null, "route_type": null } }, "geometry": { "type": "Point", "coordinates": [ -122.295286800845162, 37.805025044208335 ] } },
{ "type": "Feature", "properties": { "stop_id": "BERY_3", "stop_name": "South Entrance / Exit", "stop_code": "BERY_3", "stop_desc": "Pedestrian Access Point", "stop_lat": 37.3682, "stop_lon": -121.87456, "zone_id": "BA:79542", "stop_url": null, "tts_stop_n": null, "platform_c": null, "location_t": "2", "parent_sta": "909509", "stop_timez": "America/Los_Angeles", "wheelchair": null, "level_id": null, "route_info": { "route_id": null, "route_type": null } }, "geometry": { "type": "Point", "coordinates": [ -121.874280188472525, 37.367556087669612 ] } },
{ "type": "Feature", "properties": { "stop_id": "WOAK_2", "stop_name": "South Station Entrance / Exit", "stop_code": "WOAK_2", "stop_desc": "Pedestrian Access Point", "stop_lat": 37.80489, "stop_lon": -122.29539, "zone_id": "BA:79542", "stop_url": null, "tts_stop_n": null, "platform_c": null, "location_t": "2", "parent_sta": "901109", "stop_timez": "America/Los_Angeles", "wheelchair": null, "level_id": null, "route_info": { "route_id": null, "route_type": null } }, "geometry": { "type": "Point", "coordinates": [ -122.295376800623359, 37.804885044475505 ] } },
{ "type": "Feature", "properties": { "stop_id": "FRMT_3", "stop_name": "Station Entrance / Exit", "stop_code": "FRMT_3", "stop_desc": "Pedestrian Access Point", "stop_lat": 37.55763, "stop_lon": -121.97646, "zone_id": "BA:79542", "stop_url": null, "tts_stop_n": null, "platform_c": null, "location_t": "2", "parent_sta": "902909", "stop_timez": "America/Los_Angeles", "wheelchair": null, "level_id": null, "route_info": { "route_id": null, "route_type": null } }, "geometry": { "type": "Point", "coordinates": [ -121.976446876568417, 37.557625041678932 ] } },
{ "type": "Feature", "properties": { "stop_id": "BAYF_2", "stop_name": "West Entrance / Exit", "stop_code": "BAYF_2", "stop_desc": "Pedestrian Access Point", "stop_lat": 37.69687, "stop_lon": -122.12699, "zone_id": "BA:79542", "stop_url": null, "tts_stop_n": null, "platform_c": null, "location_t": "2", "parent_sta": "902509", "stop_timez": "America/Los_Angeles", "wheelchair": null, "level_id": null, "route_info": { "route_id": null, "route_type": null } }, "geometry": { "type": "Point", "coordinates": [ -122.126976838284179, 37.696865040636396 ] } },
{ "type": "Feature", "properties": { "stop_id": "SANL_1", "stop_name": "West Entrance / Exit", "stop_code": "SANL_1", "stop_desc": "Pedestrian Access Point", "stop_lat": 37.72144, "stop_lon": -122.16062, "zone_id": "BA:79542", "stop_url": null, "tts_stop_n": null, "platform_c": null, "location_t": "2", "parent_sta": "902409", "stop_timez": "America/Los_Angeles", "wheelchair": null, "level_id": null, "route_info": { "route_id": null, "route_type": null } }, "geometry": { "type": "Point", "coordinates": [ -122.160606830352279, 37.721435041012093 ] } },
{ "type": "Feature", "properties": { "stop_id": "FRMT_2", "stop_name": "West Plaza Entrance / Exit", "stop_code": "FRMT_2", "stop_desc": "Pedestrian Access Point", "stop_lat": 37.5574, "stop_lon": -121.97671, "zone_id": "BA:79542", "stop_url": null, "tts_stop_n": null, "platform_c": null, "location_t": "2", "parent_sta": "902909", "stop_timez": "America/Los_Angeles", "wheelchair": null, "level_id": null, "route_info": { "route_id": null, "route_type": null } }, "geometry": { "type": "Point", "coordinates": [ -121.976696876464089, 37.557395042109384 ] } },
{ "type": "Feature", "properties": { "stop_id": "Future_BART_Station_Diridon", "stop_name": "Future_BART_Station_Diridon", "stop_code": null, "stop_desc": "Pedestrian Access Point", "stop_lat": 0.0, "stop_lon": 0.0, "zone_id": null, "stop_url": null, "tts_stop_n": null, "platform_c": null, "location_t": "2", "parent_sta": null, "stop_timez": null, "wheelchair": null, "level_id": null, "route_info": null }, "geometry": { "type": "Point", "coordinates": [ -121.90138237980031, 37.331533508294399 ] } },
{ "type": "Feature", "properties": { "stop_id": "Future_BART_Station_Diridon", "stop_name": "Future_BART_Station_Diridon", "stop_code": null, "stop_desc": "Pedestrian Access Point", "stop_lat": 0.0, "stop_lon": 0.0, "zone_id": null, "stop_url": null, "tts_stop_n": null, "platform_c": null, "location_t": "2", "parent_sta": null, "stop_timez": null, "wheelchair": null, "level_id": null, "route_info": null }, "geometry": { "type": "Point", "coordinates": [ -121.902005738216189, 37.331515065713077 ] } },
{ "type": "Feature", "properties": { "stop_id": "Future_BART_Station_SantaClara", "stop_name": "Future_BART_Station_SantaClara", "stop_code": null, "stop_desc": "Pedestrian Access Point", "stop_lat": 0.0, "stop_lon": 0.0, "zone_id": null, "stop_url": null, "tts_stop_n": null, "platform_c": null, "location_t": "2", "parent_sta": null, "stop_timez": null, "wheelchair": null, "level_id": null, "route_info": null }, "geometry": { "type": "Point", "coordinates": [ -121.936842173991437, 37.354468594526409 ] } },
{ "type": "Feature", "properties": { "stop_id": "Future_BART_Station_DowntownSanJose", "stop_name": "Future_BART_Station_DowntownSanJose", "stop_code": null, "stop_desc": "Pedestrian Access Point", "stop_lat": 0.0, "stop_lon": 0.0, "zone_id": null, "stop_url": null, "tts_stop_n": null, "platform_c": null, "location_t": "2", "parent_sta": null, "stop_timez": null, "wheelchair": null, "level_id": null, "route_info": null }, "geometry": { "type": "Point", "coordinates": [ -121.89133233476025, 37.335945354737611 ] } },
{ "type": "Feature", "properties": { "stop_id": "Future_BART_Station_DowntownSanJose", "stop_name": "Future_BART_Station_DowntownSanJose", "stop_code": null, "stop_desc": "Pedestrian Access Point", "stop_lat": 0.0, "stop_lon": 0.0, "zone_id": null, "stop_url": null, "tts_stop_n": null, "platform_c": null, "location_t": "2", "parent_sta": null, "stop_timez": null, "wheelchair": null, "level_id": null, "route_info": null }, "geometry": { "type": "Point", "coordinates": [ -121.891511019466904, 37.336335172970173 ] } },
{ "type": "Feature", "properties": { "stop_id": "Future_BART_Station_28thSt", "stop_name": "Future_BART_Station_28thSt", "stop_code": null, "stop_desc": "Pedestrian Access Point", "stop_lat": 0.0, "stop_lon": 0.0, "zone_id": null, "stop_url": null, "tts_stop_n": null, "platform_c": null, "location_t": "2", "parent_sta": null, "stop_timez": null, "wheelchair": null, "level_id": null, "route_info": null }, "geometry": { "type": "Point", "coordinates": [ -121.865251624458637, 37.350357385365577 ] } },
{ "type": "Feature", "properties": { "stop_id": "Future_BART_Station_28thSt", "stop_name": "Future_BART_Station_28thSt", "stop_code": null, "stop_desc": "Pedestrian Access Point", "stop_lat": 0.0, "stop_lon": 0.0, "zone_id": null, "stop_url": null, "tts_stop_n": null, "platform_c": null, "location_t": "2", "parent_sta": null, "stop_timez": null, "wheelchair": null, "level_id": null, "route_info": null }, "geometry": { "type": "Point", "coordinates": [ -121.86524224587005, 37.350837551848386 ] } },
{ "type": "Feature", "properties": { "stop_id": "Future_BART_Station_Irvington", "stop_name": "Future_BART_Station_Irvington", "stop_code": null, "stop_desc": "Pedestrian Access Point", "stop_lat": 0.0, "stop_lon": 0.0, "zone_id": null, "stop_url": null, "tts_stop_n": null, "platform_c": null, "location_t": "2", "parent_sta": null, "stop_timez": null, "wheelchair": null, "level_id": null, "route_info": null }, "geometry": { "type": "Point", "coordinates": [ -121.953674508221695, 37.532242532956118 ] } },
{ "type": "Feature", "properties": { "stop_id": "Future_BART_Station_Irvington", "stop_name": "Future_BART_Station_Irvington", "stop_code": null, "stop_desc": "Pedestrian Access Point", "stop_lat": 0.0, "stop_lon": 0.0, "zone_id": null, "stop_url": null, "tts_stop_n": null, "platform_c": null, "location_t": "2", "parent_sta": null, "stop_timez": null, "wheelchair": null, "level_id": null, "route_info": null }, "geometry": { "type": "Point", "coordinates": [ -121.953553085760447, 37.53222690958102 ] } },
{ "type": "Feature", "properties": { "stop_id": "Future_BART_Station_Irvington", "stop_name": "Future_BART_Station_Irvington", "stop_code": null, "stop_desc": "Pedestrian Access Point", "stop_lat": 0.0, "stop_lon": 0.0, "zone_id": null, "stop_url": null, "tts_stop_n": null, "platform_c": null, "location_t": "2", "parent_sta": null, "stop_timez": null, "wheelchair": null, "level_id": null, "route_info": null }, "geometry": { "type": "Point", "coordinates": [ -121.954055385711825, 37.532490812393519 ] } },
{ "type": "Feature", "properties": { "stop_id": "DALY_1", "stop_name": "TBD Pedestrian Access Point", "stop_code": "DALY_1", "stop_desc": "Pedestrian Access Point", "stop_lat": 37.70613, "stop_lon": -122.46902, "zone_id": "BA:79542", "stop_url": null, "tts_stop_n": null, "platform_c": null, "location_t": "2", "parent_sta": "mtc:daly-city-bart", "stop_timez": "America/Los_Angeles", "wheelchair": "0", "level_id": "mtc:daly-city-bart-ground", "route_info": { "route_id": null, "route_type": null } }, "geometry": { "type": "Point", "coordinates": [ -122.469152482332589, 37.706174454033096 ] } },
{ "type": "Feature", "properties": { "stop_id": "DALY_1", "stop_name": "TBD Pedestrian Access Point", "stop_code": "DALY_1", "stop_desc": "Pedestrian Access Point", "stop_lat": 37.70613, "stop_lon": -122.46902, "zone_id": "BA:79542", "stop_url": null, "tts_stop_n": null, "platform_c": null, "location_t": "2", "parent_sta": "mtc:daly-city-bart", "stop_timez": "America/Los_Angeles", "wheelchair": "0", "level_id": "mtc:daly-city-bart-ground", "route_info": { "route_id": null, "route_type": null } }, "geometry": { "type": "Point", "coordinates": [ -122.469042206595191, 37.705929987863691 ] } },
{ "type": "Feature", "properties": { "stop_id": "DALY_1", "stop_name": "TBD Pedestrian Access Point", "stop_code": "DALY_1", "stop_desc": "Pedestrian Access Point", "stop_lat": 37.70613, "stop_lon": -122.46902, "zone_id": "BA:79542", "stop_url": null, "tts_stop_n": null, "platform_c": null, "location_t": "2", "parent_sta": "mtc:daly-city-bart", "stop_timez": "America/Los_Angeles", "wheelchair": "0", "level_id": "mtc:daly-city-bart-ground", "route_info": { "route_id": null, "route_type": null } }, "geometry": { "type": "Point", "coordinates": [ -122.469277904039373, 37.70604619606258 ] } },
{ "type": "Feature", "properties": { "stop_id": "DALY_1", "stop_name": "TBD Pedestrian Access Point", "stop_code": "DALY_1", "stop_desc": "Pedestrian Access Point", "stop_lat": 37.70613, "stop_lon": -122.46902, "zone_id": "BA:79542", "stop_url": null, "tts_stop_n": null, "platform_c": null, "location_t": "2", "parent_sta": "mtc:daly-city-bart", "stop_timez": "America/Los_Angeles", "wheelchair": "0", "level_id": "mtc:daly-city-bart-ground", "route_info": { "route_id": null, "route_type": null } }, "geometry": { "type": "Point", "coordinates": [ -122.468616029751146, 37.706453903670081 ] } },
{ "type": "Feature", "properties": { "stop_id": "DALY_1", "stop_name": "TBD Pedestrian Access Point", "stop_code": "DALY_1", "stop_desc": "Pedestrian Access Point", "stop_lat": 37.70613, "stop_lon": -122.46902, "zone_id": "BA:79542", "stop_url": null, "tts_stop_n": null, "platform_c": null, "location_t": "2", "parent_sta": "mtc:daly-city-bart", "stop_timez": "America/Los_Angeles", "wheelchair": "0", "level_id": "mtc:daly-city-bart-ground", "route_info": { "route_id": null, "route_type": null } }, "geometry": { "type": "Point", "coordinates": [ -122.468820516407007, 37.706558507714206 ] } },
{ "type": "Feature", "properties": { "stop_id": "DALY_1", "stop_name": "TBD Pedestrian Access Point", "stop_code": "DALY_1", "stop_desc": "Pedestrian Access Point", "stop_lat": 37.70613, "stop_lon": -122.46902, "zone_id": "BA:79542", "stop_url": null, "tts_stop_n": null, "platform_c": null, "location_t": "2", "parent_sta": "mtc:daly-city-bart", "stop_timez": "America/Los_Angeles", "wheelchair": "0", "level_id": "mtc:daly-city-bart-ground", "route_info": { "route_id": null, "route_type": null } }, "geometry": { "type": "Point", "coordinates": [ -122.468860531978621, 37.706149479930943 ] } },
{ "type": "Feature", "properties": { "stop_id": "COLM_1", "stop_name": "West Entrance / Exit to Parking Garage", "stop_code": "COLM_1", "stop_desc": "Pedestrian Access Point", "stop_lat": 37.68448, "stop_lon": -122.46636, "zone_id": "BA:79542", "stop_url": null, "tts_stop_n": null, "platform_c": null, "location_t": "2", "parent_sta": "906109", "stop_timez": "America/Los_Angeles", "wheelchair": null, "level_id": null, "route_info": { "route_id": null, "route_type": null } }, "geometry": { "type": "Point", "coordinates": [ -122.466346788737965, 37.684475066605451 ] } },
{ "type": "Feature", "properties": { "stop_id": "COLM_2", "stop_name": "East Entrance / Exit", "stop_code": "COLM_2", "stop_desc": "Pedestrian Access Point", "stop_lat": 37.68477, "stop_lon": -122.46604, "zone_id": "BA:79542", "stop_url": null, "tts_stop_n": null, "platform_c": null, "location_t": "2", "parent_sta": "906109", "stop_timez": "America/Los_Angeles", "wheelchair": null, "level_id": null, "route_info": { "route_id": null, "route_type": null } }, "geometry": { "type": "Point", "coordinates": [ -122.466026789700436, 37.684765067318942 ] } },
{ "type": "Feature", "properties": { "stop_id": "COLM_2", "stop_name": "TBD Pedestrian Access Point", "stop_code": "COLM_2", "stop_desc": "Pedestrian Access Point", "stop_lat": 37.68477, "stop_lon": -122.46604, "zone_id": "BA:79542", "stop_url": null, "tts_stop_n": null, "platform_c": null, "location_t": "2", "parent_sta": "906109", "stop_timez": "America/Los_Angeles", "wheelchair": null, "level_id": null, "route_info": { "route_id": null, "route_type": null } }, "geometry": { "type": "Point", "coordinates": [ -122.467930939969904, 37.683307069992559 ] } },
{ "type": "Feature", "properties": { "stop_id": "SSAN_2", "stop_name": "West Concourse Entrance / Exit", "stop_code": "SSAN_2", "stop_desc": "Pedestrian Access Point", "stop_lat": 37.6641, "stop_lon": -122.44406, "zone_id": "BA:79542", "stop_url": null, "tts_stop_n": null, "platform_c": null, "location_t": "2", "parent_sta": "906209", "stop_timez": "America/Los_Angeles", "wheelchair": null, "level_id": null, "route_info": { "route_id": null, "route_type": null } }, "geometry": { "type": "Point", "coordinates": [ -122.44404679524196, 37.664095067223847 ] } },
{ "type": "Feature", "properties": { "stop_id": "SBRN_2", "stop_name": "TBD Pedestrian Access Point", "stop_code": "SBRN_2", "stop_desc": "Pedestrian Access Point", "stop_lat": 37.63774, "stop_lon": -122.41641, "zone_id": "BA:79542", "stop_url": null, "tts_stop_n": null, "platform_c": null, "location_t": "2", "parent_sta": "906309", "stop_timez": "America/Los_Angeles", "wheelchair": null, "level_id": null, "route_info": { "route_id": null, "route_type": null } }, "geometry": { "type": "Point", "coordinates": [ -122.416481176805576, 37.637709980658215 ] } },
{ "type": "Feature", "properties": { "stop_id": "SBRN_1", "stop_name": "TBD Pedestrian Access Point", "stop_code": "SBRN_1", "stop_desc": "Pedestrian Access Point", "stop_lat": 37.63779, "stop_lon": -122.41617, "zone_id": "BA:79542", "stop_url": null, "tts_stop_n": null, "platform_c": null, "location_t": "2", "parent_sta": "906309", "stop_timez": "America/Los_Angeles", "wheelchair": null, "level_id": null, "route_info": { "route_id": null, "route_type": null } }, "geometry": { "type": "Point", "coordinates": [ -122.416250710615842, 37.637899596800793 ] } },
{ "type": "Feature", "properties": { "stop_id": "SBRN_1", "stop_name": "TBD Pedestrian Access Point", "stop_code": "SBRN_1", "stop_desc": "Pedestrian Access Point", "stop_lat": 37.63779, "stop_lon": -122.41617, "zone_id": "BA:79542", "stop_url": null, "tts_stop_n": null, "platform_c": null, "location_t": "2", "parent_sta": "906309", "stop_timez": "America/Los_Angeles", "wheelchair": null, "level_id": null, "route_info": { "route_id": null, "route_type": null } }, "geometry": { "type": "Point", "coordinates": [ -122.416088207097133, 37.637631505938359 ] } },
{ "type": "Feature", "properties": { "stop_id": "GLEN_1", "stop_name": "Main Entrance / Exit", "stop_code": "GLEN_1", "stop_desc": "Pedestrian Access Point", "stop_lat": 37.73318, "stop_lon": -122.43388, "zone_id": "BA:79542", "stop_url": null, "tts_stop_n": null, "platform_c": null, "location_t": "2", "parent_sta": "901709", "stop_timez": "America/Los_Angeles", "wheelchair": null, "level_id": null, "route_info": { "route_id": null, "route_type": null } }, "geometry": { "type": "Point", "coordinates": [ -122.433867445060116, 37.733170205477819 ] } },
{ "type": "Feature", "properties": { "stop_id": "MLBR_1", "stop_name": "Main Entrance / Exit", "stop_code": "MLBR_1", "stop_desc": "Pedestrian Access Point", "stop_lat": 37.60046, "stop_lon": -122.38645, "zone_id": "BA:79542", "stop_url": null, "tts_stop_n": null, "platform_c": null, "location_t": "2", "parent_sta": "mtc:millbrae-bart", "stop_timez": "America/Los_Angeles", "wheelchair": "0", "level_id": "mtc:millbrae-bart-east-plaza", "route_info": { "route_id": null, "route_type": null } }, "geometry": { "type": "Point", "coordinates": [ -122.38734801249619, 37.600260193085745 ] } },
{ "type": "Feature", "properties": { "stop_id": "MLBR_1", "stop_name": "Main Entrance / Exit", "stop_code": "MLBR_1", "stop_desc": "Pedestrian Access Point", "stop_lat": 37.60046, "stop_lon": -122.38645, "zone_id": "BA:79542", "stop_url": null, "tts_stop_n": null, "platform_c": null, "location_t": "2", "parent_sta": "mtc:millbrae-bart", "stop_timez": "America/Los_Angeles", "wheelchair": "0", "level_id": "mtc:millbrae-bart-east-plaza", "route_info": { "route_id": null, "route_type": null } }, "geometry": { "type": "Point", "coordinates": [ -122.386818843889529, 37.599774391906159 ] } },
{ "type": "Feature", "properties": { "stop_id": "BERY_1", "stop_name": "TBD Pedestrian Access Point", "stop_code": "BERY_1", "stop_desc": "Pedestrian Access Point", "stop_lat": 37.36847, "stop_lon": -121.87457, "zone_id": "BA:79542", "stop_url": null, "tts_stop_n": null, "platform_c": null, "location_t": "2", "parent_sta": "909509", "stop_timez": "America/Los_Angeles", "wheelchair": null, "level_id": null, "route_info": { "route_id": null, "route_type": null } }, "geometry": { "type": "Point", "coordinates": [ -121.874446404882292, 37.368764759495974 ] } },
{ "type": "Feature", "properties": { "stop_id": "BERY_1", "stop_name": "TBD Pedestrian Access Point", "stop_code": "BERY_1", "stop_desc": "Pedestrian Access Point", "stop_lat": 37.36847, "stop_lon": -121.87457, "zone_id": "BA:79542", "stop_url": null, "tts_stop_n": null, "platform_c": null, "location_t": "2", "parent_sta": "909509", "stop_timez": "America/Los_Angeles", "wheelchair": null, "level_id": null, "route_info": { "route_id": null, "route_type": null } }, "geometry": { "type": "Point", "coordinates": [ -121.87439260462601, 37.368492052952234 ] } },
{ "type": "Feature", "properties": { "stop_id": "BERY_1", "stop_name": "TBD Pedestrian Access Point", "stop_code": "BERY_1", "stop_desc": "Pedestrian Access Point", "stop_lat": 37.36847, "stop_lon": -121.87457, "zone_id": "BA:79542", "stop_url": null, "tts_stop_n": null, "platform_c": null, "location_t": "2", "parent_sta": "909509", "stop_timez": "America/Los_Angeles", "wheelchair": null, "level_id": null, "route_info": { "route_id": null, "route_type": null } }, "geometry": { "type": "Point", "coordinates": [ -121.874247052681795, 37.36823711105604 ] } },
{ "type": "Feature", "properties": { "stop_id": "BERY_2", "stop_name": "North Entrance / Exit", "stop_code": "BERY_2", "stop_desc": "Pedestrian Access Point", "stop_lat": 37.36871, "stop_lon": -121.87472, "zone_id": "BA:79542", "stop_url": null, "tts_stop_n": null, "platform_c": null, "location_t": "2", "parent_sta": "909509", "stop_timez": "America/Los_Angeles", "wheelchair": null, "level_id": null, "route_info": { "route_id": null, "route_type": null } }, "geometry": { "type": "Point", "coordinates": [ -121.874896839596431, 37.36944427862894 ] } },
{ "type": "Feature", "properties": { "stop_id": "BERY_2", "stop_name": "TBD Pedestrian Access Point", "stop_code": "BERY_2", "stop_desc": "Pedestrian Access Point", "stop_lat": 37.36871, "stop_lon": -121.87472, "zone_id": "BA:79542", "stop_url": null, "tts_stop_n": null, "platform_c": null, "location_t": "2", "parent_sta": "909509", "stop_timez": "America/Los_Angeles", "wheelchair": null, "level_id": null, "route_info": { "route_id": null, "route_type": null } }, "geometry": { "type": "Point", "coordinates": [ -121.875014829753752, 37.368957209934095 ] } },
{ "type": "Feature", "properties": { "stop_id": "BERY_2", "stop_name": "North Entrance / Exit", "stop_code": "BERY_2", "stop_desc": "Pedestrian Access Point", "stop_lat": 37.36871, "stop_lon": -121.87472, "zone_id": "BA:79542", "stop_url": null, "tts_stop_n": null, "platform_c": null, "location_t": "2", "parent_sta": "909509", "stop_timez": "America/Los_Angeles", "wheelchair": null, "level_id": null, "route_info": { "route_id": null, "route_type": null } }, "geometry": { "type": "Point", "coordinates": [ -121.874769236302157, 37.369004173987996 ] } },
{ "type": "Feature", "properties": { "stop_id": "BERY_1", "stop_name": "TBD Pedestrian Access Point", "stop_code": "BERY_1", "stop_desc": "Pedestrian Access Point", "stop_lat": 37.36847, "stop_lon": -121.87457, "zone_id": "BA:79542", "stop_url": null, "tts_stop_n": null, "platform_c": null, "location_t": "2", "parent_sta": "909509", "stop_timez": "America/Los_Angeles", "wheelchair": null, "level_id": null, "route_info": { "route_id": null, "route_type": null } }, "geometry": { "type": "Point", "coordinates": [ -121.874709035434634, 37.367934339549414 ] } },
{ "type": "Feature", "properties": { "stop_id": "MLPT_1", "stop_name": "West Station Entrance / Exit", "stop_code": "MLPT_1", "stop_desc": "Pedestrian Access Point", "stop_lat": 37.40996, "stop_lon": -121.89122, "zone_id": "BA:79542", "stop_url": null, "tts_stop_n": null, "platform_c": null, "location_t": "2", "parent_sta": "mtc:great-mall-milpitas-bart", "stop_timez": "America/Los_Angeles", "wheelchair": "0", "level_id": "mtc:great-mall/milpitas-bart-street", "route_info": { "route_id": null, "route_type": null } }, "geometry": { "type": "Point", "coordinates": [ -121.891412641953295, 37.408940816718662 ] } },
{ "type": "Feature", "properties": { "stop_id": "MLPT_2", "stop_name": "East Station Entrance / Exit", "stop_code": "MLPT_2", "stop_desc": "Pedestrian Access Point", "stop_lat": 37.41014, "stop_lon": -121.89069, "zone_id": "BA:79542", "stop_url": null, "tts_stop_n": null, "platform_c": null, "location_t": "2", "parent_sta": "mtc:great-mall-milpitas-bart", "stop_timez": "America/Los_Angeles", "wheelchair": "0", "level_id": "mtc:great-mall/milpitas-bart-street", "route_info": { "route_id": null, "route_type": null } }, "geometry": { "type": "Point", "coordinates": [ -121.891059592078889, 37.410840170137 ] } },
{ "type": "Feature", "properties": { "stop_id": "MLPT_2", "stop_name": "East Station Entrance / Exit", "stop_code": "MLPT_2", "stop_desc": "Pedestrian Access Point", "stop_lat": 37.41014, "stop_lon": -121.89069, "zone_id": "BA:79542", "stop_url": null, "tts_stop_n": null, "platform_c": null, "location_t": "2", "parent_sta": "mtc:great-mall-milpitas-bart", "stop_timez": "America/Los_Angeles", "wheelchair": "0", "level_id": "mtc:great-mall/milpitas-bart-street", "route_info": { "route_id": null, "route_type": null } }, "geometry": { "type": "Point", "coordinates": [ -121.890535585434833, 37.409815755792742 ] } },
{ "type": "Feature", "properties": { "stop_id": "BERY_1", "stop_name": "TBD Pedestrian Access Point", "stop_code": "BERY_1", "stop_desc": "Pedestrian Access Point", "stop_lat": 37.36847, "stop_lon": -121.87457, "zone_id": "BA:79542", "stop_url": null, "tts_stop_n": null, "platform_c": null, "location_t": "2", "parent_sta": "909509", "stop_timez": "America/Los_Angeles", "wheelchair": null, "level_id": null, "route_info": { "route_id": null, "route_type": null } }, "geometry": { "type": "Point", "coordinates": [ -121.874302467890047, 37.368024025278238 ] } },
{ "type": "Feature", "properties": { "stop_id": "MLPT_1", "stop_name": "West Station Entrance / Exit", "stop_code": "MLPT_1", "stop_desc": "Pedestrian Access Point", "stop_lat": 37.40996, "stop_lon": -121.89122, "zone_id": "BA:79542", "stop_url": null, "tts_stop_n": null, "platform_c": null, "location_t": "2", "parent_sta": "mtc:great-mall-milpitas-bart", "stop_timez": "America/Los_Angeles", "wheelchair": "0", "level_id": "mtc:great-mall/milpitas-bart-street", "route_info": { "route_id": null, "route_type": null } }, "geometry": { "type": "Point", "coordinates": [ -121.891209217154938, 37.409862899269719 ] } },
{ "type": "Feature", "properties": { "stop_id": "MLPT_1", "stop_name": "West Station Entrance / Exit", "stop_code": "MLPT_1", "stop_desc": "Pedestrian Access Point", "stop_lat": 37.40996, "stop_lon": -121.89122, "zone_id": "BA:79542", "stop_url": null, "tts_stop_n": null, "platform_c": null, "location_t": "2", "parent_sta": "mtc:great-mall-milpitas-bart", "stop_timez": "America/Los_Angeles", "wheelchair": "0", "level_id": "mtc:great-mall/milpitas-bart-street", "route_info": { "route_id": null, "route_type": null } }, "geometry": { "type": "Point", "coordinates": [ -121.891245874770235, 37.4099467975295 ] } },
{ "type": "Feature", "properties": { "stop_id": "WARM_1", "stop_name": "TBD Pedestrian Access Point", "stop_code": "WARM_1", "stop_desc": "Pedestrian Access Point", "stop_lat": 37.50225, "stop_lon": -121.93843, "zone_id": "BA:79542", "stop_url": null, "tts_stop_n": null, "platform_c": null, "location_t": "2", "parent_sta": "mtc:warm-springs-south-fremont-bart", "stop_timez": "America/Los_Angeles", "wheelchair": "0", "level_id": "mtc:ground", "route_info": { "route_id": null, "route_type": null } }, "geometry": { "type": "Point", "coordinates": [ -121.940435756898367, 37.501821012279862 ] } },
{ "type": "Feature", "properties": { "stop_id": "WARM_1", "stop_name": "TBD Pedestrian Access Point", "stop_code": "WARM_1", "stop_desc": "Pedestrian Access Point", "stop_lat": 37.50225, "stop_lon": -121.93843, "zone_id": "BA:79542", "stop_url": null, "tts_stop_n": null, "platform_c": null, "location_t": "2", "parent_sta": "mtc:warm-springs-south-fremont-bart", "stop_timez": "America/Los_Angeles", "wheelchair": "0", "level_id": "mtc:ground", "route_info": { "route_id": null, "route_type": null } }, "geometry": { "type": "Point", "coordinates": [ -121.940393480738578, 37.501936803723581 ] } },
{ "type": "Feature", "properties": { "stop_id": "WARM_1", "stop_name": "TBD Pedestrian Access Point", "stop_code": "WARM_1", "stop_desc": "Pedestrian Access Point", "stop_lat": 37.50225, "stop_lon": -121.93843, "zone_id": "BA:79542", "stop_url": null, "tts_stop_n": null, "platform_c": null, "location_t": "2", "parent_sta": "mtc:warm-springs-south-fremont-bart", "stop_timez": "America/Los_Angeles", "wheelchair": "0", "level_id": "mtc:ground", "route_info": { "route_id": null, "route_type": null } }, "geometry": { "type": "Point", "coordinates": [ -121.940129091694047, 37.501789745896396 ] } },
{ "type": "Feature", "properties": { "stop_id": "WARM_1", "stop_name": "TBD Pedestrian Access Point", "stop_code": "WARM_1", "stop_desc": "Pedestrian Access Point", "stop_lat": 37.50225, "stop_lon": -121.93843, "zone_id": "BA:79542", "stop_url": null, "tts_stop_n": null, "platform_c": null, "location_t": "2", "parent_sta": "mtc:warm-springs-south-fremont-bart", "stop_timez": "America/Los_Angeles", "wheelchair": "0", "level_id": "mtc:ground", "route_info": { "route_id": null, "route_type": null } }, "geometry": { "type": "Point", "coordinates": [ -121.938600131175392, 37.502181361742323 ] } },
{ "type": "Feature", "properties": { "stop_id": "FRMT_3", "stop_name": "TBD Pedestrian Access Point", "stop_code": "FRMT_3", "stop_desc": "Pedestrian Access Point", "stop_lat": 37.55763, "stop_lon": -121.97646, "zone_id": "BA:79542", "stop_url": null, "tts_stop_n": null, "platform_c": null, "location_t": "2", "parent_sta": "902909", "stop_timez": "America/Los_Angeles", "wheelchair": null, "level_id": null, "route_info": { "route_id": null, "route_type": null } }, "geometry": { "type": "Point", "coordinates": [ -121.976496760449379, 37.557664950243485 ] } },
{ "type": "Feature", "properties": { "stop_id": "FRMT_3", "stop_name": "TBD Pedestrian Access Point", "stop_code": "FRMT_3", "stop_desc": "Pedestrian Access Point", "stop_lat": 37.55763, "stop_lon": -121.97646, "zone_id": "BA:79542", "stop_url": null, "tts_stop_n": null, "platform_c": null, "location_t": "2", "parent_sta": "902909", "stop_timez": "America/Los_Angeles", "wheelchair": null, "level_id": null, "route_info": { "route_id": null, "route_type": null } }, "geometry": { "type": "Point", "coordinates": [ -121.976387616598515, 37.557590319835548 ] } },
{ "type": "Feature", "properties": { "stop_id": "UCTY_1", "stop_name": "TBD Pedestrian Access Point", "stop_code": "UCTY_1", "stop_desc": "Pedestrian Access Point", "stop_lat": 37.5906, "stop_lon": -122.01742, "zone_id": "BA:79542", "stop_url": null, "tts_stop_n": null, "platform_c": null, "location_t": "2", "parent_sta": "mtc:union-city-bart", "stop_timez": "America/Los_Angeles", "wheelchair": "0", "level_id": "mtc:union-city-bart-street", "route_info": { "route_id": null, "route_type": null } }, "geometry": { "type": "Point", "coordinates": [ -122.017118381224975, 37.590839898003935 ] } },
{ "type": "Feature", "properties": { "stop_id": "UCTY_1", "stop_name": "TBD Pedestrian Access Point", "stop_code": "UCTY_1", "stop_desc": "Pedestrian Access Point", "stop_lat": 37.5906, "stop_lon": -122.01742, "zone_id": "BA:79542", "stop_url": null, "tts_stop_n": null, "platform_c": null, "location_t": "2", "parent_sta": "mtc:union-city-bart", "stop_timez": "America/Los_Angeles", "wheelchair": "0", "level_id": "mtc:union-city-bart-street", "route_info": { "route_id": null, "route_type": null } }, "geometry": { "type": "Point", "coordinates": [ -122.017471541362198, 37.590564775919447 ] } },
{ "type": "Feature", "properties": { "stop_id": "UCTY_1", "stop_name": "TBD Pedestrian Access Point", "stop_code": "UCTY_1", "stop_desc": "Pedestrian Access Point", "stop_lat": 37.5906, "stop_lon": -122.01742, "zone_id": "BA:79542", "stop_url": null, "tts_stop_n": null, "platform_c": null, "location_t": "2", "parent_sta": "mtc:union-city-bart", "stop_timez": "America/Los_Angeles", "wheelchair": "0", "level_id": "mtc:union-city-bart-street", "route_info": { "route_id": null, "route_type": null } }, "geometry": { "type": "Point", "coordinates": [ -122.017343769028443, 37.590502134410301 ] } },
{ "type": "Feature", "properties": { "stop_id": "UCTY_1", "stop_name": "TBD Pedestrian Access Point", "stop_code": "UCTY_1", "stop_desc": "Pedestrian Access Point", "stop_lat": 37.5906, "stop_lon": -122.01742, "zone_id": "BA:79542", "stop_url": null, "tts_stop_n": null, "platform_c": null, "location_t": "2", "parent_sta": "mtc:union-city-bart", "stop_timez": "America/Los_Angeles", "wheelchair": "0", "level_id": "mtc:union-city-bart-street", "route_info": { "route_id": null, "route_type": null } }, "geometry": { "type": "Point", "coordinates": [ -122.017528167115316, 37.590638084534582 ] } },
{ "type": "Feature", "properties": { "stop_id": "HAYW_1", "stop_name": "TBD Pedestrian Access Point", "stop_code": "HAYW_1", "stop_desc": "Pedestrian Access Point", "stop_lat": 37.66958, "stop_lon": -122.0866, "zone_id": "BA:79542", "stop_url": null, "tts_stop_n": null, "platform_c": null, "location_t": "2", "parent_sta": "902609", "stop_timez": "America/Los_Angeles", "wheelchair": null, "level_id": null, "route_info": { "route_id": null, "route_type": null } }, "geometry": { "type": "Point", "coordinates": [ -122.087133028144905, 37.669923971834606 ] } },
{ "type": "Feature", "properties": { "stop_id": "HAYW_1", "stop_name": "TBD Pedestrian Access Point", "stop_code": "HAYW_1", "stop_desc": "Pedestrian Access Point", "stop_lat": 37.66958, "stop_lon": -122.0866, "zone_id": "BA:79542", "stop_url": null, "tts_stop_n": null, "platform_c": null, "location_t": "2", "parent_sta": "902609", "stop_timez": "America/Los_Angeles", "wheelchair": null, "level_id": null, "route_info": { "route_id": null, "route_type": null } }, "geometry": { "type": "Point", "coordinates": [ -122.087281266857858, 37.669797587804787 ] } },
{ "type": "Feature", "properties": { "stop_id": "BAYF_1", "stop_name": "TBD Pedestrian Access Point", "stop_code": "BAYF_1", "stop_desc": "Pedestrian Access Point", "stop_lat": 37.69708, "stop_lon": -122.12647, "zone_id": "BA:79542", "stop_url": null, "tts_stop_n": null, "platform_c": null, "location_t": "2", "parent_sta": "902509", "stop_timez": "America/Los_Angeles", "wheelchair": null, "level_id": null, "route_info": { "route_id": null, "route_type": null } }, "geometry": { "type": "Point", "coordinates": [ -122.126407876797984, 37.697080353112156 ] } },
{ "type": "Feature", "properties": { "stop_id": "BAYF_1", "stop_name": "TBD Pedestrian Access Point", "stop_code": "BAYF_1", "stop_desc": "Pedestrian Access Point", "stop_lat": 37.69708, "stop_lon": -122.12647, "zone_id": "BA:79542", "stop_url": null, "tts_stop_n": null, "platform_c": null, "location_t": "2", "parent_sta": "902509", "stop_timez": "America/Los_Angeles", "wheelchair": null, "level_id": null, "route_info": { "route_id": null, "route_type": null } }, "geometry": { "type": "Point", "coordinates": [ -122.126316513899525, 37.696934965308479 ] } },
{ "type": "Feature", "properties": { "stop_id": "BAYF_1", "stop_name": "East Entrance / Exit", "stop_code": "BAYF_1", "stop_desc": "Pedestrian Access Point", "stop_lat": 37.69708, "stop_lon": -122.12647, "zone_id": "BA:79542", "stop_url": null, "tts_stop_n": null, "platform_c": null, "location_t": "2", "parent_sta": "902509", "stop_timez": "America/Los_Angeles", "wheelchair": null, "level_id": null, "route_info": { "route_id": null, "route_type": null } }, "geometry": { "type": "Point", "coordinates": [ -122.126456838784421, 37.697075040325522 ] } },
{ "type": "Feature", "properties": { "stop_id": "SANL_2", "stop_name": "East Entrance / Exit", "stop_code": "SANL_2", "stop_desc": "Pedestrian Access Point", "stop_lat": 37.72152, "stop_lon": -122.16045, "zone_id": "BA:79542", "stop_url": null, "tts_stop_n": null, "platform_c": null, "location_t": "2", "parent_sta": "902409", "stop_timez": "America/Los_Angeles", "wheelchair": null, "level_id": null, "route_info": { "route_id": null, "route_type": null } }, "geometry": { "type": "Point", "coordinates": [ -122.160436830486972, 37.721515041492665 ] } },
{ "type": "Feature", "properties": { "stop_id": "SANL_2", "stop_name": "TBD Pedestrian Access Point", "stop_code": "SANL_2", "stop_desc": "Pedestrian Access Point", "stop_lat": 37.72152, "stop_lon": -122.16045, "zone_id": "BA:79542", "stop_url": null, "tts_stop_n": null, "platform_c": null, "location_t": "2", "parent_sta": "902409", "stop_timez": "America/Los_Angeles", "wheelchair": null, "level_id": null, "route_info": { "route_id": null, "route_type": null } }, "geometry": { "type": "Point", "coordinates": [ -122.160497244955423, 37.721617860303581 ] } },
{ "type": "Feature", "properties": { "stop_id": "SANL_1", "stop_name": "TBD Pedestrian Access Point", "stop_code": "SANL_1", "stop_desc": "Pedestrian Access Point", "stop_lat": 37.72144, "stop_lon": -122.16062, "zone_id": "BA:79542", "stop_url": null, "tts_stop_n": null, "platform_c": null, "location_t": "2", "parent_sta": "902409", "stop_timez": "America/Los_Angeles", "wheelchair": null, "level_id": null, "route_info": { "route_id": null, "route_type": null } }, "geometry": { "type": "Point", "coordinates": [ -122.16070351877444, 37.721530905603458 ] } },
{ "type": "Feature", "properties": { "stop_id": "COLS_3", "stop_name": "San Leandro Street Entrance / Exit", "stop_code": "COLS_3", "stop_desc": "Pedestrian Access Point", "stop_lat": 37.75395, "stop_lon": -122.19729, "zone_id": "BA:79542", "stop_url": null, "tts_stop_n": null, "platform_c": null, "location_t": "2", "parent_sta": "mtc:oakland-coliseum-bart", "stop_timez": "America/Los_Angeles", "wheelchair": "0", "level_id": "mtc:oakland-coliseum-bart-ground", "route_info": { "route_id": null, "route_type": null } }, "geometry": { "type": "Point", "coordinates": [ -122.197156648198686, 37.753803249415341 ] } },
{ "type": "Feature", "properties": { "stop_id": "mtc:BA-FTVL_2-1643433662776", "stop_name": "Enter/Exit : Station entrance", "stop_code": null, "stop_desc": "Pedestrian Access Point", "stop_lat": 37.77508, "stop_lon": -122.22446, "zone_id": null, "stop_url": null, "tts_stop_n": null, "platform_c": null, "location_t": "2", "parent_sta": null, "stop_timez": null, "wheelchair": null, "level_id": "mtc:fruitvale-street-level", "route_info": { "route_id": null, "route_type": null } }, "geometry": { "type": "Point", "coordinates": [ -122.224446814894904, 37.775075041547979 ] } },
{ "type": "Feature", "properties": { "stop_id": "mtc:BA-FTVL_3-1643433667504", "stop_name": "Enter/Exit : Station entrance", "stop_code": null, "stop_desc": "Pedestrian Access Point", "stop_lat": 37.77505, "stop_lon": -122.22449, "zone_id": null, "stop_url": null, "tts_stop_n": null, "platform_c": null, "location_t": "2", "parent_sta": null, "stop_timez": null, "wheelchair": null, "level_id": "mtc:fruitvale-street-level", "route_info": { "route_id": null, "route_type": null } }, "geometry": { "type": "Point", "coordinates": [ -122.224476814578068, 37.775045041264818 ] } },
{ "type": "Feature", "properties": { "stop_id": "mtc:1643435575867", "stop_name": "Southbound Elevator (Ground Level)", "stop_code": null, "stop_desc": "Pedestrian Access Point", "stop_lat": 37.77487, "stop_lon": -122.22436, "zone_id": null, "stop_url": null, "tts_stop_n": null, "platform_c": null, "location_t": "2", "parent_sta": null, "stop_timez": null, "wheelchair": null, "level_id": "mtc:fruitvale-street-level", "route_info": { "route_id": null, "route_type": null } }, "geometry": { "type": "Point", "coordinates": [ -122.224346814788248, 37.774865041578089 ] } },
{ "type": "Feature", "properties": { "stop_id": "mtc:1643701439649", "stop_name": "Northbound Elevator (Platform Level)", "stop_code": null, "stop_desc": "Pedestrian Access Point", "stop_lat": 37.77504, "stop_lon": -122.22421, "zone_id": null, "stop_url": null, "tts_stop_n": null, "platform_c": null, "location_t": "2", "parent_sta": null, "stop_timez": null, "wheelchair": null, "level_id": "mtc:fruitvale-bart-level", "route_info": { "route_id": null, "route_type": null } }, "geometry": { "type": "Point", "coordinates": [ -122.224196815076425, 37.775035041293947 ] } },
{ "type": "Feature", "properties": { "stop_id": "mtc:1643701496687", "stop_name": "Northbound Elevator (Platform Level)", "stop_code": null, "stop_desc": "Pedestrian Access Point", "stop_lat": 37.77487, "stop_lon": -122.22436, "zone_id": null, "stop_url": null, "tts_stop_n": null, "platform_c": null, "location_t": "2", "parent_sta": null, "stop_timez": null, "wheelchair": null, "level_id": "mtc:fruitvale-bart-level", "route_info": { "route_id": null, "route_type": null } }, "geometry": { "type": "Point", "coordinates": [ -122.224346814788248, 37.774865041578089 ] } },
{ "type": "Feature", "properties": { "stop_id": "51333", "stop_name": "TBD Pedestrian Access Point", "stop_code": "51333", "stop_desc": "Pedestrian Access Point", "stop_lat": 37.775, "stop_lon": -122.22457, "zone_id": "AC:79166", "stop_url": "https://www.actransit.org/stop/51333", "tts_stop_n": null, "platform_c": null, "location_t": "2", "parent_sta": null, "stop_timez": null, "wheelchair": null, "level_id": "mtc:fruitvale-street-level", "route_info": { "route_id": [ "AC:51A", "AC:851" ], "route_type": [ "3" ] } }, "geometry": { "type": "Point", "coordinates": [ -122.224596172999668, 37.775020710259234 ] } },
{ "type": "Feature", "properties": { "stop_id": "51333", "stop_name": "TBD Pedestrian Access Point", "stop_code": "51333", "stop_desc": "Pedestrian Access Point", "stop_lat": 37.775, "stop_lon": -122.22457, "zone_id": "AC:79166", "stop_url": "https://www.actransit.org/stop/51333", "tts_stop_n": null, "platform_c": null, "location_t": "2", "parent_sta": null, "stop_timez": null, "wheelchair": null, "level_id": "mtc:fruitvale-street-level", "route_info": { "route_id": [ "AC:51A", "AC:851" ], "route_type": [ "3" ] } }, "geometry": { "type": "Point", "coordinates": [ -122.223828053223741, 37.774798553347182 ] } },
{ "type": "Feature", "properties": { "stop_id": "51333", "stop_name": "TBD Pedestrian Access Point", "stop_code": "51333", "stop_desc": "Pedestrian Access Point", "stop_lat": 37.775, "stop_lon": -122.22457, "zone_id": "AC:79166", "stop_url": "https://www.actransit.org/stop/51333", "tts_stop_n": null, "platform_c": null, "location_t": "2", "parent_sta": null, "stop_timez": null, "wheelchair": null, "level_id": "mtc:fruitvale-street-level", "route_info": { "route_id": [ "AC:51A", "AC:851" ], "route_type": [ "3" ] } }, "geometry": { "type": "Point", "coordinates": [ -122.223939262979769, 37.774650554322918 ] } },
{ "type": "Feature", "properties": { "stop_id": "51333", "stop_name": "TBD Pedestrian Access Point", "stop_code": "51333", "stop_desc": "Pedestrian Access Point", "stop_lat": 37.775, "stop_lon": -122.22457, "zone_id": "AC:79166", "stop_url": "https://www.actransit.org/stop/51333", "tts_stop_n": null, "platform_c": null, "location_t": "2", "parent_sta": null, "stop_timez": null, "wheelchair": null, "level_id": "mtc:fruitvale-street-level", "route_info": { "route_id": [ "AC:51A", "AC:851" ], "route_type": [ "3" ] } }, "geometry": { "type": "Point", "coordinates": [ -122.224600521571091, 37.775061049604567 ] } },
{ "type": "Feature", "properties": { "stop_id": "ROCK_2", "stop_name": "TBD Pedestrian Access Point", "stop_code": "ROCK_2", "stop_desc": "Pedestrian Access Point", "stop_lat": 37.8445, "stop_lon": -122.25144, "zone_id": "BA:79542", "stop_url": null, "tts_stop_n": null, "platform_c": null, "location_t": "2", "parent_sta": "903109", "stop_timez": "America/Los_Angeles", "wheelchair": null, "level_id": null, "route_info": { "route_id": null, "route_type": null } }, "geometry": { "type": "Point", "coordinates": [ -122.251913105161009, 37.844605269188534 ] } },
{ "type": "Feature", "properties": { "stop_id": "ASHB_3", "stop_name": "TDB Pedestrian Access Point", "stop_code": "ASHB_3", "stop_desc": "Pedestrian Access Point", "stop_lat": 37.85281, "stop_lon": -122.27004, "zone_id": "BA:79542", "stop_url": null, "tts_stop_n": null, "platform_c": null, "location_t": "2", "parent_sta": "904109", "stop_timez": "America/Los_Angeles", "wheelchair": null, "level_id": null, "route_info": { "route_id": null, "route_type": null } }, "geometry": { "type": "Point", "coordinates": [ -122.269778318444764, 37.853350845886048 ] } },
{ "type": "Feature", "properties": { "stop_id": "ASHB_3", "stop_name": "Adeline Street West Entrance / Exit", "stop_code": "ASHB_3", "stop_desc": "Pedestrian Access Point", "stop_lat": 37.85281, "stop_lon": -122.27004, "zone_id": "BA:79542", "stop_url": null, "tts_stop_n": null, "platform_c": null, "location_t": "2", "parent_sta": "904109", "stop_timez": "America/Los_Angeles", "wheelchair": null, "level_id": null, "route_info": { "route_id": null, "route_type": null } }, "geometry": { "type": "Point", "coordinates": [ -122.270002287681564, 37.85273416486325 ] } },
{ "type": "Feature", "properties": { "stop_id": "ASHB_3", "stop_name": "TDB Pedestrian Access Point", "stop_code": "ASHB_3", "stop_desc": "Pedestrian Access Point", "stop_lat": 37.85281, "stop_lon": -122.27004, "zone_id": "BA:79542", "stop_url": null, "tts_stop_n": null, "platform_c": null, "location_t": "2", "parent_sta": "904109", "stop_timez": "America/Los_Angeles", "wheelchair": null, "level_id": null, "route_info": { "route_id": null, "route_type": null } }, "geometry": { "type": "Point", "coordinates": [ -122.269952293224847, 37.8531193595174 ] } },
{ "type": "Feature", "properties": { "stop_id": "ASHB_3", "stop_name": "TDB Pedestrian Access Point", "stop_code": "ASHB_3", "stop_desc": "Pedestrian Access Point", "stop_lat": 37.85281, "stop_lon": -122.27004, "zone_id": "BA:79542", "stop_url": null, "tts_stop_n": null, "platform_c": null, "location_t": "2", "parent_sta": "904109", "stop_timez": "America/Los_Angeles", "wheelchair": null, "level_id": null, "route_info": { "route_id": null, "route_type": null } }, "geometry": { "type": "Point", "coordinates": [ -122.269928385639076, 37.853171978569577 ] } },
{ "type": "Feature", "properties": { "stop_id": "ASHB_3", "stop_name": "TDB Pedestrian Access Point", "stop_code": "ASHB_3", "stop_desc": "Pedestrian Access Point", "stop_lat": 37.85281, "stop_lon": -122.27004, "zone_id": "BA:79542", "stop_url": null, "tts_stop_n": null, "platform_c": null, "location_t": "2", "parent_sta": "904109", "stop_timez": "America/Los_Angeles", "wheelchair": null, "level_id": null, "route_info": { "route_id": null, "route_type": null } }, "geometry": { "type": "Point", "coordinates": [ -122.269832378057288, 37.853413697338048 ] } },
{ "type": "Feature", "properties": { "stop_id": "NBRK_1", "stop_name": "North Entrance / Exit", "stop_code": "NBRK_1", "stop_desc": "Pedestrian Access Point", "stop_lat": 37.87409, "stop_lon": -122.28336, "zone_id": "BA:79542", "stop_url": null, "tts_stop_n": null, "platform_c": null, "location_t": "2", "parent_sta": "904309", "stop_timez": "America/Los_Angeles", "wheelchair": null, "level_id": null, "route_info": { "route_id": null, "route_type": null } }, "geometry": { "type": "Point", "coordinates": [ -122.283282457237561, 37.874026131074523 ] } },
{ "type": "Feature", "properties": { "stop_id": "WDUB_1", "stop_name": "TBD Pedestrian Access Point", "stop_code": "WDUB_1", "stop_desc": "Pedestrian Access Point", "stop_lat": 37.69992, "stop_lon": -121.92789, "zone_id": "BA:79542", "stop_url": null, "tts_stop_n": null, "platform_c": null, "location_t": "2", "parent_sta": "905209", "stop_timez": "America/Los_Angeles", "wheelchair": null, "level_id": null, "route_info": { "route_id": null, "route_type": null } }, "geometry": { "type": "Point", "coordinates": [ -121.92782499389979, 37.700512400782223 ] } },
{ "type": "Feature", "properties": { "stop_id": "WDUB_2", "stop_name": "TBD Pedestrian Access Point", "stop_code": "WDUB_2", "stop_desc": "Pedestrian Access Point", "stop_lat": 37.69966, "stop_lon": -121.92832, "zone_id": "BA:79542", "stop_url": null, "tts_stop_n": null, "platform_c": null, "location_t": "2", "parent_sta": "905209", "stop_timez": "America/Los_Angeles", "wheelchair": null, "level_id": null, "route_info": { "route_id": null, "route_type": null } }, "geometry": { "type": "Point", "coordinates": [ -121.927910033331599, 37.69926010579637 ] } },
{ "type": "Feature", "properties": { "stop_id": "SSAN_1", "stop_name": "TBD Pedestrian Access Point", "stop_code": "SSAN_1", "stop_desc": "Pedestrian Access Point", "stop_lat": 37.66432, "stop_lon": -122.44384, "zone_id": "BA:79542", "stop_url": null, "tts_stop_n": null, "platform_c": null, "location_t": "2", "parent_sta": "906209", "stop_timez": "America/Los_Angeles", "wheelchair": null, "level_id": null, "route_info": { "route_id": null, "route_type": null } }, "geometry": { "type": "Point", "coordinates": [ -122.443734409459211, 37.664247404207465 ] } },
{ "type": "Feature", "properties": { "stop_id": "SSAN_1", "stop_name": "TBD Pedestrian Access Point", "stop_code": "SSAN_1", "stop_desc": "Pedestrian Access Point", "stop_lat": 37.66432, "stop_lon": -122.44384, "zone_id": "BA:79542", "stop_url": null, "tts_stop_n": null, "platform_c": null, "location_t": "2", "parent_sta": "906209", "stop_timez": "America/Los_Angeles", "wheelchair": null, "level_id": null, "route_info": { "route_id": null, "route_type": null } }, "geometry": { "type": "Point", "coordinates": [ -122.443922875346686, 37.664370365116675 ] } },
{ "type": "Feature", "properties": { "stop_id": "SBRN_1", "stop_name": "TBD Pedestrian Access Point", "stop_code": "SBRN_1", "stop_desc": "Pedestrian Access Point", "stop_lat": 37.63779, "stop_lon": -122.41617, "zone_id": "BA:79542", "stop_url": null, "tts_stop_n": null, "platform_c": null, "location_t": "2", "parent_sta": "906309", "stop_timez": "America/Los_Angeles", "wheelchair": null, "level_id": null, "route_info": { "route_id": null, "route_type": null } }, "geometry": { "type": "Point", "coordinates": [ -122.416088207097133, 37.637631505938359 ] } },
{ "type": "Feature", "properties": { "stop_id": "SBRN_1", "stop_name": "TBD Pedestrian Access Point", "stop_code": "SBRN_1", "stop_desc": "Pedestrian Access Point", "stop_lat": 37.63779, "stop_lon": -122.41617, "zone_id": "BA:79542", "stop_url": null, "tts_stop_n": null, "platform_c": null, "location_t": "2", "parent_sta": "906309", "stop_timez": "America/Los_Angeles", "wheelchair": null, "level_id": null, "route_info": { "route_id": null, "route_type": null } }, "geometry": { "type": "Point", "coordinates": [ -122.416088207097133, 37.637631505938359 ] } },
{ "type": "Feature", "properties": { "stop_id": "mtc:1590601891345", "stop_name": "West Plaza Elevator (Concourse Level)", "stop_code": null, "stop_desc": "Pedestrian Access Point", "stop_lat": 37.60003, "stop_lon": -122.38708, "zone_id": null, "stop_url": null, "tts_stop_n": null, "platform_c": null, "location_t": "2", "parent_sta": null, "stop_timez": null, "wheelchair": null, "level_id": "mtc:millbrae-bart-concourse", "route_info": { "route_id": null, "route_type": null } }, "geometry": { "type": "Point", "coordinates": [ -122.387066810533014, 37.600025068051252 ] } },
{ "type": "Feature", "properties": { "stop_id": "mtc:1590617125452", "stop_name": "East Plaza Elevator (Ground Level)", "stop_code": null, "stop_desc": "Pedestrian Access Point", "stop_lat": 37.60034, "stop_lon": -122.38643, "zone_id": null, "stop_url": null, "tts_stop_n": null, "platform_c": null, "location_t": "2", "parent_sta": null, "stop_timez": null, "wheelchair": null, "level_id": "mtc:millbrae-bart-east-plaza", "route_info": { "route_id": null, "route_type": null } }, "geometry": { "type": "Point", "coordinates": [ -122.386416810290797, 37.600335068131791 ] } },
{ "type": "Feature", "properties": { "stop_id": "Future_BART_Station_Diridon", "stop_name": "Future_BART_Station_Diridon", "stop_code": null, "stop_desc": "Pedestrian Access Point", "stop_lat": 0.0, "stop_lon": 0.0, "zone_id": null, "stop_url": null, "tts_stop_n": null, "platform_c": null, "location_t": "2", "parent_sta": null, "stop_timez": null, "wheelchair": null, "level_id": null, "route_info": null }, "geometry": { "type": "Point", "coordinates": [ -121.901728828597655, 37.33178724937359 ] } }
]
}
