{
"type": "FeatureCollection",
"name": "SFMuni_PedAccessPoints_GTFS_v2",
"crs": { "type": "name", "properties": { "name": "urn:ogc:def:crs:OGC:1.3:CRS84" } },
"features": [
{ "type": "Feature", "properties": { "stop_id_12": "13124", "stop_name_": "3rd St & Folsom St", "stop_code": "13124", "stop_desc": "Pedestrian access point", "stop_lat": 37.7842, "stop_lon": -122.39933, "zone_id": null, "stop_url": "https://www.sfmta.com/13124", "tts_stop_n": null, "platform_c": null, "location_t": "0", "parent_sta": "13124", "stop_timez": "America/Los_Angeles", "wheelchair": "0", "level_id": null }, "geometry": { "type": "Point", "coordinates": [ -122.399275271999954, 37.784188524000058 ] } },
{ "type": "Feature", "properties": { "stop_id_12": "13124", "stop_name_": "3rd St & Folsom St", "stop_code": "13124", "stop_desc": "Pedestrian access point", "stop_lat": 37.7842, "stop_lon": -122.39933, "zone_id": null, "stop_url": "https://www.sfmta.com/13124", "tts_stop_n": null, "platform_c": null, "location_t": "0", "parent_sta": "13124", "stop_timez": "America/Los_Angeles", "wheelchair": "0", "level_id": null }, "geometry": { "type": "Point", "coordinates": [ -122.399078420999956, 37.784031678000076 ] } },
{ "type": "Feature", "properties": { "stop_id_12": "13136", "stop_name_": "3rd St & Mission St", "stop_code": "13136", "stop_desc": "Pedestrian access point", "stop_lat": 37.78637, "stop_lon": -122.40211, "zone_id": null, "stop_url": "https://www.sfmta.com/13136", "tts_stop_n": null, "platform_c": null, "location_t": "0", "parent_sta": "13136", "stop_timez": "America/Los_Angeles", "wheelchair": "0", "level_id": null }, "geometry": { "type": "Point", "coordinates": [ -122.40211, 37.786373 ] } },
{ "type": "Feature", "properties": { "stop_id_12": "13136", "stop_name_": "3rd St & Mission St", "stop_code": "13136", "stop_desc": "Pedestrian access point", "stop_lat": 37.78637, "stop_lon": -122.40211, "zone_id": null, "stop_url": "https://www.sfmta.com/13136", "tts_stop_n": null, "platform_c": null, "location_t": "0", "parent_sta": "13136", "stop_timez": "America/Los_Angeles", "wheelchair": "0", "level_id": null }, "geometry": { "type": "Point", "coordinates": [ -122.40211, 37.786373 ] } },
{ "type": "Feature", "properties": { "stop_id_12": "13136", "stop_name_": "3rd St & Mission St", "stop_code": "13136", "stop_desc": "Pedestrian access point", "stop_lat": 37.78637, "stop_lon": -122.40211, "zone_id": null, "stop_url": "https://www.sfmta.com/13136", "tts_stop_n": null, "platform_c": null, "location_t": "0", "parent_sta": "13136", "stop_timez": "America/Los_Angeles", "wheelchair": "0", "level_id": null }, "geometry": { "type": "Point", "coordinates": [ -122.40211, 37.786373 ] } },
{ "type": "Feature", "properties": { "stop_id_12": "13136", "stop_name_": "3rd St & Mission St", "stop_code": "13136", "stop_desc": "Pedestrian access point", "stop_lat": 37.78637, "stop_lon": -122.40211, "zone_id": null, "stop_url": "https://www.sfmta.com/13136", "tts_stop_n": null, "platform_c": null, "location_t": "0", "parent_sta": "13136", "stop_timez": "America/Los_Angeles", "wheelchair": "0", "level_id": null }, "geometry": { "type": "Point", "coordinates": [ -122.40211, 37.786373 ] } },
{ "type": "Feature", "properties": { "stop_id_12": "13136", "stop_name_": "3rd St & Mission St", "stop_code": "13136", "stop_desc": "Pedestrian access point", "stop_lat": 37.78637, "stop_lon": -122.40211, "zone_id": null, "stop_url": "https://www.sfmta.com/13136", "tts_stop_n": null, "platform_c": null, "location_t": "0", "parent_sta": "13136", "stop_timez": "America/Los_Angeles", "wheelchair": "0", "level_id": null }, "geometry": { "type": "Point", "coordinates": [ -122.40211, 37.786373 ] } },
{ "type": "Feature", "properties": { "stop_id_12": "13136", "stop_name_": "3rd St & Mission St", "stop_code": "13136", "stop_desc": "Pedestrian access point", "stop_lat": 37.78637, "stop_lon": -122.40211, "zone_id": null, "stop_url": "https://www.sfmta.com/13136", "tts_stop_n": null, "platform_c": null, "location_t": "0", "parent_sta": "13136", "stop_timez": "America/Los_Angeles", "wheelchair": "0", "level_id": null }, "geometry": { "type": "Point", "coordinates": [ -122.40211, 37.786373 ] } },
{ "type": "Feature", "properties": { "stop_id_12": "13136", "stop_name_": "3rd St & Mission St", "stop_code": "13136", "stop_desc": "Pedestrian access point", "stop_lat": 37.78637, "stop_lon": -122.40211, "zone_id": null, "stop_url": "https://www.sfmta.com/13136", "tts_stop_n": null, "platform_c": null, "location_t": "0", "parent_sta": "13136", "stop_timez": "America/Los_Angeles", "wheelchair": "0", "level_id": null }, "geometry": { "type": "Point", "coordinates": [ -122.40211, 37.786373 ] } },
{ "type": "Feature", "properties": { "stop_id_12": "13144", "stop_name_": "3rd St & Bryant St", "stop_code": "13144", "stop_desc": "Pedestrian access point", "stop_lat": 37.78165, "stop_lon": -122.3962, "zone_id": null, "stop_url": "https://www.sfmta.com/13144", "tts_stop_n": null, "platform_c": null, "location_t": "0", "parent_sta": "13144", "stop_timez": "America/Los_Angeles", "wheelchair": "0", "level_id": null }, "geometry": { "type": "Point", "coordinates": [ -122.396180022999943, 37.781715409000071 ] } },
{ "type": "Feature", "properties": { "stop_id_12": "13144", "stop_name_": "3rd St & Bryant St", "stop_code": "13144", "stop_desc": "Pedestrian access point", "stop_lat": 37.78165, "stop_lon": -122.3962, "zone_id": null, "stop_url": "https://www.sfmta.com/13144", "tts_stop_n": null, "platform_c": null, "location_t": "0", "parent_sta": "13144", "stop_timez": "America/Los_Angeles", "wheelchair": "0", "level_id": null }, "geometry": { "type": "Point", "coordinates": [ -122.395998585999962, 37.781569583000078 ] } },
{ "type": "Feature", "properties": { "stop_id_12": "13192", "stop_name_": "7th St & Folsom St", "stop_code": "13192", "stop_desc": "Pedestrian access point", "stop_lat": 37.77686, "stop_lon": -122.4079, "zone_id": null, "stop_url": "https://www.sfmta.com/13192", "tts_stop_n": null, "platform_c": null, "location_t": "0", "parent_sta": "13192", "stop_timez": "America/Los_Angeles", "wheelchair": "0", "level_id": null }, "geometry": { "type": "Point", "coordinates": [ -122.407915411999966, 37.776860385000077 ] } },
{ "type": "Feature", "properties": { "stop_id_12": "13192", "stop_name_": "7th St & Folsom St", "stop_code": "13192", "stop_desc": "Pedestrian access point", "stop_lat": 37.77686, "stop_lon": -122.4079, "zone_id": null, "stop_url": "https://www.sfmta.com/13192", "tts_stop_n": null, "platform_c": null, "location_t": "0", "parent_sta": "13192", "stop_timez": "America/Los_Angeles", "wheelchair": "0", "level_id": null }, "geometry": { "type": "Point", "coordinates": [ -122.407915411999966, 37.776860385000077 ] } },
{ "type": "Feature", "properties": { "stop_id_12": "13194", "stop_name_": "7th St & Howard St", "stop_code": "13194", "stop_desc": "Pedestrian access point", "stop_lat": 37.77793, "stop_lon": -122.40922, "zone_id": null, "stop_url": "https://www.sfmta.com/13194", "tts_stop_n": null, "platform_c": null, "location_t": "0", "parent_sta": "13194", "stop_timez": "America/Los_Angeles", "wheelchair": "0", "level_id": null }, "geometry": { "type": "Point", "coordinates": [ -122.409282183999949, 37.777949626000066 ] } },
{ "type": "Feature", "properties": { "stop_id_12": "13194", "stop_name_": "7th St & Howard St", "stop_code": "13194", "stop_desc": "Pedestrian access point", "stop_lat": 37.77793, "stop_lon": -122.40922, "zone_id": null, "stop_url": "https://www.sfmta.com/13194", "tts_stop_n": null, "platform_c": null, "location_t": "0", "parent_sta": "13194", "stop_timez": "America/Los_Angeles", "wheelchair": "0", "level_id": null }, "geometry": { "type": "Point", "coordinates": [ -122.409282183999949, 37.777949626000066 ] } },
{ "type": "Feature", "properties": { "stop_id_12": "13296", "stop_name_": "16th St & Potrero Ave", "stop_code": "13296", "stop_desc": "Pedestrian access point", "stop_lat": 37.76576, "stop_lon": -122.40761, "zone_id": null, "stop_url": "https://www.sfmta.com/13296", "tts_stop_n": null, "platform_c": null, "location_t": "0", "parent_sta": "13296", "stop_timez": "America/Los_Angeles", "wheelchair": "0", "level_id": null }, "geometry": { "type": "Point", "coordinates": [ -122.408093919999942, 37.765826883000045 ] } },
{ "type": "Feature", "properties": { "stop_id_12": "13296", "stop_name_": "16th St & Potrero Ave", "stop_code": "13296", "stop_desc": "Pedestrian access point", "stop_lat": 37.76576, "stop_lon": -122.40761, "zone_id": null, "stop_url": "https://www.sfmta.com/13296", "tts_stop_n": null, "platform_c": null, "location_t": "0", "parent_sta": "13296", "stop_timez": "America/Los_Angeles", "wheelchair": "0", "level_id": null }, "geometry": { "type": "Point", "coordinates": [ -122.408093919999942, 37.765826883000045 ] } },
{ "type": "Feature", "properties": { "stop_id_12": "13296", "stop_name_": "16th St & Potrero Ave", "stop_code": "13296", "stop_desc": "Pedestrian access point", "stop_lat": 37.76576, "stop_lon": -122.40761, "zone_id": null, "stop_url": "https://www.sfmta.com/13296", "tts_stop_n": null, "platform_c": null, "location_t": "0", "parent_sta": "13296", "stop_timez": "America/Los_Angeles", "wheelchair": "0", "level_id": null }, "geometry": { "type": "Point", "coordinates": [ -122.408093919999942, 37.765826883000045 ] } },
{ "type": "Feature", "properties": { "stop_id_12": "13847", "stop_name_": "California St & Baker St", "stop_code": "13847", "stop_desc": "Pedestrian access point", "stop_lat": 37.78774, "stop_lon": -122.44363, "zone_id": null, "stop_url": "https://www.sfmta.com/13847", "tts_stop_n": null, "platform_c": null, "location_t": "0", "parent_sta": "13847", "stop_timez": "America/Los_Angeles", "wheelchair": "0", "level_id": null }, "geometry": { "type": "Point", "coordinates": [ -122.443634, 37.787738001000037 ] } },
{ "type": "Feature", "properties": { "stop_id_12": "13848", "stop_name_": "California St & Baker St", "stop_code": "13848", "stop_desc": "Pedestrian access point", "stop_lat": 37.78762, "stop_lon": -122.44338, "zone_id": null, "stop_url": "https://www.sfmta.com/13848", "tts_stop_n": null, "platform_c": null, "location_t": "0", "parent_sta": "13848", "stop_timez": "America/Los_Angeles", "wheelchair": "0", "level_id": null }, "geometry": { "type": "Point", "coordinates": [ -122.443383999, 37.78762 ] } },
{ "type": "Feature", "properties": { "stop_id_12": "13858", "stop_name_": "California St & Divisadero St", "stop_code": "13858", "stop_desc": "Pedestrian access point", "stop_lat": 37.78809, "stop_lon": -122.44087, "zone_id": null, "stop_url": "https://www.sfmta.com/13858", "tts_stop_n": null, "platform_c": null, "location_t": "0", "parent_sta": "13858", "stop_timez": "America/Los_Angeles", "wheelchair": "0", "level_id": null }, "geometry": { "type": "Point", "coordinates": [ -122.440869998999972, 37.788087 ] } },
{ "type": "Feature", "properties": { "stop_id_12": "13859", "stop_name_": "California St & Divisadero St", "stop_code": "13859", "stop_desc": "Pedestrian access point", "stop_lat": 37.78795, "stop_lon": -122.44072, "zone_id": null, "stop_url": "https://www.sfmta.com/13859", "tts_stop_n": null, "platform_c": null, "location_t": "0", "parent_sta": "13859", "stop_timez": "America/Los_Angeles", "wheelchair": "0", "level_id": null }, "geometry": { "type": "Point", "coordinates": [ -122.440721, 37.787954 ] } },
{ "type": "Feature", "properties": { "stop_id_12": "13884", "stop_name_": "California St & Pierce St", "stop_code": "13884", "stop_desc": "Pedestrian access point", "stop_lat": 37.78852, "stop_lon": -122.43748, "zone_id": null, "stop_url": "https://www.sfmta.com/13884", "tts_stop_n": null, "platform_c": null, "location_t": "0", "parent_sta": "13884", "stop_timez": "America/Los_Angeles", "wheelchair": "0", "level_id": null }, "geometry": { "type": "Point", "coordinates": [ -122.437484, 37.788518 ] } },
{ "type": "Feature", "properties": { "stop_id_12": "14017", "stop_name_": "Clay St & Front St", "stop_code": "14017", "stop_desc": "Pedestrian access point", "stop_lat": 37.79512, "stop_lon": -122.3991, "zone_id": null, "stop_url": "https://www.sfmta.com/14017", "tts_stop_n": null, "platform_c": null, "location_t": "0", "parent_sta": "14017", "stop_timez": "America/Los_Angeles", "wheelchair": "0", "level_id": null }, "geometry": { "type": "Point", "coordinates": [ -122.398941144, 37.795165907000069 ] } },
{ "type": "Feature", "properties": { "stop_id_12": "14026", "stop_name_": "Clay St & Polk St", "stop_code": "14026", "stop_desc": "Pedestrian access point", "stop_lat": 37.79236, "stop_lon": -122.42101, "zone_id": null, "stop_url": "https://www.sfmta.com/14026", "tts_stop_n": null, "platform_c": null, "location_t": "0", "parent_sta": "14026", "stop_timez": "America/Los_Angeles", "wheelchair": "0", "level_id": null }, "geometry": { "type": "Point", "coordinates": [ -122.420694485999945, 37.79238586200006 ] } },
{ "type": "Feature", "properties": { "stop_id_12": "14028", "stop_name_": "Clay St & Sansome St", "stop_code": "14028", "stop_desc": "Pedestrian access point", "stop_lat": 37.79478, "stop_lon": -122.40132, "zone_id": null, "stop_url": "https://www.sfmta.com/14028", "tts_stop_n": null, "platform_c": null, "location_t": "0", "parent_sta": "14028", "stop_timez": "America/Los_Angeles", "wheelchair": "0", "level_id": null }, "geometry": { "type": "Point", "coordinates": [ -122.401211340999964, 37.794804142000032 ] } },
{ "type": "Feature", "properties": { "stop_id_12": "14255", "stop_name_": "Geary Blvd & 3rd Ave", "stop_code": "14255", "stop_desc": "Pedestrian access point", "stop_lat": 37.78118, "stop_lon": -122.4613, "zone_id": null, "stop_url": "https://www.sfmta.com/14255", "tts_stop_n": null, "platform_c": null, "location_t": "0", "parent_sta": "14255", "stop_timez": "America/Los_Angeles", "wheelchair": "0", "level_id": null }, "geometry": { "type": "Point", "coordinates": [ -122.46089882299998, 37.781309911000051 ] } },
{ "type": "Feature", "properties": { "stop_id_12": "14256", "stop_name_": "Geary Blvd & 3rd Ave", "stop_code": "14256", "stop_desc": "Pedestrian access point", "stop_lat": 37.78104, "stop_lon": -122.46116, "zone_id": null, "stop_url": "https://www.sfmta.com/14256", "tts_stop_n": null, "platform_c": null, "location_t": "0", "parent_sta": "14256", "stop_timez": "America/Los_Angeles", "wheelchair": "0", "level_id": null }, "geometry": { "type": "Point", "coordinates": [ -122.461270777999971, 37.781020894000051 ] } },
{ "type": "Feature", "properties": { "stop_id_12": "14257", "stop_name_": "Geary Blvd & 6th Ave", "stop_code": "14257", "stop_desc": "Pedestrian access point", "stop_lat": 37.78109, "stop_lon": -122.46449, "zone_id": null, "stop_url": "https://www.sfmta.com/14257", "tts_stop_n": null, "platform_c": null, "location_t": "0", "parent_sta": "14257", "stop_timez": "America/Los_Angeles", "wheelchair": "0", "level_id": null }, "geometry": { "type": "Point", "coordinates": [ -122.464100382999959, 37.781174991000057 ] } },
{ "type": "Feature", "properties": { "stop_id_12": "14258", "stop_name_": "Geary Blvd & 6th Ave", "stop_code": "14258", "stop_desc": "Pedestrian access point", "stop_lat": 37.781, "stop_lon": -122.46412, "zone_id": null, "stop_url": "https://www.sfmta.com/14258", "tts_stop_n": null, "platform_c": null, "location_t": "0", "parent_sta": "14258", "stop_timez": "America/Los_Angeles", "wheelchair": "0", "level_id": null }, "geometry": { "type": "Point", "coordinates": [ -122.464465832999963, 37.780894050000029 ] } },
{ "type": "Feature", "properties": { "stop_id_12": "14258", "stop_name_": "Geary Blvd & 6th Ave", "stop_code": "14258", "stop_desc": "Pedestrian access point", "stop_lat": 37.781, "stop_lon": -122.46412, "zone_id": null, "stop_url": "https://www.sfmta.com/14258", "tts_stop_n": null, "platform_c": null, "location_t": "0", "parent_sta": "14258", "stop_timez": "America/Los_Angeles", "wheelchair": "0", "level_id": null }, "geometry": { "type": "Point", "coordinates": [ -122.464465832999963, 37.780894050000029 ] } },
{ "type": "Feature", "properties": { "stop_id_12": "14259", "stop_name_": "Geary Blvd & 9th Ave", "stop_code": "14259", "stop_desc": "Pedestrian access point", "stop_lat": 37.78098, "stop_lon": -122.46764, "zone_id": null, "stop_url": "https://www.sfmta.com/14259", "tts_stop_n": null, "platform_c": null, "location_t": "0", "parent_sta": "14259", "stop_timez": "America/Los_Angeles", "wheelchair": "0", "level_id": null }, "geometry": { "type": "Point", "coordinates": [ -122.467805436999981, 37.781023584000025 ] } },
{ "type": "Feature", "properties": { "stop_id_12": "14260", "stop_name_": "Geary Blvd & 9th Ave", "stop_code": "14260", "stop_desc": "Pedestrian access point", "stop_lat": 37.78078, "stop_lon": -122.46732, "zone_id": null, "stop_url": "https://www.sfmta.com/14260", "tts_stop_n": null, "platform_c": null, "location_t": "0", "parent_sta": "14260", "stop_timez": "America/Los_Angeles", "wheelchair": "0", "level_id": null }, "geometry": { "type": "Point", "coordinates": [ -122.467158945, 37.780766960000051 ] } },
{ "type": "Feature", "properties": { "stop_id_12": "14269", "stop_name_": "Geary Blvd & 25th Ave", "stop_code": "14269", "stop_desc": "Pedestrian access point", "stop_lat": 37.78022, "stop_lon": -122.48461, "zone_id": null, "stop_url": "https://www.sfmta.com/14269", "tts_stop_n": null, "platform_c": null, "location_t": "0", "parent_sta": "14269", "stop_timez": "America/Los_Angeles", "wheelchair": "0", "level_id": null }, "geometry": { "type": "Point", "coordinates": [ -122.484572287999981, 37.780246781000073 ] } },
{ "type": "Feature", "properties": { "stop_id_12": "14269", "stop_name_": "Geary Blvd & 25th Ave", "stop_code": "14269", "stop_desc": "Pedestrian access point", "stop_lat": 37.78022, "stop_lon": -122.48461, "zone_id": null, "stop_url": "https://www.sfmta.com/14269", "tts_stop_n": null, "platform_c": null, "location_t": "0", "parent_sta": "14269", "stop_timez": "America/Los_Angeles", "wheelchair": "0", "level_id": null }, "geometry": { "type": "Point", "coordinates": [ -122.484572287999981, 37.780246781000073 ] } },
{ "type": "Feature", "properties": { "stop_id_12": "14270", "stop_name_": "Geary Blvd & 25th Ave", "stop_code": "14270", "stop_desc": "Pedestrian access point", "stop_lat": 37.78008, "stop_lon": -122.48456, "zone_id": null, "stop_url": "https://www.sfmta.com/14270", "tts_stop_n": null, "platform_c": null, "location_t": "0", "parent_sta": "14270", "stop_timez": "America/Los_Angeles", "wheelchair": "0", "level_id": null }, "geometry": { "type": "Point", "coordinates": [ -122.48456826599994, 37.779945203000068 ] } },
{ "type": "Feature", "properties": { "stop_id_12": "14270", "stop_name_": "Geary Blvd & 25th Ave", "stop_code": "14270", "stop_desc": "Pedestrian access point", "stop_lat": 37.78008, "stop_lon": -122.48456, "zone_id": null, "stop_url": "https://www.sfmta.com/14270", "tts_stop_n": null, "platform_c": null, "location_t": "0", "parent_sta": "14270", "stop_timez": "America/Los_Angeles", "wheelchair": "0", "level_id": null }, "geometry": { "type": "Point", "coordinates": [ -122.48456826599994, 37.779945203000068 ] } },
{ "type": "Feature", "properties": { "stop_id_12": "14271", "stop_name_": "Geary Blvd & 28th Ave", "stop_code": "14271", "stop_desc": "Pedestrian access point", "stop_lat": 37.78001, "stop_lon": -122.48781, "zone_id": null, "stop_url": "https://www.sfmta.com/14271", "tts_stop_n": null, "platform_c": null, "location_t": "0", "parent_sta": "14271", "stop_timez": "America/Los_Angeles", "wheelchair": "0", "level_id": null }, "geometry": { "type": "Point", "coordinates": [ -122.487769937999985, 37.780079270000044 ] } },
{ "type": "Feature", "properties": { "stop_id_12": "14272", "stop_name_": "Geary Blvd & 28th Ave", "stop_code": "14272", "stop_desc": "Pedestrian access point", "stop_lat": 37.77986, "stop_lon": -122.48805, "zone_id": null, "stop_url": "https://www.sfmta.com/14272", "tts_stop_n": null, "platform_c": null, "location_t": "0", "parent_sta": "14272", "stop_timez": "America/Los_Angeles", "wheelchair": "0", "level_id": null }, "geometry": { "type": "Point", "coordinates": [ -122.488129127999969, 37.779797785000028 ] } },
{ "type": "Feature", "properties": { "stop_id_12": "14273", "stop_name_": "Geary Blvd & 30th Ave", "stop_code": "14273", "stop_desc": "Pedestrian access point", "stop_lat": 37.77996, "stop_lon": -122.48997, "zone_id": null, "stop_url": "https://www.sfmta.com/14273", "tts_stop_n": null, "platform_c": null, "location_t": "0", "parent_sta": "14273", "stop_timez": "America/Los_Angeles", "wheelchair": "0", "level_id": null }, "geometry": { "type": "Point", "coordinates": [ -122.489932623999948, 37.779991761000076 ] } },
{ "type": "Feature", "properties": { "stop_id_12": "14274", "stop_name_": "Geary Blvd & 30th Ave", "stop_code": "14274", "stop_desc": "Pedestrian access point", "stop_lat": 37.77973, "stop_lon": -122.49019, "zone_id": null, "stop_url": "https://www.sfmta.com/14274", "tts_stop_n": null, "platform_c": null, "location_t": "0", "parent_sta": "14274", "stop_timez": "America/Los_Angeles", "wheelchair": "0", "level_id": null }, "geometry": { "type": "Point", "coordinates": [ -122.490189999, 37.779727 ] } },
{ "type": "Feature", "properties": { "stop_id_12": "14275", "stop_name_": "Geary Blvd & 32nd Ave", "stop_code": "14275", "stop_desc": "Pedestrian access point", "stop_lat": 37.77963, "stop_lon": -122.49171, "zone_id": null, "stop_url": "https://www.sfmta.com/14275", "tts_stop_n": null, "platform_c": null, "location_t": "0", "parent_sta": "14275", "stop_timez": "America/Los_Angeles", "wheelchair": "0", "level_id": null }, "geometry": { "type": "Point", "coordinates": [ -122.491714, 37.779628999000067 ] } },
{ "type": "Feature", "properties": { "stop_id_12": "14288", "stop_name_": "Geary Blvd & Arguello Blvd", "stop_code": "14288", "stop_desc": "Pedestrian access point", "stop_lat": 37.78115, "stop_lon": -122.45869, "zone_id": null, "stop_url": "https://www.sfmta.com/14288", "tts_stop_n": null, "platform_c": null, "location_t": "0", "parent_sta": "14288", "stop_timez": "America/Los_Angeles", "wheelchair": "0", "level_id": null }, "geometry": { "type": "Point", "coordinates": [ -122.458561778999979, 37.781162403000053 ] } },
{ "type": "Feature", "properties": { "stop_id_12": "14289", "stop_name_": "Geary Blvd & Baker St", "stop_code": "14289", "stop_desc": "Pedestrian access point", "stop_lat": 37.78297, "stop_lon": -122.44297, "zone_id": null, "stop_url": "https://www.sfmta.com/14289", "tts_stop_n": null, "platform_c": null, "location_t": "0", "parent_sta": "14289", "stop_timez": "America/Los_Angeles", "wheelchair": "0", "level_id": null }, "geometry": { "type": "Point", "coordinates": [ -122.443141347999983, 37.782999152000059 ] } },
{ "type": "Feature", "properties": { "stop_id_12": "14290", "stop_name_": "Geary Blvd & Collins St", "stop_code": "14290", "stop_desc": "Pedestrian access point", "stop_lat": 37.78224, "stop_lon": -122.44999, "zone_id": null, "stop_url": "https://www.sfmta.com/14290", "tts_stop_n": null, "platform_c": null, "location_t": "0", "parent_sta": "14290", "stop_timez": "America/Los_Angeles", "wheelchair": "0", "level_id": null }, "geometry": { "type": "Point", "coordinates": [ -122.449992, 37.782241999000064 ] } },
{ "type": "Feature", "properties": { "stop_id_12": "14291", "stop_name_": "Geary Blvd & Collins St", "stop_code": "14291", "stop_desc": "Pedestrian access point", "stop_lat": 37.78203, "stop_lon": -122.44991, "zone_id": null, "stop_url": "https://www.sfmta.com/14291", "tts_stop_n": null, "platform_c": null, "location_t": "0", "parent_sta": "14291", "stop_timez": "America/Los_Angeles", "wheelchair": "0", "level_id": null }, "geometry": { "type": "Point", "coordinates": [ -122.449911, 37.782027999000036 ] } },
{ "type": "Feature", "properties": { "stop_id_12": "14292", "stop_name_": "Geary Blvd & Commonwealth St", "stop_code": "14292", "stop_desc": "Pedestrian access point", "stop_lat": 37.78153, "stop_lon": -122.45568, "zone_id": null, "stop_url": "https://www.sfmta.com/14292", "tts_stop_n": null, "platform_c": null, "location_t": "0", "parent_sta": "14292", "stop_timez": "America/Los_Angeles", "wheelchair": "0", "level_id": null }, "geometry": { "type": "Point", "coordinates": [ -122.455891916999974, 37.781545476000076 ] } },
{ "type": "Feature", "properties": { "stop_id_12": "14293", "stop_name_": "Geary Blvd & Divisadero St", "stop_code": "14293", "stop_desc": "Pedestrian access point", "stop_lat": 37.78343, "stop_lon": -122.43937, "zone_id": null, "stop_url": "https://www.sfmta.com/14293", "tts_stop_n": null, "platform_c": null, "location_t": "0", "parent_sta": "14293", "stop_timez": "America/Los_Angeles", "wheelchair": "0", "level_id": null }, "geometry": { "type": "Point", "coordinates": [ -122.439294661999952, 37.783487078000064 ] } },
{ "type": "Feature", "properties": { "stop_id_12": "14294", "stop_name_": "Geary Blvd & Divisadero St", "stop_code": "14294", "stop_desc": "Pedestrian access point", "stop_lat": 37.78318, "stop_lon": -122.43957, "zone_id": null, "stop_url": "https://www.sfmta.com/14294", "tts_stop_n": null, "platform_c": null, "location_t": "0", "parent_sta": "14294", "stop_timez": "America/Los_Angeles", "wheelchair": "0", "level_id": null }, "geometry": { "type": "Point", "coordinates": [ -122.439692975999947, 37.783132355000077 ] } },
{ "type": "Feature", "properties": { "stop_id_12": "14295", "stop_name_": "Geary Blvd & Fillmore St", "stop_code": "14295", "stop_desc": "Pedestrian access point", "stop_lat": 37.78439, "stop_lon": -122.43305, "zone_id": null, "stop_url": "https://www.sfmta.com/14295", "tts_stop_n": null, "platform_c": null, "location_t": "0", "parent_sta": "14295", "stop_timez": "America/Los_Angeles", "wheelchair": "0", "level_id": null }, "geometry": { "type": "Point", "coordinates": [ -122.43328373199995, 37.784518432000027 ] } },
{ "type": "Feature", "properties": { "stop_id_12": "14298", "stop_name_": "Geary Blvd & Gough St", "stop_code": "14298", "stop_desc": "Pedestrian access point", "stop_lat": 37.78543, "stop_lon": -122.42508, "zone_id": null, "stop_url": "https://www.sfmta.com/14298", "tts_stop_n": null, "platform_c": null, "location_t": "0", "parent_sta": "14298", "stop_timez": "America/Los_Angeles", "wheelchair": "0", "level_id": null }, "geometry": { "type": "Point", "coordinates": [ -122.42526745899994, 37.785462504000066 ] } },
{ "type": "Feature", "properties": { "stop_id_12": "14300", "stop_name_": "Geary St & Jones St", "stop_code": "14300", "stop_desc": "Pedestrian access point", "stop_lat": 37.78677, "stop_lon": -122.41333, "zone_id": null, "stop_url": "https://www.sfmta.com/14300", "tts_stop_n": null, "platform_c": null, "location_t": "0", "parent_sta": "14300", "stop_timez": "America/Los_Angeles", "wheelchair": "0", "level_id": null }, "geometry": { "type": "Point", "coordinates": [ -122.41349629399997, 37.786762835000047 ] } },
{ "type": "Feature", "properties": { "stop_id_12": "14301", "stop_name_": "Geary St & Kearny St", "stop_code": "14301", "stop_desc": "Pedestrian access point", "stop_lat": 37.788, "stop_lon": -122.40366, "zone_id": null, "stop_url": "https://www.sfmta.com/14301", "tts_stop_n": null, "platform_c": null, "location_t": "0", "parent_sta": "14301", "stop_timez": "America/Los_Angeles", "wheelchair": "0", "level_id": null }, "geometry": { "type": "Point", "coordinates": [ -122.403878411999983, 37.787981942000044 ] } },
{ "type": "Feature", "properties": { "stop_id_12": "14302", "stop_name_": "Geary St & Larkin St", "stop_code": "14302", "stop_desc": "Pedestrian access point", "stop_lat": 37.78614, "stop_lon": -122.41825, "zone_id": null, "stop_url": "https://www.sfmta.com/14302", "tts_stop_n": null, "platform_c": null, "location_t": "0", "parent_sta": "14302", "stop_timez": "America/Los_Angeles", "wheelchair": "0", "level_id": null }, "geometry": { "type": "Point", "coordinates": [ -122.418422841, 37.786150819000056 ] } },
{ "type": "Feature", "properties": { "stop_id_12": "14303", "stop_name_": "Geary St & Leavenworth St", "stop_code": "14303", "stop_desc": "Pedestrian access point", "stop_lat": 37.78656, "stop_lon": -122.41497, "zone_id": null, "stop_url": "https://www.sfmta.com/14303", "tts_stop_n": null, "platform_c": null, "location_t": "0", "parent_sta": "14303", "stop_timez": "America/Los_Angeles", "wheelchair": "0", "level_id": null }, "geometry": { "type": "Point", "coordinates": [ -122.415277260999972, 37.786527126000067 ] } },
{ "type": "Feature", "properties": { "stop_id_12": "14304", "stop_name_": "Geary Blvd & Laguna St", "stop_code": "14304", "stop_desc": "Pedestrian access point", "stop_lat": 37.78503, "stop_lon": -122.42781, "zone_id": null, "stop_url": "https://www.sfmta.com/14304", "tts_stop_n": null, "platform_c": null, "location_t": "0", "parent_sta": "14304", "stop_timez": "America/Los_Angeles", "wheelchair": "0", "level_id": null }, "geometry": { "type": "Point", "coordinates": [ -122.42783899799997, 37.78515526800004 ] } },
{ "type": "Feature", "properties": { "stop_id_12": "14305", "stop_name_": "Geary Blvd & Laguna St", "stop_code": "14305", "stop_desc": "Pedestrian access point", "stop_lat": 37.78485, "stop_lon": -122.42816, "zone_id": null, "stop_url": "https://www.sfmta.com/14305", "tts_stop_n": null, "platform_c": null, "location_t": "0", "parent_sta": "14305", "stop_timez": "America/Los_Angeles", "wheelchair": "0", "level_id": null }, "geometry": { "type": "Point", "coordinates": [ -122.428169145999959, 37.784787447000042 ] } },
{ "type": "Feature", "properties": { "stop_id_12": "14755", "stop_name_": "Geary Blvd & Park Presidio Blvd", "stop_code": "14755", "stop_desc": "Pedestrian access point", "stop_lat": 37.78067, "stop_lon": -122.4728, "zone_id": null, "stop_url": "https://www.sfmta.com/14755", "tts_stop_n": null, "platform_c": null, "location_t": "0", "parent_sta": "14755", "stop_timez": "America/Los_Angeles", "wheelchair": "0", "level_id": null }, "geometry": { "type": "Point", "coordinates": [ -122.472703283999977, 37.780806360000042 ] } },
{ "type": "Feature", "properties": { "stop_id_12": "14755", "stop_name_": "Geary Blvd & Park Presidio Blvd", "stop_code": "14755", "stop_desc": "Pedestrian access point", "stop_lat": 37.78067, "stop_lon": -122.4728, "zone_id": null, "stop_url": "https://www.sfmta.com/14755", "tts_stop_n": null, "platform_c": null, "location_t": "0", "parent_sta": "14755", "stop_timez": "America/Los_Angeles", "wheelchair": "0", "level_id": null }, "geometry": { "type": "Point", "coordinates": [ -122.472703283999977, 37.780806360000042 ] } },
{ "type": "Feature", "properties": { "stop_id_12": "14756", "stop_name_": "Geary Blvd & Park Presidio Blvd", "stop_code": "14756", "stop_desc": "Pedestrian access point", "stop_lat": 37.78064, "stop_lon": -122.47183, "zone_id": null, "stop_url": "https://www.sfmta.com/14756", "tts_stop_n": null, "platform_c": null, "location_t": "0", "parent_sta": "14756", "stop_timez": "America/Los_Angeles", "wheelchair": "0", "level_id": null }, "geometry": { "type": "Point", "coordinates": [ -122.471963378999988, 37.780478533000064 ] } },
{ "type": "Feature", "properties": { "stop_id_12": "14756", "stop_name_": "Geary Blvd & Park Presidio Blvd", "stop_code": "14756", "stop_desc": "Pedestrian access point", "stop_lat": 37.78064, "stop_lon": -122.47183, "zone_id": null, "stop_url": "https://www.sfmta.com/14756", "tts_stop_n": null, "platform_c": null, "location_t": "0", "parent_sta": "14756", "stop_timez": "America/Los_Angeles", "wheelchair": "0", "level_id": null }, "geometry": { "type": "Point", "coordinates": [ -122.471963378999988, 37.780478533000064 ] } },
{ "type": "Feature", "properties": { "stop_id_12": "14757", "stop_name_": "Geary St & Powell St", "stop_code": "14757", "stop_desc": "Pedestrian access point", "stop_lat": 37.7874, "stop_lon": -122.40839, "zone_id": null, "stop_url": "https://www.sfmta.com/14757", "tts_stop_n": null, "platform_c": null, "location_t": "0", "parent_sta": "14757", "stop_timez": "America/Los_Angeles", "wheelchair": "0", "level_id": null }, "geometry": { "type": "Point", "coordinates": [ -122.408578294, 37.787384836000058 ] } },
{ "type": "Feature", "properties": { "stop_id_12": "14760", "stop_name_": "Geary Blvd & Scott St", "stop_code": "14760", "stop_desc": "Pedestrian access point", "stop_lat": 37.78385, "stop_lon": -122.43776, "zone_id": null, "stop_url": "https://www.sfmta.com/14760", "tts_stop_n": null, "platform_c": null, "location_t": "0", "parent_sta": "14760", "stop_timez": "America/Los_Angeles", "wheelchair": "0", "level_id": null }, "geometry": { "type": "Point", "coordinates": [ -122.437659720999989, 37.783900014000039 ] } },
{ "type": "Feature", "properties": { "stop_id_12": "14761", "stop_name_": "Geary Blvd & Scott St", "stop_code": "14761", "stop_desc": "Pedestrian access point", "stop_lat": 37.78362, "stop_lon": -122.43767, "zone_id": null, "stop_url": "https://www.sfmta.com/14761", "tts_stop_n": null, "platform_c": null, "location_t": "0", "parent_sta": "14761", "stop_timez": "America/Los_Angeles", "wheelchair": "0", "level_id": null }, "geometry": { "type": "Point", "coordinates": [ -122.437538054999948, 37.783549518000029 ] } },
{ "type": "Feature", "properties": { "stop_id_12": "14762", "stop_name_": "Geary Blvd & Spruce St", "stop_code": "14762", "stop_desc": "Pedestrian access point", "stop_lat": 37.78185, "stop_lon": -122.45307, "zone_id": null, "stop_url": "https://www.sfmta.com/14762", "tts_stop_n": null, "platform_c": null, "location_t": "0", "parent_sta": "14762", "stop_timez": "America/Los_Angeles", "wheelchair": "0", "level_id": null }, "geometry": { "type": "Point", "coordinates": [ -122.453075, 37.781849 ] } },
{ "type": "Feature", "properties": { "stop_id_12": "14763", "stop_name_": "Geary Blvd & Spruce St", "stop_code": "14763", "stop_desc": "Pedestrian access point", "stop_lat": 37.7816, "stop_lon": -122.45326, "zone_id": null, "stop_url": "https://www.sfmta.com/14763", "tts_stop_n": null, "platform_c": null, "location_t": "0", "parent_sta": "14763", "stop_timez": "America/Los_Angeles", "wheelchair": "0", "level_id": null }, "geometry": { "type": "Point", "coordinates": [ -122.453258, 37.781598999000039 ] } },
{ "type": "Feature", "properties": { "stop_id_12": "14764", "stop_name_": "Geary Blvd & Stanyan St", "stop_code": "14764", "stop_desc": "Pedestrian access point", "stop_lat": 37.78126, "stop_lon": -122.45643, "zone_id": null, "stop_url": "https://www.sfmta.com/14764", "tts_stop_n": null, "platform_c": null, "location_t": "0", "parent_sta": "14764", "stop_timez": "America/Los_Angeles", "wheelchair": "0", "level_id": null }, "geometry": { "type": "Point", "coordinates": [ -122.456434, 37.78126 ] } },
{ "type": "Feature", "properties": { "stop_id_12": "14765", "stop_name_": "Geary Blvd & St Joseph'S Ave", "stop_code": "14765", "stop_desc": "Pedestrian access point", "stop_lat": 37.7828, "stop_lon": -122.44254, "zone_id": null, "stop_url": "https://www.sfmta.com/14765", "tts_stop_n": null, "platform_c": null, "location_t": "0", "parent_sta": "14765", "stop_timez": "America/Los_Angeles", "wheelchair": "0", "level_id": null }, "geometry": { "type": "Point", "coordinates": [ -122.442335813999989, 37.782807939000065 ] } },
{ "type": "Feature", "properties": { "stop_id_12": "14767", "stop_name_": "Geary St & Taylor St", "stop_code": "14767", "stop_desc": "Pedestrian access point", "stop_lat": 37.78698, "stop_lon": -122.41168, "zone_id": null, "stop_url": "https://www.sfmta.com/14767", "tts_stop_n": null, "platform_c": null, "location_t": "0", "parent_sta": "14767", "stop_timez": "America/Los_Angeles", "wheelchair": "0", "level_id": null }, "geometry": { "type": "Point", "coordinates": [ -122.41192003599997, 37.786949493000066 ] } },
{ "type": "Feature", "properties": { "stop_id_12": "14769", "stop_name_": "Geary Blvd & Webster St", "stop_code": "14769", "stop_desc": "Pedestrian access point", "stop_lat": 37.78464, "stop_lon": -122.43102, "zone_id": null, "stop_url": "https://www.sfmta.com/14769", "tts_stop_n": null, "platform_c": null, "location_t": "0", "parent_sta": "14769", "stop_timez": "America/Los_Angeles", "wheelchair": "0", "level_id": null }, "geometry": { "type": "Point", "coordinates": [ -122.430926676999945, 37.784826584000029 ] } },
{ "type": "Feature", "properties": { "stop_id_12": "14821", "stop_name_": "Kearny St & Geary St", "stop_code": "14821", "stop_desc": "Pedestrian access point", "stop_lat": 37.78805, "stop_lon": -122.40346, "zone_id": null, "stop_url": "https://www.sfmta.com/14821", "tts_stop_n": null, "platform_c": null, "location_t": "0", "parent_sta": "14821", "stop_timez": "America/Los_Angeles", "wheelchair": "0", "level_id": null }, "geometry": { "type": "Point", "coordinates": [ -122.403493917, 37.788400058000036 ] } },
{ "type": "Feature", "properties": { "stop_id_12": "15532", "stop_name_": "Mission St & 3rd St", "stop_code": "15532", "stop_desc": "Pedestrian access point", "stop_lat": 37.78597, "stop_lon": -122.40249, "zone_id": null, "stop_url": "https://www.sfmta.com/15532", "tts_stop_n": null, "platform_c": null, "location_t": "0", "parent_sta": "15532", "stop_timez": "America/Los_Angeles", "wheelchair": "0", "level_id": null }, "geometry": { "type": "Point", "coordinates": [ -122.402358548999985, 37.786144086000036 ] } },
{ "type": "Feature", "properties": { "stop_id_12": "15533", "stop_name_": "Mission St & 4th St", "stop_code": "15533", "stop_desc": "Pedestrian access point", "stop_lat": 37.78464, "stop_lon": -122.40393, "zone_id": null, "stop_url": "https://www.sfmta.com/15533", "tts_stop_n": null, "platform_c": null, "location_t": "0", "parent_sta": "15533", "stop_timez": "America/Los_Angeles", "wheelchair": "0", "level_id": null }, "geometry": { "type": "Point", "coordinates": [ -122.403619573999947, 37.784889965000048 ] } },
{ "type": "Feature", "properties": { "stop_id_12": "15533", "stop_name_": "Mission St & 4th St", "stop_code": "15533", "stop_desc": "Pedestrian access point", "stop_lat": 37.78464, "stop_lon": -122.40393, "zone_id": null, "stop_url": "https://www.sfmta.com/15533", "tts_stop_n": null, "platform_c": null, "location_t": "0", "parent_sta": "15533", "stop_timez": "America/Los_Angeles", "wheelchair": "0", "level_id": null }, "geometry": { "type": "Point", "coordinates": [ -122.403619573999947, 37.784889965000048 ] } },
{ "type": "Feature", "properties": { "stop_id_12": "15535", "stop_name_": "Mission St & 5th St", "stop_code": "15535", "stop_desc": "Pedestrian access point", "stop_lat": 37.78272, "stop_lon": -122.40653, "zone_id": null, "stop_url": "https://www.sfmta.com/15535", "tts_stop_n": null, "platform_c": null, "location_t": "0", "parent_sta": "15535", "stop_timez": "America/Los_Angeles", "wheelchair": "0", "level_id": null }, "geometry": { "type": "Point", "coordinates": [ -122.406570707999947, 37.782570884000052 ] } },
{ "type": "Feature", "properties": { "stop_id_12": "15536", "stop_name_": "Mission St & 5th St", "stop_code": "15536", "stop_desc": "Pedestrian access point", "stop_lat": 37.78272, "stop_lon": -122.40664, "zone_id": null, "stop_url": "https://www.sfmta.com/15536", "tts_stop_n": null, "platform_c": null, "location_t": "0", "parent_sta": "15536", "stop_timez": "America/Los_Angeles", "wheelchair": "0", "level_id": null }, "geometry": { "type": "Point", "coordinates": [ -122.407074079999973, 37.782423466000068 ] } },
{ "type": "Feature", "properties": { "stop_id_12": "15537", "stop_name_": "Mission St & 6th St", "stop_code": "15537", "stop_desc": "Pedestrian access point", "stop_lat": 37.78119, "stop_lon": -122.40831, "zone_id": null, "stop_url": "https://www.sfmta.com/15537", "tts_stop_n": null, "platform_c": null, "location_t": "0", "parent_sta": "15537", "stop_timez": "America/Los_Angeles", "wheelchair": "0", "level_id": null }, "geometry": { "type": "Point", "coordinates": [ -122.40831, 37.78119 ] } },
{ "type": "Feature", "properties": { "stop_id_12": "15538", "stop_name_": "Mission St & 6th St", "stop_code": "15538", "stop_desc": "Pedestrian access point", "stop_lat": 37.78075, "stop_lon": -122.4091, "zone_id": null, "stop_url": "https://www.sfmta.com/15538", "tts_stop_n": null, "platform_c": null, "location_t": "0", "parent_sta": "15538", "stop_timez": "America/Los_Angeles", "wheelchair": "0", "level_id": null }, "geometry": { "type": "Point", "coordinates": [ -122.409048532999975, 37.78083474500005 ] } },
{ "type": "Feature", "properties": { "stop_id_12": "15539", "stop_name_": "Mission St & 7th St", "stop_code": "15539", "stop_desc": "Pedestrian access point", "stop_lat": 37.77897, "stop_lon": -122.41135, "zone_id": null, "stop_url": "https://www.sfmta.com/15539", "tts_stop_n": null, "platform_c": null, "location_t": "0", "parent_sta": "15539", "stop_timez": "America/Los_Angeles", "wheelchair": "0", "level_id": null }, "geometry": { "type": "Point", "coordinates": [ -122.41135, 37.77897 ] } },
{ "type": "Feature", "properties": { "stop_id_12": "15540", "stop_name_": "Mission St & 8th St", "stop_code": "15540", "stop_desc": "Pedestrian access point", "stop_lat": 37.77723, "stop_lon": -122.41355, "zone_id": null, "stop_url": "https://www.sfmta.com/15540", "tts_stop_n": null, "platform_c": null, "location_t": "0", "parent_sta": "15540", "stop_timez": "America/Los_Angeles", "wheelchair": "0", "level_id": null }, "geometry": { "type": "Point", "coordinates": [ -122.41355, 37.77723 ] } },
{ "type": "Feature", "properties": { "stop_id_12": "15540", "stop_name_": "Mission St & 8th St", "stop_code": "15540", "stop_desc": "Pedestrian access point", "stop_lat": 37.77723, "stop_lon": -122.41355, "zone_id": null, "stop_url": "https://www.sfmta.com/15540", "tts_stop_n": null, "platform_c": null, "location_t": "0", "parent_sta": "15540", "stop_timez": "America/Los_Angeles", "wheelchair": "0", "level_id": null }, "geometry": { "type": "Point", "coordinates": [ -122.41355, 37.77723 ] } },
{ "type": "Feature", "properties": { "stop_id_12": "15540", "stop_name_": "Mission St & 8th St", "stop_code": "15540", "stop_desc": "Pedestrian access point", "stop_lat": 37.77723, "stop_lon": -122.41355, "zone_id": null, "stop_url": "https://www.sfmta.com/15540", "tts_stop_n": null, "platform_c": null, "location_t": "0", "parent_sta": "15540", "stop_timez": "America/Los_Angeles", "wheelchair": "0", "level_id": null }, "geometry": { "type": "Point", "coordinates": [ -122.41355, 37.77723 ] } },
{ "type": "Feature", "properties": { "stop_id_12": "15541", "stop_name_": "Mission St & 8th St", "stop_code": "15541", "stop_desc": "Pedestrian access point", "stop_lat": 37.7777, "stop_lon": -122.41273, "zone_id": null, "stop_url": "https://www.sfmta.com/15541", "tts_stop_n": null, "platform_c": null, "location_t": "0", "parent_sta": "15541", "stop_timez": "America/Los_Angeles", "wheelchair": "0", "level_id": null }, "geometry": { "type": "Point", "coordinates": [ -122.412914887999989, 37.777538291000042 ] } },
{ "type": "Feature", "properties": { "stop_id_12": "15542", "stop_name_": "Mission St & 9th St", "stop_code": "15542", "stop_desc": "Pedestrian access point", "stop_lat": 37.77645, "stop_lon": -122.41431, "zone_id": null, "stop_url": "https://www.sfmta.com/15542", "tts_stop_n": null, "platform_c": null, "location_t": "0", "parent_sta": "15542", "stop_timez": "America/Los_Angeles", "wheelchair": "0", "level_id": null }, "geometry": { "type": "Point", "coordinates": [ -122.41431, 37.776449999000079 ] } },
{ "type": "Feature", "properties": { "stop_id_12": "15543", "stop_name_": "Mission St & 9th St", "stop_code": "15543", "stop_desc": "Pedestrian access point", "stop_lat": 37.77594, "stop_lon": -122.41518, "zone_id": null, "stop_url": "https://www.sfmta.com/15543", "tts_stop_n": null, "platform_c": null, "location_t": "0", "parent_sta": "15543", "stop_timez": "America/Los_Angeles", "wheelchair": "0", "level_id": null }, "geometry": { "type": "Point", "coordinates": [ -122.415018010999972, 37.776094680000028 ] } },
{ "type": "Feature", "properties": { "stop_id_12": "15544", "stop_name_": "Mission St & 11th St", "stop_code": "15544", "stop_desc": "Pedestrian access point", "stop_lat": 37.77491, "stop_lon": -122.41628, "zone_id": null, "stop_url": "https://www.sfmta.com/15544", "tts_stop_n": null, "platform_c": null, "location_t": "0", "parent_sta": "15544", "stop_timez": "America/Los_Angeles", "wheelchair": "0", "level_id": null }, "geometry": { "type": "Point", "coordinates": [ -122.417264558999989, 37.774124362000066 ] } },
{ "type": "Feature", "properties": { "stop_id_12": "15545", "stop_name_": "Mission St & 11th St", "stop_code": "15545", "stop_desc": "Pedestrian access point", "stop_lat": 37.77431, "stop_lon": -122.41729, "zone_id": null, "stop_url": "https://www.sfmta.com/15545", "tts_stop_n": null, "platform_c": null, "location_t": "0", "parent_sta": "15545", "stop_timez": "America/Los_Angeles", "wheelchair": "0", "level_id": null }, "geometry": { "type": "Point", "coordinates": [ -122.417562874999987, 37.774112509000076 ] } },
{ "type": "Feature", "properties": { "stop_id_12": "15548", "stop_name_": "Mission St & 14th St", "stop_code": "15548", "stop_desc": "Pedestrian access point", "stop_lat": 37.7678, "stop_lon": -122.42002, "zone_id": null, "stop_url": "https://www.sfmta.com/15548", "tts_stop_n": null, "platform_c": null, "location_t": "0", "parent_sta": "15548", "stop_timez": "America/Los_Angeles", "wheelchair": "0", "level_id": null }, "geometry": { "type": "Point", "coordinates": [ -122.420076691999952, 37.768047202000048 ] } },
{ "type": "Feature", "properties": { "stop_id_12": "15552", "stop_name_": "Mission St & 16th St", "stop_code": "15552", "stop_desc": "Pedestrian access point", "stop_lat": 37.7648, "stop_lon": -122.41974, "zone_id": null, "stop_url": "https://www.sfmta.com/15552", "tts_stop_n": null, "platform_c": null, "location_t": "0", "parent_sta": "15552", "stop_timez": "America/Los_Angeles", "wheelchair": "0", "level_id": null }, "geometry": { "type": "Point", "coordinates": [ -122.419737, 37.764804001000073 ] } },
{ "type": "Feature", "properties": { "stop_id_12": "15552", "stop_name_": "Mission St & 16th St", "stop_code": "15552", "stop_desc": "Pedestrian access point", "stop_lat": 37.7648, "stop_lon": -122.41974, "zone_id": null, "stop_url": "https://www.sfmta.com/15552", "tts_stop_n": null, "platform_c": null, "location_t": "0", "parent_sta": "15552", "stop_timez": "America/Los_Angeles", "wheelchair": "0", "level_id": null }, "geometry": { "type": "Point", "coordinates": [ -122.419737, 37.764804001000073 ] } },
{ "type": "Feature", "properties": { "stop_id_12": "15552", "stop_name_": "Mission St & 16th St", "stop_code": "15552", "stop_desc": "Pedestrian access point", "stop_lat": 37.7648, "stop_lon": -122.41974, "zone_id": null, "stop_url": "https://www.sfmta.com/15552", "tts_stop_n": null, "platform_c": null, "location_t": "0", "parent_sta": "15552", "stop_timez": "America/Los_Angeles", "wheelchair": "0", "level_id": null }, "geometry": { "type": "Point", "coordinates": [ -122.419737, 37.764804001000073 ] } },
{ "type": "Feature", "properties": { "stop_id_12": "15552", "stop_name_": "Mission St & 16th St", "stop_code": "15552", "stop_desc": "Pedestrian access point", "stop_lat": 37.7648, "stop_lon": -122.41974, "zone_id": null, "stop_url": "https://www.sfmta.com/15552", "tts_stop_n": null, "platform_c": null, "location_t": "0", "parent_sta": "15552", "stop_timez": "America/Los_Angeles", "wheelchair": "0", "level_id": null }, "geometry": { "type": "Point", "coordinates": [ -122.419737, 37.764804001000073 ] } },
{ "type": "Feature", "properties": { "stop_id_12": "15552", "stop_name_": "Mission St & 16th St", "stop_code": "15552", "stop_desc": "Pedestrian access point", "stop_lat": 37.7648, "stop_lon": -122.41974, "zone_id": null, "stop_url": "https://www.sfmta.com/15552", "tts_stop_n": null, "platform_c": null, "location_t": "0", "parent_sta": "15552", "stop_timez": "America/Los_Angeles", "wheelchair": "0", "level_id": null }, "geometry": { "type": "Point", "coordinates": [ -122.419737, 37.764804001000073 ] } },
{ "type": "Feature", "properties": { "stop_id_12": "15554", "stop_name_": "Mission St & 18th St", "stop_code": "15554", "stop_desc": "Pedestrian access point", "stop_lat": 37.76176, "stop_lon": -122.41946, "zone_id": null, "stop_url": "https://www.sfmta.com/15554", "tts_stop_n": null, "platform_c": null, "location_t": "0", "parent_sta": "15554", "stop_timez": "America/Los_Angeles", "wheelchair": "0", "level_id": null }, "geometry": { "type": "Point", "coordinates": [ -122.419467805999943, 37.761618996000038 ] } },
{ "type": "Feature", "properties": { "stop_id_12": "15554", "stop_name_": "Mission St & 18th St", "stop_code": "15554", "stop_desc": "Pedestrian access point", "stop_lat": 37.76176, "stop_lon": -122.41946, "zone_id": null, "stop_url": "https://www.sfmta.com/15554", "tts_stop_n": null, "platform_c": null, "location_t": "0", "parent_sta": "15554", "stop_timez": "America/Los_Angeles", "wheelchair": "0", "level_id": null }, "geometry": { "type": "Point", "coordinates": [ -122.419467805999943, 37.761618996000038 ] } },
{ "type": "Feature", "properties": { "stop_id_12": "15558", "stop_name_": "Mission St & 20th St", "stop_code": "15558", "stop_desc": "Pedestrian access point", "stop_lat": 37.75817, "stop_lon": -122.41909, "zone_id": null, "stop_url": "https://www.sfmta.com/15558", "tts_stop_n": null, "platform_c": null, "location_t": "0", "parent_sta": "15558", "stop_timez": "America/Los_Angeles", "wheelchair": "0", "level_id": null }, "geometry": { "type": "Point", "coordinates": [ -122.419143288999976, 37.758411468000077 ] } },
{ "type": "Feature", "properties": { "stop_id_12": "15558", "stop_name_": "Mission St & 20th St", "stop_code": "15558", "stop_desc": "Pedestrian access point", "stop_lat": 37.75817, "stop_lon": -122.41909, "zone_id": null, "stop_url": "https://www.sfmta.com/15558", "tts_stop_n": null, "platform_c": null, "location_t": "0", "parent_sta": "15558", "stop_timez": "America/Los_Angeles", "wheelchair": "0", "level_id": null }, "geometry": { "type": "Point", "coordinates": [ -122.419143288999976, 37.758411468000077 ] } },
{ "type": "Feature", "properties": { "stop_id_12": "15558", "stop_name_": "Mission St & 20th St", "stop_code": "15558", "stop_desc": "Pedestrian access point", "stop_lat": 37.75817, "stop_lon": -122.41909, "zone_id": null, "stop_url": "https://www.sfmta.com/15558", "tts_stop_n": null, "platform_c": null, "location_t": "0", "parent_sta": "15558", "stop_timez": "America/Los_Angeles", "wheelchair": "0", "level_id": null }, "geometry": { "type": "Point", "coordinates": [ -122.419143288999976, 37.758411468000077 ] } },
{ "type": "Feature", "properties": { "stop_id_12": "15562", "stop_name_": "Mission St & 22nd St", "stop_code": "15562", "stop_desc": "Pedestrian access point", "stop_lat": 37.75517, "stop_lon": -122.4188, "zone_id": null, "stop_url": "https://www.sfmta.com/15562", "tts_stop_n": null, "platform_c": null, "location_t": "0", "parent_sta": "15562", "stop_timez": "America/Los_Angeles", "wheelchair": "0", "level_id": null }, "geometry": { "type": "Point", "coordinates": [ -122.418836782999961, 37.755049568000061 ] } },
{ "type": "Feature", "properties": { "stop_id_12": "15562", "stop_name_": "Mission St & 22nd St", "stop_code": "15562", "stop_desc": "Pedestrian access point", "stop_lat": 37.75517, "stop_lon": -122.4188, "zone_id": null, "stop_url": "https://www.sfmta.com/15562", "tts_stop_n": null, "platform_c": null, "location_t": "0", "parent_sta": "15562", "stop_timez": "America/Los_Angeles", "wheelchair": "0", "level_id": null }, "geometry": { "type": "Point", "coordinates": [ -122.418836782999961, 37.755049568000061 ] } },
{ "type": "Feature", "properties": { "stop_id_12": "15566", "stop_name_": "Mission St & 24th St", "stop_code": "15566", "stop_desc": "Pedestrian access point", "stop_lat": 37.75196, "stop_lon": -122.41853, "zone_id": null, "stop_url": "https://www.sfmta.com/15566", "tts_stop_n": null, "platform_c": null, "location_t": "0", "parent_sta": "15566", "stop_timez": "America/Los_Angeles", "wheelchair": "0", "level_id": null }, "geometry": { "type": "Point", "coordinates": [ -122.418528, 37.751964 ] } },
{ "type": "Feature", "properties": { "stop_id_12": "15566", "stop_name_": "Mission St & 24th St", "stop_code": "15566", "stop_desc": "Pedestrian access point", "stop_lat": 37.75196, "stop_lon": -122.41853, "zone_id": null, "stop_url": "https://www.sfmta.com/15566", "tts_stop_n": null, "platform_c": null, "location_t": "0", "parent_sta": "15566", "stop_timez": "America/Los_Angeles", "wheelchair": "0", "level_id": null }, "geometry": { "type": "Point", "coordinates": [ -122.418528, 37.751964 ] } },
{ "type": "Feature", "properties": { "stop_id_12": "15566", "stop_name_": "Mission St & 24th St", "stop_code": "15566", "stop_desc": "Pedestrian access point", "stop_lat": 37.75196, "stop_lon": -122.41853, "zone_id": null, "stop_url": "https://www.sfmta.com/15566", "tts_stop_n": null, "platform_c": null, "location_t": "0", "parent_sta": "15566", "stop_timez": "America/Los_Angeles", "wheelchair": "0", "level_id": null }, "geometry": { "type": "Point", "coordinates": [ -122.418528, 37.751964 ] } },
{ "type": "Feature", "properties": { "stop_id_12": "15566", "stop_name_": "Mission St & 24th St", "stop_code": "15566", "stop_desc": "Pedestrian access point", "stop_lat": 37.75196, "stop_lon": -122.41853, "zone_id": null, "stop_url": "https://www.sfmta.com/15566", "tts_stop_n": null, "platform_c": null, "location_t": "0", "parent_sta": "15566", "stop_timez": "America/Los_Angeles", "wheelchair": "0", "level_id": null }, "geometry": { "type": "Point", "coordinates": [ -122.418528, 37.751964 ] } },
{ "type": "Feature", "properties": { "stop_id_12": "15568", "stop_name_": "Mission St & 26th St", "stop_code": "15568", "stop_desc": "Pedestrian access point", "stop_lat": 37.74857, "stop_lon": -122.41818, "zone_id": null, "stop_url": "https://www.sfmta.com/15568", "tts_stop_n": null, "platform_c": null, "location_t": "0", "parent_sta": "15568", "stop_timez": "America/Los_Angeles", "wheelchair": "0", "level_id": null }, "geometry": { "type": "Point", "coordinates": [ -122.418232822, 37.748760322000066 ] } },
{ "type": "Feature", "properties": { "stop_id_12": "15568", "stop_name_": "Mission St & 26th St", "stop_code": "15568", "stop_desc": "Pedestrian access point", "stop_lat": 37.74857, "stop_lon": -122.41818, "zone_id": null, "stop_url": "https://www.sfmta.com/15568", "tts_stop_n": null, "platform_c": null, "location_t": "0", "parent_sta": "15568", "stop_timez": "America/Los_Angeles", "wheelchair": "0", "level_id": null }, "geometry": { "type": "Point", "coordinates": [ -122.418232822, 37.748760322000066 ] } },
{ "type": "Feature", "properties": { "stop_id_12": "15571", "stop_name_": "Mission St & 30th St", "stop_code": "15571", "stop_desc": "Pedestrian access point", "stop_lat": 37.74241, "stop_lon": -122.42194, "zone_id": null, "stop_url": "https://www.sfmta.com/15571", "tts_stop_n": null, "platform_c": null, "location_t": "0", "parent_sta": "15571", "stop_timez": "America/Los_Angeles", "wheelchair": "0", "level_id": null }, "geometry": { "type": "Point", "coordinates": [ -122.421726436999961, 37.742612142000041 ] } },
{ "type": "Feature", "properties": { "stop_id_12": "15572", "stop_name_": "Mission St & 30th St", "stop_code": "15572", "stop_desc": "Pedestrian access point", "stop_lat": 37.74242, "stop_lon": -122.42199, "zone_id": null, "stop_url": "https://www.sfmta.com/15572", "tts_stop_n": null, "platform_c": null, "location_t": "0", "parent_sta": "15572", "stop_timez": "America/Los_Angeles", "wheelchair": "0", "level_id": null }, "geometry": { "type": "Point", "coordinates": [ -122.421976639999968, 37.742547804000026 ] } },
{ "type": "Feature", "properties": { "stop_id_12": "15626", "stop_name_": "Mission St & Valencia St", "stop_code": "15626", "stop_desc": "Pedestrian access point", "stop_lat": 37.74508, "stop_lon": -122.4203, "zone_id": null, "stop_url": "https://www.sfmta.com/15626", "tts_stop_n": null, "platform_c": null, "location_t": "0", "parent_sta": "15626", "stop_timez": "America/Los_Angeles", "wheelchair": "0", "level_id": null }, "geometry": { "type": "Point", "coordinates": [ -122.420256033999976, 37.745214741000041 ] } },
{ "type": "Feature", "properties": { "stop_id_12": "15626", "stop_name_": "Mission St & Valencia St", "stop_code": "15626", "stop_desc": "Pedestrian access point", "stop_lat": 37.74508, "stop_lon": -122.4203, "zone_id": null, "stop_url": "https://www.sfmta.com/15626", "tts_stop_n": null, "platform_c": null, "location_t": "0", "parent_sta": "15626", "stop_timez": "America/Los_Angeles", "wheelchair": "0", "level_id": null }, "geometry": { "type": "Point", "coordinates": [ -122.420256033999976, 37.745214741000041 ] } },
{ "type": "Feature", "properties": { "stop_id_12": "15626", "stop_name_": "Mission St & Valencia St", "stop_code": "15626", "stop_desc": "Pedestrian access point", "stop_lat": 37.74508, "stop_lon": -122.4203, "zone_id": null, "stop_url": "https://www.sfmta.com/15626", "tts_stop_n": null, "platform_c": null, "location_t": "0", "parent_sta": "15626", "stop_timez": "America/Los_Angeles", "wheelchair": "0", "level_id": null }, "geometry": { "type": "Point", "coordinates": [ -122.420256033999976, 37.745214741000041 ] } },
{ "type": "Feature", "properties": { "stop_id_12": "15813", "stop_name_": "O'Farrell St & Larkin St", "stop_code": "15813", "stop_desc": "Pedestrian access point", "stop_lat": 37.78514, "stop_lon": -122.4177, "zone_id": null, "stop_url": "https://www.sfmta.com/15813", "tts_stop_n": null, "platform_c": null, "location_t": "0", "parent_sta": "15813", "stop_timez": "America/Los_Angeles", "wheelchair": "0", "level_id": null }, "geometry": { "type": "Point", "coordinates": [ -122.417600105999952, 37.785149683000043 ] } },
{ "type": "Feature", "properties": { "stop_id_12": "15814", "stop_name_": "O'Farrell St & Leavenworth St", "stop_code": "15814", "stop_desc": "Pedestrian access point", "stop_lat": 37.78554, "stop_lon": -122.41445, "zone_id": null, "stop_url": "https://www.sfmta.com/15814", "tts_stop_n": null, "platform_c": null, "location_t": "0", "parent_sta": "15814", "stop_timez": "America/Los_Angeles", "wheelchair": "0", "level_id": null }, "geometry": { "type": "Point", "coordinates": [ -122.414215255999977, 37.785574456000063 ] } },
{ "type": "Feature", "properties": { "stop_id_12": "15817", "stop_name_": "O'Farrell St & Powell St", "stop_code": "15817", "stop_desc": "Pedestrian access point", "stop_lat": 37.78632, "stop_lon": -122.40814, "zone_id": null, "stop_url": "https://www.sfmta.com/15817", "tts_stop_n": null, "platform_c": null, "location_t": "0", "parent_sta": "15817", "stop_timez": "America/Los_Angeles", "wheelchair": "0", "level_id": null }, "geometry": { "type": "Point", "coordinates": [ -122.408184674999973, 37.786361170000077 ] } },
{ "type": "Feature", "properties": { "stop_id_12": "15817", "stop_name_": "O'Farrell St & Powell St", "stop_code": "15817", "stop_desc": "Pedestrian access point", "stop_lat": 37.78632, "stop_lon": -122.40814, "zone_id": null, "stop_url": "https://www.sfmta.com/15817", "tts_stop_n": null, "platform_c": null, "location_t": "0", "parent_sta": "15817", "stop_timez": "America/Los_Angeles", "wheelchair": "0", "level_id": null }, "geometry": { "type": "Point", "coordinates": [ -122.408184674999973, 37.786361170000077 ] } },
{ "type": "Feature", "properties": { "stop_id_12": "16034", "stop_name_": "Potrero Ave & 21st St", "stop_code": "16034", "stop_desc": "Pedestrian access point", "stop_lat": 37.7575, "stop_lon": -122.40694, "zone_id": null, "stop_url": "https://www.sfmta.com/16034", "tts_stop_n": null, "platform_c": null, "location_t": "0", "parent_sta": "16034", "stop_timez": "America/Los_Angeles", "wheelchair": "0", "level_id": null }, "geometry": { "type": "Point", "coordinates": [ -122.406939998999974, 37.7575 ] } },
{ "type": "Feature", "properties": { "stop_id_12": "16034", "stop_name_": "Potrero Ave & 21st St", "stop_code": "16034", "stop_desc": "Pedestrian access point", "stop_lat": 37.7575, "stop_lon": -122.40694, "zone_id": null, "stop_url": "https://www.sfmta.com/16034", "tts_stop_n": null, "platform_c": null, "location_t": "0", "parent_sta": "16034", "stop_timez": "America/Los_Angeles", "wheelchair": "0", "level_id": null }, "geometry": { "type": "Point", "coordinates": [ -122.406939998999974, 37.7575 ] } },
{ "type": "Feature", "properties": { "stop_id_12": "16034", "stop_name_": "Potrero Ave & 21st St", "stop_code": "16034", "stop_desc": "Pedestrian access point", "stop_lat": 37.7575, "stop_lon": -122.40694, "zone_id": null, "stop_url": "https://www.sfmta.com/16034", "tts_stop_n": null, "platform_c": null, "location_t": "0", "parent_sta": "16034", "stop_timez": "America/Los_Angeles", "wheelchair": "0", "level_id": null }, "geometry": { "type": "Point", "coordinates": [ -122.406939998999974, 37.7575 ] } },
{ "type": "Feature", "properties": { "stop_id_12": "16037", "stop_name_": "Potrero Ave & 23rd St", "stop_code": "16037", "stop_desc": "Pedestrian access point", "stop_lat": 37.75506, "stop_lon": -122.4067, "zone_id": null, "stop_url": "https://www.sfmta.com/16037", "tts_stop_n": null, "platform_c": null, "location_t": "0", "parent_sta": "16037", "stop_timez": "America/Los_Angeles", "wheelchair": "0", "level_id": null }, "geometry": { "type": "Point", "coordinates": [ -122.406677662, 37.755131180000035 ] } },
{ "type": "Feature", "properties": { "stop_id_12": "16290", "stop_name_": "Sacramento St & Battery St", "stop_code": "16290", "stop_desc": "Pedestrian access point", "stop_lat": 37.79418, "stop_lon": -122.40028, "zone_id": null, "stop_url": "https://www.sfmta.com/16290", "tts_stop_n": null, "platform_c": null, "location_t": "0", "parent_sta": "16290", "stop_timez": "America/Los_Angeles", "wheelchair": "0", "level_id": null }, "geometry": { "type": "Point", "coordinates": [ -122.400545258999955, 37.794157171000052 ] } },
{ "type": "Feature", "properties": { "stop_id_12": "16294", "stop_name_": "Sacramento St & Davis St", "stop_code": "16294", "stop_desc": "Pedestrian access point", "stop_lat": 37.79455, "stop_lon": -122.3976, "zone_id": null, "stop_url": "https://www.sfmta.com/16294", "tts_stop_n": null, "platform_c": null, "location_t": "0", "parent_sta": "16294", "stop_timez": "America/Los_Angeles", "wheelchair": "0", "level_id": null }, "geometry": { "type": "Point", "coordinates": [ -122.3976, 37.79455 ] } },
{ "type": "Feature", "properties": { "stop_id_12": "16294", "stop_name_": "Sacramento St & Davis St", "stop_code": "16294", "stop_desc": "Pedestrian access point", "stop_lat": 37.79455, "stop_lon": -122.3976, "zone_id": null, "stop_url": "https://www.sfmta.com/16294", "tts_stop_n": null, "platform_c": null, "location_t": "0", "parent_sta": "16294", "stop_timez": "America/Los_Angeles", "wheelchair": "0", "level_id": null }, "geometry": { "type": "Point", "coordinates": [ -122.3976, 37.79455 ] } },
{ "type": "Feature", "properties": { "stop_id_12": "16294", "stop_name_": "Sacramento St & Davis St", "stop_code": "16294", "stop_desc": "Pedestrian access point", "stop_lat": 37.79455, "stop_lon": -122.3976, "zone_id": null, "stop_url": "https://www.sfmta.com/16294", "tts_stop_n": null, "platform_c": null, "location_t": "0", "parent_sta": "16294", "stop_timez": "America/Los_Angeles", "wheelchair": "0", "level_id": null }, "geometry": { "type": "Point", "coordinates": [ -122.3976, 37.79455 ] } },
{ "type": "Feature", "properties": { "stop_id_12": "16297", "stop_name_": "Sacramento St & Franklin St", "stop_code": "16297", "stop_desc": "Pedestrian access point", "stop_lat": 37.79118, "stop_lon": -122.42407, "zone_id": null, "stop_url": "https://www.sfmta.com/16297", "tts_stop_n": null, "platform_c": null, "location_t": "0", "parent_sta": "16297", "stop_timez": "America/Los_Angeles", "wheelchair": "0", "level_id": null }, "geometry": { "type": "Point", "coordinates": [ -122.424054550999983, 37.791180714000063 ] } },
{ "type": "Feature", "properties": { "stop_id_12": "16307", "stop_name_": "Sacramento St & Montgomery St", "stop_code": "16307", "stop_desc": "Pedestrian access point", "stop_lat": 37.79382, "stop_lon": -122.4031, "zone_id": null, "stop_url": "https://www.sfmta.com/16307", "tts_stop_n": null, "platform_c": null, "location_t": "0", "parent_sta": "16307", "stop_timez": "America/Los_Angeles", "wheelchair": "0", "level_id": null }, "geometry": { "type": "Point", "coordinates": [ -122.403340718999971, 37.793790493000074 ] } },
{ "type": "Feature", "properties": { "stop_id_12": "16311", "stop_name_": "Sacramento St & Polk St", "stop_code": "16311", "stop_desc": "Pedestrian access point", "stop_lat": 37.79155, "stop_lon": -122.42118, "zone_id": null, "stop_url": "https://www.sfmta.com/16311", "tts_stop_n": null, "platform_c": null, "location_t": "0", "parent_sta": "16311", "stop_timez": "America/Los_Angeles", "wheelchair": "0", "level_id": null }, "geometry": { "type": "Point", "coordinates": [ -122.42118, 37.79155 ] } },
{ "type": "Feature", "properties": { "stop_id_12": "16317", "stop_name_": "Sacramento St & Van Ness Ave", "stop_code": "16317", "stop_desc": "Pedestrian access point", "stop_lat": 37.79141, "stop_lon": -122.42227, "zone_id": null, "stop_url": "https://www.sfmta.com/16317", "tts_stop_n": null, "platform_c": null, "location_t": "0", "parent_sta": "16317", "stop_timez": "America/Los_Angeles", "wheelchair": "0", "level_id": null }, "geometry": { "type": "Point", "coordinates": [ -122.42226999899998, 37.791409999000052 ] } },
{ "type": "Feature", "properties": { "stop_id_12": "17129", "stop_name_": "Mission St & 7th St", "stop_code": "17129", "stop_desc": "Pedestrian access point", "stop_lat": 37.77935, "stop_lon": -122.41051, "zone_id": null, "stop_url": "https://www.sfmta.com/17129", "tts_stop_n": null, "platform_c": null, "location_t": "0", "parent_sta": "17129", "stop_timez": "America/Los_Angeles", "wheelchair": "0", "level_id": null }, "geometry": { "type": "Point", "coordinates": [ -122.410529164999957, 37.779424279000068 ] } },
{ "type": "Feature", "properties": { "stop_id_12": "17301", "stop_name_": "O'Farrell St & Taylor St", "stop_code": "17301", "stop_desc": "Pedestrian access point", "stop_lat": 37.78585, "stop_lon": -122.41198, "zone_id": null, "stop_url": "https://www.sfmta.com/17301", "tts_stop_n": null, "platform_c": null, "location_t": "0", "parent_sta": "17301", "stop_timez": "America/Los_Angeles", "wheelchair": "0", "level_id": null }, "geometry": { "type": "Point", "coordinates": [ -122.41198, 37.78585 ] } },
{ "type": "Feature", "properties": { "stop_id_12": "17301", "stop_name_": "O'Farrell St & Taylor St", "stop_code": "17301", "stop_desc": "Pedestrian access point", "stop_lat": 37.78585, "stop_lon": -122.41198, "zone_id": null, "stop_url": "https://www.sfmta.com/17301", "tts_stop_n": null, "platform_c": null, "location_t": "0", "parent_sta": "17301", "stop_timez": "America/Los_Angeles", "wheelchair": "0", "level_id": null }, "geometry": { "type": "Point", "coordinates": [ -122.41198, 37.78585 ] } },
{ "type": "Feature", "properties": { "stop_id_12": "17761", "stop_name_": "16th St& Rhode Island St", "stop_code": "17761", "stop_desc": "Pedestrian access point", "stop_lat": 37.76599, "stop_lon": -122.40286, "zone_id": null, "stop_url": "https://www.sfmta.com/17761", "tts_stop_n": null, "platform_c": null, "location_t": "0", "parent_sta": "17761", "stop_timez": "America/Los_Angeles", "wheelchair": "0", "level_id": null }, "geometry": { "type": "Point", "coordinates": [ -122.402819441999952, 37.766039801000034 ] } },
{ "type": "Feature", "properties": { "stop_id_12": "17761", "stop_name_": "16th St& Rhode Island St", "stop_code": "17761", "stop_desc": "Pedestrian access point", "stop_lat": 37.76599, "stop_lon": -122.40286, "zone_id": null, "stop_url": "https://www.sfmta.com/17761", "tts_stop_n": null, "platform_c": null, "location_t": "0", "parent_sta": "17761", "stop_timez": "America/Los_Angeles", "wheelchair": "0", "level_id": null }, "geometry": { "type": "Point", "coordinates": [ -122.402819441999952, 37.766039801000034 ] } },
{ "type": "Feature", "properties": { "stop_id_12": "17762", "stop_name_": "16th St & Wisconsin St", "stop_code": "17762", "stop_desc": "Pedestrian access point", "stop_lat": 37.7662, "stop_lon": -122.39991, "zone_id": null, "stop_url": "https://www.sfmta.com/17762", "tts_stop_n": null, "platform_c": null, "location_t": "0", "parent_sta": "17762", "stop_timez": "America/Los_Angeles", "wheelchair": "0", "level_id": null }, "geometry": { "type": "Point", "coordinates": [ -122.399931290999973, 37.766217231000041 ] } },
{ "type": "Feature", "properties": { "stop_id_12": "17763", "stop_name_": "16th St & Missouri St", "stop_code": "17763", "stop_desc": "Pedestrian access point", "stop_lat": 37.76638, "stop_lon": -122.39702, "zone_id": null, "stop_url": "https://www.sfmta.com/17763", "tts_stop_n": null, "platform_c": null, "location_t": "0", "parent_sta": "17763", "stop_timez": "America/Los_Angeles", "wheelchair": "0", "level_id": null }, "geometry": { "type": "Point", "coordinates": [ -122.397017173, 37.766353772000059 ] } },
{ "type": "Feature", "properties": { "stop_id_12": "17767", "stop_name_": "16th Street & 4th Street", "stop_code": "17767", "stop_desc": "Pedestrian access point", "stop_lat": 37.76686, "stop_lon": -122.39089, "zone_id": null, "stop_url": "https://www.sfmta.com/17767", "tts_stop_n": null, "platform_c": null, "location_t": "0", "parent_sta": "17767", "stop_timez": "America/Los_Angeles", "wheelchair": "0", "level_id": null }, "geometry": { "type": "Point", "coordinates": [ -122.390891, 37.766864 ] } },
{ "type": "Feature", "properties": { "stop_id_12": "17768", "stop_name_": "16th Street & Missouri St", "stop_code": "17768", "stop_desc": "Pedestrian access point", "stop_lat": 37.76649, "stop_lon": -122.39701, "zone_id": null, "stop_url": "https://www.sfmta.com/17768", "tts_stop_n": null, "platform_c": null, "location_t": "0", "parent_sta": "17768", "stop_timez": "America/Los_Angeles", "wheelchair": "0", "level_id": null }, "geometry": { "type": "Point", "coordinates": [ -122.397037722999983, 37.766522590000079 ] } },
{ "type": "Feature", "properties": { "stop_id_12": "17769", "stop_name_": "16th Street & Wisconsin St", "stop_code": "17769", "stop_desc": "Pedestrian access point", "stop_lat": 37.76629, "stop_lon": -122.39984, "zone_id": null, "stop_url": "https://www.sfmta.com/17769", "tts_stop_n": null, "platform_c": null, "location_t": "0", "parent_sta": "17769", "stop_timez": "America/Los_Angeles", "wheelchair": "0", "level_id": null }, "geometry": { "type": "Point", "coordinates": [ -122.400219237999977, 37.766331444000059 ] } },
{ "type": "Feature", "properties": { "stop_id_12": "17770", "stop_name_": "16th Street & Rhode Island St", "stop_code": "17770", "stop_desc": "Pedestrian access point", "stop_lat": 37.76611, "stop_lon": -122.40282, "zone_id": null, "stop_url": "https://www.sfmta.com/17770", "tts_stop_n": null, "platform_c": null, "location_t": "0", "parent_sta": "17770", "stop_timez": "America/Los_Angeles", "wheelchair": "0", "level_id": null }, "geometry": { "type": "Point", "coordinates": [ -122.402867380999965, 37.766204636000055 ] } },
{ "type": "Feature", "properties": { "stop_id_12": "17770", "stop_name_": "16th Street & Rhode Island St", "stop_code": "17770", "stop_desc": "Pedestrian access point", "stop_lat": 37.76611, "stop_lon": -122.40282, "zone_id": null, "stop_url": "https://www.sfmta.com/17770", "tts_stop_n": null, "platform_c": null, "location_t": "0", "parent_sta": "17770", "stop_timez": "America/Los_Angeles", "wheelchair": "0", "level_id": null }, "geometry": { "type": "Point", "coordinates": [ -122.402867380999965, 37.766204636000055 ] } },
{ "type": "Feature", "properties": { "stop_id_12": "17841", "stop_name_": "Mission St & Power St", "stop_code": "17841", "stop_desc": "Pedestrian access point", "stop_lat": 37.74625, "stop_lon": -122.4194, "zone_id": null, "stop_url": "https://www.sfmta.com/17841", "tts_stop_n": null, "platform_c": null, "location_t": "0", "parent_sta": "17841", "stop_timez": "America/Los_Angeles", "wheelchair": "0", "level_id": null }, "geometry": { "type": "Point", "coordinates": [ -122.419212467999955, 37.746509716000048 ] } },
{ "type": "Feature", "properties": { "stop_id_12": "17841", "stop_name_": "Mission St & Power St", "stop_code": "17841", "stop_desc": "Pedestrian access point", "stop_lat": 37.74625, "stop_lon": -122.4194, "zone_id": null, "stop_url": "https://www.sfmta.com/17841", "tts_stop_n": null, "platform_c": null, "location_t": "0", "parent_sta": "17841", "stop_timez": "America/Los_Angeles", "wheelchair": "0", "level_id": null }, "geometry": { "type": "Point", "coordinates": [ -122.419212467999955, 37.746509716000048 ] } },
{ "type": "Feature", "properties": { "stop_id_12": "17841", "stop_name_": "Mission St & Power St", "stop_code": "17841", "stop_desc": "Pedestrian access point", "stop_lat": 37.74625, "stop_lon": -122.4194, "zone_id": null, "stop_url": "https://www.sfmta.com/17841", "tts_stop_n": null, "platform_c": null, "location_t": "0", "parent_sta": "17841", "stop_timez": "America/Los_Angeles", "wheelchair": "0", "level_id": null }, "geometry": { "type": "Point", "coordinates": [ -122.419212467999955, 37.746509716000048 ] } },
{ "type": "Feature", "properties": { "stop_id_12": "17854", "stop_name_": "Geary Blvd & Arguello Blvd", "stop_code": "17854", "stop_desc": "Pedestrian access point", "stop_lat": 37.78131, "stop_lon": -122.45896, "zone_id": null, "stop_url": "https://www.sfmta.com/17854", "tts_stop_n": null, "platform_c": null, "location_t": "0", "parent_sta": "17854", "stop_timez": "America/Los_Angeles", "wheelchair": "0", "level_id": null }, "geometry": { "type": "Point", "coordinates": [ -122.459497764999981, 37.781371571000079 ] } },
{ "type": "Feature", "properties": { "stop_id_12": "17865", "stop_name_": "16th Street & Owen St", "stop_code": "17865", "stop_desc": "Pedestrian access point", "stop_lat": 37.76672, "stop_lon": -122.3928, "zone_id": null, "stop_url": "https://www.sfmta.com/17865", "tts_stop_n": null, "platform_c": null, "location_t": "0", "parent_sta": "17865", "stop_timez": "America/Los_Angeles", "wheelchair": "0", "level_id": null }, "geometry": { "type": "Point", "coordinates": [ -122.393281718999958, 37.766786141000068 ] } },
{ "type": "Feature", "properties": { "stop_id_12": "17866", "stop_name_": "16th St & Owen St", "stop_code": "17866", "stop_desc": "Pedestrian access point", "stop_lat": 37.76665, "stop_lon": -122.39253, "zone_id": null, "stop_url": "https://www.sfmta.com/17866", "tts_stop_n": null, "platform_c": null, "location_t": "0", "parent_sta": "17866", "stop_timez": "America/Los_Angeles", "wheelchair": "0", "level_id": null }, "geometry": { "type": "Point", "coordinates": [ -122.392199246999951, 37.766635013000041 ] } },
{ "type": "Feature", "properties": { "stop_id_12": "17912", "stop_name_": "Potrero Ave & 19th St", "stop_code": "17912", "stop_desc": "Pedestrian access point", "stop_lat": 37.76061, "stop_lon": -122.40717, "zone_id": null, "stop_url": "https://www.sfmta.com/17912", "tts_stop_n": null, "platform_c": null, "location_t": "0", "parent_sta": "17912", "stop_timez": "America/Los_Angeles", "wheelchair": "0", "level_id": null }, "geometry": { "type": "Point", "coordinates": [ -122.407213762999959, 37.760389372000077 ] } },
{ "type": "Feature", "properties": { "stop_id_12": "17954", "stop_name_": "Geary Blvd & Fillmore St", "stop_code": "17954", "stop_desc": "Pedestrian access point", "stop_lat": 37.78438, "stop_lon": -122.43205, "zone_id": null, "stop_url": "https://www.sfmta.com/17954", "tts_stop_n": null, "platform_c": null, "location_t": "0", "parent_sta": "17954", "stop_timez": "America/Los_Angeles", "wheelchair": "0", "level_id": null }, "geometry": { "type": "Point", "coordinates": [ -122.432001022999941, 37.784270717000027 ] } },
{ "type": "Feature", "properties": { "stop_id_12": "18089", "stop_name_": "Van Ness Ave & Mcallister St", "stop_code": "18089", "stop_desc": "Pedestrian access point", "stop_lat": 37.78003, "stop_lon": -122.42022, "zone_id": null, "stop_url": "https://www.sfmta.com/18089", "tts_stop_n": null, "platform_c": null, "location_t": "0", "parent_sta": "18089", "stop_timez": "America/Los_Angeles", "wheelchair": "0", "level_id": null }, "geometry": { "type": "Point", "coordinates": [ -122.420205041999964, 37.779943125000045 ] } },
{ "type": "Feature", "properties": { "stop_id_12": "18089", "stop_name_": "Van Ness Ave & Mcallister St", "stop_code": "18089", "stop_desc": "Pedestrian access point", "stop_lat": 37.78003, "stop_lon": -122.42022, "zone_id": null, "stop_url": "https://www.sfmta.com/18089", "tts_stop_n": null, "platform_c": null, "location_t": "0", "parent_sta": "18089", "stop_timez": "America/Los_Angeles", "wheelchair": "0", "level_id": null }, "geometry": { "type": "Point", "coordinates": [ -122.420205041999964, 37.779943125000045 ] } },
{ "type": "Feature", "properties": { "stop_id_12": "18090", "stop_name_": "Van Ness Ave & Eddy St", "stop_code": "18090", "stop_desc": "Pedestrian access point", "stop_lat": 37.78285, "stop_lon": -122.42078, "zone_id": null, "stop_url": "https://www.sfmta.com/18090", "tts_stop_n": null, "platform_c": null, "location_t": "0", "parent_sta": "18090", "stop_timez": "America/Los_Angeles", "wheelchair": "0", "level_id": null }, "geometry": { "type": "Point", "coordinates": [ -122.420774861999973, 37.782831550000026 ] } },
{ "type": "Feature", "properties": { "stop_id_12": "18091", "stop_name_": "Van Ness Ave & Geary Blvd", "stop_code": "18091", "stop_desc": "Pedestrian access point", "stop_lat": 37.78565, "stop_lon": -122.42137, "zone_id": null, "stop_url": "https://www.sfmta.com/18091", "tts_stop_n": null, "platform_c": null, "location_t": "0", "parent_sta": "18091", "stop_timez": "America/Los_Angeles", "wheelchair": "0", "level_id": null }, "geometry": { "type": "Point", "coordinates": [ -122.421322909999958, 37.785624903000041 ] } },
{ "type": "Feature", "properties": { "stop_id_12": "18092", "stop_name_": "Van Ness Ave & Bush St", "stop_code": "18092", "stop_desc": "Pedestrian access point", "stop_lat": 37.78845, "stop_lon": -122.42192, "zone_id": null, "stop_url": "https://www.sfmta.com/18092", "tts_stop_n": null, "platform_c": null, "location_t": "0", "parent_sta": "18092", "stop_timez": "America/Los_Angeles", "wheelchair": "0", "level_id": null }, "geometry": { "type": "Point", "coordinates": [ -122.421899261999954, 37.788421638000045 ] } },
{ "type": "Feature", "properties": { "stop_id_12": "18093", "stop_name_": "Van Ness Ave & Clay St", "stop_code": "18093", "stop_desc": "Pedestrian access point", "stop_lat": 37.79213, "stop_lon": -122.42266, "zone_id": null, "stop_url": "https://www.sfmta.com/18093", "tts_stop_n": null, "platform_c": null, "location_t": "0", "parent_sta": "18093", "stop_timez": "America/Los_Angeles", "wheelchair": "0", "level_id": null }, "geometry": { "type": "Point", "coordinates": [ -122.422646369999939, 37.79213278800006 ] } },
{ "type": "Feature", "properties": { "stop_id_12": "18094", "stop_name_": "Van Ness Ave & Pacific St", "stop_code": "18094", "stop_desc": "Pedestrian access point", "stop_lat": 37.79478, "stop_lon": -122.4232, "zone_id": null, "stop_url": "https://www.sfmta.com/18094", "tts_stop_n": null, "platform_c": null, "location_t": "0", "parent_sta": "18094", "stop_timez": "America/Los_Angeles", "wheelchair": "0", "level_id": null }, "geometry": { "type": "Point", "coordinates": [ -122.423178095999958, 37.794762100000071 ] } },
{ "type": "Feature", "properties": { "stop_id_12": "18095", "stop_name_": "Van Ness Ave & Vallejo St", "stop_code": "18095", "stop_desc": "Pedestrian access point", "stop_lat": 37.7968, "stop_lon": -122.4236, "zone_id": null, "stop_url": "https://www.sfmta.com/18095", "tts_stop_n": null, "platform_c": null, "location_t": "0", "parent_sta": "18095", "stop_timez": "America/Los_Angeles", "wheelchair": "0", "level_id": null }, "geometry": { "type": "Point", "coordinates": [ -122.423576159, 37.796792622000055 ] } },
{ "type": "Feature", "properties": { "stop_id_12": "18096", "stop_name_": "Van Ness Ave & Union St", "stop_code": "18096", "stop_desc": "Pedestrian access point", "stop_lat": 37.79851, "stop_lon": -122.42396, "zone_id": null, "stop_url": "https://www.sfmta.com/18096", "tts_stop_n": null, "platform_c": null, "location_t": "0", "parent_sta": "18096", "stop_timez": "America/Los_Angeles", "wheelchair": "0", "level_id": null }, "geometry": { "type": "Point", "coordinates": [ -122.423927774, 37.798461932000066 ] } },
{ "type": "Feature", "properties": { "stop_id_12": "18097", "stop_name_": "Van Ness Ave & Union St", "stop_code": "18097", "stop_desc": "Pedestrian access point", "stop_lat": 37.79858, "stop_lon": -122.42404, "zone_id": null, "stop_url": "https://www.sfmta.com/18097", "tts_stop_n": null, "platform_c": null, "location_t": "0", "parent_sta": "18097", "stop_timez": "America/Los_Angeles", "wheelchair": "0", "level_id": null }, "geometry": { "type": "Point", "coordinates": [ -122.424076429999957, 37.798636400000078 ] } },
{ "type": "Feature", "properties": { "stop_id_12": "18098", "stop_name_": "Van Ness Ave & Vallejo St", "stop_code": "18098", "stop_desc": "Pedestrian access point", "stop_lat": 37.79672, "stop_lon": -122.42366, "zone_id": null, "stop_url": "https://www.sfmta.com/18098", "tts_stop_n": null, "platform_c": null, "location_t": "0", "parent_sta": "18098", "stop_timez": "America/Los_Angeles", "wheelchair": "0", "level_id": null }, "geometry": { "type": "Point", "coordinates": [ -122.423695156999941, 37.796778798000048 ] } },
{ "type": "Feature", "properties": { "stop_id_12": "18099", "stop_name_": "Van Ness Ave & Jackson St", "stop_code": "18099", "stop_desc": "Pedestrian access point", "stop_lat": 37.79396, "stop_lon": -122.4231, "zone_id": null, "stop_url": "https://www.sfmta.com/18099", "tts_stop_n": null, "platform_c": null, "location_t": "0", "parent_sta": "18099", "stop_timez": "America/Los_Angeles", "wheelchair": "0", "level_id": null }, "geometry": { "type": "Point", "coordinates": [ -122.423124808999944, 37.794040353000071 ] } },
{ "type": "Feature", "properties": { "stop_id_12": "18099", "stop_name_": "Van Ness Ave & Jackson St", "stop_code": "18099", "stop_desc": "Pedestrian access point", "stop_lat": 37.79396, "stop_lon": -122.4231, "zone_id": null, "stop_url": "https://www.sfmta.com/18099", "tts_stop_n": null, "platform_c": null, "location_t": "0", "parent_sta": "18099", "stop_timez": "America/Los_Angeles", "wheelchair": "0", "level_id": null }, "geometry": { "type": "Point", "coordinates": [ -122.423124808999944, 37.794040353000071 ] } },
{ "type": "Feature", "properties": { "stop_id_12": "18100", "stop_name_": "Van Ness Ave & Sacramento St", "stop_code": "18100", "stop_desc": "Pedestrian access point", "stop_lat": 37.79131, "stop_lon": -122.42257, "zone_id": null, "stop_url": "https://www.sfmta.com/18100", "tts_stop_n": null, "platform_c": null, "location_t": "0", "parent_sta": "18100", "stop_timez": "America/Los_Angeles", "wheelchair": "0", "level_id": null }, "geometry": { "type": "Point", "coordinates": [ -122.422615622999956, 37.791408997000076 ] } },
{ "type": "Feature", "properties": { "stop_id_12": "18102", "stop_name_": "Van Ness Ave & O'Farrell St", "stop_code": "18102", "stop_desc": "Pedestrian access point", "stop_lat": 37.78478, "stop_lon": -122.42121, "zone_id": null, "stop_url": "https://www.sfmta.com/18102", "tts_stop_n": null, "platform_c": null, "location_t": "0", "parent_sta": "18102", "stop_timez": "America/Los_Angeles", "wheelchair": "0", "level_id": null }, "geometry": { "type": "Point", "coordinates": [ -122.421283820999975, 37.784840470000063 ] } },
{ "type": "Feature", "properties": { "stop_id_12": "18103", "stop_name_": "Van Ness Ave & Eddy St", "stop_code": "18103", "stop_desc": "Pedestrian access point", "stop_lat": 37.78292, "stop_lon": -122.42087, "zone_id": null, "stop_url": "https://www.sfmta.com/18103", "tts_stop_n": null, "platform_c": null, "location_t": "0", "parent_sta": "18103", "stop_timez": "America/Los_Angeles", "wheelchair": "0", "level_id": null }, "geometry": { "type": "Point", "coordinates": [ -122.420906770999977, 37.782977086000074 ] } },
{ "type": "Feature", "properties": { "stop_id_12": "18104", "stop_name_": "Van Ness Ave & Mcallister St", "stop_code": "18104", "stop_desc": "Pedestrian access point", "stop_lat": 37.7801, "stop_lon": -122.4203, "zone_id": null, "stop_url": "https://www.sfmta.com/18104", "tts_stop_n": null, "platform_c": null, "location_t": "0", "parent_sta": "18104", "stop_timez": "America/Los_Angeles", "wheelchair": "0", "level_id": null }, "geometry": { "type": "Point", "coordinates": [ -122.420342877999985, 37.780182563000039 ] } },
{ "type": "Feature", "properties": { "stop_id_12": "17874", "stop_name_": "Union Square/Market St Station Southbound", "stop_code": "17874", "stop_desc": "Pedestrian access point", "stop_lat": 37.78713, "stop_lon": -122.40652, "zone_id": null, "stop_url": "https://www.sfmta.com/17874", "tts_stop_n": null, "platform_c": null, "location_t": "0", "parent_sta": "17874", "stop_timez": "America/Los_Angeles", "wheelchair": "0", "level_id": null }, "geometry": { "type": "Point", "coordinates": [ -122.406523000999982, 37.787133 ] } },
{ "type": "Feature", "properties": { "stop_id_12": "14758", "stop_name_": "Geary Blvd & Presidio Ave", "stop_code": "14758", "stop_desc": "Pedestrian access point", "stop_lat": 37.78254, "stop_lon": -122.44669, "zone_id": null, "stop_url": "https://www.sfmta.com/14758", "tts_stop_n": null, "platform_c": null, "location_t": "0", "parent_sta": "14758", "stop_timez": "America/Los_Angeles", "wheelchair": "0", "level_id": null }, "geometry": { "type": "Point", "coordinates": [ -122.446811202, 37.782553173000053 ] } },
{ "type": "Feature", "properties": { "stop_id_12": "17953", "stop_name_": "Geary Blvd & Masonic St", "stop_code": "17953", "stop_desc": "Pedestrian access point", "stop_lat": 37.7822, "stop_lon": -122.44703, "zone_id": null, "stop_url": "https://www.sfmta.com/17953", "tts_stop_n": null, "platform_c": null, "location_t": "0", "parent_sta": "17953", "stop_timez": "America/Los_Angeles", "wheelchair": "0", "level_id": null }, "geometry": { "type": "Point", "coordinates": [ -122.446796611999957, 37.782230800000036 ] } },
{ "type": "Feature", "properties": { "stop_id_12": "16016", "stop_name_": "Post St & Larkin St", "stop_code": "16016", "stop_desc": "Pedestrian access point", "stop_lat": 37.78705, "stop_lon": -122.41772, "zone_id": null, "stop_url": "https://www.sfmta.com/16016", "tts_stop_n": null, "platform_c": null, "location_t": "0", "parent_sta": "16016", "stop_timez": "America/Los_Angeles", "wheelchair": "0", "level_id": null }, "geometry": { "type": "Point", "coordinates": [ -122.417719998999985, 37.78705 ] } },
{ "type": "Feature", "properties": { "stop_id_12": "16017", "stop_name_": "Post St & Leavenworth St", "stop_code": "16017", "stop_desc": "Pedestrian access point", "stop_lat": 37.78745, "stop_lon": -122.41459, "zone_id": null, "stop_url": "https://www.sfmta.com/16017", "tts_stop_n": null, "platform_c": null, "location_t": "0", "parent_sta": "16017", "stop_timez": "America/Los_Angeles", "wheelchair": "0", "level_id": null }, "geometry": { "type": "Point", "coordinates": [ -122.41459, 37.78745 ] } },
{ "type": "Feature", "properties": { "stop_id_12": "16019", "stop_name_": "Post St & Kearny St", "stop_code": "16019", "stop_desc": "Pedestrian access point", "stop_lat": 37.78896, "stop_lon": -122.40274, "zone_id": null, "stop_url": "https://www.sfmta.com/16019", "tts_stop_n": null, "platform_c": null, "location_t": "0", "parent_sta": "16019", "stop_timez": "America/Los_Angeles", "wheelchair": "0", "level_id": null }, "geometry": { "type": "Point", "coordinates": [ -122.402817923999976, 37.788974711000037 ] } },
{ "type": "Feature", "properties": { "stop_id_12": "16021", "stop_name_": "Post St & Polk St", "stop_code": "16021", "stop_desc": "Pedestrian access point", "stop_lat": 37.7868, "stop_lon": -122.41956, "zone_id": null, "stop_url": "https://www.sfmta.com/16021", "tts_stop_n": null, "platform_c": null, "location_t": "0", "parent_sta": "16021", "stop_timez": "America/Los_Angeles", "wheelchair": "0", "level_id": null }, "geometry": { "type": "Point", "coordinates": [ -122.41956, 37.7868 ] } },
{ "type": "Feature", "properties": { "stop_id_12": "16023", "stop_name_": "Post St & Taylor St", "stop_code": "16023", "stop_desc": "Pedestrian access point", "stop_lat": 37.78788, "stop_lon": -122.41132, "zone_id": null, "stop_url": "https://www.sfmta.com/16023", "tts_stop_n": null, "platform_c": null, "location_t": "0", "parent_sta": "16023", "stop_timez": "America/Los_Angeles", "wheelchair": "0", "level_id": null }, "geometry": { "type": "Point", "coordinates": [ -122.41144271099995, 37.787854236000044 ] } },
{ "type": "Feature", "properties": { "stop_id_12": "16125", "stop_name_": "Post St & Grant Ave", "stop_code": "16125", "stop_desc": "Pedestrian access point", "stop_lat": 37.78855, "stop_lon": -122.40599, "zone_id": null, "stop_url": "https://www.sfmta.com/16125", "tts_stop_n": null, "platform_c": null, "location_t": "0", "parent_sta": "16125", "stop_timez": "America/Los_Angeles", "wheelchair": "0", "level_id": null }, "geometry": { "type": "Point", "coordinates": [ -122.40599, 37.78855 ] } },
{ "type": "Feature", "properties": { "stop_id_12": "16126", "stop_name_": "Post St & Hyde St", "stop_code": "16126", "stop_desc": "Pedestrian access point", "stop_lat": 37.78724, "stop_lon": -122.41626, "zone_id": null, "stop_url": "https://www.sfmta.com/16126", "tts_stop_n": null, "platform_c": null, "location_t": "0", "parent_sta": "16126", "stop_timez": "America/Los_Angeles", "wheelchair": "0", "level_id": null }, "geometry": { "type": "Point", "coordinates": [ -122.41626, 37.78724 ] } },
{ "type": "Feature", "properties": { "stop_id_12": "16127", "stop_name_": "Post St & Jones St", "stop_code": "16127", "stop_desc": "Pedestrian access point", "stop_lat": 37.78765, "stop_lon": -122.41295, "zone_id": null, "stop_url": "https://www.sfmta.com/16127", "tts_stop_n": null, "platform_c": null, "location_t": "0", "parent_sta": "16127", "stop_timez": "America/Los_Angeles", "wheelchair": "0", "level_id": null }, "geometry": { "type": "Point", "coordinates": [ -122.413030221999975, 37.787649655000052 ] } },
{ "type": "Feature", "properties": { "stop_id_12": "16594", "stop_name_": "Sutter St & Hyde St", "stop_code": "16594", "stop_desc": "Pedestrian access point", "stop_lat": 37.78822, "stop_lon": -122.41691, "zone_id": null, "stop_url": "https://www.sfmta.com/16594", "tts_stop_n": null, "platform_c": null, "location_t": "0", "parent_sta": "16594", "stop_timez": "America/Los_Angeles", "wheelchair": "0", "level_id": null }, "geometry": { "type": "Point", "coordinates": [ -122.417122250999967, 37.78821952800007 ] } },
{ "type": "Feature", "properties": { "stop_id_12": "16595", "stop_name_": "Sutter St & Jones St", "stop_code": "16595", "stop_desc": "Pedestrian access point", "stop_lat": 37.78864, "stop_lon": -122.41362, "zone_id": null, "stop_url": "https://www.sfmta.com/16595", "tts_stop_n": null, "platform_c": null, "location_t": "0", "parent_sta": "16595", "stop_timez": "America/Los_Angeles", "wheelchair": "0", "level_id": null }, "geometry": { "type": "Point", "coordinates": [ -122.413838366, 37.788633393000055 ] } },
{ "type": "Feature", "properties": { "stop_id_12": "16598", "stop_name_": "Sutter St & Leavenworth St", "stop_code": "16598", "stop_desc": "Pedestrian access point", "stop_lat": 37.78843, "stop_lon": -122.41527, "zone_id": null, "stop_url": "https://www.sfmta.com/16598", "tts_stop_n": null, "platform_c": null, "location_t": "0", "parent_sta": "16598", "stop_timez": "America/Los_Angeles", "wheelchair": "0", "level_id": null }, "geometry": { "type": "Point", "coordinates": [ -122.415499292999982, 37.788401624000073 ] } },
{ "type": "Feature", "properties": { "stop_id_12": "16601", "stop_name_": "Sutter St & Mason St", "stop_code": "16601", "stop_desc": "Pedestrian access point", "stop_lat": 37.78906, "stop_lon": -122.41032, "zone_id": null, "stop_url": "https://www.sfmta.com/16601", "tts_stop_n": null, "platform_c": null, "location_t": "0", "parent_sta": "16601", "stop_timez": "America/Los_Angeles", "wheelchair": "0", "level_id": null }, "geometry": { "type": "Point", "coordinates": [ -122.410630884999989, 37.789053531000036 ] } },
{ "type": "Feature", "properties": { "stop_id_12": "16603", "stop_name_": "Sutter St & Polk St", "stop_code": "16603", "stop_desc": "Pedestrian access point", "stop_lat": 37.7878, "stop_lon": -122.4202, "zone_id": null, "stop_url": "https://www.sfmta.com/16603", "tts_stop_n": null, "platform_c": null, "location_t": "0", "parent_sta": "16603", "stop_timez": "America/Los_Angeles", "wheelchair": "0", "level_id": null }, "geometry": { "type": "Point", "coordinates": [ -122.420172628999978, 37.787546782000049 ] } },
{ "type": "Feature", "properties": { "stop_id_12": "16612", "stop_name_": "Sutter St & Taylor St", "stop_code": "16612", "stop_desc": "Pedestrian access point", "stop_lat": 37.78886, "stop_lon": -122.41196, "zone_id": null, "stop_url": "https://www.sfmta.com/16612", "tts_stop_n": null, "platform_c": null, "location_t": "0", "parent_sta": "16612", "stop_timez": "America/Los_Angeles", "wheelchair": "0", "level_id": null }, "geometry": { "type": "Point", "coordinates": [ -122.412258304999966, 37.788843072000077 ] } },
{ "type": "Feature", "properties": { "stop_id_12": "16516", "stop_name_": "Stockton St & Geary St", "stop_code": "16516", "stop_desc": "Pedestrian access point", "stop_lat": 37.7877, "stop_lon": -122.40673, "zone_id": null, "stop_url": "https://www.sfmta.com/16516", "tts_stop_n": null, "platform_c": null, "location_t": "0", "parent_sta": "16516", "stop_timez": "America/Los_Angeles", "wheelchair": "0", "level_id": null }, "geometry": { "type": "Point", "coordinates": [ -122.406690067999989, 37.78766213800003 ] } },
{ "type": "Feature", "properties": { "stop_id_12": "13208", "stop_name_": "8th St & Mission St", "stop_code": "13208", "stop_desc": "Pedestrian access point", "stop_lat": 37.77724, "stop_lon": -122.41303, "zone_id": null, "stop_url": "https://www.sfmta.com/13208", "tts_stop_n": null, "platform_c": null, "location_t": "0", "parent_sta": "13208", "stop_timez": "America/Los_Angeles", "wheelchair": "0", "level_id": null }, "geometry": { "type": "Point", "coordinates": [ -122.413128483999969, 37.777359611000065 ] } },
{ "type": "Feature", "properties": { "stop_id_12": "13192", "stop_name_": "7th St & Folsom St", "stop_code": "13192", "stop_desc": "Pedestrian access point", "stop_lat": 37.77686, "stop_lon": -122.4079, "zone_id": null, "stop_url": "https://www.sfmta.com/13192", "tts_stop_n": null, "platform_c": null, "location_t": "0", "parent_sta": "13192", "stop_timez": "America/Los_Angeles", "wheelchair": "0", "level_id": null }, "geometry": { "type": "Point", "coordinates": [ -122.407915411999966, 37.776860385000077 ] } },
{ "type": "Feature", "properties": { "stop_id_12": "13194", "stop_name_": "7th St & Howard St", "stop_code": "13194", "stop_desc": "Pedestrian access point", "stop_lat": 37.77793, "stop_lon": -122.40922, "zone_id": null, "stop_url": "https://www.sfmta.com/13194", "tts_stop_n": null, "platform_c": null, "location_t": "0", "parent_sta": "13194", "stop_timez": "America/Los_Angeles", "wheelchair": "0", "level_id": null }, "geometry": { "type": "Point", "coordinates": [ -122.409282183999949, 37.777949626000066 ] } },
{ "type": "Feature", "properties": { "stop_id_12": "14263", "stop_name_": "Geary Blvd & 17th Ave", "stop_code": "14263", "stop_desc": "Pedestrian access point", "stop_lat": 37.7806, "stop_lon": -122.47604, "zone_id": null, "stop_url": "https://www.sfmta.com/14263", "tts_stop_n": null, "platform_c": null, "location_t": "0", "parent_sta": "14263", "stop_timez": "America/Los_Angeles", "wheelchair": "0", "level_id": null }, "geometry": { "type": "Point", "coordinates": [ -122.475940574999981, 37.780635461000031 ] } },
{ "type": "Feature", "properties": { "stop_id_12": "14264", "stop_name_": "Geary Blvd & 17th Ave", "stop_code": "14264", "stop_desc": "Pedestrian access point", "stop_lat": 37.78046, "stop_lon": -122.47598, "zone_id": null, "stop_url": "https://www.sfmta.com/14264", "tts_stop_n": null, "platform_c": null, "location_t": "0", "parent_sta": "14264", "stop_timez": "America/Los_Angeles", "wheelchair": "0", "level_id": null }, "geometry": { "type": "Point", "coordinates": [ -122.476467989999946, 37.780326591000062 ] } },
{ "type": "Feature", "properties": { "stop_id_12": "18088", "stop_name_": "South Van Ness Ave & Market St", "stop_code": "18088", "stop_desc": "Pedestrian access point", "stop_lat": 37.7751, "stop_lon": -122.41924, "zone_id": null, "stop_url": "https://www.sfmta.com/18088", "tts_stop_n": null, "platform_c": null, "location_t": "0", "parent_sta": "18088", "stop_timez": "America/Los_Angeles", "wheelchair": "0", "level_id": null }, "geometry": { "type": "Point", "coordinates": [ -122.419205826999985, 37.775014985000041 ] } },
{ "type": "Feature", "properties": { "stop_id_12": "18105", "stop_name_": "Van Ness Ave & Market St", "stop_code": "18105", "stop_desc": "Pedestrian access point", "stop_lat": 37.77517, "stop_lon": -122.41931, "zone_id": null, "stop_url": "https://www.sfmta.com/18105", "tts_stop_n": null, "platform_c": null, "location_t": "0", "parent_sta": "18105", "stop_timez": "America/Los_Angeles", "wheelchair": "0", "level_id": null }, "geometry": { "type": "Point", "coordinates": [ -122.419337981999945, 37.775330531000066 ] } },
{ "type": "Feature", "properties": { "stop_id_12": "17870", "stop_name_": "Otis & Mccoppin St", "stop_code": "17870", "stop_desc": "Pedestrian access point", "stop_lat": 37.7716, "stop_lon": -122.42037, "zone_id": null, "stop_url": "https://www.sfmta.com/17870", "tts_stop_n": null, "platform_c": null, "location_t": "0", "parent_sta": "17870", "stop_timez": "America/Los_Angeles", "wheelchair": "0", "level_id": null }, "geometry": { "type": "Point", "coordinates": [ -122.420411269999988, 37.771366417000024 ] } },
{ "type": "Feature", "properties": { "stop_id_12": "15836", "stop_name_": "Otis St & 12th St", "stop_code": "15836", "stop_desc": "Pedestrian access point", "stop_lat": 37.77281, "stop_lon": -122.41917, "zone_id": null, "stop_url": "https://www.sfmta.com/15836", "tts_stop_n": null, "platform_c": null, "location_t": "0", "parent_sta": "15836", "stop_timez": "America/Los_Angeles", "wheelchair": "0", "level_id": null }, "geometry": { "type": "Point", "coordinates": [ -122.41917, 37.77281 ] } },
{ "type": "Feature", "properties": { "stop_id_12": "13599", "stop_name_": "46th Ave & Taraval St", "stop_code": null, "stop_desc": "Pedestrian access point", "stop_lat": 0.0, "stop_lon": 0.0, "zone_id": null, "stop_url": null, "tts_stop_n": null, "platform_c": null, "location_t": "0", "parent_sta": "13599", "stop_timez": null, "wheelchair": null, "level_id": null }, "geometry": { "type": "Point", "coordinates": [ -122.504539960999978, 37.741834032000042 ] } },
{ "type": "Feature", "properties": { "stop_id_12": "18136", "stop_name_": "Ulloa St & 14th Ave", "stop_code": null, "stop_desc": "Pedestrian access point", "stop_lat": 0.0, "stop_lon": 0.0, "zone_id": null, "stop_url": null, "tts_stop_n": null, "platform_c": null, "location_t": "0", "parent_sta": "18136", "stop_timez": null, "wheelchair": null, "level_id": null }, "geometry": { "type": "Point", "coordinates": [ -122.470036814999958, 37.741487023000047 ] } },
{ "type": "Feature", "properties": { "stop_id_12": "18136", "stop_name_": "Ulloa St & 14th Ave", "stop_code": null, "stop_desc": "Pedestrian access point", "stop_lat": 0.0, "stop_lon": 0.0, "zone_id": null, "stop_url": null, "tts_stop_n": null, "platform_c": null, "location_t": "0", "parent_sta": "18136", "stop_timez": null, "wheelchair": null, "level_id": null }, "geometry": { "type": "Point", "coordinates": [ -122.470217064999986, 37.741374428000029 ] } },
{ "type": "Feature", "properties": { "stop_id_12": "13266", "stop_name_": "15th Ave & Taraval St", "stop_code": null, "stop_desc": "Pedestrian access point", "stop_lat": 0.0, "stop_lon": 0.0, "zone_id": null, "stop_url": null, "tts_stop_n": null, "platform_c": null, "location_t": "0", "parent_sta": "13266", "stop_timez": null, "wheelchair": null, "level_id": null }, "geometry": { "type": "Point", "coordinates": [ -122.4713, 37.743120001000079 ] } },
{ "type": "Feature", "properties": { "stop_id_12": "13266", "stop_name_": "15th Ave & Taraval St", "stop_code": null, "stop_desc": "Pedestrian access point", "stop_lat": 0.0, "stop_lon": 0.0, "zone_id": null, "stop_url": null, "tts_stop_n": null, "platform_c": null, "location_t": "0", "parent_sta": "13266", "stop_timez": null, "wheelchair": null, "level_id": null }, "geometry": { "type": "Point", "coordinates": [ -122.471555516999956, 37.743256283000051 ] } },
{ "type": "Feature", "properties": { "stop_id_12": "16615", "stop_name_": "Taraval St & 17th Ave", "stop_code": null, "stop_desc": "Pedestrian access point", "stop_lat": 0.0, "stop_lon": 0.0, "zone_id": null, "stop_url": null, "tts_stop_n": null, "platform_c": null, "location_t": "0", "parent_sta": "16615", "stop_timez": null, "wheelchair": null, "level_id": null }, "geometry": { "type": "Point", "coordinates": [ -122.473468049999951, 37.74311152000007 ] } },
{ "type": "Feature", "properties": { "stop_id_12": "16615", "stop_name_": "Taraval St & 17th Ave", "stop_code": null, "stop_desc": "Pedestrian access point", "stop_lat": 0.0, "stop_lon": 0.0, "zone_id": null, "stop_url": null, "tts_stop_n": null, "platform_c": null, "location_t": "0", "parent_sta": "16615", "stop_timez": null, "wheelchair": null, "level_id": null }, "geometry": { "type": "Point", "coordinates": [ -122.473676406999971, 37.743110407000074 ] } },
{ "type": "Feature", "properties": { "stop_id_12": "16616", "stop_name_": "Taraval St & 19th Ave", "stop_code": null, "stop_desc": "Pedestrian access point", "stop_lat": 0.0, "stop_lon": 0.0, "zone_id": null, "stop_url": null, "tts_stop_n": null, "platform_c": null, "location_t": "0", "parent_sta": "16616", "stop_timez": null, "wheelchair": null, "level_id": null }, "geometry": { "type": "Point", "coordinates": [ -122.475505283999951, 37.743107899000051 ] } },
{ "type": "Feature", "properties": { "stop_id_12": "16616", "stop_name_": "Taraval St & 19th Ave", "stop_code": null, "stop_desc": "Pedestrian access point", "stop_lat": 0.0, "stop_lon": 0.0, "zone_id": null, "stop_url": null, "tts_stop_n": null, "platform_c": null, "location_t": "0", "parent_sta": "16616", "stop_timez": null, "wheelchair": null, "level_id": null }, "geometry": { "type": "Point", "coordinates": [ -122.475818806999939, 37.743013862000055 ] } },
{ "type": "Feature", "properties": { "stop_id_12": "16619", "stop_name_": "Taraval St & 22nd Ave", "stop_code": null, "stop_desc": "Pedestrian access point", "stop_lat": 0.0, "stop_lon": 0.0, "zone_id": null, "stop_url": null, "tts_stop_n": null, "platform_c": null, "location_t": "0", "parent_sta": "16619", "stop_timez": null, "wheelchair": null, "level_id": null }, "geometry": { "type": "Point", "coordinates": [ -122.477953644999957, 37.742931240000075 ] } },
{ "type": "Feature", "properties": { "stop_id_12": "16619", "stop_name_": "Taraval St & 22nd Ave", "stop_code": null, "stop_desc": "Pedestrian access point", "stop_lat": 0.0, "stop_lon": 0.0, "zone_id": null, "stop_url": null, "tts_stop_n": null, "platform_c": null, "location_t": "0", "parent_sta": "16619", "stop_timez": null, "wheelchair": null, "level_id": null }, "geometry": { "type": "Point", "coordinates": [ -122.478822462999972, 37.742884950000075 ] } },
{ "type": "Feature", "properties": { "stop_id_12": "16620", "stop_name_": "Taraval St & 23rd Ave", "stop_code": null, "stop_desc": "Pedestrian access point", "stop_lat": 0.0, "stop_lon": 0.0, "zone_id": null, "stop_url": null, "tts_stop_n": null, "platform_c": null, "location_t": "0", "parent_sta": "16620", "stop_timez": null, "wheelchair": null, "level_id": null }, "geometry": { "type": "Point", "coordinates": [ -122.48010095799998, 37.742893786000025 ] } },
{ "type": "Feature", "properties": { "stop_id_12": "16622", "stop_name_": "Taraval St & 26th Ave", "stop_code": null, "stop_desc": "Pedestrian access point", "stop_lat": 0.0, "stop_lon": 0.0, "zone_id": null, "stop_url": null, "tts_stop_n": null, "platform_c": null, "location_t": "0", "parent_sta": "16622", "stop_timez": null, "wheelchair": null, "level_id": null }, "geometry": { "type": "Point", "coordinates": [ -122.483112553999945, 37.742754792000028 ] } },
{ "type": "Feature", "properties": { "stop_id_12": "16622", "stop_name_": "Taraval St & 26th Ave", "stop_code": null, "stop_desc": "Pedestrian access point", "stop_lat": 0.0, "stop_lon": 0.0, "zone_id": null, "stop_url": null, "tts_stop_n": null, "platform_c": null, "location_t": "0", "parent_sta": "16622", "stop_timez": null, "wheelchair": null, "level_id": null }, "geometry": { "type": "Point", "coordinates": [ -122.48331434, 37.742694351000068 ] } },
{ "type": "Feature", "properties": { "stop_id_12": "16626", "stop_name_": "Taraval St & 30th Ave", "stop_code": null, "stop_desc": "Pedestrian access point", "stop_lat": 0.0, "stop_lon": 0.0, "zone_id": null, "stop_url": null, "tts_stop_n": null, "platform_c": null, "location_t": "0", "parent_sta": "16626", "stop_timez": null, "wheelchair": null, "level_id": null }, "geometry": { "type": "Point", "coordinates": [ -122.487393388999976, 37.742574006000041 ] } },
{ "type": "Feature", "properties": { "stop_id_12": "16626", "stop_name_": "Taraval St & 30th Ave", "stop_code": null, "stop_desc": "Pedestrian access point", "stop_lat": 0.0, "stop_lon": 0.0, "zone_id": null, "stop_url": null, "tts_stop_n": null, "platform_c": null, "location_t": "0", "parent_sta": "16626", "stop_timez": null, "wheelchair": null, "level_id": null }, "geometry": { "type": "Point", "coordinates": [ -122.487603814999943, 37.742507604000025 ] } },
{ "type": "Feature", "properties": { "stop_id_12": "16628", "stop_name_": "Taraval St & 32nd Ave", "stop_code": null, "stop_desc": "Pedestrian access point", "stop_lat": 0.0, "stop_lon": 0.0, "zone_id": null, "stop_url": null, "tts_stop_n": null, "platform_c": null, "location_t": "0", "parent_sta": "16628", "stop_timez": null, "wheelchair": null, "level_id": null }, "geometry": { "type": "Point", "coordinates": [ -122.489538968999966, 37.74247160200008 ] } },
{ "type": "Feature", "properties": { "stop_id_12": "16628", "stop_name_": "Taraval St & 32nd Ave", "stop_code": null, "stop_desc": "Pedestrian access point", "stop_lat": 0.0, "stop_lon": 0.0, "zone_id": null, "stop_url": null, "tts_stop_n": null, "platform_c": null, "location_t": "0", "parent_sta": "16628", "stop_timez": null, "wheelchair": null, "level_id": null }, "geometry": { "type": "Point", "coordinates": [ -122.489739988999986, 37.742412806000061 ] } },
{ "type": "Feature", "properties": { "stop_id_12": "16640", "stop_name_": "Taraval St & Sunset Blvd", "stop_code": null, "stop_desc": "Pedestrian access point", "stop_lat": 0.0, "stop_lon": 0.0, "zone_id": null, "stop_url": null, "tts_stop_n": null, "platform_c": null, "location_t": "0", "parent_sta": "16640", "stop_timez": null, "wheelchair": null, "level_id": null }, "geometry": { "type": "Point", "coordinates": [ -122.494277491, 37.742273786000055 ] } },
{ "type": "Feature", "properties": { "stop_id_12": "16641", "stop_name_": "Taraval St & Sunset Blvd", "stop_code": null, "stop_desc": "Pedestrian access point", "stop_lat": 0.0, "stop_lon": 0.0, "zone_id": null, "stop_url": null, "tts_stop_n": null, "platform_c": null, "location_t": "0", "parent_sta": "16641", "stop_timez": null, "wheelchair": null, "level_id": null }, "geometry": { "type": "Point", "coordinates": [ -122.495078822999972, 37.742159484000069 ] } },
{ "type": "Feature", "properties": { "stop_id_12": "16640", "stop_name_": "Taraval St & Sunset Blvd", "stop_code": null, "stop_desc": "Pedestrian access point", "stop_lat": 0.0, "stop_lon": 0.0, "zone_id": null, "stop_url": null, "tts_stop_n": null, "platform_c": null, "location_t": "0", "parent_sta": "16640", "stop_timez": null, "wheelchair": null, "level_id": null }, "geometry": { "type": "Point", "coordinates": [ -122.494639018999976, 37.742180174000055 ] } },
{ "type": "Feature", "properties": { "stop_id_12": "16632", "stop_name_": "Taraval St & 40th Ave", "stop_code": null, "stop_desc": "Pedestrian access point", "stop_lat": 0.0, "stop_lon": 0.0, "zone_id": null, "stop_url": null, "tts_stop_n": null, "platform_c": null, "location_t": "0", "parent_sta": "16632", "stop_timez": null, "wheelchair": null, "level_id": null }, "geometry": { "type": "Point", "coordinates": [ -122.498108544, 37.742117269000062 ] } },
{ "type": "Feature", "properties": { "stop_id_12": "16632", "stop_name_": "Taraval St & 40th Ave", "stop_code": null, "stop_desc": "Pedestrian access point", "stop_lat": 0.0, "stop_lon": 0.0, "zone_id": null, "stop_url": null, "tts_stop_n": null, "platform_c": null, "location_t": "0", "parent_sta": "16632", "stop_timez": null, "wheelchair": null, "level_id": null }, "geometry": { "type": "Point", "coordinates": [ -122.498319404999961, 37.742027461000077 ] } },
{ "type": "Feature", "properties": { "stop_id_12": "16634", "stop_name_": "Taraval St & 42nd Ave", "stop_code": null, "stop_desc": "Pedestrian access point", "stop_lat": 0.0, "stop_lon": 0.0, "zone_id": null, "stop_url": null, "tts_stop_n": null, "platform_c": null, "location_t": "0", "parent_sta": "16634", "stop_timez": null, "wheelchair": null, "level_id": null }, "geometry": { "type": "Point", "coordinates": [ -122.500254182, 37.742021138000041 ] } },
{ "type": "Feature", "properties": { "stop_id_12": "16634", "stop_name_": "Taraval St & 42nd Ave", "stop_code": null, "stop_desc": "Pedestrian access point", "stop_lat": 0.0, "stop_lon": 0.0, "zone_id": null, "stop_url": null, "tts_stop_n": null, "platform_c": null, "location_t": "0", "parent_sta": "16634", "stop_timez": null, "wheelchair": null, "level_id": null }, "geometry": { "type": "Point", "coordinates": [ -122.500250489999985, 37.74193994400008 ] } },
{ "type": "Feature", "properties": { "stop_id_12": "16634", "stop_name_": "Taraval St & 42nd Ave", "stop_code": null, "stop_desc": "Pedestrian access point", "stop_lat": 0.0, "stop_lon": 0.0, "zone_id": null, "stop_url": null, "tts_stop_n": null, "platform_c": null, "location_t": "0", "parent_sta": "16634", "stop_timez": null, "wheelchair": null, "level_id": null }, "geometry": { "type": "Point", "coordinates": [ -122.50045993699996, 37.741935980000051 ] } },
{ "type": "Feature", "properties": { "stop_id_12": "16634", "stop_name_": "Taraval St & 42nd Ave", "stop_code": null, "stop_desc": "Pedestrian access point", "stop_lat": 0.0, "stop_lon": 0.0, "zone_id": null, "stop_url": null, "tts_stop_n": null, "platform_c": null, "location_t": "0", "parent_sta": "16634", "stop_timez": null, "wheelchair": null, "level_id": null }, "geometry": { "type": "Point", "coordinates": [ -122.500468244, 37.74201165900007 ] } },
{ "type": "Feature", "properties": { "stop_id_12": "16636", "stop_name_": "Taraval St & 44th Ave", "stop_code": null, "stop_desc": "Pedestrian access point", "stop_lat": 0.0, "stop_lon": 0.0, "zone_id": null, "stop_url": null, "tts_stop_n": null, "platform_c": null, "location_t": "0", "parent_sta": "16636", "stop_timez": null, "wheelchair": null, "level_id": null }, "geometry": { "type": "Point", "coordinates": [ -122.502389355999981, 37.741920168000036 ] } },
{ "type": "Feature", "properties": { "stop_id_12": "16636", "stop_name_": "Taraval St & 44th Ave", "stop_code": null, "stop_desc": "Pedestrian access point", "stop_lat": 0.0, "stop_lon": 0.0, "zone_id": null, "stop_url": null, "tts_stop_n": null, "platform_c": null, "location_t": "0", "parent_sta": "16636", "stop_timez": null, "wheelchair": null, "level_id": null }, "geometry": { "type": "Point", "coordinates": [ -122.502604336, 37.741842328000075 ] } },
{ "type": "Feature", "properties": { "stop_id_12": "16738", "stop_name_": "West Portal Station", "stop_code": null, "stop_desc": "Pedestrian access point", "stop_lat": 0.0, "stop_lon": 0.0, "zone_id": null, "stop_url": null, "tts_stop_n": null, "platform_c": null, "location_t": "0", "parent_sta": "16738", "stop_timez": null, "wheelchair": null, "level_id": null }, "geometry": { "type": "Point", "coordinates": [ -122.465927481999984, 37.741083410000044 ] } },
{ "type": "Feature", "properties": { "stop_id_12": "16738", "stop_name_": "West Portal Station", "stop_code": null, "stop_desc": "Pedestrian access point", "stop_lat": 0.0, "stop_lon": 0.0, "zone_id": null, "stop_url": null, "tts_stop_n": null, "platform_c": null, "location_t": "0", "parent_sta": "16738", "stop_timez": null, "wheelchair": null, "level_id": null }, "geometry": { "type": "Point", "coordinates": [ -122.465866137999967, 37.741300618000025 ] } },
{ "type": "Feature", "properties": { "stop_id_12": "16993", "stop_name_": "Forest Hill Station", "stop_code": null, "stop_desc": "Pedestrian access point", "stop_lat": 0.0, "stop_lon": 0.0, "zone_id": null, "stop_url": null, "tts_stop_n": null, "platform_c": null, "location_t": "0", "parent_sta": "16993", "stop_timez": null, "wheelchair": null, "level_id": null }, "geometry": { "type": "Point", "coordinates": [ -122.459079598999949, 37.748127200000056 ] } },
{ "type": "Feature", "properties": { "stop_id_12": "15728", "stop_name_": "Metro Castro Station", "stop_code": null, "stop_desc": "Pedestrian access point", "stop_lat": 0.0, "stop_lon": 0.0, "zone_id": null, "stop_url": null, "tts_stop_n": null, "platform_c": null, "location_t": "0", "parent_sta": "15728", "stop_timez": null, "wheelchair": null, "level_id": null }, "geometry": { "type": "Point", "coordinates": [ -122.43560664499995, 37.762694846000045 ] } },
{ "type": "Feature", "properties": { "stop_id_12": "15419", "stop_name_": "Van Ness", "stop_code": null, "stop_desc": "Pedestrian access point", "stop_lat": 0.0, "stop_lon": 0.0, "zone_id": null, "stop_url": null, "tts_stop_n": null, "platform_c": null, "location_t": "0", "parent_sta": "15419", "stop_timez": null, "wheelchair": null, "level_id": null }, "geometry": { "type": "Point", "coordinates": [ -122.419644087, 37.775068642000065 ] } },
{ "type": "Feature", "properties": { "stop_id_12": "15419", "stop_name_": "Metro Van Ness Station", "stop_code": null, "stop_desc": "Pedestrian access point", "stop_lat": 0.0, "stop_lon": 0.0, "zone_id": null, "stop_url": null, "tts_stop_n": null, "platform_c": null, "location_t": "0", "parent_sta": "15419", "stop_timez": null, "wheelchair": null, "level_id": null }, "geometry": { "type": "Point", "coordinates": [ -122.418956613999967, 37.77561727300008 ] } },
{ "type": "Feature", "properties": { "stop_id_12": "15419", "stop_name_": "Van Ness", "stop_code": null, "stop_desc": "Pedestrian access point", "stop_lat": 0.0, "stop_lon": 0.0, "zone_id": null, "stop_url": null, "tts_stop_n": null, "platform_c": null, "location_t": "0", "parent_sta": "15419", "stop_timez": null, "wheelchair": null, "level_id": null }, "geometry": { "type": "Point", "coordinates": [ -122.418955413, 37.775237084000025 ] } },
{ "type": "Feature", "properties": { "stop_id_12": "15199", "stop_name_": "Judah St & 19th Ave", "stop_code": null, "stop_desc": "Pedestrian access point", "stop_lat": 0.0, "stop_lon": 0.0, "zone_id": null, "stop_url": null, "tts_stop_n": null, "platform_c": null, "location_t": "0", "parent_sta": "15199", "stop_timez": null, "wheelchair": null, "level_id": null }, "geometry": { "type": "Point", "coordinates": [ -122.477173812, 37.761664902000064 ] } },
{ "type": "Feature", "properties": { "stop_id_12": "15198", "stop_name_": "Judah St & 16th Ave", "stop_code": null, "stop_desc": "Pedestrian access point", "stop_lat": 0.0, "stop_lon": 0.0, "zone_id": null, "stop_url": null, "tts_stop_n": null, "platform_c": null, "location_t": "0", "parent_sta": "15198", "stop_timez": null, "wheelchair": null, "level_id": null }, "geometry": { "type": "Point", "coordinates": [ -122.47370979599998, 37.761889960000076 ] } },
{ "type": "Feature", "properties": { "stop_id_12": "15198", "stop_name_": "Judah St & 16th Ave", "stop_code": null, "stop_desc": "Pedestrian access point", "stop_lat": 0.0, "stop_lon": 0.0, "zone_id": null, "stop_url": null, "tts_stop_n": null, "platform_c": null, "location_t": "0", "parent_sta": "15198", "stop_timez": null, "wheelchair": null, "level_id": null }, "geometry": { "type": "Point", "coordinates": [ -122.473903152999981, 37.761880076000068 ] } },
{ "type": "Feature", "properties": { "stop_id_12": "15197", "stop_name_": "Judah St & 15th Ave", "stop_code": null, "stop_desc": "Pedestrian access point", "stop_lat": 0.0, "stop_lon": 0.0, "zone_id": null, "stop_url": null, "tts_stop_n": null, "platform_c": null, "location_t": "0", "parent_sta": "15197", "stop_timez": null, "wheelchair": null, "level_id": null }, "geometry": { "type": "Point", "coordinates": [ -122.47257837899997, 37.761862959000041 ] } },
{ "type": "Feature", "properties": { "stop_id_12": "15197", "stop_name_": "Judah St & 15th Ave", "stop_code": null, "stop_desc": "Pedestrian access point", "stop_lat": 0.0, "stop_lon": 0.0, "zone_id": null, "stop_url": null, "tts_stop_n": null, "platform_c": null, "location_t": "0", "parent_sta": "15197", "stop_timez": null, "wheelchair": null, "level_id": null }, "geometry": { "type": "Point", "coordinates": [ -122.472849507999967, 37.761854454000058 ] } },
{ "type": "Feature", "properties": { "stop_id_12": "15223", "stop_name_": "Judah/La Playa/Ocean Beach", "stop_code": null, "stop_desc": "Pedestrian access point", "stop_lat": 0.0, "stop_lon": 0.0, "zone_id": null, "stop_url": null, "tts_stop_n": null, "platform_c": null, "location_t": "0", "parent_sta": "15223", "stop_timez": null, "wheelchair": null, "level_id": null }, "geometry": { "type": "Point", "coordinates": [ -122.508311377999974, 37.760290147000035 ] } },
{ "type": "Feature", "properties": { "stop_id_12": "15223", "stop_name_": "Judah/La Playa/Ocean Beach", "stop_code": null, "stop_desc": "Pedestrian access point", "stop_lat": 0.0, "stop_lon": 0.0, "zone_id": null, "stop_url": null, "tts_stop_n": null, "platform_c": null, "location_t": "0", "parent_sta": "15223", "stop_timez": null, "wheelchair": null, "level_id": null }, "geometry": { "type": "Point", "coordinates": [ -122.507920663999982, 37.760389804000056 ] } },
{ "type": "Feature", "properties": { "stop_id_12": "15215", "stop_name_": "Judah St & 46th Ave", "stop_code": null, "stop_desc": "Pedestrian access point", "stop_lat": 0.0, "stop_lon": 0.0, "zone_id": null, "stop_url": null, "tts_stop_n": null, "platform_c": null, "location_t": "0", "parent_sta": "15215", "stop_timez": null, "wheelchair": null, "level_id": null }, "geometry": { "type": "Point", "coordinates": [ -122.505843008999989, 37.760469424000064 ] } },
{ "type": "Feature", "properties": { "stop_id_12": "15211", "stop_name_": "Judah St & 40th Ave", "stop_code": null, "stop_desc": "Pedestrian access point", "stop_lat": 0.0, "stop_lon": 0.0, "zone_id": null, "stop_url": null, "tts_stop_n": null, "platform_c": null, "location_t": "0", "parent_sta": "15211", "stop_timez": null, "wheelchair": null, "level_id": null }, "geometry": { "type": "Point", "coordinates": [ -122.499426037999967, 37.760754036000037 ] } },
{ "type": "Feature", "properties": { "stop_id_12": "15211", "stop_name_": "Judah St & 40th Ave", "stop_code": null, "stop_desc": "Pedestrian access point", "stop_lat": 0.0, "stop_lon": 0.0, "zone_id": null, "stop_url": null, "tts_stop_n": null, "platform_c": null, "location_t": "0", "parent_sta": "15211", "stop_timez": null, "wheelchair": null, "level_id": null }, "geometry": { "type": "Point", "coordinates": [ -122.499421993999988, 37.760681030000057 ] } },
{ "type": "Feature", "properties": { "stop_id_12": "15213", "stop_name_": "Judah St & 43rd Ave", "stop_code": null, "stop_desc": "Pedestrian access point", "stop_lat": 0.0, "stop_lon": 0.0, "zone_id": null, "stop_url": null, "tts_stop_n": null, "platform_c": null, "location_t": "0", "parent_sta": "15213", "stop_timez": null, "wheelchair": null, "level_id": null }, "geometry": { "type": "Point", "coordinates": [ -122.502633079999953, 37.760611210000036 ] } },
{ "type": "Feature", "properties": { "stop_id_12": "15213", "stop_name_": "Judah St & 43rd Ave", "stop_code": null, "stop_desc": "Pedestrian access point", "stop_lat": 0.0, "stop_lon": 0.0, "zone_id": null, "stop_url": null, "tts_stop_n": null, "platform_c": null, "location_t": "0", "parent_sta": "15213", "stop_timez": null, "wheelchair": null, "level_id": null }, "geometry": { "type": "Point", "coordinates": [ -122.502830844999949, 37.760529482000038 ] } },
{ "type": "Feature", "properties": { "stop_id_12": "15224", "stop_name_": "Judah St & Sunset Blvd", "stop_code": null, "stop_desc": "Pedestrian access point", "stop_lat": 0.0, "stop_lon": 0.0, "zone_id": null, "stop_url": null, "tts_stop_n": null, "platform_c": null, "location_t": "0", "parent_sta": "15224", "stop_timez": null, "wheelchair": null, "level_id": null }, "geometry": { "type": "Point", "coordinates": [ -122.495944942999984, 37.760835335000024 ] } },
{ "type": "Feature", "properties": { "stop_id_12": "15225", "stop_name_": "Judah St & Sunset Blvd", "stop_code": null, "stop_desc": "Pedestrian access point", "stop_lat": 0.0, "stop_lon": 0.0, "zone_id": null, "stop_url": null, "tts_stop_n": null, "platform_c": null, "location_t": "0", "parent_sta": "15225", "stop_timez": null, "wheelchair": null, "level_id": null }, "geometry": { "type": "Point", "coordinates": [ -122.49620524, 37.760821109000062 ] } },
{ "type": "Feature", "properties": { "stop_id_12": "15224", "stop_name_": "Judah St & Sunset Blvd", "stop_code": null, "stop_desc": "Pedestrian access point", "stop_lat": 0.0, "stop_lon": 0.0, "zone_id": null, "stop_url": null, "tts_stop_n": null, "platform_c": null, "location_t": "0", "parent_sta": "15224", "stop_timez": null, "wheelchair": null, "level_id": null }, "geometry": { "type": "Point", "coordinates": [ -122.495605053999952, 37.760920766000027 ] } },
{ "type": "Feature", "properties": { "stop_id_12": "15224", "stop_name_": "Judah St & Sunset Blvd", "stop_code": null, "stop_desc": "Pedestrian access point", "stop_lat": 0.0, "stop_lon": 0.0, "zone_id": null, "stop_url": null, "tts_stop_n": null, "platform_c": null, "location_t": "0", "parent_sta": "15224", "stop_timez": null, "wheelchair": null, "level_id": null }, "geometry": { "type": "Point", "coordinates": [ -122.495319919999986, 37.760936353000034 ] } },
{ "type": "Feature", "properties": { "stop_id_12": "15209", "stop_name_": "Judah St & 34th Ave", "stop_code": null, "stop_desc": "Pedestrian access point", "stop_lat": 0.0, "stop_lon": 0.0, "zone_id": null, "stop_url": null, "tts_stop_n": null, "platform_c": null, "location_t": "0", "parent_sta": "15209", "stop_timez": null, "wheelchair": null, "level_id": null }, "geometry": { "type": "Point", "coordinates": [ -122.492990330999987, 37.761039199000038 ] } },
{ "type": "Feature", "properties": { "stop_id_12": "15209", "stop_name_": "Judah St & 34th Ave", "stop_code": null, "stop_desc": "Pedestrian access point", "stop_lat": 0.0, "stop_lon": 0.0, "zone_id": null, "stop_url": null, "tts_stop_n": null, "platform_c": null, "location_t": "0", "parent_sta": "15209", "stop_timez": null, "wheelchair": null, "level_id": null }, "geometry": { "type": "Point", "coordinates": [ -122.493179479999981, 37.760958239000047 ] } },
{ "type": "Feature", "properties": { "stop_id_12": "15207", "stop_name_": "Judah St & 31st Ave", "stop_code": null, "stop_desc": "Pedestrian access point", "stop_lat": 0.0, "stop_lon": 0.0, "zone_id": null, "stop_url": null, "tts_stop_n": null, "platform_c": null, "location_t": "0", "parent_sta": "15207", "stop_timez": null, "wheelchair": null, "level_id": null }, "geometry": { "type": "Point", "coordinates": [ -122.489769705999947, 37.761179721000076 ] } },
{ "type": "Feature", "properties": { "stop_id_12": "15207", "stop_name_": "Judah St & 31st Ave", "stop_code": null, "stop_desc": "Pedestrian access point", "stop_lat": 0.0, "stop_lon": 0.0, "zone_id": null, "stop_url": null, "tts_stop_n": null, "platform_c": null, "location_t": "0", "parent_sta": "15207", "stop_timez": null, "wheelchair": null, "level_id": null }, "geometry": { "type": "Point", "coordinates": [ -122.489765649, 37.761106233000078 ] } },
{ "type": "Feature", "properties": { "stop_id_12": "15205", "stop_name_": "Judah St & 28th Ave", "stop_code": null, "stop_desc": "Pedestrian access point", "stop_lat": 0.0, "stop_lon": 0.0, "zone_id": null, "stop_url": null, "tts_stop_n": null, "platform_c": null, "location_t": "0", "parent_sta": "15205", "stop_timez": null, "wheelchair": null, "level_id": null }, "geometry": { "type": "Point", "coordinates": [ -122.486751186, 37.761237689000041 ] } },
{ "type": "Feature", "properties": { "stop_id_12": "15205", "stop_name_": "Judah St & 28th Ave", "stop_code": null, "stop_desc": "Pedestrian access point", "stop_lat": 0.0, "stop_lon": 0.0, "zone_id": null, "stop_url": null, "tts_stop_n": null, "platform_c": null, "location_t": "0", "parent_sta": "15205", "stop_timez": null, "wheelchair": null, "level_id": null }, "geometry": { "type": "Point", "coordinates": [ -122.486530816999959, 37.761326994000058 ] } },
{ "type": "Feature", "properties": { "stop_id_12": "15203", "stop_name_": "Judah St & 25th Ave", "stop_code": null, "stop_desc": "Pedestrian access point", "stop_lat": 0.0, "stop_lon": 0.0, "zone_id": null, "stop_url": null, "tts_stop_n": null, "platform_c": null, "location_t": "0", "parent_sta": "15203", "stop_timez": null, "wheelchair": null, "level_id": null }, "geometry": { "type": "Point", "coordinates": [ -122.483537783999964, 37.761382810000043 ] } },
{ "type": "Feature", "properties": { "stop_id_12": "15203", "stop_name_": "Judah St & 25th Ave", "stop_code": null, "stop_desc": "Pedestrian access point", "stop_lat": 0.0, "stop_lon": 0.0, "zone_id": null, "stop_url": null, "tts_stop_n": null, "platform_c": null, "location_t": "0", "parent_sta": "15203", "stop_timez": null, "wheelchair": null, "level_id": null }, "geometry": { "type": "Point", "coordinates": [ -122.483347681999987, 37.761462830000028 ] } },
{ "type": "Feature", "properties": { "stop_id_12": "15202", "stop_name_": "Judah St & 23rd Ave", "stop_code": null, "stop_desc": "Pedestrian access point", "stop_lat": 0.0, "stop_lon": 0.0, "zone_id": null, "stop_url": null, "tts_stop_n": null, "platform_c": null, "location_t": "0", "parent_sta": "15202", "stop_timez": null, "wheelchair": null, "level_id": null }, "geometry": { "type": "Point", "coordinates": [ -122.481214834999946, 37.761559969000075 ] } },
{ "type": "Feature", "properties": { "stop_id_12": "15201", "stop_name_": "Judah St & 22nd Ave", "stop_code": null, "stop_desc": "Pedestrian access point", "stop_lat": 0.0, "stop_lon": 0.0, "zone_id": null, "stop_url": null, "tts_stop_n": null, "platform_c": null, "location_t": "0", "parent_sta": "15201", "stop_timez": null, "wheelchair": null, "level_id": null }, "geometry": { "type": "Point", "coordinates": [ -122.480134927, 37.761533483000051 ] } },
{ "type": "Feature", "properties": { "stop_id_12": "15199", "stop_name_": "Judah St & 19th Ave", "stop_code": null, "stop_desc": "Pedestrian access point", "stop_lat": 0.0, "stop_lon": 0.0, "zone_id": null, "stop_url": null, "tts_stop_n": null, "platform_c": null, "location_t": "0", "parent_sta": "15199", "stop_timez": null, "wheelchair": null, "level_id": null }, "geometry": { "type": "Point", "coordinates": [ -122.476885820999939, 37.761747721000063 ] } },
{ "type": "Feature", "properties": { "stop_id_12": "15219", "stop_name_": "Judah St & Funston Ave", "stop_code": null, "stop_desc": "Pedestrian access point", "stop_lat": 0.0, "stop_lon": 0.0, "zone_id": null, "stop_url": null, "tts_stop_n": null, "platform_c": null, "location_t": "0", "parent_sta": "15219", "stop_timez": null, "wheelchair": null, "level_id": null }, "geometry": { "type": "Point", "coordinates": [ -122.470583499999975, 37.761953998000024 ] } },
{ "type": "Feature", "properties": { "stop_id_12": "15219", "stop_name_": "Judah St & Funston Ave", "stop_code": null, "stop_desc": "Pedestrian access point", "stop_lat": 0.0, "stop_lon": 0.0, "zone_id": null, "stop_url": null, "tts_stop_n": null, "platform_c": null, "location_t": "0", "parent_sta": "15219", "stop_timez": null, "wheelchair": null, "level_id": null }, "geometry": { "type": "Point", "coordinates": [ -122.470389061, 37.762036635000072 ] } },
{ "type": "Feature", "properties": { "stop_id_12": "15195", "stop_name_": "Judah St & 12th Ave", "stop_code": null, "stop_desc": "Pedestrian access point", "stop_lat": 0.0, "stop_lon": 0.0, "zone_id": null, "stop_url": null, "tts_stop_n": null, "platform_c": null, "location_t": "0", "parent_sta": "15195", "stop_timez": null, "wheelchair": null, "level_id": null }, "geometry": { "type": "Point", "coordinates": [ -122.469313051999961, 37.76208396800007 ] } },
{ "type": "Feature", "properties": { "stop_id_12": "15195", "stop_name_": "Judah St & 12th Ave", "stop_code": null, "stop_desc": "Pedestrian access point", "stop_lat": 0.0, "stop_lon": 0.0, "zone_id": null, "stop_url": null, "tts_stop_n": null, "platform_c": null, "location_t": "0", "parent_sta": "15195", "stop_timez": null, "wheelchair": null, "level_id": null }, "geometry": { "type": "Point", "coordinates": [ -122.469511351999984, 37.762001459000032 ] } },
{ "type": "Feature", "properties": { "stop_id_12": "15193", "stop_name_": "Judah St & 9th Ave", "stop_code": null, "stop_desc": "Pedestrian access point", "stop_lat": 0.0, "stop_lon": 0.0, "zone_id": null, "stop_url": null, "tts_stop_n": null, "platform_c": null, "location_t": "0", "parent_sta": "15193", "stop_timez": null, "wheelchair": null, "level_id": null }, "geometry": { "type": "Point", "coordinates": [ -122.467177927999956, 37.762178444000028 ] } },
{ "type": "Feature", "properties": { "stop_id_12": "15193", "stop_name_": "Judah St & 9th Ave", "stop_code": null, "stop_desc": "Pedestrian access point", "stop_lat": 0.0, "stop_lon": 0.0, "zone_id": null, "stop_url": null, "tts_stop_n": null, "platform_c": null, "location_t": "0", "parent_sta": "15193", "stop_timez": null, "wheelchair": null, "level_id": null }, "geometry": { "type": "Point", "coordinates": [ -122.467172306999942, 37.762102010000035 ] } },
{ "type": "Feature", "properties": { "stop_id_12": "17999", "stop_name_": "9th Ave & Irving St", "stop_code": null, "stop_desc": "Pedestrian access point", "stop_lat": 0.0, "stop_lon": 0.0, "zone_id": null, "stop_url": null, "tts_stop_n": null, "platform_c": null, "location_t": "0", "parent_sta": "17999", "stop_timez": null, "wheelchair": null, "level_id": null }, "geometry": { "type": "Point", "coordinates": [ -122.466363952999984, 37.763632833000031 ] } },
{ "type": "Feature", "properties": { "stop_id_12": "17999", "stop_name_": "9th Ave & Irving St", "stop_code": null, "stop_desc": "Pedestrian access point", "stop_lat": 0.0, "stop_lon": 0.0, "zone_id": null, "stop_url": null, "tts_stop_n": null, "platform_c": null, "location_t": "0", "parent_sta": "17999", "stop_timez": null, "wheelchair": null, "level_id": null }, "geometry": { "type": "Point", "coordinates": [ -122.466341495999984, 37.763369338000075 ] } },
{ "type": "Feature", "properties": { "stop_id_12": "17996", "stop_name_": "Irving St & 8th Ave", "stop_code": null, "stop_desc": "Pedestrian access point", "stop_lat": 0.0, "stop_lon": 0.0, "zone_id": null, "stop_url": null, "tts_stop_n": null, "platform_c": null, "location_t": "0", "parent_sta": "17996", "stop_timez": null, "wheelchair": null, "level_id": null }, "geometry": { "type": "Point", "coordinates": [ -122.465367092999941, 37.764051991000031 ] } },
{ "type": "Feature", "properties": { "stop_id_12": "17996", "stop_name_": "Irving St & 8th Ave", "stop_code": null, "stop_desc": "Pedestrian access point", "stop_lat": 0.0, "stop_lon": 0.0, "zone_id": null, "stop_url": null, "tts_stop_n": null, "platform_c": null, "location_t": "0", "parent_sta": "17996", "stop_timez": null, "wheelchair": null, "level_id": null }, "geometry": { "type": "Point", "coordinates": [ -122.465620491999971, 37.764040198000032 ] } },
{ "type": "Feature", "properties": { "stop_id_12": "18032", "stop_name_": "Irving St & 6th Ave", "stop_code": null, "stop_desc": "Pedestrian access point", "stop_lat": 0.0, "stop_lon": 0.0, "zone_id": null, "stop_url": null, "tts_stop_n": null, "platform_c": null, "location_t": "0", "parent_sta": "18032", "stop_timez": null, "wheelchair": null, "level_id": null }, "geometry": { "type": "Point", "coordinates": [ -122.463024137, 37.764258995000034 ] } },
{ "type": "Feature", "properties": { "stop_id_12": "18032", "stop_name_": "Irving St & 6th Ave", "stop_code": null, "stop_desc": "Pedestrian access point", "stop_lat": 0.0, "stop_lon": 0.0, "zone_id": null, "stop_url": null, "tts_stop_n": null, "platform_c": null, "location_t": "0", "parent_sta": "18032", "stop_timez": null, "wheelchair": null, "level_id": null }, "geometry": { "type": "Point", "coordinates": [ -122.462747778999983, 37.764272642000037 ] } },
{ "type": "Feature", "properties": { "stop_id_12": "18031", "stop_name_": "Irving St & 5th Ave", "stop_code": null, "stop_desc": "Pedestrian access point", "stop_lat": 0.0, "stop_lon": 0.0, "zone_id": null, "stop_url": null, "tts_stop_n": null, "platform_c": null, "location_t": "0", "parent_sta": "18031", "stop_timez": null, "wheelchair": null, "level_id": null }, "geometry": { "type": "Point", "coordinates": [ -122.462173057999962, 37.764182136000045 ] } },
{ "type": "Feature", "properties": { "stop_id_12": "18031", "stop_name_": "Irving St & 5th Ave", "stop_code": null, "stop_desc": "Pedestrian access point", "stop_lat": 0.0, "stop_lon": 0.0, "zone_id": null, "stop_url": null, "tts_stop_n": null, "platform_c": null, "location_t": "0", "parent_sta": "18031", "stop_timez": null, "wheelchair": null, "level_id": null }, "geometry": { "type": "Point", "coordinates": [ -122.462428748999969, 37.764177024000048 ] } },
{ "type": "Feature", "properties": { "stop_id_12": "15124", "stop_name_": "Irving St & Arguello Blvd", "stop_code": null, "stop_desc": "Pedestrian access point", "stop_lat": 0.0, "stop_lon": 0.0, "zone_id": null, "stop_url": null, "tts_stop_n": null, "platform_c": null, "location_t": "0", "parent_sta": "15124", "stop_timez": null, "wheelchair": null, "level_id": null }, "geometry": { "type": "Point", "coordinates": [ -122.458014009999943, 37.764369103000035 ] } },
{ "type": "Feature", "properties": { "stop_id_12": "15118", "stop_name_": "Irving St & 2nd Ave", "stop_code": null, "stop_desc": "Pedestrian access point", "stop_lat": 0.0, "stop_lon": 0.0, "zone_id": null, "stop_url": null, "tts_stop_n": null, "platform_c": null, "location_t": "0", "parent_sta": "15118", "stop_timez": null, "wheelchair": null, "level_id": null }, "geometry": { "type": "Point", "coordinates": [ -122.458494774999963, 37.764343518000032 ] } },
{ "type": "Feature", "properties": { "stop_id_12": "15118", "stop_name_": "Irving St & 2nd Ave", "stop_code": null, "stop_desc": "Pedestrian access point", "stop_lat": 0.0, "stop_lon": 0.0, "zone_id": null, "stop_url": null, "tts_stop_n": null, "platform_c": null, "location_t": "0", "parent_sta": "15118", "stop_timez": null, "wheelchair": null, "level_id": null }, "geometry": { "type": "Point", "coordinates": [ -122.458956313999977, 37.764412330000027 ] } },
{ "type": "Feature", "properties": { "stop_id_12": "15118", "stop_name_": "Irving St & 2nd Ave", "stop_code": null, "stop_desc": "Pedestrian access point", "stop_lat": 0.0, "stop_lon": 0.0, "zone_id": null, "stop_url": null, "tts_stop_n": null, "platform_c": null, "location_t": "0", "parent_sta": "15118", "stop_timez": null, "wheelchair": null, "level_id": null }, "geometry": { "type": "Point", "coordinates": [ -122.45870877699997, 37.764431828000056 ] } },
{ "type": "Feature", "properties": { "stop_id_12": "13912", "stop_name_": "Carl St & Hillway Ave", "stop_code": null, "stop_desc": "Pedestrian access point", "stop_lat": 0.0, "stop_lon": 0.0, "zone_id": null, "stop_url": null, "tts_stop_n": null, "platform_c": null, "location_t": "0", "parent_sta": "13912", "stop_timez": null, "wheelchair": null, "level_id": null }, "geometry": { "type": "Point", "coordinates": [ -122.456608663999987, 37.765027373000066 ] } },
{ "type": "Feature", "properties": { "stop_id_12": "13912", "stop_name_": "Carl St & Hillway Ave", "stop_code": null, "stop_desc": "Pedestrian access point", "stop_lat": 0.0, "stop_lon": 0.0, "zone_id": null, "stop_url": null, "tts_stop_n": null, "platform_c": null, "location_t": "0", "parent_sta": "13912", "stop_timez": null, "wheelchair": null, "level_id": null }, "geometry": { "type": "Point", "coordinates": [ -122.456509168999958, 37.765041246000067 ] } },
{ "type": "Feature", "properties": { "stop_id_12": "13912", "stop_name_": "Carl St & Hillway Ave", "stop_code": null, "stop_desc": "Pedestrian access point", "stop_lat": 0.0, "stop_lon": 0.0, "zone_id": null, "stop_url": null, "tts_stop_n": null, "platform_c": null, "location_t": "0", "parent_sta": "13912", "stop_timez": null, "wheelchair": null, "level_id": null }, "geometry": { "type": "Point", "coordinates": [ -122.456584908999957, 37.764911385000062 ] } },
{ "type": "Feature", "properties": { "stop_id_12": "13912", "stop_name_": "Carl St & Hillway Ave", "stop_code": null, "stop_desc": "Pedestrian access point", "stop_lat": 0.0, "stop_lon": 0.0, "zone_id": null, "stop_url": null, "tts_stop_n": null, "platform_c": null, "location_t": "0", "parent_sta": "13912", "stop_timez": null, "wheelchair": null, "level_id": null }, "geometry": { "type": "Point", "coordinates": [ -122.45647441999995, 37.764925551000033 ] } },
{ "type": "Feature", "properties": { "stop_id_12": "13914", "stop_name_": "Carl St & Stanyan St", "stop_code": null, "stop_desc": "Pedestrian access point", "stop_lat": 0.0, "stop_lon": 0.0, "zone_id": null, "stop_url": null, "tts_stop_n": null, "platform_c": null, "location_t": "0", "parent_sta": "13914", "stop_timez": null, "wheelchair": null, "level_id": null }, "geometry": { "type": "Point", "coordinates": [ -122.452884061999953, 37.765393749000054 ] } },
{ "type": "Feature", "properties": { "stop_id_12": "13914", "stop_name_": "Carl St & Stanyan St", "stop_code": null, "stop_desc": "Pedestrian access point", "stop_lat": 0.0, "stop_lon": 0.0, "zone_id": null, "stop_url": null, "tts_stop_n": null, "platform_c": null, "location_t": "0", "parent_sta": "13914", "stop_timez": null, "wheelchair": null, "level_id": null }, "geometry": { "type": "Point", "coordinates": [ -122.452958057999979, 37.765382177000049 ] } },
{ "type": "Feature", "properties": { "stop_id_12": "13914", "stop_name_": "Carl St & Stanyan St", "stop_code": null, "stop_desc": "Pedestrian access point", "stop_lat": 0.0, "stop_lon": 0.0, "zone_id": null, "stop_url": null, "tts_stop_n": null, "platform_c": null, "location_t": "0", "parent_sta": "13914", "stop_timez": null, "wheelchair": null, "level_id": null }, "geometry": { "type": "Point", "coordinates": [ -122.452687861999948, 37.765499650000038 ] } },
{ "type": "Feature", "properties": { "stop_id_12": "13914", "stop_name_": "Carl St & Stanyan St", "stop_code": null, "stop_desc": "Pedestrian access point", "stop_lat": 0.0, "stop_lon": 0.0, "zone_id": null, "stop_url": null, "tts_stop_n": null, "platform_c": null, "location_t": "0", "parent_sta": "13914", "stop_timez": null, "wheelchair": null, "level_id": null }, "geometry": { "type": "Point", "coordinates": [ -122.452529022999954, 37.765522579000049 ] } },
{ "type": "Feature", "properties": { "stop_id_12": "13909", "stop_name_": "Carl St & Cole St", "stop_code": null, "stop_desc": "Pedestrian access point", "stop_lat": 0.0, "stop_lon": 0.0, "zone_id": null, "stop_url": null, "tts_stop_n": null, "platform_c": null, "location_t": "0", "parent_sta": "13909", "stop_timez": null, "wheelchair": null, "level_id": null }, "geometry": { "type": "Point", "coordinates": [ -122.449898513, 37.765893608000056 ] } },
{ "type": "Feature", "properties": { "stop_id_12": "13909", "stop_name_": "Carl St & Cole St", "stop_code": null, "stop_desc": "Pedestrian access point", "stop_lat": 0.0, "stop_lon": 0.0, "zone_id": null, "stop_url": null, "tts_stop_n": null, "platform_c": null, "location_t": "0", "parent_sta": "13909", "stop_timez": null, "wheelchair": null, "level_id": null }, "geometry": { "type": "Point", "coordinates": [ -122.449307262, 37.766006142000037 ] } },
{ "type": "Feature", "properties": { "stop_id_12": "13909", "stop_name_": "Carl St & Cole St", "stop_code": null, "stop_desc": "Pedestrian access point", "stop_lat": 0.0, "stop_lon": 0.0, "zone_id": null, "stop_url": null, "tts_stop_n": null, "platform_c": null, "location_t": "0", "parent_sta": "13909", "stop_timez": null, "wheelchair": null, "level_id": null }, "geometry": { "type": "Point", "coordinates": [ -122.45013, 37.76575 ] } },
{ "type": "Feature", "properties": { "stop_id_12": "13911", "stop_name_": "Carl St & Cole St", "stop_code": null, "stop_desc": "Pedestrian access point", "stop_lat": 0.0, "stop_lon": 0.0, "zone_id": null, "stop_url": null, "tts_stop_n": null, "platform_c": null, "location_t": "0", "parent_sta": "13911", "stop_timez": null, "wheelchair": null, "level_id": null }, "geometry": { "type": "Point", "coordinates": [ -122.450386565999963, 37.76570569200004 ] } },
{ "type": "Feature", "properties": { "stop_id_12": "17252", "stop_name_": "Duboce St/Noe St/Duboce Park", "stop_code": null, "stop_desc": "Pedestrian access point", "stop_lat": 0.0, "stop_lon": 0.0, "zone_id": null, "stop_url": null, "tts_stop_n": null, "platform_c": null, "location_t": "0", "parent_sta": "17252", "stop_timez": null, "wheelchair": null, "level_id": null }, "geometry": { "type": "Point", "coordinates": [ -122.433544367999957, 37.769363468000051 ] } },
{ "type": "Feature", "properties": { "stop_id_12": "17252", "stop_name_": "Duboce St/Noe St/Duboce Park", "stop_code": null, "stop_desc": "Pedestrian access point", "stop_lat": 0.0, "stop_lon": 0.0, "zone_id": null, "stop_url": null, "tts_stop_n": null, "platform_c": null, "location_t": "0", "parent_sta": "17252", "stop_timez": null, "wheelchair": null, "level_id": null }, "geometry": { "type": "Point", "coordinates": [ -122.433864597999957, 37.769252036000069 ] } },
{ "type": "Feature", "properties": { "stop_id_12": "17252", "stop_name_": "Duboce St/Noe St/Duboce Park", "stop_code": null, "stop_desc": "Pedestrian access point", "stop_lat": 0.0, "stop_lon": 0.0, "zone_id": null, "stop_url": null, "tts_stop_n": null, "platform_c": null, "location_t": "0", "parent_sta": "17252", "stop_timez": null, "wheelchair": null, "level_id": null }, "geometry": { "type": "Point", "coordinates": [ -122.433531778999964, 37.769257134000043 ] } },
{ "type": "Feature", "properties": { "stop_id_12": "14447", "stop_name_": "Duboce Ave & Church St", "stop_code": null, "stop_desc": "Pedestrian access point", "stop_lat": 0.0, "stop_lon": 0.0, "zone_id": null, "stop_url": null, "tts_stop_n": null, "platform_c": null, "location_t": "0", "parent_sta": "14447", "stop_timez": null, "wheelchair": null, "level_id": null }, "geometry": { "type": "Point", "coordinates": [ -122.429848289999939, 37.769472298000039 ] } },
{ "type": "Feature", "properties": { "stop_id_12": "14006", "stop_name_": "Church St & Duboce Ave", "stop_code": null, "stop_desc": "Pedestrian access point", "stop_lat": 0.0, "stop_lon": 0.0, "zone_id": null, "stop_url": null, "tts_stop_n": null, "platform_c": null, "location_t": "0", "parent_sta": "14006", "stop_timez": null, "wheelchair": null, "level_id": null }, "geometry": { "type": "Point", "coordinates": [ -122.429289449999942, 37.76951869700008 ] } },
{ "type": "Feature", "properties": { "stop_id_12": "14006", "stop_name_": "Church St & Duboce Ave", "stop_code": null, "stop_desc": "Pedestrian access point", "stop_lat": 0.0, "stop_lon": 0.0, "zone_id": null, "stop_url": null, "tts_stop_n": null, "platform_c": null, "location_t": "0", "parent_sta": "14006", "stop_timez": null, "wheelchair": null, "level_id": null }, "geometry": { "type": "Point", "coordinates": [ -122.429283945999941, 37.769419955000046 ] } },
{ "type": "Feature", "properties": { "stop_id_12": "14006", "stop_name_": "Church St & Duboce Ave", "stop_code": null, "stop_desc": "Pedestrian access point", "stop_lat": 0.0, "stop_lon": 0.0, "zone_id": null, "stop_url": null, "tts_stop_n": null, "platform_c": null, "location_t": "0", "parent_sta": "14006", "stop_timez": null, "wheelchair": null, "level_id": null }, "geometry": { "type": "Point", "coordinates": [ -122.429080132999957, 37.769356703000028 ] } },
{ "type": "Feature", "properties": { "stop_id_12": "16898", "stop_name_": "West Portal Ave & 14th Ave", "stop_code": null, "stop_desc": "Pedestrian access point", "stop_lat": 0.0, "stop_lon": 0.0, "zone_id": null, "stop_url": null, "tts_stop_n": null, "platform_c": null, "location_t": "0", "parent_sta": "16898", "stop_timez": null, "wheelchair": null, "level_id": null }, "geometry": { "type": "Point", "coordinates": [ -122.46903912199997, 37.738068458000043 ] } },
{ "type": "Feature", "properties": { "stop_id_12": "16898", "stop_name_": "West Portal Ave & 14th Ave", "stop_code": null, "stop_desc": "Pedestrian access point", "stop_lat": 0.0, "stop_lon": 0.0, "zone_id": null, "stop_url": null, "tts_stop_n": null, "platform_c": null, "location_t": "0", "parent_sta": "16898", "stop_timez": null, "wheelchair": null, "level_id": null }, "geometry": { "type": "Point", "coordinates": [ -122.469094725, 37.737913182000057 ] } },
{ "type": "Feature", "properties": { "stop_id_12": "15806", "stop_name_": "Ocean Ave & San Leandro Way", "stop_code": null, "stop_desc": "Pedestrian access point", "stop_lat": 0.0, "stop_lon": 0.0, "zone_id": null, "stop_url": null, "tts_stop_n": null, "platform_c": null, "location_t": "0", "parent_sta": "15806", "stop_timez": null, "wheelchair": null, "level_id": null }, "geometry": { "type": "Point", "coordinates": [ -122.469503272999987, 37.729976586000078 ] } },
{ "type": "Feature", "properties": { "stop_id_12": "15806", "stop_name_": "Ocean Ave & San Leandro Way", "stop_code": null, "stop_desc": "Pedestrian access point", "stop_lat": 0.0, "stop_lon": 0.0, "zone_id": null, "stop_url": null, "tts_stop_n": null, "platform_c": null, "location_t": "0", "parent_sta": "15806", "stop_timez": null, "wheelchair": null, "level_id": null }, "geometry": { "type": "Point", "coordinates": [ -122.469276579999985, 37.729974176000042 ] } },
{ "type": "Feature", "properties": { "stop_id_12": "15779", "stop_name_": "Ocean Ave & Aptos Ave", "stop_code": null, "stop_desc": "Pedestrian access point", "stop_lat": 0.0, "stop_lon": 0.0, "zone_id": null, "stop_url": null, "tts_stop_n": null, "platform_c": null, "location_t": "0", "parent_sta": "15779", "stop_timez": null, "wheelchair": null, "level_id": null }, "geometry": { "type": "Point", "coordinates": [ -122.467840971999976, 37.728408846000036 ] } },
{ "type": "Feature", "properties": { "stop_id_12": "15779", "stop_name_": "Ocean Ave & Aptos Ave", "stop_code": null, "stop_desc": "Pedestrian access point", "stop_lat": 0.0, "stop_lon": 0.0, "zone_id": null, "stop_url": null, "tts_stop_n": null, "platform_c": null, "location_t": "0", "parent_sta": "15779", "stop_timez": null, "wheelchair": null, "level_id": null }, "geometry": { "type": "Point", "coordinates": [ -122.467661735999968, 37.728310632000046 ] } },
{ "type": "Feature", "properties": { "stop_id_12": "15788", "stop_name_": "Ocean Ave & Fairfield Way", "stop_code": null, "stop_desc": "Pedestrian access point", "stop_lat": 0.0, "stop_lon": 0.0, "zone_id": null, "stop_url": null, "tts_stop_n": null, "platform_c": null, "location_t": "0", "parent_sta": "15788", "stop_timez": null, "wheelchair": null, "level_id": null }, "geometry": { "type": "Point", "coordinates": [ -122.464366933999941, 37.72605959100008 ] } },
{ "type": "Feature", "properties": { "stop_id_12": "15788", "stop_name_": "Ocean Ave & Fairfield Way", "stop_code": null, "stop_desc": "Pedestrian access point", "stop_lat": 0.0, "stop_lon": 0.0, "zone_id": null, "stop_url": null, "tts_stop_n": null, "platform_c": null, "location_t": "0", "parent_sta": "15788", "stop_timez": null, "wheelchair": null, "level_id": null }, "geometry": { "type": "Point", "coordinates": [ -122.464103982999973, 37.726030834000028 ] } },
{ "type": "Feature", "properties": { "stop_id_12": "15787", "stop_name_": "Ocean Ave & Dorado Ter", "stop_code": null, "stop_desc": "Pedestrian access point", "stop_lat": 0.0, "stop_lon": 0.0, "zone_id": null, "stop_url": null, "tts_stop_n": null, "platform_c": null, "location_t": "0", "parent_sta": "15787", "stop_timez": null, "wheelchair": null, "level_id": null }, "geometry": { "type": "Point", "coordinates": [ -122.461405679, 37.724992050000026 ] } },
{ "type": "Feature", "properties": { "stop_id_12": "15787", "stop_name_": "Ocean Ave & Dorado Ter", "stop_code": null, "stop_desc": "Pedestrian access point", "stop_lat": 0.0, "stop_lon": 0.0, "zone_id": null, "stop_url": null, "tts_stop_n": null, "platform_c": null, "location_t": "0", "parent_sta": "15787", "stop_timez": null, "wheelchair": null, "level_id": null }, "geometry": { "type": "Point", "coordinates": [ -122.461058810999987, 37.724993107000046 ] } },
{ "type": "Feature", "properties": { "stop_id_12": "15797", "stop_name_": "Ocean Ave & Miramar Ave", "stop_code": null, "stop_desc": "Pedestrian access point", "stop_lat": 0.0, "stop_lon": 0.0, "zone_id": null, "stop_url": null, "tts_stop_n": null, "platform_c": null, "location_t": "0", "parent_sta": "15797", "stop_timez": null, "wheelchair": null, "level_id": null }, "geometry": { "type": "Point", "coordinates": [ -122.45803538499996, 37.724356567000029 ] } },
{ "type": "Feature", "properties": { "stop_id_12": "15797", "stop_name_": "Ocean Ave & Miramar Ave", "stop_code": null, "stop_desc": "Pedestrian access point", "stop_lat": 0.0, "stop_lon": 0.0, "zone_id": null, "stop_url": null, "tts_stop_n": null, "platform_c": null, "location_t": "0", "parent_sta": "15797", "stop_timez": null, "wheelchair": null, "level_id": null }, "geometry": { "type": "Point", "coordinates": [ -122.458356189999961, 37.724336817000051 ] } },
{ "type": "Feature", "properties": { "stop_id_12": "15794", "stop_name_": "Ocean Ave & Lee St", "stop_code": null, "stop_desc": "Pedestrian access point", "stop_lat": 0.0, "stop_lon": 0.0, "zone_id": null, "stop_url": null, "tts_stop_n": null, "platform_c": null, "location_t": "0", "parent_sta": "15794", "stop_timez": null, "wheelchair": null, "level_id": null }, "geometry": { "type": "Point", "coordinates": [ -122.45427465299997, 37.723494604000052 ] } },
{ "type": "Feature", "properties": { "stop_id_12": "15794", "stop_name_": "Ocean Ave & Lee St", "stop_code": null, "stop_desc": "Pedestrian access point", "stop_lat": 0.0, "stop_lon": 0.0, "zone_id": null, "stop_url": null, "tts_stop_n": null, "platform_c": null, "location_t": "0", "parent_sta": "15794", "stop_timez": null, "wheelchair": null, "level_id": null }, "geometry": { "type": "Point", "coordinates": [ -122.453952331999972, 37.723482919000048 ] } },
{ "type": "Feature", "properties": { "stop_id_12": "15784", "stop_name_": "Ocean Ave/Ccsf Pedestrian Bridge", "stop_code": null, "stop_desc": "Pedestrian access point", "stop_lat": 0.0, "stop_lon": 0.0, "zone_id": null, "stop_url": null, "tts_stop_n": null, "platform_c": null, "location_t": "0", "parent_sta": "15784", "stop_timez": null, "wheelchair": null, "level_id": null }, "geometry": { "type": "Point", "coordinates": [ -122.45122177199994, 37.72298922300007 ] } },
{ "type": "Feature", "properties": { "stop_id_12": "15784", "stop_name_": "Ocean Ave/Ccsf Pedestrian Bridge", "stop_code": null, "stop_desc": "Pedestrian access point", "stop_lat": 0.0, "stop_lon": 0.0, "zone_id": null, "stop_url": null, "tts_stop_n": null, "platform_c": null, "location_t": "0", "parent_sta": "15784", "stop_timez": null, "wheelchair": null, "level_id": null }, "geometry": { "type": "Point", "coordinates": [ -122.451502179999977, 37.722993965000057 ] } },
{ "type": "Feature", "properties": { "stop_id_12": "16274", "stop_name_": "San Jose Ave & Ocean Ave", "stop_code": null, "stop_desc": "Pedestrian access point", "stop_lat": 0.0, "stop_lon": 0.0, "zone_id": null, "stop_url": null, "tts_stop_n": null, "platform_c": null, "location_t": "0", "parent_sta": "16274", "stop_timez": null, "wheelchair": null, "level_id": null }, "geometry": { "type": "Point", "coordinates": [ -122.444682393, 37.723110404000067 ] } },
{ "type": "Feature", "properties": { "stop_id_12": "16274", "stop_name_": "San Jose Ave & Ocean Ave", "stop_code": null, "stop_desc": "Pedestrian access point", "stop_lat": 0.0, "stop_lon": 0.0, "zone_id": null, "stop_url": null, "tts_stop_n": null, "platform_c": null, "location_t": "0", "parent_sta": "16274", "stop_timez": null, "wheelchair": null, "level_id": null }, "geometry": { "type": "Point", "coordinates": [ -122.444657929999948, 37.723093993000077 ] } },
{ "type": "Feature", "properties": { "stop_id_12": "16287", "stop_name_": "San Jose Ave & Santa Ynez Ave", "stop_code": null, "stop_desc": "Pedestrian access point", "stop_lat": 0.0, "stop_lon": 0.0, "zone_id": null, "stop_url": null, "tts_stop_n": null, "platform_c": null, "location_t": "0", "parent_sta": "16287", "stop_timez": null, "wheelchair": null, "level_id": null }, "geometry": { "type": "Point", "coordinates": [ -122.442351869, 37.725901198000031 ] } },
{ "type": "Feature", "properties": { "stop_id_12": "16287", "stop_name_": "San Jose Ave & Santa Ynez Ave", "stop_code": null, "stop_desc": "Pedestrian access point", "stop_lat": 0.0, "stop_lon": 0.0, "zone_id": null, "stop_url": null, "tts_stop_n": null, "platform_c": null, "location_t": "0", "parent_sta": "16287", "stop_timez": null, "wheelchair": null, "level_id": null }, "geometry": { "type": "Point", "coordinates": [ -122.442432624999981, 37.725730049000049 ] } },
{ "type": "Feature", "properties": { "stop_id_12": "16284", "stop_name_": "San Jose Ave & Santa Rosa Ave", "stop_code": null, "stop_desc": "Pedestrian access point", "stop_lat": 0.0, "stop_lon": 0.0, "zone_id": null, "stop_url": null, "tts_stop_n": null, "platform_c": null, "location_t": "0", "parent_sta": "16284", "stop_timez": null, "wheelchair": null, "level_id": null }, "geometry": { "type": "Point", "coordinates": [ -122.44004263, 37.729038929000069 ] } },
{ "type": "Feature", "properties": { "stop_id_12": "16284", "stop_name_": "San Jose Ave & Santa Rosa Ave", "stop_code": null, "stop_desc": "Pedestrian access point", "stop_lat": 0.0, "stop_lon": 0.0, "zone_id": null, "stop_url": null, "tts_stop_n": null, "platform_c": null, "location_t": "0", "parent_sta": "16284", "stop_timez": null, "wheelchair": null, "level_id": null }, "geometry": { "type": "Point", "coordinates": [ -122.440015423999967, 37.729004006000025 ] } },
{ "type": "Feature", "properties": { "stop_id_12": "14788", "stop_name_": "San Jose Ave/Glen Park Station", "stop_code": null, "stop_desc": "Pedestrian access point", "stop_lat": 0.0, "stop_lon": 0.0, "zone_id": null, "stop_url": null, "tts_stop_n": null, "platform_c": null, "location_t": "0", "parent_sta": "14788", "stop_timez": null, "wheelchair": null, "level_id": null }, "geometry": { "type": "Point", "coordinates": [ -122.433983274999946, 37.732307632000072 ] } },
{ "type": "Feature", "properties": { "stop_id_12": "14788", "stop_name_": "San Jose Ave/Glen Park Station", "stop_code": null, "stop_desc": "Pedestrian access point", "stop_lat": 0.0, "stop_lon": 0.0, "zone_id": null, "stop_url": null, "tts_stop_n": null, "platform_c": null, "location_t": "0", "parent_sta": "14788", "stop_timez": null, "wheelchair": null, "level_id": null }, "geometry": { "type": "Point", "coordinates": [ -122.434034273999941, 37.732381418000045 ] } },
{ "type": "Feature", "properties": { "stop_id_12": "16277", "stop_name_": "San Jose Ave & Randall St", "stop_code": null, "stop_desc": "Pedestrian access point", "stop_lat": 0.0, "stop_lon": 0.0, "zone_id": null, "stop_url": null, "tts_stop_n": null, "platform_c": null, "location_t": "0", "parent_sta": "16277", "stop_timez": null, "wheelchair": null, "level_id": null }, "geometry": { "type": "Point", "coordinates": [ -122.42415734399998, 37.739772122000034 ] } },
{ "type": "Feature", "properties": { "stop_id_12": "16277", "stop_name_": "San Jose Ave & Randall St", "stop_code": null, "stop_desc": "Pedestrian access point", "stop_lat": 0.0, "stop_lon": 0.0, "zone_id": null, "stop_url": null, "tts_stop_n": null, "platform_c": null, "location_t": "0", "parent_sta": "16277", "stop_timez": null, "wheelchair": null, "level_id": null }, "geometry": { "type": "Point", "coordinates": [ -122.424278773999959, 37.739780557000074 ] } },
{ "type": "Feature", "properties": { "stop_id_12": "13537", "stop_name_": "30th St & Dolores St", "stop_code": null, "stop_desc": "Pedestrian access point", "stop_lat": 0.0, "stop_lon": 0.0, "zone_id": null, "stop_url": null, "tts_stop_n": null, "platform_c": null, "location_t": "0", "parent_sta": "13537", "stop_timez": null, "wheelchair": null, "level_id": null }, "geometry": { "type": "Point", "coordinates": [ -122.424057093999977, 37.742337874000043 ] } },
{ "type": "Feature", "properties": { "stop_id_12": "13537", "stop_name_": "30th St & Dolores St", "stop_code": null, "stop_desc": "Pedestrian access point", "stop_lat": 0.0, "stop_lon": 0.0, "zone_id": null, "stop_url": null, "tts_stop_n": null, "platform_c": null, "location_t": "0", "parent_sta": "13537", "stop_timez": null, "wheelchair": null, "level_id": null }, "geometry": { "type": "Point", "coordinates": [ -122.423817011999972, 37.742348955000068 ] } },
{ "type": "Feature", "properties": { "stop_id_12": "13537", "stop_name_": "30th St & Dolores St", "stop_code": null, "stop_desc": "Pedestrian access point", "stop_lat": 0.0, "stop_lon": 0.0, "zone_id": null, "stop_url": null, "tts_stop_n": null, "platform_c": null, "location_t": "0", "parent_sta": "13537", "stop_timez": null, "wheelchair": null, "level_id": null }, "geometry": { "type": "Point", "coordinates": [ -122.424499730999969, 37.742209986000034 ] } },
{ "type": "Feature", "properties": { "stop_id_12": "13538", "stop_name_": "30th St & Dolores St", "stop_code": null, "stop_desc": "Pedestrian access point", "stop_lat": 0.0, "stop_lon": 0.0, "zone_id": null, "stop_url": null, "tts_stop_n": null, "platform_c": null, "location_t": "0", "parent_sta": "13538", "stop_timez": null, "wheelchair": null, "level_id": null }, "geometry": { "type": "Point", "coordinates": [ -122.424702648999983, 37.742198791000078 ] } },
{ "type": "Feature", "properties": { "stop_id_12": "14000", "stop_name_": "Church St & 30th St", "stop_code": null, "stop_desc": "Pedestrian access point", "stop_lat": 0.0, "stop_lon": 0.0, "zone_id": null, "stop_url": null, "tts_stop_n": null, "platform_c": null, "location_t": "0", "parent_sta": "14000", "stop_timez": null, "wheelchair": null, "level_id": null }, "geometry": { "type": "Point", "coordinates": [ -122.42637, 37.74216 ] } },
{ "type": "Feature", "properties": { "stop_id_12": "14000", "stop_name_": "Church St & 30th St", "stop_code": null, "stop_desc": "Pedestrian access point", "stop_lat": 0.0, "stop_lon": 0.0, "zone_id": null, "stop_url": null, "tts_stop_n": null, "platform_c": null, "location_t": "0", "parent_sta": "14000", "stop_timez": null, "wheelchair": null, "level_id": null }, "geometry": { "type": "Point", "coordinates": [ -122.42646, 37.74222 ] } },
{ "type": "Feature", "properties": { "stop_id_12": "14004", "stop_name_": "Church St & Day St", "stop_code": null, "stop_desc": "Pedestrian access point", "stop_lat": 0.0, "stop_lon": 0.0, "zone_id": null, "stop_url": null, "tts_stop_n": null, "platform_c": null, "location_t": "0", "parent_sta": "14004", "stop_timez": null, "wheelchair": null, "level_id": null }, "geometry": { "type": "Point", "coordinates": [ -122.426649416999965, 37.742835223000043 ] } },
{ "type": "Feature", "properties": { "stop_id_12": "13999", "stop_name_": "Church St & 29th St", "stop_code": null, "stop_desc": "Pedestrian access point", "stop_lat": 0.0, "stop_lon": 0.0, "zone_id": null, "stop_url": null, "tts_stop_n": null, "platform_c": null, "location_t": "0", "parent_sta": "13999", "stop_timez": null, "wheelchair": null, "level_id": null }, "geometry": { "type": "Point", "coordinates": [ -122.426588011999968, 37.743611847000068 ] } },
{ "type": "Feature", "properties": { "stop_id_12": "14004", "stop_name_": "Church St & Day St", "stop_code": null, "stop_desc": "Pedestrian access point", "stop_lat": 0.0, "stop_lon": 0.0, "zone_id": null, "stop_url": null, "tts_stop_n": null, "platform_c": null, "location_t": "0", "parent_sta": "14004", "stop_timez": null, "wheelchair": null, "level_id": null }, "geometry": { "type": "Point", "coordinates": [ -122.426584632999948, 37.743031995000024 ] } },
{ "type": "Feature", "properties": { "stop_id_12": "18157", "stop_name_": "Church St & 28th St", "stop_code": null, "stop_desc": "Pedestrian access point", "stop_lat": 0.0, "stop_lon": 0.0, "zone_id": null, "stop_url": null, "tts_stop_n": null, "platform_c": null, "location_t": "0", "parent_sta": "18157", "stop_timez": null, "wheelchair": null, "level_id": null }, "geometry": { "type": "Point", "coordinates": [ -122.42674, 37.74522 ] } },
{ "type": "Feature", "properties": { "stop_id_12": "18157", "stop_name_": "Church St & 28th St", "stop_code": null, "stop_desc": "Pedestrian access point", "stop_lat": 0.0, "stop_lon": 0.0, "zone_id": null, "stop_url": null, "tts_stop_n": null, "platform_c": null, "location_t": "0", "parent_sta": "18157", "stop_timez": null, "wheelchair": null, "level_id": null }, "geometry": { "type": "Point", "coordinates": [ -122.426893620999977, 37.745435780000037 ] } },
{ "type": "Feature", "properties": { "stop_id_12": "18155", "stop_name_": "Church St & 26th St", "stop_code": null, "stop_desc": "Pedestrian access point", "stop_lat": 0.0, "stop_lon": 0.0, "zone_id": null, "stop_url": null, "tts_stop_n": null, "platform_c": null, "location_t": "0", "parent_sta": "18155", "stop_timez": null, "wheelchair": null, "level_id": null }, "geometry": { "type": "Point", "coordinates": [ -122.427060000999973, 37.74842 ] } },
{ "type": "Feature", "properties": { "stop_id_12": "18155", "stop_name_": "Church St & 26th St", "stop_code": null, "stop_desc": "Pedestrian access point", "stop_lat": 0.0, "stop_lon": 0.0, "zone_id": null, "stop_url": null, "tts_stop_n": null, "platform_c": null, "location_t": "0", "parent_sta": "18155", "stop_timez": null, "wheelchair": null, "level_id": null }, "geometry": { "type": "Point", "coordinates": [ -122.42726, 37.748600001000057 ] } },
{ "type": "Feature", "properties": { "stop_id_12": "13995", "stop_name_": "Church St & 24th St", "stop_code": null, "stop_desc": "Pedestrian access point", "stop_lat": 0.0, "stop_lon": 0.0, "zone_id": null, "stop_url": null, "tts_stop_n": null, "platform_c": null, "location_t": "0", "parent_sta": "13995", "stop_timez": null, "wheelchair": null, "level_id": null }, "geometry": { "type": "Point", "coordinates": [ -122.427410675999965, 37.751639625000053 ] } },
{ "type": "Feature", "properties": { "stop_id_12": "13995", "stop_name_": "Church St & 24th St", "stop_code": null, "stop_desc": "Pedestrian access point", "stop_lat": 0.0, "stop_lon": 0.0, "zone_id": null, "stop_url": null, "tts_stop_n": null, "platform_c": null, "location_t": "0", "parent_sta": "13995", "stop_timez": null, "wheelchair": null, "level_id": null }, "geometry": { "type": "Point", "coordinates": [ -122.427506207999954, 37.751830033000033 ] } },
{ "type": "Feature", "properties": { "stop_id_12": "13994", "stop_name_": "Church St & 22nd St", "stop_code": null, "stop_desc": "Pedestrian access point", "stop_lat": 0.0, "stop_lon": 0.0, "zone_id": null, "stop_url": null, "tts_stop_n": null, "platform_c": null, "location_t": "0", "parent_sta": "13994", "stop_timez": null, "wheelchair": null, "level_id": null }, "geometry": { "type": "Point", "coordinates": [ -122.427700986, 37.754795480000041 ] } },
{ "type": "Feature", "properties": { "stop_id_12": "13994", "stop_name_": "Church St & 22nd St", "stop_code": null, "stop_desc": "Pedestrian access point", "stop_lat": 0.0, "stop_lon": 0.0, "zone_id": null, "stop_url": null, "tts_stop_n": null, "platform_c": null, "location_t": "0", "parent_sta": "13994", "stop_timez": null, "wheelchair": null, "level_id": null }, "geometry": { "type": "Point", "coordinates": [ -122.42775, 37.754609999000024 ] } },
{ "type": "Feature", "properties": { "stop_id_12": "16216", "stop_name_": "Right Of Way/21st St", "stop_code": null, "stop_desc": "Pedestrian access point", "stop_lat": 0.0, "stop_lon": 0.0, "zone_id": null, "stop_url": null, "tts_stop_n": null, "platform_c": null, "location_t": "0", "parent_sta": "16216", "stop_timez": null, "wheelchair": null, "level_id": null }, "geometry": { "type": "Point", "coordinates": [ -122.426873904999979, 37.75644397700006 ] } },
{ "type": "Feature", "properties": { "stop_id_12": "16216", "stop_name_": "Right Of Way/21st St", "stop_code": null, "stop_desc": "Pedestrian access point", "stop_lat": 0.0, "stop_lon": 0.0, "zone_id": null, "stop_url": null, "tts_stop_n": null, "platform_c": null, "location_t": "0", "parent_sta": "16216", "stop_timez": null, "wheelchair": null, "level_id": null }, "geometry": { "type": "Point", "coordinates": [ -122.426855308999961, 37.756338447000076 ] } },
{ "type": "Feature", "properties": { "stop_id_12": "16216", "stop_name_": "Right Of Way/21st St", "stop_code": null, "stop_desc": "Pedestrian access point", "stop_lat": 0.0, "stop_lon": 0.0, "zone_id": null, "stop_url": null, "tts_stop_n": null, "platform_c": null, "location_t": "0", "parent_sta": "16216", "stop_timez": null, "wheelchair": null, "level_id": null }, "geometry": { "type": "Point", "coordinates": [ -122.426973001999954, 37.756516614000077 ] } },
{ "type": "Feature", "properties": { "stop_id_12": "16221", "stop_name_": "Right Of Way/Liberty St", "stop_code": null, "stop_desc": "Pedestrian access point", "stop_lat": 0.0, "stop_lon": 0.0, "zone_id": null, "stop_url": null, "tts_stop_n": null, "platform_c": null, "location_t": "0", "parent_sta": "16221", "stop_timez": null, "wheelchair": null, "level_id": null }, "geometry": { "type": "Point", "coordinates": [ -122.426908306999962, 37.757473692000076 ] } },
{ "type": "Feature", "properties": { "stop_id_12": "16221", "stop_name_": "Right Of Way/Liberty St", "stop_code": null, "stop_desc": "Pedestrian access point", "stop_lat": 0.0, "stop_lon": 0.0, "zone_id": null, "stop_url": null, "tts_stop_n": null, "platform_c": null, "location_t": "0", "parent_sta": "16221", "stop_timez": null, "wheelchair": null, "level_id": null }, "geometry": { "type": "Point", "coordinates": [ -122.427013322, 37.757308779000027 ] } },
{ "type": "Feature", "properties": { "stop_id_12": "16214", "stop_name_": "Right Of Way/20th St", "stop_code": null, "stop_desc": "Pedestrian access point", "stop_lat": 0.0, "stop_lon": 0.0, "zone_id": null, "stop_url": null, "tts_stop_n": null, "platform_c": null, "location_t": "0", "parent_sta": "16214", "stop_timez": null, "wheelchair": null, "level_id": null }, "geometry": { "type": "Point", "coordinates": [ -122.427838571999985, 37.758230018000063 ] } },
{ "type": "Feature", "properties": { "stop_id_12": "16214", "stop_name_": "Right Of Way/20th St", "stop_code": null, "stop_desc": "Pedestrian access point", "stop_lat": 0.0, "stop_lon": 0.0, "zone_id": null, "stop_url": null, "tts_stop_n": null, "platform_c": null, "location_t": "0", "parent_sta": "16214", "stop_timez": null, "wheelchair": null, "level_id": null }, "geometry": { "type": "Point", "coordinates": [ -122.427833938, 37.758495718000063 ] } },
{ "type": "Feature", "properties": { "stop_id_12": "16214", "stop_name_": "Right Of Way/20th St", "stop_code": null, "stop_desc": "Pedestrian access point", "stop_lat": 0.0, "stop_lon": 0.0, "zone_id": null, "stop_url": null, "tts_stop_n": null, "platform_c": null, "location_t": "0", "parent_sta": "16214", "stop_timez": null, "wheelchair": null, "level_id": null }, "geometry": { "type": "Point", "coordinates": [ -122.427993492999974, 37.758345054000074 ] } },
{ "type": "Feature", "properties": { "stop_id_12": "16214", "stop_name_": "Right Of Way/20th St", "stop_code": null, "stop_desc": "Pedestrian access point", "stop_lat": 0.0, "stop_lon": 0.0, "zone_id": null, "stop_url": null, "tts_stop_n": null, "platform_c": null, "location_t": "0", "parent_sta": "16214", "stop_timez": null, "wheelchair": null, "level_id": null }, "geometry": { "type": "Point", "coordinates": [ -122.427986092999959, 37.758218787000033 ] } },
{ "type": "Feature", "properties": { "stop_id_12": "13987", "stop_name_": "Church St & 18th St", "stop_code": null, "stop_desc": "Pedestrian access point", "stop_lat": 0.0, "stop_lon": 0.0, "zone_id": null, "stop_url": null, "tts_stop_n": null, "platform_c": null, "location_t": "0", "parent_sta": "13987", "stop_timez": null, "wheelchair": null, "level_id": null }, "geometry": { "type": "Point", "coordinates": [ -122.428215251999973, 37.761235662000047 ] } },
{ "type": "Feature", "properties": { "stop_id_12": "13987", "stop_name_": "Church St & 18th St", "stop_code": null, "stop_desc": "Pedestrian access point", "stop_lat": 0.0, "stop_lon": 0.0, "zone_id": null, "stop_url": null, "tts_stop_n": null, "platform_c": null, "location_t": "0", "parent_sta": "13987", "stop_timez": null, "wheelchair": null, "level_id": null }, "geometry": { "type": "Point", "coordinates": [ -122.428103203999967, 37.761153350000029 ] } },
{ "type": "Feature", "properties": { "stop_id_12": "13987", "stop_name_": "Church St & 18th St", "stop_code": null, "stop_desc": "Pedestrian access point", "stop_lat": 0.0, "stop_lon": 0.0, "zone_id": null, "stop_url": null, "tts_stop_n": null, "platform_c": null, "location_t": "0", "parent_sta": "13987", "stop_timez": null, "wheelchair": null, "level_id": null }, "geometry": { "type": "Point", "coordinates": [ -122.428291119999983, 37.761113385000044 ] } },
{ "type": "Feature", "properties": { "stop_id_12": "16640", "stop_name_": "Taraval St & Sunset Blvd", "stop_code": null, "stop_desc": "Pedestrian access point", "stop_lat": 0.0, "stop_lon": 0.0, "zone_id": null, "stop_url": null, "tts_stop_n": null, "platform_c": null, "location_t": "0", "parent_sta": "16640", "stop_timez": null, "wheelchair": null, "level_id": null }, "geometry": { "type": "Point", "coordinates": [ -122.494012579999946, 37.742287460000057 ] } },
{ "type": "Feature", "properties": { "stop_id_12": "13266", "stop_name_": "15th Ave & Taraval St", "stop_code": null, "stop_desc": "Pedestrian access point", "stop_lat": 0.0, "stop_lon": 0.0, "zone_id": null, "stop_url": null, "tts_stop_n": null, "platform_c": null, "location_t": "0", "parent_sta": "13266", "stop_timez": null, "wheelchair": null, "level_id": null }, "geometry": { "type": "Point", "coordinates": [ -122.471285172999956, 37.742870253000035 ] } },
{ "type": "Feature", "properties": { "stop_id_12": "13909", "stop_name_": "Carl St & Cole St", "stop_code": null, "stop_desc": "Pedestrian access point", "stop_lat": 0.0, "stop_lon": 0.0, "zone_id": null, "stop_url": null, "tts_stop_n": null, "platform_c": null, "location_t": "0", "parent_sta": "13909", "stop_timez": null, "wheelchair": null, "level_id": null }, "geometry": { "type": "Point", "coordinates": [ -122.449622757999975, 37.765925447000029 ] } },
{ "type": "Feature", "properties": { "stop_id_12": "17252", "stop_name_": "Duboce St/Noe St/Duboce Park", "stop_code": null, "stop_desc": "Pedestrian access point", "stop_lat": 0.0, "stop_lon": 0.0, "zone_id": null, "stop_url": null, "tts_stop_n": null, "platform_c": null, "location_t": "0", "parent_sta": "17252", "stop_timez": null, "wheelchair": null, "level_id": null }, "geometry": { "type": "Point", "coordinates": [ -122.433718514999953, 37.769247395000036 ] } },
{ "type": "Feature", "properties": { "stop_id_12": "15661", "stop_name_": "Market St & Church St", "stop_code": null, "stop_desc": "Pedestrian access point", "stop_lat": 0.0, "stop_lon": 0.0, "zone_id": null, "stop_url": null, "tts_stop_n": null, "platform_c": null, "location_t": "0", "parent_sta": "15661", "stop_timez": null, "wheelchair": null, "level_id": null }, "geometry": { "type": "Point", "coordinates": [ -122.429043617, 37.767819337000049 ] } },
{ "type": "Feature", "properties": { "stop_id_12": "15661", "stop_name_": "Market St & Church St", "stop_code": null, "stop_desc": "Pedestrian access point", "stop_lat": 0.0, "stop_lon": 0.0, "zone_id": null, "stop_url": null, "tts_stop_n": null, "platform_c": null, "location_t": "0", "parent_sta": "15661", "stop_timez": null, "wheelchair": null, "level_id": null }, "geometry": { "type": "Point", "coordinates": [ -122.42890314999994, 37.767338536000068 ] } },
{ "type": "Feature", "properties": { "stop_id_12": "13984", "stop_name_": "Church St & 16th St", "stop_code": null, "stop_desc": "Pedestrian access point", "stop_lat": 0.0, "stop_lon": 0.0, "zone_id": null, "stop_url": null, "tts_stop_n": null, "platform_c": null, "location_t": "0", "parent_sta": "13984", "stop_timez": null, "wheelchair": null, "level_id": null }, "geometry": { "type": "Point", "coordinates": [ -122.428743250999958, 37.76460759400004 ] } },
{ "type": "Feature", "properties": { "stop_id_12": "13984", "stop_name_": "Church St & 16th St", "stop_code": null, "stop_desc": "Pedestrian access point", "stop_lat": 0.0, "stop_lon": 0.0, "zone_id": null, "stop_url": null, "tts_stop_n": null, "platform_c": null, "location_t": "0", "parent_sta": "13984", "stop_timez": null, "wheelchair": null, "level_id": null }, "geometry": { "type": "Point", "coordinates": [ -122.428634448999958, 37.764428505000069 ] } },
{ "type": "Feature", "properties": { "stop_id_12": "13987", "stop_name_": "Church St & 18th St", "stop_code": null, "stop_desc": "Pedestrian access point", "stop_lat": 0.0, "stop_lon": 0.0, "zone_id": null, "stop_url": null, "tts_stop_n": null, "platform_c": null, "location_t": "0", "parent_sta": "13987", "stop_timez": null, "wheelchair": null, "level_id": null }, "geometry": { "type": "Point", "coordinates": [ -122.428334405999976, 37.761226940000029 ] } },
{ "type": "Feature", "properties": { "stop_id_12": "17872", "stop_name_": "4th & Brannan Southbound", "stop_code": null, "stop_desc": "Pedestrian access point", "stop_lat": 0.0, "stop_lon": 0.0, "zone_id": null, "stop_url": null, "tts_stop_n": null, "platform_c": null, "location_t": "0", "parent_sta": "17872", "stop_timez": null, "wheelchair": null, "level_id": null }, "geometry": { "type": "Point", "coordinates": [ -122.396655171999953, 37.778419045000078 ] } },
{ "type": "Feature", "properties": { "stop_id_12": "17873", "stop_name_": "Yerba Buena/Moscone Station Southbound", "stop_code": null, "stop_desc": "Pedestrian access point", "stop_lat": 0.0, "stop_lon": 0.0, "zone_id": null, "stop_url": null, "tts_stop_n": null, "platform_c": null, "location_t": "0", "parent_sta": "17873", "stop_timez": null, "wheelchair": null, "level_id": null }, "geometry": { "type": "Point", "coordinates": [ -122.401763814999981, 37.782318112000041 ] } },
{ "type": "Feature", "properties": { "stop_id_12": "17877", "stop_name_": "Union Sq & Market St", "stop_code": null, "stop_desc": "Pedestrian access point", "stop_lat": 0.0, "stop_lon": 0.0, "zone_id": null, "stop_url": null, "tts_stop_n": null, "platform_c": null, "location_t": "0", "parent_sta": "17877", "stop_timez": null, "wheelchair": null, "level_id": null }, "geometry": { "type": "Point", "coordinates": [ -122.40714982999998, 37.787613112000031 ] } },
{ "type": "Feature", "properties": { "stop_id_12": "17877", "stop_name_": "Union Sq & Market St", "stop_code": null, "stop_desc": "Pedestrian access point", "stop_lat": 0.0, "stop_lon": 0.0, "zone_id": null, "stop_url": null, "tts_stop_n": null, "platform_c": null, "location_t": "0", "parent_sta": "17877", "stop_timez": null, "wheelchair": null, "level_id": null }, "geometry": { "type": "Point", "coordinates": [ -122.406529708999983, 37.785759376000044 ] } },
{ "type": "Feature", "properties": { "stop_id_12": "15643", "stop_name_": "Union Sq & Market St", "stop_code": null, "stop_desc": "Pedestrian access point", "stop_lat": 0.0, "stop_lon": 0.0, "zone_id": null, "stop_url": null, "tts_stop_n": null, "platform_c": null, "location_t": "0", "parent_sta": "15643", "stop_timez": null, "wheelchair": null, "level_id": null }, "geometry": { "type": "Point", "coordinates": [ -122.406346994999979, 37.785807972000043 ] } },
{ "type": "Feature", "properties": { "stop_id_12": "17876", "stop_name_": "Chinatown Rose Pak Station", "stop_code": null, "stop_desc": "Pedestrian access point", "stop_lat": 0.0, "stop_lon": 0.0, "zone_id": null, "stop_url": null, "tts_stop_n": null, "platform_c": null, "location_t": "0", "parent_sta": "17876", "stop_timez": null, "wheelchair": null, "level_id": null }, "geometry": { "type": "Point", "coordinates": [ -122.408200650999959, 37.794842576000065 ] } },
{ "type": "Feature", "properties": { "stop_id_12": "15239", "stop_name_": "King St & 4th St", "stop_code": null, "stop_desc": "Pedestrian access point", "stop_lat": 0.0, "stop_lon": 0.0, "zone_id": null, "stop_url": null, "tts_stop_n": null, "platform_c": null, "location_t": "0", "parent_sta": "15239", "stop_timez": null, "wheelchair": null, "level_id": null }, "geometry": { "type": "Point", "coordinates": [ -122.394246529999975, 37.776272949000031 ] } },
{ "type": "Feature", "properties": { "stop_id_12": "15234", "stop_name_": "King St & 2nd St", "stop_code": null, "stop_desc": "Pedestrian access point", "stop_lat": 0.0, "stop_lon": 0.0, "zone_id": null, "stop_url": null, "tts_stop_n": null, "platform_c": null, "location_t": "0", "parent_sta": "15234", "stop_timez": null, "wheelchair": null, "level_id": null }, "geometry": { "type": "Point", "coordinates": [ -122.389676958999985, 37.779762516000062 ] } },
{ "type": "Feature", "properties": { "stop_id_12": "14506", "stop_name_": "The Embarcadero & Brannan St", "stop_code": null, "stop_desc": "Pedestrian access point", "stop_lat": 0.0, "stop_lon": 0.0, "zone_id": null, "stop_url": null, "tts_stop_n": null, "platform_c": null, "location_t": "0", "parent_sta": "14506", "stop_timez": null, "wheelchair": null, "level_id": null }, "geometry": { "type": "Point", "coordinates": [ -122.388061807999975, 37.783466985000075 ] } },
{ "type": "Feature", "properties": { "stop_id_12": "14509", "stop_name_": "The Embarcadero & Folsom St", "stop_code": null, "stop_desc": "Pedestrian access point", "stop_lat": 0.0, "stop_lon": 0.0, "zone_id": null, "stop_url": null, "tts_stop_n": null, "platform_c": null, "location_t": "0", "parent_sta": "14509", "stop_timez": null, "wheelchair": null, "level_id": null }, "geometry": { "type": "Point", "coordinates": [ -122.389952966999942, 37.790752809000026 ] } },
{ "type": "Feature", "properties": { "stop_id_12": "17358", "stop_name_": "Third Street & Mission Rock St", "stop_code": null, "stop_desc": "Pedestrian access point", "stop_lat": 0.0, "stop_lon": 0.0, "zone_id": null, "stop_url": null, "tts_stop_n": null, "platform_c": null, "location_t": "0", "parent_sta": "17358", "stop_timez": null, "wheelchair": null, "level_id": null }, "geometry": { "type": "Point", "coordinates": [ -122.389746287999969, 37.772858519000067 ] } },
{ "type": "Feature", "properties": { "stop_id_12": "17358", "stop_name_": "Third Street & Mission Rock St", "stop_code": null, "stop_desc": "Pedestrian access point", "stop_lat": 0.0, "stop_lon": 0.0, "zone_id": null, "stop_url": null, "tts_stop_n": null, "platform_c": null, "location_t": "0", "parent_sta": "17358", "stop_timez": null, "wheelchair": null, "level_id": null }, "geometry": { "type": "Point", "coordinates": [ -122.38964214899994, 37.773010219000071 ] } },
{ "type": "Feature", "properties": { "stop_id_12": "17357", "stop_name_": "Ucsf / Chase Center (16th St)", "stop_code": null, "stop_desc": "Pedestrian access point", "stop_lat": 0.0, "stop_lon": 0.0, "zone_id": null, "stop_url": null, "tts_stop_n": null, "platform_c": null, "location_t": "0", "parent_sta": "17357", "stop_timez": null, "wheelchair": null, "level_id": null }, "geometry": { "type": "Point", "coordinates": [ -122.389189256999941, 37.767584943000031 ] } },
{ "type": "Feature", "properties": { "stop_id_12": "17353", "stop_name_": "Third Street & Marin St", "stop_code": null, "stop_desc": "Pedestrian access point", "stop_lat": 0.0, "stop_lon": 0.0, "zone_id": null, "stop_url": null, "tts_stop_n": null, "platform_c": null, "location_t": "0", "parent_sta": "17353", "stop_timez": null, "wheelchair": null, "level_id": null }, "geometry": { "type": "Point", "coordinates": [ -122.387547612999981, 37.74910002200005 ] } },
{ "type": "Feature", "properties": { "stop_id_12": "17353", "stop_name_": "Third Street & Marin St", "stop_code": null, "stop_desc": "Pedestrian access point", "stop_lat": 0.0, "stop_lon": 0.0, "zone_id": null, "stop_url": null, "tts_stop_n": null, "platform_c": null, "location_t": "0", "parent_sta": "17353", "stop_timez": null, "wheelchair": null, "level_id": null }, "geometry": { "type": "Point", "coordinates": [ -122.387416751999979, 37.748936649000029 ] } },
{ "type": "Feature", "properties": { "stop_id_12": "17352", "stop_name_": "Third Street & Evans Ave", "stop_code": null, "stop_desc": "Pedestrian access point", "stop_lat": 0.0, "stop_lon": 0.0, "zone_id": null, "stop_url": null, "tts_stop_n": null, "platform_c": null, "location_t": "0", "parent_sta": "17352", "stop_timez": null, "wheelchair": null, "level_id": null }, "geometry": { "type": "Point", "coordinates": [ -122.387839850999967, 37.742828696000061 ] } },
{ "type": "Feature", "properties": { "stop_id_12": "17352", "stop_name_": "Third Street & Evans Ave", "stop_code": null, "stop_desc": "Pedestrian access point", "stop_lat": 0.0, "stop_lon": 0.0, "zone_id": null, "stop_url": null, "tts_stop_n": null, "platform_c": null, "location_t": "0", "parent_sta": "17352", "stop_timez": null, "wheelchair": null, "level_id": null }, "geometry": { "type": "Point", "coordinates": [ -122.388037743999973, 37.74262284200006 ] } },
{ "type": "Feature", "properties": { "stop_id_12": "17390", "stop_name_": "Third Street/Hudson/Innes", "stop_code": null, "stop_desc": "Pedestrian access point", "stop_lat": 0.0, "stop_lon": 0.0, "zone_id": null, "stop_url": null, "tts_stop_n": null, "platform_c": null, "location_t": "0", "parent_sta": "17390", "stop_timez": null, "wheelchair": null, "level_id": null }, "geometry": { "type": "Point", "coordinates": [ -122.38901068499996, 37.739618930000063 ] } },
{ "type": "Feature", "properties": { "stop_id_12": "17390", "stop_name_": "Third Street/Hudson/Innes", "stop_code": null, "stop_desc": "Pedestrian access point", "stop_lat": 0.0, "stop_lon": 0.0, "zone_id": null, "stop_url": null, "tts_stop_n": null, "platform_c": null, "location_t": "0", "parent_sta": "17390", "stop_timez": null, "wheelchair": null, "level_id": null }, "geometry": { "type": "Point", "coordinates": [ -122.388805602, 37.74023549900005 ] } },
{ "type": "Feature", "properties": { "stop_id_12": "17391", "stop_name_": "Third Street/Kirkwood/La Salle", "stop_code": null, "stop_desc": "Pedestrian access point", "stop_lat": 0.0, "stop_lon": 0.0, "zone_id": null, "stop_url": null, "tts_stop_n": null, "platform_c": null, "location_t": "0", "parent_sta": "17391", "stop_timez": null, "wheelchair": null, "level_id": null }, "geometry": { "type": "Point", "coordinates": [ -122.389641391999987, 37.737865502000034 ] } },
{ "type": "Feature", "properties": { "stop_id_12": "17391", "stop_name_": "Third Street/Kirkwood/La Salle", "stop_code": null, "stop_desc": "Pedestrian access point", "stop_lat": 0.0, "stop_lon": 0.0, "zone_id": null, "stop_url": null, "tts_stop_n": null, "platform_c": null, "location_t": "0", "parent_sta": "17391", "stop_timez": null, "wheelchair": null, "level_id": null }, "geometry": { "type": "Point", "coordinates": [ -122.389844151999966, 37.737275388000057 ] } },
{ "type": "Feature", "properties": { "stop_id_12": "17392", "stop_name_": "Third Street/Oakdale/Palou", "stop_code": null, "stop_desc": "Pedestrian access point", "stop_lat": 0.0, "stop_lon": 0.0, "zone_id": null, "stop_url": null, "tts_stop_n": null, "platform_c": null, "location_t": "0", "parent_sta": "17392", "stop_timez": null, "wheelchair": null, "level_id": null }, "geometry": { "type": "Point", "coordinates": [ -122.390938376999941, 37.734130510000057 ] } },
{ "type": "Feature", "properties": { "stop_id_12": "17392", "stop_name_": "Third Street/Oakdale/Palou", "stop_code": null, "stop_desc": "Pedestrian access point", "stop_lat": 0.0, "stop_lon": 0.0, "zone_id": null, "stop_url": null, "tts_stop_n": null, "platform_c": null, "location_t": "0", "parent_sta": "17392", "stop_timez": null, "wheelchair": null, "level_id": null }, "geometry": { "type": "Point", "coordinates": [ -122.390748377999955, 37.734721161000039 ] } },
{ "type": "Feature", "properties": { "stop_id_12": "17393", "stop_name_": "Third Street/Revere/Shafter", "stop_code": null, "stop_desc": "Pedestrian access point", "stop_lat": 0.0, "stop_lon": 0.0, "zone_id": null, "stop_url": null, "tts_stop_n": null, "platform_c": null, "location_t": "0", "parent_sta": "17393", "stop_timez": null, "wheelchair": null, "level_id": null }, "geometry": { "type": "Point", "coordinates": [ -122.391601016999971, 37.732314073000055 ] } },
{ "type": "Feature", "properties": { "stop_id_12": "17345", "stop_name_": "Third Street & Williams Ave", "stop_code": null, "stop_desc": "Pedestrian access point", "stop_lat": 0.0, "stop_lon": 0.0, "zone_id": null, "stop_url": null, "tts_stop_n": null, "platform_c": null, "location_t": "0", "parent_sta": "17345", "stop_timez": null, "wheelchair": null, "level_id": null }, "geometry": { "type": "Point", "coordinates": [ -122.392573, 37.729336928000066 ] } },
{ "type": "Feature", "properties": { "stop_id_12": "17345", "stop_name_": "Third Street & Williams Ave", "stop_code": null, "stop_desc": "Pedestrian access point", "stop_lat": 0.0, "stop_lon": 0.0, "zone_id": null, "stop_url": null, "tts_stop_n": null, "platform_c": null, "location_t": "0", "parent_sta": "17345", "stop_timez": null, "wheelchair": null, "level_id": null }, "geometry": { "type": "Point", "coordinates": [ -122.392753543999959, 37.729155721000041 ] } },
{ "type": "Feature", "properties": { "stop_id_12": "17343", "stop_name_": "Third Street & Carroll Ave", "stop_code": null, "stop_desc": "Pedestrian access point", "stop_lat": 0.0, "stop_lon": 0.0, "zone_id": null, "stop_url": null, "tts_stop_n": null, "platform_c": null, "location_t": "0", "parent_sta": "17343", "stop_timez": null, "wheelchair": null, "level_id": null }, "geometry": { "type": "Point", "coordinates": [ -122.394179631999975, 37.725549091000062 ] } },
{ "type": "Feature", "properties": { "stop_id_12": "17343", "stop_name_": "Third Street & Carroll Ave", "stop_code": null, "stop_desc": "Pedestrian access point", "stop_lat": 0.0, "stop_lon": 0.0, "zone_id": null, "stop_url": null, "tts_stop_n": null, "platform_c": null, "location_t": "0", "parent_sta": "17343", "stop_timez": null, "wheelchair": null, "level_id": null }, "geometry": { "type": "Point", "coordinates": [ -122.394352828999956, 37.725434132000032 ] } },
{ "type": "Feature", "properties": { "stop_id_12": "17342", "stop_name_": "Third Street/Gilman/Paul", "stop_code": null, "stop_desc": "Pedestrian access point", "stop_lat": 0.0, "stop_lon": 0.0, "zone_id": null, "stop_url": null, "tts_stop_n": null, "platform_c": null, "location_t": "0", "parent_sta": "17342", "stop_timez": null, "wheelchair": null, "level_id": null }, "geometry": { "type": "Point", "coordinates": [ -122.395745267999985, 37.72236136600003 ] } },
{ "type": "Feature", "properties": { "stop_id_12": "17394", "stop_name_": "Third Street & Le Conte Ave", "stop_code": null, "stop_desc": "Pedestrian access point", "stop_lat": 0.0, "stop_lon": 0.0, "zone_id": null, "stop_url": null, "tts_stop_n": null, "platform_c": null, "location_t": "0", "parent_sta": "17394", "stop_timez": null, "wheelchair": null, "level_id": null }, "geometry": { "type": "Point", "coordinates": [ -122.397589755999945, 37.718769484000063 ] } },
{ "type": "Feature", "properties": { "stop_id_12": "17395", "stop_name_": "Bayshore Blvd & Blanken Ave", "stop_code": null, "stop_desc": "Pedestrian access point", "stop_lat": 0.0, "stop_lon": 0.0, "zone_id": null, "stop_url": null, "tts_stop_n": null, "platform_c": null, "location_t": "0", "parent_sta": "17395", "stop_timez": null, "wheelchair": null, "level_id": null }, "geometry": { "type": "Point", "coordinates": [ -122.402404057999945, 37.712233609000066 ] } },
{ "type": "Feature", "properties": { "stop_id_12": "17396", "stop_name_": "Bayshore Blvd & Sunnydale Ave", "stop_code": null, "stop_desc": "Pedestrian access point", "stop_lat": 0.0, "stop_lon": 0.0, "zone_id": null, "stop_url": null, "tts_stop_n": null, "platform_c": null, "location_t": "0", "parent_sta": "17396", "stop_timez": null, "wheelchair": null, "level_id": null }, "geometry": { "type": "Point", "coordinates": [ -122.40510175999998, 37.708917733000078 ] } },
{ "type": "Feature", "properties": { "stop_id_12": "16265", "stop_name_": "San Jose Ave & Lakeview Ave", "stop_code": null, "stop_desc": "Pedestrian access point", "stop_lat": 0.0, "stop_lon": 0.0, "zone_id": null, "stop_url": null, "tts_stop_n": null, "platform_c": null, "location_t": "0", "parent_sta": "16265", "stop_timez": null, "wheelchair": null, "level_id": null }, "geometry": { "type": "Point", "coordinates": [ -122.450382565999973, 37.716263623000032 ] } },
{ "type": "Feature", "properties": { "stop_id_12": "16265", "stop_name_": "San Jose Ave & Lakeview Ave", "stop_code": null, "stop_desc": "Pedestrian access point", "stop_lat": 0.0, "stop_lon": 0.0, "zone_id": null, "stop_url": null, "tts_stop_n": null, "platform_c": null, "location_t": "0", "parent_sta": "16265", "stop_timez": null, "wheelchair": null, "level_id": null }, "geometry": { "type": "Point", "coordinates": [ -122.450419579999959, 37.71608253800008 ] } },
{ "type": "Feature", "properties": { "stop_id_12": "16257", "stop_name_": "San Jose Ave & Farallones St", "stop_code": null, "stop_desc": "Pedestrian access point", "stop_lat": 0.0, "stop_lon": 0.0, "zone_id": null, "stop_url": null, "tts_stop_n": null, "platform_c": null, "location_t": "0", "parent_sta": "16257", "stop_timez": null, "wheelchair": null, "level_id": null }, "geometry": { "type": "Point", "coordinates": [ -122.45222714, 37.71412441800004 ] } },
{ "type": "Feature", "properties": { "stop_id_12": "16257", "stop_name_": "San Jose Ave & Farallones St", "stop_code": null, "stop_desc": "Pedestrian access point", "stop_lat": 0.0, "stop_lon": 0.0, "zone_id": null, "stop_url": null, "tts_stop_n": null, "platform_c": null, "location_t": "0", "parent_sta": "16257", "stop_timez": null, "wheelchair": null, "level_id": null }, "geometry": { "type": "Point", "coordinates": [ -122.452242511999941, 37.713976154000079 ] } },
{ "type": "Feature", "properties": { "stop_id_12": "13718", "stop_name_": "Broad St & Plymouth Ave", "stop_code": null, "stop_desc": "Pedestrian access point", "stop_lat": 0.0, "stop_lon": 0.0, "zone_id": null, "stop_url": null, "tts_stop_n": null, "platform_c": null, "location_t": "0", "parent_sta": "13718", "stop_timez": null, "wheelchair": null, "level_id": null }, "geometry": { "type": "Point", "coordinates": [ -122.456169365999983, 37.713153626000064 ] } },
{ "type": "Feature", "properties": { "stop_id_12": "13718", "stop_name_": "Broad St & Plymouth Ave", "stop_code": null, "stop_desc": "Pedestrian access point", "stop_lat": 0.0, "stop_lon": 0.0, "zone_id": null, "stop_url": null, "tts_stop_n": null, "platform_c": null, "location_t": "0", "parent_sta": "13718", "stop_timez": null, "wheelchair": null, "level_id": null }, "geometry": { "type": "Point", "coordinates": [ -122.455979333999949, 37.713250165000034 ] } },
{ "type": "Feature", "properties": { "stop_id_12": "13718", "stop_name_": "Broad St & Plymouth Ave", "stop_code": null, "stop_desc": "Pedestrian access point", "stop_lat": 0.0, "stop_lon": 0.0, "zone_id": null, "stop_url": null, "tts_stop_n": null, "platform_c": null, "location_t": "0", "parent_sta": "13718", "stop_timez": null, "wheelchair": null, "level_id": null }, "geometry": { "type": "Point", "coordinates": [ -122.456167997999955, 37.713134379000053 ] } },
{ "type": "Feature", "properties": { "stop_id_12": "13718", "stop_name_": "Broad St & Plymouth Ave", "stop_code": null, "stop_desc": "Pedestrian access point", "stop_lat": 0.0, "stop_lon": 0.0, "zone_id": null, "stop_url": null, "tts_stop_n": null, "platform_c": null, "location_t": "0", "parent_sta": "13718", "stop_timez": null, "wheelchair": null, "level_id": null }, "geometry": { "type": "Point", "coordinates": [ -122.45598081299994, 37.713271866000071 ] } },
{ "type": "Feature", "properties": { "stop_id_12": "16172", "stop_name_": "Randolph St & Arch St", "stop_code": null, "stop_desc": "Pedestrian access point", "stop_lat": 0.0, "stop_lon": 0.0, "zone_id": null, "stop_url": null, "tts_stop_n": null, "platform_c": null, "location_t": "0", "parent_sta": "16172", "stop_timez": null, "wheelchair": null, "level_id": null }, "geometry": { "type": "Point", "coordinates": [ -122.466885270999967, 37.714222193000069 ] } },
{ "type": "Feature", "properties": { "stop_id_12": "16172", "stop_name_": "Randolph St & Arch St", "stop_code": null, "stop_desc": "Pedestrian access point", "stop_lat": 0.0, "stop_lon": 0.0, "zone_id": null, "stop_url": null, "tts_stop_n": null, "platform_c": null, "location_t": "0", "parent_sta": "16172", "stop_timez": null, "wheelchair": null, "level_id": null }, "geometry": { "type": "Point", "coordinates": [ -122.467185632999986, 37.714331671000025 ] } },
{ "type": "Feature", "properties": { "stop_id_12": "13387", "stop_name_": "19th Ave & Randolph St", "stop_code": null, "stop_desc": "Pedestrian access point", "stop_lat": 0.0, "stop_lon": 0.0, "zone_id": null, "stop_url": null, "tts_stop_n": null, "platform_c": null, "location_t": "0", "parent_sta": "13387", "stop_timez": null, "wheelchair": null, "level_id": null }, "geometry": { "type": "Point", "coordinates": [ -122.47009357099995, 37.71440709500007 ] } },
{ "type": "Feature", "properties": { "stop_id_12": "13385", "stop_name_": "19th Ave & Randolph St", "stop_code": null, "stop_desc": "Pedestrian access point", "stop_lat": 0.0, "stop_lon": 0.0, "zone_id": null, "stop_url": null, "tts_stop_n": null, "platform_c": null, "location_t": "0", "parent_sta": "13385", "stop_timez": null, "wheelchair": null, "level_id": null }, "geometry": { "type": "Point", "coordinates": [ -122.470249, 37.714856 ] } },
{ "type": "Feature", "properties": { "stop_id_12": "13376", "stop_name_": "19th Ave & Randolph St", "stop_code": null, "stop_desc": "Pedestrian access point", "stop_lat": 0.0, "stop_lon": 0.0, "zone_id": null, "stop_url": null, "tts_stop_n": null, "platform_c": null, "location_t": "0", "parent_sta": "13376", "stop_timez": null, "wheelchair": null, "level_id": null }, "geometry": { "type": "Point", "coordinates": [ -122.471739088999982, 37.71613198700004 ] } },
{ "type": "Feature", "properties": { "stop_id_12": "13361", "stop_name_": "19th Ave & Junipero Serra Blvd", "stop_code": null, "stop_desc": "Pedestrian access point", "stop_lat": 0.0, "stop_lon": 0.0, "zone_id": null, "stop_url": null, "tts_stop_n": null, "platform_c": null, "location_t": "0", "parent_sta": "13361", "stop_timez": null, "wheelchair": null, "level_id": null }, "geometry": { "type": "Point", "coordinates": [ -122.472275, 37.716889 ] } },
{ "type": "Feature", "properties": { "stop_id_12": "13358", "stop_name_": "19th Ave & Holloway Ave", "stop_code": null, "stop_desc": "Pedestrian access point", "stop_lat": 0.0, "stop_lon": 0.0, "zone_id": null, "stop_url": null, "tts_stop_n": null, "platform_c": null, "location_t": "0", "parent_sta": "13358", "stop_timez": null, "wheelchair": null, "level_id": null }, "geometry": { "type": "Point", "coordinates": [ -122.475227687999961, 37.721151391000035 ] } },
{ "type": "Feature", "properties": { "stop_id_12": "16174", "stop_name_": "Randolph St & Bright St", "stop_code": null, "stop_desc": "Pedestrian access point", "stop_lat": 0.0, "stop_lon": 0.0, "zone_id": null, "stop_url": null, "tts_stop_n": null, "platform_c": null, "location_t": "0", "parent_sta": "16174", "stop_timez": null, "wheelchair": null, "level_id": null }, "geometry": { "type": "Point", "coordinates": [ -122.463392, 37.714348 ] } },
{ "type": "Feature", "properties": { "stop_id_12": "16174", "stop_name_": "Randolph St & Bright St", "stop_code": null, "stop_desc": "Pedestrian access point", "stop_lat": 0.0, "stop_lon": 0.0, "zone_id": null, "stop_url": null, "tts_stop_n": null, "platform_c": null, "location_t": "0", "parent_sta": "16174", "stop_timez": null, "wheelchair": null, "level_id": null }, "geometry": { "type": "Point", "coordinates": [ -122.463675, 37.71425 ] } },
{ "type": "Feature", "properties": { "stop_id_12": "13717", "stop_name_": "Broad St & Orizaba Ave", "stop_code": null, "stop_desc": "Pedestrian access point", "stop_lat": 0.0, "stop_lon": 0.0, "zone_id": null, "stop_url": null, "tts_stop_n": null, "platform_c": null, "location_t": "0", "parent_sta": "13717", "stop_timez": null, "wheelchair": null, "level_id": null }, "geometry": { "type": "Point", "coordinates": [ -122.46262646699995, 37.713326589000076 ] } },
{ "type": "Feature", "properties": { "stop_id_12": "13717", "stop_name_": "Broad St & Orizaba Ave", "stop_code": null, "stop_desc": "Pedestrian access point", "stop_lat": 0.0, "stop_lon": 0.0, "zone_id": null, "stop_url": null, "tts_stop_n": null, "platform_c": null, "location_t": "0", "parent_sta": "13717", "stop_timez": null, "wheelchair": null, "level_id": null }, "geometry": { "type": "Point", "coordinates": [ -122.462331161999941, 37.713191097000049 ] } },
{ "type": "Feature", "properties": { "stop_id_12": "13715", "stop_name_": "Broad St & Capitol Ave", "stop_code": null, "stop_desc": "Pedestrian access point", "stop_lat": 0.0, "stop_lon": 0.0, "zone_id": null, "stop_url": null, "tts_stop_n": null, "platform_c": null, "location_t": "0", "parent_sta": "13715", "stop_timez": null, "wheelchair": null, "level_id": null }, "geometry": { "type": "Point", "coordinates": [ -122.459161507999966, 37.713133293000055 ] } },
{ "type": "Feature", "properties": { "stop_id_12": "13715", "stop_name_": "Broad St & Capitol Ave", "stop_code": null, "stop_desc": "Pedestrian access point", "stop_lat": 0.0, "stop_lon": 0.0, "zone_id": null, "stop_url": null, "tts_stop_n": null, "platform_c": null, "location_t": "0", "parent_sta": "13715", "stop_timez": null, "wheelchair": null, "level_id": null }, "geometry": { "type": "Point", "coordinates": [ -122.458921701999941, 37.713216552000063 ] } },
{ "type": "Feature", "properties": { "stop_id_12": "16262", "stop_name_": "San Jose Ave & Geneva Ave", "stop_code": null, "stop_desc": "Pedestrian access point", "stop_lat": 0.0, "stop_lon": 0.0, "zone_id": null, "stop_url": null, "tts_stop_n": null, "platform_c": null, "location_t": "0", "parent_sta": "16262", "stop_timez": null, "wheelchair": null, "level_id": null }, "geometry": { "type": "Point", "coordinates": [ -122.447196, 37.720096 ] } },
{ "type": "Feature", "properties": { "stop_id_12": "16269", "stop_name_": "San Jose Ave & Niagra Ave", "stop_code": null, "stop_desc": "Pedestrian access point", "stop_lat": 0.0, "stop_lon": 0.0, "zone_id": null, "stop_url": null, "tts_stop_n": null, "platform_c": null, "location_t": "0", "parent_sta": "16269", "stop_timez": null, "wheelchair": null, "level_id": null }, "geometry": { "type": "Point", "coordinates": [ -122.447654000999989, 37.719421 ] } },
{ "type": "Feature", "properties": { "stop_id_12": "17164", "stop_name_": "San Jose Ave & Geneva Ave", "stop_code": null, "stop_desc": "Pedestrian access point", "stop_lat": 0.0, "stop_lon": 0.0, "zone_id": null, "stop_url": null, "tts_stop_n": null, "platform_c": null, "location_t": "0", "parent_sta": "17164", "stop_timez": null, "wheelchair": null, "level_id": null }, "geometry": { "type": "Point", "coordinates": [ -122.446768406, 37.720603701000073 ] } },
{ "type": "Feature", "properties": { "stop_id_12": "17164", "stop_name_": "San Jose Ave & Geneva Ave", "stop_code": null, "stop_desc": "Pedestrian access point", "stop_lat": 0.0, "stop_lon": 0.0, "zone_id": null, "stop_url": null, "tts_stop_n": null, "platform_c": null, "location_t": "0", "parent_sta": "17164", "stop_timez": null, "wheelchair": null, "level_id": null }, "geometry": { "type": "Point", "coordinates": [ -122.446501369999964, 37.72100981300008 ] } },
{ "type": "Feature", "properties": { "stop_id_12": "16274", "stop_name_": "San Jose Ave & Ocean Ave", "stop_code": null, "stop_desc": "Pedestrian access point", "stop_lat": 0.0, "stop_lon": 0.0, "zone_id": null, "stop_url": null, "tts_stop_n": null, "platform_c": null, "location_t": "0", "parent_sta": "16274", "stop_timez": null, "wheelchair": null, "level_id": null }, "geometry": { "type": "Point", "coordinates": [ -122.444790914999942, 37.722865895000041 ] } },
{ "type": "Feature", "properties": { "stop_id_12": "16274", "stop_name_": "San Jose Ave & Ocean Ave", "stop_code": null, "stop_desc": "Pedestrian access point", "stop_lat": 0.0, "stop_lon": 0.0, "zone_id": null, "stop_url": null, "tts_stop_n": null, "platform_c": null, "location_t": "0", "parent_sta": "16274", "stop_timez": null, "wheelchair": null, "level_id": null }, "geometry": { "type": "Point", "coordinates": [ -122.444752054, 37.723048857000038 ] } },
{ "type": "Feature", "properties": { "stop_id_12": "16503", "stop_name_": "West Portal/Sloat/St Francis Circle", "stop_code": null, "stop_desc": "Pedestrian access point", "stop_lat": 0.0, "stop_lon": 0.0, "zone_id": null, "stop_url": null, "tts_stop_n": null, "platform_c": null, "location_t": "0", "parent_sta": "16503", "stop_timez": null, "wheelchair": null, "level_id": null }, "geometry": { "type": "Point", "coordinates": [ -122.471531097999957, 37.735108880000041 ] } },
{ "type": "Feature", "properties": { "stop_id_12": "16503", "stop_name_": "Junipero Serro/Sloat Blvd", "stop_code": null, "stop_desc": "Pedestrian access point", "stop_lat": 0.0, "stop_lon": 0.0, "zone_id": null, "stop_url": null, "tts_stop_n": null, "platform_c": null, "location_t": "0", "parent_sta": "16503", "stop_timez": null, "wheelchair": null, "level_id": null }, "geometry": { "type": "Point", "coordinates": [ -122.471608985999978, 37.734566616000052 ] } },
{ "type": "Feature", "properties": { "stop_id_12": "16503", "stop_name_": "West Portal/Sloat/St Francis Circle", "stop_code": null, "stop_desc": "Pedestrian access point", "stop_lat": 0.0, "stop_lon": 0.0, "zone_id": null, "stop_url": null, "tts_stop_n": null, "platform_c": null, "location_t": "0", "parent_sta": "16503", "stop_timez": null, "wheelchair": null, "level_id": null }, "geometry": { "type": "Point", "coordinates": [ -122.471417947999953, 37.735106176000045 ] } },
{ "type": "Feature", "properties": { "stop_id_12": "16503", "stop_name_": "West Portal/Sloat/St Francis Circle", "stop_code": null, "stop_desc": "Pedestrian access point", "stop_lat": 0.0, "stop_lon": 0.0, "zone_id": null, "stop_url": null, "tts_stop_n": null, "platform_c": null, "location_t": "0", "parent_sta": "16503", "stop_timez": null, "wheelchair": null, "level_id": null }, "geometry": { "type": "Point", "coordinates": [ -122.471514007999986, 37.735138407000079 ] } },
{ "type": "Feature", "properties": { "stop_id_12": "17114", "stop_name_": "Junipero Serra Blvd & Ocean Ave", "stop_code": null, "stop_desc": "Pedestrian access point", "stop_lat": 0.0, "stop_lon": 0.0, "zone_id": null, "stop_url": null, "tts_stop_n": null, "platform_c": null, "location_t": "0", "parent_sta": "17114", "stop_timez": null, "wheelchair": null, "level_id": null }, "geometry": { "type": "Point", "coordinates": [ -122.471719060999988, 37.731123170000046 ] } },
{ "type": "Feature", "properties": { "stop_id_12": "17114", "stop_name_": "Junipero Serra Blvd & Ocean Ave", "stop_code": null, "stop_desc": "Pedestrian access point", "stop_lat": 0.0, "stop_lon": 0.0, "zone_id": null, "stop_url": null, "tts_stop_n": null, "platform_c": null, "location_t": "0", "parent_sta": "17114", "stop_timez": null, "wheelchair": null, "level_id": null }, "geometry": { "type": "Point", "coordinates": [ -122.471866785999964, 37.731186261000062 ] } },
{ "type": "Feature", "properties": { "stop_id_12": "16738", "stop_name_": "Ulloa St & Lenox Way", "stop_code": null, "stop_desc": "Pedestrian access point", "stop_lat": 0.0, "stop_lon": 0.0, "zone_id": null, "stop_url": null, "tts_stop_n": null, "platform_c": null, "location_t": "0", "parent_sta": "16738", "stop_timez": null, "wheelchair": null, "level_id": null }, "geometry": { "type": "Point", "coordinates": [ -122.466237622, 37.741223570000045 ] } },
{ "type": "Feature", "properties": { "stop_id_12": "16738", "stop_name_": "Ulloa St & West Portal Ave", "stop_code": null, "stop_desc": "Pedestrian access point", "stop_lat": 0.0, "stop_lon": 0.0, "zone_id": null, "stop_url": null, "tts_stop_n": null, "platform_c": null, "location_t": "0", "parent_sta": "16738", "stop_timez": null, "wheelchair": null, "level_id": null }, "geometry": { "type": "Point", "coordinates": [ -122.466201321999961, 37.74099958000005 ] } },
{ "type": "Feature", "properties": { "stop_id_12": "13602", "stop_name_": "46th Ave & Vicente St", "stop_code": null, "stop_desc": "Pedestrian access point", "stop_lat": 0.0, "stop_lon": 0.0, "zone_id": null, "stop_url": null, "tts_stop_n": null, "platform_c": null, "location_t": "0", "parent_sta": "13602", "stop_timez": null, "wheelchair": null, "level_id": null }, "geometry": { "type": "Point", "coordinates": [ -122.504459898, 37.738177827000072 ] } },
{ "type": "Feature", "properties": { "stop_id_12": "13600", "stop_name_": "46th Ave & Ulloa St", "stop_code": null, "stop_desc": "Pedestrian access point", "stop_lat": 0.0, "stop_lon": 0.0, "zone_id": null, "stop_url": null, "tts_stop_n": null, "platform_c": null, "location_t": "0", "parent_sta": "13600", "stop_timez": null, "wheelchair": null, "level_id": null }, "geometry": { "type": "Point", "coordinates": [ -122.504597952999973, 37.740028640000048 ] } },
{ "type": "Feature", "properties": { "stop_id_12": "13600", "stop_name_": "46th Ave & Ulloa St", "stop_code": null, "stop_desc": "Pedestrian access point", "stop_lat": 0.0, "stop_lon": 0.0, "zone_id": null, "stop_url": null, "tts_stop_n": null, "platform_c": null, "location_t": "0", "parent_sta": "13600", "stop_timez": null, "wheelchair": null, "level_id": null }, "geometry": { "type": "Point", "coordinates": [ -122.504421756999989, 37.73979694600007 ] } },
{ "type": "Feature", "properties": { "stop_id_12": "13602", "stop_name_": "46th Ave & Vicente St", "stop_code": null, "stop_desc": "Pedestrian access point", "stop_lat": 0.0, "stop_lon": 0.0, "zone_id": null, "stop_url": null, "tts_stop_n": null, "platform_c": null, "location_t": "0", "parent_sta": "13602", "stop_timez": null, "wheelchair": null, "level_id": null }, "geometry": { "type": "Point", "coordinates": [ -122.504286708, 37.737923280000075 ] } },
{ "type": "Feature", "properties": { "stop_id_12": "17869", "stop_name_": "Mammoth Lakes Park & Ride", "stop_code": null, "stop_desc": "Pedestrian access point", "stop_lat": 0.0, "stop_lon": 0.0, "zone_id": null, "stop_url": null, "tts_stop_n": null, "platform_c": null, "location_t": "0", "parent_sta": "17869", "stop_timez": null, "wheelchair": null, "level_id": null }, "geometry": { "type": "Point", "coordinates": [ -122.505413, 37.736991 ] } },
{ "type": "Feature", "properties": { "stop_id_12": "16932", "stop_name_": "Wawona/46th Ave /Sf Zoo", "stop_code": null, "stop_desc": "Pedestrian access point", "stop_lat": 0.0, "stop_lon": 0.0, "zone_id": null, "stop_url": null, "tts_stop_n": null, "platform_c": null, "location_t": "0", "parent_sta": "16932", "stop_timez": null, "wheelchair": null, "level_id": null }, "geometry": { "type": "Point", "coordinates": [ -122.504351, 37.736125 ] } },
{ "type": "Feature", "properties": { "stop_id_12": "13403", "stop_name_": "19th Ave & Winston Dr", "stop_code": null, "stop_desc": "Pedestrian access point", "stop_lat": 0.0, "stop_lon": 0.0, "zone_id": null, "stop_url": null, "tts_stop_n": null, "platform_c": null, "location_t": "0", "parent_sta": "13403", "stop_timez": null, "wheelchair": null, "level_id": null }, "geometry": { "type": "Point", "coordinates": [ -122.474925159999941, 37.727039674000025 ] } },
{ "type": "Feature", "properties": { "stop_id_12": "16219", "stop_name_": "Right Of Way/Eucalyptus Dr", "stop_code": null, "stop_desc": "Pedestrian access point", "stop_lat": 0.0, "stop_lon": 0.0, "zone_id": null, "stop_url": null, "tts_stop_n": null, "platform_c": null, "location_t": "0", "parent_sta": "16219", "stop_timez": null, "wheelchair": null, "level_id": null }, "geometry": { "type": "Point", "coordinates": [ -122.474353426, 37.731035888000065 ] } },
{ "type": "Feature", "properties": { "stop_id_12": "16219", "stop_name_": "Right Of Way/Eucalyptus Dr", "stop_code": null, "stop_desc": "Pedestrian access point", "stop_lat": 0.0, "stop_lon": 0.0, "zone_id": null, "stop_url": null, "tts_stop_n": null, "platform_c": null, "location_t": "0", "parent_sta": "16219", "stop_timez": null, "wheelchair": null, "level_id": null }, "geometry": { "type": "Point", "coordinates": [ -122.474391627999978, 37.731168834000073 ] } },
{ "type": "Feature", "properties": { "stop_id_12": "16223", "stop_name_": "Right Of Way/Ocean Ave", "stop_code": null, "stop_desc": "Pedestrian access point", "stop_lat": 0.0, "stop_lon": 0.0, "zone_id": null, "stop_url": null, "tts_stop_n": null, "platform_c": null, "location_t": "0", "parent_sta": "16223", "stop_timez": null, "wheelchair": null, "level_id": null }, "geometry": { "type": "Point", "coordinates": [ -122.473793625999974, 37.731822154000042 ] } },
{ "type": "Feature", "properties": { "stop_id_12": "16223", "stop_name_": "Right Of Way/Ocean Ave", "stop_code": null, "stop_desc": "Pedestrian access point", "stop_lat": 0.0, "stop_lon": 0.0, "zone_id": null, "stop_url": null, "tts_stop_n": null, "platform_c": null, "location_t": "0", "parent_sta": "16223", "stop_timez": null, "wheelchair": null, "level_id": null }, "geometry": { "type": "Point", "coordinates": [ -122.47374625599997, 37.732024197000044 ] } },
{ "type": "Feature", "properties": { "stop_id_12": "17356", "stop_name_": "Ucsf Medical Center (Mariposa)", "stop_code": null, "stop_desc": "Pedestrian access point", "stop_lat": 0.0, "stop_lon": 0.0, "zone_id": null, "stop_url": null, "tts_stop_n": null, "platform_c": null, "location_t": "0", "parent_sta": "17356", "stop_timez": null, "wheelchair": null, "level_id": null }, "geometry": { "type": "Point", "coordinates": [ -122.388926342, 37.764249239000037 ] } },
{ "type": "Feature", "properties": { "stop_id_12": "17356", "stop_name_": "Ucsf Medical Center (Mariposa)", "stop_code": null, "stop_desc": "Pedestrian access point", "stop_lat": 0.0, "stop_lon": 0.0, "zone_id": null, "stop_url": null, "tts_stop_n": null, "platform_c": null, "location_t": "0", "parent_sta": "17356", "stop_timez": null, "wheelchair": null, "level_id": null }, "geometry": { "type": "Point", "coordinates": [ -122.388815676999968, 37.764463808000073 ] } },
{ "type": "Feature", "properties": { "stop_id_12": "17355", "stop_name_": "Third Street & 20th St", "stop_code": null, "stop_desc": "Pedestrian access point", "stop_lat": 0.0, "stop_lon": 0.0, "zone_id": null, "stop_url": null, "tts_stop_n": null, "platform_c": null, "location_t": "0", "parent_sta": "17355", "stop_timez": null, "wheelchair": null, "level_id": null }, "geometry": { "type": "Point", "coordinates": [ -122.388625194999975, 37.760419461000026 ] } },
{ "type": "Feature", "properties": { "stop_id_12": "17355", "stop_name_": "Third Street & 20th St", "stop_code": null, "stop_desc": "Pedestrian access point", "stop_lat": 0.0, "stop_lon": 0.0, "zone_id": null, "stop_url": null, "tts_stop_n": null, "platform_c": null, "location_t": "0", "parent_sta": "17355", "stop_timez": null, "wheelchair": null, "level_id": null }, "geometry": { "type": "Point", "coordinates": [ -122.38852202399994, 37.760582123000063 ] } },
{ "type": "Feature", "properties": { "stop_id_12": "17354", "stop_name_": "Third Street & 23rd St", "stop_code": null, "stop_desc": "Pedestrian access point", "stop_lat": 0.0, "stop_lon": 0.0, "zone_id": null, "stop_url": null, "tts_stop_n": null, "platform_c": null, "location_t": "0", "parent_sta": "17354", "stop_timez": null, "wheelchair": null, "level_id": null }, "geometry": { "type": "Point", "coordinates": [ -122.388067683999964, 37.75529090200007 ] } },
{ "type": "Feature", "properties": { "stop_id_12": "17354", "stop_name_": "Third Street & 23rd St", "stop_code": null, "stop_desc": "Pedestrian access point", "stop_lat": 0.0, "stop_lon": 0.0, "zone_id": null, "stop_url": null, "tts_stop_n": null, "platform_c": null, "location_t": "0", "parent_sta": "17354", "stop_timez": null, "wheelchair": null, "level_id": null }, "geometry": { "type": "Point", "coordinates": [ -122.387964937999982, 37.75548068900008 ] } },
{ "type": "Feature", "properties": { "stop_id_12": "14513", "stop_name_": "The Embarcadero & Ferry Building", "stop_code": null, "stop_desc": "Pedestrian access point", "stop_lat": 0.0, "stop_lon": 0.0, "zone_id": null, "stop_url": null, "tts_stop_n": null, "platform_c": null, "location_t": "0", "parent_sta": "14513", "stop_timez": null, "wheelchair": null, "level_id": null }, "geometry": { "type": "Point", "coordinates": [ -122.393801678999978, 37.794850886000063 ] } },
{ "type": "Feature", "properties": { "stop_id_12": "14513", "stop_name_": "The Embarcadero & Ferry Building", "stop_code": null, "stop_desc": "Pedestrian access point", "stop_lat": 0.0, "stop_lon": 0.0, "zone_id": null, "stop_url": null, "tts_stop_n": null, "platform_c": null, "location_t": "0", "parent_sta": "14513", "stop_timez": null, "wheelchair": null, "level_id": null }, "geometry": { "type": "Point", "coordinates": [ -122.393962639999984, 37.795018274000029 ] } },
{ "type": "Feature", "properties": { "stop_id_12": "14534", "stop_name_": "The Embarcadero & Washington St", "stop_code": null, "stop_desc": "Pedestrian access point", "stop_lat": 0.0, "stop_lon": 0.0, "zone_id": null, "stop_url": null, "tts_stop_n": null, "platform_c": null, "location_t": "0", "parent_sta": "14534", "stop_timez": null, "wheelchair": null, "level_id": null }, "geometry": { "type": "Point", "coordinates": [ -122.395167488999959, 37.79632573400005 ] } },
{ "type": "Feature", "properties": { "stop_id_12": "14534", "stop_name_": "The Embarcadero & Washington St", "stop_code": null, "stop_desc": "Pedestrian access point", "stop_lat": 0.0, "stop_lon": 0.0, "zone_id": null, "stop_url": null, "tts_stop_n": null, "platform_c": null, "location_t": "0", "parent_sta": "14534", "stop_timez": null, "wheelchair": null, "level_id": null }, "geometry": { "type": "Point", "coordinates": [ -122.395379102, 37.796565999000052 ] } },
{ "type": "Feature", "properties": { "stop_id_12": "14532", "stop_name_": "The Embarcadero & Washington St", "stop_code": null, "stop_desc": "Pedestrian access point", "stop_lat": 0.0, "stop_lon": 0.0, "zone_id": null, "stop_url": null, "tts_stop_n": null, "platform_c": null, "location_t": "0", "parent_sta": "14532", "stop_timez": null, "wheelchair": null, "level_id": null }, "geometry": { "type": "Point", "coordinates": [ -122.395523831999981, 37.79688574000005 ] } },
{ "type": "Feature", "properties": { "stop_id_12": "14504", "stop_name_": "The Embarcadero & Broadway", "stop_code": null, "stop_desc": "Pedestrian access point", "stop_lat": 0.0, "stop_lon": 0.0, "zone_id": null, "stop_url": null, "tts_stop_n": null, "platform_c": null, "location_t": "0", "parent_sta": "14504", "stop_timez": null, "wheelchair": null, "level_id": null }, "geometry": { "type": "Point", "coordinates": [ -122.397628475999966, 37.799108002000025 ] } },
{ "type": "Feature", "properties": { "stop_id_12": "14503", "stop_name_": "The Embarcadero & Broadway", "stop_code": null, "stop_desc": "Pedestrian access point", "stop_lat": 0.0, "stop_lon": 0.0, "zone_id": null, "stop_url": null, "tts_stop_n": null, "platform_c": null, "location_t": "0", "parent_sta": "14503", "stop_timez": null, "wheelchair": null, "level_id": null }, "geometry": { "type": "Point", "coordinates": [ -122.397713933999967, 37.799360427000067 ] } },
{ "type": "Feature", "properties": { "stop_id_12": "14517", "stop_name_": "The Embarcadero & Green St", "stop_code": null, "stop_desc": "Pedestrian access point", "stop_lat": 0.0, "stop_lon": 0.0, "zone_id": null, "stop_url": null, "tts_stop_n": null, "platform_c": null, "location_t": "0", "parent_sta": "14517", "stop_timez": null, "wheelchair": null, "level_id": null }, "geometry": { "type": "Point", "coordinates": [ -122.399171401999979, 37.801038404000053 ] } },
{ "type": "Feature", "properties": { "stop_id_12": "14518", "stop_name_": "The Embarcadero & Green St", "stop_code": null, "stop_desc": "Pedestrian access point", "stop_lat": 0.0, "stop_lon": 0.0, "zone_id": null, "stop_url": null, "tts_stop_n": null, "platform_c": null, "location_t": "0", "parent_sta": "14518", "stop_timez": null, "wheelchair": null, "level_id": null }, "geometry": { "type": "Point", "coordinates": [ -122.399116582999966, 37.800800381000045 ] } },
{ "type": "Feature", "properties": { "stop_id_12": "14515", "stop_name_": "The Embarcadero & Greenwich St", "stop_code": null, "stop_desc": "Pedestrian access point", "stop_lat": 0.0, "stop_lon": 0.0, "zone_id": null, "stop_url": null, "tts_stop_n": null, "platform_c": null, "location_t": "0", "parent_sta": "14515", "stop_timez": null, "wheelchair": null, "level_id": null }, "geometry": { "type": "Point", "coordinates": [ -122.400969377999957, 37.802882646000057 ] } },
{ "type": "Feature", "properties": { "stop_id_12": "14515", "stop_name_": "The Embarcadero & Greenwich St", "stop_code": null, "stop_desc": "Pedestrian access point", "stop_lat": 0.0, "stop_lon": 0.0, "zone_id": null, "stop_url": null, "tts_stop_n": null, "platform_c": null, "location_t": "0", "parent_sta": "14515", "stop_timez": null, "wheelchair": null, "level_id": null }, "geometry": { "type": "Point", "coordinates": [ -122.401150772, 37.803249462000053 ] } },
{ "type": "Feature", "properties": { "stop_id_12": "14529", "stop_name_": "The Embarcadero & Sansome St", "stop_code": null, "stop_desc": "Pedestrian access point", "stop_lat": 0.0, "stop_lon": 0.0, "zone_id": null, "stop_url": null, "tts_stop_n": null, "platform_c": null, "location_t": "0", "parent_sta": "14529", "stop_timez": null, "wheelchair": null, "level_id": null }, "geometry": { "type": "Point", "coordinates": [ -122.403285508999943, 37.805001208000078 ] } },
{ "type": "Feature", "properties": { "stop_id_12": "14529", "stop_name_": "The Embarcadero & Sansome St", "stop_code": null, "stop_desc": "Pedestrian access point", "stop_lat": 0.0, "stop_lon": 0.0, "zone_id": null, "stop_url": null, "tts_stop_n": null, "platform_c": null, "location_t": "0", "parent_sta": "14529", "stop_timez": null, "wheelchair": null, "level_id": null }, "geometry": { "type": "Point", "coordinates": [ -122.403196151999964, 37.805071056000031 ] } },
{ "type": "Feature", "properties": { "stop_id_12": "14501", "stop_name_": "The Embarcadero & Bay St", "stop_code": null, "stop_desc": "Pedestrian access point", "stop_lat": 0.0, "stop_lon": 0.0, "zone_id": null, "stop_url": null, "tts_stop_n": null, "platform_c": null, "location_t": "0", "parent_sta": "14501", "stop_timez": null, "wheelchair": null, "level_id": null }, "geometry": { "type": "Point", "coordinates": [ -122.406113875999949, 37.806747115000064 ] } },
{ "type": "Feature", "properties": { "stop_id_12": "14501", "stop_name_": "The Embarcadero & Bay St", "stop_code": null, "stop_desc": "Pedestrian access point", "stop_lat": 0.0, "stop_lon": 0.0, "zone_id": null, "stop_url": null, "tts_stop_n": null, "platform_c": null, "location_t": "0", "parent_sta": "14501", "stop_timez": null, "wheelchair": null, "level_id": null }, "geometry": { "type": "Point", "coordinates": [ -122.406040681999968, 37.806813606000048 ] } },
{ "type": "Feature", "properties": { "stop_id_12": "14530", "stop_name_": "The Embarcadero & Stockton St", "stop_code": null, "stop_desc": "Pedestrian access point", "stop_lat": 0.0, "stop_lon": 0.0, "zone_id": null, "stop_url": null, "tts_stop_n": null, "platform_c": null, "location_t": "0", "parent_sta": "14530", "stop_timez": null, "wheelchair": null, "level_id": null }, "geometry": { "type": "Point", "coordinates": [ -122.410204631999989, 37.808391908000033 ] } },
{ "type": "Feature", "properties": { "stop_id_12": "14530", "stop_name_": "The Embarcadero & Stockton St", "stop_code": null, "stop_desc": "Pedestrian access point", "stop_lat": 0.0, "stop_lon": 0.0, "zone_id": null, "stop_url": null, "tts_stop_n": null, "platform_c": null, "location_t": "0", "parent_sta": "14530", "stop_timez": null, "wheelchair": null, "level_id": null }, "geometry": { "type": "Point", "coordinates": [ -122.410290577999945, 37.808368417000054 ] } },
{ "type": "Feature", "properties": { "stop_id_12": "13095", "stop_name_": "Beach St & Stockton St", "stop_code": null, "stop_desc": "Pedestrian access point", "stop_lat": 0.0, "stop_lon": 0.0, "zone_id": null, "stop_url": null, "tts_stop_n": null, "platform_c": null, "location_t": "0", "parent_sta": "13095", "stop_timez": null, "wheelchair": null, "level_id": null }, "geometry": { "type": "Point", "coordinates": [ -122.411001427999963, 37.807808610000052 ] } },
{ "type": "Feature", "properties": { "stop_id_12": "13092", "stop_name_": "Beach St & Mason St", "stop_code": null, "stop_desc": "Pedestrian access point", "stop_lat": 0.0, "stop_lon": 0.0, "zone_id": null, "stop_url": null, "tts_stop_n": null, "platform_c": null, "location_t": "0", "parent_sta": "13092", "stop_timez": null, "wheelchair": null, "level_id": null }, "geometry": { "type": "Point", "coordinates": [ -122.414117899999951, 37.807410787000038 ] } },
{ "type": "Feature", "properties": { "stop_id_12": "15184", "stop_name_": "Jones St & Beach St", "stop_code": null, "stop_desc": "Pedestrian access point", "stop_lat": 0.0, "stop_lon": 0.0, "zone_id": null, "stop_url": null, "tts_stop_n": null, "platform_c": null, "location_t": "0", "parent_sta": "15184", "stop_timez": null, "wheelchair": null, "level_id": null }, "geometry": { "type": "Point", "coordinates": [ -122.417376850999972, 37.807205879000037 ] } },
{ "type": "Feature", "properties": { "stop_id_12": "15175", "stop_name_": "Jefferson St & Taylor St", "stop_code": null, "stop_desc": "Pedestrian access point", "stop_lat": 0.0, "stop_lon": 0.0, "zone_id": null, "stop_url": null, "tts_stop_n": null, "platform_c": null, "location_t": "0", "parent_sta": "15175", "stop_timez": null, "wheelchair": null, "level_id": null }, "geometry": { "type": "Point", "coordinates": [ -122.415516831, 37.808334857000034 ] } },
{ "type": "Feature", "properties": { "stop_id_12": "15174", "stop_name_": "Jefferson St & Powell St", "stop_code": null, "stop_desc": "Pedestrian access point", "stop_lat": 0.0, "stop_lon": 0.0, "zone_id": null, "stop_url": null, "tts_stop_n": null, "platform_c": null, "location_t": "0", "parent_sta": "15174", "stop_timez": null, "wheelchair": null, "level_id": null }, "geometry": { "type": "Point", "coordinates": [ -122.413543739999966, 37.808580093000046 ] } },
{ "type": "Feature", "properties": { "stop_id_12": "13318", "stop_name_": "17th St & Noe St", "stop_code": null, "stop_desc": "Pedestrian access point", "stop_lat": 0.0, "stop_lon": 0.0, "zone_id": null, "stop_url": null, "tts_stop_n": null, "platform_c": null, "location_t": "0", "parent_sta": "13318", "stop_timez": null, "wheelchair": null, "level_id": null }, "geometry": { "type": "Point", "coordinates": [ -122.432991, 37.762645 ] } },
{ "type": "Feature", "properties": { "stop_id_12": "13311", "stop_name_": "17th St & Castro St", "stop_code": null, "stop_desc": "Pedestrian access point", "stop_lat": 0.0, "stop_lon": 0.0, "zone_id": null, "stop_url": null, "tts_stop_n": null, "platform_c": null, "location_t": "0", "parent_sta": "13311", "stop_timez": null, "wheelchair": null, "level_id": null }, "geometry": { "type": "Point", "coordinates": [ -122.434978998999952, 37.762576 ] } },
{ "type": "Feature", "properties": { "stop_id_12": "15687", "stop_name_": "Market St & Noe St", "stop_code": null, "stop_desc": "Pedestrian access point", "stop_lat": 0.0, "stop_lon": 0.0, "zone_id": null, "stop_url": null, "tts_stop_n": null, "platform_c": null, "location_t": "0", "parent_sta": "15687", "stop_timez": null, "wheelchair": null, "level_id": null }, "geometry": { "type": "Point", "coordinates": [ -122.433320410999954, 37.763985581000043 ] } },
{ "type": "Feature", "properties": { "stop_id_12": "15691", "stop_name_": "Market St & Sanchez St", "stop_code": null, "stop_desc": "Pedestrian access point", "stop_lat": 0.0, "stop_lon": 0.0, "zone_id": null, "stop_url": null, "tts_stop_n": null, "platform_c": null, "location_t": "0", "parent_sta": "15691", "stop_timez": null, "wheelchair": null, "level_id": null }, "geometry": { "type": "Point", "coordinates": [ -122.431172175999961, 37.765682523000066 ] } },
{ "type": "Feature", "properties": { "stop_id_12": "15691", "stop_name_": "Market St & Sanchez St", "stop_code": null, "stop_desc": "Pedestrian access point", "stop_lat": 0.0, "stop_lon": 0.0, "zone_id": null, "stop_url": null, "tts_stop_n": null, "platform_c": null, "location_t": "0", "parent_sta": "15691", "stop_timez": null, "wheelchair": null, "level_id": null }, "geometry": { "type": "Point", "coordinates": [ -122.431330555999978, 37.76555529500007 ] } },
{ "type": "Feature", "properties": { "stop_id_12": "15686", "stop_name_": "Market St & Noe St", "stop_code": null, "stop_desc": "Pedestrian access point", "stop_lat": 0.0, "stop_lon": 0.0, "zone_id": null, "stop_url": null, "tts_stop_n": null, "platform_c": null, "location_t": "0", "parent_sta": "15686", "stop_timez": null, "wheelchair": null, "level_id": null }, "geometry": { "type": "Point", "coordinates": [ -122.432861632999959, 37.764464386000043 ] } },
{ "type": "Feature", "properties": { "stop_id_12": "15686", "stop_name_": "Market St & Noe St", "stop_code": null, "stop_desc": "Pedestrian access point", "stop_lat": 0.0, "stop_lon": 0.0, "zone_id": null, "stop_url": null, "tts_stop_n": null, "platform_c": null, "location_t": "0", "parent_sta": "15686", "stop_timez": null, "wheelchair": null, "level_id": null }, "geometry": { "type": "Point", "coordinates": [ -122.432699913999954, 37.764594069000054 ] } },
{ "type": "Feature", "properties": { "stop_id_12": "15687", "stop_name_": "Market St & Noe St", "stop_code": null, "stop_desc": "Pedestrian access point", "stop_lat": 0.0, "stop_lon": 0.0, "zone_id": null, "stop_url": null, "tts_stop_n": null, "platform_c": null, "location_t": "0", "parent_sta": "15687", "stop_timez": null, "wheelchair": null, "level_id": null }, "geometry": { "type": "Point", "coordinates": [ -122.433472802999972, 37.763862996000057 ] } },
{ "type": "Feature", "properties": { "stop_id_12": "15690", "stop_name_": "Market St & Sanchez St", "stop_code": null, "stop_desc": "Pedestrian access point", "stop_lat": 0.0, "stop_lon": 0.0, "zone_id": null, "stop_url": null, "tts_stop_n": null, "platform_c": null, "location_t": "0", "parent_sta": "15690", "stop_timez": null, "wheelchair": null, "level_id": null }, "geometry": { "type": "Point", "coordinates": [ -122.430786609999984, 37.766141117000075 ] } },
{ "type": "Feature", "properties": { "stop_id_12": "15690", "stop_name_": "Market St & Sanchez St", "stop_code": null, "stop_desc": "Pedestrian access point", "stop_lat": 0.0, "stop_lon": 0.0, "zone_id": null, "stop_url": null, "tts_stop_n": null, "platform_c": null, "location_t": "0", "parent_sta": "15690", "stop_timez": null, "wheelchair": null, "level_id": null }, "geometry": { "type": "Point", "coordinates": [ -122.430639868999947, 37.76625302900004 ] } },
{ "type": "Feature", "properties": { "stop_id_12": "15662", "stop_name_": "Market St & Church St", "stop_code": null, "stop_desc": "Pedestrian access point", "stop_lat": 0.0, "stop_lon": 0.0, "zone_id": null, "stop_url": null, "tts_stop_n": null, "platform_c": null, "location_t": "0", "parent_sta": "15662", "stop_timez": null, "wheelchair": null, "level_id": null }, "geometry": { "type": "Point", "coordinates": [ -122.429105503999949, 37.767311605000032 ] } },
{ "type": "Feature", "properties": { "stop_id_12": "15662", "stop_name_": "Church St", "stop_code": null, "stop_desc": "Pedestrian access point", "stop_lat": 0.0, "stop_lon": 0.0, "zone_id": null, "stop_url": null, "tts_stop_n": null, "platform_c": null, "location_t": "0", "parent_sta": "15662", "stop_timez": null, "wheelchair": null, "level_id": null }, "geometry": { "type": "Point", "coordinates": [ -122.429220983, 37.767464815000039 ] } },
{ "type": "Feature", "properties": { "stop_id_12": "15661", "stop_name_": "Market St & Church St", "stop_code": null, "stop_desc": "Pedestrian access point", "stop_lat": 0.0, "stop_lon": 0.0, "zone_id": null, "stop_url": null, "tts_stop_n": null, "platform_c": null, "location_t": "0", "parent_sta": "15661", "stop_timez": null, "wheelchair": null, "level_id": null }, "geometry": { "type": "Point", "coordinates": [ -122.428695445999949, 37.767795940000042 ] } },
{ "type": "Feature", "properties": { "stop_id_12": "15668", "stop_name_": "Market St & Dolores St", "stop_code": null, "stop_desc": "Pedestrian access point", "stop_lat": 0.0, "stop_lon": 0.0, "zone_id": null, "stop_url": null, "tts_stop_n": null, "platform_c": null, "location_t": "0", "parent_sta": "15668", "stop_timez": null, "wheelchair": null, "level_id": null }, "geometry": { "type": "Point", "coordinates": [ -122.427080100999945, 37.768914426000038 ] } },
{ "type": "Feature", "properties": { "stop_id_12": "15668", "stop_name_": "Market St & Dolores St", "stop_code": null, "stop_desc": "Pedestrian access point", "stop_lat": 0.0, "stop_lon": 0.0, "zone_id": null, "stop_url": null, "tts_stop_n": null, "platform_c": null, "location_t": "0", "parent_sta": "15668", "stop_timez": null, "wheelchair": null, "level_id": null }, "geometry": { "type": "Point", "coordinates": [ -122.42722787699995, 37.768798159000028 ] } },
{ "type": "Feature", "properties": { "stop_id_12": "15659", "stop_name_": "Market St & Buchanan St", "stop_code": null, "stop_desc": "Pedestrian access point", "stop_lat": 0.0, "stop_lon": 0.0, "zone_id": null, "stop_url": null, "tts_stop_n": null, "platform_c": null, "location_t": "0", "parent_sta": "15659", "stop_timez": null, "wheelchair": null, "level_id": null }, "geometry": { "type": "Point", "coordinates": [ -122.42621984699997, 37.76975167300003 ] } },
{ "type": "Feature", "properties": { "stop_id_12": "15659", "stop_name_": "Market St & Buchanan St", "stop_code": null, "stop_desc": "Pedestrian access point", "stop_lat": 0.0, "stop_lon": 0.0, "zone_id": null, "stop_url": null, "tts_stop_n": null, "platform_c": null, "location_t": "0", "parent_sta": "15659", "stop_timez": null, "wheelchair": null, "level_id": null }, "geometry": { "type": "Point", "coordinates": [ -122.426073587999952, 37.769869133000043 ] } },
{ "type": "Feature", "properties": { "stop_id_12": "15675", "stop_name_": "Market St & Guerrero St", "stop_code": null, "stop_desc": "Pedestrian access point", "stop_lat": 0.0, "stop_lon": 0.0, "zone_id": null, "stop_url": null, "tts_stop_n": null, "platform_c": null, "location_t": "0", "parent_sta": "15675", "stop_timez": null, "wheelchair": null, "level_id": null }, "geometry": { "type": "Point", "coordinates": [ -122.425117682999939, 37.77046744900008 ] } },
{ "type": "Feature", "properties": { "stop_id_12": "15675", "stop_name_": "Market St & Guerrero St", "stop_code": null, "stop_desc": "Pedestrian access point", "stop_lat": 0.0, "stop_lon": 0.0, "zone_id": null, "stop_url": null, "tts_stop_n": null, "platform_c": null, "location_t": "0", "parent_sta": "15675", "stop_timez": null, "wheelchair": null, "level_id": null }, "geometry": { "type": "Point", "coordinates": [ -122.424951444999977, 37.77059999100004 ] } },
{ "type": "Feature", "properties": { "stop_id_12": "15675", "stop_name_": "Market St & Laguna St", "stop_code": null, "stop_desc": "Pedestrian access point", "stop_lat": 0.0, "stop_lon": 0.0, "zone_id": null, "stop_url": null, "tts_stop_n": null, "platform_c": null, "location_t": "0", "parent_sta": "15675", "stop_timez": null, "wheelchair": null, "level_id": null }, "geometry": { "type": "Point", "coordinates": [ -122.424833498999988, 37.770849377000047 ] } },
{ "type": "Feature", "properties": { "stop_id_12": "15681", "stop_name_": "Market St & Laguna St", "stop_code": null, "stop_desc": "Pedestrian access point", "stop_lat": 0.0, "stop_lon": 0.0, "zone_id": null, "stop_url": null, "tts_stop_n": null, "platform_c": null, "location_t": "0", "parent_sta": "15681", "stop_timez": null, "wheelchair": null, "level_id": null }, "geometry": { "type": "Point", "coordinates": [ -122.424567273999969, 37.771066989000076 ] } },
{ "type": "Feature", "properties": { "stop_id_12": "15672", "stop_name_": "Market St & Gough St", "stop_code": null, "stop_desc": "Pedestrian access point", "stop_lat": 0.0, "stop_lon": 0.0, "zone_id": null, "stop_url": null, "tts_stop_n": null, "platform_c": null, "location_t": "0", "parent_sta": "15672", "stop_timez": null, "wheelchair": null, "level_id": null }, "geometry": { "type": "Point", "coordinates": [ -122.421972448999952, 37.77291483700003 ] } },
{ "type": "Feature", "properties": { "stop_id_12": "15672", "stop_name_": "Market St & Gough St", "stop_code": null, "stop_desc": "Pedestrian access point", "stop_lat": 0.0, "stop_lon": 0.0, "zone_id": null, "stop_url": null, "tts_stop_n": null, "platform_c": null, "location_t": "0", "parent_sta": "15672", "stop_timez": null, "wheelchair": null, "level_id": null }, "geometry": { "type": "Point", "coordinates": [ -122.421880186999942, 37.773201434000043 ] } },
{ "type": "Feature", "properties": { "stop_id_12": "15419", "stop_name_": "Market St & South Van Ness Ave", "stop_code": null, "stop_desc": "Pedestrian access point", "stop_lat": 0.0, "stop_lon": 0.0, "zone_id": null, "stop_url": null, "tts_stop_n": null, "platform_c": null, "location_t": "0", "parent_sta": "15419", "stop_timez": null, "wheelchair": null, "level_id": null }, "geometry": { "type": "Point", "coordinates": [ -122.419442716, 37.774972570000045 ] } },
{ "type": "Feature", "properties": { "stop_id_12": "15419", "stop_name_": "Market & Van Ness", "stop_code": null, "stop_desc": "Pedestrian access point", "stop_lat": 0.0, "stop_lon": 0.0, "zone_id": null, "stop_url": null, "tts_stop_n": null, "platform_c": null, "location_t": "0", "parent_sta": "15419", "stop_timez": null, "wheelchair": null, "level_id": null }, "geometry": { "type": "Point", "coordinates": [ -122.419065819999958, 37.775374904000046 ] } },
{ "type": "Feature", "properties": { "stop_id_12": "15652", "stop_name_": "Market St & 9th St", "stop_code": null, "stop_desc": "Pedestrian access point", "stop_lat": 0.0, "stop_lon": 0.0, "zone_id": null, "stop_url": null, "tts_stop_n": null, "platform_c": null, "location_t": "0", "parent_sta": "15652", "stop_timez": null, "wheelchair": null, "level_id": null }, "geometry": { "type": "Point", "coordinates": [ -122.416171779999956, 37.777669139000068 ] } },
{ "type": "Feature", "properties": { "stop_id_12": "15652", "stop_name_": "Market St & 9th St", "stop_code": null, "stop_desc": "Pedestrian access point", "stop_lat": 0.0, "stop_lon": 0.0, "zone_id": null, "stop_url": null, "tts_stop_n": null, "platform_c": null, "location_t": "0", "parent_sta": "15652", "stop_timez": null, "wheelchair": null, "level_id": null }, "geometry": { "type": "Point", "coordinates": [ -122.41642447199996, 37.777356369000074 ] } },
{ "type": "Feature", "properties": { "stop_id_12": "15651", "stop_name_": "Market St & 8th St", "stop_code": null, "stop_desc": "Pedestrian access point", "stop_lat": 0.0, "stop_lon": 0.0, "zone_id": null, "stop_url": null, "tts_stop_n": null, "platform_c": null, "location_t": "0", "parent_sta": "15651", "stop_timez": null, "wheelchair": null, "level_id": null }, "geometry": { "type": "Point", "coordinates": [ -122.414894337999954, 37.778565645000072 ] } },
{ "type": "Feature", "properties": { "stop_id_12": "15676", "stop_name_": "Market St & Hyde St", "stop_code": null, "stop_desc": "Pedestrian access point", "stop_lat": 0.0, "stop_lon": 0.0, "zone_id": null, "stop_url": null, "tts_stop_n": null, "platform_c": null, "location_t": "0", "parent_sta": "15676", "stop_timez": null, "wheelchair": null, "level_id": null }, "geometry": { "type": "Point", "coordinates": [ -122.414668430999939, 37.778860728000041 ] } },
{ "type": "Feature", "properties": { "stop_id_12": "15650", "stop_name_": "Market St & 7th St", "stop_code": null, "stop_desc": "Pedestrian access point", "stop_lat": 0.0, "stop_lon": 0.0, "zone_id": null, "stop_url": null, "tts_stop_n": null, "platform_c": null, "location_t": "0", "parent_sta": "15650", "stop_timez": null, "wheelchair": null, "level_id": null }, "geometry": { "type": "Point", "coordinates": [ -122.412620693999941, 37.78036362000006 ] } },
{ "type": "Feature", "properties": { "stop_id_12": "15650", "stop_name_": "Market St & 7th St", "stop_code": null, "stop_desc": "Pedestrian access point", "stop_lat": 0.0, "stop_lon": 0.0, "zone_id": null, "stop_url": null, "tts_stop_n": null, "platform_c": null, "location_t": "0", "parent_sta": "15650", "stop_timez": null, "wheelchair": null, "level_id": null }, "geometry": { "type": "Point", "coordinates": [ -122.412398936999978, 37.78065151100003 ] } },
{ "type": "Feature", "properties": { "stop_id_12": "15647", "stop_name_": "Market St & 6th St", "stop_code": null, "stop_desc": "Pedestrian access point", "stop_lat": 0.0, "stop_lon": 0.0, "zone_id": null, "stop_url": null, "tts_stop_n": null, "platform_c": null, "location_t": "0", "parent_sta": "15647", "stop_timez": null, "wheelchair": null, "level_id": null }, "geometry": { "type": "Point", "coordinates": [ -122.410561274999964, 37.78199367700006 ] } },
{ "type": "Feature", "properties": { "stop_id_12": "15647", "stop_name_": "Market St & Taylor St", "stop_code": null, "stop_desc": "Pedestrian access point", "stop_lat": 0.0, "stop_lon": 0.0, "zone_id": null, "stop_url": null, "tts_stop_n": null, "platform_c": null, "location_t": "0", "parent_sta": "15647", "stop_timez": null, "wheelchair": null, "level_id": null }, "geometry": { "type": "Point", "coordinates": [ -122.41022166099998, 37.782369245000041 ] } },
{ "type": "Feature", "properties": { "stop_id_12": "15645", "stop_name_": "Market St & 5th St", "stop_code": null, "stop_desc": "Pedestrian access point", "stop_lat": 0.0, "stop_lon": 0.0, "zone_id": null, "stop_url": null, "tts_stop_n": null, "platform_c": null, "location_t": "0", "parent_sta": "15645", "stop_timez": null, "wheelchair": null, "level_id": null }, "geometry": { "type": "Point", "coordinates": [ -122.408176307999952, 37.783877536000034 ] } },
{ "type": "Feature", "properties": { "stop_id_12": "15645", "stop_name_": "Market St & 5th St", "stop_code": null, "stop_desc": "Pedestrian access point", "stop_lat": 0.0, "stop_lon": 0.0, "zone_id": null, "stop_url": null, "tts_stop_n": null, "platform_c": null, "location_t": "0", "parent_sta": "15645", "stop_timez": null, "wheelchair": null, "level_id": null }, "geometry": { "type": "Point", "coordinates": [ -122.407976100999974, 37.784132267000075 ] } },
{ "type": "Feature", "properties": { "stop_id_12": "16995", "stop_name_": "Metro Powell Station/Outbound", "stop_code": null, "stop_desc": "Pedestrian access point", "stop_lat": 0.0, "stop_lon": 0.0, "zone_id": null, "stop_url": null, "tts_stop_n": null, "platform_c": null, "location_t": "0", "parent_sta": "16995", "stop_timez": null, "wheelchair": null, "level_id": null }, "geometry": { "type": "Point", "coordinates": [ -122.407577733999972, 37.784435719000044 ] } },
{ "type": "Feature", "properties": { "stop_id_12": "15645", "stop_name_": "Market St & 5th St", "stop_code": null, "stop_desc": "Pedestrian access point", "stop_lat": 0.0, "stop_lon": 0.0, "zone_id": null, "stop_url": null, "tts_stop_n": null, "platform_c": null, "location_t": "0", "parent_sta": "15645", "stop_timez": null, "wheelchair": null, "level_id": null }, "geometry": { "type": "Point", "coordinates": [ -122.408016848999978, 37.784085135000055 ] } },
{ "type": "Feature", "properties": { "stop_id_12": "15643", "stop_name_": "Market St & 4th St", "stop_code": null, "stop_desc": "Pedestrian access point", "stop_lat": 0.0, "stop_lon": 0.0, "zone_id": null, "stop_url": null, "tts_stop_n": null, "platform_c": null, "location_t": "0", "parent_sta": "15643", "stop_timez": null, "wheelchair": null, "level_id": null }, "geometry": { "type": "Point", "coordinates": [ -122.406180010999947, 37.785451063000039 ] } },
{ "type": "Feature", "properties": { "stop_id_12": "15643", "stop_name_": "Market St & Stockton St", "stop_code": null, "stop_desc": "Pedestrian access point", "stop_lat": 0.0, "stop_lon": 0.0, "zone_id": null, "stop_url": null, "tts_stop_n": null, "platform_c": null, "location_t": "0", "parent_sta": "15643", "stop_timez": null, "wheelchair": null, "level_id": null }, "geometry": { "type": "Point", "coordinates": [ -122.40580026899994, 37.785866793000025 ] } },
{ "type": "Feature", "properties": { "stop_id_12": "15640", "stop_name_": "Market St & 3rd St", "stop_code": null, "stop_desc": "Pedestrian access point", "stop_lat": 0.0, "stop_lon": 0.0, "zone_id": null, "stop_url": null, "tts_stop_n": null, "platform_c": null, "location_t": "0", "parent_sta": "15640", "stop_timez": null, "wheelchair": null, "level_id": null }, "geometry": { "type": "Point", "coordinates": [ -122.403627534999941, 37.787462406000031 ] } },
{ "type": "Feature", "properties": { "stop_id_12": "15640", "stop_name_": "Market St & Kearny St", "stop_code": null, "stop_desc": "Pedestrian access point", "stop_lat": 0.0, "stop_lon": 0.0, "zone_id": null, "stop_url": null, "tts_stop_n": null, "platform_c": null, "location_t": "0", "parent_sta": "15640", "stop_timez": null, "wheelchair": null, "level_id": null }, "geometry": { "type": "Point", "coordinates": [ -122.40330591299994, 37.787831044000029 ] } },
{ "type": "Feature", "properties": { "stop_id_12": "15685", "stop_name_": "Market St & New Montgomery St", "stop_code": null, "stop_desc": "Pedestrian access point", "stop_lat": 0.0, "stop_lon": 0.0, "zone_id": null, "stop_url": null, "tts_stop_n": null, "platform_c": null, "location_t": "0", "parent_sta": "15685", "stop_timez": null, "wheelchair": null, "level_id": null }, "geometry": { "type": "Point", "coordinates": [ -122.402156519999949, 37.788632890000031 ] } },
{ "type": "Feature", "properties": { "stop_id_12": "15657", "stop_name_": "Market St & 1st St", "stop_code": null, "stop_desc": "Pedestrian access point", "stop_lat": 0.0, "stop_lon": 0.0, "zone_id": null, "stop_url": null, "tts_stop_n": null, "platform_c": null, "location_t": "0", "parent_sta": "15657", "stop_timez": null, "wheelchair": null, "level_id": null }, "geometry": { "type": "Point", "coordinates": [ -122.399285234, 37.790898558000038 ] } },
{ "type": "Feature", "properties": { "stop_id_12": "15657", "stop_name_": "Market St & Battery St", "stop_code": null, "stop_desc": "Pedestrian access point", "stop_lat": 0.0, "stop_lon": 0.0, "zone_id": null, "stop_url": null, "tts_stop_n": null, "platform_c": null, "location_t": "0", "parent_sta": "15657", "stop_timez": null, "wheelchair": null, "level_id": null }, "geometry": { "type": "Point", "coordinates": [ -122.399067869999953, 37.79117059500004 ] } },
{ "type": "Feature", "properties": { "stop_id_12": "15682", "stop_name_": "Market St & Main St", "stop_code": null, "stop_desc": "Pedestrian access point", "stop_lat": 0.0, "stop_lon": 0.0, "zone_id": null, "stop_url": null, "tts_stop_n": null, "platform_c": null, "location_t": "0", "parent_sta": "15682", "stop_timez": null, "wheelchair": null, "level_id": null }, "geometry": { "type": "Point", "coordinates": [ -122.396589261999964, 37.793028765000031 ] } },
{ "type": "Feature", "properties": { "stop_id_12": "14726", "stop_name_": "Don Chee Way/Steuart St", "stop_code": null, "stop_desc": "Pedestrian access point", "stop_lat": 0.0, "stop_lon": 0.0, "zone_id": null, "stop_url": null, "tts_stop_n": null, "platform_c": null, "location_t": "0", "parent_sta": "14726", "stop_timez": null, "wheelchair": null, "level_id": null }, "geometry": { "type": "Point", "coordinates": [ -122.393799483999942, 37.793907404000038 ] } },
{ "type": "Feature", "properties": { "stop_id_12": "14726", "stop_name_": "Don Chee Way/Steuart St", "stop_code": null, "stop_desc": "Pedestrian access point", "stop_lat": 0.0, "stop_lon": 0.0, "zone_id": null, "stop_url": null, "tts_stop_n": null, "platform_c": null, "location_t": "0", "parent_sta": "14726", "stop_timez": null, "wheelchair": null, "level_id": null }, "geometry": { "type": "Point", "coordinates": [ -122.393516037999973, 37.793999615000075 ] } },
{ "type": "Feature", "properties": { "stop_id_12": "16616", "stop_name_": "Taraval St & 19th Ave", "stop_code": null, "stop_desc": "Pedestrian access point", "stop_lat": 0.0, "stop_lon": 0.0, "zone_id": null, "stop_url": null, "tts_stop_n": null, "platform_c": null, "location_t": "0", "parent_sta": "16616", "stop_timez": null, "wheelchair": null, "level_id": null }, "geometry": { "type": "Point", "coordinates": [ -122.476683496999954, 37.742973566000046 ] } },
{ "type": "Feature", "properties": { "stop_id_12": "17164", "stop_name_": "San Jose Ave & Geneva Ave", "stop_code": null, "stop_desc": "Pedestrian access point", "stop_lat": 0.0, "stop_lon": 0.0, "zone_id": null, "stop_url": null, "tts_stop_n": null, "platform_c": null, "location_t": "0", "parent_sta": "17164", "stop_timez": null, "wheelchair": null, "level_id": null }, "geometry": { "type": "Point", "coordinates": [ -122.446248522999952, 37.721350039000072 ] } },
{ "type": "Feature", "properties": { "stop_id_12": "15685", "stop_name_": "Market St & New Montgomery St", "stop_code": null, "stop_desc": "Pedestrian access point", "stop_lat": 0.0, "stop_lon": 0.0, "zone_id": null, "stop_url": null, "tts_stop_n": null, "platform_c": null, "location_t": "0", "parent_sta": "15685", "stop_timez": null, "wheelchair": null, "level_id": null }, "geometry": { "type": "Point", "coordinates": [ -122.40135463699994, 37.789375575000065 ] } },
{ "type": "Feature", "properties": { "stop_id_12": "15239", "stop_name_": "King St & 4th St", "stop_code": null, "stop_desc": "Pedestrian access point", "stop_lat": 0.0, "stop_lon": 0.0, "zone_id": null, "stop_url": null, "tts_stop_n": null, "platform_c": null, "location_t": "0", "parent_sta": "15239", "stop_timez": null, "wheelchair": null, "level_id": null }, "geometry": { "type": "Point", "coordinates": [ -122.394195718, 37.776231902000063 ] } },
{ "type": "Feature", "properties": { "stop_id_12": "15239", "stop_name_": "King St & 4th St", "stop_code": null, "stop_desc": "Pedestrian access point", "stop_lat": 0.0, "stop_lon": 0.0, "zone_id": null, "stop_url": null, "tts_stop_n": null, "platform_c": null, "location_t": "0", "parent_sta": "15239", "stop_timez": null, "wheelchair": null, "level_id": null }, "geometry": { "type": "Point", "coordinates": [ -122.394139971999948, 37.776185659000078 ] } },
{ "type": "Feature", "properties": { "stop_id_12": "15239", "stop_name_": "King St & 4th St", "stop_code": null, "stop_desc": "Pedestrian access point", "stop_lat": 0.0, "stop_lon": 0.0, "zone_id": null, "stop_url": null, "tts_stop_n": null, "platform_c": null, "location_t": "0", "parent_sta": "15239", "stop_timez": null, "wheelchair": null, "level_id": null }, "geometry": { "type": "Point", "coordinates": [ -122.39341249499995, 37.77583577200005 ] } },
{ "type": "Feature", "properties": { "stop_id_12": "17357", "stop_name_": "Ucsf / Chase Center (16th St)", "stop_code": null, "stop_desc": "Pedestrian access point", "stop_lat": 0.0, "stop_lon": 0.0, "zone_id": null, "stop_url": null, "tts_stop_n": null, "platform_c": null, "location_t": "0", "parent_sta": "17357", "stop_timez": null, "wheelchair": null, "level_id": null }, "geometry": { "type": "Point", "coordinates": [ -122.389298939999946, 37.768761909000034 ] } },
{ "type": "Feature", "properties": { "stop_id_12": "17352", "stop_name_": "Third Street & Evans Ave", "stop_code": null, "stop_desc": "Pedestrian access point", "stop_lat": 0.0, "stop_lon": 0.0, "zone_id": null, "stop_url": null, "tts_stop_n": null, "platform_c": null, "location_t": "0", "parent_sta": "17352", "stop_timez": null, "wheelchair": null, "level_id": null }, "geometry": { "type": "Point", "coordinates": [ -122.387652490999983, 37.743410954000069 ] } },
{ "type": "Feature", "properties": { "stop_id_12": "17352", "stop_name_": "Third Street & Evans Ave", "stop_code": null, "stop_desc": "Pedestrian access point", "stop_lat": 0.0, "stop_lon": 0.0, "zone_id": null, "stop_url": null, "tts_stop_n": null, "platform_c": null, "location_t": "0", "parent_sta": "17352", "stop_timez": null, "wheelchair": null, "level_id": null }, "geometry": { "type": "Point", "coordinates": [ -122.388242485999967, 37.742033591000052 ] } },
{ "type": "Feature", "properties": { "stop_id_12": "17393", "stop_name_": "Third Street/Revere/Shafter", "stop_code": null, "stop_desc": "Pedestrian access point", "stop_lat": 0.0, "stop_lon": 0.0, "zone_id": null, "stop_url": null, "tts_stop_n": null, "platform_c": null, "location_t": "0", "parent_sta": "17393", "stop_timez": null, "wheelchair": null, "level_id": null }, "geometry": { "type": "Point", "coordinates": [ -122.391802902999984, 37.731717810000077 ] } },
{ "type": "Feature", "properties": { "stop_id_12": "17345", "stop_name_": "Third Street & Williams Ave", "stop_code": null, "stop_desc": "Pedestrian access point", "stop_lat": 0.0, "stop_lon": 0.0, "zone_id": null, "stop_url": null, "tts_stop_n": null, "platform_c": null, "location_t": "0", "parent_sta": "17345", "stop_timez": null, "wheelchair": null, "level_id": null }, "geometry": { "type": "Point", "coordinates": [ -122.39236623, 37.729925321000053 ] } },
{ "type": "Feature", "properties": { "stop_id_12": "17345", "stop_name_": "Third Street & Williams Ave", "stop_code": null, "stop_desc": "Pedestrian access point", "stop_lat": 0.0, "stop_lon": 0.0, "zone_id": null, "stop_url": null, "tts_stop_n": null, "platform_c": null, "location_t": "0", "parent_sta": "17345", "stop_timez": null, "wheelchair": null, "level_id": null }, "geometry": { "type": "Point", "coordinates": [ -122.392938916, 37.728633564000063 ] } },
{ "type": "Feature", "properties": { "stop_id_12": "17343", "stop_name_": "Third Street & Carroll Ave", "stop_code": null, "stop_desc": "Pedestrian access point", "stop_lat": 0.0, "stop_lon": 0.0, "zone_id": null, "stop_url": null, "tts_stop_n": null, "platform_c": null, "location_t": "0", "parent_sta": "17343", "stop_timez": null, "wheelchair": null, "level_id": null }, "geometry": { "type": "Point", "coordinates": [ -122.393893261999949, 37.726176088000045 ] } },
{ "type": "Feature", "properties": { "stop_id_12": "17343", "stop_name_": "Third Street & Carroll Ave", "stop_code": null, "stop_desc": "Pedestrian access point", "stop_lat": 0.0, "stop_lon": 0.0, "zone_id": null, "stop_url": null, "tts_stop_n": null, "platform_c": null, "location_t": "0", "parent_sta": "17343", "stop_timez": null, "wheelchair": null, "level_id": null }, "geometry": { "type": "Point", "coordinates": [ -122.394619423999984, 37.724819766000053 ] } },
{ "type": "Feature", "properties": { "stop_id_12": "17342", "stop_name_": "Third Street/Gilman/Paul", "stop_code": null, "stop_desc": "Pedestrian access point", "stop_lat": 0.0, "stop_lon": 0.0, "zone_id": null, "stop_url": null, "tts_stop_n": null, "platform_c": null, "location_t": "0", "parent_sta": "17342", "stop_timez": null, "wheelchair": null, "level_id": null }, "geometry": { "type": "Point", "coordinates": [ -122.395557052999948, 37.722495824000077 ] } },
{ "type": "Feature", "properties": { "stop_id_12": "17342", "stop_name_": "Third Street/Gilman/Paul", "stop_code": null, "stop_desc": "Pedestrian access point", "stop_lat": 0.0, "stop_lon": 0.0, "zone_id": null, "stop_url": null, "tts_stop_n": null, "platform_c": null, "location_t": "0", "parent_sta": "17342", "stop_timez": null, "wheelchair": null, "level_id": null }, "geometry": { "type": "Point", "coordinates": [ -122.395993459999943, 37.72179789900008 ] } },
{ "type": "Feature", "properties": { "stop_id_12": "17395", "stop_name_": "Bayshore Blvd & Blanken Ave", "stop_code": null, "stop_desc": "Pedestrian access point", "stop_lat": 0.0, "stop_lon": 0.0, "zone_id": null, "stop_url": null, "tts_stop_n": null, "platform_c": null, "location_t": "0", "parent_sta": "17395", "stop_timez": null, "wheelchair": null, "level_id": null }, "geometry": { "type": "Point", "coordinates": [ -122.401625757999966, 37.712446632000024 ] } },
{ "type": "Feature", "properties": { "stop_id_12": "15225", "stop_name_": "Judah St & Sunset Blvd", "stop_code": null, "stop_desc": "Pedestrian access point", "stop_lat": 0.0, "stop_lon": 0.0, "zone_id": null, "stop_url": null, "tts_stop_n": null, "platform_c": null, "location_t": "0", "parent_sta": "15225", "stop_timez": null, "wheelchair": null, "level_id": null }, "geometry": { "type": "Point", "coordinates": [ -122.49639216099996, 37.760816177000038 ] } },
{ "type": "Feature", "properties": { "stop_id_12": "15205", "stop_name_": "Judah St & 28th Ave", "stop_code": null, "stop_desc": "Pedestrian access point", "stop_lat": 0.0, "stop_lon": 0.0, "zone_id": null, "stop_url": null, "tts_stop_n": null, "platform_c": null, "location_t": "0", "parent_sta": "15205", "stop_timez": null, "wheelchair": null, "level_id": null }, "geometry": { "type": "Point", "coordinates": [ -122.48759675499997, 37.76120196200003 ] } },
{ "type": "Feature", "properties": { "stop_id_12": "15205", "stop_name_": "Judah St & 28th Ave", "stop_code": null, "stop_desc": "Pedestrian access point", "stop_lat": 0.0, "stop_lon": 0.0, "zone_id": null, "stop_url": null, "tts_stop_n": null, "platform_c": null, "location_t": "0", "parent_sta": "15205", "stop_timez": null, "wheelchair": null, "level_id": null }, "geometry": { "type": "Point", "coordinates": [ -122.485681433999957, 37.761363479000067 ] } },
{ "type": "Feature", "properties": { "stop_id_12": "15201", "stop_name_": "Judah St & 22nd Ave", "stop_code": null, "stop_desc": "Pedestrian access point", "stop_lat": 0.0, "stop_lon": 0.0, "zone_id": null, "stop_url": null, "tts_stop_n": null, "platform_c": null, "location_t": "0", "parent_sta": "15201", "stop_timez": null, "wheelchair": null, "level_id": null }, "geometry": { "type": "Point", "coordinates": [ -122.479256419999956, 37.761573485000042 ] } },
{ "type": "Feature", "properties": { "stop_id_12": "15199", "stop_name_": "Judah St & 19th Ave", "stop_code": null, "stop_desc": "Pedestrian access point", "stop_lat": 0.0, "stop_lon": 0.0, "zone_id": null, "stop_url": null, "tts_stop_n": null, "platform_c": null, "location_t": "0", "parent_sta": "15199", "stop_timez": null, "wheelchair": null, "level_id": null }, "geometry": { "type": "Point", "coordinates": [ -122.477987929, 37.761634095000034 ] } },
{ "type": "Feature", "properties": { "stop_id_12": "15199", "stop_name_": "Judah St & 19th Ave", "stop_code": null, "stop_desc": "Pedestrian access point", "stop_lat": 0.0, "stop_lon": 0.0, "zone_id": null, "stop_url": null, "tts_stop_n": null, "platform_c": null, "location_t": "0", "parent_sta": "15199", "stop_timez": null, "wheelchair": null, "level_id": null }, "geometry": { "type": "Point", "coordinates": [ -122.476028913, 37.76179029900004 ] } },
{ "type": "Feature", "properties": { "stop_id_12": "15199", "stop_name_": "Judah St & 19th Ave", "stop_code": null, "stop_desc": "Pedestrian access point", "stop_lat": 0.0, "stop_lon": 0.0, "zone_id": null, "stop_url": null, "tts_stop_n": null, "platform_c": null, "location_t": "0", "parent_sta": "15199", "stop_timez": null, "wheelchair": null, "level_id": null }, "geometry": { "type": "Point", "coordinates": [ -122.476885820999939, 37.761747721000063 ] } },
{ "type": "Feature", "properties": { "stop_id_12": "13909", "stop_name_": "Carl St & Cole St", "stop_code": null, "stop_desc": "Pedestrian access point", "stop_lat": 0.0, "stop_lon": 0.0, "zone_id": null, "stop_url": null, "tts_stop_n": null, "platform_c": null, "location_t": "0", "parent_sta": "13909", "stop_timez": null, "wheelchair": null, "level_id": null }, "geometry": { "type": "Point", "coordinates": [ -122.449307262, 37.766006142000037 ] } },
{ "type": "Feature", "properties": { "stop_id_12": "13909", "stop_name_": "Carl St & Cole St", "stop_code": null, "stop_desc": "Pedestrian access point", "stop_lat": 0.0, "stop_lon": 0.0, "zone_id": null, "stop_url": null, "tts_stop_n": null, "platform_c": null, "location_t": "0", "parent_sta": "13909", "stop_timez": null, "wheelchair": null, "level_id": null }, "geometry": { "type": "Point", "coordinates": [ -122.449302509999939, 37.765968765000025 ] } },
{ "type": "Feature", "properties": { "stop_id_12": "13909", "stop_name_": "Carl St & Cole St", "stop_code": null, "stop_desc": "Pedestrian access point", "stop_lat": 0.0, "stop_lon": 0.0, "zone_id": null, "stop_url": null, "tts_stop_n": null, "platform_c": null, "location_t": "0", "parent_sta": "13909", "stop_timez": null, "wheelchair": null, "level_id": null }, "geometry": { "type": "Point", "coordinates": [ -122.449457325999958, 37.765994549000027 ] } },
{ "type": "Feature", "properties": { "stop_id_12": "13987", "stop_name_": "Church St & 18th St", "stop_code": null, "stop_desc": "Pedestrian access point", "stop_lat": 0.0, "stop_lon": 0.0, "zone_id": null, "stop_url": null, "tts_stop_n": null, "platform_c": null, "location_t": "0", "parent_sta": "13987", "stop_timez": null, "wheelchair": null, "level_id": null }, "geometry": { "type": "Point", "coordinates": [ -122.428428081, 37.76137183700007 ] } },
{ "type": "Feature", "properties": { "stop_id_12": "15728", "stop_name_": "Metro Castro Station", "stop_code": null, "stop_desc": "Pedestrian access point", "stop_lat": 0.0, "stop_lon": 0.0, "zone_id": null, "stop_url": null, "tts_stop_n": null, "platform_c": null, "location_t": "0", "parent_sta": "15728", "stop_timez": null, "wheelchair": null, "level_id": null }, "geometry": { "type": "Point", "coordinates": [ -122.435679739999955, 37.762241342000038 ] } },
{ "type": "Feature", "properties": { "stop_id_12": "15728", "stop_name_": "Metro Castro Station", "stop_code": null, "stop_desc": "Pedestrian access point", "stop_lat": 0.0, "stop_lon": 0.0, "zone_id": null, "stop_url": null, "tts_stop_n": null, "platform_c": null, "location_t": "0", "parent_sta": "15728", "stop_timez": null, "wheelchair": null, "level_id": null }, "geometry": { "type": "Point", "coordinates": [ -122.435867705999954, 37.762552632000052 ] } },
{ "type": "Feature", "properties": { "stop_id_12": "15728", "stop_name_": "Metro Castro Station", "stop_code": null, "stop_desc": "Pedestrian access point", "stop_lat": 0.0, "stop_lon": 0.0, "zone_id": null, "stop_url": null, "tts_stop_n": null, "platform_c": null, "location_t": "0", "parent_sta": "15728", "stop_timez": null, "wheelchair": null, "level_id": null }, "geometry": { "type": "Point", "coordinates": [ -122.435369466999987, 37.762384921000034 ] } },
{ "type": "Feature", "properties": { "stop_id_12": "16641", "stop_name_": "Taraval St & Sunset Blvd", "stop_code": null, "stop_desc": "Pedestrian access point", "stop_lat": 0.0, "stop_lon": 0.0, "zone_id": null, "stop_url": null, "tts_stop_n": null, "platform_c": null, "location_t": "0", "parent_sta": "16641", "stop_timez": null, "wheelchair": null, "level_id": null }, "geometry": { "type": "Point", "coordinates": [ -122.494905435999954, 37.742167592000044 ] } },
{ "type": "Feature", "properties": { "stop_id_12": "16640", "stop_name_": "Taraval St & Sunset Blvd", "stop_code": null, "stop_desc": "Pedestrian access point", "stop_lat": 0.0, "stop_lon": 0.0, "zone_id": null, "stop_url": null, "tts_stop_n": null, "platform_c": null, "location_t": "0", "parent_sta": "16640", "stop_timez": null, "wheelchair": null, "level_id": null }, "geometry": { "type": "Point", "coordinates": [ -122.493836752, 37.74229340800008 ] } },
{ "type": "Feature", "properties": { "stop_id_12": "16620", "stop_name_": "Taraval St & 23rd Ave", "stop_code": null, "stop_desc": "Pedestrian access point", "stop_lat": 0.0, "stop_lon": 0.0, "zone_id": null, "stop_url": null, "tts_stop_n": null, "platform_c": null, "location_t": "0", "parent_sta": "16620", "stop_timez": null, "wheelchair": null, "level_id": null }, "geometry": { "type": "Point", "coordinates": [ -122.479884120999941, 37.742905534000045 ] } },
{ "type": "Feature", "properties": { "stop_id_12": "16616", "stop_name_": "Taraval St & 19th Ave", "stop_code": null, "stop_desc": "Pedestrian access point", "stop_lat": 0.0, "stop_lon": 0.0, "zone_id": null, "stop_url": null, "tts_stop_n": null, "platform_c": null, "location_t": "0", "parent_sta": "16616", "stop_timez": null, "wheelchair": null, "level_id": null }, "geometry": { "type": "Point", "coordinates": [ -122.474729474999947, 37.743134726000051 ] } },
{ "type": "Feature", "properties": { "stop_id_12": "16992", "stop_name_": "Embarcadero", "stop_code": null, "stop_desc": "Pedestrian access point", "stop_lat": 0.0, "stop_lon": 0.0, "zone_id": null, "stop_url": null, "tts_stop_n": null, "platform_c": null, "location_t": "0", "parent_sta": "mtc:embarcadero-bart", "stop_timez": null, "wheelchair": null, "level_id": null }, "geometry": { "type": "Point", "coordinates": [ -122.39678, 37.7928 ] } },
{ "type": "Feature", "properties": { "stop_id_12": "16992", "stop_name_": "Embarcadero", "stop_code": null, "stop_desc": "Pedestrian access point", "stop_lat": 0.0, "stop_lon": 0.0, "zone_id": null, "stop_url": null, "tts_stop_n": null, "platform_c": null, "location_t": "0", "parent_sta": "mtc:embarcadero-bart", "stop_timez": null, "wheelchair": null, "level_id": null }, "geometry": { "type": "Point", "coordinates": [ -122.39701, 37.7929 ] } },
{ "type": "Feature", "properties": { "stop_id_12": "16992", "stop_name_": "Embarcadero", "stop_code": null, "stop_desc": "Pedestrian access point", "stop_lat": 0.0, "stop_lon": 0.0, "zone_id": null, "stop_url": null, "tts_stop_n": null, "platform_c": null, "location_t": "0", "parent_sta": "mtc:embarcadero-bart", "stop_timez": null, "wheelchair": null, "level_id": null }, "geometry": { "type": "Point", "coordinates": [ -122.397889998999972, 37.792209999000079 ] } },
{ "type": "Feature", "properties": { "stop_id_12": "16992", "stop_name_": "Embarcadero", "stop_code": null, "stop_desc": "Pedestrian access point", "stop_lat": 0.0, "stop_lon": 0.0, "zone_id": null, "stop_url": null, "tts_stop_n": null, "platform_c": null, "location_t": "0", "parent_sta": "mtc:embarcadero-bart", "stop_timez": null, "wheelchair": null, "level_id": null }, "geometry": { "type": "Point", "coordinates": [ -122.39773, 37.79205 ] } },
{ "type": "Feature", "properties": { "stop_id_12": "15731", "stop_name_": "Montgomery", "stop_code": null, "stop_desc": "Pedestrian access point", "stop_lat": 0.0, "stop_lon": 0.0, "zone_id": null, "stop_url": null, "tts_stop_n": null, "platform_c": null, "location_t": "0", "parent_sta": "mtc:montgomery-bart", "stop_timez": null, "wheelchair": null, "level_id": null }, "geometry": { "type": "Point", "coordinates": [ -122.40052, 37.78982 ] } },
{ "type": "Feature", "properties": { "stop_id_12": "15731", "stop_name_": "Montgomery", "stop_code": null, "stop_desc": "Pedestrian access point", "stop_lat": 0.0, "stop_lon": 0.0, "zone_id": null, "stop_url": null, "tts_stop_n": null, "platform_c": null, "location_t": "0", "parent_sta": "mtc:montgomery-bart", "stop_timez": null, "wheelchair": null, "level_id": null }, "geometry": { "type": "Point", "coordinates": [ -122.40075, 37.78997 ] } },
{ "type": "Feature", "properties": { "stop_id_12": "15731", "stop_name_": "Montgomery", "stop_code": null, "stop_desc": "Pedestrian access point", "stop_lat": 0.0, "stop_lon": 0.0, "zone_id": null, "stop_url": null, "tts_stop_n": null, "platform_c": null, "location_t": "0", "parent_sta": "mtc:montgomery-bart", "stop_timez": null, "wheelchair": null, "level_id": null }, "geometry": { "type": "Point", "coordinates": [ -122.4007, 37.79051000100003 ] } },
{ "type": "Feature", "properties": { "stop_id_12": "15731", "stop_name_": "Montgomery", "stop_code": null, "stop_desc": "Pedestrian access point", "stop_lat": 0.0, "stop_lon": 0.0, "zone_id": null, "stop_url": null, "tts_stop_n": null, "platform_c": null, "location_t": "0", "parent_sta": "mtc:montgomery-bart", "stop_timez": null, "wheelchair": null, "level_id": null }, "geometry": { "type": "Point", "coordinates": [ -122.401049998999952, 37.78941 ] } },
{ "type": "Feature", "properties": { "stop_id_12": "15731", "stop_name_": "Montgomery", "stop_code": null, "stop_desc": "Pedestrian access point", "stop_lat": 0.0, "stop_lon": 0.0, "zone_id": null, "stop_url": null, "tts_stop_n": null, "platform_c": null, "location_t": "0", "parent_sta": "mtc:montgomery-bart", "stop_timez": null, "wheelchair": null, "level_id": null }, "geometry": { "type": "Point", "coordinates": [ -122.402219998999954, 37.78851 ] } },
{ "type": "Feature", "properties": { "stop_id_12": "15731", "stop_name_": "Montgomery", "stop_code": null, "stop_desc": "Pedestrian access point", "stop_lat": 0.0, "stop_lon": 0.0, "zone_id": null, "stop_url": null, "tts_stop_n": null, "platform_c": null, "location_t": "0", "parent_sta": "mtc:montgomery-bart", "stop_timez": null, "wheelchair": null, "level_id": null }, "geometry": { "type": "Point", "coordinates": [ -122.40219, 37.78892 ] } },
{ "type": "Feature", "properties": { "stop_id_12": "15417", "stop_name_": "Powell", "stop_code": null, "stop_desc": "Pedestrian access point", "stop_lat": 0.0, "stop_lon": 0.0, "zone_id": null, "stop_url": null, "tts_stop_n": null, "platform_c": null, "location_t": "0", "parent_sta": "mtc:powell", "stop_timez": null, "wheelchair": null, "level_id": null }, "geometry": { "type": "Point", "coordinates": [ -122.40541000099995, 37.78598 ] } },
{ "type": "Feature", "properties": { "stop_id_12": "15417", "stop_name_": "Powell", "stop_code": null, "stop_desc": "Pedestrian access point", "stop_lat": 0.0, "stop_lon": 0.0, "zone_id": null, "stop_url": null, "tts_stop_n": null, "platform_c": null, "location_t": "0", "parent_sta": "mtc:powell", "stop_timez": null, "wheelchair": null, "level_id": null }, "geometry": { "type": "Point", "coordinates": [ -122.40556, 37.78615 ] } },
{ "type": "Feature", "properties": { "stop_id_12": "15417", "stop_name_": "Powell", "stop_code": null, "stop_desc": "Pedestrian access point", "stop_lat": 0.0, "stop_lon": 0.0, "zone_id": null, "stop_url": null, "tts_stop_n": null, "platform_c": null, "location_t": "0", "parent_sta": "mtc:powell", "stop_timez": null, "wheelchair": null, "level_id": null }, "geometry": { "type": "Point", "coordinates": [ -122.40645, 37.78546 ] } },
{ "type": "Feature", "properties": { "stop_id_12": "15417", "stop_name_": "Powell", "stop_code": null, "stop_desc": "Pedestrian access point", "stop_lat": 0.0, "stop_lon": 0.0, "zone_id": null, "stop_url": null, "tts_stop_n": null, "platform_c": null, "location_t": "0", "parent_sta": "mtc:powell", "stop_timez": null, "wheelchair": null, "level_id": null }, "geometry": { "type": "Point", "coordinates": [ -122.40628, 37.78528 ] } },
{ "type": "Feature", "properties": { "stop_id_12": "15417", "stop_name_": "Powell", "stop_code": null, "stop_desc": "Pedestrian access point", "stop_lat": 0.0, "stop_lon": 0.0, "zone_id": null, "stop_url": null, "tts_stop_n": null, "platform_c": null, "location_t": "0", "parent_sta": "mtc:powell", "stop_timez": null, "wheelchair": null, "level_id": null }, "geometry": { "type": "Point", "coordinates": [ -122.40778, 37.784580001000052 ] } },
{ "type": "Feature", "properties": { "stop_id_12": "15417", "stop_name_": "Powell", "stop_code": null, "stop_desc": "Pedestrian access point", "stop_lat": 0.0, "stop_lon": 0.0, "zone_id": null, "stop_url": null, "tts_stop_n": null, "platform_c": null, "location_t": "0", "parent_sta": "mtc:powell", "stop_timez": null, "wheelchair": null, "level_id": null }, "geometry": { "type": "Point", "coordinates": [ -122.40741, 37.7844 ] } },
{ "type": "Feature", "properties": { "stop_id_12": "15417", "stop_name_": "Powell", "stop_code": null, "stop_desc": "Pedestrian access point", "stop_lat": 0.0, "stop_lon": 0.0, "zone_id": null, "stop_url": null, "tts_stop_n": null, "platform_c": null, "location_t": "0", "parent_sta": "mtc:powell", "stop_timez": null, "wheelchair": null, "level_id": null }, "geometry": { "type": "Point", "coordinates": [ -122.40829, 37.78371 ] } },
{ "type": "Feature", "properties": { "stop_id_12": "15727", "stop_name_": "Civic Center", "stop_code": null, "stop_desc": "Pedestrian access point", "stop_lat": 0.0, "stop_lon": 0.0, "zone_id": null, "stop_url": null, "tts_stop_n": null, "platform_c": null, "location_t": "0", "parent_sta": "mtc:civic-center-bart", "stop_timez": null, "wheelchair": null, "level_id": null }, "geometry": { "type": "Point", "coordinates": [ -122.41266, 37.78025 ] } },
{ "type": "Feature", "properties": { "stop_id_12": "15727", "stop_name_": "Civic Center", "stop_code": null, "stop_desc": "Pedestrian access point", "stop_lat": 0.0, "stop_lon": 0.0, "zone_id": null, "stop_url": null, "tts_stop_n": null, "platform_c": null, "location_t": "0", "parent_sta": "mtc:civic-center-bart", "stop_timez": null, "wheelchair": null, "level_id": null }, "geometry": { "type": "Point", "coordinates": [ -122.412900000999969, 37.78036 ] } },
{ "type": "Feature", "properties": { "stop_id_12": "15727", "stop_name_": "Civic Center", "stop_code": null, "stop_desc": "Pedestrian access point", "stop_lat": 0.0, "stop_lon": 0.0, "zone_id": null, "stop_url": null, "tts_stop_n": null, "platform_c": null, "location_t": "0", "parent_sta": "mtc:civic-center-bart", "stop_timez": null, "wheelchair": null, "level_id": null }, "geometry": { "type": "Point", "coordinates": [ -122.413700001, 37.779709999000033 ] } },
{ "type": "Feature", "properties": { "stop_id_12": "15727", "stop_name_": "Civic Center", "stop_code": null, "stop_desc": "Pedestrian access point", "stop_lat": 0.0, "stop_lon": 0.0, "zone_id": null, "stop_url": null, "tts_stop_n": null, "platform_c": null, "location_t": "0", "parent_sta": "mtc:civic-center-bart", "stop_timez": null, "wheelchair": null, "level_id": null }, "geometry": { "type": "Point", "coordinates": [ -122.41356, 37.779530001000069 ] } },
{ "type": "Feature", "properties": { "stop_id_12": "15727", "stop_name_": "Civic Center", "stop_code": null, "stop_desc": "Pedestrian access point", "stop_lat": 0.0, "stop_lon": 0.0, "zone_id": null, "stop_url": null, "tts_stop_n": null, "platform_c": null, "location_t": "0", "parent_sta": "mtc:civic-center-bart", "stop_timez": null, "wheelchair": null, "level_id": null }, "geometry": { "type": "Point", "coordinates": [ -122.41425, 37.77976 ] } },
{ "type": "Feature", "properties": { "stop_id_12": "15727", "stop_name_": "Civic Center", "stop_code": null, "stop_desc": "Pedestrian access point", "stop_lat": 0.0, "stop_lon": 0.0, "zone_id": null, "stop_url": null, "tts_stop_n": null, "platform_c": null, "location_t": "0", "parent_sta": "mtc:civic-center-bart", "stop_timez": null, "wheelchair": null, "level_id": null }, "geometry": { "type": "Point", "coordinates": [ -122.414500000999965, 37.7788 ] } },
{ "type": "Feature", "properties": { "stop_id_12": "15727", "stop_name_": "Civic Center", "stop_code": null, "stop_desc": "Pedestrian access point", "stop_lat": 0.0, "stop_lon": 0.0, "zone_id": null, "stop_url": null, "tts_stop_n": null, "platform_c": null, "location_t": "0", "parent_sta": "mtc:civic-center-bart", "stop_timez": null, "wheelchair": null, "level_id": null }, "geometry": { "type": "Point", "coordinates": [ -122.41468, 37.77896 ] } },
{ "type": "Feature", "properties": { "stop_id_12": "15419", "stop_name_": "Van Ness", "stop_code": null, "stop_desc": "Pedestrian access point", "stop_lat": 0.0, "stop_lon": 0.0, "zone_id": null, "stop_url": null, "tts_stop_n": null, "platform_c": null, "location_t": "0", "parent_sta": "15419", "stop_timez": null, "wheelchair": null, "level_id": null }, "geometry": { "type": "Point", "coordinates": [ -122.419556732999979, 37.774769157000037 ] } },
{ "type": "Feature", "properties": { "stop_id_12": "15662", "stop_name_": "Church St", "stop_code": null, "stop_desc": "Pedestrian access point", "stop_lat": 0.0, "stop_lon": 0.0, "zone_id": null, "stop_url": null, "tts_stop_n": null, "platform_c": null, "location_t": "0", "parent_sta": "15662", "stop_timez": null, "wheelchair": null, "level_id": null }, "geometry": { "type": "Point", "coordinates": [ -122.429246412999987, 37.767110806000062 ] } },
{ "type": "Feature", "properties": { "stop_id_12": "16738", "stop_name_": "West Portal Station", "stop_code": null, "stop_desc": "Pedestrian access point", "stop_lat": 0.0, "stop_lon": 0.0, "zone_id": null, "stop_url": null, "tts_stop_n": null, "platform_c": null, "location_t": "0", "parent_sta": "16738", "stop_timez": null, "wheelchair": null, "level_id": null }, "geometry": { "type": "Point", "coordinates": [ -122.465590288999977, 37.74090768700006 ] } },
{ "type": "Feature", "properties": { "stop_id_12": "17164", "stop_name_": "San Jose Ave & Geneva Ave", "stop_code": null, "stop_desc": "Pedestrian access point", "stop_lat": 0.0, "stop_lon": 0.0, "zone_id": null, "stop_url": null, "tts_stop_n": null, "platform_c": null, "location_t": "0", "parent_sta": "17164", "stop_timez": null, "wheelchair": null, "level_id": null }, "geometry": { "type": "Point", "coordinates": [ -122.447016549999944, 37.72121912800003 ] } },
{ "type": "Feature", "properties": { "stop_id_12": "15239", "stop_name_": "King St & 4th St", "stop_code": null, "stop_desc": "Pedestrian access point", "stop_lat": 0.0, "stop_lon": 0.0, "zone_id": null, "stop_url": null, "tts_stop_n": null, "platform_c": null, "location_t": "0", "parent_sta": "15239", "stop_timez": null, "wheelchair": null, "level_id": null }, "geometry": { "type": "Point", "coordinates": [ -122.393852820999939, 37.776182575000064 ] } },
{ "type": "Feature", "properties": { "stop_id_12": "15234", "stop_name_": "King St & 2nd St", "stop_code": null, "stop_desc": "Pedestrian access point", "stop_lat": 0.0, "stop_lon": 0.0, "zone_id": null, "stop_url": null, "tts_stop_n": null, "platform_c": null, "location_t": "0", "parent_sta": "15234", "stop_timez": null, "wheelchair": null, "level_id": null }, "geometry": { "type": "Point", "coordinates": [ -122.390768179999952, 37.778922664000049 ] } },
{ "type": "Feature", "properties": { "stop_id_12": "14506", "stop_name_": "The Embarcadero & Brannan St", "stop_code": null, "stop_desc": "Pedestrian access point", "stop_lat": 0.0, "stop_lon": 0.0, "zone_id": null, "stop_url": null, "tts_stop_n": null, "platform_c": null, "location_t": "0", "parent_sta": "14506", "stop_timez": null, "wheelchair": null, "level_id": null }, "geometry": { "type": "Point", "coordinates": [ -122.388059885999951, 37.784620310000037 ] } },
{ "type": "Feature", "properties": { "stop_id_12": "14506", "stop_name_": "The Embarcadero & Brannan St", "stop_code": null, "stop_desc": "Pedestrian access point", "stop_lat": 0.0, "stop_lon": 0.0, "zone_id": null, "stop_url": null, "tts_stop_n": null, "platform_c": null, "location_t": "0", "parent_sta": "14506", "stop_timez": null, "wheelchair": null, "level_id": null }, "geometry": { "type": "Point", "coordinates": [ -122.388153822, 37.783420826000054 ] } },
{ "type": "Feature", "properties": { "stop_id_12": "14506", "stop_name_": "The Embarcadero & Brannan St", "stop_code": null, "stop_desc": "Pedestrian access point", "stop_lat": 0.0, "stop_lon": 0.0, "zone_id": null, "stop_url": null, "tts_stop_n": null, "platform_c": null, "location_t": "0", "parent_sta": "14506", "stop_timez": null, "wheelchair": null, "level_id": null }, "geometry": { "type": "Point", "coordinates": [ -122.388243044999967, 37.783371725000052 ] } },
{ "type": "Feature", "properties": { "stop_id_12": "14509", "stop_name_": "The Embarcadero & Folsom St", "stop_code": null, "stop_desc": "Pedestrian access point", "stop_lat": 0.0, "stop_lon": 0.0, "zone_id": null, "stop_url": null, "tts_stop_n": null, "platform_c": null, "location_t": "0", "parent_sta": "14509", "stop_timez": null, "wheelchair": null, "level_id": null }, "geometry": { "type": "Point", "coordinates": [ -122.388540885999987, 37.78972434700006 ] } },
{ "type": "Feature", "properties": { "stop_id_12": "14509", "stop_name_": "The Embarcadero & Folsom St", "stop_code": null, "stop_desc": "Pedestrian access point", "stop_lat": 0.0, "stop_lon": 0.0, "zone_id": null, "stop_url": null, "tts_stop_n": null, "platform_c": null, "location_t": "0", "parent_sta": "14509", "stop_timez": null, "wheelchair": null, "level_id": null }, "geometry": { "type": "Point", "coordinates": [ -122.388608592999958, 37.789674563000062 ] } },
{ "type": "Feature", "properties": { "stop_id_12": "14509", "stop_name_": "The Embarcadero & Folsom St", "stop_code": null, "stop_desc": "Pedestrian access point", "stop_lat": 0.0, "stop_lon": 0.0, "zone_id": null, "stop_url": null, "tts_stop_n": null, "platform_c": null, "location_t": "0", "parent_sta": "14509", "stop_timez": null, "wheelchair": null, "level_id": null }, "geometry": { "type": "Point", "coordinates": [ -122.388658024, 37.78963157700008 ] } },
{ "type": "Feature", "properties": { "stop_id_12": "14513", "stop_name_": "The Embarcadero & Ferry Building", "stop_code": null, "stop_desc": "Pedestrian access point", "stop_lat": 0.0, "stop_lon": 0.0, "zone_id": null, "stop_url": null, "tts_stop_n": null, "platform_c": null, "location_t": "0", "parent_sta": "14513", "stop_timez": null, "wheelchair": null, "level_id": null }, "geometry": { "type": "Point", "coordinates": [ -122.394091050999975, 37.795338934000029 ] } },
{ "type": "Feature", "properties": { "stop_id_12": "15419", "stop_name_": "Market & Van Ness", "stop_code": null, "stop_desc": "Pedestrian access point", "stop_lat": 0.0, "stop_lon": 0.0, "zone_id": null, "stop_url": null, "tts_stop_n": null, "platform_c": null, "location_t": "0", "parent_sta": "15419", "stop_timez": null, "wheelchair": null, "level_id": null }, "geometry": { "type": "Point", "coordinates": [ -122.418812036999952, 37.775583189000031 ] } },
{ "type": "Feature", "properties": { "stop_id_12": "mtc:executive-park1", "stop_name_": "mtc:executive-park", "stop_code": null, "stop_desc": "pedestrian access point", "stop_lat": 0.0, "stop_lon": 0.0, "zone_id": null, "stop_url": null, "tts_stop_n": null, "platform_c": null, "location_t": "0", "parent_sta": "new brt station_pedestrian access point", "stop_timez": null, "wheelchair": null, "level_id": null }, "geometry": { "type": "Point", "coordinates": [ -122.394879494999941, 37.710613453000065 ] } },
{ "type": "Feature", "properties": { "stop_id_12": "mtc:harney-jamestown1", "stop_name_": "mtc:harney-jamestown", "stop_code": null, "stop_desc": "pedestrian access point", "stop_lat": 0.0, "stop_lon": 0.0, "zone_id": null, "stop_url": null, "tts_stop_n": null, "platform_c": null, "location_t": "0", "parent_sta": "new brt station_pedestrian access point", "stop_timez": null, "wheelchair": null, "level_id": null }, "geometry": { "type": "Point", "coordinates": [ -122.386549518999971, 37.710836510000036 ] } },
{ "type": "Feature", "properties": { "stop_id_12": "mtc:spear-blandy", "stop_name_": "mtc:spear-blandy", "stop_code": null, "stop_desc": "pedestrian access point", "stop_lat": 0.0, "stop_lon": 0.0, "zone_id": null, "stop_url": null, "tts_stop_n": null, "platform_c": null, "location_t": "0", "parent_sta": "new brt station_pedestrian access point", "stop_timez": null, "wheelchair": null, "level_id": null }, "geometry": { "type": "Point", "coordinates": [ -122.364291265999952, 37.726205967000055 ] } },
{ "type": "Feature", "properties": { "stop_id_12": "mtc:arelious-walker-fitzgerald1", "stop_name_": "mtc:arelious-walker-fitzgerald", "stop_code": null, "stop_desc": "pedestrian access point", "stop_lat": 0.0, "stop_lon": 0.0, "zone_id": null, "stop_url": null, "tts_stop_n": null, "platform_c": null, "location_t": "0", "parent_sta": "new brt station_pedestrian access point", "stop_timez": null, "wheelchair": null, "level_id": null }, "geometry": { "type": "Point", "coordinates": [ -122.385619379, 37.717545930000028 ] } }
]
}
